2025-05-06 20:20:36,341 - INFO - Available CPUs: [0, 1, 2, 3, 4, 5, 6, 7, 8, 9, 10, 11, 12, 13, 14, 15, 16, 17, 18, 19, 20, 21, 22, 23, 24, 25, 26, 27, 28, 29, 30, 31, 32, 33, 34, 35, 36, 37, 38, 39, 40, 41, 42, 43, 44, 45, 46, 47, 48, 49, 50, 51, 52, 53, 54, 55]
2025-05-06 20:20:36,342 - INFO - Waiting for file with parameters: /s/ls4/users/selibrin/spiking_researches/correlation_encoding_and_training/mnist/hpo/shifted_nn_restr_stdp_synapse/hpo_data/hpo_iteration_data/4335607/params_1_8.pkl
2025-05-06 20:22:01,434 - INFO - Preparing datasets ...
2025-05-06 20:22:01,434 - INFO - `max_samples` = 0.2
2025-05-06 20:22:05,496 - INFO - Model initialization ...
2025-05-06 20:22:05,500 - INFO - Model fitting ...
2025-05-06 20:25:32,874 - INFO - Model eval ...
2025-05-06 20:28:27,262 - INFO - Available CPUs: [0, 1, 2, 3, 4, 5, 6, 7, 8, 9, 10, 11, 12, 13, 14, 15, 16, 17, 18, 19, 20, 21, 22, 23, 24, 25, 26, 27, 28, 29, 30, 31, 32, 33, 34, 35, 36, 37, 38, 39, 40, 41, 42, 43, 44, 45, 46, 47, 48, 49, 50, 51, 52, 53, 54, 55]
2025-05-06 20:28:27,263 - INFO - Waiting for file with parameters: /s/ls4/users/selibrin/spiking_researches/correlation_encoding_and_training/mnist/hpo/shifted_nn_restr_stdp_synapse/hpo_data/hpo_iteration_data/4335607/params_1_8.pkl
2025-05-06 20:30:07,369 - INFO - Preparing datasets ...
2025-05-06 20:30:07,369 - INFO - `max_samples` = 0.2
2025-05-06 20:30:11,140 - INFO - Model initialization ...
2025-05-06 20:30:11,143 - INFO - Model fitting ...
2025-05-06 20:34:05,197 - INFO - Model eval ...
2025-05-06 20:36:42,057 - INFO - Available CPUs: [0, 1, 2, 3, 4, 5, 6, 7, 8, 9, 10, 11, 12, 13, 14, 15, 16, 17, 18, 19, 20, 21, 22, 23, 24, 25, 26, 27, 28, 29, 30, 31, 32, 33, 34, 35, 36, 37, 38, 39, 40, 41, 42, 43, 44, 45, 46, 47, 48, 49, 50, 51, 52, 53, 54, 55]
2025-05-06 20:36:42,057 - INFO - Waiting for file with parameters: /s/ls4/users/selibrin/spiking_researches/correlation_encoding_and_training/mnist/hpo/shifted_nn_restr_stdp_synapse/hpo_data/hpo_iteration_data/4335607/params_1_8.pkl
2025-05-06 20:38:12,156 - INFO - Preparing datasets ...
2025-05-06 20:38:12,156 - INFO - `max_samples` = 0.2
2025-05-06 20:38:16,535 - INFO - Model initialization ...
2025-05-06 20:38:16,537 - INFO - Model fitting ...
2025-05-06 20:41:47,649 - INFO - Model eval ...
2025-05-06 20:44:23,195 - INFO - Available CPUs: [0, 1, 2, 3, 4, 5, 6, 7, 8, 9, 10, 11, 12, 13, 14, 15, 16, 17, 18, 19, 20, 21, 22, 23, 24, 25, 26, 27, 28, 29, 30, 31, 32, 33, 34, 35, 36, 37, 38, 39, 40, 41, 42, 43, 44, 45, 46, 47, 48, 49, 50, 51, 52, 53, 54, 55]
2025-05-06 20:44:23,195 - INFO - Waiting for file with parameters: /s/ls4/users/selibrin/spiking_researches/correlation_encoding_and_training/mnist/hpo/shifted_nn_restr_stdp_synapse/hpo_data/hpo_iteration_data/4335607/params_1_8.pkl
2025-05-06 20:46:13,315 - INFO - Preparing datasets ...
2025-05-06 20:46:13,315 - INFO - `max_samples` = 0.2
2025-05-06 20:46:16,894 - INFO - Model initialization ...
2025-05-06 20:46:16,896 - INFO - Model fitting ...
2025-05-06 20:49:55,656 - INFO - Model eval ...
2025-05-06 20:52:59,269 - INFO - Available CPUs: [0, 1, 2, 3, 4, 5, 6, 7, 8, 9, 10, 11, 12, 13, 14, 15, 16, 17, 18, 19, 20, 21, 22, 23, 24, 25, 26, 27, 28, 29, 30, 31, 32, 33, 34, 35, 36, 37, 38, 39, 40, 41, 42, 43, 44, 45, 46, 47, 48, 49, 50, 51, 52, 53, 54, 55]
2025-05-06 20:52:59,269 - INFO - Waiting for file with parameters: /s/ls4/users/selibrin/spiking_researches/correlation_encoding_and_training/mnist/hpo/shifted_nn_restr_stdp_synapse/hpo_data/hpo_iteration_data/4335607/params_1_8.pkl
2025-05-06 20:54:49,390 - INFO - Preparing datasets ...
2025-05-06 20:54:49,391 - INFO - `max_samples` = 0.2
2025-05-06 20:54:54,885 - INFO - Model initialization ...
2025-05-06 20:54:54,888 - INFO - Model fitting ...
2025-05-06 20:58:05,890 - INFO - Model eval ...
2025-05-06 21:01:17,994 - INFO - Available CPUs: [0, 1, 2, 3, 4, 5, 6, 7, 8, 9, 10, 11, 12, 13, 14, 15, 16, 17, 18, 19, 20, 21, 22, 23, 24, 25, 26, 27, 28, 29, 30, 31, 32, 33, 34, 35, 36, 37, 38, 39, 40, 41, 42, 43, 44, 45, 46, 47, 48, 49, 50, 51, 52, 53, 54, 55]
2025-05-06 21:01:17,995 - INFO - Waiting for file with parameters: /s/ls4/users/selibrin/spiking_researches/correlation_encoding_and_training/mnist/hpo/shifted_nn_restr_stdp_synapse/hpo_data/hpo_iteration_data/4335607/params_1_8.pkl
2025-05-06 21:03:23,121 - INFO - Preparing datasets ...
2025-05-06 21:03:23,122 - INFO - `max_samples` = 0.2
2025-05-06 21:03:28,594 - INFO - Model initialization ...
2025-05-06 21:03:28,598 - INFO - Model fitting ...
2025-05-06 21:07:09,828 - INFO - Model eval ...
2025-05-06 21:09:51,369 - INFO - Available CPUs: [0, 1, 2, 3, 4, 5, 6, 7, 8, 9, 10, 11, 12, 13, 14, 15, 16, 17, 18, 19, 20, 21, 22, 23, 24, 25, 26, 27, 28, 29, 30, 31, 32, 33, 34, 35, 36, 37, 38, 39, 40, 41, 42, 43, 44, 45, 46, 47, 48, 49, 50, 51, 52, 53, 54, 55]
2025-05-06 21:09:51,369 - INFO - Waiting for file with parameters: /s/ls4/users/selibrin/spiking_researches/correlation_encoding_and_training/mnist/hpo/shifted_nn_restr_stdp_synapse/hpo_data/hpo_iteration_data/4335607/params_1_8.pkl
2025-05-06 21:11:26,476 - INFO - Preparing datasets ...
2025-05-06 21:11:26,476 - INFO - `max_samples` = 0.2
2025-05-06 21:11:32,337 - INFO - Model initialization ...
2025-05-06 21:11:32,341 - INFO - Model fitting ...
2025-05-06 21:15:56,330 - INFO - Model eval ...
2025-05-06 21:19:21,372 - INFO - Available CPUs: [0, 1, 2, 3, 4, 5, 6, 7, 8, 9, 10, 11, 12, 13, 14, 15, 16, 17, 18, 19, 20, 21, 22, 23, 24, 25, 26, 27, 28, 29, 30, 31, 32, 33, 34, 35, 36, 37, 38, 39, 40, 41, 42, 43, 44, 45, 46, 47, 48, 49, 50, 51, 52, 53, 54, 55]
2025-05-06 21:19:21,372 - INFO - Waiting for file with parameters: /s/ls4/users/selibrin/spiking_researches/correlation_encoding_and_training/mnist/hpo/shifted_nn_restr_stdp_synapse/hpo_data/hpo_iteration_data/4335607/params_1_8.pkl
2025-05-06 21:20:01,416 - INFO - Preparing datasets ...
2025-05-06 21:20:01,417 - INFO - `max_samples` = 0.2
2025-05-06 21:20:06,626 - INFO - Model initialization ...
2025-05-06 21:20:06,628 - INFO - Model fitting ...
2025-05-06 21:24:04,049 - INFO - Model eval ...
2025-05-06 21:27:55,050 - INFO - Available CPUs: [0, 1, 2, 3, 4, 5, 6, 7, 8, 9, 10, 11, 12, 13, 14, 15, 16, 17, 18, 19, 20, 21, 22, 23, 24, 25, 26, 27, 28, 29, 30, 31, 32, 33, 34, 35, 36, 37, 38, 39, 40, 41, 42, 43, 44, 45, 46, 47, 48, 49, 50, 51, 52, 53, 54, 55]
2025-05-06 21:27:55,050 - INFO - Waiting for file with parameters: /s/ls4/users/selibrin/spiking_researches/correlation_encoding_and_training/mnist/hpo/shifted_nn_restr_stdp_synapse/hpo_data/hpo_iteration_data/4335607/params_1_8.pkl
2025-05-06 21:28:35,091 - INFO - Preparing datasets ...
2025-05-06 21:28:35,091 - INFO - `max_samples` = 0.2
2025-05-06 21:28:40,910 - INFO - Model initialization ...
2025-05-06 21:28:40,914 - INFO - Model fitting ...
2025-05-06 21:33:08,395 - INFO - Model eval ...
2025-05-06 21:36:45,130 - INFO - Available CPUs: [0, 1, 2, 3, 4, 5, 6, 7, 8, 9, 10, 11, 12, 13, 14, 15, 16, 17, 18, 19, 20, 21, 22, 23, 24, 25, 26, 27, 28, 29, 30, 31, 32, 33, 34, 35, 36, 37, 38, 39, 40, 41, 42, 43, 44, 45, 46, 47, 48, 49, 50, 51, 52, 53, 54, 55]
2025-05-06 21:36:45,130 - INFO - Waiting for file with parameters: /s/ls4/users/selibrin/spiking_researches/correlation_encoding_and_training/mnist/hpo/shifted_nn_restr_stdp_synapse/hpo_data/hpo_iteration_data/4335607/params_1_8.pkl
2025-05-06 21:37:35,210 - INFO - Preparing datasets ...
2025-05-06 21:37:35,210 - INFO - `max_samples` = 0.2
2025-05-06 21:37:40,490 - INFO - Model initialization ...
2025-05-06 21:37:40,493 - INFO - Model fitting ...
2025-05-06 21:41:57,284 - INFO - Model eval ...
2025-05-06 21:45:40,526 - INFO - Available CPUs: [0, 1, 2, 3, 4, 5, 6, 7, 8, 9, 10, 11, 12, 13, 14, 15, 16, 17, 18, 19, 20, 21, 22, 23, 24, 25, 26, 27, 28, 29, 30, 31, 32, 33, 34, 35, 36, 37, 38, 39, 40, 41, 42, 43, 44, 45, 46, 47, 48, 49, 50, 51, 52, 53, 54, 55]
2025-05-06 21:45:40,526 - INFO - Waiting for file with parameters: /s/ls4/users/selibrin/spiking_researches/correlation_encoding_and_training/mnist/hpo/shifted_nn_restr_stdp_synapse/hpo_data/hpo_iteration_data/4335607/params_1_8.pkl
2025-05-06 21:46:10,558 - INFO - Preparing datasets ...
2025-05-06 21:46:10,559 - INFO - `max_samples` = 0.2
2025-05-06 21:46:16,077 - INFO - Model initialization ...
2025-05-06 21:46:16,080 - INFO - Model fitting ...
2025-05-06 21:50:30,965 - INFO - Model eval ...
2025-05-06 21:54:27,045 - INFO - Available CPUs: [0, 1, 2, 3, 4, 5, 6, 7, 8, 9, 10, 11, 12, 13, 14, 15, 16, 17, 18, 19, 20, 21, 22, 23, 24, 25, 26, 27, 28, 29, 30, 31, 32, 33, 34, 35, 36, 37, 38, 39, 40, 41, 42, 43, 44, 45, 46, 47, 48, 49, 50, 51, 52, 53, 54, 55]
2025-05-06 21:54:27,045 - INFO - Waiting for file with parameters: /s/ls4/users/selibrin/spiking_researches/correlation_encoding_and_training/mnist/hpo/shifted_nn_restr_stdp_synapse/hpo_data/hpo_iteration_data/4335607/params_1_8.pkl
2025-05-06 21:54:47,071 - INFO - Preparing datasets ...
2025-05-06 21:54:47,071 - INFO - `max_samples` = 0.2
2025-05-06 21:54:52,604 - INFO - Model initialization ...
2025-05-06 21:54:52,608 - INFO - Model fitting ...
2025-05-06 21:59:03,178 - INFO - Model eval ...
2025-05-06 22:02:44,423 - INFO - Available CPUs: [0, 1, 2, 3, 4, 5, 6, 7, 8, 9, 10, 11, 12, 13, 14, 15, 16, 17, 18, 19, 20, 21, 22, 23, 24, 25, 26, 27, 28, 29, 30, 31, 32, 33, 34, 35, 36, 37, 38, 39, 40, 41, 42, 43, 44, 45, 46, 47, 48, 49, 50, 51, 52, 53, 54, 55]
2025-05-06 22:02:44,423 - INFO - Waiting for file with parameters: /s/ls4/users/selibrin/spiking_researches/correlation_encoding_and_training/mnist/hpo/shifted_nn_restr_stdp_synapse/hpo_data/hpo_iteration_data/4335607/params_1_8.pkl
2025-05-06 22:03:19,473 - INFO - Preparing datasets ...
2025-05-06 22:03:19,473 - INFO - `max_samples` = 0.2
2025-05-06 22:03:25,190 - INFO - Model initialization ...
2025-05-06 22:03:25,193 - INFO - Model fitting ...
2025-05-06 22:07:55,468 - INFO - Model eval ...
2025-05-06 22:11:28,193 - INFO - Available CPUs: [0, 1, 2, 3, 4, 5, 6, 7, 8, 9, 10, 11, 12, 13, 14, 15, 16, 17, 18, 19, 20, 21, 22, 23, 24, 25, 26, 27, 28, 29, 30, 31, 32, 33, 34, 35, 36, 37, 38, 39, 40, 41, 42, 43, 44, 45, 46, 47, 48, 49, 50, 51, 52, 53, 54, 55]
2025-05-06 22:11:28,193 - INFO - Waiting for file with parameters: /s/ls4/users/selibrin/spiking_researches/correlation_encoding_and_training/mnist/hpo/shifted_nn_restr_stdp_synapse/hpo_data/hpo_iteration_data/4335607/params_1_8.pkl
2025-05-06 22:12:23,253 - INFO - Preparing datasets ...
2025-05-06 22:12:23,253 - INFO - `max_samples` = 0.2
2025-05-06 22:12:28,799 - INFO - Model initialization ...
2025-05-06 22:12:28,803 - INFO - Model fitting ...
2025-05-06 22:17:06,342 - INFO - Model eval ...
2025-05-06 22:20:49,580 - INFO - Available CPUs: [0, 1, 2, 3, 4, 5, 6, 7, 8, 9, 10, 11, 12, 13, 14, 15, 16, 17, 18, 19, 20, 21, 22, 23, 24, 25, 26, 27, 28, 29, 30, 31, 32, 33, 34, 35, 36, 37, 38, 39, 40, 41, 42, 43, 44, 45, 46, 47, 48, 49, 50, 51, 52, 53, 54, 55]
2025-05-06 22:20:49,580 - INFO - Waiting for file with parameters: /s/ls4/users/selibrin/spiking_researches/correlation_encoding_and_training/mnist/hpo/shifted_nn_restr_stdp_synapse/hpo_data/hpo_iteration_data/4335607/params_1_8.pkl
2025-05-06 22:21:24,621 - INFO - Preparing datasets ...
2025-05-06 22:21:24,621 - INFO - `max_samples` = 0.2
2025-05-06 22:21:30,309 - INFO - Model initialization ...
2025-05-06 22:21:30,314 - INFO - Model fitting ...
2025-05-06 22:25:27,444 - INFO - Model eval ...
2025-05-06 22:28:58,999 - INFO - Available CPUs: [0, 1, 2, 3, 4, 5, 6, 7, 8, 9, 10, 11, 12, 13, 14, 15, 16, 17, 18, 19, 20, 21, 22, 23, 24, 25, 26, 27, 28, 29, 30, 31, 32, 33, 34, 35, 36, 37, 38, 39, 40, 41, 42, 43, 44, 45, 46, 47, 48, 49, 50, 51, 52, 53, 54, 55]
2025-05-06 22:28:58,999 - INFO - Waiting for file with parameters: /s/ls4/users/selibrin/spiking_researches/correlation_encoding_and_training/mnist/hpo/shifted_nn_restr_stdp_synapse/hpo_data/hpo_iteration_data/4335607/params_1_8.pkl
2025-05-06 22:29:59,069 - INFO - Preparing datasets ...
2025-05-06 22:29:59,069 - INFO - `max_samples` = 0.2
2025-05-06 22:30:04,767 - INFO - Model initialization ...
2025-05-06 22:30:04,771 - INFO - Model fitting ...
2025-05-06 22:34:25,902 - INFO - Model eval ...
2025-05-06 22:37:58,628 - INFO - Available CPUs: [0, 1, 2, 3, 4, 5, 6, 7, 8, 9, 10, 11, 12, 13, 14, 15, 16, 17, 18, 19, 20, 21, 22, 23, 24, 25, 26, 27, 28, 29, 30, 31, 32, 33, 34, 35, 36, 37, 38, 39, 40, 41, 42, 43, 44, 45, 46, 47, 48, 49, 50, 51, 52, 53, 54, 55]
2025-05-06 22:37:58,629 - INFO - Waiting for file with parameters: /s/ls4/users/selibrin/spiking_researches/correlation_encoding_and_training/mnist/hpo/shifted_nn_restr_stdp_synapse/hpo_data/hpo_iteration_data/4335607/params_1_8.pkl
2025-05-06 22:38:33,669 - INFO - Preparing datasets ...
2025-05-06 22:38:33,669 - INFO - `max_samples` = 0.2
2025-05-06 22:38:39,304 - INFO - Model initialization ...
2025-05-06 22:38:39,308 - INFO - Model fitting ...
2025-05-06 22:42:35,060 - INFO - Model eval ...
2025-05-06 22:45:58,254 - INFO - Available CPUs: [0, 1, 2, 3, 4, 5, 6, 7, 8, 9, 10, 11, 12, 13, 14, 15, 16, 17, 18, 19, 20, 21, 22, 23, 24, 25, 26, 27, 28, 29, 30, 31, 32, 33, 34, 35, 36, 37, 38, 39, 40, 41, 42, 43, 44, 45, 46, 47, 48, 49, 50, 51, 52, 53, 54, 55]
2025-05-06 22:45:58,255 - INFO - Waiting for file with parameters: /s/ls4/users/selibrin/spiking_researches/correlation_encoding_and_training/mnist/hpo/shifted_nn_restr_stdp_synapse/hpo_data/hpo_iteration_data/4335607/params_1_8.pkl
2025-05-06 22:47:08,331 - INFO - Preparing datasets ...
2025-05-06 22:47:08,331 - INFO - `max_samples` = 0.2
2025-05-06 22:47:13,544 - INFO - Model initialization ...
2025-05-06 22:47:13,546 - INFO - Model fitting ...
2025-05-06 22:51:23,852 - INFO - Model eval ...
2025-05-06 22:54:46,858 - INFO - Available CPUs: [0, 1, 2, 3, 4, 5, 6, 7, 8, 9, 10, 11, 12, 13, 14, 15, 16, 17, 18, 19, 20, 21, 22, 23, 24, 25, 26, 27, 28, 29, 30, 31, 32, 33, 34, 35, 36, 37, 38, 39, 40, 41, 42, 43, 44, 45, 46, 47, 48, 49, 50, 51, 52, 53, 54, 55]
2025-05-06 22:54:46,858 - INFO - Waiting for file with parameters: /s/ls4/users/selibrin/spiking_researches/correlation_encoding_and_training/mnist/hpo/shifted_nn_restr_stdp_synapse/hpo_data/hpo_iteration_data/4335607/params_1_8.pkl
2025-05-06 22:55:41,918 - INFO - Preparing datasets ...
2025-05-06 22:55:41,919 - INFO - `max_samples` = 0.2
2025-05-06 22:55:47,436 - INFO - Model initialization ...
2025-05-06 22:55:47,439 - INFO - Model fitting ...
2025-05-06 22:59:54,008 - INFO - Model eval ...
2025-05-06 23:03:35,187 - INFO - Available CPUs: [0, 1, 2, 3, 4, 5, 6, 7, 8, 9, 10, 11, 12, 13, 14, 15, 16, 17, 18, 19, 20, 21, 22, 23, 24, 25, 26, 27, 28, 29, 30, 31, 32, 33, 34, 35, 36, 37, 38, 39, 40, 41, 42, 43, 44, 45, 46, 47, 48, 49, 50, 51, 52, 53, 54, 55]
2025-05-06 23:03:35,187 - INFO - Waiting for file with parameters: /s/ls4/users/selibrin/spiking_researches/correlation_encoding_and_training/mnist/hpo/shifted_nn_restr_stdp_synapse/hpo_data/hpo_iteration_data/4335607/params_1_8.pkl
2025-05-06 23:04:15,235 - INFO - Preparing datasets ...
2025-05-06 23:04:15,235 - INFO - `max_samples` = 0.2
2025-05-06 23:04:20,685 - INFO - Model initialization ...
2025-05-06 23:04:20,690 - INFO - Model fitting ...
2025-05-06 23:08:20,415 - INFO - Model eval ...
2025-05-06 23:12:09,194 - INFO - Available CPUs: [0, 1, 2, 3, 4, 5, 6, 7, 8, 9, 10, 11, 12, 13, 14, 15, 16, 17, 18, 19, 20, 21, 22, 23, 24, 25, 26, 27, 28, 29, 30, 31, 32, 33, 34, 35, 36, 37, 38, 39, 40, 41, 42, 43, 44, 45, 46, 47, 48, 49, 50, 51, 52, 53, 54, 55]
2025-05-06 23:12:09,194 - INFO - Waiting for file with parameters: /s/ls4/users/selibrin/spiking_researches/correlation_encoding_and_training/mnist/hpo/shifted_nn_restr_stdp_synapse/hpo_data/hpo_iteration_data/4335607/params_1_8.pkl
2025-05-06 23:12:49,261 - INFO - Preparing datasets ...
2025-05-06 23:12:49,261 - INFO - `max_samples` = 0.2
2025-05-06 23:12:55,061 - INFO - Model initialization ...
2025-05-06 23:12:56,073 - INFO - Model fitting ...
2025-05-06 23:17:27,520 - INFO - Model eval ...
2025-05-06 23:21:20,426 - INFO - Available CPUs: [0, 1, 2, 3, 4, 5, 6, 7, 8, 9, 10, 11, 12, 13, 14, 15, 16, 17, 18, 19, 20, 21, 22, 23, 24, 25, 26, 27, 28, 29, 30, 31, 32, 33, 34, 35, 36, 37, 38, 39, 40, 41, 42, 43, 44, 45, 46, 47, 48, 49, 50, 51, 52, 53, 54, 55]
2025-05-06 23:21:20,426 - INFO - Waiting for file with parameters: /s/ls4/users/selibrin/spiking_researches/correlation_encoding_and_training/mnist/hpo/shifted_nn_restr_stdp_synapse/hpo_data/hpo_iteration_data/4335607/params_1_8.pkl
2025-05-06 23:21:55,475 - INFO - Preparing datasets ...
2025-05-06 23:21:55,476 - INFO - `max_samples` = 0.2
2025-05-06 23:22:00,321 - INFO - Model initialization ...
2025-05-06 23:22:00,325 - INFO - Model fitting ...
2025-05-06 23:26:35,770 - INFO - Model eval ...
2025-05-06 23:30:04,265 - INFO - Available CPUs: [0, 1, 2, 3, 4, 5, 6, 7, 8, 9, 10, 11, 12, 13, 14, 15, 16, 17, 18, 19, 20, 21, 22, 23, 24, 25, 26, 27, 28, 29, 30, 31, 32, 33, 34, 35, 36, 37, 38, 39, 40, 41, 42, 43, 44, 45, 46, 47, 48, 49, 50, 51, 52, 53, 54, 55]
2025-05-06 23:30:04,265 - INFO - Waiting for file with parameters: /s/ls4/users/selibrin/spiking_researches/correlation_encoding_and_training/mnist/hpo/shifted_nn_restr_stdp_synapse/hpo_data/hpo_iteration_data/4335607/params_1_8.pkl
2025-05-06 23:30:29,296 - INFO - Preparing datasets ...
2025-05-06 23:30:29,296 - INFO - `max_samples` = 0.2
2025-05-06 23:30:34,301 - INFO - Model initialization ...
2025-05-06 23:30:34,303 - INFO - Model fitting ...
2025-05-06 23:34:46,345 - INFO - Model eval ...
2025-05-06 23:38:22,982 - INFO - Available CPUs: [0, 1, 2, 3, 4, 5, 6, 7, 8, 9, 10, 11, 12, 13, 14, 15, 16, 17, 18, 19, 20, 21, 22, 23, 24, 25, 26, 27, 28, 29, 30, 31, 32, 33, 34, 35, 36, 37, 38, 39, 40, 41, 42, 43, 44, 45, 46, 47, 48, 49, 50, 51, 52, 53, 54, 55]
2025-05-06 23:38:22,982 - INFO - Waiting for file with parameters: /s/ls4/users/selibrin/spiking_researches/correlation_encoding_and_training/mnist/hpo/shifted_nn_restr_stdp_synapse/hpo_data/hpo_iteration_data/4335607/params_1_8.pkl
2025-05-06 23:39:03,028 - INFO - Preparing datasets ...
2025-05-06 23:39:03,028 - INFO - `max_samples` = 0.2
2025-05-06 23:39:08,760 - INFO - Model initialization ...
2025-05-06 23:39:08,764 - INFO - Model fitting ...
2025-05-06 23:42:51,333 - INFO - Model eval ...
2025-05-06 23:46:18,092 - INFO - Available CPUs: [0, 1, 2, 3, 4, 5, 6, 7, 8, 9, 10, 11, 12, 13, 14, 15, 16, 17, 18, 19, 20, 21, 22, 23, 24, 25, 26, 27, 28, 29, 30, 31, 32, 33, 34, 35, 36, 37, 38, 39, 40, 41, 42, 43, 44, 45, 46, 47, 48, 49, 50, 51, 52, 53, 54, 55]
2025-05-06 23:46:18,092 - INFO - Waiting for file with parameters: /s/ls4/users/selibrin/spiking_researches/correlation_encoding_and_training/mnist/hpo/shifted_nn_restr_stdp_synapse/hpo_data/hpo_iteration_data/4335607/params_1_8.pkl
2025-05-06 23:47:38,182 - INFO - Preparing datasets ...
2025-05-06 23:47:38,183 - INFO - `max_samples` = 0.2
2025-05-06 23:47:43,912 - INFO - Model initialization ...
2025-05-06 23:47:43,916 - INFO - Model fitting ...
2025-05-06 23:51:49,157 - INFO - Model eval ...
2025-05-06 23:55:25,111 - INFO - Available CPUs: [0, 1, 2, 3, 4, 5, 6, 7, 8, 9, 10, 11, 12, 13, 14, 15, 16, 17, 18, 19, 20, 21, 22, 23, 24, 25, 26, 27, 28, 29, 30, 31, 32, 33, 34, 35, 36, 37, 38, 39, 40, 41, 42, 43, 44, 45, 46, 47, 48, 49, 50, 51, 52, 53, 54, 55]
2025-05-06 23:55:25,112 - INFO - Waiting for file with parameters: /s/ls4/users/selibrin/spiking_researches/correlation_encoding_and_training/mnist/hpo/shifted_nn_restr_stdp_synapse/hpo_data/hpo_iteration_data/4335607/params_1_8.pkl
2025-05-06 23:56:10,176 - INFO - Preparing datasets ...
2025-05-06 23:56:10,176 - INFO - `max_samples` = 0.2
2025-05-06 23:56:15,696 - INFO - Model initialization ...
2025-05-06 23:56:15,699 - INFO - Model fitting ...
2025-05-07 00:00:31,681 - INFO - Model eval ...
2025-05-07 00:04:03,121 - INFO - Available CPUs: [0, 1, 2, 3, 4, 5, 6, 7, 8, 9, 10, 11, 12, 13, 14, 15, 16, 17, 18, 19, 20, 21, 22, 23, 24, 25, 26, 27, 28, 29, 30, 31, 32, 33, 34, 35, 36, 37, 38, 39, 40, 41, 42, 43, 44, 45, 46, 47, 48, 49, 50, 51, 52, 53, 54, 55]
2025-05-07 00:04:03,121 - INFO - Waiting for file with parameters: /s/ls4/users/selibrin/spiking_researches/correlation_encoding_and_training/mnist/hpo/shifted_nn_restr_stdp_synapse/hpo_data/hpo_iteration_data/4335607/params_1_8.pkl
2025-05-07 00:04:48,173 - INFO - Preparing datasets ...
2025-05-07 00:04:48,173 - INFO - `max_samples` = 0.2
2025-05-07 00:04:53,545 - INFO - Model initialization ...
2025-05-07 00:04:53,547 - INFO - Model fitting ...
2025-05-07 00:09:08,425 - INFO - Model eval ...
2025-05-07 00:12:32,678 - INFO - Available CPUs: [0, 1, 2, 3, 4, 5, 6, 7, 8, 9, 10, 11, 12, 13, 14, 15, 16, 17, 18, 19, 20, 21, 22, 23, 24, 25, 26, 27, 28, 29, 30, 31, 32, 33, 34, 35, 36, 37, 38, 39, 40, 41, 42, 43, 44, 45, 46, 47, 48, 49, 50, 51, 52, 53, 54, 55]
2025-05-07 00:12:32,678 - INFO - Waiting for file with parameters: /s/ls4/users/selibrin/spiking_researches/correlation_encoding_and_training/mnist/hpo/shifted_nn_restr_stdp_synapse/hpo_data/hpo_iteration_data/4335607/params_1_8.pkl
2025-05-07 00:13:22,735 - INFO - Preparing datasets ...
2025-05-07 00:13:22,735 - INFO - `max_samples` = 0.2
2025-05-07 00:13:27,643 - INFO - Model initialization ...
2025-05-07 00:13:27,645 - INFO - Model fitting ...
2025-05-07 00:17:38,541 - INFO - Model eval ...
2025-05-07 00:21:09,230 - INFO - Available CPUs: [0, 1, 2, 3, 4, 5, 6, 7, 8, 9, 10, 11, 12, 13, 14, 15, 16, 17, 18, 19, 20, 21, 22, 23, 24, 25, 26, 27, 28, 29, 30, 31, 32, 33, 34, 35, 36, 37, 38, 39, 40, 41, 42, 43, 44, 45, 46, 47, 48, 49, 50, 51, 52, 53, 54, 55]
2025-05-07 00:21:09,231 - INFO - Waiting for file with parameters: /s/ls4/users/selibrin/spiking_researches/correlation_encoding_and_training/mnist/hpo/shifted_nn_restr_stdp_synapse/hpo_data/hpo_iteration_data/4335607/params_1_8.pkl
2025-05-07 00:21:54,283 - INFO - Preparing datasets ...
2025-05-07 00:21:54,283 - INFO - `max_samples` = 0.2
2025-05-07 00:21:59,316 - INFO - Model initialization ...
2025-05-07 00:21:59,319 - INFO - Model fitting ...
2025-05-07 00:26:13,744 - INFO - Model eval ...
2025-05-07 00:29:41,459 - INFO - Available CPUs: [0, 1, 2, 3, 4, 5, 6, 7, 8, 9, 10, 11, 12, 13, 14, 15, 16, 17, 18, 19, 20, 21, 22, 23, 24, 25, 26, 27, 28, 29, 30, 31, 32, 33, 34, 35, 36, 37, 38, 39, 40, 41, 42, 43, 44, 45, 46, 47, 48, 49, 50, 51, 52, 53, 54, 55]
2025-05-07 00:29:41,459 - INFO - Waiting for file with parameters: /s/ls4/users/selibrin/spiking_researches/correlation_encoding_and_training/mnist/hpo/shifted_nn_restr_stdp_synapse/hpo_data/hpo_iteration_data/4335607/params_1_8.pkl
2025-05-07 00:30:26,532 - INFO - Preparing datasets ...
2025-05-07 00:30:26,532 - INFO - `max_samples` = 0.2
2025-05-07 00:30:31,494 - INFO - Model initialization ...
2025-05-07 00:30:31,500 - INFO - Model fitting ...
2025-05-07 00:35:01,567 - INFO - Model eval ...
2025-05-07 00:38:50,849 - INFO - Available CPUs: [0, 1, 2, 3, 4, 5, 6, 7, 8, 9, 10, 11, 12, 13, 14, 15, 16, 17, 18, 19, 20, 21, 22, 23, 24, 25, 26, 27, 28, 29, 30, 31, 32, 33, 34, 35, 36, 37, 38, 39, 40, 41, 42, 43, 44, 45, 46, 47, 48, 49, 50, 51, 52, 53, 54, 55]
2025-05-07 00:38:50,849 - INFO - Waiting for file with parameters: /s/ls4/users/selibrin/spiking_researches/correlation_encoding_and_training/mnist/hpo/shifted_nn_restr_stdp_synapse/hpo_data/hpo_iteration_data/4335607/params_1_8.pkl
2025-05-07 00:39:35,900 - INFO - Preparing datasets ...
2025-05-07 00:39:35,901 - INFO - `max_samples` = 0.2
2025-05-07 00:39:40,728 - INFO - Model initialization ...
2025-05-07 00:39:40,731 - INFO - Model fitting ...
2025-05-07 00:43:59,136 - INFO - Model eval ...
2025-05-07 00:47:36,567 - INFO - Available CPUs: [0, 1, 2, 3, 4, 5, 6, 7, 8, 9, 10, 11, 12, 13, 14, 15, 16, 17, 18, 19, 20, 21, 22, 23, 24, 25, 26, 27, 28, 29, 30, 31, 32, 33, 34, 35, 36, 37, 38, 39, 40, 41, 42, 43, 44, 45, 46, 47, 48, 49, 50, 51, 52, 53, 54, 55]
2025-05-07 00:47:36,567 - INFO - Waiting for file with parameters: /s/ls4/users/selibrin/spiking_researches/correlation_encoding_and_training/mnist/hpo/shifted_nn_restr_stdp_synapse/hpo_data/hpo_iteration_data/4335607/params_1_8.pkl
2025-05-07 00:48:06,750 - INFO - Preparing datasets ...
2025-05-07 00:48:06,750 - INFO - `max_samples` = 0.2
2025-05-07 00:48:11,880 - INFO - Model initialization ...
2025-05-07 00:48:11,883 - INFO - Model fitting ...
2025-05-07 00:52:47,499 - INFO - Model eval ...
2025-05-07 00:56:20,444 - INFO - Available CPUs: [0, 1, 2, 3, 4, 5, 6, 7, 8, 9, 10, 11, 12, 13, 14, 15, 16, 17, 18, 19, 20, 21, 22, 23, 24, 25, 26, 27, 28, 29, 30, 31, 32, 33, 34, 35, 36, 37, 38, 39, 40, 41, 42, 43, 44, 45, 46, 47, 48, 49, 50, 51, 52, 53, 54, 55]
2025-05-07 00:56:20,445 - INFO - Waiting for file with parameters: /s/ls4/users/selibrin/spiking_researches/correlation_encoding_and_training/mnist/hpo/shifted_nn_restr_stdp_synapse/hpo_data/hpo_iteration_data/4335607/params_1_8.pkl
2025-05-07 00:56:40,492 - INFO - Preparing datasets ...
2025-05-07 00:56:40,493 - INFO - `max_samples` = 0.2
2025-05-07 00:56:45,049 - INFO - Model initialization ...
2025-05-07 00:56:45,053 - INFO - Model fitting ...
2025-05-07 01:01:13,092 - INFO - Model eval ...
2025-05-07 01:04:59,231 - INFO - Available CPUs: [0, 1, 2, 3, 4, 5, 6, 7, 8, 9, 10, 11, 12, 13, 14, 15, 16, 17, 18, 19, 20, 21, 22, 23, 24, 25, 26, 27, 28, 29, 30, 31, 32, 33, 34, 35, 36, 37, 38, 39, 40, 41, 42, 43, 44, 45, 46, 47, 48, 49, 50, 51, 52, 53, 54, 55]
2025-05-07 01:04:59,231 - INFO - Waiting for file with parameters: /s/ls4/users/selibrin/spiking_researches/correlation_encoding_and_training/mnist/hpo/shifted_nn_restr_stdp_synapse/hpo_data/hpo_iteration_data/4335607/params_1_8.pkl
2025-05-07 01:05:14,252 - INFO - Preparing datasets ...
2025-05-07 01:05:14,252 - INFO - `max_samples` = 0.2
2025-05-07 01:05:19,759 - INFO - Model initialization ...
2025-05-07 01:05:19,762 - INFO - Model fitting ...
2025-05-07 01:09:33,165 - INFO - Model eval ...
2025-05-07 01:12:48,403 - INFO - Available CPUs: [0, 1, 2, 3, 4, 5, 6, 7, 8, 9, 10, 11, 12, 13, 14, 15, 16, 17, 18, 19, 20, 21, 22, 23, 24, 25, 26, 27, 28, 29, 30, 31, 32, 33, 34, 35, 36, 37, 38, 39, 40, 41, 42, 43, 44, 45, 46, 47, 48, 49, 50, 51, 52, 53, 54, 55]
2025-05-07 01:12:48,403 - INFO - Waiting for file with parameters: /s/ls4/users/selibrin/spiking_researches/correlation_encoding_and_training/mnist/hpo/shifted_nn_restr_stdp_synapse/hpo_data/hpo_iteration_data/4335607/params_1_8.pkl
2025-05-07 01:13:48,497 - INFO - Preparing datasets ...
2025-05-07 01:13:48,498 - INFO - `max_samples` = 0.2
2025-05-07 01:13:54,307 - INFO - Model initialization ...
2025-05-07 01:13:54,311 - INFO - Model fitting ...
2025-05-07 01:18:00,635 - INFO - Model eval ...
2025-05-07 01:21:20,881 - INFO - Available CPUs: [0, 1, 2, 3, 4, 5, 6, 7, 8, 9, 10, 11, 12, 13, 14, 15, 16, 17, 18, 19, 20, 21, 22, 23, 24, 25, 26, 27, 28, 29, 30, 31, 32, 33, 34, 35, 36, 37, 38, 39, 40, 41, 42, 43, 44, 45, 46, 47, 48, 49, 50, 51, 52, 53, 54, 55]
2025-05-07 01:21:20,881 - INFO - Waiting for file with parameters: /s/ls4/users/selibrin/spiking_researches/correlation_encoding_and_training/mnist/hpo/shifted_nn_restr_stdp_synapse/hpo_data/hpo_iteration_data/4335607/params_1_8.pkl
2025-05-07 01:21:55,921 - INFO - Preparing datasets ...
2025-05-07 01:21:55,922 - INFO - `max_samples` = 0.2
2025-05-07 01:22:00,868 - INFO - Model initialization ...
2025-05-07 01:22:00,870 - INFO - Model fitting ...
2025-05-07 01:26:13,449 - INFO - Model eval ...
2025-05-07 01:29:43,546 - INFO - Available CPUs: [0, 1, 2, 3, 4, 5, 6, 7, 8, 9, 10, 11, 12, 13, 14, 15, 16, 17, 18, 19, 20, 21, 22, 23, 24, 25, 26, 27, 28, 29, 30, 31, 32, 33, 34, 35, 36, 37, 38, 39, 40, 41, 42, 43, 44, 45, 46, 47, 48, 49, 50, 51, 52, 53, 54, 55]
2025-05-07 01:29:43,546 - INFO - Waiting for file with parameters: /s/ls4/users/selibrin/spiking_researches/correlation_encoding_and_training/mnist/hpo/shifted_nn_restr_stdp_synapse/hpo_data/hpo_iteration_data/4335607/params_1_8.pkl
2025-05-07 01:30:28,599 - INFO - Preparing datasets ...
2025-05-07 01:30:28,599 - INFO - `max_samples` = 0.2
2025-05-07 01:30:32,446 - INFO - Model initialization ...
2025-05-07 01:30:35,452 - INFO - Model fitting ...
2025-05-07 01:35:05,821 - INFO - Model eval ...
2025-05-07 01:38:54,501 - INFO - Available CPUs: [0, 1, 2, 3, 4, 5, 6, 7, 8, 9, 10, 11, 12, 13, 14, 15, 16, 17, 18, 19, 20, 21, 22, 23, 24, 25, 26, 27, 28, 29, 30, 31, 32, 33, 34, 35, 36, 37, 38, 39, 40, 41, 42, 43, 44, 45, 46, 47, 48, 49, 50, 51, 52, 53, 54, 55]
2025-05-07 01:38:54,502 - INFO - Waiting for file with parameters: /s/ls4/users/selibrin/spiking_researches/correlation_encoding_and_training/mnist/hpo/shifted_nn_restr_stdp_synapse/hpo_data/hpo_iteration_data/4335607/params_1_8.pkl
2025-05-07 01:39:34,549 - INFO - Preparing datasets ...
2025-05-07 01:39:34,549 - INFO - `max_samples` = 0.2
2025-05-07 01:39:40,597 - INFO - Model initialization ...
2025-05-07 01:39:40,601 - INFO - Model fitting ...
2025-05-07 01:44:03,472 - INFO - Model eval ...
2025-05-07 01:47:44,827 - INFO - Available CPUs: [0, 1, 2, 3, 4, 5, 6, 7, 8, 9, 10, 11, 12, 13, 14, 15, 16, 17, 18, 19, 20, 21, 22, 23, 24, 25, 26, 27, 28, 29, 30, 31, 32, 33, 34, 35, 36, 37, 38, 39, 40, 41, 42, 43, 44, 45, 46, 47, 48, 49, 50, 51, 52, 53, 54, 55]
2025-05-07 01:47:44,828 - INFO - Waiting for file with parameters: /s/ls4/users/selibrin/spiking_researches/correlation_encoding_and_training/mnist/hpo/shifted_nn_restr_stdp_synapse/hpo_data/hpo_iteration_data/4335607/params_1_8.pkl
2025-05-07 01:48:09,858 - INFO - Preparing datasets ...
2025-05-07 01:48:09,859 - INFO - `max_samples` = 0.2
2025-05-07 01:48:16,067 - INFO - Model initialization ...
2025-05-07 01:48:16,071 - INFO - Model fitting ...
2025-05-07 01:52:36,424 - INFO - Model eval ...
2025-05-07 01:56:16,669 - INFO - Available CPUs: [0, 1, 2, 3, 4, 5, 6, 7, 8, 9, 10, 11, 12, 13, 14, 15, 16, 17, 18, 19, 20, 21, 22, 23, 24, 25, 26, 27, 28, 29, 30, 31, 32, 33, 34, 35, 36, 37, 38, 39, 40, 41, 42, 43, 44, 45, 46, 47, 48, 49, 50, 51, 52, 53, 54, 55]
2025-05-07 01:56:16,669 - INFO - Waiting for file with parameters: /s/ls4/users/selibrin/spiking_researches/correlation_encoding_and_training/mnist/hpo/shifted_nn_restr_stdp_synapse/hpo_data/hpo_iteration_data/4335607/params_1_8.pkl
2025-05-07 01:56:41,756 - INFO - Preparing datasets ...
2025-05-07 01:56:41,756 - INFO - `max_samples` = 0.2
2025-05-07 01:56:47,699 - INFO - Model initialization ...
2025-05-07 01:56:47,706 - INFO - Model fitting ...
2025-05-07 02:01:10,747 - INFO - Model eval ...
2025-05-07 02:04:52,291 - INFO - Available CPUs: [0, 1, 2, 3, 4, 5, 6, 7, 8, 9, 10, 11, 12, 13, 14, 15, 16, 17, 18, 19, 20, 21, 22, 23, 24, 25, 26, 27, 28, 29, 30, 31, 32, 33, 34, 35, 36, 37, 38, 39, 40, 41, 42, 43, 44, 45, 46, 47, 48, 49, 50, 51, 52, 53, 54, 55]
2025-05-07 02:04:52,291 - INFO - Waiting for file with parameters: /s/ls4/users/selibrin/spiking_researches/correlation_encoding_and_training/mnist/hpo/shifted_nn_restr_stdp_synapse/hpo_data/hpo_iteration_data/4335607/params_1_8.pkl
2025-05-07 02:05:17,323 - INFO - Preparing datasets ...
2025-05-07 02:05:17,323 - INFO - `max_samples` = 0.2
2025-05-07 02:05:23,278 - INFO - Model initialization ...
2025-05-07 02:05:23,282 - INFO - Model fitting ...
2025-05-07 02:09:46,951 - INFO - Model eval ...
2025-05-07 02:13:25,807 - INFO - Available CPUs: [0, 1, 2, 3, 4, 5, 6, 7, 8, 9, 10, 11, 12, 13, 14, 15, 16, 17, 18, 19, 20, 21, 22, 23, 24, 25, 26, 27, 28, 29, 30, 31, 32, 33, 34, 35, 36, 37, 38, 39, 40, 41, 42, 43, 44, 45, 46, 47, 48, 49, 50, 51, 52, 53, 54, 55]
2025-05-07 02:13:25,807 - INFO - Waiting for file with parameters: /s/ls4/users/selibrin/spiking_researches/correlation_encoding_and_training/mnist/hpo/shifted_nn_restr_stdp_synapse/hpo_data/hpo_iteration_data/4335607/params_1_8.pkl
2025-05-07 02:13:50,829 - INFO - Preparing datasets ...
2025-05-07 02:13:50,830 - INFO - `max_samples` = 0.2
2025-05-07 02:13:56,503 - INFO - Model initialization ...
2025-05-07 02:13:56,506 - INFO - Model fitting ...
2025-05-07 02:18:17,900 - INFO - Model eval ...
2025-05-07 02:21:58,991 - INFO - Available CPUs: [0, 1, 2, 3, 4, 5, 6, 7, 8, 9, 10, 11, 12, 13, 14, 15, 16, 17, 18, 19, 20, 21, 22, 23, 24, 25, 26, 27, 28, 29, 30, 31, 32, 33, 34, 35, 36, 37, 38, 39, 40, 41, 42, 43, 44, 45, 46, 47, 48, 49, 50, 51, 52, 53, 54, 55]
2025-05-07 02:21:58,991 - INFO - Waiting for file with parameters: /s/ls4/users/selibrin/spiking_researches/correlation_encoding_and_training/mnist/hpo/shifted_nn_restr_stdp_synapse/hpo_data/hpo_iteration_data/4335607/params_1_8.pkl
2025-05-07 02:22:24,021 - INFO - Preparing datasets ...
2025-05-07 02:22:24,022 - INFO - `max_samples` = 0.2
2025-05-07 02:22:29,851 - INFO - Model initialization ...
2025-05-07 02:22:29,854 - INFO - Model fitting ...
2025-05-07 02:26:54,201 - INFO - Model eval ...
2025-05-07 02:30:36,863 - INFO - Available CPUs: [0, 1, 2, 3, 4, 5, 6, 7, 8, 9, 10, 11, 12, 13, 14, 15, 16, 17, 18, 19, 20, 21, 22, 23, 24, 25, 26, 27, 28, 29, 30, 31, 32, 33, 34, 35, 36, 37, 38, 39, 40, 41, 42, 43, 44, 45, 46, 47, 48, 49, 50, 51, 52, 53, 54, 55]
2025-05-07 02:30:36,863 - INFO - Waiting for file with parameters: /s/ls4/users/selibrin/spiking_researches/correlation_encoding_and_training/mnist/hpo/shifted_nn_restr_stdp_synapse/hpo_data/hpo_iteration_data/4335607/params_1_8.pkl
2025-05-07 02:31:01,912 - INFO - Preparing datasets ...
2025-05-07 02:31:01,912 - INFO - `max_samples` = 0.2
2025-05-07 02:31:07,723 - INFO - Model initialization ...
2025-05-07 02:31:07,726 - INFO - Model fitting ...
2025-05-07 02:35:34,187 - INFO - Model eval ...
2025-05-07 02:39:14,032 - INFO - Available CPUs: [0, 1, 2, 3, 4, 5, 6, 7, 8, 9, 10, 11, 12, 13, 14, 15, 16, 17, 18, 19, 20, 21, 22, 23, 24, 25, 26, 27, 28, 29, 30, 31, 32, 33, 34, 35, 36, 37, 38, 39, 40, 41, 42, 43, 44, 45, 46, 47, 48, 49, 50, 51, 52, 53, 54, 55]
2025-05-07 02:39:14,032 - INFO - Waiting for file with parameters: /s/ls4/users/selibrin/spiking_researches/correlation_encoding_and_training/mnist/hpo/shifted_nn_restr_stdp_synapse/hpo_data/hpo_iteration_data/4335607/params_1_8.pkl
2025-05-07 02:39:34,063 - INFO - Preparing datasets ...
2025-05-07 02:39:34,064 - INFO - `max_samples` = 0.2
2025-05-07 02:39:39,351 - INFO - Model initialization ...
2025-05-07 02:39:39,354 - INFO - Model fitting ...
2025-05-07 02:44:09,246 - INFO - Model eval ...
2025-05-07 02:47:52,100 - INFO - Available CPUs: [0, 1, 2, 3, 4, 5, 6, 7, 8, 9, 10, 11, 12, 13, 14, 15, 16, 17, 18, 19, 20, 21, 22, 23, 24, 25, 26, 27, 28, 29, 30, 31, 32, 33, 34, 35, 36, 37, 38, 39, 40, 41, 42, 43, 44, 45, 46, 47, 48, 49, 50, 51, 52, 53, 54, 55]
2025-05-07 02:47:52,101 - INFO - Waiting for file with parameters: /s/ls4/users/selibrin/spiking_researches/correlation_encoding_and_training/mnist/hpo/shifted_nn_restr_stdp_synapse/hpo_data/hpo_iteration_data/4335607/params_1_8.pkl
2025-05-07 02:48:07,122 - INFO - Preparing datasets ...
2025-05-07 02:48:07,122 - INFO - `max_samples` = 0.2
2025-05-07 02:48:12,325 - INFO - Model initialization ...
2025-05-07 02:48:12,329 - INFO - Model fitting ...
2025-05-07 02:52:40,339 - INFO - Model eval ...
2025-05-07 02:56:24,341 - INFO - Available CPUs: [0, 1, 2, 3, 4, 5, 6, 7, 8, 9, 10, 11, 12, 13, 14, 15, 16, 17, 18, 19, 20, 21, 22, 23, 24, 25, 26, 27, 28, 29, 30, 31, 32, 33, 34, 35, 36, 37, 38, 39, 40, 41, 42, 43, 44, 45, 46, 47, 48, 49, 50, 51, 52, 53, 54, 55]
2025-05-07 02:56:24,341 - INFO - Waiting for file with parameters: /s/ls4/users/selibrin/spiking_researches/correlation_encoding_and_training/mnist/hpo/shifted_nn_restr_stdp_synapse/hpo_data/hpo_iteration_data/4335607/params_1_8.pkl
2025-05-07 02:56:44,367 - INFO - Preparing datasets ...
2025-05-07 02:56:44,367 - INFO - `max_samples` = 0.2
2025-05-07 02:56:50,423 - INFO - Model initialization ...
2025-05-07 02:56:50,427 - INFO - Model fitting ...
2025-05-07 03:01:17,181 - INFO - Model eval ...
2025-05-07 03:04:57,328 - INFO - Available CPUs: [0, 1, 2, 3, 4, 5, 6, 7, 8, 9, 10, 11, 12, 13, 14, 15, 16, 17, 18, 19, 20, 21, 22, 23, 24, 25, 26, 27, 28, 29, 30, 31, 32, 33, 34, 35, 36, 37, 38, 39, 40, 41, 42, 43, 44, 45, 46, 47, 48, 49, 50, 51, 52, 53, 54, 55]
2025-05-07 03:04:57,328 - INFO - Waiting for file with parameters: /s/ls4/users/selibrin/spiking_researches/correlation_encoding_and_training/mnist/hpo/shifted_nn_restr_stdp_synapse/hpo_data/hpo_iteration_data/4335607/params_1_8.pkl
2025-05-07 03:05:17,353 - INFO - Preparing datasets ...
2025-05-07 03:05:17,353 - INFO - `max_samples` = 0.2
2025-05-07 03:05:23,209 - INFO - Model initialization ...
2025-05-07 03:05:23,213 - INFO - Model fitting ...
2025-05-07 03:09:53,265 - INFO - Model eval ...
2025-05-07 03:13:32,912 - INFO - Available CPUs: [0, 1, 2, 3, 4, 5, 6, 7, 8, 9, 10, 11, 12, 13, 14, 15, 16, 17, 18, 19, 20, 21, 22, 23, 24, 25, 26, 27, 28, 29, 30, 31, 32, 33, 34, 35, 36, 37, 38, 39, 40, 41, 42, 43, 44, 45, 46, 47, 48, 49, 50, 51, 52, 53, 54, 55]
2025-05-07 03:13:32,912 - INFO - Waiting for file with parameters: /s/ls4/users/selibrin/spiking_researches/correlation_encoding_and_training/mnist/hpo/shifted_nn_restr_stdp_synapse/hpo_data/hpo_iteration_data/4335607/params_1_8.pkl
2025-05-07 03:13:52,938 - INFO - Preparing datasets ...
2025-05-07 03:13:52,938 - INFO - `max_samples` = 0.2
2025-05-07 03:13:58,994 - INFO - Model initialization ...
2025-05-07 03:13:58,998 - INFO - Model fitting ...
2025-05-07 03:18:24,365 - INFO - Model eval ...
2025-05-07 03:21:57,544 - INFO - Available CPUs: [0, 1, 2, 3, 4, 5, 6, 7, 8, 9, 10, 11, 12, 13, 14, 15, 16, 17, 18, 19, 20, 21, 22, 23, 24, 25, 26, 27, 28, 29, 30, 31, 32, 33, 34, 35, 36, 37, 38, 39, 40, 41, 42, 43, 44, 45, 46, 47, 48, 49, 50, 51, 52, 53, 54, 55]
2025-05-07 03:21:57,545 - INFO - Waiting for file with parameters: /s/ls4/users/selibrin/spiking_researches/correlation_encoding_and_training/mnist/hpo/shifted_nn_restr_stdp_synapse/hpo_data/hpo_iteration_data/4335607/params_1_8.pkl
2025-05-07 03:22:27,580 - INFO - Preparing datasets ...
2025-05-07 03:22:27,580 - INFO - `max_samples` = 0.2
2025-05-07 03:22:33,624 - INFO - Model initialization ...
2025-05-07 03:22:33,628 - INFO - Model fitting ...
2025-05-07 03:27:00,287 - INFO - Model eval ...
2025-05-07 03:30:40,225 - INFO - Available CPUs: [0, 1, 2, 3, 4, 5, 6, 7, 8, 9, 10, 11, 12, 13, 14, 15, 16, 17, 18, 19, 20, 21, 22, 23, 24, 25, 26, 27, 28, 29, 30, 31, 32, 33, 34, 35, 36, 37, 38, 39, 40, 41, 42, 43, 44, 45, 46, 47, 48, 49, 50, 51, 52, 53, 54, 55]
2025-05-07 03:30:40,226 - INFO - Waiting for file with parameters: /s/ls4/users/selibrin/spiking_researches/correlation_encoding_and_training/mnist/hpo/shifted_nn_restr_stdp_synapse/hpo_data/hpo_iteration_data/4335607/params_1_8.pkl
2025-05-07 03:31:00,250 - INFO - Preparing datasets ...
2025-05-07 03:31:00,251 - INFO - `max_samples` = 0.2
2025-05-07 03:31:06,386 - INFO - Model initialization ...
2025-05-07 03:31:06,390 - INFO - Model fitting ...
2025-05-07 03:35:35,553 - INFO - Model eval ...
2025-05-07 03:39:17,082 - INFO - Available CPUs: [0, 1, 2, 3, 4, 5, 6, 7, 8, 9, 10, 11, 12, 13, 14, 15, 16, 17, 18, 19, 20, 21, 22, 23, 24, 25, 26, 27, 28, 29, 30, 31, 32, 33, 34, 35, 36, 37, 38, 39, 40, 41, 42, 43, 44, 45, 46, 47, 48, 49, 50, 51, 52, 53, 54, 55]
2025-05-07 03:39:17,083 - INFO - Waiting for file with parameters: /s/ls4/users/selibrin/spiking_researches/correlation_encoding_and_training/mnist/hpo/shifted_nn_restr_stdp_synapse/hpo_data/hpo_iteration_data/4335607/params_1_8.pkl
2025-05-07 03:39:37,108 - INFO - Preparing datasets ...
2025-05-07 03:39:37,108 - INFO - `max_samples` = 0.2
2025-05-07 03:39:43,161 - INFO - Model initialization ...
2025-05-07 03:39:43,164 - INFO - Model fitting ...
2025-05-07 03:44:10,198 - INFO - Model eval ...
2025-05-07 03:47:49,375 - INFO - Available CPUs: [0, 1, 2, 3, 4, 5, 6, 7, 8, 9, 10, 11, 12, 13, 14, 15, 16, 17, 18, 19, 20, 21, 22, 23, 24, 25, 26, 27, 28, 29, 30, 31, 32, 33, 34, 35, 36, 37, 38, 39, 40, 41, 42, 43, 44, 45, 46, 47, 48, 49, 50, 51, 52, 53, 54, 55]
2025-05-07 03:47:49,376 - INFO - Waiting for file with parameters: /s/ls4/users/selibrin/spiking_researches/correlation_encoding_and_training/mnist/hpo/shifted_nn_restr_stdp_synapse/hpo_data/hpo_iteration_data/4335607/params_1_8.pkl
2025-05-07 03:48:09,400 - INFO - Preparing datasets ...
2025-05-07 03:48:09,400 - INFO - `max_samples` = 0.2
2025-05-07 03:48:15,219 - INFO - Model initialization ...
2025-05-07 03:48:15,223 - INFO - Model fitting ...
2025-05-07 03:52:44,529 - INFO - Model eval ...
2025-05-07 03:56:19,134 - INFO - Available CPUs: [0, 1, 2, 3, 4, 5, 6, 7, 8, 9, 10, 11, 12, 13, 14, 15, 16, 17, 18, 19, 20, 21, 22, 23, 24, 25, 26, 27, 28, 29, 30, 31, 32, 33, 34, 35, 36, 37, 38, 39, 40, 41, 42, 43, 44, 45, 46, 47, 48, 49, 50, 51, 52, 53, 54, 55]
2025-05-07 03:56:19,135 - INFO - Waiting for file with parameters: /s/ls4/users/selibrin/spiking_researches/correlation_encoding_and_training/mnist/hpo/shifted_nn_restr_stdp_synapse/hpo_data/hpo_iteration_data/4335607/params_1_8.pkl
2025-05-07 03:56:44,165 - INFO - Preparing datasets ...
2025-05-07 03:56:44,166 - INFO - `max_samples` = 0.2
2025-05-07 03:56:50,860 - INFO - Model initialization ...
2025-05-07 03:56:50,869 - INFO - Model fitting ...
2025-05-07 04:01:19,723 - INFO - Model eval ...
2025-05-07 04:04:54,010 - INFO - Available CPUs: [0, 1, 2, 3, 4, 5, 6, 7, 8, 9, 10, 11, 12, 13, 14, 15, 16, 17, 18, 19, 20, 21, 22, 23, 24, 25, 26, 27, 28, 29, 30, 31, 32, 33, 34, 35, 36, 37, 38, 39, 40, 41, 42, 43, 44, 45, 46, 47, 48, 49, 50, 51, 52, 53, 54, 55]
2025-05-07 04:04:54,010 - INFO - Waiting for file with parameters: /s/ls4/users/selibrin/spiking_researches/correlation_encoding_and_training/mnist/hpo/shifted_nn_restr_stdp_synapse/hpo_data/hpo_iteration_data/4335607/params_1_8.pkl
2025-05-07 04:05:49,071 - INFO - Preparing datasets ...
2025-05-07 04:05:49,071 - INFO - `max_samples` = 0.2
2025-05-07 04:05:54,098 - INFO - Model initialization ...
2025-05-07 04:05:54,102 - INFO - Model fitting ...
2025-05-07 04:10:03,883 - INFO - Model eval ...
2025-05-07 04:13:25,779 - INFO - Available CPUs: [0, 1, 2, 3, 4, 5, 6, 7, 8, 9, 10, 11, 12, 13, 14, 15, 16, 17, 18, 19, 20, 21, 22, 23, 24, 25, 26, 27, 28, 29, 30, 31, 32, 33, 34, 35, 36, 37, 38, 39, 40, 41, 42, 43, 44, 45, 46, 47, 48, 49, 50, 51, 52, 53, 54, 55]
2025-05-07 04:13:25,779 - INFO - Waiting for file with parameters: /s/ls4/users/selibrin/spiking_researches/correlation_encoding_and_training/mnist/hpo/shifted_nn_restr_stdp_synapse/hpo_data/hpo_iteration_data/4335607/params_1_8.pkl
2025-05-07 04:14:20,845 - INFO - Preparing datasets ...
2025-05-07 04:14:20,845 - INFO - `max_samples` = 0.2
2025-05-07 04:14:25,979 - INFO - Model initialization ...
2025-05-07 04:14:25,982 - INFO - Model fitting ...
2025-05-07 04:18:25,705 - INFO - Model eval ...
2025-05-07 04:21:33,029 - INFO - Available CPUs: [0, 1, 2, 3, 4, 5, 6, 7, 8, 9, 10, 11, 12, 13, 14, 15, 16, 17, 18, 19, 20, 21, 22, 23, 24, 25, 26, 27, 28, 29, 30, 31, 32, 33, 34, 35, 36, 37, 38, 39, 40, 41, 42, 43, 44, 45, 46, 47, 48, 49, 50, 51, 52, 53, 54, 55]
2025-05-07 04:21:33,029 - INFO - Waiting for file with parameters: /s/ls4/users/selibrin/spiking_researches/correlation_encoding_and_training/mnist/hpo/shifted_nn_restr_stdp_synapse/hpo_data/hpo_iteration_data/4335607/params_1_8.pkl
2025-05-07 04:22:58,686 - INFO - Preparing datasets ...
2025-05-07 04:22:58,686 - INFO - `max_samples` = 0.2
2025-05-07 04:23:03,561 - INFO - Model initialization ...
2025-05-07 04:23:03,565 - INFO - Model fitting ...
2025-05-07 04:27:17,302 - INFO - Model eval ...
2025-05-07 04:30:40,425 - INFO - Available CPUs: [0, 1, 2, 3, 4, 5, 6, 7, 8, 9, 10, 11, 12, 13, 14, 15, 16, 17, 18, 19, 20, 21, 22, 23, 24, 25, 26, 27, 28, 29, 30, 31, 32, 33, 34, 35, 36, 37, 38, 39, 40, 41, 42, 43, 44, 45, 46, 47, 48, 49, 50, 51, 52, 53, 54, 55]
2025-05-07 04:30:40,425 - INFO - Waiting for file with parameters: /s/ls4/users/selibrin/spiking_researches/correlation_encoding_and_training/mnist/hpo/shifted_nn_restr_stdp_synapse/hpo_data/hpo_iteration_data/4335607/params_1_8.pkl
2025-05-07 04:31:35,487 - INFO - Preparing datasets ...
2025-05-07 04:31:35,487 - INFO - `max_samples` = 0.2
2025-05-07 04:31:41,059 - INFO - Model initialization ...
2025-05-07 04:31:41,062 - INFO - Model fitting ...
2025-05-07 04:36:00,790 - INFO - Model eval ...
2025-05-07 04:39:11,536 - INFO - Available CPUs: [0, 1, 2, 3, 4, 5, 6, 7, 8, 9, 10, 11, 12, 13, 14, 15, 16, 17, 18, 19, 20, 21, 22, 23, 24, 25, 26, 27, 28, 29, 30, 31, 32, 33, 34, 35, 36, 37, 38, 39, 40, 41, 42, 43, 44, 45, 46, 47, 48, 49, 50, 51, 52, 53, 54, 55]
2025-05-07 04:39:11,536 - INFO - Waiting for file with parameters: /s/ls4/users/selibrin/spiking_researches/correlation_encoding_and_training/mnist/hpo/shifted_nn_restr_stdp_synapse/hpo_data/hpo_iteration_data/4335607/params_1_8.pkl
2025-05-07 04:40:06,595 - INFO - Preparing datasets ...
2025-05-07 04:40:06,595 - INFO - `max_samples` = 0.2
2025-05-07 04:40:11,308 - INFO - Model initialization ...
2025-05-07 04:40:11,405 - INFO - Model fitting ...
2025-05-07 04:44:33,940 - INFO - Model eval ...
2025-05-07 04:48:05,820 - INFO - Available CPUs: [0, 1, 2, 3, 4, 5, 6, 7, 8, 9, 10, 11, 12, 13, 14, 15, 16, 17, 18, 19, 20, 21, 22, 23, 24, 25, 26, 27, 28, 29, 30, 31, 32, 33, 34, 35, 36, 37, 38, 39, 40, 41, 42, 43, 44, 45, 46, 47, 48, 49, 50, 51, 52, 53, 54, 55]
2025-05-07 04:48:05,821 - INFO - Waiting for file with parameters: /s/ls4/users/selibrin/spiking_researches/correlation_encoding_and_training/mnist/hpo/shifted_nn_restr_stdp_synapse/hpo_data/hpo_iteration_data/4335607/params_1_8.pkl
2025-05-07 04:48:40,861 - INFO - Preparing datasets ...
2025-05-07 04:48:40,861 - INFO - `max_samples` = 0.2
2025-05-07 04:48:45,311 - INFO - Model initialization ...
2025-05-07 04:48:45,314 - INFO - Model fitting ...
2025-05-07 04:52:55,009 - INFO - Model eval ...
2025-05-07 04:56:38,817 - INFO - Available CPUs: [0, 1, 2, 3, 4, 5, 6, 7, 8, 9, 10, 11, 12, 13, 14, 15, 16, 17, 18, 19, 20, 21, 22, 23, 24, 25, 26, 27, 28, 29, 30, 31, 32, 33, 34, 35, 36, 37, 38, 39, 40, 41, 42, 43, 44, 45, 46, 47, 48, 49, 50, 51, 52, 53, 54, 55]
2025-05-07 04:56:38,818 - INFO - Waiting for file with parameters: /s/ls4/users/selibrin/spiking_researches/correlation_encoding_and_training/mnist/hpo/shifted_nn_restr_stdp_synapse/hpo_data/hpo_iteration_data/4335607/params_1_8.pkl
2025-05-07 04:57:13,858 - INFO - Preparing datasets ...
2025-05-07 04:57:13,858 - INFO - `max_samples` = 0.2
2025-05-07 04:57:19,192 - INFO - Model initialization ...
2025-05-07 04:57:19,196 - INFO - Model fitting ...
2025-05-07 05:01:36,918 - INFO - Model eval ...
2025-05-07 05:04:56,648 - INFO - Available CPUs: [0, 1, 2, 3, 4, 5, 6, 7, 8, 9, 10, 11, 12, 13, 14, 15, 16, 17, 18, 19, 20, 21, 22, 23, 24, 25, 26, 27, 28, 29, 30, 31, 32, 33, 34, 35, 36, 37, 38, 39, 40, 41, 42, 43, 44, 45, 46, 47, 48, 49, 50, 51, 52, 53, 54, 55]
2025-05-07 05:04:56,648 - INFO - Waiting for file with parameters: /s/ls4/users/selibrin/spiking_researches/correlation_encoding_and_training/mnist/hpo/shifted_nn_restr_stdp_synapse/hpo_data/hpo_iteration_data/4335607/params_1_8.pkl
2025-05-07 05:05:51,709 - INFO - Preparing datasets ...
2025-05-07 05:05:51,709 - INFO - `max_samples` = 0.2
2025-05-07 05:05:57,175 - INFO - Model initialization ...
2025-05-07 05:05:57,178 - INFO - Model fitting ...
2025-05-07 05:10:04,688 - INFO - Model eval ...
2025-05-07 05:13:03,732 - INFO - Available CPUs: [0, 1, 2, 3, 4, 5, 6, 7, 8, 9, 10, 11, 12, 13, 14, 15, 16, 17, 18, 19, 20, 21, 22, 23, 24, 25, 26, 27, 28, 29, 30, 31, 32, 33, 34, 35, 36, 37, 38, 39, 40, 41, 42, 43, 44, 45, 46, 47, 48, 49, 50, 51, 52, 53, 54, 55]
2025-05-07 05:13:03,732 - INFO - Waiting for file with parameters: /s/ls4/users/selibrin/spiking_researches/correlation_encoding_and_training/mnist/hpo/shifted_nn_restr_stdp_synapse/hpo_data/hpo_iteration_data/4335607/params_1_8.pkl
2025-05-07 05:14:23,825 - INFO - Preparing datasets ...
2025-05-07 05:14:23,825 - INFO - `max_samples` = 0.2
2025-05-07 05:14:28,909 - INFO - Model initialization ...
2025-05-07 05:14:28,913 - INFO - Model fitting ...
2025-05-07 05:18:42,358 - INFO - Model eval ...
2025-05-07 05:22:06,679 - INFO - Available CPUs: [0, 1, 2, 3, 4, 5, 6, 7, 8, 9, 10, 11, 12, 13, 14, 15, 16, 17, 18, 19, 20, 21, 22, 23, 24, 25, 26, 27, 28, 29, 30, 31, 32, 33, 34, 35, 36, 37, 38, 39, 40, 41, 42, 43, 44, 45, 46, 47, 48, 49, 50, 51, 52, 53, 54, 55]
2025-05-07 05:22:06,679 - INFO - Waiting for file with parameters: /s/ls4/users/selibrin/spiking_researches/correlation_encoding_and_training/mnist/hpo/shifted_nn_restr_stdp_synapse/hpo_data/hpo_iteration_data/4335607/params_1_8.pkl
2025-05-07 05:22:56,730 - INFO - Preparing datasets ...
2025-05-07 05:22:56,731 - INFO - `max_samples` = 0.2
2025-05-07 05:23:01,967 - INFO - Model initialization ...
2025-05-07 05:23:01,971 - INFO - Model fitting ...
2025-05-07 05:27:13,569 - INFO - Model eval ...
2025-05-07 05:30:29,932 - INFO - Available CPUs: [0, 1, 2, 3, 4, 5, 6, 7, 8, 9, 10, 11, 12, 13, 14, 15, 16, 17, 18, 19, 20, 21, 22, 23, 24, 25, 26, 27, 28, 29, 30, 31, 32, 33, 34, 35, 36, 37, 38, 39, 40, 41, 42, 43, 44, 45, 46, 47, 48, 49, 50, 51, 52, 53, 54, 55]
2025-05-07 05:30:29,932 - INFO - Waiting for file with parameters: /s/ls4/users/selibrin/spiking_researches/correlation_encoding_and_training/mnist/hpo/shifted_nn_restr_stdp_synapse/hpo_data/hpo_iteration_data/4335607/params_1_8.pkl
2025-05-07 05:31:35,006 - INFO - Preparing datasets ...
2025-05-07 05:31:35,006 - INFO - `max_samples` = 0.2
2025-05-07 05:31:40,664 - INFO - Model initialization ...
2025-05-07 05:31:40,669 - INFO - Model fitting ...
2025-05-07 05:35:57,451 - INFO - Model eval ...
2025-05-07 05:39:31,583 - INFO - Available CPUs: [0, 1, 2, 3, 4, 5, 6, 7, 8, 9, 10, 11, 12, 13, 14, 15, 16, 17, 18, 19, 20, 21, 22, 23, 24, 25, 26, 27, 28, 29, 30, 31, 32, 33, 34, 35, 36, 37, 38, 39, 40, 41, 42, 43, 44, 45, 46, 47, 48, 49, 50, 51, 52, 53, 54, 55]
2025-05-07 05:39:31,583 - INFO - Waiting for file with parameters: /s/ls4/users/selibrin/spiking_researches/correlation_encoding_and_training/mnist/hpo/shifted_nn_restr_stdp_synapse/hpo_data/hpo_iteration_data/4335607/params_1_8.pkl
2025-05-07 05:40:06,626 - INFO - Preparing datasets ...
2025-05-07 05:40:06,626 - INFO - `max_samples` = 0.2
2025-05-07 05:40:10,630 - INFO - Model initialization ...
2025-05-07 05:40:10,632 - INFO - Model fitting ...
2025-05-07 05:43:52,018 - INFO - Model eval ...
2025-05-07 05:47:12,912 - INFO - Available CPUs: [0, 1, 2, 3, 4, 5, 6, 7, 8, 9, 10, 11, 12, 13, 14, 15, 16, 17, 18, 19, 20, 21, 22, 23, 24, 25, 26, 27, 28, 29, 30, 31, 32, 33, 34, 35, 36, 37, 38, 39, 40, 41, 42, 43, 44, 45, 46, 47, 48, 49, 50, 51, 52, 53, 54, 55]
2025-05-07 05:47:12,913 - INFO - Waiting for file with parameters: /s/ls4/users/selibrin/spiking_researches/correlation_encoding_and_training/mnist/hpo/shifted_nn_restr_stdp_synapse/hpo_data/hpo_iteration_data/4335607/params_1_8.pkl
2025-05-07 05:48:43,015 - INFO - Preparing datasets ...
2025-05-07 05:48:43,015 - INFO - `max_samples` = 0.2
2025-05-07 05:48:48,241 - INFO - Model initialization ...
2025-05-07 05:48:48,244 - INFO - Model fitting ...
2025-05-07 05:52:33,844 - INFO - Model eval ...
2025-05-07 05:56:11,178 - INFO - Available CPUs: [0, 1, 2, 3, 4, 5, 6, 7, 8, 9, 10, 11, 12, 13, 14, 15, 16, 17, 18, 19, 20, 21, 22, 23, 24, 25, 26, 27, 28, 29, 30, 31, 32, 33, 34, 35, 36, 37, 38, 39, 40, 41, 42, 43, 44, 45, 46, 47, 48, 49, 50, 51, 52, 53, 54, 55]
2025-05-07 05:56:11,178 - INFO - Waiting for file with parameters: /s/ls4/users/selibrin/spiking_researches/correlation_encoding_and_training/mnist/hpo/shifted_nn_restr_stdp_synapse/hpo_data/hpo_iteration_data/4335607/params_1_8.pkl
2025-05-07 05:57:16,252 - INFO - Preparing datasets ...
2025-05-07 05:57:16,252 - INFO - `max_samples` = 0.2
2025-05-07 05:57:21,992 - INFO - Model initialization ...
2025-05-07 05:57:21,996 - INFO - Model fitting ...
2025-05-07 06:01:28,272 - INFO - Model eval ...
2025-05-07 06:04:42,091 - INFO - Available CPUs: [0, 1, 2, 3, 4, 5, 6, 7, 8, 9, 10, 11, 12, 13, 14, 15, 16, 17, 18, 19, 20, 21, 22, 23, 24, 25, 26, 27, 28, 29, 30, 31, 32, 33, 34, 35, 36, 37, 38, 39, 40, 41, 42, 43, 44, 45, 46, 47, 48, 49, 50, 51, 52, 53, 54, 55]
2025-05-07 06:04:42,091 - INFO - Waiting for file with parameters: /s/ls4/users/selibrin/spiking_researches/correlation_encoding_and_training/mnist/hpo/shifted_nn_restr_stdp_synapse/hpo_data/hpo_iteration_data/4335607/params_1_8.pkl
2025-05-07 06:05:52,170 - INFO - Preparing datasets ...
2025-05-07 06:05:52,171 - INFO - `max_samples` = 0.2
2025-05-07 06:05:57,592 - INFO - Model initialization ...
2025-05-07 06:05:57,596 - INFO - Model fitting ...
2025-05-07 06:09:53,236 - INFO - Model eval ...
2025-05-07 06:13:21,913 - INFO - Available CPUs: [0, 1, 2, 3, 4, 5, 6, 7, 8, 9, 10, 11, 12, 13, 14, 15, 16, 17, 18, 19, 20, 21, 22, 23, 24, 25, 26, 27, 28, 29, 30, 31, 32, 33, 34, 35, 36, 37, 38, 39, 40, 41, 42, 43, 44, 45, 46, 47, 48, 49, 50, 51, 52, 53, 54, 55]
2025-05-07 06:13:21,913 - INFO - Waiting for file with parameters: /s/ls4/users/selibrin/spiking_researches/correlation_encoding_and_training/mnist/hpo/shifted_nn_restr_stdp_synapse/hpo_data/hpo_iteration_data/4335607/params_1_8.pkl
2025-05-07 06:14:26,991 - INFO - Preparing datasets ...
2025-05-07 06:14:26,992 - INFO - `max_samples` = 0.2
2025-05-07 06:14:32,614 - INFO - Model initialization ...
2025-05-07 06:14:32,618 - INFO - Model fitting ...
2025-05-07 06:19:01,860 - INFO - Model eval ...
2025-05-07 06:22:37,797 - INFO - Available CPUs: [0, 1, 2, 3, 4, 5, 6, 7, 8, 9, 10, 11, 12, 13, 14, 15, 16, 17, 18, 19, 20, 21, 22, 23, 24, 25, 26, 27, 28, 29, 30, 31, 32, 33, 34, 35, 36, 37, 38, 39, 40, 41, 42, 43, 44, 45, 46, 47, 48, 49, 50, 51, 52, 53, 54, 55]
2025-05-07 06:22:37,797 - INFO - Waiting for file with parameters: /s/ls4/users/selibrin/spiking_researches/correlation_encoding_and_training/mnist/hpo/shifted_nn_restr_stdp_synapse/hpo_data/hpo_iteration_data/4335607/params_1_8.pkl
2025-05-07 06:22:57,821 - INFO - Preparing datasets ...
2025-05-07 06:22:57,821 - INFO - `max_samples` = 0.2
2025-05-07 06:23:03,218 - INFO - Model initialization ...
2025-05-07 06:23:03,229 - INFO - Model fitting ...
2025-05-07 06:27:01,840 - INFO - Model eval ...
2025-05-07 06:30:25,529 - INFO - Available CPUs: [0, 1, 2, 3, 4, 5, 6, 7, 8, 9, 10, 11, 12, 13, 14, 15, 16, 17, 18, 19, 20, 21, 22, 23, 24, 25, 26, 27, 28, 29, 30, 31, 32, 33, 34, 35, 36, 37, 38, 39, 40, 41, 42, 43, 44, 45, 46, 47, 48, 49, 50, 51, 52, 53, 54, 55]
2025-05-07 06:30:25,530 - INFO - Waiting for file with parameters: /s/ls4/users/selibrin/spiking_researches/correlation_encoding_and_training/mnist/hpo/shifted_nn_restr_stdp_synapse/hpo_data/hpo_iteration_data/4335607/params_1_8.pkl
2025-05-07 06:31:35,607 - INFO - Preparing datasets ...
2025-05-07 06:31:35,608 - INFO - `max_samples` = 0.2
2025-05-07 06:31:41,624 - INFO - Model initialization ...
2025-05-07 06:31:41,628 - INFO - Model fitting ...
2025-05-07 06:36:03,589 - INFO - Model eval ...
2025-05-07 06:39:37,320 - INFO - Available CPUs: [0, 1, 2, 3, 4, 5, 6, 7, 8, 9, 10, 11, 12, 13, 14, 15, 16, 17, 18, 19, 20, 21, 22, 23, 24, 25, 26, 27, 28, 29, 30, 31, 32, 33, 34, 35, 36, 37, 38, 39, 40, 41, 42, 43, 44, 45, 46, 47, 48, 49, 50, 51, 52, 53, 54, 55]
2025-05-07 06:39:37,320 - INFO - Waiting for file with parameters: /s/ls4/users/selibrin/spiking_researches/correlation_encoding_and_training/mnist/hpo/shifted_nn_restr_stdp_synapse/hpo_data/hpo_iteration_data/4335607/params_1_8.pkl
2025-05-07 06:40:07,355 - INFO - Preparing datasets ...
2025-05-07 06:40:07,355 - INFO - `max_samples` = 0.2
2025-05-07 06:40:12,879 - INFO - Model initialization ...
2025-05-07 06:40:12,882 - INFO - Model fitting ...
2025-05-07 06:44:24,225 - INFO - Model eval ...
2025-05-07 06:47:55,038 - INFO - Available CPUs: [0, 1, 2, 3, 4, 5, 6, 7, 8, 9, 10, 11, 12, 13, 14, 15, 16, 17, 18, 19, 20, 21, 22, 23, 24, 25, 26, 27, 28, 29, 30, 31, 32, 33, 34, 35, 36, 37, 38, 39, 40, 41, 42, 43, 44, 45, 46, 47, 48, 49, 50, 51, 52, 53, 54, 55]
2025-05-07 06:47:55,038 - INFO - Waiting for file with parameters: /s/ls4/users/selibrin/spiking_researches/correlation_encoding_and_training/mnist/hpo/shifted_nn_restr_stdp_synapse/hpo_data/hpo_iteration_data/4335607/params_1_8.pkl
2025-05-07 06:48:45,093 - INFO - Preparing datasets ...
2025-05-07 06:48:45,093 - INFO - `max_samples` = 0.2
2025-05-07 06:48:49,471 - INFO - Model initialization ...
2025-05-07 06:48:49,473 - INFO - Model fitting ...
2025-05-07 06:52:50,188 - INFO - Model eval ...
2025-05-07 06:56:18,009 - INFO - Available CPUs: [0, 1, 2, 3, 4, 5, 6, 7, 8, 9, 10, 11, 12, 13, 14, 15, 16, 17, 18, 19, 20, 21, 22, 23, 24, 25, 26, 27, 28, 29, 30, 31, 32, 33, 34, 35, 36, 37, 38, 39, 40, 41, 42, 43, 44, 45, 46, 47, 48, 49, 50, 51, 52, 53, 54, 55]
2025-05-07 06:56:18,009 - INFO - Waiting for file with parameters: /s/ls4/users/selibrin/spiking_researches/correlation_encoding_and_training/mnist/hpo/shifted_nn_restr_stdp_synapse/hpo_data/hpo_iteration_data/4335607/params_1_8.pkl
2025-05-07 06:57:18,074 - INFO - Preparing datasets ...
2025-05-07 06:57:18,075 - INFO - `max_samples` = 0.2
2025-05-07 06:57:23,407 - INFO - Model initialization ...
2025-05-07 06:57:23,410 - INFO - Model fitting ...
2025-05-07 07:01:41,664 - INFO - Model eval ...
2025-05-07 07:05:00,567 - INFO - Available CPUs: [0, 1, 2, 3, 4, 5, 6, 7, 8, 9, 10, 11, 12, 13, 14, 15, 16, 17, 18, 19, 20, 21, 22, 23, 24, 25, 26, 27, 28, 29, 30, 31, 32, 33, 34, 35, 36, 37, 38, 39, 40, 41, 42, 43, 44, 45, 46, 47, 48, 49, 50, 51, 52, 53, 54, 55]
2025-05-07 07:05:00,567 - INFO - Waiting for file with parameters: /s/ls4/users/selibrin/spiking_researches/correlation_encoding_and_training/mnist/hpo/shifted_nn_restr_stdp_synapse/hpo_data/hpo_iteration_data/4335607/params_1_8.pkl
2025-05-07 07:05:50,654 - INFO - Preparing datasets ...
2025-05-07 07:05:50,655 - INFO - `max_samples` = 0.2
2025-05-07 07:05:55,070 - INFO - Model initialization ...
2025-05-07 07:05:55,092 - INFO - Model fitting ...
2025-05-07 07:10:08,840 - INFO - Model eval ...
2025-05-07 07:13:42,233 - INFO - Available CPUs: [0, 1, 2, 3, 4, 5, 6, 7, 8, 9, 10, 11, 12, 13, 14, 15, 16, 17, 18, 19, 20, 21, 22, 23, 24, 25, 26, 27, 28, 29, 30, 31, 32, 33, 34, 35, 36, 37, 38, 39, 40, 41, 42, 43, 44, 45, 46, 47, 48, 49, 50, 51, 52, 53, 54, 55]
2025-05-07 07:13:42,233 - INFO - Waiting for file with parameters: /s/ls4/users/selibrin/spiking_researches/correlation_encoding_and_training/mnist/hpo/shifted_nn_restr_stdp_synapse/hpo_data/hpo_iteration_data/4335607/params_1_8.pkl
2025-05-07 07:14:27,307 - INFO - Preparing datasets ...
2025-05-07 07:14:27,307 - INFO - `max_samples` = 0.2
2025-05-07 07:14:31,822 - INFO - Model initialization ...
2025-05-07 07:14:31,826 - INFO - Model fitting ...
2025-05-07 07:18:52,831 - INFO - Model eval ...
2025-05-07 07:22:36,477 - INFO - Available CPUs: [0, 1, 2, 3, 4, 5, 6, 7, 8, 9, 10, 11, 12, 13, 14, 15, 16, 17, 18, 19, 20, 21, 22, 23, 24, 25, 26, 27, 28, 29, 30, 31, 32, 33, 34, 35, 36, 37, 38, 39, 40, 41, 42, 43, 44, 45, 46, 47, 48, 49, 50, 51, 52, 53, 54, 55]
2025-05-07 07:22:36,477 - INFO - Waiting for file with parameters: /s/ls4/users/selibrin/spiking_researches/correlation_encoding_and_training/mnist/hpo/shifted_nn_restr_stdp_synapse/hpo_data/hpo_iteration_data/4335607/params_1_8.pkl
2025-05-07 07:23:01,508 - INFO - Preparing datasets ...
2025-05-07 07:23:01,508 - INFO - `max_samples` = 0.2
2025-05-07 07:23:07,022 - INFO - Model initialization ...
2025-05-07 07:23:07,026 - INFO - Model fitting ...
2025-05-07 07:27:24,987 - INFO - Model eval ...
2025-05-07 07:30:44,025 - INFO - Available CPUs: [0, 1, 2, 3, 4, 5, 6, 7, 8, 9, 10, 11, 12, 13, 14, 15, 16, 17, 18, 19, 20, 21, 22, 23, 24, 25, 26, 27, 28, 29, 30, 31, 32, 33, 34, 35, 36, 37, 38, 39, 40, 41, 42, 43, 44, 45, 46, 47, 48, 49, 50, 51, 52, 53, 54, 55]
2025-05-07 07:30:44,025 - INFO - Waiting for file with parameters: /s/ls4/users/selibrin/spiking_researches/correlation_encoding_and_training/mnist/hpo/shifted_nn_restr_stdp_synapse/hpo_data/hpo_iteration_data/4335607/params_1_8.pkl
2025-05-07 07:31:34,077 - INFO - Preparing datasets ...
2025-05-07 07:31:34,077 - INFO - `max_samples` = 0.2
2025-05-07 07:31:40,196 - INFO - Model initialization ...
2025-05-07 07:31:40,200 - INFO - Model fitting ...
2025-05-07 07:36:19,995 - INFO - Model eval ...
2025-05-07 07:39:53,432 - INFO - Available CPUs: [0, 1, 2, 3, 4, 5, 6, 7, 8, 9, 10, 11, 12, 13, 14, 15, 16, 17, 18, 19, 20, 21, 22, 23, 24, 25, 26, 27, 28, 29, 30, 31, 32, 33, 34, 35, 36, 37, 38, 39, 40, 41, 42, 43, 44, 45, 46, 47, 48, 49, 50, 51, 52, 53, 54, 55]
2025-05-07 07:39:53,432 - INFO - Waiting for file with parameters: /s/ls4/users/selibrin/spiking_researches/correlation_encoding_and_training/mnist/hpo/shifted_nn_restr_stdp_synapse/hpo_data/hpo_iteration_data/4335607/params_1_8.pkl
2025-05-07 07:40:38,480 - INFO - Preparing datasets ...
2025-05-07 07:40:38,480 - INFO - `max_samples` = 0.2
2025-05-07 07:40:44,292 - INFO - Model initialization ...
2025-05-07 07:40:44,297 - INFO - Model fitting ...
2025-05-07 07:45:06,379 - INFO - Model eval ...
2025-05-07 07:48:42,980 - INFO - Available CPUs: [0, 1, 2, 3, 4, 5, 6, 7, 8, 9, 10, 11, 12, 13, 14, 15, 16, 17, 18, 19, 20, 21, 22, 23, 24, 25, 26, 27, 28, 29, 30, 31, 32, 33, 34, 35, 36, 37, 38, 39, 40, 41, 42, 43, 44, 45, 46, 47, 48, 49, 50, 51, 52, 53, 54, 55]
2025-05-07 07:48:42,981 - INFO - Waiting for file with parameters: /s/ls4/users/selibrin/spiking_researches/correlation_encoding_and_training/mnist/hpo/shifted_nn_restr_stdp_synapse/hpo_data/hpo_iteration_data/4335607/params_1_8.pkl
2025-05-07 07:49:18,024 - INFO - Preparing datasets ...
2025-05-07 07:49:18,025 - INFO - `max_samples` = 0.2
2025-05-07 07:49:23,528 - INFO - Model initialization ...
2025-05-07 07:49:23,532 - INFO - Model fitting ...
2025-05-07 07:53:34,415 - INFO - Model eval ...
2025-05-07 07:57:10,625 - INFO - Available CPUs: [0, 1, 2, 3, 4, 5, 6, 7, 8, 9, 10, 11, 12, 13, 14, 15, 16, 17, 18, 19, 20, 21, 22, 23, 24, 25, 26, 27, 28, 29, 30, 31, 32, 33, 34, 35, 36, 37, 38, 39, 40, 41, 42, 43, 44, 45, 46, 47, 48, 49, 50, 51, 52, 53, 54, 55]
2025-05-07 07:57:10,625 - INFO - Waiting for file with parameters: /s/ls4/users/selibrin/spiking_researches/correlation_encoding_and_training/mnist/hpo/shifted_nn_restr_stdp_synapse/hpo_data/hpo_iteration_data/4335607/params_1_8.pkl
2025-05-07 07:57:50,671 - INFO - Preparing datasets ...
2025-05-07 07:57:50,672 - INFO - `max_samples` = 0.2
2025-05-07 07:57:55,397 - INFO - Model initialization ...
2025-05-07 07:57:55,401 - INFO - Model fitting ...
2025-05-07 08:02:12,991 - INFO - Model eval ...
2025-05-07 08:05:35,873 - INFO - Available CPUs: [0, 1, 2, 3, 4, 5, 6, 7, 8, 9, 10, 11, 12, 13, 14, 15, 16, 17, 18, 19, 20, 21, 22, 23, 24, 25, 26, 27, 28, 29, 30, 31, 32, 33, 34, 35, 36, 37, 38, 39, 40, 41, 42, 43, 44, 45, 46, 47, 48, 49, 50, 51, 52, 53, 54, 55]
2025-05-07 08:05:35,874 - INFO - Waiting for file with parameters: /s/ls4/users/selibrin/spiking_researches/correlation_encoding_and_training/mnist/hpo/shifted_nn_restr_stdp_synapse/hpo_data/hpo_iteration_data/4335607/params_1_8.pkl
2025-05-07 08:06:25,930 - INFO - Preparing datasets ...
2025-05-07 08:06:25,931 - INFO - `max_samples` = 0.2
2025-05-07 08:06:31,520 - INFO - Model initialization ...
2025-05-07 08:06:31,524 - INFO - Model fitting ...
2025-05-07 08:10:52,865 - INFO - Model eval ...
2025-05-07 08:14:20,246 - INFO - Available CPUs: [0, 1, 2, 3, 4, 5, 6, 7, 8, 9, 10, 11, 12, 13, 14, 15, 16, 17, 18, 19, 20, 21, 22, 23, 24, 25, 26, 27, 28, 29, 30, 31, 32, 33, 34, 35, 36, 37, 38, 39, 40, 41, 42, 43, 44, 45, 46, 47, 48, 49, 50, 51, 52, 53, 54, 55]
2025-05-07 08:14:20,246 - INFO - Waiting for file with parameters: /s/ls4/users/selibrin/spiking_researches/correlation_encoding_and_training/mnist/hpo/shifted_nn_restr_stdp_synapse/hpo_data/hpo_iteration_data/4335607/params_1_8.pkl
2025-05-07 08:15:00,294 - INFO - Preparing datasets ...
2025-05-07 08:15:00,294 - INFO - `max_samples` = 0.2
2025-05-07 08:15:05,330 - INFO - Model initialization ...
2025-05-07 08:15:05,334 - INFO - Model fitting ...
2025-05-07 08:19:26,136 - INFO - Model eval ...
2025-05-07 08:22:59,910 - INFO - Available CPUs: [0, 1, 2, 3, 4, 5, 6, 7, 8, 9, 10, 11, 12, 13, 14, 15, 16, 17, 18, 19, 20, 21, 22, 23, 24, 25, 26, 27, 28, 29, 30, 31, 32, 33, 34, 35, 36, 37, 38, 39, 40, 41, 42, 43, 44, 45, 46, 47, 48, 49, 50, 51, 52, 53, 54, 55]
2025-05-07 08:22:59,910 - INFO - Waiting for file with parameters: /s/ls4/users/selibrin/spiking_researches/correlation_encoding_and_training/mnist/hpo/shifted_nn_restr_stdp_synapse/hpo_data/hpo_iteration_data/4335607/params_1_8.pkl
2025-05-07 08:23:34,952 - INFO - Preparing datasets ...
2025-05-07 08:23:34,952 - INFO - `max_samples` = 0.2
2025-05-07 08:23:40,621 - INFO - Model initialization ...
2025-05-07 08:23:40,625 - INFO - Model fitting ...
2025-05-07 08:28:06,429 - INFO - Model eval ...
2025-05-07 08:31:54,876 - INFO - Available CPUs: [0, 1, 2, 3, 4, 5, 6, 7, 8, 9, 10, 11, 12, 13, 14, 15, 16, 17, 18, 19, 20, 21, 22, 23, 24, 25, 26, 27, 28, 29, 30, 31, 32, 33, 34, 35, 36, 37, 38, 39, 40, 41, 42, 43, 44, 45, 46, 47, 48, 49, 50, 51, 52, 53, 54, 55]
2025-05-07 08:31:54,877 - INFO - Waiting for file with parameters: /s/ls4/users/selibrin/spiking_researches/correlation_encoding_and_training/mnist/hpo/shifted_nn_restr_stdp_synapse/hpo_data/hpo_iteration_data/4335607/params_1_8.pkl
2025-05-07 08:32:39,927 - INFO - Preparing datasets ...
2025-05-07 08:32:39,928 - INFO - `max_samples` = 0.2
2025-05-07 08:32:45,518 - INFO - Model initialization ...
2025-05-07 08:32:45,520 - INFO - Model fitting ...
2025-05-07 08:37:11,125 - INFO - Model eval ...
2025-05-07 08:40:48,571 - INFO - Available CPUs: [0, 1, 2, 3, 4, 5, 6, 7, 8, 9, 10, 11, 12, 13, 14, 15, 16, 17, 18, 19, 20, 21, 22, 23, 24, 25, 26, 27, 28, 29, 30, 31, 32, 33, 34, 35, 36, 37, 38, 39, 40, 41, 42, 43, 44, 45, 46, 47, 48, 49, 50, 51, 52, 53, 54, 55]
2025-05-07 08:40:48,571 - INFO - Waiting for file with parameters: /s/ls4/users/selibrin/spiking_researches/correlation_encoding_and_training/mnist/hpo/shifted_nn_restr_stdp_synapse/hpo_data/hpo_iteration_data/4335607/params_1_8.pkl
2025-05-07 08:41:43,658 - INFO - Preparing datasets ...
2025-05-07 08:41:43,659 - INFO - `max_samples` = 0.2
2025-05-07 08:41:48,112 - INFO - Model initialization ...
2025-05-07 08:41:48,115 - INFO - Model fitting ...
2025-05-07 08:46:09,503 - INFO - Model eval ...
2025-05-07 08:49:47,214 - INFO - Available CPUs: [0, 1, 2, 3, 4, 5, 6, 7, 8, 9, 10, 11, 12, 13, 14, 15, 16, 17, 18, 19, 20, 21, 22, 23, 24, 25, 26, 27, 28, 29, 30, 31, 32, 33, 34, 35, 36, 37, 38, 39, 40, 41, 42, 43, 44, 45, 46, 47, 48, 49, 50, 51, 52, 53, 54, 55]
2025-05-07 08:49:47,215 - INFO - Waiting for file with parameters: /s/ls4/users/selibrin/spiking_researches/correlation_encoding_and_training/mnist/hpo/shifted_nn_restr_stdp_synapse/hpo_data/hpo_iteration_data/4335607/params_1_8.pkl
2025-05-07 08:50:17,250 - INFO - Preparing datasets ...
2025-05-07 08:50:17,250 - INFO - `max_samples` = 0.2
2025-05-07 08:50:22,045 - INFO - Model initialization ...
2025-05-07 08:50:22,048 - INFO - Model fitting ...
2025-05-07 08:54:36,898 - INFO - Model eval ...
2025-05-07 08:58:20,826 - INFO - Available CPUs: [0, 1, 2, 3, 4, 5, 6, 7, 8, 9, 10, 11, 12, 13, 14, 15, 16, 17, 18, 19, 20, 21, 22, 23, 24, 25, 26, 27, 28, 29, 30, 31, 32, 33, 34, 35, 36, 37, 38, 39, 40, 41, 42, 43, 44, 45, 46, 47, 48, 49, 50, 51, 52, 53, 54, 55]
2025-05-07 08:58:20,826 - INFO - Waiting for file with parameters: /s/ls4/users/selibrin/spiking_researches/correlation_encoding_and_training/mnist/hpo/shifted_nn_restr_stdp_synapse/hpo_data/hpo_iteration_data/4335607/params_1_8.pkl
2025-05-07 08:58:50,860 - INFO - Preparing datasets ...
2025-05-07 08:58:50,861 - INFO - `max_samples` = 0.2
2025-05-07 08:58:55,888 - INFO - Model initialization ...
2025-05-07 08:58:55,892 - INFO - Model fitting ...
2025-05-07 09:03:17,330 - INFO - Model eval ...
2025-05-07 09:06:50,908 - INFO - Available CPUs: [0, 1, 2, 3, 4, 5, 6, 7, 8, 9, 10, 11, 12, 13, 14, 15, 16, 17, 18, 19, 20, 21, 22, 23, 24, 25, 26, 27, 28, 29, 30, 31, 32, 33, 34, 35, 36, 37, 38, 39, 40, 41, 42, 43, 44, 45, 46, 47, 48, 49, 50, 51, 52, 53, 54, 55]
2025-05-07 09:06:50,908 - INFO - Waiting for file with parameters: /s/ls4/users/selibrin/spiking_researches/correlation_encoding_and_training/mnist/hpo/shifted_nn_restr_stdp_synapse/hpo_data/hpo_iteration_data/4335607/params_1_8.pkl
2025-05-07 09:07:55,981 - INFO - Preparing datasets ...
2025-05-07 09:07:55,981 - INFO - `max_samples` = 0.2
2025-05-07 09:08:01,561 - INFO - Model initialization ...
2025-05-07 09:08:01,565 - INFO - Model fitting ...
2025-05-07 09:12:34,905 - INFO - Model eval ...
2025-05-07 09:16:24,532 - INFO - Available CPUs: [0, 1, 2, 3, 4, 5, 6, 7, 8, 9, 10, 11, 12, 13, 14, 15, 16, 17, 18, 19, 20, 21, 22, 23, 24, 25, 26, 27, 28, 29, 30, 31, 32, 33, 34, 35, 36, 37, 38, 39, 40, 41, 42, 43, 44, 45, 46, 47, 48, 49, 50, 51, 52, 53, 54, 55]
2025-05-07 09:16:24,533 - INFO - Waiting for file with parameters: /s/ls4/users/selibrin/spiking_researches/correlation_encoding_and_training/mnist/hpo/shifted_nn_restr_stdp_synapse/hpo_data/hpo_iteration_data/4335607/params_1_8.pkl
2025-05-07 09:16:59,575 - INFO - Preparing datasets ...
2025-05-07 09:16:59,575 - INFO - `max_samples` = 0.2
2025-05-07 09:17:05,288 - INFO - Model initialization ...
2025-05-07 09:17:05,292 - INFO - Model fitting ...
2025-05-07 09:21:32,639 - INFO - Model eval ...
2025-05-07 09:25:16,279 - INFO - Available CPUs: [0, 1, 2, 3, 4, 5, 6, 7, 8, 9, 10, 11, 12, 13, 14, 15, 16, 17, 18, 19, 20, 21, 22, 23, 24, 25, 26, 27, 28, 29, 30, 31, 32, 33, 34, 35, 36, 37, 38, 39, 40, 41, 42, 43, 44, 45, 46, 47, 48, 49, 50, 51, 52, 53, 54, 55]
2025-05-07 09:25:16,279 - INFO - Waiting for file with parameters: /s/ls4/users/selibrin/spiking_researches/correlation_encoding_and_training/mnist/hpo/shifted_nn_restr_stdp_synapse/hpo_data/hpo_iteration_data/4335607/params_1_8.pkl
2025-05-07 09:26:06,331 - INFO - Preparing datasets ...
2025-05-07 09:26:06,332 - INFO - `max_samples` = 0.2
2025-05-07 09:26:11,939 - INFO - Model initialization ...
2025-05-07 09:26:11,943 - INFO - Model fitting ...
2025-05-07 09:30:26,742 - INFO - Model eval ...
2025-05-07 09:34:04,534 - INFO - Available CPUs: [0, 1, 2, 3, 4, 5, 6, 7, 8, 9, 10, 11, 12, 13, 14, 15, 16, 17, 18, 19, 20, 21, 22, 23, 24, 25, 26, 27, 28, 29, 30, 31, 32, 33, 34, 35, 36, 37, 38, 39, 40, 41, 42, 43, 44, 45, 46, 47, 48, 49, 50, 51, 52, 53, 54, 55]
2025-05-07 09:34:04,534 - INFO - Waiting for file with parameters: /s/ls4/users/selibrin/spiking_researches/correlation_encoding_and_training/mnist/hpo/shifted_nn_restr_stdp_synapse/hpo_data/hpo_iteration_data/4335607/params_1_8.pkl
2025-05-07 09:34:39,576 - INFO - Preparing datasets ...
2025-05-07 09:34:39,576 - INFO - `max_samples` = 0.2
2025-05-07 09:34:45,000 - INFO - Model initialization ...
2025-05-07 09:34:45,005 - INFO - Model fitting ...
2025-05-07 09:39:05,114 - INFO - Model eval ...
2025-05-07 09:42:40,926 - INFO - Available CPUs: [0, 1, 2, 3, 4, 5, 6, 7, 8, 9, 10, 11, 12, 13, 14, 15, 16, 17, 18, 19, 20, 21, 22, 23, 24, 25, 26, 27, 28, 29, 30, 31, 32, 33, 34, 35, 36, 37, 38, 39, 40, 41, 42, 43, 44, 45, 46, 47, 48, 49, 50, 51, 52, 53, 54, 55]
2025-05-07 09:42:40,926 - INFO - Waiting for file with parameters: /s/ls4/users/selibrin/spiking_researches/correlation_encoding_and_training/mnist/hpo/shifted_nn_restr_stdp_synapse/hpo_data/hpo_iteration_data/4335607/params_1_8.pkl
2025-05-07 09:43:10,960 - INFO - Preparing datasets ...
2025-05-07 09:43:10,960 - INFO - `max_samples` = 0.2
2025-05-07 09:43:16,594 - INFO - Model initialization ...
2025-05-07 09:43:16,599 - INFO - Model fitting ...
2025-05-07 09:47:49,094 - INFO - Model eval ...
2025-05-07 09:51:33,536 - INFO - Available CPUs: [0, 1, 2, 3, 4, 5, 6, 7, 8, 9, 10, 11, 12, 13, 14, 15, 16, 17, 18, 19, 20, 21, 22, 23, 24, 25, 26, 27, 28, 29, 30, 31, 32, 33, 34, 35, 36, 37, 38, 39, 40, 41, 42, 43, 44, 45, 46, 47, 48, 49, 50, 51, 52, 53, 54, 55]
2025-05-07 09:51:33,537 - INFO - Waiting for file with parameters: /s/ls4/users/selibrin/spiking_researches/correlation_encoding_and_training/mnist/hpo/shifted_nn_restr_stdp_synapse/hpo_data/hpo_iteration_data/4335607/params_1_8.pkl
2025-05-07 09:52:13,584 - INFO - Preparing datasets ...
2025-05-07 09:52:13,585 - INFO - `max_samples` = 0.2
2025-05-07 09:52:17,150 - INFO - Model initialization ...
2025-05-07 09:52:17,161 - INFO - Model fitting ...
2025-05-07 09:56:47,586 - INFO - Model eval ...
2025-05-07 10:00:24,888 - INFO - Available CPUs: [0, 1, 2, 3, 4, 5, 6, 7, 8, 9, 10, 11, 12, 13, 14, 15, 16, 17, 18, 19, 20, 21, 22, 23, 24, 25, 26, 27, 28, 29, 30, 31, 32, 33, 34, 35, 36, 37, 38, 39, 40, 41, 42, 43, 44, 45, 46, 47, 48, 49, 50, 51, 52, 53, 54, 55]
2025-05-07 10:00:24,889 - INFO - Waiting for file with parameters: /s/ls4/users/selibrin/spiking_researches/correlation_encoding_and_training/mnist/hpo/shifted_nn_restr_stdp_synapse/hpo_data/hpo_iteration_data/4335607/params_1_8.pkl
2025-05-07 10:00:49,919 - INFO - Preparing datasets ...
2025-05-07 10:00:49,919 - INFO - `max_samples` = 0.2
2025-05-07 10:00:54,632 - INFO - Model initialization ...
2025-05-07 10:00:54,660 - INFO - Model fitting ...
2025-05-07 10:04:40,093 - INFO - Model eval ...
2025-05-07 10:08:00,415 - INFO - Available CPUs: [0, 1, 2, 3, 4, 5, 6, 7, 8, 9, 10, 11, 12, 13, 14, 15, 16, 17, 18, 19, 20, 21, 22, 23, 24, 25, 26, 27, 28, 29, 30, 31, 32, 33, 34, 35, 36, 37, 38, 39, 40, 41, 42, 43, 44, 45, 46, 47, 48, 49, 50, 51, 52, 53, 54, 55]
2025-05-07 10:08:00,416 - INFO - Waiting for file with parameters: /s/ls4/users/selibrin/spiking_researches/correlation_encoding_and_training/mnist/hpo/shifted_nn_restr_stdp_synapse/hpo_data/hpo_iteration_data/4335607/params_1_8.pkl
2025-05-07 10:08:55,477 - INFO - Preparing datasets ...
2025-05-07 10:08:55,478 - INFO - `max_samples` = 0.2
2025-05-07 10:09:00,019 - INFO - Model initialization ...
2025-05-07 10:09:00,023 - INFO - Model fitting ...
2025-05-07 10:13:08,564 - INFO - Model eval ...
2025-05-07 10:16:32,891 - INFO - Available CPUs: [0, 1, 2, 3, 4, 5, 6, 7, 8, 9, 10, 11, 12, 13, 14, 15, 16, 17, 18, 19, 20, 21, 22, 23, 24, 25, 26, 27, 28, 29, 30, 31, 32, 33, 34, 35, 36, 37, 38, 39, 40, 41, 42, 43, 44, 45, 46, 47, 48, 49, 50, 51, 52, 53, 54, 55]
2025-05-07 10:16:32,891 - INFO - Waiting for file with parameters: /s/ls4/users/selibrin/spiking_researches/correlation_encoding_and_training/mnist/hpo/shifted_nn_restr_stdp_synapse/hpo_data/hpo_iteration_data/4335607/params_1_8.pkl
2025-05-07 10:16:57,932 - INFO - Preparing datasets ...
2025-05-07 10:16:57,933 - INFO - `max_samples` = 0.2
2025-05-07 10:17:02,645 - INFO - Model initialization ...
2025-05-07 10:17:02,648 - INFO - Model fitting ...
2025-05-07 10:20:57,222 - INFO - Model eval ...
2025-05-07 10:24:20,787 - INFO - Available CPUs: [0, 1, 2, 3, 4, 5, 6, 7, 8, 9, 10, 11, 12, 13, 14, 15, 16, 17, 18, 19, 20, 21, 22, 23, 24, 25, 26, 27, 28, 29, 30, 31, 32, 33, 34, 35, 36, 37, 38, 39, 40, 41, 42, 43, 44, 45, 46, 47, 48, 49, 50, 51, 52, 53, 54, 55]
2025-05-07 10:24:20,788 - INFO - Waiting for file with parameters: /s/ls4/users/selibrin/spiking_researches/correlation_encoding_and_training/mnist/hpo/shifted_nn_restr_stdp_synapse/hpo_data/hpo_iteration_data/4335607/params_1_8.pkl
2025-05-07 10:25:35,881 - INFO - Preparing datasets ...
2025-05-07 10:25:35,881 - INFO - `max_samples` = 0.2
2025-05-07 10:25:41,376 - INFO - Model initialization ...
2025-05-07 10:25:41,380 - INFO - Model fitting ...
2025-05-07 10:29:51,652 - INFO - Model eval ...
2025-05-07 10:32:55,045 - INFO - Available CPUs: [0, 1, 2, 3, 4, 5, 6, 7, 8, 9, 10, 11, 12, 13, 14, 15, 16, 17, 18, 19, 20, 21, 22, 23, 24, 25, 26, 27, 28, 29, 30, 31, 32, 33, 34, 35, 36, 37, 38, 39, 40, 41, 42, 43, 44, 45, 46, 47, 48, 49, 50, 51, 52, 53, 54, 55]
2025-05-07 10:32:55,046 - INFO - Waiting for file with parameters: /s/ls4/users/selibrin/spiking_researches/correlation_encoding_and_training/mnist/hpo/shifted_nn_restr_stdp_synapse/hpo_data/hpo_iteration_data/4335607/params_1_8.pkl
2025-05-07 10:34:40,162 - INFO - Preparing datasets ...
2025-05-07 10:34:40,162 - INFO - `max_samples` = 0.2
2025-05-07 10:34:44,735 - INFO - Model initialization ...
2025-05-07 10:34:44,739 - INFO - Model fitting ...
2025-05-07 10:38:53,404 - INFO - Model eval ...
2025-05-07 10:42:08,549 - INFO - Available CPUs: [0, 1, 2, 3, 4, 5, 6, 7, 8, 9, 10, 11, 12, 13, 14, 15, 16, 17, 18, 19, 20, 21, 22, 23, 24, 25, 26, 27, 28, 29, 30, 31, 32, 33, 34, 35, 36, 37, 38, 39, 40, 41, 42, 43, 44, 45, 46, 47, 48, 49, 50, 51, 52, 53, 54, 55]
2025-05-07 10:42:08,549 - INFO - Waiting for file with parameters: /s/ls4/users/selibrin/spiking_researches/correlation_encoding_and_training/mnist/hpo/shifted_nn_restr_stdp_synapse/hpo_data/hpo_iteration_data/4335607/params_1_8.pkl
2025-05-07 10:43:13,629 - INFO - Preparing datasets ...
2025-05-07 10:43:13,630 - INFO - `max_samples` = 0.2
2025-05-07 10:43:17,747 - INFO - Model initialization ...
2025-05-07 10:43:17,751 - INFO - Model fitting ...
2025-05-07 10:47:36,300 - INFO - Model eval ...
2025-05-07 10:51:11,693 - INFO - Available CPUs: [0, 1, 2, 3, 4, 5, 6, 7, 8, 9, 10, 11, 12, 13, 14, 15, 16, 17, 18, 19, 20, 21, 22, 23, 24, 25, 26, 27, 28, 29, 30, 31, 32, 33, 34, 35, 36, 37, 38, 39, 40, 41, 42, 43, 44, 45, 46, 47, 48, 49, 50, 51, 52, 53, 54, 55]
2025-05-07 10:51:11,694 - INFO - Waiting for file with parameters: /s/ls4/users/selibrin/spiking_researches/correlation_encoding_and_training/mnist/hpo/shifted_nn_restr_stdp_synapse/hpo_data/hpo_iteration_data/4335607/params_1_8.pkl
2025-05-07 10:52:21,773 - INFO - Preparing datasets ...
2025-05-07 10:52:21,773 - INFO - `max_samples` = 0.2
2025-05-07 10:52:27,244 - INFO - Model initialization ...
2025-05-07 10:52:27,247 - INFO - Model fitting ...
2025-05-07 10:56:33,269 - INFO - Model eval ...
2025-05-07 11:00:12,853 - INFO - Available CPUs: [0, 1, 2, 3, 4, 5, 6, 7, 8, 9, 10, 11, 12, 13, 14, 15, 16, 17, 18, 19, 20, 21, 22, 23, 24, 25, 26, 27, 28, 29, 30, 31, 32, 33, 34, 35, 36, 37, 38, 39, 40, 41, 42, 43, 44, 45, 46, 47, 48, 49, 50, 51, 52, 53, 54, 55]
2025-05-07 11:00:12,853 - INFO - Waiting for file with parameters: /s/ls4/users/selibrin/spiking_researches/correlation_encoding_and_training/mnist/hpo/shifted_nn_restr_stdp_synapse/hpo_data/hpo_iteration_data/4335607/params_1_8.pkl
2025-05-07 11:01:22,922 - INFO - Preparing datasets ...
2025-05-07 11:01:22,922 - INFO - `max_samples` = 0.2
2025-05-07 11:01:28,342 - INFO - Model initialization ...
2025-05-07 11:01:28,345 - INFO - Model fitting ...
2025-05-07 11:05:46,151 - INFO - Model eval ...
2025-05-07 11:09:07,712 - INFO - Available CPUs: [0, 1, 2, 3, 4, 5, 6, 7, 8, 9, 10, 11, 12, 13, 14, 15, 16, 17, 18, 19, 20, 21, 22, 23, 24, 25, 26, 27, 28, 29, 30, 31, 32, 33, 34, 35, 36, 37, 38, 39, 40, 41, 42, 43, 44, 45, 46, 47, 48, 49, 50, 51, 52, 53, 54, 55]
2025-05-07 11:09:07,713 - INFO - Waiting for file with parameters: /s/ls4/users/selibrin/spiking_researches/correlation_encoding_and_training/mnist/hpo/shifted_nn_restr_stdp_synapse/hpo_data/hpo_iteration_data/4335607/params_1_8.pkl
2025-05-07 11:09:57,779 - INFO - Preparing datasets ...
2025-05-07 11:09:57,780 - INFO - `max_samples` = 0.2
2025-05-07 11:10:03,027 - INFO - Model initialization ...
2025-05-07 11:10:03,031 - INFO - Model fitting ...
2025-05-07 11:14:26,746 - INFO - Model eval ...
2025-05-07 11:18:02,449 - INFO - Available CPUs: [0, 1, 2, 3, 4, 5, 6, 7, 8, 9, 10, 11, 12, 13, 14, 15, 16, 17, 18, 19, 20, 21, 22, 23, 24, 25, 26, 27, 28, 29, 30, 31, 32, 33, 34, 35, 36, 37, 38, 39, 40, 41, 42, 43, 44, 45, 46, 47, 48, 49, 50, 51, 52, 53, 54, 55]
2025-05-07 11:18:02,449 - INFO - Waiting for file with parameters: /s/ls4/users/selibrin/spiking_researches/correlation_encoding_and_training/mnist/hpo/shifted_nn_restr_stdp_synapse/hpo_data/hpo_iteration_data/4335607/params_1_8.pkl
2025-05-07 11:19:02,516 - INFO - Preparing datasets ...
2025-05-07 11:19:02,517 - INFO - `max_samples` = 0.2
2025-05-07 11:19:08,054 - INFO - Model initialization ...
2025-05-07 11:19:08,059 - INFO - Model fitting ...
2025-05-07 11:23:41,856 - INFO - Model eval ...
2025-05-07 11:27:29,521 - INFO - Available CPUs: [0, 1, 2, 3, 4, 5, 6, 7, 8, 9, 10, 11, 12, 13, 14, 15, 16, 17, 18, 19, 20, 21, 22, 23, 24, 25, 26, 27, 28, 29, 30, 31, 32, 33, 34, 35, 36, 37, 38, 39, 40, 41, 42, 43, 44, 45, 46, 47, 48, 49, 50, 51, 52, 53, 54, 55]
2025-05-07 11:27:29,521 - INFO - Waiting for file with parameters: /s/ls4/users/selibrin/spiking_researches/correlation_encoding_and_training/mnist/hpo/shifted_nn_restr_stdp_synapse/hpo_data/hpo_iteration_data/4335607/params_1_8.pkl
2025-05-07 11:28:09,566 - INFO - Preparing datasets ...
2025-05-07 11:28:09,566 - INFO - `max_samples` = 0.2
2025-05-07 11:28:14,799 - INFO - Model initialization ...
2025-05-07 11:28:14,803 - INFO - Model fitting ...
2025-05-07 11:32:38,345 - INFO - Model eval ...
2025-05-07 11:36:12,107 - INFO - Available CPUs: [0, 1, 2, 3, 4, 5, 6, 7, 8, 9, 10, 11, 12, 13, 14, 15, 16, 17, 18, 19, 20, 21, 22, 23, 24, 25, 26, 27, 28, 29, 30, 31, 32, 33, 34, 35, 36, 37, 38, 39, 40, 41, 42, 43, 44, 45, 46, 47, 48, 49, 50, 51, 52, 53, 54, 55]
2025-05-07 11:36:12,107 - INFO - Waiting for file with parameters: /s/ls4/users/selibrin/spiking_researches/correlation_encoding_and_training/mnist/hpo/shifted_nn_restr_stdp_synapse/hpo_data/hpo_iteration_data/4335607/params_1_8.pkl
2025-05-07 11:36:42,140 - INFO - Preparing datasets ...
2025-05-07 11:36:42,140 - INFO - `max_samples` = 0.2
2025-05-07 11:36:47,051 - INFO - Model initialization ...
2025-05-07 11:36:47,054 - INFO - Model fitting ...
2025-05-07 11:41:02,562 - INFO - Model eval ...
2025-05-07 11:44:37,091 - INFO - Available CPUs: [0, 1, 2, 3, 4, 5, 6, 7, 8, 9, 10, 11, 12, 13, 14, 15, 16, 17, 18, 19, 20, 21, 22, 23, 24, 25, 26, 27, 28, 29, 30, 31, 32, 33, 34, 35, 36, 37, 38, 39, 40, 41, 42, 43, 44, 45, 46, 47, 48, 49, 50, 51, 52, 53, 54, 55]
2025-05-07 11:44:37,091 - INFO - Waiting for file with parameters: /s/ls4/users/selibrin/spiking_researches/correlation_encoding_and_training/mnist/hpo/shifted_nn_restr_stdp_synapse/hpo_data/hpo_iteration_data/4335607/params_1_8.pkl
2025-05-07 11:45:17,137 - INFO - Preparing datasets ...
2025-05-07 11:45:17,137 - INFO - `max_samples` = 0.2
2025-05-07 11:45:22,080 - INFO - Model initialization ...
2025-05-07 11:45:22,083 - INFO - Model fitting ...
2025-05-07 11:49:43,364 - INFO - Model eval ...
2025-05-07 11:53:12,734 - INFO - Available CPUs: [0, 1, 2, 3, 4, 5, 6, 7, 8, 9, 10, 11, 12, 13, 14, 15, 16, 17, 18, 19, 20, 21, 22, 23, 24, 25, 26, 27, 28, 29, 30, 31, 32, 33, 34, 35, 36, 37, 38, 39, 40, 41, 42, 43, 44, 45, 46, 47, 48, 49, 50, 51, 52, 53, 54, 55]
2025-05-07 11:53:12,734 - INFO - Waiting for file with parameters: /s/ls4/users/selibrin/spiking_researches/correlation_encoding_and_training/mnist/hpo/shifted_nn_restr_stdp_synapse/hpo_data/hpo_iteration_data/4335607/params_1_8.pkl
2025-05-07 11:54:18,788 - INFO - Preparing datasets ...
2025-05-07 11:54:18,788 - INFO - `max_samples` = 0.2
2025-05-07 11:54:23,352 - INFO - Model initialization ...
2025-05-07 11:54:26,025 - INFO - Model fitting ...
2025-05-07 11:58:18,243 - INFO - Model eval ...
2025-05-07 12:01:47,884 - INFO - Available CPUs: [0, 1, 2, 3, 4, 5, 6, 7, 8, 9, 10, 11, 12, 13, 14, 15, 16, 17, 18, 19, 20, 21, 22, 23, 24, 25, 26, 27, 28, 29, 30, 31, 32, 33, 34, 35, 36, 37, 38, 39, 40, 41, 42, 43, 44, 45, 46, 47, 48, 49, 50, 51, 52, 53, 54, 55]
2025-05-07 12:01:47,884 - INFO - Waiting for file with parameters: /s/ls4/users/selibrin/spiking_researches/correlation_encoding_and_training/mnist/hpo/shifted_nn_restr_stdp_synapse/hpo_data/hpo_iteration_data/4335607/params_1_8.pkl
2025-05-07 12:02:52,955 - INFO - Preparing datasets ...
2025-05-07 12:02:52,956 - INFO - `max_samples` = 0.2
2025-05-07 12:02:57,687 - INFO - Model initialization ...
2025-05-07 12:02:57,690 - INFO - Model fitting ...
2025-05-07 12:07:21,824 - INFO - Model eval ...
2025-05-07 12:10:47,901 - INFO - Available CPUs: [0, 1, 2, 3, 4, 5, 6, 7, 8, 9, 10, 11, 12, 13, 14, 15, 16, 17, 18, 19, 20, 21, 22, 23, 24, 25, 26, 27, 28, 29, 30, 31, 32, 33, 34, 35, 36, 37, 38, 39, 40, 41, 42, 43, 44, 45, 46, 47, 48, 49, 50, 51, 52, 53, 54, 55]
2025-05-07 12:10:47,902 - INFO - Waiting for file with parameters: /s/ls4/users/selibrin/spiking_researches/correlation_encoding_and_training/mnist/hpo/shifted_nn_restr_stdp_synapse/hpo_data/hpo_iteration_data/4335607/params_1_8.pkl
2025-05-07 12:11:57,967 - INFO - Preparing datasets ...
2025-05-07 12:11:57,967 - INFO - `max_samples` = 0.2
2025-05-07 12:12:03,459 - INFO - Model initialization ...
2025-05-07 12:12:03,463 - INFO - Model fitting ...
2025-05-07 12:16:41,695 - INFO - Model eval ...
2025-05-07 12:20:32,202 - INFO - Available CPUs: [0, 1, 2, 3, 4, 5, 6, 7, 8, 9, 10, 11, 12, 13, 14, 15, 16, 17, 18, 19, 20, 21, 22, 23, 24, 25, 26, 27, 28, 29, 30, 31, 32, 33, 34, 35, 36, 37, 38, 39, 40, 41, 42, 43, 44, 45, 46, 47, 48, 49, 50, 51, 52, 53, 54, 55]
2025-05-07 12:20:32,203 - INFO - Waiting for file with parameters: /s/ls4/users/selibrin/spiking_researches/correlation_encoding_and_training/mnist/hpo/shifted_nn_restr_stdp_synapse/hpo_data/hpo_iteration_data/4335607/params_1_8.pkl
2025-05-07 12:21:02,238 - INFO - Preparing datasets ...
2025-05-07 12:21:02,238 - INFO - `max_samples` = 0.2
2025-05-07 12:21:07,589 - INFO - Model initialization ...
2025-05-07 12:21:07,594 - INFO - Model fitting ...
2025-05-07 12:25:06,014 - INFO - Model eval ...
2025-05-07 12:28:49,169 - INFO - Available CPUs: [0, 1, 2, 3, 4, 5, 6, 7, 8, 9, 10, 11, 12, 13, 14, 15, 16, 17, 18, 19, 20, 21, 22, 23, 24, 25, 26, 27, 28, 29, 30, 31, 32, 33, 34, 35, 36, 37, 38, 39, 40, 41, 42, 43, 44, 45, 46, 47, 48, 49, 50, 51, 52, 53, 54, 55]
2025-05-07 12:28:49,170 - INFO - Waiting for file with parameters: /s/ls4/users/selibrin/spiking_researches/correlation_encoding_and_training/mnist/hpo/shifted_nn_restr_stdp_synapse/hpo_data/hpo_iteration_data/4335607/params_1_8.pkl
2025-05-07 12:30:09,263 - INFO - Preparing datasets ...
2025-05-07 12:30:09,263 - INFO - `max_samples` = 0.2
2025-05-07 12:30:14,661 - INFO - Model initialization ...
2025-05-07 12:30:14,664 - INFO - Model fitting ...
2025-05-07 12:34:40,784 - INFO - Model eval ...
2025-05-07 12:37:52,073 - INFO - Available CPUs: [0, 1, 2, 3, 4, 5, 6, 7, 8, 9, 10, 11, 12, 13, 14, 15, 16, 17, 18, 19, 20, 21, 22, 23, 24, 25, 26, 27, 28, 29, 30, 31, 32, 33, 34, 35, 36, 37, 38, 39, 40, 41, 42, 43, 44, 45, 46, 47, 48, 49, 50, 51, 52, 53, 54, 55]
2025-05-07 12:37:52,073 - INFO - Waiting for file with parameters: /s/ls4/users/selibrin/spiking_researches/correlation_encoding_and_training/mnist/hpo/shifted_nn_restr_stdp_synapse/hpo_data/hpo_iteration_data/4335607/params_1_8.pkl
2025-05-07 12:39:12,159 - INFO - Preparing datasets ...
2025-05-07 12:39:12,160 - INFO - `max_samples` = 0.2
2025-05-07 12:39:17,657 - INFO - Model initialization ...
2025-05-07 12:39:17,661 - INFO - Model fitting ...
2025-05-07 12:44:00,375 - INFO - Model eval ...
2025-05-07 12:47:48,871 - INFO - Available CPUs: [0, 1, 2, 3, 4, 5, 6, 7, 8, 9, 10, 11, 12, 13, 14, 15, 16, 17, 18, 19, 20, 21, 22, 23, 24, 25, 26, 27, 28, 29, 30, 31, 32, 33, 34, 35, 36, 37, 38, 39, 40, 41, 42, 43, 44, 45, 46, 47, 48, 49, 50, 51, 52, 53, 54, 55]
2025-05-07 12:47:48,871 - INFO - Waiting for file with parameters: /s/ls4/users/selibrin/spiking_researches/correlation_encoding_and_training/mnist/hpo/shifted_nn_restr_stdp_synapse/hpo_data/hpo_iteration_data/4335607/params_1_8.pkl
2025-05-07 12:48:18,906 - INFO - Preparing datasets ...
2025-05-07 12:48:18,906 - INFO - `max_samples` = 0.2
2025-05-07 12:48:24,261 - INFO - Model initialization ...
2025-05-07 12:48:24,265 - INFO - Model fitting ...
2025-05-07 12:52:43,961 - INFO - Model eval ...
2025-05-07 12:56:19,274 - INFO - Available CPUs: [0, 1, 2, 3, 4, 5, 6, 7, 8, 9, 10, 11, 12, 13, 14, 15, 16, 17, 18, 19, 20, 21, 22, 23, 24, 25, 26, 27, 28, 29, 30, 31, 32, 33, 34, 35, 36, 37, 38, 39, 40, 41, 42, 43, 44, 45, 46, 47, 48, 49, 50, 51, 52, 53, 54, 55]
2025-05-07 12:56:19,274 - INFO - Waiting for file with parameters: /s/ls4/users/selibrin/spiking_researches/correlation_encoding_and_training/mnist/hpo/shifted_nn_restr_stdp_synapse/hpo_data/hpo_iteration_data/4335607/params_1_8.pkl
2025-05-07 12:57:24,343 - INFO - Preparing datasets ...
2025-05-07 12:57:24,344 - INFO - `max_samples` = 0.2
2025-05-07 12:57:29,372 - INFO - Model initialization ...
2025-05-07 12:57:29,376 - INFO - Model fitting ...
2025-05-07 13:01:44,193 - INFO - Model eval ...
2025-05-07 13:04:59,915 - INFO - Available CPUs: [0, 1, 2, 3, 4, 5, 6, 7, 8, 9, 10, 11, 12, 13, 14, 15, 16, 17, 18, 19, 20, 21, 22, 23, 24, 25, 26, 27, 28, 29, 30, 31, 32, 33, 34, 35, 36, 37, 38, 39, 40, 41, 42, 43, 44, 45, 46, 47, 48, 49, 50, 51, 52, 53, 54, 55]
2025-05-07 13:04:59,915 - INFO - Waiting for file with parameters: /s/ls4/users/selibrin/spiking_researches/correlation_encoding_and_training/mnist/hpo/shifted_nn_restr_stdp_synapse/hpo_data/hpo_iteration_data/4335607/params_1_8.pkl
2025-05-07 13:06:25,055 - INFO - Preparing datasets ...
2025-05-07 13:06:25,056 - INFO - `max_samples` = 0.2
2025-05-07 13:06:29,642 - INFO - Model initialization ...
2025-05-07 13:06:29,646 - INFO - Model fitting ...
2025-05-07 13:10:39,181 - INFO - Model eval ...
2025-05-07 13:14:02,150 - INFO - Available CPUs: [0, 1, 2, 3, 4, 5, 6, 7, 8, 9, 10, 11, 12, 13, 14, 15, 16, 17, 18, 19, 20, 21, 22, 23, 24, 25, 26, 27, 28, 29, 30, 31, 32, 33, 34, 35, 36, 37, 38, 39, 40, 41, 42, 43, 44, 45, 46, 47, 48, 49, 50, 51, 52, 53, 54, 55]
2025-05-07 13:14:02,150 - INFO - Waiting for file with parameters: /s/ls4/users/selibrin/spiking_researches/correlation_encoding_and_training/mnist/hpo/shifted_nn_restr_stdp_synapse/hpo_data/hpo_iteration_data/4335607/params_1_8.pkl
2025-05-07 13:15:02,235 - INFO - Preparing datasets ...
2025-05-07 13:15:02,235 - INFO - `max_samples` = 0.2
2025-05-07 13:15:06,241 - INFO - Model initialization ...
2025-05-07 13:15:06,244 - INFO - Model fitting ...
2025-05-07 13:19:17,273 - INFO - Model eval ...
2025-05-07 13:22:50,355 - INFO - Available CPUs: [0, 1, 2, 3, 4, 5, 6, 7, 8, 9, 10, 11, 12, 13, 14, 15, 16, 17, 18, 19, 20, 21, 22, 23, 24, 25, 26, 27, 28, 29, 30, 31, 32, 33, 34, 35, 36, 37, 38, 39, 40, 41, 42, 43, 44, 45, 46, 47, 48, 49, 50, 51, 52, 53, 54, 55]
2025-05-07 13:22:50,355 - INFO - Waiting for file with parameters: /s/ls4/users/selibrin/spiking_researches/correlation_encoding_and_training/mnist/hpo/shifted_nn_restr_stdp_synapse/hpo_data/hpo_iteration_data/4335607/params_1_8.pkl
2025-05-07 13:24:05,434 - INFO - Preparing datasets ...
2025-05-07 13:24:05,435 - INFO - `max_samples` = 0.2
2025-05-07 13:24:11,043 - INFO - Model initialization ...
2025-05-07 13:24:11,047 - INFO - Model fitting ...
2025-05-07 13:28:50,889 - INFO - Model eval ...
2025-05-07 13:32:21,775 - INFO - Available CPUs: [0, 1, 2, 3, 4, 5, 6, 7, 8, 9, 10, 11, 12, 13, 14, 15, 16, 17, 18, 19, 20, 21, 22, 23, 24, 25, 26, 27, 28, 29, 30, 31, 32, 33, 34, 35, 36, 37, 38, 39, 40, 41, 42, 43, 44, 45, 46, 47, 48, 49, 50, 51, 52, 53, 54, 55]
2025-05-07 13:32:21,775 - INFO - Waiting for file with parameters: /s/ls4/users/selibrin/spiking_researches/correlation_encoding_and_training/mnist/hpo/shifted_nn_restr_stdp_synapse/hpo_data/hpo_iteration_data/4335607/params_1_8.pkl
2025-05-07 13:33:36,860 - INFO - Preparing datasets ...
2025-05-07 13:33:36,860 - INFO - `max_samples` = 0.2
2025-05-07 13:33:41,018 - INFO - Model initialization ...
2025-05-07 13:33:41,033 - INFO - Model fitting ...
2025-05-07 13:37:49,379 - INFO - Model eval ...
2025-05-07 13:41:14,087 - INFO - Available CPUs: [0, 1, 2, 3, 4, 5, 6, 7, 8, 9, 10, 11, 12, 13, 14, 15, 16, 17, 18, 19, 20, 21, 22, 23, 24, 25, 26, 27, 28, 29, 30, 31, 32, 33, 34, 35, 36, 37, 38, 39, 40, 41, 42, 43, 44, 45, 46, 47, 48, 49, 50, 51, 52, 53, 54, 55]
2025-05-07 13:41:14,087 - INFO - Waiting for file with parameters: /s/ls4/users/selibrin/spiking_researches/correlation_encoding_and_training/mnist/hpo/shifted_nn_restr_stdp_synapse/hpo_data/hpo_iteration_data/4335607/params_1_8.pkl
2025-05-07 13:42:14,155 - INFO - Preparing datasets ...
2025-05-07 13:42:14,155 - INFO - `max_samples` = 0.2
2025-05-07 13:42:19,858 - INFO - Model initialization ...
2025-05-07 13:42:19,862 - INFO - Model fitting ...
2025-05-07 13:46:48,670 - INFO - Model eval ...
2025-05-07 13:50:33,526 - INFO - Available CPUs: [0, 1, 2, 3, 4, 5, 6, 7, 8, 9, 10, 11, 12, 13, 14, 15, 16, 17, 18, 19, 20, 21, 22, 23, 24, 25, 26, 27, 28, 29, 30, 31, 32, 33, 34, 35, 36, 37, 38, 39, 40, 41, 42, 43, 44, 45, 46, 47, 48, 49, 50, 51, 52, 53, 54, 55]
2025-05-07 13:50:33,526 - INFO - Waiting for file with parameters: /s/ls4/users/selibrin/spiking_researches/correlation_encoding_and_training/mnist/hpo/shifted_nn_restr_stdp_synapse/hpo_data/hpo_iteration_data/4335607/params_1_8.pkl
2025-05-07 13:51:18,576 - INFO - Preparing datasets ...
2025-05-07 13:51:18,577 - INFO - `max_samples` = 0.2
2025-05-07 13:51:24,065 - INFO - Model initialization ...
2025-05-07 13:51:24,069 - INFO - Model fitting ...
2025-05-07 13:55:37,187 - INFO - Model eval ...
2025-05-07 13:59:20,908 - INFO - Available CPUs: [0, 1, 2, 3, 4, 5, 6, 7, 8, 9, 10, 11, 12, 13, 14, 15, 16, 17, 18, 19, 20, 21, 22, 23, 24, 25, 26, 27, 28, 29, 30, 31, 32, 33, 34, 35, 36, 37, 38, 39, 40, 41, 42, 43, 44, 45, 46, 47, 48, 49, 50, 51, 52, 53, 54, 55]
2025-05-07 13:59:20,909 - INFO - Waiting for file with parameters: /s/ls4/users/selibrin/spiking_researches/correlation_encoding_and_training/mnist/hpo/shifted_nn_restr_stdp_synapse/hpo_data/hpo_iteration_data/4335607/params_1_8.pkl
2025-05-07 14:00:20,976 - INFO - Preparing datasets ...
2025-05-07 14:00:20,976 - INFO - `max_samples` = 0.2
2025-05-07 14:00:25,760 - INFO - Model initialization ...
2025-05-07 14:00:25,762 - INFO - Model fitting ...
2025-05-07 14:04:34,433 - INFO - Model eval ...
2025-05-07 14:08:02,814 - INFO - Available CPUs: [0, 1, 2, 3, 4, 5, 6, 7, 8, 9, 10, 11, 12, 13, 14, 15, 16, 17, 18, 19, 20, 21, 22, 23, 24, 25, 26, 27, 28, 29, 30, 31, 32, 33, 34, 35, 36, 37, 38, 39, 40, 41, 42, 43, 44, 45, 46, 47, 48, 49, 50, 51, 52, 53, 54, 55]
2025-05-07 14:08:02,815 - INFO - Waiting for file with parameters: /s/ls4/users/selibrin/spiking_researches/correlation_encoding_and_training/mnist/hpo/shifted_nn_restr_stdp_synapse/hpo_data/hpo_iteration_data/4335607/params_1_8.pkl
2025-05-07 14:09:22,900 - INFO - Preparing datasets ...
2025-05-07 14:09:22,901 - INFO - `max_samples` = 0.2
2025-05-07 14:09:28,360 - INFO - Model initialization ...
2025-05-07 14:09:28,364 - INFO - Model fitting ...
2025-05-07 14:14:02,420 - INFO - Model eval ...
2025-05-07 14:17:36,778 - INFO - Available CPUs: [0, 1, 2, 3, 4, 5, 6, 7, 8, 9, 10, 11, 12, 13, 14, 15, 16, 17, 18, 19, 20, 21, 22, 23, 24, 25, 26, 27, 28, 29, 30, 31, 32, 33, 34, 35, 36, 37, 38, 39, 40, 41, 42, 43, 44, 45, 46, 47, 48, 49, 50, 51, 52, 53, 54, 55]
2025-05-07 14:17:36,778 - INFO - Waiting for file with parameters: /s/ls4/users/selibrin/spiking_researches/correlation_encoding_and_training/mnist/hpo/shifted_nn_restr_stdp_synapse/hpo_data/hpo_iteration_data/4335607/params_1_8.pkl
2025-05-07 14:18:26,833 - INFO - Preparing datasets ...
2025-05-07 14:18:26,834 - INFO - `max_samples` = 0.2
2025-05-07 14:18:32,428 - INFO - Model initialization ...
2025-05-07 14:18:32,431 - INFO - Model fitting ...
2025-05-07 14:22:57,706 - INFO - Model eval ...
2025-05-07 14:26:29,425 - INFO - Available CPUs: [0, 1, 2, 3, 4, 5, 6, 7, 8, 9, 10, 11, 12, 13, 14, 15, 16, 17, 18, 19, 20, 21, 22, 23, 24, 25, 26, 27, 28, 29, 30, 31, 32, 33, 34, 35, 36, 37, 38, 39, 40, 41, 42, 43, 44, 45, 46, 47, 48, 49, 50, 51, 52, 53, 54, 55]
2025-05-07 14:26:29,425 - INFO - Waiting for file with parameters: /s/ls4/users/selibrin/spiking_researches/correlation_encoding_and_training/mnist/hpo/shifted_nn_restr_stdp_synapse/hpo_data/hpo_iteration_data/4335607/params_1_8.pkl
2025-05-07 14:27:04,460 - INFO - Preparing datasets ...
2025-05-07 14:27:04,460 - INFO - `max_samples` = 0.2
2025-05-07 14:27:09,728 - INFO - Model initialization ...
2025-05-07 14:27:09,732 - INFO - Model fitting ...
2025-05-07 14:31:45,229 - INFO - Model eval ...
2025-05-07 14:35:20,554 - INFO - Available CPUs: [0, 1, 2, 3, 4, 5, 6, 7, 8, 9, 10, 11, 12, 13, 14, 15, 16, 17, 18, 19, 20, 21, 22, 23, 24, 25, 26, 27, 28, 29, 30, 31, 32, 33, 34, 35, 36, 37, 38, 39, 40, 41, 42, 43, 44, 45, 46, 47, 48, 49, 50, 51, 52, 53, 54, 55]
2025-05-07 14:35:20,554 - INFO - Waiting for file with parameters: /s/ls4/users/selibrin/spiking_researches/correlation_encoding_and_training/mnist/hpo/shifted_nn_restr_stdp_synapse/hpo_data/hpo_iteration_data/4335607/params_1_8.pkl
2025-05-07 14:36:05,606 - INFO - Preparing datasets ...
2025-05-07 14:36:05,606 - INFO - `max_samples` = 0.2
2025-05-07 14:36:11,029 - INFO - Model initialization ...
2025-05-07 14:36:11,032 - INFO - Model fitting ...
2025-05-07 14:40:44,437 - INFO - Model eval ...
2025-05-07 14:44:15,071 - INFO - Available CPUs: [0, 1, 2, 3, 4, 5, 6, 7, 8, 9, 10, 11, 12, 13, 14, 15, 16, 17, 18, 19, 20, 21, 22, 23, 24, 25, 26, 27, 28, 29, 30, 31, 32, 33, 34, 35, 36, 37, 38, 39, 40, 41, 42, 43, 44, 45, 46, 47, 48, 49, 50, 51, 52, 53, 54, 55]
2025-05-07 14:44:15,071 - INFO - Waiting for file with parameters: /s/ls4/users/selibrin/spiking_researches/correlation_encoding_and_training/mnist/hpo/shifted_nn_restr_stdp_synapse/hpo_data/hpo_iteration_data/4335607/params_1_8.pkl
2025-05-07 14:45:10,134 - INFO - Preparing datasets ...
2025-05-07 14:45:10,134 - INFO - `max_samples` = 0.2
2025-05-07 14:45:16,070 - INFO - Model initialization ...
2025-05-07 14:45:16,074 - INFO - Model fitting ...
2025-05-07 14:49:28,325 - INFO - Model eval ...
2025-05-07 14:52:47,337 - INFO - Available CPUs: [0, 1, 2, 3, 4, 5, 6, 7, 8, 9, 10, 11, 12, 13, 14, 15, 16, 17, 18, 19, 20, 21, 22, 23, 24, 25, 26, 27, 28, 29, 30, 31, 32, 33, 34, 35, 36, 37, 38, 39, 40, 41, 42, 43, 44, 45, 46, 47, 48, 49, 50, 51, 52, 53, 54, 55]
2025-05-07 14:52:47,338 - INFO - Waiting for file with parameters: /s/ls4/users/selibrin/spiking_researches/correlation_encoding_and_training/mnist/hpo/shifted_nn_restr_stdp_synapse/hpo_data/hpo_iteration_data/4335607/params_1_8.pkl
2025-05-07 14:53:47,405 - INFO - Preparing datasets ...
2025-05-07 14:53:47,405 - INFO - `max_samples` = 0.2
2025-05-07 14:53:52,907 - INFO - Model initialization ...
2025-05-07 14:53:52,910 - INFO - Model fitting ...
2025-05-07 14:58:24,446 - INFO - Model eval ...
2025-05-07 15:02:00,621 - INFO - Available CPUs: [0, 1, 2, 3, 4, 5, 6, 7, 8, 9, 10, 11, 12, 13, 14, 15, 16, 17, 18, 19, 20, 21, 22, 23, 24, 25, 26, 27, 28, 29, 30, 31, 32, 33, 34, 35, 36, 37, 38, 39, 40, 41, 42, 43, 44, 45, 46, 47, 48, 49, 50, 51, 52, 53, 54, 55]
2025-05-07 15:02:00,622 - INFO - Waiting for file with parameters: /s/ls4/users/selibrin/spiking_researches/correlation_encoding_and_training/mnist/hpo/shifted_nn_restr_stdp_synapse/hpo_data/hpo_iteration_data/4335607/params_1_8.pkl
2025-05-07 15:02:50,678 - INFO - Preparing datasets ...
2025-05-07 15:02:50,678 - INFO - `max_samples` = 0.2
2025-05-07 15:02:56,290 - INFO - Model initialization ...
2025-05-07 15:02:56,294 - INFO - Model fitting ...
2025-05-07 15:07:28,563 - INFO - Model eval ...
2025-05-07 15:11:16,063 - INFO - Available CPUs: [0, 1, 2, 3, 4, 5, 6, 7, 8, 9, 10, 11, 12, 13, 14, 15, 16, 17, 18, 19, 20, 21, 22, 23, 24, 25, 26, 27, 28, 29, 30, 31, 32, 33, 34, 35, 36, 37, 38, 39, 40, 41, 42, 43, 44, 45, 46, 47, 48, 49, 50, 51, 52, 53, 54, 55]
2025-05-07 15:11:16,063 - INFO - Waiting for file with parameters: /s/ls4/users/selibrin/spiking_researches/correlation_encoding_and_training/mnist/hpo/shifted_nn_restr_stdp_synapse/hpo_data/hpo_iteration_data/4335607/params_1_8.pkl
2025-05-07 15:12:21,137 - INFO - Preparing datasets ...
2025-05-07 15:12:21,137 - INFO - `max_samples` = 0.2
2025-05-07 15:12:26,724 - INFO - Model initialization ...
2025-05-07 15:12:26,728 - INFO - Model fitting ...
2025-05-07 15:17:29,691 - INFO - Model eval ...
2025-05-07 15:20:54,150 - INFO - Available CPUs: [0, 1, 2, 3, 4, 5, 6, 7, 8, 9, 10, 11, 12, 13, 14, 15, 16, 17, 18, 19, 20, 21, 22, 23, 24, 25, 26, 27, 28, 29, 30, 31, 32, 33, 34, 35, 36, 37, 38, 39, 40, 41, 42, 43, 44, 45, 46, 47, 48, 49, 50, 51, 52, 53, 54, 55]
2025-05-07 15:20:54,150 - INFO - Waiting for file with parameters: /s/ls4/users/selibrin/spiking_researches/correlation_encoding_and_training/mnist/hpo/shifted_nn_restr_stdp_synapse/hpo_data/hpo_iteration_data/4335607/params_1_8.pkl
2025-05-07 15:21:59,225 - INFO - Preparing datasets ...
2025-05-07 15:21:59,225 - INFO - `max_samples` = 0.2
2025-05-07 15:22:04,913 - INFO - Model initialization ...
2025-05-07 15:22:04,917 - INFO - Model fitting ...
2025-05-07 15:26:41,926 - INFO - Model eval ...
2025-05-07 15:30:11,029 - INFO - Available CPUs: [0, 1, 2, 3, 4, 5, 6, 7, 8, 9, 10, 11, 12, 13, 14, 15, 16, 17, 18, 19, 20, 21, 22, 23, 24, 25, 26, 27, 28, 29, 30, 31, 32, 33, 34, 35, 36, 37, 38, 39, 40, 41, 42, 43, 44, 45, 46, 47, 48, 49, 50, 51, 52, 53, 54, 55]
2025-05-07 15:30:11,029 - INFO - Waiting for file with parameters: /s/ls4/users/selibrin/spiking_researches/correlation_encoding_and_training/mnist/hpo/shifted_nn_restr_stdp_synapse/hpo_data/hpo_iteration_data/4335607/params_1_8.pkl
2025-05-07 15:31:01,086 - INFO - Preparing datasets ...
2025-05-07 15:31:01,087 - INFO - `max_samples` = 0.2
2025-05-07 15:31:06,630 - INFO - Model initialization ...
2025-05-07 15:31:06,633 - INFO - Model fitting ...
2025-05-07 15:35:35,055 - INFO - Model eval ...
2025-05-07 15:39:16,423 - INFO - Available CPUs: [0, 1, 2, 3, 4, 5, 6, 7, 8, 9, 10, 11, 12, 13, 14, 15, 16, 17, 18, 19, 20, 21, 22, 23, 24, 25, 26, 27, 28, 29, 30, 31, 32, 33, 34, 35, 36, 37, 38, 39, 40, 41, 42, 43, 44, 45, 46, 47, 48, 49, 50, 51, 52, 53, 54, 55]
2025-05-07 15:39:16,424 - INFO - Waiting for file with parameters: /s/ls4/users/selibrin/spiking_researches/correlation_encoding_and_training/mnist/hpo/shifted_nn_restr_stdp_synapse/hpo_data/hpo_iteration_data/4335607/params_1_8.pkl
2025-05-07 15:40:06,477 - INFO - Preparing datasets ...
2025-05-07 15:40:06,477 - INFO - `max_samples` = 0.2
2025-05-07 15:40:11,472 - INFO - Model initialization ...
2025-05-07 15:40:11,474 - INFO - Model fitting ...
2025-05-07 15:44:35,611 - INFO - Model eval ...
2025-05-07 15:48:13,139 - INFO - Available CPUs: [0, 1, 2, 3, 4, 5, 6, 7, 8, 9, 10, 11, 12, 13, 14, 15, 16, 17, 18, 19, 20, 21, 22, 23, 24, 25, 26, 27, 28, 29, 30, 31, 32, 33, 34, 35, 36, 37, 38, 39, 40, 41, 42, 43, 44, 45, 46, 47, 48, 49, 50, 51, 52, 53, 54, 55]
2025-05-07 15:48:13,140 - INFO - Waiting for file with parameters: /s/ls4/users/selibrin/spiking_researches/correlation_encoding_and_training/mnist/hpo/shifted_nn_restr_stdp_synapse/hpo_data/hpo_iteration_data/4335607/params_1_8.pkl
2025-05-07 15:49:08,223 - INFO - Preparing datasets ...
2025-05-07 15:49:08,223 - INFO - `max_samples` = 0.2
2025-05-07 15:49:13,862 - INFO - Model initialization ...
2025-05-07 15:49:13,866 - INFO - Model fitting ...
2025-05-07 15:53:41,264 - INFO - Model eval ...
2025-05-07 15:57:07,712 - INFO - Available CPUs: [0, 1, 2, 3, 4, 5, 6, 7, 8, 9, 10, 11, 12, 13, 14, 15, 16, 17, 18, 19, 20, 21, 22, 23, 24, 25, 26, 27, 28, 29, 30, 31, 32, 33, 34, 35, 36, 37, 38, 39, 40, 41, 42, 43, 44, 45, 46, 47, 48, 49, 50, 51, 52, 53, 54, 55]
2025-05-07 15:57:07,712 - INFO - Waiting for file with parameters: /s/ls4/users/selibrin/spiking_researches/correlation_encoding_and_training/mnist/hpo/shifted_nn_restr_stdp_synapse/hpo_data/hpo_iteration_data/4335607/params_1_8.pkl
2025-05-07 15:57:43,082 - INFO - Preparing datasets ...
2025-05-07 15:57:43,083 - INFO - `max_samples` = 0.2
2025-05-07 15:57:48,380 - INFO - Model initialization ...
2025-05-07 15:57:48,384 - INFO - Model fitting ...
2025-05-07 16:02:10,795 - INFO - Model eval ...
2025-05-07 16:05:50,849 - INFO - Available CPUs: [0, 1, 2, 3, 4, 5, 6, 7, 8, 9, 10, 11, 12, 13, 14, 15, 16, 17, 18, 19, 20, 21, 22, 23, 24, 25, 26, 27, 28, 29, 30, 31, 32, 33, 34, 35, 36, 37, 38, 39, 40, 41, 42, 43, 44, 45, 46, 47, 48, 49, 50, 51, 52, 53, 54, 55]
2025-05-07 16:05:50,850 - INFO - Waiting for file with parameters: /s/ls4/users/selibrin/spiking_researches/correlation_encoding_and_training/mnist/hpo/shifted_nn_restr_stdp_synapse/hpo_data/hpo_iteration_data/4335607/params_1_8.pkl
2025-05-07 16:06:50,917 - INFO - Preparing datasets ...
2025-05-07 16:06:50,917 - INFO - `max_samples` = 0.2
2025-05-07 16:06:56,391 - INFO - Model initialization ...
2025-05-07 16:06:56,395 - INFO - Model fitting ...
2025-05-07 16:11:15,425 - INFO - Model eval ...
2025-05-07 16:15:07,341 - INFO - Available CPUs: [0, 1, 2, 3, 4, 5, 6, 7, 8, 9, 10, 11, 12, 13, 14, 15, 16, 17, 18, 19, 20, 21, 22, 23, 24, 25, 26, 27, 28, 29, 30, 31, 32, 33, 34, 35, 36, 37, 38, 39, 40, 41, 42, 43, 44, 45, 46, 47, 48, 49, 50, 51, 52, 53, 54, 55]
2025-05-07 16:15:07,342 - INFO - Waiting for file with parameters: /s/ls4/users/selibrin/spiking_researches/correlation_encoding_and_training/mnist/hpo/shifted_nn_restr_stdp_synapse/hpo_data/hpo_iteration_data/4335607/params_1_8.pkl
2025-05-07 16:15:52,392 - INFO - Preparing datasets ...
2025-05-07 16:15:52,392 - INFO - `max_samples` = 0.2
2025-05-07 16:15:57,931 - INFO - Model initialization ...
2025-05-07 16:15:57,934 - INFO - Model fitting ...
2025-05-07 16:20:20,529 - INFO - Model eval ...
2025-05-07 16:24:13,708 - INFO - Available CPUs: [0, 1, 2, 3, 4, 5, 6, 7, 8, 9, 10, 11, 12, 13, 14, 15, 16, 17, 18, 19, 20, 21, 22, 23, 24, 25, 26, 27, 28, 29, 30, 31, 32, 33, 34, 35, 36, 37, 38, 39, 40, 41, 42, 43, 44, 45, 46, 47, 48, 49, 50, 51, 52, 53, 54, 55]
2025-05-07 16:24:13,708 - INFO - Waiting for file with parameters: /s/ls4/users/selibrin/spiking_researches/correlation_encoding_and_training/mnist/hpo/shifted_nn_restr_stdp_synapse/hpo_data/hpo_iteration_data/4335607/params_1_8.pkl
2025-05-07 16:24:58,760 - INFO - Preparing datasets ...
2025-05-07 16:24:58,760 - INFO - `max_samples` = 0.2
2025-05-07 16:25:04,604 - INFO - Model initialization ...
2025-05-07 16:25:04,608 - INFO - Model fitting ...
2025-05-07 16:29:15,141 - INFO - Model eval ...
2025-05-07 16:32:25,929 - INFO - Available CPUs: [0, 1, 2, 3, 4, 5, 6, 7, 8, 9, 10, 11, 12, 13, 14, 15, 16, 17, 18, 19, 20, 21, 22, 23, 24, 25, 26, 27, 28, 29, 30, 31, 32, 33, 34, 35, 36, 37, 38, 39, 40, 41, 42, 43, 44, 45, 46, 47, 48, 49, 50, 51, 52, 53, 54, 55]
2025-05-07 16:32:25,930 - INFO - Waiting for file with parameters: /s/ls4/users/selibrin/spiking_researches/correlation_encoding_and_training/mnist/hpo/shifted_nn_restr_stdp_synapse/hpo_data/hpo_iteration_data/4335607/params_1_8.pkl
2025-05-07 16:33:30,998 - INFO - Preparing datasets ...
2025-05-07 16:33:30,999 - INFO - `max_samples` = 0.2
2025-05-07 16:33:36,591 - INFO - Model initialization ...
2025-05-07 16:33:36,594 - INFO - Model fitting ...
2025-05-07 16:38:02,549 - INFO - Model eval ...
2025-05-07 16:41:48,086 - INFO - Available CPUs: [0, 1, 2, 3, 4, 5, 6, 7, 8, 9, 10, 11, 12, 13, 14, 15, 16, 17, 18, 19, 20, 21, 22, 23, 24, 25, 26, 27, 28, 29, 30, 31, 32, 33, 34, 35, 36, 37, 38, 39, 40, 41, 42, 43, 44, 45, 46, 47, 48, 49, 50, 51, 52, 53, 54, 55]
2025-05-07 16:41:48,086 - INFO - Waiting for file with parameters: /s/ls4/users/selibrin/spiking_researches/correlation_encoding_and_training/mnist/hpo/shifted_nn_restr_stdp_synapse/hpo_data/hpo_iteration_data/4335607/params_1_8.pkl
2025-05-07 16:42:33,138 - INFO - Preparing datasets ...
2025-05-07 16:42:33,138 - INFO - `max_samples` = 0.2
2025-05-07 16:42:38,832 - INFO - Model initialization ...
2025-05-07 16:42:38,835 - INFO - Model fitting ...
2025-05-07 16:47:15,507 - INFO - Model eval ...
2025-05-07 16:50:43,031 - INFO - Available CPUs: [0, 1, 2, 3, 4, 5, 6, 7, 8, 9, 10, 11, 12, 13, 14, 15, 16, 17, 18, 19, 20, 21, 22, 23, 24, 25, 26, 27, 28, 29, 30, 31, 32, 33, 34, 35, 36, 37, 38, 39, 40, 41, 42, 43, 44, 45, 46, 47, 48, 49, 50, 51, 52, 53, 54, 55]
2025-05-07 16:50:43,031 - INFO - Waiting for file with parameters: /s/ls4/users/selibrin/spiking_researches/correlation_encoding_and_training/mnist/hpo/shifted_nn_restr_stdp_synapse/hpo_data/hpo_iteration_data/4335607/params_1_8.pkl
2025-05-07 16:51:08,062 - INFO - Preparing datasets ...
2025-05-07 16:51:08,062 - INFO - `max_samples` = 0.2
2025-05-07 16:51:13,643 - INFO - Model initialization ...
2025-05-07 16:51:13,647 - INFO - Model fitting ...
2025-05-07 16:55:49,724 - INFO - Model eval ...
2025-05-07 16:59:34,016 - INFO - Available CPUs: [0, 1, 2, 3, 4, 5, 6, 7, 8, 9, 10, 11, 12, 13, 14, 15, 16, 17, 18, 19, 20, 21, 22, 23, 24, 25, 26, 27, 28, 29, 30, 31, 32, 33, 34, 35, 36, 37, 38, 39, 40, 41, 42, 43, 44, 45, 46, 47, 48, 49, 50, 51, 52, 53, 54, 55]
2025-05-07 16:59:34,016 - INFO - Waiting for file with parameters: /s/ls4/users/selibrin/spiking_researches/correlation_encoding_and_training/mnist/hpo/shifted_nn_restr_stdp_synapse/hpo_data/hpo_iteration_data/4335607/params_1_8.pkl
2025-05-07 17:00:14,060 - INFO - Preparing datasets ...
2025-05-07 17:00:14,060 - INFO - `max_samples` = 0.2
2025-05-07 17:00:19,643 - INFO - Model initialization ...
2025-05-07 17:00:19,646 - INFO - Model fitting ...
2025-05-07 17:04:45,593 - INFO - Model eval ...
2025-05-07 17:08:40,591 - INFO - Available CPUs: [0, 1, 2, 3, 4, 5, 6, 7, 8, 9, 10, 11, 12, 13, 14, 15, 16, 17, 18, 19, 20, 21, 22, 23, 24, 25, 26, 27, 28, 29, 30, 31, 32, 33, 34, 35, 36, 37, 38, 39, 40, 41, 42, 43, 44, 45, 46, 47, 48, 49, 50, 51, 52, 53, 54, 55]
2025-05-07 17:08:40,592 - INFO - Waiting for file with parameters: /s/ls4/users/selibrin/spiking_researches/correlation_encoding_and_training/mnist/hpo/shifted_nn_restr_stdp_synapse/hpo_data/hpo_iteration_data/4335607/params_1_8.pkl
2025-05-07 17:09:15,625 - INFO - Preparing datasets ...
2025-05-07 17:09:15,625 - INFO - `max_samples` = 0.2
2025-05-07 17:09:20,408 - INFO - Model initialization ...
2025-05-07 17:09:20,410 - INFO - Model fitting ...
2025-05-07 17:13:57,491 - INFO - Model eval ...
2025-05-07 17:17:34,963 - INFO - Available CPUs: [0, 1, 2, 3, 4, 5, 6, 7, 8, 9, 10, 11, 12, 13, 14, 15, 16, 17, 18, 19, 20, 21, 22, 23, 24, 25, 26, 27, 28, 29, 30, 31, 32, 33, 34, 35, 36, 37, 38, 39, 40, 41, 42, 43, 44, 45, 46, 47, 48, 49, 50, 51, 52, 53, 54, 55]
2025-05-07 17:17:34,963 - INFO - Waiting for file with parameters: /s/ls4/users/selibrin/spiking_researches/correlation_encoding_and_training/mnist/hpo/shifted_nn_restr_stdp_synapse/hpo_data/hpo_iteration_data/4335607/params_1_8.pkl
2025-05-07 17:18:20,014 - INFO - Preparing datasets ...
2025-05-07 17:18:20,014 - INFO - `max_samples` = 0.2
2025-05-07 17:18:25,273 - INFO - Model initialization ...
2025-05-07 17:18:25,276 - INFO - Model fitting ...
2025-05-07 17:22:52,094 - INFO - Model eval ...
2025-05-07 17:26:29,250 - INFO - Available CPUs: [0, 1, 2, 3, 4, 5, 6, 7, 8, 9, 10, 11, 12, 13, 14, 15, 16, 17, 18, 19, 20, 21, 22, 23, 24, 25, 26, 27, 28, 29, 30, 31, 32, 33, 34, 35, 36, 37, 38, 39, 40, 41, 42, 43, 44, 45, 46, 47, 48, 49, 50, 51, 52, 53, 54, 55]
2025-05-07 17:26:29,250 - INFO - Waiting for file with parameters: /s/ls4/users/selibrin/spiking_researches/correlation_encoding_and_training/mnist/hpo/shifted_nn_restr_stdp_synapse/hpo_data/hpo_iteration_data/4335607/params_1_8.pkl
2025-05-07 17:27:24,330 - INFO - Preparing datasets ...
2025-05-07 17:27:24,331 - INFO - `max_samples` = 0.2
2025-05-07 17:27:29,341 - INFO - Model initialization ...
2025-05-07 17:27:29,345 - INFO - Model fitting ...
2025-05-07 17:31:31,884 - INFO - Model eval ...
2025-05-07 17:35:18,444 - INFO - Available CPUs: [0, 1, 2, 3, 4, 5, 6, 7, 8, 9, 10, 11, 12, 13, 14, 15, 16, 17, 18, 19, 20, 21, 22, 23, 24, 25, 26, 27, 28, 29, 30, 31, 32, 33, 34, 35, 36, 37, 38, 39, 40, 41, 42, 43, 44, 45, 46, 47, 48, 49, 50, 51, 52, 53, 54, 55]
2025-05-07 17:35:18,444 - INFO - Waiting for file with parameters: /s/ls4/users/selibrin/spiking_researches/correlation_encoding_and_training/mnist/hpo/shifted_nn_restr_stdp_synapse/hpo_data/hpo_iteration_data/4335607/params_1_8.pkl
2025-05-07 17:36:28,521 - INFO - Preparing datasets ...
2025-05-07 17:36:28,521 - INFO - `max_samples` = 0.2
2025-05-07 17:36:32,498 - INFO - Model initialization ...
2025-05-07 17:36:32,502 - INFO - Model fitting ...
2025-05-07 17:40:54,135 - INFO - Model eval ...
2025-05-07 17:44:26,738 - INFO - Available CPUs: [0, 1, 2, 3, 4, 5, 6, 7, 8, 9, 10, 11, 12, 13, 14, 15, 16, 17, 18, 19, 20, 21, 22, 23, 24, 25, 26, 27, 28, 29, 30, 31, 32, 33, 34, 35, 36, 37, 38, 39, 40, 41, 42, 43, 44, 45, 46, 47, 48, 49, 50, 51, 52, 53, 54, 55]
2025-05-07 17:44:26,738 - INFO - Waiting for file with parameters: /s/ls4/users/selibrin/spiking_researches/correlation_encoding_and_training/mnist/hpo/shifted_nn_restr_stdp_synapse/hpo_data/hpo_iteration_data/4335607/params_1_8.pkl
2025-05-07 17:45:01,779 - INFO - Preparing datasets ...
2025-05-07 17:45:01,780 - INFO - `max_samples` = 0.2
2025-05-07 17:45:07,210 - INFO - Model initialization ...
2025-05-07 17:45:07,214 - INFO - Model fitting ...
2025-05-07 17:49:38,837 - INFO - Model eval ...
2025-05-07 17:53:23,085 - INFO - Available CPUs: [0, 1, 2, 3, 4, 5, 6, 7, 8, 9, 10, 11, 12, 13, 14, 15, 16, 17, 18, 19, 20, 21, 22, 23, 24, 25, 26, 27, 28, 29, 30, 31, 32, 33, 34, 35, 36, 37, 38, 39, 40, 41, 42, 43, 44, 45, 46, 47, 48, 49, 50, 51, 52, 53, 54, 55]
2025-05-07 17:53:23,085 - INFO - Waiting for file with parameters: /s/ls4/users/selibrin/spiking_researches/correlation_encoding_and_training/mnist/hpo/shifted_nn_restr_stdp_synapse/hpo_data/hpo_iteration_data/4335607/params_1_8.pkl
2025-05-07 17:54:38,169 - INFO - Preparing datasets ...
2025-05-07 17:54:38,170 - INFO - `max_samples` = 0.2
2025-05-07 17:54:43,627 - INFO - Model initialization ...
2025-05-07 17:54:43,631 - INFO - Model fitting ...
2025-05-07 17:59:09,606 - INFO - Model eval ...
2025-05-07 18:02:45,193 - INFO - Available CPUs: [0, 1, 2, 3, 4, 5, 6, 7, 8, 9, 10, 11, 12, 13, 14, 15, 16, 17, 18, 19, 20, 21, 22, 23, 24, 25, 26, 27, 28, 29, 30, 31, 32, 33, 34, 35, 36, 37, 38, 39, 40, 41, 42, 43, 44, 45, 46, 47, 48, 49, 50, 51, 52, 53, 54, 55]
2025-05-07 18:02:45,193 - INFO - Waiting for file with parameters: /s/ls4/users/selibrin/spiking_researches/correlation_encoding_and_training/mnist/hpo/shifted_nn_restr_stdp_synapse/hpo_data/hpo_iteration_data/4335607/params_1_8.pkl
2025-05-07 18:03:10,245 - INFO - Preparing datasets ...
2025-05-07 18:03:10,246 - INFO - `max_samples` = 0.2
2025-05-07 18:03:15,788 - INFO - Model initialization ...
2025-05-07 18:03:15,791 - INFO - Model fitting ...
2025-05-07 18:07:49,249 - INFO - Model eval ...
2025-05-07 18:11:20,784 - INFO - Available CPUs: [0, 1, 2, 3, 4, 5, 6, 7, 8, 9, 10, 11, 12, 13, 14, 15, 16, 17, 18, 19, 20, 21, 22, 23, 24, 25, 26, 27, 28, 29, 30, 31, 32, 33, 34, 35, 36, 37, 38, 39, 40, 41, 42, 43, 44, 45, 46, 47, 48, 49, 50, 51, 52, 53, 54, 55]
2025-05-07 18:11:20,784 - INFO - Waiting for file with parameters: /s/ls4/users/selibrin/spiking_researches/correlation_encoding_and_training/mnist/hpo/shifted_nn_restr_stdp_synapse/hpo_data/hpo_iteration_data/4335607/params_1_8.pkl
2025-05-07 18:11:45,949 - INFO - Preparing datasets ...
2025-05-07 18:11:45,949 - INFO - `max_samples` = 0.2
2025-05-07 18:11:49,886 - INFO - Model initialization ...
2025-05-07 18:11:49,888 - INFO - Model fitting ...
2025-05-07 18:16:09,373 - INFO - Model eval ...
2025-05-07 18:19:42,998 - INFO - Available CPUs: [0, 1, 2, 3, 4, 5, 6, 7, 8, 9, 10, 11, 12, 13, 14, 15, 16, 17, 18, 19, 20, 21, 22, 23, 24, 25, 26, 27, 28, 29, 30, 31, 32, 33, 34, 35, 36, 37, 38, 39, 40, 41, 42, 43, 44, 45, 46, 47, 48, 49, 50, 51, 52, 53, 54, 55]
2025-05-07 18:19:42,998 - INFO - Waiting for file with parameters: /s/ls4/users/selibrin/spiking_researches/correlation_encoding_and_training/mnist/hpo/shifted_nn_restr_stdp_synapse/hpo_data/hpo_iteration_data/4335607/params_1_8.pkl
2025-05-07 18:20:48,072 - INFO - Preparing datasets ...
2025-05-07 18:20:48,073 - INFO - `max_samples` = 0.2
2025-05-07 18:20:53,451 - INFO - Model initialization ...
2025-05-07 18:20:53,455 - INFO - Model fitting ...
2025-05-07 18:25:02,643 - INFO - Model eval ...
2025-05-07 18:28:31,122 - INFO - Available CPUs: [0, 1, 2, 3, 4, 5, 6, 7, 8, 9, 10, 11, 12, 13, 14, 15, 16, 17, 18, 19, 20, 21, 22, 23, 24, 25, 26, 27, 28, 29, 30, 31, 32, 33, 34, 35, 36, 37, 38, 39, 40, 41, 42, 43, 44, 45, 46, 47, 48, 49, 50, 51, 52, 53, 54, 55]
2025-05-07 18:28:31,123 - INFO - Waiting for file with parameters: /s/ls4/users/selibrin/spiking_researches/correlation_encoding_and_training/mnist/hpo/shifted_nn_restr_stdp_synapse/hpo_data/hpo_iteration_data/4335607/params_1_8.pkl
2025-05-07 18:29:21,203 - INFO - Preparing datasets ...
2025-05-07 18:29:21,203 - INFO - `max_samples` = 0.2
2025-05-07 18:29:26,534 - INFO - Model initialization ...
2025-05-07 18:29:26,537 - INFO - Model fitting ...
2025-05-07 18:33:44,926 - INFO - Model eval ...
2025-05-07 18:37:30,046 - INFO - Available CPUs: [0, 1, 2, 3, 4, 5, 6, 7, 8, 9, 10, 11, 12, 13, 14, 15, 16, 17, 18, 19, 20, 21, 22, 23, 24, 25, 26, 27, 28, 29, 30, 31, 32, 33, 34, 35, 36, 37, 38, 39, 40, 41, 42, 43, 44, 45, 46, 47, 48, 49, 50, 51, 52, 53, 54, 55]
2025-05-07 18:37:30,046 - INFO - Waiting for file with parameters: /s/ls4/users/selibrin/spiking_researches/correlation_encoding_and_training/mnist/hpo/shifted_nn_restr_stdp_synapse/hpo_data/hpo_iteration_data/4335607/params_1_8.pkl
2025-05-07 18:38:25,109 - INFO - Preparing datasets ...
2025-05-07 18:38:25,110 - INFO - `max_samples` = 0.2
2025-05-07 18:38:28,818 - INFO - Model initialization ...
2025-05-07 18:38:28,820 - INFO - Model fitting ...
2025-05-07 18:43:05,349 - INFO - Model eval ...
2025-05-07 18:46:47,687 - INFO - Available CPUs: [0, 1, 2, 3, 4, 5, 6, 7, 8, 9, 10, 11, 12, 13, 14, 15, 16, 17, 18, 19, 20, 21, 22, 23, 24, 25, 26, 27, 28, 29, 30, 31, 32, 33, 34, 35, 36, 37, 38, 39, 40, 41, 42, 43, 44, 45, 46, 47, 48, 49, 50, 51, 52, 53, 54, 55]
2025-05-07 18:46:47,688 - INFO - Waiting for file with parameters: /s/ls4/users/selibrin/spiking_researches/correlation_encoding_and_training/mnist/hpo/shifted_nn_restr_stdp_synapse/hpo_data/hpo_iteration_data/4335607/params_1_8.pkl
2025-05-07 18:47:32,739 - INFO - Preparing datasets ...
2025-05-07 18:47:32,740 - INFO - `max_samples` = 0.2
2025-05-07 18:47:38,426 - INFO - Model initialization ...
2025-05-07 18:47:38,429 - INFO - Model fitting ...
2025-05-07 18:51:59,462 - INFO - Model eval ...
