2025-05-06 20:20:36,393 - INFO - Available CPUs: [0, 1, 2, 3, 4, 5, 6, 7, 8, 9, 10, 11, 12, 13, 14, 15, 16, 17, 18, 19, 20, 21, 22, 23, 24, 25, 26, 27, 28, 29, 30, 31, 32, 33, 34, 35, 36, 37, 38, 39, 40, 41, 42, 43, 44, 45, 46, 47, 48, 49, 50, 51, 52, 53, 54, 55]
2025-05-06 20:20:36,394 - INFO - Waiting for file with parameters: /s/ls4/users/selibrin/spiking_researches/correlation_encoding_and_training/mnist/hpo/shifted_nn_restr_stdp_synapse/hpo_data/hpo_iteration_data/4335607/params_1_4.pkl
2025-05-06 20:22:01,489 - INFO - Preparing datasets ...
2025-05-06 20:22:01,489 - INFO - `max_samples` = 0.2
2025-05-06 20:22:06,443 - INFO - Model initialization ...
2025-05-06 20:22:06,447 - INFO - Model fitting ...
2025-05-06 20:25:51,143 - INFO - Model eval ...
2025-05-06 20:28:40,912 - INFO - Available CPUs: [0, 1, 2, 3, 4, 5, 6, 7, 8, 9, 10, 11, 12, 13, 14, 15, 16, 17, 18, 19, 20, 21, 22, 23, 24, 25, 26, 27, 28, 29, 30, 31, 32, 33, 34, 35, 36, 37, 38, 39, 40, 41, 42, 43, 44, 45, 46, 47, 48, 49, 50, 51, 52, 53, 54, 55]
2025-05-06 20:28:40,912 - INFO - Waiting for file with parameters: /s/ls4/users/selibrin/spiking_researches/correlation_encoding_and_training/mnist/hpo/shifted_nn_restr_stdp_synapse/hpo_data/hpo_iteration_data/4335607/params_1_4.pkl
2025-05-06 20:30:06,131 - INFO - Preparing datasets ...
2025-05-06 20:30:06,132 - INFO - `max_samples` = 0.2
2025-05-06 20:30:10,271 - INFO - Model initialization ...
2025-05-06 20:30:10,274 - INFO - Model fitting ...
2025-05-06 20:33:28,173 - INFO - Model eval ...
2025-05-06 20:36:22,279 - INFO - Available CPUs: [0, 1, 2, 3, 4, 5, 6, 7, 8, 9, 10, 11, 12, 13, 14, 15, 16, 17, 18, 19, 20, 21, 22, 23, 24, 25, 26, 27, 28, 29, 30, 31, 32, 33, 34, 35, 36, 37, 38, 39, 40, 41, 42, 43, 44, 45, 46, 47, 48, 49, 50, 51, 52, 53, 54, 55]
2025-05-06 20:36:22,279 - INFO - Waiting for file with parameters: /s/ls4/users/selibrin/spiking_researches/correlation_encoding_and_training/mnist/hpo/shifted_nn_restr_stdp_synapse/hpo_data/hpo_iteration_data/4335607/params_1_4.pkl
2025-05-06 20:38:12,395 - INFO - Preparing datasets ...
2025-05-06 20:38:12,395 - INFO - `max_samples` = 0.2
2025-05-06 20:38:17,547 - INFO - Model initialization ...
2025-05-06 20:38:17,551 - INFO - Model fitting ...
2025-05-06 20:41:36,017 - INFO - Model eval ...
2025-05-06 20:44:30,031 - INFO - Available CPUs: [0, 1, 2, 3, 4, 5, 6, 7, 8, 9, 10, 11, 12, 13, 14, 15, 16, 17, 18, 19, 20, 21, 22, 23, 24, 25, 26, 27, 28, 29, 30, 31, 32, 33, 34, 35, 36, 37, 38, 39, 40, 41, 42, 43, 44, 45, 46, 47, 48, 49, 50, 51, 52, 53, 54, 55]
2025-05-06 20:44:30,031 - INFO - Waiting for file with parameters: /s/ls4/users/selibrin/spiking_researches/correlation_encoding_and_training/mnist/hpo/shifted_nn_restr_stdp_synapse/hpo_data/hpo_iteration_data/4335607/params_1_4.pkl
2025-05-06 20:46:15,147 - INFO - Preparing datasets ...
2025-05-06 20:46:15,147 - INFO - `max_samples` = 0.2
2025-05-06 20:46:18,740 - INFO - Model initialization ...
2025-05-06 20:46:18,742 - INFO - Model fitting ...
2025-05-06 20:49:40,512 - INFO - Model eval ...
2025-05-06 20:52:49,832 - INFO - Available CPUs: [0, 1, 2, 3, 4, 5, 6, 7, 8, 9, 10, 11, 12, 13, 14, 15, 16, 17, 18, 19, 20, 21, 22, 23, 24, 25, 26, 27, 28, 29, 30, 31, 32, 33, 34, 35, 36, 37, 38, 39, 40, 41, 42, 43, 44, 45, 46, 47, 48, 49, 50, 51, 52, 53, 54, 55]
2025-05-06 20:52:49,832 - INFO - Waiting for file with parameters: /s/ls4/users/selibrin/spiking_researches/correlation_encoding_and_training/mnist/hpo/shifted_nn_restr_stdp_synapse/hpo_data/hpo_iteration_data/4335607/params_1_4.pkl
2025-05-06 20:54:49,965 - INFO - Preparing datasets ...
2025-05-06 20:54:49,965 - INFO - `max_samples` = 0.2
2025-05-06 20:54:54,371 - INFO - Model initialization ...
2025-05-06 20:54:54,374 - INFO - Model fitting ...
2025-05-06 20:58:44,018 - INFO - Model eval ...
2025-05-06 21:01:57,643 - INFO - Available CPUs: [0, 1, 2, 3, 4, 5, 6, 7, 8, 9, 10, 11, 12, 13, 14, 15, 16, 17, 18, 19, 20, 21, 22, 23, 24, 25, 26, 27, 28, 29, 30, 31, 32, 33, 34, 35, 36, 37, 38, 39, 40, 41, 42, 43, 44, 45, 46, 47, 48, 49, 50, 51, 52, 53, 54, 55]
2025-05-06 21:01:57,643 - INFO - Waiting for file with parameters: /s/ls4/users/selibrin/spiking_researches/correlation_encoding_and_training/mnist/hpo/shifted_nn_restr_stdp_synapse/hpo_data/hpo_iteration_data/4335607/params_1_4.pkl
2025-05-06 21:03:22,735 - INFO - Preparing datasets ...
2025-05-06 21:03:22,735 - INFO - `max_samples` = 0.2
2025-05-06 21:03:27,383 - INFO - Model initialization ...
2025-05-06 21:03:27,385 - INFO - Model fitting ...
2025-05-06 21:06:50,605 - INFO - Model eval ...
2025-05-06 21:09:40,810 - INFO - Available CPUs: [0, 1, 2, 3, 4, 5, 6, 7, 8, 9, 10, 11, 12, 13, 14, 15, 16, 17, 18, 19, 20, 21, 22, 23, 24, 25, 26, 27, 28, 29, 30, 31, 32, 33, 34, 35, 36, 37, 38, 39, 40, 41, 42, 43, 44, 45, 46, 47, 48, 49, 50, 51, 52, 53, 54, 55]
2025-05-06 21:09:40,810 - INFO - Waiting for file with parameters: /s/ls4/users/selibrin/spiking_researches/correlation_encoding_and_training/mnist/hpo/shifted_nn_restr_stdp_synapse/hpo_data/hpo_iteration_data/4335607/params_1_4.pkl
2025-05-06 21:11:25,925 - INFO - Preparing datasets ...
2025-05-06 21:11:25,925 - INFO - `max_samples` = 0.2
2025-05-06 21:11:31,534 - INFO - Model initialization ...
2025-05-06 21:11:31,538 - INFO - Model fitting ...
2025-05-06 21:15:56,177 - INFO - Model eval ...
2025-05-06 21:19:38,225 - INFO - Available CPUs: [0, 1, 2, 3, 4, 5, 6, 7, 8, 9, 10, 11, 12, 13, 14, 15, 16, 17, 18, 19, 20, 21, 22, 23, 24, 25, 26, 27, 28, 29, 30, 31, 32, 33, 34, 35, 36, 37, 38, 39, 40, 41, 42, 43, 44, 45, 46, 47, 48, 49, 50, 51, 52, 53, 54, 55]
2025-05-06 21:19:38,225 - INFO - Waiting for file with parameters: /s/ls4/users/selibrin/spiking_researches/correlation_encoding_and_training/mnist/hpo/shifted_nn_restr_stdp_synapse/hpo_data/hpo_iteration_data/4335607/params_1_4.pkl
2025-05-06 21:19:58,249 - INFO - Preparing datasets ...
2025-05-06 21:19:58,249 - INFO - `max_samples` = 0.2
2025-05-06 21:20:04,554 - INFO - Model initialization ...
2025-05-06 21:20:04,559 - INFO - Model fitting ...
2025-05-06 21:24:09,260 - INFO - Model eval ...
2025-05-06 21:27:38,071 - INFO - Available CPUs: [0, 1, 2, 3, 4, 5, 6, 7, 8, 9, 10, 11, 12, 13, 14, 15, 16, 17, 18, 19, 20, 21, 22, 23, 24, 25, 26, 27, 28, 29, 30, 31, 32, 33, 34, 35, 36, 37, 38, 39, 40, 41, 42, 43, 44, 45, 46, 47, 48, 49, 50, 51, 52, 53, 54, 55]
2025-05-06 21:27:38,072 - INFO - Waiting for file with parameters: /s/ls4/users/selibrin/spiking_researches/correlation_encoding_and_training/mnist/hpo/shifted_nn_restr_stdp_synapse/hpo_data/hpo_iteration_data/4335607/params_1_4.pkl
2025-05-06 21:28:33,134 - INFO - Preparing datasets ...
2025-05-06 21:28:33,135 - INFO - `max_samples` = 0.2
2025-05-06 21:28:38,128 - INFO - Model initialization ...
2025-05-06 21:28:38,131 - INFO - Model fitting ...
2025-05-06 21:33:03,918 - INFO - Model eval ...
2025-05-06 21:36:38,015 - INFO - Available CPUs: [0, 1, 2, 3, 4, 5, 6, 7, 8, 9, 10, 11, 12, 13, 14, 15, 16, 17, 18, 19, 20, 21, 22, 23, 24, 25, 26, 27, 28, 29, 30, 31, 32, 33, 34, 35, 36, 37, 38, 39, 40, 41, 42, 43, 44, 45, 46, 47, 48, 49, 50, 51, 52, 53, 54, 55]
2025-05-06 21:36:38,016 - INFO - Waiting for file with parameters: /s/ls4/users/selibrin/spiking_researches/correlation_encoding_and_training/mnist/hpo/shifted_nn_restr_stdp_synapse/hpo_data/hpo_iteration_data/4335607/params_1_4.pkl
2025-05-06 21:37:38,084 - INFO - Preparing datasets ...
2025-05-06 21:37:38,084 - INFO - `max_samples` = 0.2
2025-05-06 21:37:43,591 - INFO - Model initialization ...
2025-05-06 21:37:43,595 - INFO - Model fitting ...
2025-05-06 21:41:50,263 - INFO - Model eval ...
2025-05-06 21:45:26,880 - INFO - Available CPUs: [0, 1, 2, 3, 4, 5, 6, 7, 8, 9, 10, 11, 12, 13, 14, 15, 16, 17, 18, 19, 20, 21, 22, 23, 24, 25, 26, 27, 28, 29, 30, 31, 32, 33, 34, 35, 36, 37, 38, 39, 40, 41, 42, 43, 44, 45, 46, 47, 48, 49, 50, 51, 52, 53, 54, 55]
2025-05-06 21:45:26,880 - INFO - Waiting for file with parameters: /s/ls4/users/selibrin/spiking_researches/correlation_encoding_and_training/mnist/hpo/shifted_nn_restr_stdp_synapse/hpo_data/hpo_iteration_data/4335607/params_1_4.pkl
2025-05-06 21:46:11,936 - INFO - Preparing datasets ...
2025-05-06 21:46:11,937 - INFO - `max_samples` = 0.2
2025-05-06 21:46:17,679 - INFO - Model initialization ...
2025-05-06 21:46:17,683 - INFO - Model fitting ...
2025-05-06 21:50:24,283 - INFO - Model eval ...
2025-05-06 21:54:11,182 - INFO - Available CPUs: [0, 1, 2, 3, 4, 5, 6, 7, 8, 9, 10, 11, 12, 13, 14, 15, 16, 17, 18, 19, 20, 21, 22, 23, 24, 25, 26, 27, 28, 29, 30, 31, 32, 33, 34, 35, 36, 37, 38, 39, 40, 41, 42, 43, 44, 45, 46, 47, 48, 49, 50, 51, 52, 53, 54, 55]
2025-05-06 21:54:11,182 - INFO - Waiting for file with parameters: /s/ls4/users/selibrin/spiking_researches/correlation_encoding_and_training/mnist/hpo/shifted_nn_restr_stdp_synapse/hpo_data/hpo_iteration_data/4335607/params_1_4.pkl
2025-05-06 21:54:46,262 - INFO - Preparing datasets ...
2025-05-06 21:54:46,262 - INFO - `max_samples` = 0.2
2025-05-06 21:54:51,700 - INFO - Model initialization ...
2025-05-06 21:54:51,704 - INFO - Model fitting ...
2025-05-06 21:59:04,476 - INFO - Model eval ...
2025-05-06 22:02:50,494 - INFO - Available CPUs: [0, 1, 2, 3, 4, 5, 6, 7, 8, 9, 10, 11, 12, 13, 14, 15, 16, 17, 18, 19, 20, 21, 22, 23, 24, 25, 26, 27, 28, 29, 30, 31, 32, 33, 34, 35, 36, 37, 38, 39, 40, 41, 42, 43, 44, 45, 46, 47, 48, 49, 50, 51, 52, 53, 54, 55]
2025-05-06 22:02:50,495 - INFO - Waiting for file with parameters: /s/ls4/users/selibrin/spiking_researches/correlation_encoding_and_training/mnist/hpo/shifted_nn_restr_stdp_synapse/hpo_data/hpo_iteration_data/4335607/params_1_4.pkl
2025-05-06 22:03:20,530 - INFO - Preparing datasets ...
2025-05-06 22:03:20,530 - INFO - `max_samples` = 0.2
2025-05-06 22:03:26,087 - INFO - Model initialization ...
2025-05-06 22:03:26,090 - INFO - Model fitting ...
2025-05-06 22:07:49,058 - INFO - Model eval ...
2025-05-06 22:11:31,677 - INFO - Available CPUs: [0, 1, 2, 3, 4, 5, 6, 7, 8, 9, 10, 11, 12, 13, 14, 15, 16, 17, 18, 19, 20, 21, 22, 23, 24, 25, 26, 27, 28, 29, 30, 31, 32, 33, 34, 35, 36, 37, 38, 39, 40, 41, 42, 43, 44, 45, 46, 47, 48, 49, 50, 51, 52, 53, 54, 55]
2025-05-06 22:11:31,677 - INFO - Waiting for file with parameters: /s/ls4/users/selibrin/spiking_researches/correlation_encoding_and_training/mnist/hpo/shifted_nn_restr_stdp_synapse/hpo_data/hpo_iteration_data/4335607/params_1_4.pkl
2025-05-06 22:12:21,733 - INFO - Preparing datasets ...
2025-05-06 22:12:21,733 - INFO - `max_samples` = 0.2
2025-05-06 22:12:27,400 - INFO - Model initialization ...
2025-05-06 22:12:27,403 - INFO - Model fitting ...
2025-05-06 22:16:57,600 - INFO - Model eval ...
2025-05-06 22:20:49,163 - INFO - Available CPUs: [0, 1, 2, 3, 4, 5, 6, 7, 8, 9, 10, 11, 12, 13, 14, 15, 16, 17, 18, 19, 20, 21, 22, 23, 24, 25, 26, 27, 28, 29, 30, 31, 32, 33, 34, 35, 36, 37, 38, 39, 40, 41, 42, 43, 44, 45, 46, 47, 48, 49, 50, 51, 52, 53, 54, 55]
2025-05-06 22:20:49,163 - INFO - Waiting for file with parameters: /s/ls4/users/selibrin/spiking_researches/correlation_encoding_and_training/mnist/hpo/shifted_nn_restr_stdp_synapse/hpo_data/hpo_iteration_data/4335607/params_1_4.pkl
2025-05-06 22:21:29,209 - INFO - Preparing datasets ...
2025-05-06 22:21:29,209 - INFO - `max_samples` = 0.2
2025-05-06 22:21:35,471 - INFO - Model initialization ...
2025-05-06 22:21:35,475 - INFO - Model fitting ...
2025-05-06 22:26:05,657 - INFO - Model eval ...
2025-05-06 22:29:48,892 - INFO - Available CPUs: [0, 1, 2, 3, 4, 5, 6, 7, 8, 9, 10, 11, 12, 13, 14, 15, 16, 17, 18, 19, 20, 21, 22, 23, 24, 25, 26, 27, 28, 29, 30, 31, 32, 33, 34, 35, 36, 37, 38, 39, 40, 41, 42, 43, 44, 45, 46, 47, 48, 49, 50, 51, 52, 53, 54, 55]
2025-05-06 22:29:48,893 - INFO - Waiting for file with parameters: /s/ls4/users/selibrin/spiking_researches/correlation_encoding_and_training/mnist/hpo/shifted_nn_restr_stdp_synapse/hpo_data/hpo_iteration_data/4335607/params_1_4.pkl
2025-05-06 22:29:58,908 - INFO - Preparing datasets ...
2025-05-06 22:29:58,908 - INFO - `max_samples` = 0.2
2025-05-06 22:30:04,697 - INFO - Model initialization ...
2025-05-06 22:30:04,701 - INFO - Model fitting ...
2025-05-06 22:34:22,071 - INFO - Model eval ...
2025-05-06 22:38:06,359 - INFO - Available CPUs: [0, 1, 2, 3, 4, 5, 6, 7, 8, 9, 10, 11, 12, 13, 14, 15, 16, 17, 18, 19, 20, 21, 22, 23, 24, 25, 26, 27, 28, 29, 30, 31, 32, 33, 34, 35, 36, 37, 38, 39, 40, 41, 42, 43, 44, 45, 46, 47, 48, 49, 50, 51, 52, 53, 54, 55]
2025-05-06 22:38:06,359 - INFO - Waiting for file with parameters: /s/ls4/users/selibrin/spiking_researches/correlation_encoding_and_training/mnist/hpo/shifted_nn_restr_stdp_synapse/hpo_data/hpo_iteration_data/4335607/params_1_4.pkl
2025-05-06 22:38:36,393 - INFO - Preparing datasets ...
2025-05-06 22:38:36,393 - INFO - `max_samples` = 0.2
2025-05-06 22:38:42,046 - INFO - Model initialization ...
2025-05-06 22:38:42,049 - INFO - Model fitting ...
2025-05-06 22:43:02,399 - INFO - Model eval ...
2025-05-06 22:46:41,259 - INFO - Available CPUs: [0, 1, 2, 3, 4, 5, 6, 7, 8, 9, 10, 11, 12, 13, 14, 15, 16, 17, 18, 19, 20, 21, 22, 23, 24, 25, 26, 27, 28, 29, 30, 31, 32, 33, 34, 35, 36, 37, 38, 39, 40, 41, 42, 43, 44, 45, 46, 47, 48, 49, 50, 51, 52, 53, 54, 55]
2025-05-06 22:46:41,260 - INFO - Waiting for file with parameters: /s/ls4/users/selibrin/spiking_researches/correlation_encoding_and_training/mnist/hpo/shifted_nn_restr_stdp_synapse/hpo_data/hpo_iteration_data/4335607/params_1_4.pkl
2025-05-06 22:47:11,295 - INFO - Preparing datasets ...
2025-05-06 22:47:11,295 - INFO - `max_samples` = 0.2
2025-05-06 22:47:16,960 - INFO - Model initialization ...
2025-05-06 22:47:16,963 - INFO - Model fitting ...
2025-05-06 22:51:36,825 - INFO - Model eval ...
2025-05-06 22:55:14,599 - INFO - Available CPUs: [0, 1, 2, 3, 4, 5, 6, 7, 8, 9, 10, 11, 12, 13, 14, 15, 16, 17, 18, 19, 20, 21, 22, 23, 24, 25, 26, 27, 28, 29, 30, 31, 32, 33, 34, 35, 36, 37, 38, 39, 40, 41, 42, 43, 44, 45, 46, 47, 48, 49, 50, 51, 52, 53, 54, 55]
2025-05-06 22:55:14,599 - INFO - Waiting for file with parameters: /s/ls4/users/selibrin/spiking_researches/correlation_encoding_and_training/mnist/hpo/shifted_nn_restr_stdp_synapse/hpo_data/hpo_iteration_data/4335607/params_1_4.pkl
2025-05-06 22:55:44,633 - INFO - Preparing datasets ...
2025-05-06 22:55:44,633 - INFO - `max_samples` = 0.2
2025-05-06 22:55:50,276 - INFO - Model initialization ...
2025-05-06 22:55:50,279 - INFO - Model fitting ...
2025-05-06 23:00:09,376 - INFO - Model eval ...
2025-05-06 23:03:51,939 - INFO - Available CPUs: [0, 1, 2, 3, 4, 5, 6, 7, 8, 9, 10, 11, 12, 13, 14, 15, 16, 17, 18, 19, 20, 21, 22, 23, 24, 25, 26, 27, 28, 29, 30, 31, 32, 33, 34, 35, 36, 37, 38, 39, 40, 41, 42, 43, 44, 45, 46, 47, 48, 49, 50, 51, 52, 53, 54, 55]
2025-05-06 23:03:51,939 - INFO - Waiting for file with parameters: /s/ls4/users/selibrin/spiking_researches/correlation_encoding_and_training/mnist/hpo/shifted_nn_restr_stdp_synapse/hpo_data/hpo_iteration_data/4335607/params_1_4.pkl
2025-05-06 23:04:16,970 - INFO - Preparing datasets ...
2025-05-06 23:04:16,970 - INFO - `max_samples` = 0.2
2025-05-06 23:04:22,872 - INFO - Model initialization ...
2025-05-06 23:04:22,875 - INFO - Model fitting ...
2025-05-06 23:08:43,340 - INFO - Model eval ...
2025-05-06 23:12:27,110 - INFO - Available CPUs: [0, 1, 2, 3, 4, 5, 6, 7, 8, 9, 10, 11, 12, 13, 14, 15, 16, 17, 18, 19, 20, 21, 22, 23, 24, 25, 26, 27, 28, 29, 30, 31, 32, 33, 34, 35, 36, 37, 38, 39, 40, 41, 42, 43, 44, 45, 46, 47, 48, 49, 50, 51, 52, 53, 54, 55]
2025-05-06 23:12:27,111 - INFO - Waiting for file with parameters: /s/ls4/users/selibrin/spiking_researches/correlation_encoding_and_training/mnist/hpo/shifted_nn_restr_stdp_synapse/hpo_data/hpo_iteration_data/4335607/params_1_4.pkl
2025-05-06 23:12:52,141 - INFO - Preparing datasets ...
2025-05-06 23:12:52,141 - INFO - `max_samples` = 0.2
2025-05-06 23:12:58,118 - INFO - Model initialization ...
2025-05-06 23:12:58,122 - INFO - Model fitting ...
2025-05-06 23:17:19,623 - INFO - Model eval ...
2025-05-06 23:21:02,011 - INFO - Available CPUs: [0, 1, 2, 3, 4, 5, 6, 7, 8, 9, 10, 11, 12, 13, 14, 15, 16, 17, 18, 19, 20, 21, 22, 23, 24, 25, 26, 27, 28, 29, 30, 31, 32, 33, 34, 35, 36, 37, 38, 39, 40, 41, 42, 43, 44, 45, 46, 47, 48, 49, 50, 51, 52, 53, 54, 55]
2025-05-06 23:21:02,012 - INFO - Waiting for file with parameters: /s/ls4/users/selibrin/spiking_researches/correlation_encoding_and_training/mnist/hpo/shifted_nn_restr_stdp_synapse/hpo_data/hpo_iteration_data/4335607/params_1_4.pkl
2025-05-06 23:21:57,072 - INFO - Preparing datasets ...
2025-05-06 23:21:57,073 - INFO - `max_samples` = 0.2
2025-05-06 23:22:03,087 - INFO - Model initialization ...
2025-05-06 23:22:03,090 - INFO - Model fitting ...
2025-05-06 23:26:25,198 - INFO - Model eval ...
2025-05-06 23:30:08,648 - INFO - Available CPUs: [0, 1, 2, 3, 4, 5, 6, 7, 8, 9, 10, 11, 12, 13, 14, 15, 16, 17, 18, 19, 20, 21, 22, 23, 24, 25, 26, 27, 28, 29, 30, 31, 32, 33, 34, 35, 36, 37, 38, 39, 40, 41, 42, 43, 44, 45, 46, 47, 48, 49, 50, 51, 52, 53, 54, 55]
2025-05-06 23:30:08,648 - INFO - Waiting for file with parameters: /s/ls4/users/selibrin/spiking_researches/correlation_encoding_and_training/mnist/hpo/shifted_nn_restr_stdp_synapse/hpo_data/hpo_iteration_data/4335607/params_1_4.pkl
2025-05-06 23:30:28,673 - INFO - Preparing datasets ...
2025-05-06 23:30:28,673 - INFO - `max_samples` = 0.2
2025-05-06 23:30:34,485 - INFO - Model initialization ...
2025-05-06 23:30:34,489 - INFO - Model fitting ...
2025-05-06 23:34:55,507 - INFO - Model eval ...
2025-05-06 23:38:28,489 - INFO - Available CPUs: [0, 1, 2, 3, 4, 5, 6, 7, 8, 9, 10, 11, 12, 13, 14, 15, 16, 17, 18, 19, 20, 21, 22, 23, 24, 25, 26, 27, 28, 29, 30, 31, 32, 33, 34, 35, 36, 37, 38, 39, 40, 41, 42, 43, 44, 45, 46, 47, 48, 49, 50, 51, 52, 53, 54, 55]
2025-05-06 23:38:28,489 - INFO - Waiting for file with parameters: /s/ls4/users/selibrin/spiking_researches/correlation_encoding_and_training/mnist/hpo/shifted_nn_restr_stdp_synapse/hpo_data/hpo_iteration_data/4335607/params_1_4.pkl
2025-05-06 23:39:03,530 - INFO - Preparing datasets ...
2025-05-06 23:39:03,531 - INFO - `max_samples` = 0.2
2025-05-06 23:39:09,307 - INFO - Model initialization ...
2025-05-06 23:39:09,311 - INFO - Model fitting ...
2025-05-06 23:43:30,700 - INFO - Model eval ...
2025-05-06 23:47:01,805 - INFO - Available CPUs: [0, 1, 2, 3, 4, 5, 6, 7, 8, 9, 10, 11, 12, 13, 14, 15, 16, 17, 18, 19, 20, 21, 22, 23, 24, 25, 26, 27, 28, 29, 30, 31, 32, 33, 34, 35, 36, 37, 38, 39, 40, 41, 42, 43, 44, 45, 46, 47, 48, 49, 50, 51, 52, 53, 54, 55]
2025-05-06 23:47:01,805 - INFO - Waiting for file with parameters: /s/ls4/users/selibrin/spiking_researches/correlation_encoding_and_training/mnist/hpo/shifted_nn_restr_stdp_synapse/hpo_data/hpo_iteration_data/4335607/params_1_4.pkl
2025-05-06 23:47:36,846 - INFO - Preparing datasets ...
2025-05-06 23:47:36,847 - INFO - `max_samples` = 0.2
2025-05-06 23:47:42,949 - INFO - Model initialization ...
2025-05-06 23:47:42,953 - INFO - Model fitting ...
2025-05-06 23:52:01,216 - INFO - Model eval ...
2025-05-06 23:55:37,043 - INFO - Available CPUs: [0, 1, 2, 3, 4, 5, 6, 7, 8, 9, 10, 11, 12, 13, 14, 15, 16, 17, 18, 19, 20, 21, 22, 23, 24, 25, 26, 27, 28, 29, 30, 31, 32, 33, 34, 35, 36, 37, 38, 39, 40, 41, 42, 43, 44, 45, 46, 47, 48, 49, 50, 51, 52, 53, 54, 55]
2025-05-06 23:55:37,044 - INFO - Waiting for file with parameters: /s/ls4/users/selibrin/spiking_researches/correlation_encoding_and_training/mnist/hpo/shifted_nn_restr_stdp_synapse/hpo_data/hpo_iteration_data/4335607/params_1_4.pkl
2025-05-06 23:56:12,084 - INFO - Preparing datasets ...
2025-05-06 23:56:12,085 - INFO - `max_samples` = 0.2
2025-05-06 23:56:18,017 - INFO - Model initialization ...
2025-05-06 23:56:18,020 - INFO - Model fitting ...
2025-05-07 00:00:38,724 - INFO - Model eval ...
2025-05-07 00:04:16,830 - INFO - Available CPUs: [0, 1, 2, 3, 4, 5, 6, 7, 8, 9, 10, 11, 12, 13, 14, 15, 16, 17, 18, 19, 20, 21, 22, 23, 24, 25, 26, 27, 28, 29, 30, 31, 32, 33, 34, 35, 36, 37, 38, 39, 40, 41, 42, 43, 44, 45, 46, 47, 48, 49, 50, 51, 52, 53, 54, 55]
2025-05-07 00:04:16,831 - INFO - Waiting for file with parameters: /s/ls4/users/selibrin/spiking_researches/correlation_encoding_and_training/mnist/hpo/shifted_nn_restr_stdp_synapse/hpo_data/hpo_iteration_data/4335607/params_1_4.pkl
2025-05-07 00:04:47,460 - INFO - Preparing datasets ...
2025-05-07 00:04:47,460 - INFO - `max_samples` = 0.2
2025-05-07 00:04:53,330 - INFO - Model initialization ...
2025-05-07 00:04:53,334 - INFO - Model fitting ...
2025-05-07 00:09:16,932 - INFO - Model eval ...
2025-05-07 00:12:57,754 - INFO - Available CPUs: [0, 1, 2, 3, 4, 5, 6, 7, 8, 9, 10, 11, 12, 13, 14, 15, 16, 17, 18, 19, 20, 21, 22, 23, 24, 25, 26, 27, 28, 29, 30, 31, 32, 33, 34, 35, 36, 37, 38, 39, 40, 41, 42, 43, 44, 45, 46, 47, 48, 49, 50, 51, 52, 53, 54, 55]
2025-05-07 00:12:57,755 - INFO - Waiting for file with parameters: /s/ls4/users/selibrin/spiking_researches/correlation_encoding_and_training/mnist/hpo/shifted_nn_restr_stdp_synapse/hpo_data/hpo_iteration_data/4335607/params_1_4.pkl
2025-05-07 00:13:22,785 - INFO - Preparing datasets ...
2025-05-07 00:13:22,785 - INFO - `max_samples` = 0.2
2025-05-07 00:13:28,793 - INFO - Model initialization ...
2025-05-07 00:13:28,796 - INFO - Model fitting ...
2025-05-07 00:17:51,242 - INFO - Model eval ...
2025-05-07 00:21:30,968 - INFO - Available CPUs: [0, 1, 2, 3, 4, 5, 6, 7, 8, 9, 10, 11, 12, 13, 14, 15, 16, 17, 18, 19, 20, 21, 22, 23, 24, 25, 26, 27, 28, 29, 30, 31, 32, 33, 34, 35, 36, 37, 38, 39, 40, 41, 42, 43, 44, 45, 46, 47, 48, 49, 50, 51, 52, 53, 54, 55]
2025-05-07 00:21:30,968 - INFO - Waiting for file with parameters: /s/ls4/users/selibrin/spiking_researches/correlation_encoding_and_training/mnist/hpo/shifted_nn_restr_stdp_synapse/hpo_data/hpo_iteration_data/4335607/params_1_4.pkl
2025-05-07 00:21:55,995 - INFO - Preparing datasets ...
2025-05-07 00:21:55,996 - INFO - `max_samples` = 0.2
2025-05-07 00:22:01,686 - INFO - Model initialization ...
2025-05-07 00:22:01,691 - INFO - Model fitting ...
2025-05-07 00:26:18,993 - INFO - Model eval ...
2025-05-07 00:29:59,410 - INFO - Available CPUs: [0, 1, 2, 3, 4, 5, 6, 7, 8, 9, 10, 11, 12, 13, 14, 15, 16, 17, 18, 19, 20, 21, 22, 23, 24, 25, 26, 27, 28, 29, 30, 31, 32, 33, 34, 35, 36, 37, 38, 39, 40, 41, 42, 43, 44, 45, 46, 47, 48, 49, 50, 51, 52, 53, 54, 55]
2025-05-07 00:29:59,411 - INFO - Waiting for file with parameters: /s/ls4/users/selibrin/spiking_researches/correlation_encoding_and_training/mnist/hpo/shifted_nn_restr_stdp_synapse/hpo_data/hpo_iteration_data/4335607/params_1_4.pkl
2025-05-07 00:30:29,445 - INFO - Preparing datasets ...
2025-05-07 00:30:29,446 - INFO - `max_samples` = 0.2
2025-05-07 00:30:35,129 - INFO - Model initialization ...
2025-05-07 00:30:35,133 - INFO - Model fitting ...
2025-05-07 00:34:49,778 - INFO - Model eval ...
2025-05-07 00:38:30,535 - INFO - Available CPUs: [0, 1, 2, 3, 4, 5, 6, 7, 8, 9, 10, 11, 12, 13, 14, 15, 16, 17, 18, 19, 20, 21, 22, 23, 24, 25, 26, 27, 28, 29, 30, 31, 32, 33, 34, 35, 36, 37, 38, 39, 40, 41, 42, 43, 44, 45, 46, 47, 48, 49, 50, 51, 52, 53, 54, 55]
2025-05-07 00:38:30,536 - INFO - Waiting for file with parameters: /s/ls4/users/selibrin/spiking_researches/correlation_encoding_and_training/mnist/hpo/shifted_nn_restr_stdp_synapse/hpo_data/hpo_iteration_data/4335607/params_1_4.pkl
2025-05-07 00:39:35,608 - INFO - Preparing datasets ...
2025-05-07 00:39:35,608 - INFO - `max_samples` = 0.2
2025-05-07 00:39:41,015 - INFO - Model initialization ...
2025-05-07 00:39:41,019 - INFO - Model fitting ...
2025-05-07 00:44:00,020 - INFO - Model eval ...
2025-05-07 00:47:39,180 - INFO - Available CPUs: [0, 1, 2, 3, 4, 5, 6, 7, 8, 9, 10, 11, 12, 13, 14, 15, 16, 17, 18, 19, 20, 21, 22, 23, 24, 25, 26, 27, 28, 29, 30, 31, 32, 33, 34, 35, 36, 37, 38, 39, 40, 41, 42, 43, 44, 45, 46, 47, 48, 49, 50, 51, 52, 53, 54, 55]
2025-05-07 00:47:39,180 - INFO - Waiting for file with parameters: /s/ls4/users/selibrin/spiking_researches/correlation_encoding_and_training/mnist/hpo/shifted_nn_restr_stdp_synapse/hpo_data/hpo_iteration_data/4335607/params_1_4.pkl
2025-05-07 00:48:09,216 - INFO - Preparing datasets ...
2025-05-07 00:48:09,216 - INFO - `max_samples` = 0.2
2025-05-07 00:48:14,877 - INFO - Model initialization ...
2025-05-07 00:48:14,880 - INFO - Model fitting ...
2025-05-07 00:52:33,360 - INFO - Model eval ...
2025-05-07 00:56:12,727 - INFO - Available CPUs: [0, 1, 2, 3, 4, 5, 6, 7, 8, 9, 10, 11, 12, 13, 14, 15, 16, 17, 18, 19, 20, 21, 22, 23, 24, 25, 26, 27, 28, 29, 30, 31, 32, 33, 34, 35, 36, 37, 38, 39, 40, 41, 42, 43, 44, 45, 46, 47, 48, 49, 50, 51, 52, 53, 54, 55]
2025-05-07 00:56:12,727 - INFO - Waiting for file with parameters: /s/ls4/users/selibrin/spiking_researches/correlation_encoding_and_training/mnist/hpo/shifted_nn_restr_stdp_synapse/hpo_data/hpo_iteration_data/4335607/params_1_4.pkl
2025-05-07 00:56:42,768 - INFO - Preparing datasets ...
2025-05-07 00:56:42,768 - INFO - `max_samples` = 0.2
2025-05-07 00:56:48,740 - INFO - Model initialization ...
2025-05-07 00:56:48,745 - INFO - Model fitting ...
2025-05-07 01:01:12,097 - INFO - Model eval ...
2025-05-07 01:04:56,835 - INFO - Available CPUs: [0, 1, 2, 3, 4, 5, 6, 7, 8, 9, 10, 11, 12, 13, 14, 15, 16, 17, 18, 19, 20, 21, 22, 23, 24, 25, 26, 27, 28, 29, 30, 31, 32, 33, 34, 35, 36, 37, 38, 39, 40, 41, 42, 43, 44, 45, 46, 47, 48, 49, 50, 51, 52, 53, 54, 55]
2025-05-07 01:04:56,836 - INFO - Waiting for file with parameters: /s/ls4/users/selibrin/spiking_researches/correlation_encoding_and_training/mnist/hpo/shifted_nn_restr_stdp_synapse/hpo_data/hpo_iteration_data/4335607/params_1_4.pkl
2025-05-07 01:05:16,923 - INFO - Preparing datasets ...
2025-05-07 01:05:16,924 - INFO - `max_samples` = 0.2
2025-05-07 01:05:22,435 - INFO - Model initialization ...
2025-05-07 01:05:22,439 - INFO - Model fitting ...
2025-05-07 01:09:43,349 - INFO - Model eval ...
2025-05-07 01:13:23,672 - INFO - Available CPUs: [0, 1, 2, 3, 4, 5, 6, 7, 8, 9, 10, 11, 12, 13, 14, 15, 16, 17, 18, 19, 20, 21, 22, 23, 24, 25, 26, 27, 28, 29, 30, 31, 32, 33, 34, 35, 36, 37, 38, 39, 40, 41, 42, 43, 44, 45, 46, 47, 48, 49, 50, 51, 52, 53, 54, 55]
2025-05-07 01:13:23,672 - INFO - Waiting for file with parameters: /s/ls4/users/selibrin/spiking_researches/correlation_encoding_and_training/mnist/hpo/shifted_nn_restr_stdp_synapse/hpo_data/hpo_iteration_data/4335607/params_1_4.pkl
2025-05-07 01:13:48,831 - INFO - Preparing datasets ...
2025-05-07 01:13:48,832 - INFO - `max_samples` = 0.2
2025-05-07 01:13:54,535 - INFO - Model initialization ...
2025-05-07 01:13:54,538 - INFO - Model fitting ...
2025-05-07 01:18:14,838 - INFO - Model eval ...
2025-05-07 01:21:44,689 - INFO - Available CPUs: [0, 1, 2, 3, 4, 5, 6, 7, 8, 9, 10, 11, 12, 13, 14, 15, 16, 17, 18, 19, 20, 21, 22, 23, 24, 25, 26, 27, 28, 29, 30, 31, 32, 33, 34, 35, 36, 37, 38, 39, 40, 41, 42, 43, 44, 45, 46, 47, 48, 49, 50, 51, 52, 53, 54, 55]
2025-05-07 01:21:44,689 - INFO - Waiting for file with parameters: /s/ls4/users/selibrin/spiking_researches/correlation_encoding_and_training/mnist/hpo/shifted_nn_restr_stdp_synapse/hpo_data/hpo_iteration_data/4335607/params_1_4.pkl
2025-05-07 01:21:54,703 - INFO - Preparing datasets ...
2025-05-07 01:21:54,703 - INFO - `max_samples` = 0.2
2025-05-07 01:22:00,305 - INFO - Model initialization ...
2025-05-07 01:22:00,309 - INFO - Model fitting ...
2025-05-07 01:26:22,919 - INFO - Model eval ...
2025-05-07 01:30:01,352 - INFO - Available CPUs: [0, 1, 2, 3, 4, 5, 6, 7, 8, 9, 10, 11, 12, 13, 14, 15, 16, 17, 18, 19, 20, 21, 22, 23, 24, 25, 26, 27, 28, 29, 30, 31, 32, 33, 34, 35, 36, 37, 38, 39, 40, 41, 42, 43, 44, 45, 46, 47, 48, 49, 50, 51, 52, 53, 54, 55]
2025-05-07 01:30:01,352 - INFO - Waiting for file with parameters: /s/ls4/users/selibrin/spiking_researches/correlation_encoding_and_training/mnist/hpo/shifted_nn_restr_stdp_synapse/hpo_data/hpo_iteration_data/4335607/params_1_4.pkl
2025-05-07 01:30:32,051 - INFO - Preparing datasets ...
2025-05-07 01:30:32,051 - INFO - `max_samples` = 0.2
2025-05-07 01:30:38,158 - INFO - Model initialization ...
2025-05-07 01:30:38,164 - INFO - Model fitting ...
2025-05-07 01:35:00,564 - INFO - Model eval ...
2025-05-07 01:38:39,457 - INFO - Available CPUs: [0, 1, 2, 3, 4, 5, 6, 7, 8, 9, 10, 11, 12, 13, 14, 15, 16, 17, 18, 19, 20, 21, 22, 23, 24, 25, 26, 27, 28, 29, 30, 31, 32, 33, 34, 35, 36, 37, 38, 39, 40, 41, 42, 43, 44, 45, 46, 47, 48, 49, 50, 51, 52, 53, 54, 55]
2025-05-07 01:38:39,457 - INFO - Waiting for file with parameters: /s/ls4/users/selibrin/spiking_researches/correlation_encoding_and_training/mnist/hpo/shifted_nn_restr_stdp_synapse/hpo_data/hpo_iteration_data/4335607/params_1_4.pkl
2025-05-07 01:39:34,518 - INFO - Preparing datasets ...
2025-05-07 01:39:34,518 - INFO - `max_samples` = 0.2
2025-05-07 01:39:40,090 - INFO - Model initialization ...
2025-05-07 01:39:40,093 - INFO - Model fitting ...
2025-05-07 01:44:04,662 - INFO - Model eval ...
2025-05-07 01:47:38,230 - INFO - Available CPUs: [0, 1, 2, 3, 4, 5, 6, 7, 8, 9, 10, 11, 12, 13, 14, 15, 16, 17, 18, 19, 20, 21, 22, 23, 24, 25, 26, 27, 28, 29, 30, 31, 32, 33, 34, 35, 36, 37, 38, 39, 40, 41, 42, 43, 44, 45, 46, 47, 48, 49, 50, 51, 52, 53, 54, 55]
2025-05-07 01:47:38,230 - INFO - Waiting for file with parameters: /s/ls4/users/selibrin/spiking_researches/correlation_encoding_and_training/mnist/hpo/shifted_nn_restr_stdp_synapse/hpo_data/hpo_iteration_data/4335607/params_1_4.pkl
2025-05-07 01:48:08,265 - INFO - Preparing datasets ...
2025-05-07 01:48:08,266 - INFO - `max_samples` = 0.2
2025-05-07 01:48:13,913 - INFO - Model initialization ...
2025-05-07 01:48:13,917 - INFO - Model fitting ...
2025-05-07 01:52:32,677 - INFO - Model eval ...
2025-05-07 01:56:10,328 - INFO - Available CPUs: [0, 1, 2, 3, 4, 5, 6, 7, 8, 9, 10, 11, 12, 13, 14, 15, 16, 17, 18, 19, 20, 21, 22, 23, 24, 25, 26, 27, 28, 29, 30, 31, 32, 33, 34, 35, 36, 37, 38, 39, 40, 41, 42, 43, 44, 45, 46, 47, 48, 49, 50, 51, 52, 53, 54, 55]
2025-05-07 01:56:10,328 - INFO - Waiting for file with parameters: /s/ls4/users/selibrin/spiking_researches/correlation_encoding_and_training/mnist/hpo/shifted_nn_restr_stdp_synapse/hpo_data/hpo_iteration_data/4335607/params_1_4.pkl
2025-05-07 01:56:45,369 - INFO - Preparing datasets ...
2025-05-07 01:56:45,369 - INFO - `max_samples` = 0.2
2025-05-07 01:56:51,268 - INFO - Model initialization ...
2025-05-07 01:56:51,272 - INFO - Model fitting ...
2025-05-07 02:01:10,942 - INFO - Model eval ...
2025-05-07 02:04:49,074 - INFO - Available CPUs: [0, 1, 2, 3, 4, 5, 6, 7, 8, 9, 10, 11, 12, 13, 14, 15, 16, 17, 18, 19, 20, 21, 22, 23, 24, 25, 26, 27, 28, 29, 30, 31, 32, 33, 34, 35, 36, 37, 38, 39, 40, 41, 42, 43, 44, 45, 46, 47, 48, 49, 50, 51, 52, 53, 54, 55]
2025-05-07 02:04:49,075 - INFO - Waiting for file with parameters: /s/ls4/users/selibrin/spiking_researches/correlation_encoding_and_training/mnist/hpo/shifted_nn_restr_stdp_synapse/hpo_data/hpo_iteration_data/4335607/params_1_4.pkl
2025-05-07 02:05:19,135 - INFO - Preparing datasets ...
2025-05-07 02:05:19,135 - INFO - `max_samples` = 0.2
2025-05-07 02:05:25,088 - INFO - Model initialization ...
2025-05-07 02:05:25,091 - INFO - Model fitting ...
2025-05-07 02:09:41,176 - INFO - Model eval ...
2025-05-07 02:13:19,954 - INFO - Available CPUs: [0, 1, 2, 3, 4, 5, 6, 7, 8, 9, 10, 11, 12, 13, 14, 15, 16, 17, 18, 19, 20, 21, 22, 23, 24, 25, 26, 27, 28, 29, 30, 31, 32, 33, 34, 35, 36, 37, 38, 39, 40, 41, 42, 43, 44, 45, 46, 47, 48, 49, 50, 51, 52, 53, 54, 55]
2025-05-07 02:13:19,954 - INFO - Waiting for file with parameters: /s/ls4/users/selibrin/spiking_researches/correlation_encoding_and_training/mnist/hpo/shifted_nn_restr_stdp_synapse/hpo_data/hpo_iteration_data/4335607/params_1_4.pkl
2025-05-07 02:13:49,991 - INFO - Preparing datasets ...
2025-05-07 02:13:49,991 - INFO - `max_samples` = 0.2
2025-05-07 02:13:55,658 - INFO - Model initialization ...
2025-05-07 02:13:55,660 - INFO - Model fitting ...
2025-05-07 02:18:17,227 - INFO - Model eval ...
2025-05-07 02:21:57,166 - INFO - Available CPUs: [0, 1, 2, 3, 4, 5, 6, 7, 8, 9, 10, 11, 12, 13, 14, 15, 16, 17, 18, 19, 20, 21, 22, 23, 24, 25, 26, 27, 28, 29, 30, 31, 32, 33, 34, 35, 36, 37, 38, 39, 40, 41, 42, 43, 44, 45, 46, 47, 48, 49, 50, 51, 52, 53, 54, 55]
2025-05-07 02:21:57,167 - INFO - Waiting for file with parameters: /s/ls4/users/selibrin/spiking_researches/correlation_encoding_and_training/mnist/hpo/shifted_nn_restr_stdp_synapse/hpo_data/hpo_iteration_data/4335607/params_1_4.pkl
2025-05-07 02:22:27,202 - INFO - Preparing datasets ...
2025-05-07 02:22:27,202 - INFO - `max_samples` = 0.2
2025-05-07 02:22:32,949 - INFO - Model initialization ...
2025-05-07 02:22:32,953 - INFO - Model fitting ...
2025-05-07 02:26:57,741 - INFO - Model eval ...
2025-05-07 02:30:35,605 - INFO - Available CPUs: [0, 1, 2, 3, 4, 5, 6, 7, 8, 9, 10, 11, 12, 13, 14, 15, 16, 17, 18, 19, 20, 21, 22, 23, 24, 25, 26, 27, 28, 29, 30, 31, 32, 33, 34, 35, 36, 37, 38, 39, 40, 41, 42, 43, 44, 45, 46, 47, 48, 49, 50, 51, 52, 53, 54, 55]
2025-05-07 02:30:35,606 - INFO - Waiting for file with parameters: /s/ls4/users/selibrin/spiking_researches/correlation_encoding_and_training/mnist/hpo/shifted_nn_restr_stdp_synapse/hpo_data/hpo_iteration_data/4335607/params_1_4.pkl
2025-05-07 02:31:00,651 - INFO - Preparing datasets ...
2025-05-07 02:31:00,651 - INFO - `max_samples` = 0.2
2025-05-07 02:31:06,414 - INFO - Model initialization ...
2025-05-07 02:31:06,418 - INFO - Model fitting ...
2025-05-07 02:35:28,755 - INFO - Model eval ...
2025-05-07 02:39:07,968 - INFO - Available CPUs: [0, 1, 2, 3, 4, 5, 6, 7, 8, 9, 10, 11, 12, 13, 14, 15, 16, 17, 18, 19, 20, 21, 22, 23, 24, 25, 26, 27, 28, 29, 30, 31, 32, 33, 34, 35, 36, 37, 38, 39, 40, 41, 42, 43, 44, 45, 46, 47, 48, 49, 50, 51, 52, 53, 54, 55]
2025-05-07 02:39:07,969 - INFO - Waiting for file with parameters: /s/ls4/users/selibrin/spiking_researches/correlation_encoding_and_training/mnist/hpo/shifted_nn_restr_stdp_synapse/hpo_data/hpo_iteration_data/4335607/params_1_4.pkl
2025-05-07 02:39:33,001 - INFO - Preparing datasets ...
2025-05-07 02:39:33,001 - INFO - `max_samples` = 0.2
2025-05-07 02:39:38,501 - INFO - Model initialization ...
2025-05-07 02:39:38,505 - INFO - Model fitting ...
2025-05-07 02:44:01,596 - INFO - Model eval ...
2025-05-07 02:47:41,568 - INFO - Available CPUs: [0, 1, 2, 3, 4, 5, 6, 7, 8, 9, 10, 11, 12, 13, 14, 15, 16, 17, 18, 19, 20, 21, 22, 23, 24, 25, 26, 27, 28, 29, 30, 31, 32, 33, 34, 35, 36, 37, 38, 39, 40, 41, 42, 43, 44, 45, 46, 47, 48, 49, 50, 51, 52, 53, 54, 55]
2025-05-07 02:47:41,568 - INFO - Waiting for file with parameters: /s/ls4/users/selibrin/spiking_researches/correlation_encoding_and_training/mnist/hpo/shifted_nn_restr_stdp_synapse/hpo_data/hpo_iteration_data/4335607/params_1_4.pkl
2025-05-07 02:48:06,603 - INFO - Preparing datasets ...
2025-05-07 02:48:06,603 - INFO - `max_samples` = 0.2
2025-05-07 02:48:12,044 - INFO - Model initialization ...
2025-05-07 02:48:12,048 - INFO - Model fitting ...
2025-05-07 02:52:37,889 - INFO - Model eval ...
2025-05-07 02:56:19,617 - INFO - Available CPUs: [0, 1, 2, 3, 4, 5, 6, 7, 8, 9, 10, 11, 12, 13, 14, 15, 16, 17, 18, 19, 20, 21, 22, 23, 24, 25, 26, 27, 28, 29, 30, 31, 32, 33, 34, 35, 36, 37, 38, 39, 40, 41, 42, 43, 44, 45, 46, 47, 48, 49, 50, 51, 52, 53, 54, 55]
2025-05-07 02:56:19,618 - INFO - Waiting for file with parameters: /s/ls4/users/selibrin/spiking_researches/correlation_encoding_and_training/mnist/hpo/shifted_nn_restr_stdp_synapse/hpo_data/hpo_iteration_data/4335607/params_1_4.pkl
2025-05-07 02:56:44,648 - INFO - Preparing datasets ...
2025-05-07 02:56:44,648 - INFO - `max_samples` = 0.2
2025-05-07 02:56:50,377 - INFO - Model initialization ...
2025-05-07 02:56:50,381 - INFO - Model fitting ...
2025-05-07 03:01:11,916 - INFO - Model eval ...
2025-05-07 03:04:52,099 - INFO - Available CPUs: [0, 1, 2, 3, 4, 5, 6, 7, 8, 9, 10, 11, 12, 13, 14, 15, 16, 17, 18, 19, 20, 21, 22, 23, 24, 25, 26, 27, 28, 29, 30, 31, 32, 33, 34, 35, 36, 37, 38, 39, 40, 41, 42, 43, 44, 45, 46, 47, 48, 49, 50, 51, 52, 53, 54, 55]
2025-05-07 03:04:52,099 - INFO - Waiting for file with parameters: /s/ls4/users/selibrin/spiking_researches/correlation_encoding_and_training/mnist/hpo/shifted_nn_restr_stdp_synapse/hpo_data/hpo_iteration_data/4335607/params_1_4.pkl
2025-05-07 03:05:17,129 - INFO - Preparing datasets ...
2025-05-07 03:05:17,129 - INFO - `max_samples` = 0.2
2025-05-07 03:05:22,864 - INFO - Model initialization ...
2025-05-07 03:05:22,868 - INFO - Model fitting ...
2025-05-07 03:09:47,271 - INFO - Model eval ...
2025-05-07 03:13:25,508 - INFO - Available CPUs: [0, 1, 2, 3, 4, 5, 6, 7, 8, 9, 10, 11, 12, 13, 14, 15, 16, 17, 18, 19, 20, 21, 22, 23, 24, 25, 26, 27, 28, 29, 30, 31, 32, 33, 34, 35, 36, 37, 38, 39, 40, 41, 42, 43, 44, 45, 46, 47, 48, 49, 50, 51, 52, 53, 54, 55]
2025-05-07 03:13:25,508 - INFO - Waiting for file with parameters: /s/ls4/users/selibrin/spiking_researches/correlation_encoding_and_training/mnist/hpo/shifted_nn_restr_stdp_synapse/hpo_data/hpo_iteration_data/4335607/params_1_4.pkl
2025-05-07 03:13:55,544 - INFO - Preparing datasets ...
2025-05-07 03:13:55,545 - INFO - `max_samples` = 0.2
2025-05-07 03:14:01,320 - INFO - Model initialization ...
2025-05-07 03:14:01,324 - INFO - Model fitting ...
2025-05-07 03:18:26,628 - INFO - Model eval ...
2025-05-07 03:21:57,954 - INFO - Available CPUs: [0, 1, 2, 3, 4, 5, 6, 7, 8, 9, 10, 11, 12, 13, 14, 15, 16, 17, 18, 19, 20, 21, 22, 23, 24, 25, 26, 27, 28, 29, 30, 31, 32, 33, 34, 35, 36, 37, 38, 39, 40, 41, 42, 43, 44, 45, 46, 47, 48, 49, 50, 51, 52, 53, 54, 55]
2025-05-07 03:21:57,955 - INFO - Waiting for file with parameters: /s/ls4/users/selibrin/spiking_researches/correlation_encoding_and_training/mnist/hpo/shifted_nn_restr_stdp_synapse/hpo_data/hpo_iteration_data/4335607/params_1_4.pkl
2025-05-07 03:22:27,987 - INFO - Preparing datasets ...
2025-05-07 03:22:27,987 - INFO - `max_samples` = 0.2
2025-05-07 03:22:33,616 - INFO - Model initialization ...
2025-05-07 03:22:33,620 - INFO - Model fitting ...
2025-05-07 03:26:55,240 - INFO - Model eval ...
2025-05-07 03:30:33,133 - INFO - Available CPUs: [0, 1, 2, 3, 4, 5, 6, 7, 8, 9, 10, 11, 12, 13, 14, 15, 16, 17, 18, 19, 20, 21, 22, 23, 24, 25, 26, 27, 28, 29, 30, 31, 32, 33, 34, 35, 36, 37, 38, 39, 40, 41, 42, 43, 44, 45, 46, 47, 48, 49, 50, 51, 52, 53, 54, 55]
2025-05-07 03:30:33,134 - INFO - Waiting for file with parameters: /s/ls4/users/selibrin/spiking_researches/correlation_encoding_and_training/mnist/hpo/shifted_nn_restr_stdp_synapse/hpo_data/hpo_iteration_data/4335607/params_1_4.pkl
2025-05-07 03:31:03,170 - INFO - Preparing datasets ...
2025-05-07 03:31:03,171 - INFO - `max_samples` = 0.2
2025-05-07 03:31:09,196 - INFO - Model initialization ...
2025-05-07 03:31:09,200 - INFO - Model fitting ...
2025-05-07 03:35:37,400 - INFO - Model eval ...
2025-05-07 03:39:04,963 - INFO - Available CPUs: [0, 1, 2, 3, 4, 5, 6, 7, 8, 9, 10, 11, 12, 13, 14, 15, 16, 17, 18, 19, 20, 21, 22, 23, 24, 25, 26, 27, 28, 29, 30, 31, 32, 33, 34, 35, 36, 37, 38, 39, 40, 41, 42, 43, 44, 45, 46, 47, 48, 49, 50, 51, 52, 53, 54, 55]
2025-05-07 03:39:04,963 - INFO - Waiting for file with parameters: /s/ls4/users/selibrin/spiking_researches/correlation_encoding_and_training/mnist/hpo/shifted_nn_restr_stdp_synapse/hpo_data/hpo_iteration_data/4335607/params_1_4.pkl
2025-05-07 03:39:34,998 - INFO - Preparing datasets ...
2025-05-07 03:39:34,998 - INFO - `max_samples` = 0.2
2025-05-07 03:39:40,510 - INFO - Model initialization ...
2025-05-07 03:39:40,514 - INFO - Model fitting ...
2025-05-07 03:44:12,724 - INFO - Model eval ...
2025-05-07 03:47:56,314 - INFO - Available CPUs: [0, 1, 2, 3, 4, 5, 6, 7, 8, 9, 10, 11, 12, 13, 14, 15, 16, 17, 18, 19, 20, 21, 22, 23, 24, 25, 26, 27, 28, 29, 30, 31, 32, 33, 34, 35, 36, 37, 38, 39, 40, 41, 42, 43, 44, 45, 46, 47, 48, 49, 50, 51, 52, 53, 54, 55]
2025-05-07 03:47:56,314 - INFO - Waiting for file with parameters: /s/ls4/users/selibrin/spiking_researches/correlation_encoding_and_training/mnist/hpo/shifted_nn_restr_stdp_synapse/hpo_data/hpo_iteration_data/4335607/params_1_4.pkl
2025-05-07 03:48:11,378 - INFO - Preparing datasets ...
2025-05-07 03:48:11,379 - INFO - `max_samples` = 0.2
2025-05-07 03:48:17,140 - INFO - Model initialization ...
2025-05-07 03:48:17,144 - INFO - Model fitting ...
2025-05-07 03:52:47,411 - INFO - Model eval ...
2025-05-07 03:56:24,562 - INFO - Available CPUs: [0, 1, 2, 3, 4, 5, 6, 7, 8, 9, 10, 11, 12, 13, 14, 15, 16, 17, 18, 19, 20, 21, 22, 23, 24, 25, 26, 27, 28, 29, 30, 31, 32, 33, 34, 35, 36, 37, 38, 39, 40, 41, 42, 43, 44, 45, 46, 47, 48, 49, 50, 51, 52, 53, 54, 55]
2025-05-07 03:56:24,563 - INFO - Waiting for file with parameters: /s/ls4/users/selibrin/spiking_researches/correlation_encoding_and_training/mnist/hpo/shifted_nn_restr_stdp_synapse/hpo_data/hpo_iteration_data/4335607/params_1_4.pkl
2025-05-07 03:56:44,587 - INFO - Preparing datasets ...
2025-05-07 03:56:44,587 - INFO - `max_samples` = 0.2
2025-05-07 03:56:50,362 - INFO - Model initialization ...
2025-05-07 03:56:50,366 - INFO - Model fitting ...
2025-05-07 04:01:15,757 - INFO - Model eval ...
2025-05-07 04:04:59,342 - INFO - Available CPUs: [0, 1, 2, 3, 4, 5, 6, 7, 8, 9, 10, 11, 12, 13, 14, 15, 16, 17, 18, 19, 20, 21, 22, 23, 24, 25, 26, 27, 28, 29, 30, 31, 32, 33, 34, 35, 36, 37, 38, 39, 40, 41, 42, 43, 44, 45, 46, 47, 48, 49, 50, 51, 52, 53, 54, 55]
2025-05-07 04:04:59,343 - INFO - Waiting for file with parameters: /s/ls4/users/selibrin/spiking_researches/correlation_encoding_and_training/mnist/hpo/shifted_nn_restr_stdp_synapse/hpo_data/hpo_iteration_data/4335607/params_1_4.pkl
2025-05-07 04:05:49,399 - INFO - Preparing datasets ...
2025-05-07 04:05:49,399 - INFO - `max_samples` = 0.2
2025-05-07 04:05:55,178 - INFO - Model initialization ...
2025-05-07 04:05:55,182 - INFO - Model fitting ...
2025-05-07 04:10:22,276 - INFO - Model eval ...
2025-05-07 04:13:57,923 - INFO - Available CPUs: [0, 1, 2, 3, 4, 5, 6, 7, 8, 9, 10, 11, 12, 13, 14, 15, 16, 17, 18, 19, 20, 21, 22, 23, 24, 25, 26, 27, 28, 29, 30, 31, 32, 33, 34, 35, 36, 37, 38, 39, 40, 41, 42, 43, 44, 45, 46, 47, 48, 49, 50, 51, 52, 53, 54, 55]
2025-05-07 04:13:57,923 - INFO - Waiting for file with parameters: /s/ls4/users/selibrin/spiking_researches/correlation_encoding_and_training/mnist/hpo/shifted_nn_restr_stdp_synapse/hpo_data/hpo_iteration_data/4335607/params_1_4.pkl
2025-05-07 04:14:22,967 - INFO - Preparing datasets ...
2025-05-07 04:14:22,967 - INFO - `max_samples` = 0.2
2025-05-07 04:14:28,559 - INFO - Model initialization ...
2025-05-07 04:14:28,563 - INFO - Model fitting ...
2025-05-07 04:18:55,517 - INFO - Model eval ...
2025-05-07 04:22:33,993 - INFO - Available CPUs: [0, 1, 2, 3, 4, 5, 6, 7, 8, 9, 10, 11, 12, 13, 14, 15, 16, 17, 18, 19, 20, 21, 22, 23, 24, 25, 26, 27, 28, 29, 30, 31, 32, 33, 34, 35, 36, 37, 38, 39, 40, 41, 42, 43, 44, 45, 46, 47, 48, 49, 50, 51, 52, 53, 54, 55]
2025-05-07 04:22:33,994 - INFO - Waiting for file with parameters: /s/ls4/users/selibrin/spiking_researches/correlation_encoding_and_training/mnist/hpo/shifted_nn_restr_stdp_synapse/hpo_data/hpo_iteration_data/4335607/params_1_4.pkl
2025-05-07 04:22:59,023 - INFO - Preparing datasets ...
2025-05-07 04:22:59,023 - INFO - `max_samples` = 0.2
2025-05-07 04:23:04,798 - INFO - Model initialization ...
2025-05-07 04:23:04,802 - INFO - Model fitting ...
2025-05-07 04:27:35,325 - INFO - Model eval ...
2025-05-07 04:31:04,748 - INFO - Available CPUs: [0, 1, 2, 3, 4, 5, 6, 7, 8, 9, 10, 11, 12, 13, 14, 15, 16, 17, 18, 19, 20, 21, 22, 23, 24, 25, 26, 27, 28, 29, 30, 31, 32, 33, 34, 35, 36, 37, 38, 39, 40, 41, 42, 43, 44, 45, 46, 47, 48, 49, 50, 51, 52, 53, 54, 55]
2025-05-07 04:31:04,748 - INFO - Waiting for file with parameters: /s/ls4/users/selibrin/spiking_researches/correlation_encoding_and_training/mnist/hpo/shifted_nn_restr_stdp_synapse/hpo_data/hpo_iteration_data/4335607/params_1_4.pkl
2025-05-07 04:31:34,782 - INFO - Preparing datasets ...
2025-05-07 04:31:34,782 - INFO - `max_samples` = 0.2
2025-05-07 04:31:40,319 - INFO - Model initialization ...
2025-05-07 04:31:40,322 - INFO - Model fitting ...
2025-05-07 04:36:08,620 - INFO - Model eval ...
2025-05-07 04:39:56,081 - INFO - Available CPUs: [0, 1, 2, 3, 4, 5, 6, 7, 8, 9, 10, 11, 12, 13, 14, 15, 16, 17, 18, 19, 20, 21, 22, 23, 24, 25, 26, 27, 28, 29, 30, 31, 32, 33, 34, 35, 36, 37, 38, 39, 40, 41, 42, 43, 44, 45, 46, 47, 48, 49, 50, 51, 52, 53, 54, 55]
2025-05-07 04:39:56,082 - INFO - Waiting for file with parameters: /s/ls4/users/selibrin/spiking_researches/correlation_encoding_and_training/mnist/hpo/shifted_nn_restr_stdp_synapse/hpo_data/hpo_iteration_data/4335607/params_1_4.pkl
2025-05-07 04:40:06,097 - INFO - Preparing datasets ...
2025-05-07 04:40:06,098 - INFO - `max_samples` = 0.2
2025-05-07 04:40:11,959 - INFO - Model initialization ...
2025-05-07 04:40:12,016 - INFO - Model fitting ...
2025-05-07 04:44:39,938 - INFO - Model eval ...
2025-05-07 04:48:22,314 - INFO - Available CPUs: [0, 1, 2, 3, 4, 5, 6, 7, 8, 9, 10, 11, 12, 13, 14, 15, 16, 17, 18, 19, 20, 21, 22, 23, 24, 25, 26, 27, 28, 29, 30, 31, 32, 33, 34, 35, 36, 37, 38, 39, 40, 41, 42, 43, 44, 45, 46, 47, 48, 49, 50, 51, 52, 53, 54, 55]
2025-05-07 04:48:22,314 - INFO - Waiting for file with parameters: /s/ls4/users/selibrin/spiking_researches/correlation_encoding_and_training/mnist/hpo/shifted_nn_restr_stdp_synapse/hpo_data/hpo_iteration_data/4335607/params_1_4.pkl
2025-05-07 04:48:42,339 - INFO - Preparing datasets ...
2025-05-07 04:48:42,339 - INFO - `max_samples` = 0.2
2025-05-07 04:48:48,214 - INFO - Model initialization ...
2025-05-07 04:48:48,218 - INFO - Model fitting ...
2025-05-07 04:53:12,609 - INFO - Model eval ...
2025-05-07 04:56:54,335 - INFO - Available CPUs: [0, 1, 2, 3, 4, 5, 6, 7, 8, 9, 10, 11, 12, 13, 14, 15, 16, 17, 18, 19, 20, 21, 22, 23, 24, 25, 26, 27, 28, 29, 30, 31, 32, 33, 34, 35, 36, 37, 38, 39, 40, 41, 42, 43, 44, 45, 46, 47, 48, 49, 50, 51, 52, 53, 54, 55]
2025-05-07 04:56:54,336 - INFO - Waiting for file with parameters: /s/ls4/users/selibrin/spiking_researches/correlation_encoding_and_training/mnist/hpo/shifted_nn_restr_stdp_synapse/hpo_data/hpo_iteration_data/4335607/params_1_4.pkl
2025-05-07 04:57:14,362 - INFO - Preparing datasets ...
2025-05-07 04:57:14,362 - INFO - `max_samples` = 0.2
2025-05-07 04:57:20,032 - INFO - Model initialization ...
2025-05-07 04:57:20,036 - INFO - Model fitting ...
2025-05-07 05:01:47,720 - INFO - Model eval ...
2025-05-07 05:05:28,249 - INFO - Available CPUs: [0, 1, 2, 3, 4, 5, 6, 7, 8, 9, 10, 11, 12, 13, 14, 15, 16, 17, 18, 19, 20, 21, 22, 23, 24, 25, 26, 27, 28, 29, 30, 31, 32, 33, 34, 35, 36, 37, 38, 39, 40, 41, 42, 43, 44, 45, 46, 47, 48, 49, 50, 51, 52, 53, 54, 55]
2025-05-07 05:05:28,249 - INFO - Waiting for file with parameters: /s/ls4/users/selibrin/spiking_researches/correlation_encoding_and_training/mnist/hpo/shifted_nn_restr_stdp_synapse/hpo_data/hpo_iteration_data/4335607/params_1_4.pkl
2025-05-07 05:05:48,275 - INFO - Preparing datasets ...
2025-05-07 05:05:48,275 - INFO - `max_samples` = 0.2
2025-05-07 05:05:54,175 - INFO - Model initialization ...
2025-05-07 05:05:54,178 - INFO - Model fitting ...
2025-05-07 05:10:19,981 - INFO - Model eval ...
2025-05-07 05:13:55,596 - INFO - Available CPUs: [0, 1, 2, 3, 4, 5, 6, 7, 8, 9, 10, 11, 12, 13, 14, 15, 16, 17, 18, 19, 20, 21, 22, 23, 24, 25, 26, 27, 28, 29, 30, 31, 32, 33, 34, 35, 36, 37, 38, 39, 40, 41, 42, 43, 44, 45, 46, 47, 48, 49, 50, 51, 52, 53, 54, 55]
2025-05-07 05:13:55,597 - INFO - Waiting for file with parameters: /s/ls4/users/selibrin/spiking_researches/correlation_encoding_and_training/mnist/hpo/shifted_nn_restr_stdp_synapse/hpo_data/hpo_iteration_data/4335607/params_1_4.pkl
2025-05-07 05:14:25,712 - INFO - Preparing datasets ...
2025-05-07 05:14:25,712 - INFO - `max_samples` = 0.2
2025-05-07 05:14:31,438 - INFO - Model initialization ...
2025-05-07 05:14:31,441 - INFO - Model fitting ...
2025-05-07 05:19:00,539 - INFO - Model eval ...
2025-05-07 05:22:44,058 - INFO - Available CPUs: [0, 1, 2, 3, 4, 5, 6, 7, 8, 9, 10, 11, 12, 13, 14, 15, 16, 17, 18, 19, 20, 21, 22, 23, 24, 25, 26, 27, 28, 29, 30, 31, 32, 33, 34, 35, 36, 37, 38, 39, 40, 41, 42, 43, 44, 45, 46, 47, 48, 49, 50, 51, 52, 53, 54, 55]
2025-05-07 05:22:44,058 - INFO - Waiting for file with parameters: /s/ls4/users/selibrin/spiking_researches/correlation_encoding_and_training/mnist/hpo/shifted_nn_restr_stdp_synapse/hpo_data/hpo_iteration_data/4335607/params_1_4.pkl
2025-05-07 05:22:59,077 - INFO - Preparing datasets ...
2025-05-07 05:22:59,077 - INFO - `max_samples` = 0.2
2025-05-07 05:23:04,929 - INFO - Model initialization ...
2025-05-07 05:23:04,933 - INFO - Model fitting ...
2025-05-07 05:27:34,095 - INFO - Model eval ...
2025-05-07 05:31:16,445 - INFO - Available CPUs: [0, 1, 2, 3, 4, 5, 6, 7, 8, 9, 10, 11, 12, 13, 14, 15, 16, 17, 18, 19, 20, 21, 22, 23, 24, 25, 26, 27, 28, 29, 30, 31, 32, 33, 34, 35, 36, 37, 38, 39, 40, 41, 42, 43, 44, 45, 46, 47, 48, 49, 50, 51, 52, 53, 54, 55]
2025-05-07 05:31:16,446 - INFO - Waiting for file with parameters: /s/ls4/users/selibrin/spiking_researches/correlation_encoding_and_training/mnist/hpo/shifted_nn_restr_stdp_synapse/hpo_data/hpo_iteration_data/4335607/params_1_4.pkl
2025-05-07 05:31:31,466 - INFO - Preparing datasets ...
2025-05-07 05:31:31,467 - INFO - `max_samples` = 0.2
2025-05-07 05:31:37,142 - INFO - Model initialization ...
2025-05-07 05:31:37,146 - INFO - Model fitting ...
2025-05-07 05:36:03,706 - INFO - Model eval ...
2025-05-07 05:39:42,332 - INFO - Available CPUs: [0, 1, 2, 3, 4, 5, 6, 7, 8, 9, 10, 11, 12, 13, 14, 15, 16, 17, 18, 19, 20, 21, 22, 23, 24, 25, 26, 27, 28, 29, 30, 31, 32, 33, 34, 35, 36, 37, 38, 39, 40, 41, 42, 43, 44, 45, 46, 47, 48, 49, 50, 51, 52, 53, 54, 55]
2025-05-07 05:39:42,332 - INFO - Waiting for file with parameters: /s/ls4/users/selibrin/spiking_researches/correlation_encoding_and_training/mnist/hpo/shifted_nn_restr_stdp_synapse/hpo_data/hpo_iteration_data/4335607/params_1_4.pkl
2025-05-07 05:40:07,364 - INFO - Preparing datasets ...
2025-05-07 05:40:07,364 - INFO - `max_samples` = 0.2
2025-05-07 05:40:12,932 - INFO - Model initialization ...
2025-05-07 05:40:12,935 - INFO - Model fitting ...
2025-05-07 05:44:42,716 - INFO - Model eval ...
2025-05-07 05:48:21,997 - INFO - Available CPUs: [0, 1, 2, 3, 4, 5, 6, 7, 8, 9, 10, 11, 12, 13, 14, 15, 16, 17, 18, 19, 20, 21, 22, 23, 24, 25, 26, 27, 28, 29, 30, 31, 32, 33, 34, 35, 36, 37, 38, 39, 40, 41, 42, 43, 44, 45, 46, 47, 48, 49, 50, 51, 52, 53, 54, 55]
2025-05-07 05:48:21,997 - INFO - Waiting for file with parameters: /s/ls4/users/selibrin/spiking_researches/correlation_encoding_and_training/mnist/hpo/shifted_nn_restr_stdp_synapse/hpo_data/hpo_iteration_data/4335607/params_1_4.pkl
2025-05-07 05:48:42,088 - INFO - Preparing datasets ...
2025-05-07 05:48:42,088 - INFO - `max_samples` = 0.2
2025-05-07 05:48:47,870 - INFO - Model initialization ...
2025-05-07 05:48:47,873 - INFO - Model fitting ...
2025-05-07 05:53:14,289 - INFO - Model eval ...
2025-05-07 05:56:52,981 - INFO - Available CPUs: [0, 1, 2, 3, 4, 5, 6, 7, 8, 9, 10, 11, 12, 13, 14, 15, 16, 17, 18, 19, 20, 21, 22, 23, 24, 25, 26, 27, 28, 29, 30, 31, 32, 33, 34, 35, 36, 37, 38, 39, 40, 41, 42, 43, 44, 45, 46, 47, 48, 49, 50, 51, 52, 53, 54, 55]
2025-05-07 05:56:52,981 - INFO - Waiting for file with parameters: /s/ls4/users/selibrin/spiking_researches/correlation_encoding_and_training/mnist/hpo/shifted_nn_restr_stdp_synapse/hpo_data/hpo_iteration_data/4335607/params_1_4.pkl
2025-05-07 05:57:18,010 - INFO - Preparing datasets ...
2025-05-07 05:57:18,011 - INFO - `max_samples` = 0.2
2025-05-07 05:57:23,924 - INFO - Model initialization ...
2025-05-07 05:57:23,928 - INFO - Model fitting ...
2025-05-07 06:01:52,919 - INFO - Model eval ...
2025-05-07 06:05:32,752 - INFO - Available CPUs: [0, 1, 2, 3, 4, 5, 6, 7, 8, 9, 10, 11, 12, 13, 14, 15, 16, 17, 18, 19, 20, 21, 22, 23, 24, 25, 26, 27, 28, 29, 30, 31, 32, 33, 34, 35, 36, 37, 38, 39, 40, 41, 42, 43, 44, 45, 46, 47, 48, 49, 50, 51, 52, 53, 54, 55]
2025-05-07 06:05:32,752 - INFO - Waiting for file with parameters: /s/ls4/users/selibrin/spiking_researches/correlation_encoding_and_training/mnist/hpo/shifted_nn_restr_stdp_synapse/hpo_data/hpo_iteration_data/4335607/params_1_4.pkl
2025-05-07 06:05:52,776 - INFO - Preparing datasets ...
2025-05-07 06:05:52,776 - INFO - `max_samples` = 0.2
2025-05-07 06:05:58,493 - INFO - Model initialization ...
2025-05-07 06:05:58,497 - INFO - Model fitting ...
2025-05-07 06:10:29,669 - INFO - Model eval ...
2025-05-07 06:14:06,844 - INFO - Available CPUs: [0, 1, 2, 3, 4, 5, 6, 7, 8, 9, 10, 11, 12, 13, 14, 15, 16, 17, 18, 19, 20, 21, 22, 23, 24, 25, 26, 27, 28, 29, 30, 31, 32, 33, 34, 35, 36, 37, 38, 39, 40, 41, 42, 43, 44, 45, 46, 47, 48, 49, 50, 51, 52, 53, 54, 55]
2025-05-07 06:14:06,844 - INFO - Waiting for file with parameters: /s/ls4/users/selibrin/spiking_researches/correlation_encoding_and_training/mnist/hpo/shifted_nn_restr_stdp_synapse/hpo_data/hpo_iteration_data/4335607/params_1_4.pkl
2025-05-07 06:14:26,869 - INFO - Preparing datasets ...
2025-05-07 06:14:26,869 - INFO - `max_samples` = 0.2
2025-05-07 06:14:32,499 - INFO - Model initialization ...
2025-05-07 06:14:32,504 - INFO - Model fitting ...
2025-05-07 06:19:00,030 - INFO - Model eval ...
2025-05-07 06:22:39,740 - INFO - Available CPUs: [0, 1, 2, 3, 4, 5, 6, 7, 8, 9, 10, 11, 12, 13, 14, 15, 16, 17, 18, 19, 20, 21, 22, 23, 24, 25, 26, 27, 28, 29, 30, 31, 32, 33, 34, 35, 36, 37, 38, 39, 40, 41, 42, 43, 44, 45, 46, 47, 48, 49, 50, 51, 52, 53, 54, 55]
2025-05-07 06:22:39,740 - INFO - Waiting for file with parameters: /s/ls4/users/selibrin/spiking_researches/correlation_encoding_and_training/mnist/hpo/shifted_nn_restr_stdp_synapse/hpo_data/hpo_iteration_data/4335607/params_1_4.pkl
2025-05-07 06:22:59,762 - INFO - Preparing datasets ...
2025-05-07 06:22:59,762 - INFO - `max_samples` = 0.2
2025-05-07 06:23:05,434 - INFO - Model initialization ...
2025-05-07 06:23:05,437 - INFO - Model fitting ...
2025-05-07 06:27:26,401 - INFO - Model eval ...
2025-05-07 06:31:01,423 - INFO - Available CPUs: [0, 1, 2, 3, 4, 5, 6, 7, 8, 9, 10, 11, 12, 13, 14, 15, 16, 17, 18, 19, 20, 21, 22, 23, 24, 25, 26, 27, 28, 29, 30, 31, 32, 33, 34, 35, 36, 37, 38, 39, 40, 41, 42, 43, 44, 45, 46, 47, 48, 49, 50, 51, 52, 53, 54, 55]
2025-05-07 06:31:01,423 - INFO - Waiting for file with parameters: /s/ls4/users/selibrin/spiking_researches/correlation_encoding_and_training/mnist/hpo/shifted_nn_restr_stdp_synapse/hpo_data/hpo_iteration_data/4335607/params_1_4.pkl
2025-05-07 06:31:31,454 - INFO - Preparing datasets ...
2025-05-07 06:31:31,454 - INFO - `max_samples` = 0.2
2025-05-07 06:31:36,089 - INFO - Model initialization ...
2025-05-07 06:31:36,093 - INFO - Model fitting ...
2025-05-07 06:36:00,060 - INFO - Model eval ...
2025-05-07 06:39:39,388 - INFO - Available CPUs: [0, 1, 2, 3, 4, 5, 6, 7, 8, 9, 10, 11, 12, 13, 14, 15, 16, 17, 18, 19, 20, 21, 22, 23, 24, 25, 26, 27, 28, 29, 30, 31, 32, 33, 34, 35, 36, 37, 38, 39, 40, 41, 42, 43, 44, 45, 46, 47, 48, 49, 50, 51, 52, 53, 54, 55]
2025-05-07 06:39:39,389 - INFO - Waiting for file with parameters: /s/ls4/users/selibrin/spiking_researches/correlation_encoding_and_training/mnist/hpo/shifted_nn_restr_stdp_synapse/hpo_data/hpo_iteration_data/4335607/params_1_4.pkl
2025-05-07 06:40:09,644 - INFO - Preparing datasets ...
2025-05-07 06:40:09,644 - INFO - `max_samples` = 0.2
2025-05-07 06:40:15,424 - INFO - Model initialization ...
2025-05-07 06:40:15,428 - INFO - Model fitting ...
2025-05-07 06:44:46,230 - INFO - Model eval ...
2025-05-07 06:48:23,587 - INFO - Available CPUs: [0, 1, 2, 3, 4, 5, 6, 7, 8, 9, 10, 11, 12, 13, 14, 15, 16, 17, 18, 19, 20, 21, 22, 23, 24, 25, 26, 27, 28, 29, 30, 31, 32, 33, 34, 35, 36, 37, 38, 39, 40, 41, 42, 43, 44, 45, 46, 47, 48, 49, 50, 51, 52, 53, 54, 55]
2025-05-07 06:48:23,587 - INFO - Waiting for file with parameters: /s/ls4/users/selibrin/spiking_researches/correlation_encoding_and_training/mnist/hpo/shifted_nn_restr_stdp_synapse/hpo_data/hpo_iteration_data/4335607/params_1_4.pkl
2025-05-07 06:48:43,612 - INFO - Preparing datasets ...
2025-05-07 06:48:43,612 - INFO - `max_samples` = 0.2
2025-05-07 06:48:49,387 - INFO - Model initialization ...
2025-05-07 06:48:49,391 - INFO - Model fitting ...
2025-05-07 06:53:16,383 - INFO - Model eval ...
2025-05-07 06:56:53,651 - INFO - Available CPUs: [0, 1, 2, 3, 4, 5, 6, 7, 8, 9, 10, 11, 12, 13, 14, 15, 16, 17, 18, 19, 20, 21, 22, 23, 24, 25, 26, 27, 28, 29, 30, 31, 32, 33, 34, 35, 36, 37, 38, 39, 40, 41, 42, 43, 44, 45, 46, 47, 48, 49, 50, 51, 52, 53, 54, 55]
2025-05-07 06:56:53,652 - INFO - Waiting for file with parameters: /s/ls4/users/selibrin/spiking_researches/correlation_encoding_and_training/mnist/hpo/shifted_nn_restr_stdp_synapse/hpo_data/hpo_iteration_data/4335607/params_1_4.pkl
2025-05-07 06:57:18,683 - INFO - Preparing datasets ...
2025-05-07 06:57:18,683 - INFO - `max_samples` = 0.2
2025-05-07 06:57:24,518 - INFO - Model initialization ...
2025-05-07 06:57:24,522 - INFO - Model fitting ...
2025-05-07 07:01:51,527 - INFO - Model eval ...
2025-05-07 07:05:32,999 - INFO - Available CPUs: [0, 1, 2, 3, 4, 5, 6, 7, 8, 9, 10, 11, 12, 13, 14, 15, 16, 17, 18, 19, 20, 21, 22, 23, 24, 25, 26, 27, 28, 29, 30, 31, 32, 33, 34, 35, 36, 37, 38, 39, 40, 41, 42, 43, 44, 45, 46, 47, 48, 49, 50, 51, 52, 53, 54, 55]
2025-05-07 07:05:32,999 - INFO - Waiting for file with parameters: /s/ls4/users/selibrin/spiking_researches/correlation_encoding_and_training/mnist/hpo/shifted_nn_restr_stdp_synapse/hpo_data/hpo_iteration_data/4335607/params_1_4.pkl
2025-05-07 07:05:53,024 - INFO - Preparing datasets ...
2025-05-07 07:05:53,024 - INFO - `max_samples` = 0.2
2025-05-07 07:05:58,958 - INFO - Model initialization ...
2025-05-07 07:05:58,962 - INFO - Model fitting ...
2025-05-07 07:10:27,517 - INFO - Model eval ...
2025-05-07 07:14:02,821 - INFO - Available CPUs: [0, 1, 2, 3, 4, 5, 6, 7, 8, 9, 10, 11, 12, 13, 14, 15, 16, 17, 18, 19, 20, 21, 22, 23, 24, 25, 26, 27, 28, 29, 30, 31, 32, 33, 34, 35, 36, 37, 38, 39, 40, 41, 42, 43, 44, 45, 46, 47, 48, 49, 50, 51, 52, 53, 54, 55]
2025-05-07 07:14:02,822 - INFO - Waiting for file with parameters: /s/ls4/users/selibrin/spiking_researches/correlation_encoding_and_training/mnist/hpo/shifted_nn_restr_stdp_synapse/hpo_data/hpo_iteration_data/4335607/params_1_4.pkl
2025-05-07 07:14:27,852 - INFO - Preparing datasets ...
2025-05-07 07:14:27,852 - INFO - `max_samples` = 0.2
2025-05-07 07:14:33,645 - INFO - Model initialization ...
2025-05-07 07:14:33,649 - INFO - Model fitting ...
2025-05-07 07:19:06,635 - INFO - Model eval ...
2025-05-07 07:22:47,798 - INFO - Available CPUs: [0, 1, 2, 3, 4, 5, 6, 7, 8, 9, 10, 11, 12, 13, 14, 15, 16, 17, 18, 19, 20, 21, 22, 23, 24, 25, 26, 27, 28, 29, 30, 31, 32, 33, 34, 35, 36, 37, 38, 39, 40, 41, 42, 43, 44, 45, 46, 47, 48, 49, 50, 51, 52, 53, 54, 55]
2025-05-07 07:22:47,799 - INFO - Waiting for file with parameters: /s/ls4/users/selibrin/spiking_researches/correlation_encoding_and_training/mnist/hpo/shifted_nn_restr_stdp_synapse/hpo_data/hpo_iteration_data/4335607/params_1_4.pkl
2025-05-07 07:23:02,819 - INFO - Preparing datasets ...
2025-05-07 07:23:02,819 - INFO - `max_samples` = 0.2
2025-05-07 07:23:08,561 - INFO - Model initialization ...
2025-05-07 07:23:08,565 - INFO - Model fitting ...
2025-05-07 07:27:34,118 - INFO - Model eval ...
2025-05-07 07:31:16,590 - INFO - Available CPUs: [0, 1, 2, 3, 4, 5, 6, 7, 8, 9, 10, 11, 12, 13, 14, 15, 16, 17, 18, 19, 20, 21, 22, 23, 24, 25, 26, 27, 28, 29, 30, 31, 32, 33, 34, 35, 36, 37, 38, 39, 40, 41, 42, 43, 44, 45, 46, 47, 48, 49, 50, 51, 52, 53, 54, 55]
2025-05-07 07:31:16,591 - INFO - Waiting for file with parameters: /s/ls4/users/selibrin/spiking_researches/correlation_encoding_and_training/mnist/hpo/shifted_nn_restr_stdp_synapse/hpo_data/hpo_iteration_data/4335607/params_1_4.pkl
2025-05-07 07:31:36,615 - INFO - Preparing datasets ...
2025-05-07 07:31:36,616 - INFO - `max_samples` = 0.2
2025-05-07 07:31:42,356 - INFO - Model initialization ...
2025-05-07 07:31:42,360 - INFO - Model fitting ...
2025-05-07 07:36:26,307 - INFO - Model eval ...
2025-05-07 07:40:18,497 - INFO - Available CPUs: [0, 1, 2, 3, 4, 5, 6, 7, 8, 9, 10, 11, 12, 13, 14, 15, 16, 17, 18, 19, 20, 21, 22, 23, 24, 25, 26, 27, 28, 29, 30, 31, 32, 33, 34, 35, 36, 37, 38, 39, 40, 41, 42, 43, 44, 45, 46, 47, 48, 49, 50, 51, 52, 53, 54, 55]
2025-05-07 07:40:18,497 - INFO - Waiting for file with parameters: /s/ls4/users/selibrin/spiking_researches/correlation_encoding_and_training/mnist/hpo/shifted_nn_restr_stdp_synapse/hpo_data/hpo_iteration_data/4335607/params_1_4.pkl
2025-05-07 07:40:38,518 - INFO - Preparing datasets ...
2025-05-07 07:40:38,518 - INFO - `max_samples` = 0.2
2025-05-07 07:40:44,245 - INFO - Model initialization ...
2025-05-07 07:40:44,248 - INFO - Model fitting ...
2025-05-07 07:45:13,496 - INFO - Model eval ...
2025-05-07 07:48:58,437 - INFO - Available CPUs: [0, 1, 2, 3, 4, 5, 6, 7, 8, 9, 10, 11, 12, 13, 14, 15, 16, 17, 18, 19, 20, 21, 22, 23, 24, 25, 26, 27, 28, 29, 30, 31, 32, 33, 34, 35, 36, 37, 38, 39, 40, 41, 42, 43, 44, 45, 46, 47, 48, 49, 50, 51, 52, 53, 54, 55]
2025-05-07 07:48:58,438 - INFO - Waiting for file with parameters: /s/ls4/users/selibrin/spiking_researches/correlation_encoding_and_training/mnist/hpo/shifted_nn_restr_stdp_synapse/hpo_data/hpo_iteration_data/4335607/params_1_4.pkl
2025-05-07 07:49:18,495 - INFO - Preparing datasets ...
2025-05-07 07:49:18,496 - INFO - `max_samples` = 0.2
2025-05-07 07:49:24,242 - INFO - Model initialization ...
2025-05-07 07:49:24,245 - INFO - Model fitting ...
2025-05-07 07:53:47,570 - INFO - Model eval ...
2025-05-07 07:57:33,181 - INFO - Available CPUs: [0, 1, 2, 3, 4, 5, 6, 7, 8, 9, 10, 11, 12, 13, 14, 15, 16, 17, 18, 19, 20, 21, 22, 23, 24, 25, 26, 27, 28, 29, 30, 31, 32, 33, 34, 35, 36, 37, 38, 39, 40, 41, 42, 43, 44, 45, 46, 47, 48, 49, 50, 51, 52, 53, 54, 55]
2025-05-07 07:57:33,182 - INFO - Waiting for file with parameters: /s/ls4/users/selibrin/spiking_researches/correlation_encoding_and_training/mnist/hpo/shifted_nn_restr_stdp_synapse/hpo_data/hpo_iteration_data/4335607/params_1_4.pkl
2025-05-07 07:57:53,210 - INFO - Preparing datasets ...
2025-05-07 07:57:53,210 - INFO - `max_samples` = 0.2
2025-05-07 07:57:59,108 - INFO - Model initialization ...
2025-05-07 07:57:59,113 - INFO - Model fitting ...
2025-05-07 08:02:31,011 - INFO - Model eval ...
2025-05-07 08:06:14,601 - INFO - Available CPUs: [0, 1, 2, 3, 4, 5, 6, 7, 8, 9, 10, 11, 12, 13, 14, 15, 16, 17, 18, 19, 20, 21, 22, 23, 24, 25, 26, 27, 28, 29, 30, 31, 32, 33, 34, 35, 36, 37, 38, 39, 40, 41, 42, 43, 44, 45, 46, 47, 48, 49, 50, 51, 52, 53, 54, 55]
2025-05-07 08:06:14,602 - INFO - Waiting for file with parameters: /s/ls4/users/selibrin/spiking_researches/correlation_encoding_and_training/mnist/hpo/shifted_nn_restr_stdp_synapse/hpo_data/hpo_iteration_data/4335607/params_1_4.pkl
2025-05-07 08:06:24,638 - INFO - Preparing datasets ...
2025-05-07 08:06:24,639 - INFO - `max_samples` = 0.2
2025-05-07 08:06:30,421 - INFO - Model initialization ...
2025-05-07 08:06:30,424 - INFO - Model fitting ...
2025-05-07 08:11:00,123 - INFO - Model eval ...
2025-05-07 08:14:36,378 - INFO - Available CPUs: [0, 1, 2, 3, 4, 5, 6, 7, 8, 9, 10, 11, 12, 13, 14, 15, 16, 17, 18, 19, 20, 21, 22, 23, 24, 25, 26, 27, 28, 29, 30, 31, 32, 33, 34, 35, 36, 37, 38, 39, 40, 41, 42, 43, 44, 45, 46, 47, 48, 49, 50, 51, 52, 53, 54, 55]
2025-05-07 08:14:36,378 - INFO - Waiting for file with parameters: /s/ls4/users/selibrin/spiking_researches/correlation_encoding_and_training/mnist/hpo/shifted_nn_restr_stdp_synapse/hpo_data/hpo_iteration_data/4335607/params_1_4.pkl
2025-05-07 08:15:01,403 - INFO - Preparing datasets ...
2025-05-07 08:15:01,403 - INFO - `max_samples` = 0.2
2025-05-07 08:15:06,500 - INFO - Model initialization ...
2025-05-07 08:15:06,503 - INFO - Model fitting ...
2025-05-07 08:19:26,187 - INFO - Model eval ...
2025-05-07 08:23:08,727 - INFO - Available CPUs: [0, 1, 2, 3, 4, 5, 6, 7, 8, 9, 10, 11, 12, 13, 14, 15, 16, 17, 18, 19, 20, 21, 22, 23, 24, 25, 26, 27, 28, 29, 30, 31, 32, 33, 34, 35, 36, 37, 38, 39, 40, 41, 42, 43, 44, 45, 46, 47, 48, 49, 50, 51, 52, 53, 54, 55]
2025-05-07 08:23:08,727 - INFO - Waiting for file with parameters: /s/ls4/users/selibrin/spiking_researches/correlation_encoding_and_training/mnist/hpo/shifted_nn_restr_stdp_synapse/hpo_data/hpo_iteration_data/4335607/params_1_4.pkl
2025-05-07 08:23:33,760 - INFO - Preparing datasets ...
2025-05-07 08:23:33,761 - INFO - `max_samples` = 0.2
2025-05-07 08:23:39,605 - INFO - Model initialization ...
2025-05-07 08:23:39,609 - INFO - Model fitting ...
2025-05-07 08:28:15,536 - INFO - Model eval ...
2025-05-07 08:32:05,405 - INFO - Available CPUs: [0, 1, 2, 3, 4, 5, 6, 7, 8, 9, 10, 11, 12, 13, 14, 15, 16, 17, 18, 19, 20, 21, 22, 23, 24, 25, 26, 27, 28, 29, 30, 31, 32, 33, 34, 35, 36, 37, 38, 39, 40, 41, 42, 43, 44, 45, 46, 47, 48, 49, 50, 51, 52, 53, 54, 55]
2025-05-07 08:32:05,406 - INFO - Waiting for file with parameters: /s/ls4/users/selibrin/spiking_researches/correlation_encoding_and_training/mnist/hpo/shifted_nn_restr_stdp_synapse/hpo_data/hpo_iteration_data/4335607/params_1_4.pkl
2025-05-07 08:32:35,461 - INFO - Preparing datasets ...
2025-05-07 08:32:35,461 - INFO - `max_samples` = 0.2
2025-05-07 08:32:40,973 - INFO - Model initialization ...
2025-05-07 08:32:40,977 - INFO - Model fitting ...
2025-05-07 08:37:08,626 - INFO - Model eval ...
2025-05-07 08:40:47,524 - INFO - Available CPUs: [0, 1, 2, 3, 4, 5, 6, 7, 8, 9, 10, 11, 12, 13, 14, 15, 16, 17, 18, 19, 20, 21, 22, 23, 24, 25, 26, 27, 28, 29, 30, 31, 32, 33, 34, 35, 36, 37, 38, 39, 40, 41, 42, 43, 44, 45, 46, 47, 48, 49, 50, 51, 52, 53, 54, 55]
2025-05-07 08:40:47,524 - INFO - Waiting for file with parameters: /s/ls4/users/selibrin/spiking_researches/correlation_encoding_and_training/mnist/hpo/shifted_nn_restr_stdp_synapse/hpo_data/hpo_iteration_data/4335607/params_1_4.pkl
2025-05-07 08:41:42,582 - INFO - Preparing datasets ...
2025-05-07 08:41:42,582 - INFO - `max_samples` = 0.2
2025-05-07 08:41:48,020 - INFO - Model initialization ...
2025-05-07 08:41:48,024 - INFO - Model fitting ...
2025-05-07 08:46:16,383 - INFO - Model eval ...
2025-05-07 08:49:55,688 - INFO - Available CPUs: [0, 1, 2, 3, 4, 5, 6, 7, 8, 9, 10, 11, 12, 13, 14, 15, 16, 17, 18, 19, 20, 21, 22, 23, 24, 25, 26, 27, 28, 29, 30, 31, 32, 33, 34, 35, 36, 37, 38, 39, 40, 41, 42, 43, 44, 45, 46, 47, 48, 49, 50, 51, 52, 53, 54, 55]
2025-05-07 08:49:55,688 - INFO - Waiting for file with parameters: /s/ls4/users/selibrin/spiking_researches/correlation_encoding_and_training/mnist/hpo/shifted_nn_restr_stdp_synapse/hpo_data/hpo_iteration_data/4335607/params_1_4.pkl
2025-05-07 08:50:15,709 - INFO - Preparing datasets ...
2025-05-07 08:50:15,710 - INFO - `max_samples` = 0.2
2025-05-07 08:50:20,589 - INFO - Model initialization ...
2025-05-07 08:50:20,593 - INFO - Model fitting ...
2025-05-07 08:54:39,051 - INFO - Model eval ...
2025-05-07 08:58:21,335 - INFO - Available CPUs: [0, 1, 2, 3, 4, 5, 6, 7, 8, 9, 10, 11, 12, 13, 14, 15, 16, 17, 18, 19, 20, 21, 22, 23, 24, 25, 26, 27, 28, 29, 30, 31, 32, 33, 34, 35, 36, 37, 38, 39, 40, 41, 42, 43, 44, 45, 46, 47, 48, 49, 50, 51, 52, 53, 54, 55]
2025-05-07 08:58:21,335 - INFO - Waiting for file with parameters: /s/ls4/users/selibrin/spiking_researches/correlation_encoding_and_training/mnist/hpo/shifted_nn_restr_stdp_synapse/hpo_data/hpo_iteration_data/4335607/params_1_4.pkl
2025-05-07 08:58:51,369 - INFO - Preparing datasets ...
2025-05-07 08:58:51,369 - INFO - `max_samples` = 0.2
2025-05-07 08:58:56,896 - INFO - Model initialization ...
2025-05-07 08:58:56,900 - INFO - Model fitting ...
2025-05-07 09:03:17,385 - INFO - Model eval ...
2025-05-07 09:07:04,572 - INFO - Available CPUs: [0, 1, 2, 3, 4, 5, 6, 7, 8, 9, 10, 11, 12, 13, 14, 15, 16, 17, 18, 19, 20, 21, 22, 23, 24, 25, 26, 27, 28, 29, 30, 31, 32, 33, 34, 35, 36, 37, 38, 39, 40, 41, 42, 43, 44, 45, 46, 47, 48, 49, 50, 51, 52, 53, 54, 55]
2025-05-07 09:07:04,573 - INFO - Waiting for file with parameters: /s/ls4/users/selibrin/spiking_researches/correlation_encoding_and_training/mnist/hpo/shifted_nn_restr_stdp_synapse/hpo_data/hpo_iteration_data/4335607/params_1_4.pkl
2025-05-07 09:07:54,630 - INFO - Preparing datasets ...
2025-05-07 09:07:54,630 - INFO - `max_samples` = 0.2
2025-05-07 09:08:00,137 - INFO - Model initialization ...
2025-05-07 09:08:00,140 - INFO - Model fitting ...
2025-05-07 09:12:35,770 - INFO - Model eval ...
2025-05-07 09:16:14,407 - INFO - Available CPUs: [0, 1, 2, 3, 4, 5, 6, 7, 8, 9, 10, 11, 12, 13, 14, 15, 16, 17, 18, 19, 20, 21, 22, 23, 24, 25, 26, 27, 28, 29, 30, 31, 32, 33, 34, 35, 36, 37, 38, 39, 40, 41, 42, 43, 44, 45, 46, 47, 48, 49, 50, 51, 52, 53, 54, 55]
2025-05-07 09:16:14,408 - INFO - Waiting for file with parameters: /s/ls4/users/selibrin/spiking_researches/correlation_encoding_and_training/mnist/hpo/shifted_nn_restr_stdp_synapse/hpo_data/hpo_iteration_data/4335607/params_1_4.pkl
2025-05-07 09:16:59,457 - INFO - Preparing datasets ...
2025-05-07 09:16:59,458 - INFO - `max_samples` = 0.2
2025-05-07 09:17:05,317 - INFO - Model initialization ...
2025-05-07 09:17:05,320 - INFO - Model fitting ...
2025-05-07 09:21:37,887 - INFO - Model eval ...
2025-05-07 09:25:15,630 - INFO - Available CPUs: [0, 1, 2, 3, 4, 5, 6, 7, 8, 9, 10, 11, 12, 13, 14, 15, 16, 17, 18, 19, 20, 21, 22, 23, 24, 25, 26, 27, 28, 29, 30, 31, 32, 33, 34, 35, 36, 37, 38, 39, 40, 41, 42, 43, 44, 45, 46, 47, 48, 49, 50, 51, 52, 53, 54, 55]
2025-05-07 09:25:15,631 - INFO - Waiting for file with parameters: /s/ls4/users/selibrin/spiking_researches/correlation_encoding_and_training/mnist/hpo/shifted_nn_restr_stdp_synapse/hpo_data/hpo_iteration_data/4335607/params_1_4.pkl
2025-05-07 09:26:05,689 - INFO - Preparing datasets ...
2025-05-07 09:26:05,689 - INFO - `max_samples` = 0.2
2025-05-07 09:26:10,420 - INFO - Model initialization ...
2025-05-07 09:26:10,424 - INFO - Model fitting ...
2025-05-07 09:30:31,433 - INFO - Model eval ...
2025-05-07 09:34:09,749 - INFO - Available CPUs: [0, 1, 2, 3, 4, 5, 6, 7, 8, 9, 10, 11, 12, 13, 14, 15, 16, 17, 18, 19, 20, 21, 22, 23, 24, 25, 26, 27, 28, 29, 30, 31, 32, 33, 34, 35, 36, 37, 38, 39, 40, 41, 42, 43, 44, 45, 46, 47, 48, 49, 50, 51, 52, 53, 54, 55]
2025-05-07 09:34:09,750 - INFO - Waiting for file with parameters: /s/ls4/users/selibrin/spiking_researches/correlation_encoding_and_training/mnist/hpo/shifted_nn_restr_stdp_synapse/hpo_data/hpo_iteration_data/4335607/params_1_4.pkl
2025-05-07 09:34:39,784 - INFO - Preparing datasets ...
2025-05-07 09:34:39,785 - INFO - `max_samples` = 0.2
2025-05-07 09:34:44,139 - INFO - Model initialization ...
2025-05-07 09:34:44,143 - INFO - Model fitting ...
2025-05-07 09:39:04,470 - INFO - Model eval ...
2025-05-07 09:42:26,312 - INFO - Available CPUs: [0, 1, 2, 3, 4, 5, 6, 7, 8, 9, 10, 11, 12, 13, 14, 15, 16, 17, 18, 19, 20, 21, 22, 23, 24, 25, 26, 27, 28, 29, 30, 31, 32, 33, 34, 35, 36, 37, 38, 39, 40, 41, 42, 43, 44, 45, 46, 47, 48, 49, 50, 51, 52, 53, 54, 55]
2025-05-07 09:42:26,312 - INFO - Waiting for file with parameters: /s/ls4/users/selibrin/spiking_researches/correlation_encoding_and_training/mnist/hpo/shifted_nn_restr_stdp_synapse/hpo_data/hpo_iteration_data/4335607/params_1_4.pkl
2025-05-07 09:43:11,364 - INFO - Preparing datasets ...
2025-05-07 09:43:11,365 - INFO - `max_samples` = 0.2
2025-05-07 09:43:16,896 - INFO - Model initialization ...
2025-05-07 09:43:16,900 - INFO - Model fitting ...
2025-05-07 09:48:01,352 - INFO - Model eval ...
2025-05-07 09:51:51,891 - INFO - Available CPUs: [0, 1, 2, 3, 4, 5, 6, 7, 8, 9, 10, 11, 12, 13, 14, 15, 16, 17, 18, 19, 20, 21, 22, 23, 24, 25, 26, 27, 28, 29, 30, 31, 32, 33, 34, 35, 36, 37, 38, 39, 40, 41, 42, 43, 44, 45, 46, 47, 48, 49, 50, 51, 52, 53, 54, 55]
2025-05-07 09:51:51,892 - INFO - Waiting for file with parameters: /s/ls4/users/selibrin/spiking_researches/correlation_encoding_and_training/mnist/hpo/shifted_nn_restr_stdp_synapse/hpo_data/hpo_iteration_data/4335607/params_1_4.pkl
2025-05-07 09:52:16,922 - INFO - Preparing datasets ...
2025-05-07 09:52:16,922 - INFO - `max_samples` = 0.2
2025-05-07 09:52:21,311 - INFO - Model initialization ...
2025-05-07 09:52:21,315 - INFO - Model fitting ...
2025-05-07 09:56:29,855 - INFO - Model eval ...
2025-05-07 10:00:06,690 - INFO - Available CPUs: [0, 1, 2, 3, 4, 5, 6, 7, 8, 9, 10, 11, 12, 13, 14, 15, 16, 17, 18, 19, 20, 21, 22, 23, 24, 25, 26, 27, 28, 29, 30, 31, 32, 33, 34, 35, 36, 37, 38, 39, 40, 41, 42, 43, 44, 45, 46, 47, 48, 49, 50, 51, 52, 53, 54, 55]
2025-05-07 10:00:06,691 - INFO - Waiting for file with parameters: /s/ls4/users/selibrin/spiking_researches/correlation_encoding_and_training/mnist/hpo/shifted_nn_restr_stdp_synapse/hpo_data/hpo_iteration_data/4335607/params_1_4.pkl
2025-05-07 10:00:51,741 - INFO - Preparing datasets ...
2025-05-07 10:00:51,741 - INFO - `max_samples` = 0.2
2025-05-07 10:00:56,621 - INFO - Model initialization ...
2025-05-07 10:00:56,624 - INFO - Model fitting ...
2025-05-07 10:04:49,256 - INFO - Model eval ...
2025-05-07 10:08:11,450 - INFO - Available CPUs: [0, 1, 2, 3, 4, 5, 6, 7, 8, 9, 10, 11, 12, 13, 14, 15, 16, 17, 18, 19, 20, 21, 22, 23, 24, 25, 26, 27, 28, 29, 30, 31, 32, 33, 34, 35, 36, 37, 38, 39, 40, 41, 42, 43, 44, 45, 46, 47, 48, 49, 50, 51, 52, 53, 54, 55]
2025-05-07 10:08:11,450 - INFO - Waiting for file with parameters: /s/ls4/users/selibrin/spiking_researches/correlation_encoding_and_training/mnist/hpo/shifted_nn_restr_stdp_synapse/hpo_data/hpo_iteration_data/4335607/params_1_4.pkl
2025-05-07 10:08:56,500 - INFO - Preparing datasets ...
2025-05-07 10:08:56,500 - INFO - `max_samples` = 0.2
2025-05-07 10:09:01,114 - INFO - Model initialization ...
2025-05-07 10:09:01,118 - INFO - Model fitting ...
2025-05-07 10:13:09,872 - INFO - Model eval ...
2025-05-07 10:16:33,137 - INFO - Available CPUs: [0, 1, 2, 3, 4, 5, 6, 7, 8, 9, 10, 11, 12, 13, 14, 15, 16, 17, 18, 19, 20, 21, 22, 23, 24, 25, 26, 27, 28, 29, 30, 31, 32, 33, 34, 35, 36, 37, 38, 39, 40, 41, 42, 43, 44, 45, 46, 47, 48, 49, 50, 51, 52, 53, 54, 55]
2025-05-07 10:16:33,137 - INFO - Waiting for file with parameters: /s/ls4/users/selibrin/spiking_researches/correlation_encoding_and_training/mnist/hpo/shifted_nn_restr_stdp_synapse/hpo_data/hpo_iteration_data/4335607/params_1_4.pkl
2025-05-07 10:16:58,168 - INFO - Preparing datasets ...
2025-05-07 10:16:58,168 - INFO - `max_samples` = 0.2
2025-05-07 10:17:03,626 - INFO - Model initialization ...
2025-05-07 10:17:03,628 - INFO - Model fitting ...
2025-05-07 10:21:08,898 - INFO - Model eval ...
2025-05-07 10:24:47,038 - INFO - Available CPUs: [0, 1, 2, 3, 4, 5, 6, 7, 8, 9, 10, 11, 12, 13, 14, 15, 16, 17, 18, 19, 20, 21, 22, 23, 24, 25, 26, 27, 28, 29, 30, 31, 32, 33, 34, 35, 36, 37, 38, 39, 40, 41, 42, 43, 44, 45, 46, 47, 48, 49, 50, 51, 52, 53, 54, 55]
2025-05-07 10:24:47,038 - INFO - Waiting for file with parameters: /s/ls4/users/selibrin/spiking_researches/correlation_encoding_and_training/mnist/hpo/shifted_nn_restr_stdp_synapse/hpo_data/hpo_iteration_data/4335607/params_1_4.pkl
2025-05-07 10:25:37,092 - INFO - Preparing datasets ...
2025-05-07 10:25:37,093 - INFO - `max_samples` = 0.2
2025-05-07 10:25:42,705 - INFO - Model initialization ...
2025-05-07 10:25:42,709 - INFO - Model fitting ...
2025-05-07 10:30:05,843 - INFO - Model eval ...
2025-05-07 10:33:24,142 - INFO - Available CPUs: [0, 1, 2, 3, 4, 5, 6, 7, 8, 9, 10, 11, 12, 13, 14, 15, 16, 17, 18, 19, 20, 21, 22, 23, 24, 25, 26, 27, 28, 29, 30, 31, 32, 33, 34, 35, 36, 37, 38, 39, 40, 41, 42, 43, 44, 45, 46, 47, 48, 49, 50, 51, 52, 53, 54, 55]
2025-05-07 10:33:24,143 - INFO - Waiting for file with parameters: /s/ls4/users/selibrin/spiking_researches/correlation_encoding_and_training/mnist/hpo/shifted_nn_restr_stdp_synapse/hpo_data/hpo_iteration_data/4335607/params_1_4.pkl
2025-05-07 10:34:39,240 - INFO - Preparing datasets ...
2025-05-07 10:34:39,240 - INFO - `max_samples` = 0.2
2025-05-07 10:34:43,711 - INFO - Model initialization ...
2025-05-07 10:34:43,713 - INFO - Model fitting ...
2025-05-07 10:38:47,504 - INFO - Model eval ...
2025-05-07 10:42:12,948 - INFO - Available CPUs: [0, 1, 2, 3, 4, 5, 6, 7, 8, 9, 10, 11, 12, 13, 14, 15, 16, 17, 18, 19, 20, 21, 22, 23, 24, 25, 26, 27, 28, 29, 30, 31, 32, 33, 34, 35, 36, 37, 38, 39, 40, 41, 42, 43, 44, 45, 46, 47, 48, 49, 50, 51, 52, 53, 54, 55]
2025-05-07 10:42:12,948 - INFO - Waiting for file with parameters: /s/ls4/users/selibrin/spiking_researches/correlation_encoding_and_training/mnist/hpo/shifted_nn_restr_stdp_synapse/hpo_data/hpo_iteration_data/4335607/params_1_4.pkl
2025-05-07 10:43:13,017 - INFO - Preparing datasets ...
2025-05-07 10:43:13,017 - INFO - `max_samples` = 0.2
2025-05-07 10:43:17,609 - INFO - Model initialization ...
2025-05-07 10:43:17,611 - INFO - Model fitting ...
2025-05-07 10:47:37,352 - INFO - Model eval ...
2025-05-07 10:51:10,992 - INFO - Available CPUs: [0, 1, 2, 3, 4, 5, 6, 7, 8, 9, 10, 11, 12, 13, 14, 15, 16, 17, 18, 19, 20, 21, 22, 23, 24, 25, 26, 27, 28, 29, 30, 31, 32, 33, 34, 35, 36, 37, 38, 39, 40, 41, 42, 43, 44, 45, 46, 47, 48, 49, 50, 51, 52, 53, 54, 55]
2025-05-07 10:51:10,992 - INFO - Waiting for file with parameters: /s/ls4/users/selibrin/spiking_researches/correlation_encoding_and_training/mnist/hpo/shifted_nn_restr_stdp_synapse/hpo_data/hpo_iteration_data/4335607/params_1_4.pkl
2025-05-07 10:52:21,072 - INFO - Preparing datasets ...
2025-05-07 10:52:21,072 - INFO - `max_samples` = 0.2
2025-05-07 10:52:25,811 - INFO - Model initialization ...
2025-05-07 10:52:25,813 - INFO - Model fitting ...
2025-05-07 10:56:55,833 - INFO - Model eval ...
2025-05-07 11:00:32,608 - INFO - Available CPUs: [0, 1, 2, 3, 4, 5, 6, 7, 8, 9, 10, 11, 12, 13, 14, 15, 16, 17, 18, 19, 20, 21, 22, 23, 24, 25, 26, 27, 28, 29, 30, 31, 32, 33, 34, 35, 36, 37, 38, 39, 40, 41, 42, 43, 44, 45, 46, 47, 48, 49, 50, 51, 52, 53, 54, 55]
2025-05-07 11:00:32,608 - INFO - Waiting for file with parameters: /s/ls4/users/selibrin/spiking_researches/correlation_encoding_and_training/mnist/hpo/shifted_nn_restr_stdp_synapse/hpo_data/hpo_iteration_data/4335607/params_1_4.pkl
2025-05-07 11:01:22,665 - INFO - Preparing datasets ...
2025-05-07 11:01:22,666 - INFO - `max_samples` = 0.2
2025-05-07 11:01:28,208 - INFO - Model initialization ...
2025-05-07 11:01:28,212 - INFO - Model fitting ...
2025-05-07 11:05:54,080 - INFO - Model eval ...
2025-05-07 11:09:19,762 - INFO - Available CPUs: [0, 1, 2, 3, 4, 5, 6, 7, 8, 9, 10, 11, 12, 13, 14, 15, 16, 17, 18, 19, 20, 21, 22, 23, 24, 25, 26, 27, 28, 29, 30, 31, 32, 33, 34, 35, 36, 37, 38, 39, 40, 41, 42, 43, 44, 45, 46, 47, 48, 49, 50, 51, 52, 53, 54, 55]
2025-05-07 11:09:19,762 - INFO - Waiting for file with parameters: /s/ls4/users/selibrin/spiking_researches/correlation_encoding_and_training/mnist/hpo/shifted_nn_restr_stdp_synapse/hpo_data/hpo_iteration_data/4335607/params_1_4.pkl
2025-05-07 11:09:59,806 - INFO - Preparing datasets ...
2025-05-07 11:09:59,806 - INFO - `max_samples` = 0.2
2025-05-07 11:10:04,913 - INFO - Model initialization ...
2025-05-07 11:10:04,915 - INFO - Model fitting ...
2025-05-07 11:14:38,966 - INFO - Model eval ...
2025-05-07 11:18:17,433 - INFO - Available CPUs: [0, 1, 2, 3, 4, 5, 6, 7, 8, 9, 10, 11, 12, 13, 14, 15, 16, 17, 18, 19, 20, 21, 22, 23, 24, 25, 26, 27, 28, 29, 30, 31, 32, 33, 34, 35, 36, 37, 38, 39, 40, 41, 42, 43, 44, 45, 46, 47, 48, 49, 50, 51, 52, 53, 54, 55]
2025-05-07 11:18:17,433 - INFO - Waiting for file with parameters: /s/ls4/users/selibrin/spiking_researches/correlation_encoding_and_training/mnist/hpo/shifted_nn_restr_stdp_synapse/hpo_data/hpo_iteration_data/4335607/params_1_4.pkl
2025-05-07 11:19:02,484 - INFO - Preparing datasets ...
2025-05-07 11:19:02,484 - INFO - `max_samples` = 0.2
2025-05-07 11:19:07,660 - INFO - Model initialization ...
2025-05-07 11:19:07,662 - INFO - Model fitting ...
2025-05-07 11:23:30,574 - INFO - Model eval ...
2025-05-07 11:27:21,712 - INFO - Available CPUs: [0, 1, 2, 3, 4, 5, 6, 7, 8, 9, 10, 11, 12, 13, 14, 15, 16, 17, 18, 19, 20, 21, 22, 23, 24, 25, 26, 27, 28, 29, 30, 31, 32, 33, 34, 35, 36, 37, 38, 39, 40, 41, 42, 43, 44, 45, 46, 47, 48, 49, 50, 51, 52, 53, 54, 55]
2025-05-07 11:27:21,712 - INFO - Waiting for file with parameters: /s/ls4/users/selibrin/spiking_researches/correlation_encoding_and_training/mnist/hpo/shifted_nn_restr_stdp_synapse/hpo_data/hpo_iteration_data/4335607/params_1_4.pkl
2025-05-07 11:28:06,764 - INFO - Preparing datasets ...
2025-05-07 11:28:06,764 - INFO - `max_samples` = 0.2
2025-05-07 11:28:11,868 - INFO - Model initialization ...
2025-05-07 11:28:11,872 - INFO - Model fitting ...
2025-05-07 11:32:41,469 - INFO - Model eval ...
2025-05-07 11:36:20,246 - INFO - Available CPUs: [0, 1, 2, 3, 4, 5, 6, 7, 8, 9, 10, 11, 12, 13, 14, 15, 16, 17, 18, 19, 20, 21, 22, 23, 24, 25, 26, 27, 28, 29, 30, 31, 32, 33, 34, 35, 36, 37, 38, 39, 40, 41, 42, 43, 44, 45, 46, 47, 48, 49, 50, 51, 52, 53, 54, 55]
2025-05-07 11:36:20,246 - INFO - Waiting for file with parameters: /s/ls4/users/selibrin/spiking_researches/correlation_encoding_and_training/mnist/hpo/shifted_nn_restr_stdp_synapse/hpo_data/hpo_iteration_data/4335607/params_1_4.pkl
2025-05-07 11:36:40,270 - INFO - Preparing datasets ...
2025-05-07 11:36:40,270 - INFO - `max_samples` = 0.2
2025-05-07 11:36:45,358 - INFO - Model initialization ...
2025-05-07 11:36:45,361 - INFO - Model fitting ...
2025-05-07 11:41:03,661 - INFO - Model eval ...
2025-05-07 11:44:34,535 - INFO - Available CPUs: [0, 1, 2, 3, 4, 5, 6, 7, 8, 9, 10, 11, 12, 13, 14, 15, 16, 17, 18, 19, 20, 21, 22, 23, 24, 25, 26, 27, 28, 29, 30, 31, 32, 33, 34, 35, 36, 37, 38, 39, 40, 41, 42, 43, 44, 45, 46, 47, 48, 49, 50, 51, 52, 53, 54, 55]
2025-05-07 11:44:34,535 - INFO - Waiting for file with parameters: /s/ls4/users/selibrin/spiking_researches/correlation_encoding_and_training/mnist/hpo/shifted_nn_restr_stdp_synapse/hpo_data/hpo_iteration_data/4335607/params_1_4.pkl
2025-05-07 11:45:14,579 - INFO - Preparing datasets ...
2025-05-07 11:45:14,579 - INFO - `max_samples` = 0.2
2025-05-07 11:45:19,989 - INFO - Model initialization ...
2025-05-07 11:45:19,994 - INFO - Model fitting ...
2025-05-07 11:49:28,360 - INFO - Model eval ...
2025-05-07 11:52:55,509 - INFO - Available CPUs: [0, 1, 2, 3, 4, 5, 6, 7, 8, 9, 10, 11, 12, 13, 14, 15, 16, 17, 18, 19, 20, 21, 22, 23, 24, 25, 26, 27, 28, 29, 30, 31, 32, 33, 34, 35, 36, 37, 38, 39, 40, 41, 42, 43, 44, 45, 46, 47, 48, 49, 50, 51, 52, 53, 54, 55]
2025-05-07 11:52:55,510 - INFO - Waiting for file with parameters: /s/ls4/users/selibrin/spiking_researches/correlation_encoding_and_training/mnist/hpo/shifted_nn_restr_stdp_synapse/hpo_data/hpo_iteration_data/4335607/params_1_4.pkl
2025-05-07 11:54:20,610 - INFO - Preparing datasets ...
2025-05-07 11:54:20,611 - INFO - `max_samples` = 0.2
2025-05-07 11:54:26,245 - INFO - Model initialization ...
2025-05-07 11:54:26,249 - INFO - Model fitting ...
2025-05-07 11:58:34,751 - INFO - Model eval ...
2025-05-07 12:02:09,993 - INFO - Available CPUs: [0, 1, 2, 3, 4, 5, 6, 7, 8, 9, 10, 11, 12, 13, 14, 15, 16, 17, 18, 19, 20, 21, 22, 23, 24, 25, 26, 27, 28, 29, 30, 31, 32, 33, 34, 35, 36, 37, 38, 39, 40, 41, 42, 43, 44, 45, 46, 47, 48, 49, 50, 51, 52, 53, 54, 55]
2025-05-07 12:02:09,993 - INFO - Waiting for file with parameters: /s/ls4/users/selibrin/spiking_researches/correlation_encoding_and_training/mnist/hpo/shifted_nn_restr_stdp_synapse/hpo_data/hpo_iteration_data/4335607/params_1_4.pkl
2025-05-07 12:02:55,042 - INFO - Preparing datasets ...
2025-05-07 12:02:55,043 - INFO - `max_samples` = 0.2
2025-05-07 12:03:00,170 - INFO - Model initialization ...
2025-05-07 12:03:00,172 - INFO - Model fitting ...
2025-05-07 12:07:19,525 - INFO - Model eval ...
2025-05-07 12:10:47,901 - INFO - Available CPUs: [0, 1, 2, 3, 4, 5, 6, 7, 8, 9, 10, 11, 12, 13, 14, 15, 16, 17, 18, 19, 20, 21, 22, 23, 24, 25, 26, 27, 28, 29, 30, 31, 32, 33, 34, 35, 36, 37, 38, 39, 40, 41, 42, 43, 44, 45, 46, 47, 48, 49, 50, 51, 52, 53, 54, 55]
2025-05-07 12:10:47,901 - INFO - Waiting for file with parameters: /s/ls4/users/selibrin/spiking_researches/correlation_encoding_and_training/mnist/hpo/shifted_nn_restr_stdp_synapse/hpo_data/hpo_iteration_data/4335607/params_1_4.pkl
2025-05-07 12:11:57,980 - INFO - Preparing datasets ...
2025-05-07 12:11:57,981 - INFO - `max_samples` = 0.2
2025-05-07 12:12:02,993 - INFO - Model initialization ...
2025-05-07 12:12:02,997 - INFO - Model fitting ...
2025-05-07 12:16:41,572 - INFO - Model eval ...
2025-05-07 12:20:33,910 - INFO - Available CPUs: [0, 1, 2, 3, 4, 5, 6, 7, 8, 9, 10, 11, 12, 13, 14, 15, 16, 17, 18, 19, 20, 21, 22, 23, 24, 25, 26, 27, 28, 29, 30, 31, 32, 33, 34, 35, 36, 37, 38, 39, 40, 41, 42, 43, 44, 45, 46, 47, 48, 49, 50, 51, 52, 53, 54, 55]
2025-05-07 12:20:33,910 - INFO - Waiting for file with parameters: /s/ls4/users/selibrin/spiking_researches/correlation_encoding_and_training/mnist/hpo/shifted_nn_restr_stdp_synapse/hpo_data/hpo_iteration_data/4335607/params_1_4.pkl
2025-05-07 12:21:03,960 - INFO - Preparing datasets ...
2025-05-07 12:21:03,961 - INFO - `max_samples` = 0.2
2025-05-07 12:21:08,332 - INFO - Model initialization ...
2025-05-07 12:21:08,336 - INFO - Model fitting ...
2025-05-07 12:25:05,600 - INFO - Model eval ...
2025-05-07 12:28:43,158 - INFO - Available CPUs: [0, 1, 2, 3, 4, 5, 6, 7, 8, 9, 10, 11, 12, 13, 14, 15, 16, 17, 18, 19, 20, 21, 22, 23, 24, 25, 26, 27, 28, 29, 30, 31, 32, 33, 34, 35, 36, 37, 38, 39, 40, 41, 42, 43, 44, 45, 46, 47, 48, 49, 50, 51, 52, 53, 54, 55]
2025-05-07 12:28:43,158 - INFO - Waiting for file with parameters: /s/ls4/users/selibrin/spiking_researches/correlation_encoding_and_training/mnist/hpo/shifted_nn_restr_stdp_synapse/hpo_data/hpo_iteration_data/4335607/params_1_4.pkl
2025-05-07 12:30:08,251 - INFO - Preparing datasets ...
2025-05-07 12:30:08,252 - INFO - `max_samples` = 0.2
2025-05-07 12:30:12,744 - INFO - Model initialization ...
2025-05-07 12:30:12,748 - INFO - Model fitting ...
2025-05-07 12:34:40,826 - INFO - Model eval ...
2025-05-07 12:38:02,197 - INFO - Available CPUs: [0, 1, 2, 3, 4, 5, 6, 7, 8, 9, 10, 11, 12, 13, 14, 15, 16, 17, 18, 19, 20, 21, 22, 23, 24, 25, 26, 27, 28, 29, 30, 31, 32, 33, 34, 35, 36, 37, 38, 39, 40, 41, 42, 43, 44, 45, 46, 47, 48, 49, 50, 51, 52, 53, 54, 55]
2025-05-07 12:38:02,197 - INFO - Waiting for file with parameters: /s/ls4/users/selibrin/spiking_researches/correlation_encoding_and_training/mnist/hpo/shifted_nn_restr_stdp_synapse/hpo_data/hpo_iteration_data/4335607/params_1_4.pkl
2025-05-07 12:39:12,270 - INFO - Preparing datasets ...
2025-05-07 12:39:12,270 - INFO - `max_samples` = 0.2
2025-05-07 12:39:17,676 - INFO - Model initialization ...
2025-05-07 12:39:17,680 - INFO - Model fitting ...
2025-05-07 12:44:08,232 - INFO - Model eval ...
2025-05-07 12:48:03,115 - INFO - Available CPUs: [0, 1, 2, 3, 4, 5, 6, 7, 8, 9, 10, 11, 12, 13, 14, 15, 16, 17, 18, 19, 20, 21, 22, 23, 24, 25, 26, 27, 28, 29, 30, 31, 32, 33, 34, 35, 36, 37, 38, 39, 40, 41, 42, 43, 44, 45, 46, 47, 48, 49, 50, 51, 52, 53, 54, 55]
2025-05-07 12:48:03,116 - INFO - Waiting for file with parameters: /s/ls4/users/selibrin/spiking_researches/correlation_encoding_and_training/mnist/hpo/shifted_nn_restr_stdp_synapse/hpo_data/hpo_iteration_data/4335607/params_1_4.pkl
2025-05-07 12:48:18,136 - INFO - Preparing datasets ...
2025-05-07 12:48:18,136 - INFO - `max_samples` = 0.2
2025-05-07 12:48:23,695 - INFO - Model initialization ...
2025-05-07 12:48:23,697 - INFO - Model fitting ...
2025-05-07 12:52:43,506 - INFO - Model eval ...
2025-05-07 12:56:24,153 - INFO - Available CPUs: [0, 1, 2, 3, 4, 5, 6, 7, 8, 9, 10, 11, 12, 13, 14, 15, 16, 17, 18, 19, 20, 21, 22, 23, 24, 25, 26, 27, 28, 29, 30, 31, 32, 33, 34, 35, 36, 37, 38, 39, 40, 41, 42, 43, 44, 45, 46, 47, 48, 49, 50, 51, 52, 53, 54, 55]
2025-05-07 12:56:24,154 - INFO - Waiting for file with parameters: /s/ls4/users/selibrin/spiking_researches/correlation_encoding_and_training/mnist/hpo/shifted_nn_restr_stdp_synapse/hpo_data/hpo_iteration_data/4335607/params_1_4.pkl
2025-05-07 12:57:24,215 - INFO - Preparing datasets ...
2025-05-07 12:57:24,216 - INFO - `max_samples` = 0.2
2025-05-07 12:57:28,543 - INFO - Model initialization ...
2025-05-07 12:57:28,547 - INFO - Model fitting ...
2025-05-07 13:01:44,639 - INFO - Model eval ...
2025-05-07 13:05:09,421 - INFO - Available CPUs: [0, 1, 2, 3, 4, 5, 6, 7, 8, 9, 10, 11, 12, 13, 14, 15, 16, 17, 18, 19, 20, 21, 22, 23, 24, 25, 26, 27, 28, 29, 30, 31, 32, 33, 34, 35, 36, 37, 38, 39, 40, 41, 42, 43, 44, 45, 46, 47, 48, 49, 50, 51, 52, 53, 54, 55]
2025-05-07 13:05:09,422 - INFO - Waiting for file with parameters: /s/ls4/users/selibrin/spiking_researches/correlation_encoding_and_training/mnist/hpo/shifted_nn_restr_stdp_synapse/hpo_data/hpo_iteration_data/4335607/params_1_4.pkl
2025-05-07 13:06:24,514 - INFO - Preparing datasets ...
2025-05-07 13:06:24,514 - INFO - `max_samples` = 0.2
2025-05-07 13:06:29,201 - INFO - Model initialization ...
2025-05-07 13:06:29,206 - INFO - Model fitting ...
2025-05-07 13:10:43,942 - INFO - Model eval ...
2025-05-07 13:14:09,507 - INFO - Available CPUs: [0, 1, 2, 3, 4, 5, 6, 7, 8, 9, 10, 11, 12, 13, 14, 15, 16, 17, 18, 19, 20, 21, 22, 23, 24, 25, 26, 27, 28, 29, 30, 31, 32, 33, 34, 35, 36, 37, 38, 39, 40, 41, 42, 43, 44, 45, 46, 47, 48, 49, 50, 51, 52, 53, 54, 55]
2025-05-07 13:14:09,507 - INFO - Waiting for file with parameters: /s/ls4/users/selibrin/spiking_researches/correlation_encoding_and_training/mnist/hpo/shifted_nn_restr_stdp_synapse/hpo_data/hpo_iteration_data/4335607/params_1_4.pkl
2025-05-07 13:14:59,564 - INFO - Preparing datasets ...
2025-05-07 13:14:59,564 - INFO - `max_samples` = 0.2
2025-05-07 13:15:03,847 - INFO - Model initialization ...
2025-05-07 13:15:03,855 - INFO - Model fitting ...
2025-05-07 13:19:11,481 - INFO - Model eval ...
2025-05-07 13:22:35,564 - INFO - Available CPUs: [0, 1, 2, 3, 4, 5, 6, 7, 8, 9, 10, 11, 12, 13, 14, 15, 16, 17, 18, 19, 20, 21, 22, 23, 24, 25, 26, 27, 28, 29, 30, 31, 32, 33, 34, 35, 36, 37, 38, 39, 40, 41, 42, 43, 44, 45, 46, 47, 48, 49, 50, 51, 52, 53, 54, 55]
2025-05-07 13:22:35,564 - INFO - Waiting for file with parameters: /s/ls4/users/selibrin/spiking_researches/correlation_encoding_and_training/mnist/hpo/shifted_nn_restr_stdp_synapse/hpo_data/hpo_iteration_data/4335607/params_1_4.pkl
2025-05-07 13:24:05,657 - INFO - Preparing datasets ...
2025-05-07 13:24:05,657 - INFO - `max_samples` = 0.2
2025-05-07 13:24:11,188 - INFO - Model initialization ...
2025-05-07 13:24:11,192 - INFO - Model fitting ...
2025-05-07 13:28:45,144 - INFO - Model eval ...
2025-05-07 13:32:17,749 - INFO - Available CPUs: [0, 1, 2, 3, 4, 5, 6, 7, 8, 9, 10, 11, 12, 13, 14, 15, 16, 17, 18, 19, 20, 21, 22, 23, 24, 25, 26, 27, 28, 29, 30, 31, 32, 33, 34, 35, 36, 37, 38, 39, 40, 41, 42, 43, 44, 45, 46, 47, 48, 49, 50, 51, 52, 53, 54, 55]
2025-05-07 13:32:17,749 - INFO - Waiting for file with parameters: /s/ls4/users/selibrin/spiking_researches/correlation_encoding_and_training/mnist/hpo/shifted_nn_restr_stdp_synapse/hpo_data/hpo_iteration_data/4335607/params_1_4.pkl
2025-05-07 13:33:37,837 - INFO - Preparing datasets ...
2025-05-07 13:33:37,837 - INFO - `max_samples` = 0.2
2025-05-07 13:33:43,343 - INFO - Model initialization ...
2025-05-07 13:33:43,347 - INFO - Model fitting ...
2025-05-07 13:37:38,187 - INFO - Model eval ...
2025-05-07 13:40:43,149 - INFO - Available CPUs: [0, 1, 2, 3, 4, 5, 6, 7, 8, 9, 10, 11, 12, 13, 14, 15, 16, 17, 18, 19, 20, 21, 22, 23, 24, 25, 26, 27, 28, 29, 30, 31, 32, 33, 34, 35, 36, 37, 38, 39, 40, 41, 42, 43, 44, 45, 46, 47, 48, 49, 50, 51, 52, 53, 54, 55]
2025-05-07 13:40:43,149 - INFO - Waiting for file with parameters: /s/ls4/users/selibrin/spiking_researches/correlation_encoding_and_training/mnist/hpo/shifted_nn_restr_stdp_synapse/hpo_data/hpo_iteration_data/4335607/params_1_4.pkl
2025-05-07 13:42:13,250 - INFO - Preparing datasets ...
2025-05-07 13:42:13,250 - INFO - `max_samples` = 0.2
2025-05-07 13:42:18,185 - INFO - Model initialization ...
2025-05-07 13:42:18,189 - INFO - Model fitting ...
2025-05-07 13:46:50,666 - INFO - Model eval ...
2025-05-07 13:50:31,551 - INFO - Available CPUs: [0, 1, 2, 3, 4, 5, 6, 7, 8, 9, 10, 11, 12, 13, 14, 15, 16, 17, 18, 19, 20, 21, 22, 23, 24, 25, 26, 27, 28, 29, 30, 31, 32, 33, 34, 35, 36, 37, 38, 39, 40, 41, 42, 43, 44, 45, 46, 47, 48, 49, 50, 51, 52, 53, 54, 55]
2025-05-07 13:50:31,552 - INFO - Waiting for file with parameters: /s/ls4/users/selibrin/spiking_researches/correlation_encoding_and_training/mnist/hpo/shifted_nn_restr_stdp_synapse/hpo_data/hpo_iteration_data/4335607/params_1_4.pkl
2025-05-07 13:51:16,603 - INFO - Preparing datasets ...
2025-05-07 13:51:16,604 - INFO - `max_samples` = 0.2
2025-05-07 13:51:21,874 - INFO - Model initialization ...
2025-05-07 13:51:21,878 - INFO - Model fitting ...
2025-05-07 13:55:47,449 - INFO - Model eval ...
2025-05-07 13:59:23,102 - INFO - Available CPUs: [0, 1, 2, 3, 4, 5, 6, 7, 8, 9, 10, 11, 12, 13, 14, 15, 16, 17, 18, 19, 20, 21, 22, 23, 24, 25, 26, 27, 28, 29, 30, 31, 32, 33, 34, 35, 36, 37, 38, 39, 40, 41, 42, 43, 44, 45, 46, 47, 48, 49, 50, 51, 52, 53, 54, 55]
2025-05-07 13:59:23,102 - INFO - Waiting for file with parameters: /s/ls4/users/selibrin/spiking_researches/correlation_encoding_and_training/mnist/hpo/shifted_nn_restr_stdp_synapse/hpo_data/hpo_iteration_data/4335607/params_1_4.pkl
2025-05-07 14:00:23,250 - INFO - Preparing datasets ...
2025-05-07 14:00:23,250 - INFO - `max_samples` = 0.2
2025-05-07 14:00:28,704 - INFO - Model initialization ...
2025-05-07 14:00:28,707 - INFO - Model fitting ...
2025-05-07 14:04:48,527 - INFO - Model eval ...
2025-05-07 14:08:10,755 - INFO - Available CPUs: [0, 1, 2, 3, 4, 5, 6, 7, 8, 9, 10, 11, 12, 13, 14, 15, 16, 17, 18, 19, 20, 21, 22, 23, 24, 25, 26, 27, 28, 29, 30, 31, 32, 33, 34, 35, 36, 37, 38, 39, 40, 41, 42, 43, 44, 45, 46, 47, 48, 49, 50, 51, 52, 53, 54, 55]
2025-05-07 14:08:10,755 - INFO - Waiting for file with parameters: /s/ls4/users/selibrin/spiking_researches/correlation_encoding_and_training/mnist/hpo/shifted_nn_restr_stdp_synapse/hpo_data/hpo_iteration_data/4335607/params_1_4.pkl
2025-05-07 14:09:25,839 - INFO - Preparing datasets ...
2025-05-07 14:09:25,839 - INFO - `max_samples` = 0.2
2025-05-07 14:09:30,690 - INFO - Model initialization ...
2025-05-07 14:09:30,693 - INFO - Model fitting ...
2025-05-07 14:13:50,551 - INFO - Model eval ...
2025-05-07 14:17:37,333 - INFO - Available CPUs: [0, 1, 2, 3, 4, 5, 6, 7, 8, 9, 10, 11, 12, 13, 14, 15, 16, 17, 18, 19, 20, 21, 22, 23, 24, 25, 26, 27, 28, 29, 30, 31, 32, 33, 34, 35, 36, 37, 38, 39, 40, 41, 42, 43, 44, 45, 46, 47, 48, 49, 50, 51, 52, 53, 54, 55]
2025-05-07 14:17:37,334 - INFO - Waiting for file with parameters: /s/ls4/users/selibrin/spiking_researches/correlation_encoding_and_training/mnist/hpo/shifted_nn_restr_stdp_synapse/hpo_data/hpo_iteration_data/4335607/params_1_4.pkl
2025-05-07 14:18:27,391 - INFO - Preparing datasets ...
2025-05-07 14:18:27,392 - INFO - `max_samples` = 0.2
2025-05-07 14:18:32,990 - INFO - Model initialization ...
2025-05-07 14:18:32,994 - INFO - Model fitting ...
2025-05-07 14:22:41,704 - INFO - Model eval ...
2025-05-07 14:26:15,628 - INFO - Available CPUs: [0, 1, 2, 3, 4, 5, 6, 7, 8, 9, 10, 11, 12, 13, 14, 15, 16, 17, 18, 19, 20, 21, 22, 23, 24, 25, 26, 27, 28, 29, 30, 31, 32, 33, 34, 35, 36, 37, 38, 39, 40, 41, 42, 43, 44, 45, 46, 47, 48, 49, 50, 51, 52, 53, 54, 55]
2025-05-07 14:26:15,628 - INFO - Waiting for file with parameters: /s/ls4/users/selibrin/spiking_researches/correlation_encoding_and_training/mnist/hpo/shifted_nn_restr_stdp_synapse/hpo_data/hpo_iteration_data/4335607/params_1_4.pkl
2025-05-07 14:27:00,680 - INFO - Preparing datasets ...
2025-05-07 14:27:00,680 - INFO - `max_samples` = 0.2
2025-05-07 14:27:05,713 - INFO - Model initialization ...
2025-05-07 14:27:05,720 - INFO - Model fitting ...
2025-05-07 14:31:40,349 - INFO - Model eval ...
2025-05-07 14:35:17,192 - INFO - Available CPUs: [0, 1, 2, 3, 4, 5, 6, 7, 8, 9, 10, 11, 12, 13, 14, 15, 16, 17, 18, 19, 20, 21, 22, 23, 24, 25, 26, 27, 28, 29, 30, 31, 32, 33, 34, 35, 36, 37, 38, 39, 40, 41, 42, 43, 44, 45, 46, 47, 48, 49, 50, 51, 52, 53, 54, 55]
2025-05-07 14:35:17,192 - INFO - Waiting for file with parameters: /s/ls4/users/selibrin/spiking_researches/correlation_encoding_and_training/mnist/hpo/shifted_nn_restr_stdp_synapse/hpo_data/hpo_iteration_data/4335607/params_1_4.pkl
2025-05-07 14:36:07,247 - INFO - Preparing datasets ...
2025-05-07 14:36:07,247 - INFO - `max_samples` = 0.2
2025-05-07 14:36:12,432 - INFO - Model initialization ...
2025-05-07 14:36:12,435 - INFO - Model fitting ...
2025-05-07 14:40:49,820 - INFO - Model eval ...
2025-05-07 14:44:27,372 - INFO - Available CPUs: [0, 1, 2, 3, 4, 5, 6, 7, 8, 9, 10, 11, 12, 13, 14, 15, 16, 17, 18, 19, 20, 21, 22, 23, 24, 25, 26, 27, 28, 29, 30, 31, 32, 33, 34, 35, 36, 37, 38, 39, 40, 41, 42, 43, 44, 45, 46, 47, 48, 49, 50, 51, 52, 53, 54, 55]
2025-05-07 14:44:27,373 - INFO - Waiting for file with parameters: /s/ls4/users/selibrin/spiking_researches/correlation_encoding_and_training/mnist/hpo/shifted_nn_restr_stdp_synapse/hpo_data/hpo_iteration_data/4335607/params_1_4.pkl
2025-05-07 14:45:12,541 - INFO - Preparing datasets ...
2025-05-07 14:45:12,541 - INFO - `max_samples` = 0.2
2025-05-07 14:45:18,176 - INFO - Model initialization ...
2025-05-07 14:45:18,179 - INFO - Model fitting ...
2025-05-07 14:49:42,382 - INFO - Model eval ...
2025-05-07 14:52:51,436 - INFO - Available CPUs: [0, 1, 2, 3, 4, 5, 6, 7, 8, 9, 10, 11, 12, 13, 14, 15, 16, 17, 18, 19, 20, 21, 22, 23, 24, 25, 26, 27, 28, 29, 30, 31, 32, 33, 34, 35, 36, 37, 38, 39, 40, 41, 42, 43, 44, 45, 46, 47, 48, 49, 50, 51, 52, 53, 54, 55]
2025-05-07 14:52:51,436 - INFO - Waiting for file with parameters: /s/ls4/users/selibrin/spiking_researches/correlation_encoding_and_training/mnist/hpo/shifted_nn_restr_stdp_synapse/hpo_data/hpo_iteration_data/4335607/params_1_4.pkl
2025-05-07 14:53:46,498 - INFO - Preparing datasets ...
2025-05-07 14:53:46,498 - INFO - `max_samples` = 0.2
2025-05-07 14:53:52,215 - INFO - Model initialization ...
2025-05-07 14:53:52,219 - INFO - Model fitting ...
2025-05-07 14:58:18,965 - INFO - Model eval ...
2025-05-07 15:01:41,357 - INFO - Available CPUs: [0, 1, 2, 3, 4, 5, 6, 7, 8, 9, 10, 11, 12, 13, 14, 15, 16, 17, 18, 19, 20, 21, 22, 23, 24, 25, 26, 27, 28, 29, 30, 31, 32, 33, 34, 35, 36, 37, 38, 39, 40, 41, 42, 43, 44, 45, 46, 47, 48, 49, 50, 51, 52, 53, 54, 55]
2025-05-07 15:01:41,358 - INFO - Waiting for file with parameters: /s/ls4/users/selibrin/spiking_researches/correlation_encoding_and_training/mnist/hpo/shifted_nn_restr_stdp_synapse/hpo_data/hpo_iteration_data/4335607/params_1_4.pkl
2025-05-07 15:02:51,432 - INFO - Preparing datasets ...
2025-05-07 15:02:51,432 - INFO - `max_samples` = 0.2
2025-05-07 15:02:56,429 - INFO - Model initialization ...
2025-05-07 15:02:56,433 - INFO - Model fitting ...
2025-05-07 15:07:46,531 - INFO - Model eval ...
2025-05-07 15:11:32,870 - INFO - Available CPUs: [0, 1, 2, 3, 4, 5, 6, 7, 8, 9, 10, 11, 12, 13, 14, 15, 16, 17, 18, 19, 20, 21, 22, 23, 24, 25, 26, 27, 28, 29, 30, 31, 32, 33, 34, 35, 36, 37, 38, 39, 40, 41, 42, 43, 44, 45, 46, 47, 48, 49, 50, 51, 52, 53, 54, 55]
2025-05-07 15:11:32,871 - INFO - Waiting for file with parameters: /s/ls4/users/selibrin/spiking_researches/correlation_encoding_and_training/mnist/hpo/shifted_nn_restr_stdp_synapse/hpo_data/hpo_iteration_data/4335607/params_1_4.pkl
2025-05-07 15:12:22,927 - INFO - Preparing datasets ...
2025-05-07 15:12:22,928 - INFO - `max_samples` = 0.2
2025-05-07 15:12:27,874 - INFO - Model initialization ...
2025-05-07 15:12:27,878 - INFO - Model fitting ...
2025-05-07 15:17:22,764 - INFO - Model eval ...
2025-05-07 15:21:03,119 - INFO - Available CPUs: [0, 1, 2, 3, 4, 5, 6, 7, 8, 9, 10, 11, 12, 13, 14, 15, 16, 17, 18, 19, 20, 21, 22, 23, 24, 25, 26, 27, 28, 29, 30, 31, 32, 33, 34, 35, 36, 37, 38, 39, 40, 41, 42, 43, 44, 45, 46, 47, 48, 49, 50, 51, 52, 53, 54, 55]
2025-05-07 15:21:03,119 - INFO - Waiting for file with parameters: /s/ls4/users/selibrin/spiking_researches/correlation_encoding_and_training/mnist/hpo/shifted_nn_restr_stdp_synapse/hpo_data/hpo_iteration_data/4335607/params_1_4.pkl
2025-05-07 15:21:58,184 - INFO - Preparing datasets ...
2025-05-07 15:21:58,184 - INFO - `max_samples` = 0.2
2025-05-07 15:22:03,913 - INFO - Model initialization ...
2025-05-07 15:22:03,917 - INFO - Model fitting ...
2025-05-07 15:26:41,089 - INFO - Model eval ...
2025-05-07 15:30:04,548 - INFO - Available CPUs: [0, 1, 2, 3, 4, 5, 6, 7, 8, 9, 10, 11, 12, 13, 14, 15, 16, 17, 18, 19, 20, 21, 22, 23, 24, 25, 26, 27, 28, 29, 30, 31, 32, 33, 34, 35, 36, 37, 38, 39, 40, 41, 42, 43, 44, 45, 46, 47, 48, 49, 50, 51, 52, 53, 54, 55]
2025-05-07 15:30:04,548 - INFO - Waiting for file with parameters: /s/ls4/users/selibrin/spiking_researches/correlation_encoding_and_training/mnist/hpo/shifted_nn_restr_stdp_synapse/hpo_data/hpo_iteration_data/4335607/params_1_4.pkl
2025-05-07 15:30:59,610 - INFO - Preparing datasets ...
2025-05-07 15:30:59,610 - INFO - `max_samples` = 0.2
2025-05-07 15:31:05,351 - INFO - Model initialization ...
2025-05-07 15:31:05,354 - INFO - Model fitting ...
2025-05-07 15:35:45,520 - INFO - Model eval ...
2025-05-07 15:39:18,517 - INFO - Available CPUs: [0, 1, 2, 3, 4, 5, 6, 7, 8, 9, 10, 11, 12, 13, 14, 15, 16, 17, 18, 19, 20, 21, 22, 23, 24, 25, 26, 27, 28, 29, 30, 31, 32, 33, 34, 35, 36, 37, 38, 39, 40, 41, 42, 43, 44, 45, 46, 47, 48, 49, 50, 51, 52, 53, 54, 55]
2025-05-07 15:39:18,518 - INFO - Waiting for file with parameters: /s/ls4/users/selibrin/spiking_researches/correlation_encoding_and_training/mnist/hpo/shifted_nn_restr_stdp_synapse/hpo_data/hpo_iteration_data/4335607/params_1_4.pkl
2025-05-07 15:40:03,569 - INFO - Preparing datasets ...
2025-05-07 15:40:03,569 - INFO - `max_samples` = 0.2
2025-05-07 15:40:08,793 - INFO - Model initialization ...
2025-05-07 15:40:08,798 - INFO - Model fitting ...
2025-05-07 15:44:42,270 - INFO - Model eval ...
2025-05-07 15:48:21,134 - INFO - Available CPUs: [0, 1, 2, 3, 4, 5, 6, 7, 8, 9, 10, 11, 12, 13, 14, 15, 16, 17, 18, 19, 20, 21, 22, 23, 24, 25, 26, 27, 28, 29, 30, 31, 32, 33, 34, 35, 36, 37, 38, 39, 40, 41, 42, 43, 44, 45, 46, 47, 48, 49, 50, 51, 52, 53, 54, 55]
2025-05-07 15:48:21,135 - INFO - Waiting for file with parameters: /s/ls4/users/selibrin/spiking_researches/correlation_encoding_and_training/mnist/hpo/shifted_nn_restr_stdp_synapse/hpo_data/hpo_iteration_data/4335607/params_1_4.pkl
2025-05-07 15:49:11,190 - INFO - Preparing datasets ...
2025-05-07 15:49:11,191 - INFO - `max_samples` = 0.2
2025-05-07 15:49:16,623 - INFO - Model initialization ...
2025-05-07 15:49:16,626 - INFO - Model fitting ...
2025-05-07 15:53:34,384 - INFO - Model eval ...
2025-05-07 15:57:04,032 - INFO - Available CPUs: [0, 1, 2, 3, 4, 5, 6, 7, 8, 9, 10, 11, 12, 13, 14, 15, 16, 17, 18, 19, 20, 21, 22, 23, 24, 25, 26, 27, 28, 29, 30, 31, 32, 33, 34, 35, 36, 37, 38, 39, 40, 41, 42, 43, 44, 45, 46, 47, 48, 49, 50, 51, 52, 53, 54, 55]
2025-05-07 15:57:04,032 - INFO - Waiting for file with parameters: /s/ls4/users/selibrin/spiking_researches/correlation_encoding_and_training/mnist/hpo/shifted_nn_restr_stdp_synapse/hpo_data/hpo_iteration_data/4335607/params_1_4.pkl
2025-05-07 15:57:44,078 - INFO - Preparing datasets ...
2025-05-07 15:57:44,079 - INFO - `max_samples` = 0.2
2025-05-07 15:57:49,404 - INFO - Model initialization ...
2025-05-07 15:57:49,406 - INFO - Model fitting ...
2025-05-07 16:02:17,488 - INFO - Model eval ...
2025-05-07 16:06:01,011 - INFO - Available CPUs: [0, 1, 2, 3, 4, 5, 6, 7, 8, 9, 10, 11, 12, 13, 14, 15, 16, 17, 18, 19, 20, 21, 22, 23, 24, 25, 26, 27, 28, 29, 30, 31, 32, 33, 34, 35, 36, 37, 38, 39, 40, 41, 42, 43, 44, 45, 46, 47, 48, 49, 50, 51, 52, 53, 54, 55]
2025-05-07 16:06:01,012 - INFO - Waiting for file with parameters: /s/ls4/users/selibrin/spiking_researches/correlation_encoding_and_training/mnist/hpo/shifted_nn_restr_stdp_synapse/hpo_data/hpo_iteration_data/4335607/params_1_4.pkl
2025-05-07 16:06:51,069 - INFO - Preparing datasets ...
2025-05-07 16:06:51,069 - INFO - `max_samples` = 0.2
2025-05-07 16:06:55,971 - INFO - Model initialization ...
2025-05-07 16:06:55,974 - INFO - Model fitting ...
2025-05-07 16:11:13,105 - INFO - Model eval ...
2025-05-07 16:14:59,991 - INFO - Available CPUs: [0, 1, 2, 3, 4, 5, 6, 7, 8, 9, 10, 11, 12, 13, 14, 15, 16, 17, 18, 19, 20, 21, 22, 23, 24, 25, 26, 27, 28, 29, 30, 31, 32, 33, 34, 35, 36, 37, 38, 39, 40, 41, 42, 43, 44, 45, 46, 47, 48, 49, 50, 51, 52, 53, 54, 55]
2025-05-07 16:14:59,991 - INFO - Waiting for file with parameters: /s/ls4/users/selibrin/spiking_researches/correlation_encoding_and_training/mnist/hpo/shifted_nn_restr_stdp_synapse/hpo_data/hpo_iteration_data/4335607/params_1_4.pkl
2025-05-07 16:15:55,048 - INFO - Preparing datasets ...
2025-05-07 16:15:55,048 - INFO - `max_samples` = 0.2
2025-05-07 16:16:00,724 - INFO - Model initialization ...
2025-05-07 16:16:00,727 - INFO - Model fitting ...
2025-05-07 16:20:29,001 - INFO - Model eval ...
2025-05-07 16:23:59,206 - INFO - Available CPUs: [0, 1, 2, 3, 4, 5, 6, 7, 8, 9, 10, 11, 12, 13, 14, 15, 16, 17, 18, 19, 20, 21, 22, 23, 24, 25, 26, 27, 28, 29, 30, 31, 32, 33, 34, 35, 36, 37, 38, 39, 40, 41, 42, 43, 44, 45, 46, 47, 48, 49, 50, 51, 52, 53, 54, 55]
2025-05-07 16:23:59,206 - INFO - Waiting for file with parameters: /s/ls4/users/selibrin/spiking_researches/correlation_encoding_and_training/mnist/hpo/shifted_nn_restr_stdp_synapse/hpo_data/hpo_iteration_data/4335607/params_1_4.pkl
2025-05-07 16:24:59,269 - INFO - Preparing datasets ...
2025-05-07 16:24:59,269 - INFO - `max_samples` = 0.2
2025-05-07 16:25:04,476 - INFO - Model initialization ...
2025-05-07 16:25:04,478 - INFO - Model fitting ...
2025-05-07 16:29:18,950 - INFO - Model eval ...
2025-05-07 16:32:42,576 - INFO - Available CPUs: [0, 1, 2, 3, 4, 5, 6, 7, 8, 9, 10, 11, 12, 13, 14, 15, 16, 17, 18, 19, 20, 21, 22, 23, 24, 25, 26, 27, 28, 29, 30, 31, 32, 33, 34, 35, 36, 37, 38, 39, 40, 41, 42, 43, 44, 45, 46, 47, 48, 49, 50, 51, 52, 53, 54, 55]
2025-05-07 16:32:42,576 - INFO - Waiting for file with parameters: /s/ls4/users/selibrin/spiking_researches/correlation_encoding_and_training/mnist/hpo/shifted_nn_restr_stdp_synapse/hpo_data/hpo_iteration_data/4335607/params_1_4.pkl
2025-05-07 16:33:32,633 - INFO - Preparing datasets ...
2025-05-07 16:33:32,633 - INFO - `max_samples` = 0.2
2025-05-07 16:33:38,163 - INFO - Model initialization ...
2025-05-07 16:33:38,166 - INFO - Model fitting ...
2025-05-07 16:38:26,758 - INFO - Model eval ...
2025-05-07 16:42:13,238 - INFO - Available CPUs: [0, 1, 2, 3, 4, 5, 6, 7, 8, 9, 10, 11, 12, 13, 14, 15, 16, 17, 18, 19, 20, 21, 22, 23, 24, 25, 26, 27, 28, 29, 30, 31, 32, 33, 34, 35, 36, 37, 38, 39, 40, 41, 42, 43, 44, 45, 46, 47, 48, 49, 50, 51, 52, 53, 54, 55]
2025-05-07 16:42:13,238 - INFO - Waiting for file with parameters: /s/ls4/users/selibrin/spiking_researches/correlation_encoding_and_training/mnist/hpo/shifted_nn_restr_stdp_synapse/hpo_data/hpo_iteration_data/4335607/params_1_4.pkl
2025-05-07 16:42:33,264 - INFO - Preparing datasets ...
2025-05-07 16:42:33,265 - INFO - `max_samples` = 0.2
2025-05-07 16:42:38,945 - INFO - Model initialization ...
2025-05-07 16:42:38,949 - INFO - Model fitting ...
2025-05-07 16:47:20,172 - INFO - Model eval ...
2025-05-07 16:50:43,570 - INFO - Available CPUs: [0, 1, 2, 3, 4, 5, 6, 7, 8, 9, 10, 11, 12, 13, 14, 15, 16, 17, 18, 19, 20, 21, 22, 23, 24, 25, 26, 27, 28, 29, 30, 31, 32, 33, 34, 35, 36, 37, 38, 39, 40, 41, 42, 43, 44, 45, 46, 47, 48, 49, 50, 51, 52, 53, 54, 55]
2025-05-07 16:50:43,571 - INFO - Waiting for file with parameters: /s/ls4/users/selibrin/spiking_researches/correlation_encoding_and_training/mnist/hpo/shifted_nn_restr_stdp_synapse/hpo_data/hpo_iteration_data/4335607/params_1_4.pkl
2025-05-07 16:51:08,602 - INFO - Preparing datasets ...
2025-05-07 16:51:08,603 - INFO - `max_samples` = 0.2
2025-05-07 16:51:13,648 - INFO - Model initialization ...
2025-05-07 16:51:13,651 - INFO - Model fitting ...
2025-05-07 16:55:52,241 - INFO - Model eval ...
2025-05-07 16:59:37,840 - INFO - Available CPUs: [0, 1, 2, 3, 4, 5, 6, 7, 8, 9, 10, 11, 12, 13, 14, 15, 16, 17, 18, 19, 20, 21, 22, 23, 24, 25, 26, 27, 28, 29, 30, 31, 32, 33, 34, 35, 36, 37, 38, 39, 40, 41, 42, 43, 44, 45, 46, 47, 48, 49, 50, 51, 52, 53, 54, 55]
2025-05-07 16:59:37,840 - INFO - Waiting for file with parameters: /s/ls4/users/selibrin/spiking_researches/correlation_encoding_and_training/mnist/hpo/shifted_nn_restr_stdp_synapse/hpo_data/hpo_iteration_data/4335607/params_1_4.pkl
2025-05-07 17:00:12,879 - INFO - Preparing datasets ...
2025-05-07 17:00:12,880 - INFO - `max_samples` = 0.2
2025-05-07 17:00:17,712 - INFO - Model initialization ...
2025-05-07 17:00:17,714 - INFO - Model fitting ...
2025-05-07 17:04:41,082 - INFO - Model eval ...
2025-05-07 17:08:36,431 - INFO - Available CPUs: [0, 1, 2, 3, 4, 5, 6, 7, 8, 9, 10, 11, 12, 13, 14, 15, 16, 17, 18, 19, 20, 21, 22, 23, 24, 25, 26, 27, 28, 29, 30, 31, 32, 33, 34, 35, 36, 37, 38, 39, 40, 41, 42, 43, 44, 45, 46, 47, 48, 49, 50, 51, 52, 53, 54, 55]
2025-05-07 17:08:36,432 - INFO - Waiting for file with parameters: /s/ls4/users/selibrin/spiking_researches/correlation_encoding_and_training/mnist/hpo/shifted_nn_restr_stdp_synapse/hpo_data/hpo_iteration_data/4335607/params_1_4.pkl
2025-05-07 17:09:16,478 - INFO - Preparing datasets ...
2025-05-07 17:09:16,478 - INFO - `max_samples` = 0.2
2025-05-07 17:09:21,569 - INFO - Model initialization ...
2025-05-07 17:09:21,572 - INFO - Model fitting ...
2025-05-07 17:14:06,707 - INFO - Model eval ...
2025-05-07 17:17:32,083 - INFO - Available CPUs: [0, 1, 2, 3, 4, 5, 6, 7, 8, 9, 10, 11, 12, 13, 14, 15, 16, 17, 18, 19, 20, 21, 22, 23, 24, 25, 26, 27, 28, 29, 30, 31, 32, 33, 34, 35, 36, 37, 38, 39, 40, 41, 42, 43, 44, 45, 46, 47, 48, 49, 50, 51, 52, 53, 54, 55]
2025-05-07 17:17:32,084 - INFO - Waiting for file with parameters: /s/ls4/users/selibrin/spiking_researches/correlation_encoding_and_training/mnist/hpo/shifted_nn_restr_stdp_synapse/hpo_data/hpo_iteration_data/4335607/params_1_4.pkl
2025-05-07 17:18:22,137 - INFO - Preparing datasets ...
2025-05-07 17:18:22,137 - INFO - `max_samples` = 0.2
2025-05-07 17:18:27,361 - INFO - Model initialization ...
2025-05-07 17:18:27,364 - INFO - Model fitting ...
2025-05-07 17:22:50,906 - INFO - Model eval ...
2025-05-07 17:26:20,319 - INFO - Available CPUs: [0, 1, 2, 3, 4, 5, 6, 7, 8, 9, 10, 11, 12, 13, 14, 15, 16, 17, 18, 19, 20, 21, 22, 23, 24, 25, 26, 27, 28, 29, 30, 31, 32, 33, 34, 35, 36, 37, 38, 39, 40, 41, 42, 43, 44, 45, 46, 47, 48, 49, 50, 51, 52, 53, 54, 55]
2025-05-07 17:26:20,319 - INFO - Waiting for file with parameters: /s/ls4/users/selibrin/spiking_researches/correlation_encoding_and_training/mnist/hpo/shifted_nn_restr_stdp_synapse/hpo_data/hpo_iteration_data/4335607/params_1_4.pkl
2025-05-07 17:27:25,388 - INFO - Preparing datasets ...
2025-05-07 17:27:25,388 - INFO - `max_samples` = 0.2
2025-05-07 17:27:31,419 - INFO - Model initialization ...
2025-05-07 17:27:31,423 - INFO - Model fitting ...
2025-05-07 17:31:51,856 - INFO - Model eval ...
2025-05-07 17:35:28,051 - INFO - Available CPUs: [0, 1, 2, 3, 4, 5, 6, 7, 8, 9, 10, 11, 12, 13, 14, 15, 16, 17, 18, 19, 20, 21, 22, 23, 24, 25, 26, 27, 28, 29, 30, 31, 32, 33, 34, 35, 36, 37, 38, 39, 40, 41, 42, 43, 44, 45, 46, 47, 48, 49, 50, 51, 52, 53, 54, 55]
2025-05-07 17:35:28,051 - INFO - Waiting for file with parameters: /s/ls4/users/selibrin/spiking_researches/correlation_encoding_and_training/mnist/hpo/shifted_nn_restr_stdp_synapse/hpo_data/hpo_iteration_data/4335607/params_1_4.pkl
2025-05-07 17:36:28,117 - INFO - Preparing datasets ...
2025-05-07 17:36:28,118 - INFO - `max_samples` = 0.2
2025-05-07 17:36:33,719 - INFO - Model initialization ...
2025-05-07 17:36:33,723 - INFO - Model fitting ...
2025-05-07 17:41:13,239 - INFO - Model eval ...
2025-05-07 17:44:36,479 - INFO - Available CPUs: [0, 1, 2, 3, 4, 5, 6, 7, 8, 9, 10, 11, 12, 13, 14, 15, 16, 17, 18, 19, 20, 21, 22, 23, 24, 25, 26, 27, 28, 29, 30, 31, 32, 33, 34, 35, 36, 37, 38, 39, 40, 41, 42, 43, 44, 45, 46, 47, 48, 49, 50, 51, 52, 53, 54, 55]
2025-05-07 17:44:36,479 - INFO - Waiting for file with parameters: /s/ls4/users/selibrin/spiking_researches/correlation_encoding_and_training/mnist/hpo/shifted_nn_restr_stdp_synapse/hpo_data/hpo_iteration_data/4335607/params_1_4.pkl
2025-05-07 17:45:01,509 - INFO - Preparing datasets ...
2025-05-07 17:45:01,509 - INFO - `max_samples` = 0.2
2025-05-07 17:45:06,579 - INFO - Model initialization ...
2025-05-07 17:45:06,582 - INFO - Model fitting ...
2025-05-07 17:49:48,704 - INFO - Model eval ...
2025-05-07 17:53:52,113 - INFO - Available CPUs: [0, 1, 2, 3, 4, 5, 6, 7, 8, 9, 10, 11, 12, 13, 14, 15, 16, 17, 18, 19, 20, 21, 22, 23, 24, 25, 26, 27, 28, 29, 30, 31, 32, 33, 34, 35, 36, 37, 38, 39, 40, 41, 42, 43, 44, 45, 46, 47, 48, 49, 50, 51, 52, 53, 54, 55]
2025-05-07 17:53:52,113 - INFO - Waiting for file with parameters: /s/ls4/users/selibrin/spiking_researches/correlation_encoding_and_training/mnist/hpo/shifted_nn_restr_stdp_synapse/hpo_data/hpo_iteration_data/4335607/params_1_4.pkl
2025-05-07 17:54:37,164 - INFO - Preparing datasets ...
2025-05-07 17:54:37,165 - INFO - `max_samples` = 0.2
2025-05-07 17:54:42,519 - INFO - Model initialization ...
2025-05-07 17:54:42,522 - INFO - Model fitting ...
2025-05-07 17:59:24,139 - INFO - Model eval ...
2025-05-07 18:02:56,298 - INFO - Available CPUs: [0, 1, 2, 3, 4, 5, 6, 7, 8, 9, 10, 11, 12, 13, 14, 15, 16, 17, 18, 19, 20, 21, 22, 23, 24, 25, 26, 27, 28, 29, 30, 31, 32, 33, 34, 35, 36, 37, 38, 39, 40, 41, 42, 43, 44, 45, 46, 47, 48, 49, 50, 51, 52, 53, 54, 55]
2025-05-07 18:02:56,298 - INFO - Waiting for file with parameters: /s/ls4/users/selibrin/spiking_researches/correlation_encoding_and_training/mnist/hpo/shifted_nn_restr_stdp_synapse/hpo_data/hpo_iteration_data/4335607/params_1_4.pkl
2025-05-07 18:03:11,319 - INFO - Preparing datasets ...
2025-05-07 18:03:11,319 - INFO - `max_samples` = 0.2
2025-05-07 18:03:17,062 - INFO - Model initialization ...
2025-05-07 18:03:17,066 - INFO - Model fitting ...
2025-05-07 18:08:00,507 - INFO - Model eval ...
2025-05-07 18:11:25,567 - INFO - Available CPUs: [0, 1, 2, 3, 4, 5, 6, 7, 8, 9, 10, 11, 12, 13, 14, 15, 16, 17, 18, 19, 20, 21, 22, 23, 24, 25, 26, 27, 28, 29, 30, 31, 32, 33, 34, 35, 36, 37, 38, 39, 40, 41, 42, 43, 44, 45, 46, 47, 48, 49, 50, 51, 52, 53, 54, 55]
2025-05-07 18:11:25,567 - INFO - Waiting for file with parameters: /s/ls4/users/selibrin/spiking_researches/correlation_encoding_and_training/mnist/hpo/shifted_nn_restr_stdp_synapse/hpo_data/hpo_iteration_data/4335607/params_1_4.pkl
2025-05-07 18:11:45,592 - INFO - Preparing datasets ...
2025-05-07 18:11:45,592 - INFO - `max_samples` = 0.2
2025-05-07 18:11:50,520 - INFO - Model initialization ...
2025-05-07 18:11:50,522 - INFO - Model fitting ...
2025-05-07 18:16:30,956 - INFO - Model eval ...
2025-05-07 18:19:51,607 - INFO - Available CPUs: [0, 1, 2, 3, 4, 5, 6, 7, 8, 9, 10, 11, 12, 13, 14, 15, 16, 17, 18, 19, 20, 21, 22, 23, 24, 25, 26, 27, 28, 29, 30, 31, 32, 33, 34, 35, 36, 37, 38, 39, 40, 41, 42, 43, 44, 45, 46, 47, 48, 49, 50, 51, 52, 53, 54, 55]
2025-05-07 18:19:51,607 - INFO - Waiting for file with parameters: /s/ls4/users/selibrin/spiking_researches/correlation_encoding_and_training/mnist/hpo/shifted_nn_restr_stdp_synapse/hpo_data/hpo_iteration_data/4335607/params_1_4.pkl
2025-05-07 18:20:51,673 - INFO - Preparing datasets ...
2025-05-07 18:20:51,673 - INFO - `max_samples` = 0.2
2025-05-07 18:20:56,802 - INFO - Model initialization ...
2025-05-07 18:20:56,805 - INFO - Model fitting ...
2025-05-07 18:25:25,698 - INFO - Model eval ...
2025-05-07 18:28:59,763 - INFO - Available CPUs: [0, 1, 2, 3, 4, 5, 6, 7, 8, 9, 10, 11, 12, 13, 14, 15, 16, 17, 18, 19, 20, 21, 22, 23, 24, 25, 26, 27, 28, 29, 30, 31, 32, 33, 34, 35, 36, 37, 38, 39, 40, 41, 42, 43, 44, 45, 46, 47, 48, 49, 50, 51, 52, 53, 54, 55]
2025-05-07 18:28:59,763 - INFO - Waiting for file with parameters: /s/ls4/users/selibrin/spiking_researches/correlation_encoding_and_training/mnist/hpo/shifted_nn_restr_stdp_synapse/hpo_data/hpo_iteration_data/4335607/params_1_4.pkl
2025-05-07 18:29:24,792 - INFO - Preparing datasets ...
2025-05-07 18:29:24,792 - INFO - `max_samples` = 0.2
2025-05-07 18:29:30,240 - INFO - Model initialization ...
2025-05-07 18:29:30,244 - INFO - Model fitting ...
2025-05-07 18:34:13,808 - INFO - Model eval ...
2025-05-07 18:37:55,693 - INFO - Available CPUs: [0, 1, 2, 3, 4, 5, 6, 7, 8, 9, 10, 11, 12, 13, 14, 15, 16, 17, 18, 19, 20, 21, 22, 23, 24, 25, 26, 27, 28, 29, 30, 31, 32, 33, 34, 35, 36, 37, 38, 39, 40, 41, 42, 43, 44, 45, 46, 47, 48, 49, 50, 51, 52, 53, 54, 55]
2025-05-07 18:37:55,693 - INFO - Waiting for file with parameters: /s/ls4/users/selibrin/spiking_researches/correlation_encoding_and_training/mnist/hpo/shifted_nn_restr_stdp_synapse/hpo_data/hpo_iteration_data/4335607/params_1_4.pkl
2025-05-07 18:38:25,729 - INFO - Preparing datasets ...
2025-05-07 18:38:25,729 - INFO - `max_samples` = 0.2
2025-05-07 18:38:31,275 - INFO - Model initialization ...
2025-05-07 18:38:31,278 - INFO - Model fitting ...
2025-05-07 18:42:56,618 - INFO - Model eval ...
2025-05-07 18:46:46,499 - INFO - Available CPUs: [0, 1, 2, 3, 4, 5, 6, 7, 8, 9, 10, 11, 12, 13, 14, 15, 16, 17, 18, 19, 20, 21, 22, 23, 24, 25, 26, 27, 28, 29, 30, 31, 32, 33, 34, 35, 36, 37, 38, 39, 40, 41, 42, 43, 44, 45, 46, 47, 48, 49, 50, 51, 52, 53, 54, 55]
2025-05-07 18:46:46,499 - INFO - Waiting for file with parameters: /s/ls4/users/selibrin/spiking_researches/correlation_encoding_and_training/mnist/hpo/shifted_nn_restr_stdp_synapse/hpo_data/hpo_iteration_data/4335607/params_1_4.pkl
2025-05-07 18:47:31,577 - INFO - Preparing datasets ...
2025-05-07 18:47:31,577 - INFO - `max_samples` = 0.2
2025-05-07 18:47:36,937 - INFO - Model initialization ...
2025-05-07 18:47:36,940 - INFO - Model fitting ...
2025-05-07 18:52:11,178 - INFO - Model eval ...
