2025-05-06 20:20:36,465 - INFO - Available CPUs: [0, 1, 2, 3, 4, 5, 6, 7, 8, 9, 10, 11, 12, 13, 14, 15, 16, 17, 18, 19, 20, 21, 22, 23, 24, 25, 26, 27, 28, 29, 30, 31, 32, 33, 34, 35, 36, 37, 38, 39, 40, 41, 42, 43, 44, 45, 46, 47, 48, 49, 50, 51, 52, 53, 54, 55]
2025-05-06 20:20:36,466 - INFO - Waiting for file with parameters: /s/ls4/users/selibrin/spiking_researches/correlation_encoding_and_training/mnist/hpo/shifted_nn_restr_stdp_synapse/hpo_data/hpo_iteration_data/4335607/params_1_5.pkl
2025-05-06 20:22:01,560 - INFO - Preparing datasets ...
2025-05-06 20:22:01,561 - INFO - `max_samples` = 0.2
2025-05-06 20:22:05,281 - INFO - Model initialization ...
2025-05-06 20:22:05,285 - INFO - Model fitting ...
2025-05-06 20:25:14,630 - INFO - Model eval ...
2025-05-06 20:28:02,945 - INFO - Available CPUs: [0, 1, 2, 3, 4, 5, 6, 7, 8, 9, 10, 11, 12, 13, 14, 15, 16, 17, 18, 19, 20, 21, 22, 23, 24, 25, 26, 27, 28, 29, 30, 31, 32, 33, 34, 35, 36, 37, 38, 39, 40, 41, 42, 43, 44, 45, 46, 47, 48, 49, 50, 51, 52, 53, 54, 55]
2025-05-06 20:28:02,945 - INFO - Waiting for file with parameters: /s/ls4/users/selibrin/spiking_researches/correlation_encoding_and_training/mnist/hpo/shifted_nn_restr_stdp_synapse/hpo_data/hpo_iteration_data/4335607/params_1_5.pkl
2025-05-06 20:30:08,076 - INFO - Preparing datasets ...
2025-05-06 20:30:08,076 - INFO - `max_samples` = 0.2
2025-05-06 20:30:11,803 - INFO - Model initialization ...
2025-05-06 20:30:11,805 - INFO - Model fitting ...
2025-05-06 20:33:11,515 - INFO - Model eval ...
2025-05-06 20:36:06,618 - INFO - Available CPUs: [0, 1, 2, 3, 4, 5, 6, 7, 8, 9, 10, 11, 12, 13, 14, 15, 16, 17, 18, 19, 20, 21, 22, 23, 24, 25, 26, 27, 28, 29, 30, 31, 32, 33, 34, 35, 36, 37, 38, 39, 40, 41, 42, 43, 44, 45, 46, 47, 48, 49, 50, 51, 52, 53, 54, 55]
2025-05-06 20:36:06,619 - INFO - Waiting for file with parameters: /s/ls4/users/selibrin/spiking_researches/correlation_encoding_and_training/mnist/hpo/shifted_nn_restr_stdp_synapse/hpo_data/hpo_iteration_data/4335607/params_1_5.pkl
2025-05-06 20:38:11,750 - INFO - Preparing datasets ...
2025-05-06 20:38:11,750 - INFO - `max_samples` = 0.2
2025-05-06 20:38:17,430 - INFO - Model initialization ...
2025-05-06 20:38:17,434 - INFO - Model fitting ...
2025-05-06 20:41:24,497 - INFO - Model eval ...
2025-05-06 20:44:14,822 - INFO - Available CPUs: [0, 1, 2, 3, 4, 5, 6, 7, 8, 9, 10, 11, 12, 13, 14, 15, 16, 17, 18, 19, 20, 21, 22, 23, 24, 25, 26, 27, 28, 29, 30, 31, 32, 33, 34, 35, 36, 37, 38, 39, 40, 41, 42, 43, 44, 45, 46, 47, 48, 49, 50, 51, 52, 53, 54, 55]
2025-05-06 20:44:14,822 - INFO - Waiting for file with parameters: /s/ls4/users/selibrin/spiking_researches/correlation_encoding_and_training/mnist/hpo/shifted_nn_restr_stdp_synapse/hpo_data/hpo_iteration_data/4335607/params_1_5.pkl
2025-05-06 20:46:14,952 - INFO - Preparing datasets ...
2025-05-06 20:46:14,953 - INFO - `max_samples` = 0.2
2025-05-06 20:46:19,965 - INFO - Model initialization ...
2025-05-06 20:46:19,968 - INFO - Model fitting ...
2025-05-06 20:49:34,636 - INFO - Model eval ...
2025-05-06 20:52:35,088 - INFO - Available CPUs: [0, 1, 2, 3, 4, 5, 6, 7, 8, 9, 10, 11, 12, 13, 14, 15, 16, 17, 18, 19, 20, 21, 22, 23, 24, 25, 26, 27, 28, 29, 30, 31, 32, 33, 34, 35, 36, 37, 38, 39, 40, 41, 42, 43, 44, 45, 46, 47, 48, 49, 50, 51, 52, 53, 54, 55]
2025-05-06 20:52:35,088 - INFO - Waiting for file with parameters: /s/ls4/users/selibrin/spiking_researches/correlation_encoding_and_training/mnist/hpo/shifted_nn_restr_stdp_synapse/hpo_data/hpo_iteration_data/4335607/params_1_5.pkl
2025-05-06 20:54:45,227 - INFO - Preparing datasets ...
2025-05-06 20:54:45,227 - INFO - `max_samples` = 0.2
2025-05-06 20:54:48,529 - INFO - Model initialization ...
2025-05-06 20:54:48,532 - INFO - Model fitting ...
2025-05-06 20:58:20,643 - INFO - Model eval ...
2025-05-06 21:01:16,990 - INFO - Available CPUs: [0, 1, 2, 3, 4, 5, 6, 7, 8, 9, 10, 11, 12, 13, 14, 15, 16, 17, 18, 19, 20, 21, 22, 23, 24, 25, 26, 27, 28, 29, 30, 31, 32, 33, 34, 35, 36, 37, 38, 39, 40, 41, 42, 43, 44, 45, 46, 47, 48, 49, 50, 51, 52, 53, 54, 55]
2025-05-06 21:01:16,991 - INFO - Waiting for file with parameters: /s/ls4/users/selibrin/spiking_researches/correlation_encoding_and_training/mnist/hpo/shifted_nn_restr_stdp_synapse/hpo_data/hpo_iteration_data/4335607/params_1_5.pkl
2025-05-06 21:03:22,124 - INFO - Preparing datasets ...
2025-05-06 21:03:22,124 - INFO - `max_samples` = 0.2
2025-05-06 21:03:26,096 - INFO - Model initialization ...
2025-05-06 21:03:26,098 - INFO - Model fitting ...
2025-05-06 21:06:34,482 - INFO - Model eval ...
2025-05-06 21:09:32,816 - INFO - Available CPUs: [0, 1, 2, 3, 4, 5, 6, 7, 8, 9, 10, 11, 12, 13, 14, 15, 16, 17, 18, 19, 20, 21, 22, 23, 24, 25, 26, 27, 28, 29, 30, 31, 32, 33, 34, 35, 36, 37, 38, 39, 40, 41, 42, 43, 44, 45, 46, 47, 48, 49, 50, 51, 52, 53, 54, 55]
2025-05-06 21:09:32,816 - INFO - Waiting for file with parameters: /s/ls4/users/selibrin/spiking_researches/correlation_encoding_and_training/mnist/hpo/shifted_nn_restr_stdp_synapse/hpo_data/hpo_iteration_data/4335607/params_1_5.pkl
2025-05-06 21:11:27,938 - INFO - Preparing datasets ...
2025-05-06 21:11:27,939 - INFO - `max_samples` = 0.2
2025-05-06 21:11:31,966 - INFO - Model initialization ...
2025-05-06 21:11:31,969 - INFO - Model fitting ...
2025-05-06 21:15:23,153 - INFO - Model eval ...
2025-05-06 21:19:04,927 - INFO - Available CPUs: [0, 1, 2, 3, 4, 5, 6, 7, 8, 9, 10, 11, 12, 13, 14, 15, 16, 17, 18, 19, 20, 21, 22, 23, 24, 25, 26, 27, 28, 29, 30, 31, 32, 33, 34, 35, 36, 37, 38, 39, 40, 41, 42, 43, 44, 45, 46, 47, 48, 49, 50, 51, 52, 53, 54, 55]
2025-05-06 21:19:04,927 - INFO - Waiting for file with parameters: /s/ls4/users/selibrin/spiking_researches/correlation_encoding_and_training/mnist/hpo/shifted_nn_restr_stdp_synapse/hpo_data/hpo_iteration_data/4335607/params_1_5.pkl
2025-05-06 21:19:59,985 - INFO - Preparing datasets ...
2025-05-06 21:19:59,986 - INFO - `max_samples` = 0.2
2025-05-06 21:20:04,855 - INFO - Model initialization ...
2025-05-06 21:20:04,858 - INFO - Model fitting ...
2025-05-06 21:23:41,762 - INFO - Model eval ...
2025-05-06 21:27:11,514 - INFO - Available CPUs: [0, 1, 2, 3, 4, 5, 6, 7, 8, 9, 10, 11, 12, 13, 14, 15, 16, 17, 18, 19, 20, 21, 22, 23, 24, 25, 26, 27, 28, 29, 30, 31, 32, 33, 34, 35, 36, 37, 38, 39, 40, 41, 42, 43, 44, 45, 46, 47, 48, 49, 50, 51, 52, 53, 54, 55]
2025-05-06 21:27:11,515 - INFO - Waiting for file with parameters: /s/ls4/users/selibrin/spiking_researches/correlation_encoding_and_training/mnist/hpo/shifted_nn_restr_stdp_synapse/hpo_data/hpo_iteration_data/4335607/params_1_5.pkl
2025-05-06 21:28:31,604 - INFO - Preparing datasets ...
2025-05-06 21:28:31,604 - INFO - `max_samples` = 0.2
2025-05-06 21:28:37,085 - INFO - Model initialization ...
2025-05-06 21:28:37,088 - INFO - Model fitting ...
2025-05-06 21:32:37,994 - INFO - Model eval ...
2025-05-06 21:36:21,081 - INFO - Available CPUs: [0, 1, 2, 3, 4, 5, 6, 7, 8, 9, 10, 11, 12, 13, 14, 15, 16, 17, 18, 19, 20, 21, 22, 23, 24, 25, 26, 27, 28, 29, 30, 31, 32, 33, 34, 35, 36, 37, 38, 39, 40, 41, 42, 43, 44, 45, 46, 47, 48, 49, 50, 51, 52, 53, 54, 55]
2025-05-06 21:36:21,082 - INFO - Waiting for file with parameters: /s/ls4/users/selibrin/spiking_researches/correlation_encoding_and_training/mnist/hpo/shifted_nn_restr_stdp_synapse/hpo_data/hpo_iteration_data/4335607/params_1_5.pkl
2025-05-06 21:37:36,162 - INFO - Preparing datasets ...
2025-05-06 21:37:36,163 - INFO - `max_samples` = 0.2
2025-05-06 21:37:41,616 - INFO - Model initialization ...
2025-05-06 21:37:41,619 - INFO - Model fitting ...
2025-05-06 21:41:46,833 - INFO - Model eval ...
2025-05-06 21:45:28,504 - INFO - Available CPUs: [0, 1, 2, 3, 4, 5, 6, 7, 8, 9, 10, 11, 12, 13, 14, 15, 16, 17, 18, 19, 20, 21, 22, 23, 24, 25, 26, 27, 28, 29, 30, 31, 32, 33, 34, 35, 36, 37, 38, 39, 40, 41, 42, 43, 44, 45, 46, 47, 48, 49, 50, 51, 52, 53, 54, 55]
2025-05-06 21:45:28,504 - INFO - Waiting for file with parameters: /s/ls4/users/selibrin/spiking_researches/correlation_encoding_and_training/mnist/hpo/shifted_nn_restr_stdp_synapse/hpo_data/hpo_iteration_data/4335607/params_1_5.pkl
2025-05-06 21:46:13,554 - INFO - Preparing datasets ...
2025-05-06 21:46:13,554 - INFO - `max_samples` = 0.2
2025-05-06 21:46:18,243 - INFO - Model initialization ...
2025-05-06 21:46:18,246 - INFO - Model fitting ...
2025-05-06 21:50:13,619 - INFO - Model eval ...
2025-05-06 21:54:04,590 - INFO - Available CPUs: [0, 1, 2, 3, 4, 5, 6, 7, 8, 9, 10, 11, 12, 13, 14, 15, 16, 17, 18, 19, 20, 21, 22, 23, 24, 25, 26, 27, 28, 29, 30, 31, 32, 33, 34, 35, 36, 37, 38, 39, 40, 41, 42, 43, 44, 45, 46, 47, 48, 49, 50, 51, 52, 53, 54, 55]
2025-05-06 21:54:04,590 - INFO - Waiting for file with parameters: /s/ls4/users/selibrin/spiking_researches/correlation_encoding_and_training/mnist/hpo/shifted_nn_restr_stdp_synapse/hpo_data/hpo_iteration_data/4335607/params_1_5.pkl
2025-05-06 21:54:44,636 - INFO - Preparing datasets ...
2025-05-06 21:54:44,637 - INFO - `max_samples` = 0.2
2025-05-06 21:54:50,330 - INFO - Model initialization ...
2025-05-06 21:54:50,333 - INFO - Model fitting ...
2025-05-06 21:58:46,262 - INFO - Model eval ...
2025-05-06 22:02:15,550 - INFO - Available CPUs: [0, 1, 2, 3, 4, 5, 6, 7, 8, 9, 10, 11, 12, 13, 14, 15, 16, 17, 18, 19, 20, 21, 22, 23, 24, 25, 26, 27, 28, 29, 30, 31, 32, 33, 34, 35, 36, 37, 38, 39, 40, 41, 42, 43, 44, 45, 46, 47, 48, 49, 50, 51, 52, 53, 54, 55]
2025-05-06 22:02:15,550 - INFO - Waiting for file with parameters: /s/ls4/users/selibrin/spiking_researches/correlation_encoding_and_training/mnist/hpo/shifted_nn_restr_stdp_synapse/hpo_data/hpo_iteration_data/4335607/params_1_5.pkl
2025-05-06 22:03:20,626 - INFO - Preparing datasets ...
2025-05-06 22:03:20,626 - INFO - `max_samples` = 0.2
2025-05-06 22:03:25,297 - INFO - Model initialization ...
2025-05-06 22:03:25,299 - INFO - Model fitting ...
2025-05-06 22:07:37,211 - INFO - Model eval ...
2025-05-06 22:11:08,062 - INFO - Available CPUs: [0, 1, 2, 3, 4, 5, 6, 7, 8, 9, 10, 11, 12, 13, 14, 15, 16, 17, 18, 19, 20, 21, 22, 23, 24, 25, 26, 27, 28, 29, 30, 31, 32, 33, 34, 35, 36, 37, 38, 39, 40, 41, 42, 43, 44, 45, 46, 47, 48, 49, 50, 51, 52, 53, 54, 55]
2025-05-06 22:11:08,063 - INFO - Waiting for file with parameters: /s/ls4/users/selibrin/spiking_researches/correlation_encoding_and_training/mnist/hpo/shifted_nn_restr_stdp_synapse/hpo_data/hpo_iteration_data/4335607/params_1_5.pkl
2025-05-06 22:12:23,143 - INFO - Preparing datasets ...
2025-05-06 22:12:23,144 - INFO - `max_samples` = 0.2
2025-05-06 22:12:29,113 - INFO - Model initialization ...
2025-05-06 22:12:29,116 - INFO - Model fitting ...
2025-05-06 22:16:37,479 - INFO - Model eval ...
2025-05-06 22:20:23,798 - INFO - Available CPUs: [0, 1, 2, 3, 4, 5, 6, 7, 8, 9, 10, 11, 12, 13, 14, 15, 16, 17, 18, 19, 20, 21, 22, 23, 24, 25, 26, 27, 28, 29, 30, 31, 32, 33, 34, 35, 36, 37, 38, 39, 40, 41, 42, 43, 44, 45, 46, 47, 48, 49, 50, 51, 52, 53, 54, 55]
2025-05-06 22:20:23,799 - INFO - Waiting for file with parameters: /s/ls4/users/selibrin/spiking_researches/correlation_encoding_and_training/mnist/hpo/shifted_nn_restr_stdp_synapse/hpo_data/hpo_iteration_data/4335607/params_1_5.pkl
2025-05-06 22:21:28,872 - INFO - Preparing datasets ...
2025-05-06 22:21:28,872 - INFO - `max_samples` = 0.2
2025-05-06 22:21:34,592 - INFO - Model initialization ...
2025-05-06 22:21:34,597 - INFO - Model fitting ...
2025-05-06 22:25:13,659 - INFO - Model eval ...
2025-05-06 22:28:28,212 - INFO - Available CPUs: [0, 1, 2, 3, 4, 5, 6, 7, 8, 9, 10, 11, 12, 13, 14, 15, 16, 17, 18, 19, 20, 21, 22, 23, 24, 25, 26, 27, 28, 29, 30, 31, 32, 33, 34, 35, 36, 37, 38, 39, 40, 41, 42, 43, 44, 45, 46, 47, 48, 49, 50, 51, 52, 53, 54, 55]
2025-05-06 22:28:28,213 - INFO - Waiting for file with parameters: /s/ls4/users/selibrin/spiking_researches/correlation_encoding_and_training/mnist/hpo/shifted_nn_restr_stdp_synapse/hpo_data/hpo_iteration_data/4335607/params_1_5.pkl
2025-05-06 22:30:03,318 - INFO - Preparing datasets ...
2025-05-06 22:30:03,318 - INFO - `max_samples` = 0.2
2025-05-06 22:30:08,933 - INFO - Model initialization ...
2025-05-06 22:30:08,936 - INFO - Model fitting ...
2025-05-06 22:34:11,123 - INFO - Model eval ...
2025-05-06 22:37:43,532 - INFO - Available CPUs: [0, 1, 2, 3, 4, 5, 6, 7, 8, 9, 10, 11, 12, 13, 14, 15, 16, 17, 18, 19, 20, 21, 22, 23, 24, 25, 26, 27, 28, 29, 30, 31, 32, 33, 34, 35, 36, 37, 38, 39, 40, 41, 42, 43, 44, 45, 46, 47, 48, 49, 50, 51, 52, 53, 54, 55]
2025-05-06 22:37:43,532 - INFO - Waiting for file with parameters: /s/ls4/users/selibrin/spiking_researches/correlation_encoding_and_training/mnist/hpo/shifted_nn_restr_stdp_synapse/hpo_data/hpo_iteration_data/4335607/params_1_5.pkl
2025-05-06 22:38:33,590 - INFO - Preparing datasets ...
2025-05-06 22:38:33,590 - INFO - `max_samples` = 0.2
2025-05-06 22:38:39,145 - INFO - Model initialization ...
2025-05-06 22:38:39,149 - INFO - Model fitting ...
2025-05-06 22:42:18,326 - INFO - Model eval ...
2025-05-06 22:45:33,406 - INFO - Available CPUs: [0, 1, 2, 3, 4, 5, 6, 7, 8, 9, 10, 11, 12, 13, 14, 15, 16, 17, 18, 19, 20, 21, 22, 23, 24, 25, 26, 27, 28, 29, 30, 31, 32, 33, 34, 35, 36, 37, 38, 39, 40, 41, 42, 43, 44, 45, 46, 47, 48, 49, 50, 51, 52, 53, 54, 55]
2025-05-06 22:45:33,406 - INFO - Waiting for file with parameters: /s/ls4/users/selibrin/spiking_researches/correlation_encoding_and_training/mnist/hpo/shifted_nn_restr_stdp_synapse/hpo_data/hpo_iteration_data/4335607/params_1_5.pkl
2025-05-06 22:47:08,598 - INFO - Preparing datasets ...
2025-05-06 22:47:08,598 - INFO - `max_samples` = 0.2
2025-05-06 22:47:14,149 - INFO - Model initialization ...
2025-05-06 22:47:14,152 - INFO - Model fitting ...
2025-05-06 22:51:00,175 - INFO - Model eval ...
2025-05-06 22:54:22,087 - INFO - Available CPUs: [0, 1, 2, 3, 4, 5, 6, 7, 8, 9, 10, 11, 12, 13, 14, 15, 16, 17, 18, 19, 20, 21, 22, 23, 24, 25, 26, 27, 28, 29, 30, 31, 32, 33, 34, 35, 36, 37, 38, 39, 40, 41, 42, 43, 44, 45, 46, 47, 48, 49, 50, 51, 52, 53, 54, 55]
2025-05-06 22:54:22,088 - INFO - Waiting for file with parameters: /s/ls4/users/selibrin/spiking_researches/correlation_encoding_and_training/mnist/hpo/shifted_nn_restr_stdp_synapse/hpo_data/hpo_iteration_data/4335607/params_1_5.pkl
2025-05-06 22:55:42,195 - INFO - Preparing datasets ...
2025-05-06 22:55:42,195 - INFO - `max_samples` = 0.2
2025-05-06 22:55:47,471 - INFO - Model initialization ...
2025-05-06 22:55:47,475 - INFO - Model fitting ...
2025-05-06 22:59:31,635 - INFO - Model eval ...
2025-05-06 23:03:06,012 - INFO - Available CPUs: [0, 1, 2, 3, 4, 5, 6, 7, 8, 9, 10, 11, 12, 13, 14, 15, 16, 17, 18, 19, 20, 21, 22, 23, 24, 25, 26, 27, 28, 29, 30, 31, 32, 33, 34, 35, 36, 37, 38, 39, 40, 41, 42, 43, 44, 45, 46, 47, 48, 49, 50, 51, 52, 53, 54, 55]
2025-05-06 23:03:06,012 - INFO - Waiting for file with parameters: /s/ls4/users/selibrin/spiking_researches/correlation_encoding_and_training/mnist/hpo/shifted_nn_restr_stdp_synapse/hpo_data/hpo_iteration_data/4335607/params_1_5.pkl
2025-05-06 23:04:16,087 - INFO - Preparing datasets ...
2025-05-06 23:04:16,088 - INFO - `max_samples` = 0.2
2025-05-06 23:04:20,716 - INFO - Model initialization ...
2025-05-06 23:04:20,719 - INFO - Model fitting ...
2025-05-06 23:08:06,000 - INFO - Model eval ...
2025-05-06 23:11:52,482 - INFO - Available CPUs: [0, 1, 2, 3, 4, 5, 6, 7, 8, 9, 10, 11, 12, 13, 14, 15, 16, 17, 18, 19, 20, 21, 22, 23, 24, 25, 26, 27, 28, 29, 30, 31, 32, 33, 34, 35, 36, 37, 38, 39, 40, 41, 42, 43, 44, 45, 46, 47, 48, 49, 50, 51, 52, 53, 54, 55]
2025-05-06 23:11:52,483 - INFO - Waiting for file with parameters: /s/ls4/users/selibrin/spiking_researches/correlation_encoding_and_training/mnist/hpo/shifted_nn_restr_stdp_synapse/hpo_data/hpo_iteration_data/4335607/params_1_5.pkl
2025-05-06 23:12:52,543 - INFO - Preparing datasets ...
2025-05-06 23:12:52,543 - INFO - `max_samples` = 0.2
2025-05-06 23:12:57,891 - INFO - Model initialization ...
2025-05-06 23:12:57,896 - INFO - Model fitting ...
2025-05-06 23:16:53,219 - INFO - Model eval ...
2025-05-06 23:20:45,669 - INFO - Available CPUs: [0, 1, 2, 3, 4, 5, 6, 7, 8, 9, 10, 11, 12, 13, 14, 15, 16, 17, 18, 19, 20, 21, 22, 23, 24, 25, 26, 27, 28, 29, 30, 31, 32, 33, 34, 35, 36, 37, 38, 39, 40, 41, 42, 43, 44, 45, 46, 47, 48, 49, 50, 51, 52, 53, 54, 55]
2025-05-06 23:20:45,669 - INFO - Waiting for file with parameters: /s/ls4/users/selibrin/spiking_researches/correlation_encoding_and_training/mnist/hpo/shifted_nn_restr_stdp_synapse/hpo_data/hpo_iteration_data/4335607/params_1_5.pkl
2025-05-06 23:21:55,748 - INFO - Preparing datasets ...
2025-05-06 23:21:55,749 - INFO - `max_samples` = 0.2
2025-05-06 23:22:01,392 - INFO - Model initialization ...
2025-05-06 23:22:01,396 - INFO - Model fitting ...
2025-05-06 23:26:10,281 - INFO - Model eval ...
2025-05-06 23:29:44,227 - INFO - Available CPUs: [0, 1, 2, 3, 4, 5, 6, 7, 8, 9, 10, 11, 12, 13, 14, 15, 16, 17, 18, 19, 20, 21, 22, 23, 24, 25, 26, 27, 28, 29, 30, 31, 32, 33, 34, 35, 36, 37, 38, 39, 40, 41, 42, 43, 44, 45, 46, 47, 48, 49, 50, 51, 52, 53, 54, 55]
2025-05-06 23:29:44,227 - INFO - Waiting for file with parameters: /s/ls4/users/selibrin/spiking_researches/correlation_encoding_and_training/mnist/hpo/shifted_nn_restr_stdp_synapse/hpo_data/hpo_iteration_data/4335607/params_1_5.pkl
2025-05-06 23:30:29,278 - INFO - Preparing datasets ...
2025-05-06 23:30:29,279 - INFO - `max_samples` = 0.2
2025-05-06 23:30:34,812 - INFO - Model initialization ...
2025-05-06 23:30:34,815 - INFO - Model fitting ...
2025-05-06 23:34:35,647 - INFO - Model eval ...
2025-05-06 23:38:05,537 - INFO - Available CPUs: [0, 1, 2, 3, 4, 5, 6, 7, 8, 9, 10, 11, 12, 13, 14, 15, 16, 17, 18, 19, 20, 21, 22, 23, 24, 25, 26, 27, 28, 29, 30, 31, 32, 33, 34, 35, 36, 37, 38, 39, 40, 41, 42, 43, 44, 45, 46, 47, 48, 49, 50, 51, 52, 53, 54, 55]
2025-05-06 23:38:05,537 - INFO - Waiting for file with parameters: /s/ls4/users/selibrin/spiking_researches/correlation_encoding_and_training/mnist/hpo/shifted_nn_restr_stdp_synapse/hpo_data/hpo_iteration_data/4335607/params_1_5.pkl
2025-05-06 23:39:05,606 - INFO - Preparing datasets ...
2025-05-06 23:39:05,606 - INFO - `max_samples` = 0.2
2025-05-06 23:39:09,868 - INFO - Model initialization ...
2025-05-06 23:39:09,870 - INFO - Model fitting ...
2025-05-06 23:42:57,717 - INFO - Model eval ...
2025-05-06 23:46:23,585 - INFO - Available CPUs: [0, 1, 2, 3, 4, 5, 6, 7, 8, 9, 10, 11, 12, 13, 14, 15, 16, 17, 18, 19, 20, 21, 22, 23, 24, 25, 26, 27, 28, 29, 30, 31, 32, 33, 34, 35, 36, 37, 38, 39, 40, 41, 42, 43, 44, 45, 46, 47, 48, 49, 50, 51, 52, 53, 54, 55]
2025-05-06 23:46:23,585 - INFO - Waiting for file with parameters: /s/ls4/users/selibrin/spiking_researches/correlation_encoding_and_training/mnist/hpo/shifted_nn_restr_stdp_synapse/hpo_data/hpo_iteration_data/4335607/params_1_5.pkl
2025-05-06 23:47:38,668 - INFO - Preparing datasets ...
2025-05-06 23:47:38,669 - INFO - `max_samples` = 0.2
2025-05-06 23:47:43,106 - INFO - Model initialization ...
2025-05-06 23:47:43,110 - INFO - Model fitting ...
2025-05-06 23:51:15,917 - INFO - Model eval ...
2025-05-06 23:54:50,788 - INFO - Available CPUs: [0, 1, 2, 3, 4, 5, 6, 7, 8, 9, 10, 11, 12, 13, 14, 15, 16, 17, 18, 19, 20, 21, 22, 23, 24, 25, 26, 27, 28, 29, 30, 31, 32, 33, 34, 35, 36, 37, 38, 39, 40, 41, 42, 43, 44, 45, 46, 47, 48, 49, 50, 51, 52, 53, 54, 55]
2025-05-06 23:54:50,789 - INFO - Waiting for file with parameters: /s/ls4/users/selibrin/spiking_researches/correlation_encoding_and_training/mnist/hpo/shifted_nn_restr_stdp_synapse/hpo_data/hpo_iteration_data/4335607/params_1_5.pkl
2025-05-06 23:56:10,888 - INFO - Preparing datasets ...
2025-05-06 23:56:10,888 - INFO - `max_samples` = 0.2
2025-05-06 23:56:16,580 - INFO - Model initialization ...
2025-05-06 23:56:16,584 - INFO - Model fitting ...
2025-05-07 00:00:05,610 - INFO - Model eval ...
2025-05-07 00:03:33,351 - INFO - Available CPUs: [0, 1, 2, 3, 4, 5, 6, 7, 8, 9, 10, 11, 12, 13, 14, 15, 16, 17, 18, 19, 20, 21, 22, 23, 24, 25, 26, 27, 28, 29, 30, 31, 32, 33, 34, 35, 36, 37, 38, 39, 40, 41, 42, 43, 44, 45, 46, 47, 48, 49, 50, 51, 52, 53, 54, 55]
2025-05-07 00:03:33,352 - INFO - Waiting for file with parameters: /s/ls4/users/selibrin/spiking_researches/correlation_encoding_and_training/mnist/hpo/shifted_nn_restr_stdp_synapse/hpo_data/hpo_iteration_data/4335607/params_1_5.pkl
2025-05-07 00:04:48,439 - INFO - Preparing datasets ...
2025-05-07 00:04:48,440 - INFO - `max_samples` = 0.2
2025-05-07 00:04:53,972 - INFO - Model initialization ...
2025-05-07 00:04:53,974 - INFO - Model fitting ...
2025-05-07 00:08:44,730 - INFO - Model eval ...
2025-05-07 00:12:13,357 - INFO - Available CPUs: [0, 1, 2, 3, 4, 5, 6, 7, 8, 9, 10, 11, 12, 13, 14, 15, 16, 17, 18, 19, 20, 21, 22, 23, 24, 25, 26, 27, 28, 29, 30, 31, 32, 33, 34, 35, 36, 37, 38, 39, 40, 41, 42, 43, 44, 45, 46, 47, 48, 49, 50, 51, 52, 53, 54, 55]
2025-05-07 00:12:13,358 - INFO - Waiting for file with parameters: /s/ls4/users/selibrin/spiking_researches/correlation_encoding_and_training/mnist/hpo/shifted_nn_restr_stdp_synapse/hpo_data/hpo_iteration_data/4335607/params_1_5.pkl
2025-05-07 00:13:18,428 - INFO - Preparing datasets ...
2025-05-07 00:13:18,428 - INFO - `max_samples` = 0.2
2025-05-07 00:13:24,129 - INFO - Model initialization ...
2025-05-07 00:13:24,133 - INFO - Model fitting ...
2025-05-07 00:17:17,294 - INFO - Model eval ...
2025-05-07 00:20:53,871 - INFO - Available CPUs: [0, 1, 2, 3, 4, 5, 6, 7, 8, 9, 10, 11, 12, 13, 14, 15, 16, 17, 18, 19, 20, 21, 22, 23, 24, 25, 26, 27, 28, 29, 30, 31, 32, 33, 34, 35, 36, 37, 38, 39, 40, 41, 42, 43, 44, 45, 46, 47, 48, 49, 50, 51, 52, 53, 54, 55]
2025-05-07 00:20:53,871 - INFO - Waiting for file with parameters: /s/ls4/users/selibrin/spiking_researches/correlation_encoding_and_training/mnist/hpo/shifted_nn_restr_stdp_synapse/hpo_data/hpo_iteration_data/4335607/params_1_5.pkl
2025-05-07 00:21:53,935 - INFO - Preparing datasets ...
2025-05-07 00:21:53,936 - INFO - `max_samples` = 0.2
2025-05-07 00:21:58,670 - INFO - Model initialization ...
2025-05-07 00:21:58,675 - INFO - Model fitting ...
2025-05-07 00:25:37,008 - INFO - Model eval ...
2025-05-07 00:29:14,506 - INFO - Available CPUs: [0, 1, 2, 3, 4, 5, 6, 7, 8, 9, 10, 11, 12, 13, 14, 15, 16, 17, 18, 19, 20, 21, 22, 23, 24, 25, 26, 27, 28, 29, 30, 31, 32, 33, 34, 35, 36, 37, 38, 39, 40, 41, 42, 43, 44, 45, 46, 47, 48, 49, 50, 51, 52, 53, 54, 55]
2025-05-07 00:29:14,506 - INFO - Waiting for file with parameters: /s/ls4/users/selibrin/spiking_researches/correlation_encoding_and_training/mnist/hpo/shifted_nn_restr_stdp_synapse/hpo_data/hpo_iteration_data/4335607/params_1_5.pkl
2025-05-07 00:30:29,585 - INFO - Preparing datasets ...
2025-05-07 00:30:29,586 - INFO - `max_samples` = 0.2
2025-05-07 00:30:34,835 - INFO - Model initialization ...
2025-05-07 00:30:34,839 - INFO - Model fitting ...
2025-05-07 00:34:35,705 - INFO - Model eval ...
2025-05-07 00:38:27,400 - INFO - Available CPUs: [0, 1, 2, 3, 4, 5, 6, 7, 8, 9, 10, 11, 12, 13, 14, 15, 16, 17, 18, 19, 20, 21, 22, 23, 24, 25, 26, 27, 28, 29, 30, 31, 32, 33, 34, 35, 36, 37, 38, 39, 40, 41, 42, 43, 44, 45, 46, 47, 48, 49, 50, 51, 52, 53, 54, 55]
2025-05-07 00:38:27,401 - INFO - Waiting for file with parameters: /s/ls4/users/selibrin/spiking_researches/correlation_encoding_and_training/mnist/hpo/shifted_nn_restr_stdp_synapse/hpo_data/hpo_iteration_data/4335607/params_1_5.pkl
2025-05-07 00:39:32,472 - INFO - Preparing datasets ...
2025-05-07 00:39:32,472 - INFO - `max_samples` = 0.2
2025-05-07 00:39:37,246 - INFO - Model initialization ...
2025-05-07 00:39:37,249 - INFO - Model fitting ...
2025-05-07 00:43:01,594 - INFO - Model eval ...
2025-05-07 00:46:33,213 - INFO - Available CPUs: [0, 1, 2, 3, 4, 5, 6, 7, 8, 9, 10, 11, 12, 13, 14, 15, 16, 17, 18, 19, 20, 21, 22, 23, 24, 25, 26, 27, 28, 29, 30, 31, 32, 33, 34, 35, 36, 37, 38, 39, 40, 41, 42, 43, 44, 45, 46, 47, 48, 49, 50, 51, 52, 53, 54, 55]
2025-05-07 00:46:33,213 - INFO - Waiting for file with parameters: /s/ls4/users/selibrin/spiking_researches/correlation_encoding_and_training/mnist/hpo/shifted_nn_restr_stdp_synapse/hpo_data/hpo_iteration_data/4335607/params_1_5.pkl
2025-05-07 00:48:08,318 - INFO - Preparing datasets ...
2025-05-07 00:48:08,318 - INFO - `max_samples` = 0.2
2025-05-07 00:48:13,344 - INFO - Model initialization ...
2025-05-07 00:48:13,346 - INFO - Model fitting ...
2025-05-07 00:52:17,444 - INFO - Model eval ...
2025-05-07 00:55:51,256 - INFO - Available CPUs: [0, 1, 2, 3, 4, 5, 6, 7, 8, 9, 10, 11, 12, 13, 14, 15, 16, 17, 18, 19, 20, 21, 22, 23, 24, 25, 26, 27, 28, 29, 30, 31, 32, 33, 34, 35, 36, 37, 38, 39, 40, 41, 42, 43, 44, 45, 46, 47, 48, 49, 50, 51, 52, 53, 54, 55]
2025-05-07 00:55:51,256 - INFO - Waiting for file with parameters: /s/ls4/users/selibrin/spiking_researches/correlation_encoding_and_training/mnist/hpo/shifted_nn_restr_stdp_synapse/hpo_data/hpo_iteration_data/4335607/params_1_5.pkl
2025-05-07 00:56:41,313 - INFO - Preparing datasets ...
2025-05-07 00:56:41,313 - INFO - `max_samples` = 0.2
2025-05-07 00:56:46,159 - INFO - Model initialization ...
2025-05-07 00:56:46,161 - INFO - Model fitting ...
2025-05-07 01:00:28,424 - INFO - Model eval ...
2025-05-07 01:04:06,172 - INFO - Available CPUs: [0, 1, 2, 3, 4, 5, 6, 7, 8, 9, 10, 11, 12, 13, 14, 15, 16, 17, 18, 19, 20, 21, 22, 23, 24, 25, 26, 27, 28, 29, 30, 31, 32, 33, 34, 35, 36, 37, 38, 39, 40, 41, 42, 43, 44, 45, 46, 47, 48, 49, 50, 51, 52, 53, 54, 55]
2025-05-07 01:04:06,173 - INFO - Waiting for file with parameters: /s/ls4/users/selibrin/spiking_researches/correlation_encoding_and_training/mnist/hpo/shifted_nn_restr_stdp_synapse/hpo_data/hpo_iteration_data/4335607/params_1_5.pkl
2025-05-07 01:05:16,251 - INFO - Preparing datasets ...
2025-05-07 01:05:16,252 - INFO - `max_samples` = 0.2
2025-05-07 01:05:21,535 - INFO - Model initialization ...
2025-05-07 01:05:21,539 - INFO - Model fitting ...
2025-05-07 01:08:56,975 - INFO - Model eval ...
2025-05-07 01:12:07,241 - INFO - Available CPUs: [0, 1, 2, 3, 4, 5, 6, 7, 8, 9, 10, 11, 12, 13, 14, 15, 16, 17, 18, 19, 20, 21, 22, 23, 24, 25, 26, 27, 28, 29, 30, 31, 32, 33, 34, 35, 36, 37, 38, 39, 40, 41, 42, 43, 44, 45, 46, 47, 48, 49, 50, 51, 52, 53, 54, 55]
2025-05-07 01:12:07,242 - INFO - Waiting for file with parameters: /s/ls4/users/selibrin/spiking_researches/correlation_encoding_and_training/mnist/hpo/shifted_nn_restr_stdp_synapse/hpo_data/hpo_iteration_data/4335607/params_1_5.pkl
2025-05-07 01:13:47,353 - INFO - Preparing datasets ...
2025-05-07 01:13:47,353 - INFO - `max_samples` = 0.2
2025-05-07 01:13:51,703 - INFO - Model initialization ...
2025-05-07 01:13:51,706 - INFO - Model fitting ...
2025-05-07 01:17:11,612 - INFO - Model eval ...
2025-05-07 01:20:16,275 - INFO - Available CPUs: [0, 1, 2, 3, 4, 5, 6, 7, 8, 9, 10, 11, 12, 13, 14, 15, 16, 17, 18, 19, 20, 21, 22, 23, 24, 25, 26, 27, 28, 29, 30, 31, 32, 33, 34, 35, 36, 37, 38, 39, 40, 41, 42, 43, 44, 45, 46, 47, 48, 49, 50, 51, 52, 53, 54, 55]
2025-05-07 01:20:16,276 - INFO - Waiting for file with parameters: /s/ls4/users/selibrin/spiking_researches/correlation_encoding_and_training/mnist/hpo/shifted_nn_restr_stdp_synapse/hpo_data/hpo_iteration_data/4335607/params_1_5.pkl
2025-05-07 01:21:56,386 - INFO - Preparing datasets ...
2025-05-07 01:21:56,386 - INFO - `max_samples` = 0.2
2025-05-07 01:22:01,977 - INFO - Model initialization ...
2025-05-07 01:22:01,981 - INFO - Model fitting ...
2025-05-07 01:25:47,477 - INFO - Model eval ...
2025-05-07 01:29:35,179 - INFO - Available CPUs: [0, 1, 2, 3, 4, 5, 6, 7, 8, 9, 10, 11, 12, 13, 14, 15, 16, 17, 18, 19, 20, 21, 22, 23, 24, 25, 26, 27, 28, 29, 30, 31, 32, 33, 34, 35, 36, 37, 38, 39, 40, 41, 42, 43, 44, 45, 46, 47, 48, 49, 50, 51, 52, 53, 54, 55]
2025-05-07 01:29:35,180 - INFO - Waiting for file with parameters: /s/ls4/users/selibrin/spiking_researches/correlation_encoding_and_training/mnist/hpo/shifted_nn_restr_stdp_synapse/hpo_data/hpo_iteration_data/4335607/params_1_5.pkl
2025-05-07 01:30:30,331 - INFO - Preparing datasets ...
2025-05-07 01:30:30,331 - INFO - `max_samples` = 0.2
2025-05-07 01:30:34,630 - INFO - Model initialization ...
2025-05-07 01:30:35,452 - INFO - Model fitting ...
2025-05-07 01:34:38,489 - INFO - Model eval ...
2025-05-07 01:38:22,793 - INFO - Available CPUs: [0, 1, 2, 3, 4, 5, 6, 7, 8, 9, 10, 11, 12, 13, 14, 15, 16, 17, 18, 19, 20, 21, 22, 23, 24, 25, 26, 27, 28, 29, 30, 31, 32, 33, 34, 35, 36, 37, 38, 39, 40, 41, 42, 43, 44, 45, 46, 47, 48, 49, 50, 51, 52, 53, 54, 55]
2025-05-07 01:38:22,793 - INFO - Waiting for file with parameters: /s/ls4/users/selibrin/spiking_researches/correlation_encoding_and_training/mnist/hpo/shifted_nn_restr_stdp_synapse/hpo_data/hpo_iteration_data/4335607/params_1_5.pkl
2025-05-07 01:39:32,867 - INFO - Preparing datasets ...
2025-05-07 01:39:32,867 - INFO - `max_samples` = 0.2
2025-05-07 01:39:38,595 - INFO - Model initialization ...
2025-05-07 01:39:38,599 - INFO - Model fitting ...
2025-05-07 01:43:09,119 - INFO - Model eval ...
2025-05-07 01:46:35,888 - INFO - Available CPUs: [0, 1, 2, 3, 4, 5, 6, 7, 8, 9, 10, 11, 12, 13, 14, 15, 16, 17, 18, 19, 20, 21, 22, 23, 24, 25, 26, 27, 28, 29, 30, 31, 32, 33, 34, 35, 36, 37, 38, 39, 40, 41, 42, 43, 44, 45, 46, 47, 48, 49, 50, 51, 52, 53, 54, 55]
2025-05-07 01:46:35,888 - INFO - Waiting for file with parameters: /s/ls4/users/selibrin/spiking_researches/correlation_encoding_and_training/mnist/hpo/shifted_nn_restr_stdp_synapse/hpo_data/hpo_iteration_data/4335607/params_1_5.pkl
2025-05-07 01:48:10,994 - INFO - Preparing datasets ...
2025-05-07 01:48:10,995 - INFO - `max_samples` = 0.2
2025-05-07 01:48:15,881 - INFO - Model initialization ...
2025-05-07 01:48:15,885 - INFO - Model fitting ...
2025-05-07 01:51:59,754 - INFO - Model eval ...
2025-05-07 01:55:06,622 - INFO - Available CPUs: [0, 1, 2, 3, 4, 5, 6, 7, 8, 9, 10, 11, 12, 13, 14, 15, 16, 17, 18, 19, 20, 21, 22, 23, 24, 25, 26, 27, 28, 29, 30, 31, 32, 33, 34, 35, 36, 37, 38, 39, 40, 41, 42, 43, 44, 45, 46, 47, 48, 49, 50, 51, 52, 53, 54, 55]
2025-05-07 01:55:06,623 - INFO - Waiting for file with parameters: /s/ls4/users/selibrin/spiking_researches/correlation_encoding_and_training/mnist/hpo/shifted_nn_restr_stdp_synapse/hpo_data/hpo_iteration_data/4335607/params_1_5.pkl
2025-05-07 01:56:41,724 - INFO - Preparing datasets ...
2025-05-07 01:56:41,724 - INFO - `max_samples` = 0.2
2025-05-07 01:56:46,720 - INFO - Model initialization ...
2025-05-07 01:56:46,724 - INFO - Model fitting ...
2025-05-07 02:00:24,288 - INFO - Model eval ...
2025-05-07 02:03:42,373 - INFO - Available CPUs: [0, 1, 2, 3, 4, 5, 6, 7, 8, 9, 10, 11, 12, 13, 14, 15, 16, 17, 18, 19, 20, 21, 22, 23, 24, 25, 26, 27, 28, 29, 30, 31, 32, 33, 34, 35, 36, 37, 38, 39, 40, 41, 42, 43, 44, 45, 46, 47, 48, 49, 50, 51, 52, 53, 54, 55]
2025-05-07 02:03:42,373 - INFO - Waiting for file with parameters: /s/ls4/users/selibrin/spiking_researches/correlation_encoding_and_training/mnist/hpo/shifted_nn_restr_stdp_synapse/hpo_data/hpo_iteration_data/4335607/params_1_5.pkl
2025-05-07 02:05:17,474 - INFO - Preparing datasets ...
2025-05-07 02:05:17,474 - INFO - `max_samples` = 0.2
2025-05-07 02:05:22,423 - INFO - Model initialization ...
2025-05-07 02:05:22,426 - INFO - Model fitting ...
2025-05-07 02:09:18,293 - INFO - Model eval ...
2025-05-07 02:12:41,583 - INFO - Available CPUs: [0, 1, 2, 3, 4, 5, 6, 7, 8, 9, 10, 11, 12, 13, 14, 15, 16, 17, 18, 19, 20, 21, 22, 23, 24, 25, 26, 27, 28, 29, 30, 31, 32, 33, 34, 35, 36, 37, 38, 39, 40, 41, 42, 43, 44, 45, 46, 47, 48, 49, 50, 51, 52, 53, 54, 55]
2025-05-07 02:12:41,583 - INFO - Waiting for file with parameters: /s/ls4/users/selibrin/spiking_researches/correlation_encoding_and_training/mnist/hpo/shifted_nn_restr_stdp_synapse/hpo_data/hpo_iteration_data/4335607/params_1_5.pkl
2025-05-07 02:13:51,660 - INFO - Preparing datasets ...
2025-05-07 02:13:51,661 - INFO - `max_samples` = 0.2
2025-05-07 02:13:56,921 - INFO - Model initialization ...
2025-05-07 02:13:56,924 - INFO - Model fitting ...
2025-05-07 02:17:41,778 - INFO - Model eval ...
2025-05-07 02:21:16,112 - INFO - Available CPUs: [0, 1, 2, 3, 4, 5, 6, 7, 8, 9, 10, 11, 12, 13, 14, 15, 16, 17, 18, 19, 20, 21, 22, 23, 24, 25, 26, 27, 28, 29, 30, 31, 32, 33, 34, 35, 36, 37, 38, 39, 40, 41, 42, 43, 44, 45, 46, 47, 48, 49, 50, 51, 52, 53, 54, 55]
2025-05-07 02:21:16,112 - INFO - Waiting for file with parameters: /s/ls4/users/selibrin/spiking_researches/correlation_encoding_and_training/mnist/hpo/shifted_nn_restr_stdp_synapse/hpo_data/hpo_iteration_data/4335607/params_1_5.pkl
2025-05-07 02:22:26,212 - INFO - Preparing datasets ...
2025-05-07 02:22:26,213 - INFO - `max_samples` = 0.2
2025-05-07 02:22:31,667 - INFO - Model initialization ...
2025-05-07 02:22:31,671 - INFO - Model fitting ...
2025-05-07 02:26:18,131 - INFO - Model eval ...
2025-05-07 02:29:44,585 - INFO - Available CPUs: [0, 1, 2, 3, 4, 5, 6, 7, 8, 9, 10, 11, 12, 13, 14, 15, 16, 17, 18, 19, 20, 21, 22, 23, 24, 25, 26, 27, 28, 29, 30, 31, 32, 33, 34, 35, 36, 37, 38, 39, 40, 41, 42, 43, 44, 45, 46, 47, 48, 49, 50, 51, 52, 53, 54, 55]
2025-05-07 02:29:44,585 - INFO - Waiting for file with parameters: /s/ls4/users/selibrin/spiking_researches/correlation_encoding_and_training/mnist/hpo/shifted_nn_restr_stdp_synapse/hpo_data/hpo_iteration_data/4335607/params_1_5.pkl
2025-05-07 02:30:59,670 - INFO - Preparing datasets ...
2025-05-07 02:30:59,670 - INFO - `max_samples` = 0.2
2025-05-07 02:31:03,710 - INFO - Model initialization ...
2025-05-07 02:31:03,713 - INFO - Model fitting ...
2025-05-07 02:34:49,726 - INFO - Model eval ...
2025-05-07 02:38:13,774 - INFO - Available CPUs: [0, 1, 2, 3, 4, 5, 6, 7, 8, 9, 10, 11, 12, 13, 14, 15, 16, 17, 18, 19, 20, 21, 22, 23, 24, 25, 26, 27, 28, 29, 30, 31, 32, 33, 34, 35, 36, 37, 38, 39, 40, 41, 42, 43, 44, 45, 46, 47, 48, 49, 50, 51, 52, 53, 54, 55]
2025-05-07 02:38:13,774 - INFO - Waiting for file with parameters: /s/ls4/users/selibrin/spiking_researches/correlation_encoding_and_training/mnist/hpo/shifted_nn_restr_stdp_synapse/hpo_data/hpo_iteration_data/4335607/params_1_5.pkl
2025-05-07 02:39:33,860 - INFO - Preparing datasets ...
2025-05-07 02:39:33,860 - INFO - `max_samples` = 0.2
2025-05-07 02:39:38,945 - INFO - Model initialization ...
2025-05-07 02:39:38,948 - INFO - Model fitting ...
2025-05-07 02:43:28,119 - INFO - Model eval ...
2025-05-07 02:47:02,600 - INFO - Available CPUs: [0, 1, 2, 3, 4, 5, 6, 7, 8, 9, 10, 11, 12, 13, 14, 15, 16, 17, 18, 19, 20, 21, 22, 23, 24, 25, 26, 27, 28, 29, 30, 31, 32, 33, 34, 35, 36, 37, 38, 39, 40, 41, 42, 43, 44, 45, 46, 47, 48, 49, 50, 51, 52, 53, 54, 55]
2025-05-07 02:47:02,600 - INFO - Waiting for file with parameters: /s/ls4/users/selibrin/spiking_researches/correlation_encoding_and_training/mnist/hpo/shifted_nn_restr_stdp_synapse/hpo_data/hpo_iteration_data/4335607/params_1_5.pkl
2025-05-07 02:48:07,693 - INFO - Preparing datasets ...
2025-05-07 02:48:07,693 - INFO - `max_samples` = 0.2
2025-05-07 02:48:11,304 - INFO - Model initialization ...
2025-05-07 02:48:11,306 - INFO - Model fitting ...
2025-05-07 02:51:57,901 - INFO - Model eval ...
2025-05-07 02:55:32,251 - INFO - Available CPUs: [0, 1, 2, 3, 4, 5, 6, 7, 8, 9, 10, 11, 12, 13, 14, 15, 16, 17, 18, 19, 20, 21, 22, 23, 24, 25, 26, 27, 28, 29, 30, 31, 32, 33, 34, 35, 36, 37, 38, 39, 40, 41, 42, 43, 44, 45, 46, 47, 48, 49, 50, 51, 52, 53, 54, 55]
2025-05-07 02:55:32,251 - INFO - Waiting for file with parameters: /s/ls4/users/selibrin/spiking_researches/correlation_encoding_and_training/mnist/hpo/shifted_nn_restr_stdp_synapse/hpo_data/hpo_iteration_data/4335607/params_1_5.pkl
2025-05-07 02:56:42,328 - INFO - Preparing datasets ...
2025-05-07 02:56:42,329 - INFO - `max_samples` = 0.2
2025-05-07 02:56:47,466 - INFO - Model initialization ...
2025-05-07 02:56:47,470 - INFO - Model fitting ...
2025-05-07 03:00:11,878 - INFO - Model eval ...
2025-05-07 03:03:36,273 - INFO - Available CPUs: [0, 1, 2, 3, 4, 5, 6, 7, 8, 9, 10, 11, 12, 13, 14, 15, 16, 17, 18, 19, 20, 21, 22, 23, 24, 25, 26, 27, 28, 29, 30, 31, 32, 33, 34, 35, 36, 37, 38, 39, 40, 41, 42, 43, 44, 45, 46, 47, 48, 49, 50, 51, 52, 53, 54, 55]
2025-05-07 03:03:36,273 - INFO - Waiting for file with parameters: /s/ls4/users/selibrin/spiking_researches/correlation_encoding_and_training/mnist/hpo/shifted_nn_restr_stdp_synapse/hpo_data/hpo_iteration_data/4335607/params_1_5.pkl
2025-05-07 03:05:16,380 - INFO - Preparing datasets ...
2025-05-07 03:05:16,380 - INFO - `max_samples` = 0.2
2025-05-07 03:05:21,671 - INFO - Model initialization ...
2025-05-07 03:05:21,675 - INFO - Model fitting ...
2025-05-07 03:09:22,099 - INFO - Model eval ...
2025-05-07 03:12:44,705 - INFO - Available CPUs: [0, 1, 2, 3, 4, 5, 6, 7, 8, 9, 10, 11, 12, 13, 14, 15, 16, 17, 18, 19, 20, 21, 22, 23, 24, 25, 26, 27, 28, 29, 30, 31, 32, 33, 34, 35, 36, 37, 38, 39, 40, 41, 42, 43, 44, 45, 46, 47, 48, 49, 50, 51, 52, 53, 54, 55]
2025-05-07 03:12:44,705 - INFO - Waiting for file with parameters: /s/ls4/users/selibrin/spiking_researches/correlation_encoding_and_training/mnist/hpo/shifted_nn_restr_stdp_synapse/hpo_data/hpo_iteration_data/4335607/params_1_5.pkl
2025-05-07 03:13:54,786 - INFO - Preparing datasets ...
2025-05-07 03:13:54,787 - INFO - `max_samples` = 0.2
2025-05-07 03:14:00,323 - INFO - Model initialization ...
2025-05-07 03:14:00,326 - INFO - Model fitting ...
2025-05-07 03:17:49,176 - INFO - Model eval ...
2025-05-07 03:21:19,988 - INFO - Available CPUs: [0, 1, 2, 3, 4, 5, 6, 7, 8, 9, 10, 11, 12, 13, 14, 15, 16, 17, 18, 19, 20, 21, 22, 23, 24, 25, 26, 27, 28, 29, 30, 31, 32, 33, 34, 35, 36, 37, 38, 39, 40, 41, 42, 43, 44, 45, 46, 47, 48, 49, 50, 51, 52, 53, 54, 55]
2025-05-07 03:21:19,988 - INFO - Waiting for file with parameters: /s/ls4/users/selibrin/spiking_researches/correlation_encoding_and_training/mnist/hpo/shifted_nn_restr_stdp_synapse/hpo_data/hpo_iteration_data/4335607/params_1_5.pkl
2025-05-07 03:22:30,061 - INFO - Preparing datasets ...
2025-05-07 03:22:30,061 - INFO - `max_samples` = 0.2
2025-05-07 03:22:35,596 - INFO - Model initialization ...
2025-05-07 03:22:35,600 - INFO - Model fitting ...
2025-05-07 03:26:17,044 - INFO - Model eval ...
2025-05-07 03:29:43,545 - INFO - Available CPUs: [0, 1, 2, 3, 4, 5, 6, 7, 8, 9, 10, 11, 12, 13, 14, 15, 16, 17, 18, 19, 20, 21, 22, 23, 24, 25, 26, 27, 28, 29, 30, 31, 32, 33, 34, 35, 36, 37, 38, 39, 40, 41, 42, 43, 44, 45, 46, 47, 48, 49, 50, 51, 52, 53, 54, 55]
2025-05-07 03:29:43,545 - INFO - Waiting for file with parameters: /s/ls4/users/selibrin/spiking_researches/correlation_encoding_and_training/mnist/hpo/shifted_nn_restr_stdp_synapse/hpo_data/hpo_iteration_data/4335607/params_1_5.pkl
2025-05-07 03:31:03,630 - INFO - Preparing datasets ...
2025-05-07 03:31:03,631 - INFO - `max_samples` = 0.2
2025-05-07 03:31:09,000 - INFO - Model initialization ...
2025-05-07 03:31:09,003 - INFO - Model fitting ...
2025-05-07 03:34:51,795 - INFO - Model eval ...
2025-05-07 03:38:36,090 - INFO - Available CPUs: [0, 1, 2, 3, 4, 5, 6, 7, 8, 9, 10, 11, 12, 13, 14, 15, 16, 17, 18, 19, 20, 21, 22, 23, 24, 25, 26, 27, 28, 29, 30, 31, 32, 33, 34, 35, 36, 37, 38, 39, 40, 41, 42, 43, 44, 45, 46, 47, 48, 49, 50, 51, 52, 53, 54, 55]
2025-05-07 03:38:36,090 - INFO - Waiting for file with parameters: /s/ls4/users/selibrin/spiking_researches/correlation_encoding_and_training/mnist/hpo/shifted_nn_restr_stdp_synapse/hpo_data/hpo_iteration_data/4335607/params_1_5.pkl
2025-05-07 03:39:36,154 - INFO - Preparing datasets ...
2025-05-07 03:39:36,155 - INFO - `max_samples` = 0.2
2025-05-07 03:39:41,183 - INFO - Model initialization ...
2025-05-07 03:39:41,187 - INFO - Model fitting ...
2025-05-07 03:43:34,795 - INFO - Model eval ...
2025-05-07 03:46:54,696 - INFO - Available CPUs: [0, 1, 2, 3, 4, 5, 6, 7, 8, 9, 10, 11, 12, 13, 14, 15, 16, 17, 18, 19, 20, 21, 22, 23, 24, 25, 26, 27, 28, 29, 30, 31, 32, 33, 34, 35, 36, 37, 38, 39, 40, 41, 42, 43, 44, 45, 46, 47, 48, 49, 50, 51, 52, 53, 54, 55]
2025-05-07 03:46:54,697 - INFO - Waiting for file with parameters: /s/ls4/users/selibrin/spiking_researches/correlation_encoding_and_training/mnist/hpo/shifted_nn_restr_stdp_synapse/hpo_data/hpo_iteration_data/4335607/params_1_5.pkl
2025-05-07 03:48:09,803 - INFO - Preparing datasets ...
2025-05-07 03:48:09,803 - INFO - `max_samples` = 0.2
2025-05-07 03:48:15,119 - INFO - Model initialization ...
2025-05-07 03:48:15,124 - INFO - Model fitting ...
2025-05-07 03:52:11,345 - INFO - Model eval ...
2025-05-07 03:55:46,844 - INFO - Available CPUs: [0, 1, 2, 3, 4, 5, 6, 7, 8, 9, 10, 11, 12, 13, 14, 15, 16, 17, 18, 19, 20, 21, 22, 23, 24, 25, 26, 27, 28, 29, 30, 31, 32, 33, 34, 35, 36, 37, 38, 39, 40, 41, 42, 43, 44, 45, 46, 47, 48, 49, 50, 51, 52, 53, 54, 55]
2025-05-07 03:55:46,844 - INFO - Waiting for file with parameters: /s/ls4/users/selibrin/spiking_researches/correlation_encoding_and_training/mnist/hpo/shifted_nn_restr_stdp_synapse/hpo_data/hpo_iteration_data/4335607/params_1_5.pkl
2025-05-07 03:56:41,901 - INFO - Preparing datasets ...
2025-05-07 03:56:41,901 - INFO - `max_samples` = 0.2
2025-05-07 03:56:47,051 - INFO - Model initialization ...
2025-05-07 03:56:47,054 - INFO - Model fitting ...
2025-05-07 04:00:46,475 - INFO - Model eval ...
2025-05-07 04:04:22,050 - INFO - Available CPUs: [0, 1, 2, 3, 4, 5, 6, 7, 8, 9, 10, 11, 12, 13, 14, 15, 16, 17, 18, 19, 20, 21, 22, 23, 24, 25, 26, 27, 28, 29, 30, 31, 32, 33, 34, 35, 36, 37, 38, 39, 40, 41, 42, 43, 44, 45, 46, 47, 48, 49, 50, 51, 52, 53, 54, 55]
2025-05-07 04:04:22,051 - INFO - Waiting for file with parameters: /s/ls4/users/selibrin/spiking_researches/correlation_encoding_and_training/mnist/hpo/shifted_nn_restr_stdp_synapse/hpo_data/hpo_iteration_data/4335607/params_1_5.pkl
2025-05-07 04:05:47,142 - INFO - Preparing datasets ...
2025-05-07 04:05:47,142 - INFO - `max_samples` = 0.2
2025-05-07 04:05:51,093 - INFO - Model initialization ...
2025-05-07 04:05:51,097 - INFO - Model fitting ...
2025-05-07 04:09:34,294 - INFO - Model eval ...
2025-05-07 04:13:05,726 - INFO - Available CPUs: [0, 1, 2, 3, 4, 5, 6, 7, 8, 9, 10, 11, 12, 13, 14, 15, 16, 17, 18, 19, 20, 21, 22, 23, 24, 25, 26, 27, 28, 29, 30, 31, 32, 33, 34, 35, 36, 37, 38, 39, 40, 41, 42, 43, 44, 45, 46, 47, 48, 49, 50, 51, 52, 53, 54, 55]
2025-05-07 04:13:05,726 - INFO - Waiting for file with parameters: /s/ls4/users/selibrin/spiking_researches/correlation_encoding_and_training/mnist/hpo/shifted_nn_restr_stdp_synapse/hpo_data/hpo_iteration_data/4335607/params_1_5.pkl
2025-05-07 04:14:20,807 - INFO - Preparing datasets ...
2025-05-07 04:14:20,808 - INFO - `max_samples` = 0.2
2025-05-07 04:14:25,954 - INFO - Model initialization ...
2025-05-07 04:14:25,963 - INFO - Model fitting ...
2025-05-07 04:18:03,451 - INFO - Model eval ...
2025-05-07 04:21:14,968 - INFO - Available CPUs: [0, 1, 2, 3, 4, 5, 6, 7, 8, 9, 10, 11, 12, 13, 14, 15, 16, 17, 18, 19, 20, 21, 22, 23, 24, 25, 26, 27, 28, 29, 30, 31, 32, 33, 34, 35, 36, 37, 38, 39, 40, 41, 42, 43, 44, 45, 46, 47, 48, 49, 50, 51, 52, 53, 54, 55]
2025-05-07 04:21:14,968 - INFO - Waiting for file with parameters: /s/ls4/users/selibrin/spiking_researches/correlation_encoding_and_training/mnist/hpo/shifted_nn_restr_stdp_synapse/hpo_data/hpo_iteration_data/4335607/params_1_5.pkl
2025-05-07 04:23:00,083 - INFO - Preparing datasets ...
2025-05-07 04:23:00,084 - INFO - `max_samples` = 0.2
2025-05-07 04:23:04,948 - INFO - Model initialization ...
2025-05-07 04:23:04,952 - INFO - Model fitting ...
2025-05-07 04:27:04,099 - INFO - Model eval ...
2025-05-07 04:30:14,155 - INFO - Available CPUs: [0, 1, 2, 3, 4, 5, 6, 7, 8, 9, 10, 11, 12, 13, 14, 15, 16, 17, 18, 19, 20, 21, 22, 23, 24, 25, 26, 27, 28, 29, 30, 31, 32, 33, 34, 35, 36, 37, 38, 39, 40, 41, 42, 43, 44, 45, 46, 47, 48, 49, 50, 51, 52, 53, 54, 55]
2025-05-07 04:30:14,155 - INFO - Waiting for file with parameters: /s/ls4/users/selibrin/spiking_researches/correlation_encoding_and_training/mnist/hpo/shifted_nn_restr_stdp_synapse/hpo_data/hpo_iteration_data/4335607/params_1_5.pkl
2025-05-07 04:31:34,242 - INFO - Preparing datasets ...
2025-05-07 04:31:34,242 - INFO - `max_samples` = 0.2
2025-05-07 04:31:39,565 - INFO - Model initialization ...
2025-05-07 04:31:39,569 - INFO - Model fitting ...
2025-05-07 04:35:24,226 - INFO - Model eval ...
2025-05-07 04:38:47,106 - INFO - Available CPUs: [0, 1, 2, 3, 4, 5, 6, 7, 8, 9, 10, 11, 12, 13, 14, 15, 16, 17, 18, 19, 20, 21, 22, 23, 24, 25, 26, 27, 28, 29, 30, 31, 32, 33, 34, 35, 36, 37, 38, 39, 40, 41, 42, 43, 44, 45, 46, 47, 48, 49, 50, 51, 52, 53, 54, 55]
2025-05-07 04:38:47,106 - INFO - Waiting for file with parameters: /s/ls4/users/selibrin/spiking_researches/correlation_encoding_and_training/mnist/hpo/shifted_nn_restr_stdp_synapse/hpo_data/hpo_iteration_data/4335607/params_1_5.pkl
2025-05-07 04:40:07,195 - INFO - Preparing datasets ...
2025-05-07 04:40:07,195 - INFO - `max_samples` = 0.2
2025-05-07 04:40:12,944 - INFO - Model initialization ...
2025-05-07 04:40:12,948 - INFO - Model fitting ...
2025-05-07 04:44:05,143 - INFO - Model eval ...
2025-05-07 04:47:36,088 - INFO - Available CPUs: [0, 1, 2, 3, 4, 5, 6, 7, 8, 9, 10, 11, 12, 13, 14, 15, 16, 17, 18, 19, 20, 21, 22, 23, 24, 25, 26, 27, 28, 29, 30, 31, 32, 33, 34, 35, 36, 37, 38, 39, 40, 41, 42, 43, 44, 45, 46, 47, 48, 49, 50, 51, 52, 53, 54, 55]
2025-05-07 04:47:36,088 - INFO - Waiting for file with parameters: /s/ls4/users/selibrin/spiking_researches/correlation_encoding_and_training/mnist/hpo/shifted_nn_restr_stdp_synapse/hpo_data/hpo_iteration_data/4335607/params_1_5.pkl
2025-05-07 04:48:41,159 - INFO - Preparing datasets ...
2025-05-07 04:48:41,159 - INFO - `max_samples` = 0.2
2025-05-07 04:48:45,733 - INFO - Model initialization ...
2025-05-07 04:48:45,737 - INFO - Model fitting ...
2025-05-07 04:52:40,760 - INFO - Model eval ...
2025-05-07 04:56:12,476 - INFO - Available CPUs: [0, 1, 2, 3, 4, 5, 6, 7, 8, 9, 10, 11, 12, 13, 14, 15, 16, 17, 18, 19, 20, 21, 22, 23, 24, 25, 26, 27, 28, 29, 30, 31, 32, 33, 34, 35, 36, 37, 38, 39, 40, 41, 42, 43, 44, 45, 46, 47, 48, 49, 50, 51, 52, 53, 54, 55]
2025-05-07 04:56:12,476 - INFO - Waiting for file with parameters: /s/ls4/users/selibrin/spiking_researches/correlation_encoding_and_training/mnist/hpo/shifted_nn_restr_stdp_synapse/hpo_data/hpo_iteration_data/4335607/params_1_5.pkl
2025-05-07 04:57:17,549 - INFO - Preparing datasets ...
2025-05-07 04:57:17,549 - INFO - `max_samples` = 0.2
2025-05-07 04:57:23,090 - INFO - Model initialization ...
2025-05-07 04:57:23,094 - INFO - Model fitting ...
2025-05-07 05:01:23,102 - INFO - Model eval ...
2025-05-07 05:04:52,670 - INFO - Available CPUs: [0, 1, 2, 3, 4, 5, 6, 7, 8, 9, 10, 11, 12, 13, 14, 15, 16, 17, 18, 19, 20, 21, 22, 23, 24, 25, 26, 27, 28, 29, 30, 31, 32, 33, 34, 35, 36, 37, 38, 39, 40, 41, 42, 43, 44, 45, 46, 47, 48, 49, 50, 51, 52, 53, 54, 55]
2025-05-07 05:04:52,671 - INFO - Waiting for file with parameters: /s/ls4/users/selibrin/spiking_researches/correlation_encoding_and_training/mnist/hpo/shifted_nn_restr_stdp_synapse/hpo_data/hpo_iteration_data/4335607/params_1_5.pkl
2025-05-07 05:05:47,729 - INFO - Preparing datasets ...
2025-05-07 05:05:47,729 - INFO - `max_samples` = 0.2
2025-05-07 05:05:52,394 - INFO - Model initialization ...
2025-05-07 05:05:52,396 - INFO - Model fitting ...
2025-05-07 05:09:25,437 - INFO - Model eval ...
2025-05-07 05:12:46,079 - INFO - Available CPUs: [0, 1, 2, 3, 4, 5, 6, 7, 8, 9, 10, 11, 12, 13, 14, 15, 16, 17, 18, 19, 20, 21, 22, 23, 24, 25, 26, 27, 28, 29, 30, 31, 32, 33, 34, 35, 36, 37, 38, 39, 40, 41, 42, 43, 44, 45, 46, 47, 48, 49, 50, 51, 52, 53, 54, 55]
2025-05-07 05:12:46,079 - INFO - Waiting for file with parameters: /s/ls4/users/selibrin/spiking_researches/correlation_encoding_and_training/mnist/hpo/shifted_nn_restr_stdp_synapse/hpo_data/hpo_iteration_data/4335607/params_1_5.pkl
2025-05-07 05:14:21,188 - INFO - Preparing datasets ...
2025-05-07 05:14:21,188 - INFO - `max_samples` = 0.2
2025-05-07 05:14:26,354 - INFO - Model initialization ...
2025-05-07 05:14:26,420 - INFO - Model fitting ...
2025-05-07 05:17:58,126 - INFO - Model eval ...
2025-05-07 05:21:16,561 - INFO - Available CPUs: [0, 1, 2, 3, 4, 5, 6, 7, 8, 9, 10, 11, 12, 13, 14, 15, 16, 17, 18, 19, 20, 21, 22, 23, 24, 25, 26, 27, 28, 29, 30, 31, 32, 33, 34, 35, 36, 37, 38, 39, 40, 41, 42, 43, 44, 45, 46, 47, 48, 49, 50, 51, 52, 53, 54, 55]
2025-05-07 05:21:16,562 - INFO - Waiting for file with parameters: /s/ls4/users/selibrin/spiking_researches/correlation_encoding_and_training/mnist/hpo/shifted_nn_restr_stdp_synapse/hpo_data/hpo_iteration_data/4335607/params_1_5.pkl
2025-05-07 05:22:56,687 - INFO - Preparing datasets ...
2025-05-07 05:22:56,687 - INFO - `max_samples` = 0.2
2025-05-07 05:23:02,162 - INFO - Model initialization ...
2025-05-07 05:23:02,165 - INFO - Model fitting ...
2025-05-07 05:26:49,200 - INFO - Model eval ...
2025-05-07 05:30:00,288 - INFO - Available CPUs: [0, 1, 2, 3, 4, 5, 6, 7, 8, 9, 10, 11, 12, 13, 14, 15, 16, 17, 18, 19, 20, 21, 22, 23, 24, 25, 26, 27, 28, 29, 30, 31, 32, 33, 34, 35, 36, 37, 38, 39, 40, 41, 42, 43, 44, 45, 46, 47, 48, 49, 50, 51, 52, 53, 54, 55]
2025-05-07 05:30:00,288 - INFO - Waiting for file with parameters: /s/ls4/users/selibrin/spiking_researches/correlation_encoding_and_training/mnist/hpo/shifted_nn_restr_stdp_synapse/hpo_data/hpo_iteration_data/4335607/params_1_5.pkl
2025-05-07 05:31:30,429 - INFO - Preparing datasets ...
2025-05-07 05:31:30,429 - INFO - `max_samples` = 0.2
2025-05-07 05:31:34,411 - INFO - Model initialization ...
2025-05-07 05:31:34,414 - INFO - Model fitting ...
2025-05-07 05:35:25,068 - INFO - Model eval ...
2025-05-07 05:38:54,805 - INFO - Available CPUs: [0, 1, 2, 3, 4, 5, 6, 7, 8, 9, 10, 11, 12, 13, 14, 15, 16, 17, 18, 19, 20, 21, 22, 23, 24, 25, 26, 27, 28, 29, 30, 31, 32, 33, 34, 35, 36, 37, 38, 39, 40, 41, 42, 43, 44, 45, 46, 47, 48, 49, 50, 51, 52, 53, 54, 55]
2025-05-07 05:38:54,806 - INFO - Waiting for file with parameters: /s/ls4/users/selibrin/spiking_researches/correlation_encoding_and_training/mnist/hpo/shifted_nn_restr_stdp_synapse/hpo_data/hpo_iteration_data/4335607/params_1_5.pkl
2025-05-07 05:40:04,885 - INFO - Preparing datasets ...
2025-05-07 05:40:04,885 - INFO - `max_samples` = 0.2
2025-05-07 05:40:08,954 - INFO - Model initialization ...
2025-05-07 05:40:08,957 - INFO - Model fitting ...
2025-05-07 05:44:00,996 - INFO - Model eval ...
2025-05-07 05:47:16,674 - INFO - Available CPUs: [0, 1, 2, 3, 4, 5, 6, 7, 8, 9, 10, 11, 12, 13, 14, 15, 16, 17, 18, 19, 20, 21, 22, 23, 24, 25, 26, 27, 28, 29, 30, 31, 32, 33, 34, 35, 36, 37, 38, 39, 40, 41, 42, 43, 44, 45, 46, 47, 48, 49, 50, 51, 52, 53, 54, 55]
2025-05-07 05:47:16,674 - INFO - Waiting for file with parameters: /s/ls4/users/selibrin/spiking_researches/correlation_encoding_and_training/mnist/hpo/shifted_nn_restr_stdp_synapse/hpo_data/hpo_iteration_data/4335607/params_1_5.pkl
2025-05-07 05:48:41,762 - INFO - Preparing datasets ...
2025-05-07 05:48:41,762 - INFO - `max_samples` = 0.2
2025-05-07 05:48:46,869 - INFO - Model initialization ...
2025-05-07 05:48:46,873 - INFO - Model fitting ...
2025-05-07 05:51:59,337 - INFO - Model eval ...
2025-05-07 05:55:29,625 - INFO - Available CPUs: [0, 1, 2, 3, 4, 5, 6, 7, 8, 9, 10, 11, 12, 13, 14, 15, 16, 17, 18, 19, 20, 21, 22, 23, 24, 25, 26, 27, 28, 29, 30, 31, 32, 33, 34, 35, 36, 37, 38, 39, 40, 41, 42, 43, 44, 45, 46, 47, 48, 49, 50, 51, 52, 53, 54, 55]
2025-05-07 05:55:29,625 - INFO - Waiting for file with parameters: /s/ls4/users/selibrin/spiking_researches/correlation_encoding_and_training/mnist/hpo/shifted_nn_restr_stdp_synapse/hpo_data/hpo_iteration_data/4335607/params_1_5.pkl
2025-05-07 05:57:14,874 - INFO - Preparing datasets ...
2025-05-07 05:57:14,874 - INFO - `max_samples` = 0.2
2025-05-07 05:57:20,022 - INFO - Model initialization ...
2025-05-07 05:57:20,026 - INFO - Model fitting ...
2025-05-07 06:01:12,002 - INFO - Model eval ...
2025-05-07 06:04:18,194 - INFO - Available CPUs: [0, 1, 2, 3, 4, 5, 6, 7, 8, 9, 10, 11, 12, 13, 14, 15, 16, 17, 18, 19, 20, 21, 22, 23, 24, 25, 26, 27, 28, 29, 30, 31, 32, 33, 34, 35, 36, 37, 38, 39, 40, 41, 42, 43, 44, 45, 46, 47, 48, 49, 50, 51, 52, 53, 54, 55]
2025-05-07 06:04:18,195 - INFO - Waiting for file with parameters: /s/ls4/users/selibrin/spiking_researches/correlation_encoding_and_training/mnist/hpo/shifted_nn_restr_stdp_synapse/hpo_data/hpo_iteration_data/4335607/params_1_5.pkl
2025-05-07 06:05:53,299 - INFO - Preparing datasets ...
2025-05-07 06:05:53,299 - INFO - `max_samples` = 0.2
2025-05-07 06:05:58,248 - INFO - Model initialization ...
2025-05-07 06:05:58,251 - INFO - Model fitting ...
2025-05-07 06:09:52,333 - INFO - Model eval ...
2025-05-07 06:13:22,886 - INFO - Available CPUs: [0, 1, 2, 3, 4, 5, 6, 7, 8, 9, 10, 11, 12, 13, 14, 15, 16, 17, 18, 19, 20, 21, 22, 23, 24, 25, 26, 27, 28, 29, 30, 31, 32, 33, 34, 35, 36, 37, 38, 39, 40, 41, 42, 43, 44, 45, 46, 47, 48, 49, 50, 51, 52, 53, 54, 55]
2025-05-07 06:13:22,887 - INFO - Waiting for file with parameters: /s/ls4/users/selibrin/spiking_researches/correlation_encoding_and_training/mnist/hpo/shifted_nn_restr_stdp_synapse/hpo_data/hpo_iteration_data/4335607/params_1_5.pkl
2025-05-07 06:14:22,956 - INFO - Preparing datasets ...
2025-05-07 06:14:22,956 - INFO - `max_samples` = 0.2
2025-05-07 06:14:26,837 - INFO - Model initialization ...
2025-05-07 06:14:26,845 - INFO - Model fitting ...
2025-05-07 06:18:20,664 - INFO - Model eval ...
2025-05-07 06:21:55,836 - INFO - Available CPUs: [0, 1, 2, 3, 4, 5, 6, 7, 8, 9, 10, 11, 12, 13, 14, 15, 16, 17, 18, 19, 20, 21, 22, 23, 24, 25, 26, 27, 28, 29, 30, 31, 32, 33, 34, 35, 36, 37, 38, 39, 40, 41, 42, 43, 44, 45, 46, 47, 48, 49, 50, 51, 52, 53, 54, 55]
2025-05-07 06:21:55,836 - INFO - Waiting for file with parameters: /s/ls4/users/selibrin/spiking_researches/correlation_encoding_and_training/mnist/hpo/shifted_nn_restr_stdp_synapse/hpo_data/hpo_iteration_data/4335607/params_1_5.pkl
2025-05-07 06:23:00,910 - INFO - Preparing datasets ...
2025-05-07 06:23:00,911 - INFO - `max_samples` = 0.2
2025-05-07 06:23:05,311 - INFO - Model initialization ...
2025-05-07 06:23:05,313 - INFO - Model fitting ...
2025-05-07 06:26:52,444 - INFO - Model eval ...
2025-05-07 06:30:24,521 - INFO - Available CPUs: [0, 1, 2, 3, 4, 5, 6, 7, 8, 9, 10, 11, 12, 13, 14, 15, 16, 17, 18, 19, 20, 21, 22, 23, 24, 25, 26, 27, 28, 29, 30, 31, 32, 33, 34, 35, 36, 37, 38, 39, 40, 41, 42, 43, 44, 45, 46, 47, 48, 49, 50, 51, 52, 53, 54, 55]
2025-05-07 06:30:24,522 - INFO - Waiting for file with parameters: /s/ls4/users/selibrin/spiking_researches/correlation_encoding_and_training/mnist/hpo/shifted_nn_restr_stdp_synapse/hpo_data/hpo_iteration_data/4335607/params_1_5.pkl
2025-05-07 06:31:34,600 - INFO - Preparing datasets ...
2025-05-07 06:31:34,601 - INFO - `max_samples` = 0.2
2025-05-07 06:31:39,699 - INFO - Model initialization ...
2025-05-07 06:31:39,703 - INFO - Model fitting ...
2025-05-07 06:35:25,794 - INFO - Model eval ...
2025-05-07 06:38:50,420 - INFO - Available CPUs: [0, 1, 2, 3, 4, 5, 6, 7, 8, 9, 10, 11, 12, 13, 14, 15, 16, 17, 18, 19, 20, 21, 22, 23, 24, 25, 26, 27, 28, 29, 30, 31, 32, 33, 34, 35, 36, 37, 38, 39, 40, 41, 42, 43, 44, 45, 46, 47, 48, 49, 50, 51, 52, 53, 54, 55]
2025-05-07 06:38:50,420 - INFO - Waiting for file with parameters: /s/ls4/users/selibrin/spiking_researches/correlation_encoding_and_training/mnist/hpo/shifted_nn_restr_stdp_synapse/hpo_data/hpo_iteration_data/4335607/params_1_5.pkl
2025-05-07 06:40:10,519 - INFO - Preparing datasets ...
2025-05-07 06:40:10,520 - INFO - `max_samples` = 0.2
2025-05-07 06:40:15,822 - INFO - Model initialization ...
2025-05-07 06:40:15,826 - INFO - Model fitting ...
2025-05-07 06:44:03,268 - INFO - Model eval ...
2025-05-07 06:47:28,688 - INFO - Available CPUs: [0, 1, 2, 3, 4, 5, 6, 7, 8, 9, 10, 11, 12, 13, 14, 15, 16, 17, 18, 19, 20, 21, 22, 23, 24, 25, 26, 27, 28, 29, 30, 31, 32, 33, 34, 35, 36, 37, 38, 39, 40, 41, 42, 43, 44, 45, 46, 47, 48, 49, 50, 51, 52, 53, 54, 55]
2025-05-07 06:47:28,689 - INFO - Waiting for file with parameters: /s/ls4/users/selibrin/spiking_researches/correlation_encoding_and_training/mnist/hpo/shifted_nn_restr_stdp_synapse/hpo_data/hpo_iteration_data/4335607/params_1_5.pkl
2025-05-07 06:48:43,772 - INFO - Preparing datasets ...
2025-05-07 06:48:43,772 - INFO - `max_samples` = 0.2
2025-05-07 06:48:49,056 - INFO - Model initialization ...
2025-05-07 06:48:49,060 - INFO - Model fitting ...
2025-05-07 06:52:29,267 - INFO - Model eval ...
2025-05-07 06:55:52,731 - INFO - Available CPUs: [0, 1, 2, 3, 4, 5, 6, 7, 8, 9, 10, 11, 12, 13, 14, 15, 16, 17, 18, 19, 20, 21, 22, 23, 24, 25, 26, 27, 28, 29, 30, 31, 32, 33, 34, 35, 36, 37, 38, 39, 40, 41, 42, 43, 44, 45, 46, 47, 48, 49, 50, 51, 52, 53, 54, 55]
2025-05-07 06:55:52,732 - INFO - Waiting for file with parameters: /s/ls4/users/selibrin/spiking_researches/correlation_encoding_and_training/mnist/hpo/shifted_nn_restr_stdp_synapse/hpo_data/hpo_iteration_data/4335607/params_1_5.pkl
2025-05-07 06:57:17,822 - INFO - Preparing datasets ...
2025-05-07 06:57:17,822 - INFO - `max_samples` = 0.2
2025-05-07 06:57:22,664 - INFO - Model initialization ...
2025-05-07 06:57:22,668 - INFO - Model fitting ...
2025-05-07 07:01:09,285 - INFO - Model eval ...
2025-05-07 07:04:39,070 - INFO - Available CPUs: [0, 1, 2, 3, 4, 5, 6, 7, 8, 9, 10, 11, 12, 13, 14, 15, 16, 17, 18, 19, 20, 21, 22, 23, 24, 25, 26, 27, 28, 29, 30, 31, 32, 33, 34, 35, 36, 37, 38, 39, 40, 41, 42, 43, 44, 45, 46, 47, 48, 49, 50, 51, 52, 53, 54, 55]
2025-05-07 07:04:39,070 - INFO - Waiting for file with parameters: /s/ls4/users/selibrin/spiking_researches/correlation_encoding_and_training/mnist/hpo/shifted_nn_restr_stdp_synapse/hpo_data/hpo_iteration_data/4335607/params_1_5.pkl
2025-05-07 07:05:54,154 - INFO - Preparing datasets ...
2025-05-07 07:05:54,154 - INFO - `max_samples` = 0.2
2025-05-07 07:05:59,656 - INFO - Model initialization ...
2025-05-07 07:05:59,660 - INFO - Model fitting ...
2025-05-07 07:09:56,288 - INFO - Model eval ...
2025-05-07 07:13:33,191 - INFO - Available CPUs: [0, 1, 2, 3, 4, 5, 6, 7, 8, 9, 10, 11, 12, 13, 14, 15, 16, 17, 18, 19, 20, 21, 22, 23, 24, 25, 26, 27, 28, 29, 30, 31, 32, 33, 34, 35, 36, 37, 38, 39, 40, 41, 42, 43, 44, 45, 46, 47, 48, 49, 50, 51, 52, 53, 54, 55]
2025-05-07 07:13:33,192 - INFO - Waiting for file with parameters: /s/ls4/users/selibrin/spiking_researches/correlation_encoding_and_training/mnist/hpo/shifted_nn_restr_stdp_synapse/hpo_data/hpo_iteration_data/4335607/params_1_5.pkl
2025-05-07 07:14:28,247 - INFO - Preparing datasets ...
2025-05-07 07:14:28,247 - INFO - `max_samples` = 0.2
2025-05-07 07:14:33,223 - INFO - Model initialization ...
2025-05-07 07:14:33,226 - INFO - Model fitting ...
2025-05-07 07:18:33,719 - INFO - Model eval ...
2025-05-07 07:22:19,299 - INFO - Available CPUs: [0, 1, 2, 3, 4, 5, 6, 7, 8, 9, 10, 11, 12, 13, 14, 15, 16, 17, 18, 19, 20, 21, 22, 23, 24, 25, 26, 27, 28, 29, 30, 31, 32, 33, 34, 35, 36, 37, 38, 39, 40, 41, 42, 43, 44, 45, 46, 47, 48, 49, 50, 51, 52, 53, 54, 55]
2025-05-07 07:22:19,299 - INFO - Waiting for file with parameters: /s/ls4/users/selibrin/spiking_researches/correlation_encoding_and_training/mnist/hpo/shifted_nn_restr_stdp_synapse/hpo_data/hpo_iteration_data/4335607/params_1_5.pkl
2025-05-07 07:22:59,363 - INFO - Preparing datasets ...
2025-05-07 07:22:59,364 - INFO - `max_samples` = 0.2
2025-05-07 07:23:04,858 - INFO - Model initialization ...
2025-05-07 07:23:04,861 - INFO - Model fitting ...
2025-05-07 07:26:53,391 - INFO - Model eval ...
2025-05-07 07:30:19,169 - INFO - Available CPUs: [0, 1, 2, 3, 4, 5, 6, 7, 8, 9, 10, 11, 12, 13, 14, 15, 16, 17, 18, 19, 20, 21, 22, 23, 24, 25, 26, 27, 28, 29, 30, 31, 32, 33, 34, 35, 36, 37, 38, 39, 40, 41, 42, 43, 44, 45, 46, 47, 48, 49, 50, 51, 52, 53, 54, 55]
2025-05-07 07:30:19,169 - INFO - Waiting for file with parameters: /s/ls4/users/selibrin/spiking_researches/correlation_encoding_and_training/mnist/hpo/shifted_nn_restr_stdp_synapse/hpo_data/hpo_iteration_data/4335607/params_1_5.pkl
2025-05-07 07:31:34,252 - INFO - Preparing datasets ...
2025-05-07 07:31:34,252 - INFO - `max_samples` = 0.2
2025-05-07 07:31:39,347 - INFO - Model initialization ...
2025-05-07 07:31:39,351 - INFO - Model fitting ...
2025-05-07 07:35:48,710 - INFO - Model eval ...
2025-05-07 07:39:34,316 - INFO - Available CPUs: [0, 1, 2, 3, 4, 5, 6, 7, 8, 9, 10, 11, 12, 13, 14, 15, 16, 17, 18, 19, 20, 21, 22, 23, 24, 25, 26, 27, 28, 29, 30, 31, 32, 33, 34, 35, 36, 37, 38, 39, 40, 41, 42, 43, 44, 45, 46, 47, 48, 49, 50, 51, 52, 53, 54, 55]
2025-05-07 07:39:34,317 - INFO - Waiting for file with parameters: /s/ls4/users/selibrin/spiking_researches/correlation_encoding_and_training/mnist/hpo/shifted_nn_restr_stdp_synapse/hpo_data/hpo_iteration_data/4335607/params_1_5.pkl
2025-05-07 07:40:39,392 - INFO - Preparing datasets ...
2025-05-07 07:40:39,392 - INFO - `max_samples` = 0.2
2025-05-07 07:40:44,733 - INFO - Model initialization ...
2025-05-07 07:40:44,737 - INFO - Model fitting ...
2025-05-07 07:44:37,391 - INFO - Model eval ...
2025-05-07 07:48:03,506 - INFO - Available CPUs: [0, 1, 2, 3, 4, 5, 6, 7, 8, 9, 10, 11, 12, 13, 14, 15, 16, 17, 18, 19, 20, 21, 22, 23, 24, 25, 26, 27, 28, 29, 30, 31, 32, 33, 34, 35, 36, 37, 38, 39, 40, 41, 42, 43, 44, 45, 46, 47, 48, 49, 50, 51, 52, 53, 54, 55]
2025-05-07 07:48:03,507 - INFO - Waiting for file with parameters: /s/ls4/users/selibrin/spiking_researches/correlation_encoding_and_training/mnist/hpo/shifted_nn_restr_stdp_synapse/hpo_data/hpo_iteration_data/4335607/params_1_5.pkl
2025-05-07 07:49:18,604 - INFO - Preparing datasets ...
2025-05-07 07:49:18,605 - INFO - `max_samples` = 0.2
2025-05-07 07:49:23,856 - INFO - Model initialization ...
2025-05-07 07:49:23,858 - INFO - Model fitting ...
2025-05-07 07:53:19,732 - INFO - Model eval ...
2025-05-07 07:56:48,847 - INFO - Available CPUs: [0, 1, 2, 3, 4, 5, 6, 7, 8, 9, 10, 11, 12, 13, 14, 15, 16, 17, 18, 19, 20, 21, 22, 23, 24, 25, 26, 27, 28, 29, 30, 31, 32, 33, 34, 35, 36, 37, 38, 39, 40, 41, 42, 43, 44, 45, 46, 47, 48, 49, 50, 51, 52, 53, 54, 55]
2025-05-07 07:56:48,847 - INFO - Waiting for file with parameters: /s/ls4/users/selibrin/spiking_researches/correlation_encoding_and_training/mnist/hpo/shifted_nn_restr_stdp_synapse/hpo_data/hpo_iteration_data/4335607/params_1_5.pkl
2025-05-07 07:57:48,915 - INFO - Preparing datasets ...
2025-05-07 07:57:48,915 - INFO - `max_samples` = 0.2
2025-05-07 07:57:53,794 - INFO - Model initialization ...
2025-05-07 07:57:53,894 - INFO - Model fitting ...
2025-05-07 08:01:44,083 - INFO - Model eval ...
2025-05-07 08:05:10,337 - INFO - Available CPUs: [0, 1, 2, 3, 4, 5, 6, 7, 8, 9, 10, 11, 12, 13, 14, 15, 16, 17, 18, 19, 20, 21, 22, 23, 24, 25, 26, 27, 28, 29, 30, 31, 32, 33, 34, 35, 36, 37, 38, 39, 40, 41, 42, 43, 44, 45, 46, 47, 48, 49, 50, 51, 52, 53, 54, 55]
2025-05-07 08:05:10,338 - INFO - Waiting for file with parameters: /s/ls4/users/selibrin/spiking_researches/correlation_encoding_and_training/mnist/hpo/shifted_nn_restr_stdp_synapse/hpo_data/hpo_iteration_data/4335607/params_1_5.pkl
2025-05-07 08:06:25,419 - INFO - Preparing datasets ...
2025-05-07 08:06:25,420 - INFO - `max_samples` = 0.2
2025-05-07 08:06:30,578 - INFO - Model initialization ...
2025-05-07 08:06:30,581 - INFO - Model fitting ...
2025-05-07 08:10:24,476 - INFO - Model eval ...
2025-05-07 08:13:57,562 - INFO - Available CPUs: [0, 1, 2, 3, 4, 5, 6, 7, 8, 9, 10, 11, 12, 13, 14, 15, 16, 17, 18, 19, 20, 21, 22, 23, 24, 25, 26, 27, 28, 29, 30, 31, 32, 33, 34, 35, 36, 37, 38, 39, 40, 41, 42, 43, 44, 45, 46, 47, 48, 49, 50, 51, 52, 53, 54, 55]
2025-05-07 08:13:57,562 - INFO - Waiting for file with parameters: /s/ls4/users/selibrin/spiking_researches/correlation_encoding_and_training/mnist/hpo/shifted_nn_restr_stdp_synapse/hpo_data/hpo_iteration_data/4335607/params_1_5.pkl
2025-05-07 08:14:57,615 - INFO - Preparing datasets ...
2025-05-07 08:14:57,615 - INFO - `max_samples` = 0.2
2025-05-07 08:15:03,717 - INFO - Model initialization ...
2025-05-07 08:15:03,721 - INFO - Model fitting ...
2025-05-07 08:19:09,213 - INFO - Model eval ...
2025-05-07 08:22:39,149 - INFO - Available CPUs: [0, 1, 2, 3, 4, 5, 6, 7, 8, 9, 10, 11, 12, 13, 14, 15, 16, 17, 18, 19, 20, 21, 22, 23, 24, 25, 26, 27, 28, 29, 30, 31, 32, 33, 34, 35, 36, 37, 38, 39, 40, 41, 42, 43, 44, 45, 46, 47, 48, 49, 50, 51, 52, 53, 54, 55]
2025-05-07 08:22:39,149 - INFO - Waiting for file with parameters: /s/ls4/users/selibrin/spiking_researches/correlation_encoding_and_training/mnist/hpo/shifted_nn_restr_stdp_synapse/hpo_data/hpo_iteration_data/4335607/params_1_5.pkl
2025-05-07 08:23:34,211 - INFO - Preparing datasets ...
2025-05-07 08:23:34,211 - INFO - `max_samples` = 0.2
2025-05-07 08:23:39,233 - INFO - Model initialization ...
2025-05-07 08:23:39,238 - INFO - Model fitting ...
2025-05-07 08:27:43,204 - INFO - Model eval ...
2025-05-07 08:31:31,166 - INFO - Available CPUs: [0, 1, 2, 3, 4, 5, 6, 7, 8, 9, 10, 11, 12, 13, 14, 15, 16, 17, 18, 19, 20, 21, 22, 23, 24, 25, 26, 27, 28, 29, 30, 31, 32, 33, 34, 35, 36, 37, 38, 39, 40, 41, 42, 43, 44, 45, 46, 47, 48, 49, 50, 51, 52, 53, 54, 55]
2025-05-07 08:31:31,167 - INFO - Waiting for file with parameters: /s/ls4/users/selibrin/spiking_researches/correlation_encoding_and_training/mnist/hpo/shifted_nn_restr_stdp_synapse/hpo_data/hpo_iteration_data/4335607/params_1_5.pkl
2025-05-07 08:32:36,237 - INFO - Preparing datasets ...
2025-05-07 08:32:36,238 - INFO - `max_samples` = 0.2
2025-05-07 08:32:41,328 - INFO - Model initialization ...
2025-05-07 08:32:41,331 - INFO - Model fitting ...
2025-05-07 08:36:41,598 - INFO - Model eval ...
2025-05-07 08:40:23,021 - INFO - Available CPUs: [0, 1, 2, 3, 4, 5, 6, 7, 8, 9, 10, 11, 12, 13, 14, 15, 16, 17, 18, 19, 20, 21, 22, 23, 24, 25, 26, 27, 28, 29, 30, 31, 32, 33, 34, 35, 36, 37, 38, 39, 40, 41, 42, 43, 44, 45, 46, 47, 48, 49, 50, 51, 52, 53, 54, 55]
2025-05-07 08:40:23,021 - INFO - Waiting for file with parameters: /s/ls4/users/selibrin/spiking_researches/correlation_encoding_and_training/mnist/hpo/shifted_nn_restr_stdp_synapse/hpo_data/hpo_iteration_data/4335607/params_1_5.pkl
2025-05-07 08:41:43,110 - INFO - Preparing datasets ...
2025-05-07 08:41:43,110 - INFO - `max_samples` = 0.2
2025-05-07 08:41:48,626 - INFO - Model initialization ...
2025-05-07 08:41:48,630 - INFO - Model fitting ...
2025-05-07 08:45:45,733 - INFO - Model eval ...
2025-05-07 08:49:23,126 - INFO - Available CPUs: [0, 1, 2, 3, 4, 5, 6, 7, 8, 9, 10, 11, 12, 13, 14, 15, 16, 17, 18, 19, 20, 21, 22, 23, 24, 25, 26, 27, 28, 29, 30, 31, 32, 33, 34, 35, 36, 37, 38, 39, 40, 41, 42, 43, 44, 45, 46, 47, 48, 49, 50, 51, 52, 53, 54, 55]
2025-05-07 08:49:23,126 - INFO - Waiting for file with parameters: /s/ls4/users/selibrin/spiking_researches/correlation_encoding_and_training/mnist/hpo/shifted_nn_restr_stdp_synapse/hpo_data/hpo_iteration_data/4335607/params_1_5.pkl
2025-05-07 08:50:13,182 - INFO - Preparing datasets ...
2025-05-07 08:50:13,183 - INFO - `max_samples` = 0.2
2025-05-07 08:50:17,868 - INFO - Model initialization ...
2025-05-07 08:50:17,876 - INFO - Model fitting ...
2025-05-07 08:54:05,383 - INFO - Model eval ...
2025-05-07 08:57:38,655 - INFO - Available CPUs: [0, 1, 2, 3, 4, 5, 6, 7, 8, 9, 10, 11, 12, 13, 14, 15, 16, 17, 18, 19, 20, 21, 22, 23, 24, 25, 26, 27, 28, 29, 30, 31, 32, 33, 34, 35, 36, 37, 38, 39, 40, 41, 42, 43, 44, 45, 46, 47, 48, 49, 50, 51, 52, 53, 54, 55]
2025-05-07 08:57:38,656 - INFO - Waiting for file with parameters: /s/ls4/users/selibrin/spiking_researches/correlation_encoding_and_training/mnist/hpo/shifted_nn_restr_stdp_synapse/hpo_data/hpo_iteration_data/4335607/params_1_5.pkl
2025-05-07 08:58:48,750 - INFO - Preparing datasets ...
2025-05-07 08:58:48,750 - INFO - `max_samples` = 0.2
2025-05-07 08:58:54,374 - INFO - Model initialization ...
2025-05-07 08:58:54,483 - INFO - Model fitting ...
2025-05-07 09:02:49,525 - INFO - Model eval ...
2025-05-07 09:06:18,326 - INFO - Available CPUs: [0, 1, 2, 3, 4, 5, 6, 7, 8, 9, 10, 11, 12, 13, 14, 15, 16, 17, 18, 19, 20, 21, 22, 23, 24, 25, 26, 27, 28, 29, 30, 31, 32, 33, 34, 35, 36, 37, 38, 39, 40, 41, 42, 43, 44, 45, 46, 47, 48, 49, 50, 51, 52, 53, 54, 55]
2025-05-07 09:06:18,326 - INFO - Waiting for file with parameters: /s/ls4/users/selibrin/spiking_researches/correlation_encoding_and_training/mnist/hpo/shifted_nn_restr_stdp_synapse/hpo_data/hpo_iteration_data/4335607/params_1_5.pkl
2025-05-07 09:07:53,435 - INFO - Preparing datasets ...
2025-05-07 09:07:53,436 - INFO - `max_samples` = 0.2
2025-05-07 09:07:58,182 - INFO - Model initialization ...
2025-05-07 09:07:58,193 - INFO - Model fitting ...
2025-05-07 09:11:58,363 - INFO - Model eval ...
2025-05-07 09:15:41,206 - INFO - Available CPUs: [0, 1, 2, 3, 4, 5, 6, 7, 8, 9, 10, 11, 12, 13, 14, 15, 16, 17, 18, 19, 20, 21, 22, 23, 24, 25, 26, 27, 28, 29, 30, 31, 32, 33, 34, 35, 36, 37, 38, 39, 40, 41, 42, 43, 44, 45, 46, 47, 48, 49, 50, 51, 52, 53, 54, 55]
2025-05-07 09:15:41,206 - INFO - Waiting for file with parameters: /s/ls4/users/selibrin/spiking_researches/correlation_encoding_and_training/mnist/hpo/shifted_nn_restr_stdp_synapse/hpo_data/hpo_iteration_data/4335607/params_1_5.pkl
2025-05-07 09:17:01,291 - INFO - Preparing datasets ...
2025-05-07 09:17:01,291 - INFO - `max_samples` = 0.2
2025-05-07 09:17:06,372 - INFO - Model initialization ...
2025-05-07 09:17:06,376 - INFO - Model fitting ...
2025-05-07 09:21:10,201 - INFO - Model eval ...
2025-05-07 09:24:52,687 - INFO - Available CPUs: [0, 1, 2, 3, 4, 5, 6, 7, 8, 9, 10, 11, 12, 13, 14, 15, 16, 17, 18, 19, 20, 21, 22, 23, 24, 25, 26, 27, 28, 29, 30, 31, 32, 33, 34, 35, 36, 37, 38, 39, 40, 41, 42, 43, 44, 45, 46, 47, 48, 49, 50, 51, 52, 53, 54, 55]
2025-05-07 09:24:52,687 - INFO - Waiting for file with parameters: /s/ls4/users/selibrin/spiking_researches/correlation_encoding_and_training/mnist/hpo/shifted_nn_restr_stdp_synapse/hpo_data/hpo_iteration_data/4335607/params_1_5.pkl
2025-05-07 09:26:02,763 - INFO - Preparing datasets ...
2025-05-07 09:26:02,763 - INFO - `max_samples` = 0.2
2025-05-07 09:26:08,032 - INFO - Model initialization ...
2025-05-07 09:26:08,036 - INFO - Model fitting ...
2025-05-07 09:29:52,447 - INFO - Model eval ...
2025-05-07 09:33:11,271 - INFO - Available CPUs: [0, 1, 2, 3, 4, 5, 6, 7, 8, 9, 10, 11, 12, 13, 14, 15, 16, 17, 18, 19, 20, 21, 22, 23, 24, 25, 26, 27, 28, 29, 30, 31, 32, 33, 34, 35, 36, 37, 38, 39, 40, 41, 42, 43, 44, 45, 46, 47, 48, 49, 50, 51, 52, 53, 54, 55]
2025-05-07 09:33:11,272 - INFO - Waiting for file with parameters: /s/ls4/users/selibrin/spiking_researches/correlation_encoding_and_training/mnist/hpo/shifted_nn_restr_stdp_synapse/hpo_data/hpo_iteration_data/4335607/params_1_5.pkl
2025-05-07 09:34:36,363 - INFO - Preparing datasets ...
2025-05-07 09:34:36,364 - INFO - `max_samples` = 0.2
2025-05-07 09:34:41,078 - INFO - Model initialization ...
2025-05-07 09:34:41,082 - INFO - Model fitting ...
2025-05-07 09:38:24,845 - INFO - Model eval ...
2025-05-07 09:41:45,584 - INFO - Available CPUs: [0, 1, 2, 3, 4, 5, 6, 7, 8, 9, 10, 11, 12, 13, 14, 15, 16, 17, 18, 19, 20, 21, 22, 23, 24, 25, 26, 27, 28, 29, 30, 31, 32, 33, 34, 35, 36, 37, 38, 39, 40, 41, 42, 43, 44, 45, 46, 47, 48, 49, 50, 51, 52, 53, 54, 55]
2025-05-07 09:41:45,584 - INFO - Waiting for file with parameters: /s/ls4/users/selibrin/spiking_researches/correlation_encoding_and_training/mnist/hpo/shifted_nn_restr_stdp_synapse/hpo_data/hpo_iteration_data/4335607/params_1_5.pkl
2025-05-07 09:43:10,682 - INFO - Preparing datasets ...
2025-05-07 09:43:10,682 - INFO - `max_samples` = 0.2
2025-05-07 09:43:15,348 - INFO - Model initialization ...
2025-05-07 09:43:15,351 - INFO - Model fitting ...
2025-05-07 09:47:21,333 - INFO - Model eval ...
2025-05-07 09:51:09,204 - INFO - Available CPUs: [0, 1, 2, 3, 4, 5, 6, 7, 8, 9, 10, 11, 12, 13, 14, 15, 16, 17, 18, 19, 20, 21, 22, 23, 24, 25, 26, 27, 28, 29, 30, 31, 32, 33, 34, 35, 36, 37, 38, 39, 40, 41, 42, 43, 44, 45, 46, 47, 48, 49, 50, 51, 52, 53, 54, 55]
2025-05-07 09:51:09,204 - INFO - Waiting for file with parameters: /s/ls4/users/selibrin/spiking_researches/correlation_encoding_and_training/mnist/hpo/shifted_nn_restr_stdp_synapse/hpo_data/hpo_iteration_data/4335607/params_1_5.pkl
2025-05-07 09:52:14,279 - INFO - Preparing datasets ...
2025-05-07 09:52:14,279 - INFO - `max_samples` = 0.2
2025-05-07 09:52:18,718 - INFO - Model initialization ...
2025-05-07 09:52:18,722 - INFO - Model fitting ...
2025-05-07 09:56:10,384 - INFO - Model eval ...
2025-05-07 09:59:44,977 - INFO - Available CPUs: [0, 1, 2, 3, 4, 5, 6, 7, 8, 9, 10, 11, 12, 13, 14, 15, 16, 17, 18, 19, 20, 21, 22, 23, 24, 25, 26, 27, 28, 29, 30, 31, 32, 33, 34, 35, 36, 37, 38, 39, 40, 41, 42, 43, 44, 45, 46, 47, 48, 49, 50, 51, 52, 53, 54, 55]
2025-05-07 09:59:44,978 - INFO - Waiting for file with parameters: /s/ls4/users/selibrin/spiking_researches/correlation_encoding_and_training/mnist/hpo/shifted_nn_restr_stdp_synapse/hpo_data/hpo_iteration_data/4335607/params_1_5.pkl
2025-05-07 10:00:50,059 - INFO - Preparing datasets ...
2025-05-07 10:00:50,059 - INFO - `max_samples` = 0.2
2025-05-07 10:00:55,507 - INFO - Model initialization ...
2025-05-07 10:00:55,511 - INFO - Model fitting ...
2025-05-07 10:04:29,443 - INFO - Model eval ...
2025-05-07 10:07:50,916 - INFO - Available CPUs: [0, 1, 2, 3, 4, 5, 6, 7, 8, 9, 10, 11, 12, 13, 14, 15, 16, 17, 18, 19, 20, 21, 22, 23, 24, 25, 26, 27, 28, 29, 30, 31, 32, 33, 34, 35, 36, 37, 38, 39, 40, 41, 42, 43, 44, 45, 46, 47, 48, 49, 50, 51, 52, 53, 54, 55]
2025-05-07 10:07:50,916 - INFO - Waiting for file with parameters: /s/ls4/users/selibrin/spiking_researches/correlation_encoding_and_training/mnist/hpo/shifted_nn_restr_stdp_synapse/hpo_data/hpo_iteration_data/4335607/params_1_5.pkl
2025-05-07 10:08:55,990 - INFO - Preparing datasets ...
2025-05-07 10:08:55,991 - INFO - `max_samples` = 0.2
2025-05-07 10:09:01,257 - INFO - Model initialization ...
2025-05-07 10:09:01,260 - INFO - Model fitting ...
2025-05-07 10:12:40,682 - INFO - Model eval ...
2025-05-07 10:16:04,296 - INFO - Available CPUs: [0, 1, 2, 3, 4, 5, 6, 7, 8, 9, 10, 11, 12, 13, 14, 15, 16, 17, 18, 19, 20, 21, 22, 23, 24, 25, 26, 27, 28, 29, 30, 31, 32, 33, 34, 35, 36, 37, 38, 39, 40, 41, 42, 43, 44, 45, 46, 47, 48, 49, 50, 51, 52, 53, 54, 55]
2025-05-07 10:16:04,297 - INFO - Waiting for file with parameters: /s/ls4/users/selibrin/spiking_researches/correlation_encoding_and_training/mnist/hpo/shifted_nn_restr_stdp_synapse/hpo_data/hpo_iteration_data/4335607/params_1_5.pkl
2025-05-07 10:16:59,358 - INFO - Preparing datasets ...
2025-05-07 10:16:59,359 - INFO - `max_samples` = 0.2
2025-05-07 10:17:04,532 - INFO - Model initialization ...
2025-05-07 10:17:04,536 - INFO - Model fitting ...
2025-05-07 10:20:49,581 - INFO - Model eval ...
2025-05-07 10:24:02,744 - INFO - Available CPUs: [0, 1, 2, 3, 4, 5, 6, 7, 8, 9, 10, 11, 12, 13, 14, 15, 16, 17, 18, 19, 20, 21, 22, 23, 24, 25, 26, 27, 28, 29, 30, 31, 32, 33, 34, 35, 36, 37, 38, 39, 40, 41, 42, 43, 44, 45, 46, 47, 48, 49, 50, 51, 52, 53, 54, 55]
2025-05-07 10:24:02,744 - INFO - Waiting for file with parameters: /s/ls4/users/selibrin/spiking_researches/correlation_encoding_and_training/mnist/hpo/shifted_nn_restr_stdp_synapse/hpo_data/hpo_iteration_data/4335607/params_1_5.pkl
2025-05-07 10:25:37,852 - INFO - Preparing datasets ...
2025-05-07 10:25:37,852 - INFO - `max_samples` = 0.2
2025-05-07 10:25:43,934 - INFO - Model initialization ...
2025-05-07 10:25:43,938 - INFO - Model fitting ...
2025-05-07 10:29:31,436 - INFO - Model eval ...
2025-05-07 10:32:58,688 - INFO - Available CPUs: [0, 1, 2, 3, 4, 5, 6, 7, 8, 9, 10, 11, 12, 13, 14, 15, 16, 17, 18, 19, 20, 21, 22, 23, 24, 25, 26, 27, 28, 29, 30, 31, 32, 33, 34, 35, 36, 37, 38, 39, 40, 41, 42, 43, 44, 45, 46, 47, 48, 49, 50, 51, 52, 53, 54, 55]
2025-05-07 10:32:58,688 - INFO - Waiting for file with parameters: /s/ls4/users/selibrin/spiking_researches/correlation_encoding_and_training/mnist/hpo/shifted_nn_restr_stdp_synapse/hpo_data/hpo_iteration_data/4335607/params_1_5.pkl
2025-05-07 10:34:38,796 - INFO - Preparing datasets ...
2025-05-07 10:34:38,796 - INFO - `max_samples` = 0.2
2025-05-07 10:34:44,370 - INFO - Model initialization ...
2025-05-07 10:34:44,373 - INFO - Model fitting ...
2025-05-07 10:38:22,676 - INFO - Model eval ...
2025-05-07 10:41:32,973 - INFO - Available CPUs: [0, 1, 2, 3, 4, 5, 6, 7, 8, 9, 10, 11, 12, 13, 14, 15, 16, 17, 18, 19, 20, 21, 22, 23, 24, 25, 26, 27, 28, 29, 30, 31, 32, 33, 34, 35, 36, 37, 38, 39, 40, 41, 42, 43, 44, 45, 46, 47, 48, 49, 50, 51, 52, 53, 54, 55]
2025-05-07 10:41:32,974 - INFO - Waiting for file with parameters: /s/ls4/users/selibrin/spiking_researches/correlation_encoding_and_training/mnist/hpo/shifted_nn_restr_stdp_synapse/hpo_data/hpo_iteration_data/4335607/params_1_5.pkl
2025-05-07 10:43:13,083 - INFO - Preparing datasets ...
2025-05-07 10:43:13,084 - INFO - `max_samples` = 0.2
2025-05-07 10:43:16,920 - INFO - Model initialization ...
2025-05-07 10:43:16,923 - INFO - Model fitting ...
2025-05-07 10:47:12,222 - INFO - Model eval ...
2025-05-07 10:50:49,805 - INFO - Available CPUs: [0, 1, 2, 3, 4, 5, 6, 7, 8, 9, 10, 11, 12, 13, 14, 15, 16, 17, 18, 19, 20, 21, 22, 23, 24, 25, 26, 27, 28, 29, 30, 31, 32, 33, 34, 35, 36, 37, 38, 39, 40, 41, 42, 43, 44, 45, 46, 47, 48, 49, 50, 51, 52, 53, 54, 55]
2025-05-07 10:50:49,806 - INFO - Waiting for file with parameters: /s/ls4/users/selibrin/spiking_researches/correlation_encoding_and_training/mnist/hpo/shifted_nn_restr_stdp_synapse/hpo_data/hpo_iteration_data/4335607/params_1_5.pkl
2025-05-07 10:52:19,928 - INFO - Preparing datasets ...
2025-05-07 10:52:19,928 - INFO - `max_samples` = 0.2
2025-05-07 10:52:24,710 - INFO - Model initialization ...
2025-05-07 10:52:24,714 - INFO - Model fitting ...
2025-05-07 10:56:02,658 - INFO - Model eval ...
2025-05-07 10:59:33,679 - INFO - Available CPUs: [0, 1, 2, 3, 4, 5, 6, 7, 8, 9, 10, 11, 12, 13, 14, 15, 16, 17, 18, 19, 20, 21, 22, 23, 24, 25, 26, 27, 28, 29, 30, 31, 32, 33, 34, 35, 36, 37, 38, 39, 40, 41, 42, 43, 44, 45, 46, 47, 48, 49, 50, 51, 52, 53, 54, 55]
2025-05-07 10:59:33,679 - INFO - Waiting for file with parameters: /s/ls4/users/selibrin/spiking_researches/correlation_encoding_and_training/mnist/hpo/shifted_nn_restr_stdp_synapse/hpo_data/hpo_iteration_data/4335607/params_1_5.pkl
2025-05-07 11:01:23,797 - INFO - Preparing datasets ...
2025-05-07 11:01:23,797 - INFO - `max_samples` = 0.2
2025-05-07 11:01:29,519 - INFO - Model initialization ...
2025-05-07 11:01:29,523 - INFO - Model fitting ...
2025-05-07 11:05:25,236 - INFO - Model eval ...
2025-05-07 11:08:50,637 - INFO - Available CPUs: [0, 1, 2, 3, 4, 5, 6, 7, 8, 9, 10, 11, 12, 13, 14, 15, 16, 17, 18, 19, 20, 21, 22, 23, 24, 25, 26, 27, 28, 29, 30, 31, 32, 33, 34, 35, 36, 37, 38, 39, 40, 41, 42, 43, 44, 45, 46, 47, 48, 49, 50, 51, 52, 53, 54, 55]
2025-05-07 11:08:50,637 - INFO - Waiting for file with parameters: /s/ls4/users/selibrin/spiking_researches/correlation_encoding_and_training/mnist/hpo/shifted_nn_restr_stdp_synapse/hpo_data/hpo_iteration_data/4335607/params_1_5.pkl
2025-05-07 11:10:00,716 - INFO - Preparing datasets ...
2025-05-07 11:10:00,716 - INFO - `max_samples` = 0.2
2025-05-07 11:10:05,601 - INFO - Model initialization ...
2025-05-07 11:10:05,604 - INFO - Model fitting ...
2025-05-07 11:14:01,957 - INFO - Model eval ...
2025-05-07 11:17:44,609 - INFO - Available CPUs: [0, 1, 2, 3, 4, 5, 6, 7, 8, 9, 10, 11, 12, 13, 14, 15, 16, 17, 18, 19, 20, 21, 22, 23, 24, 25, 26, 27, 28, 29, 30, 31, 32, 33, 34, 35, 36, 37, 38, 39, 40, 41, 42, 43, 44, 45, 46, 47, 48, 49, 50, 51, 52, 53, 54, 55]
2025-05-07 11:17:44,610 - INFO - Waiting for file with parameters: /s/ls4/users/selibrin/spiking_researches/correlation_encoding_and_training/mnist/hpo/shifted_nn_restr_stdp_synapse/hpo_data/hpo_iteration_data/4335607/params_1_5.pkl
2025-05-07 11:19:04,697 - INFO - Preparing datasets ...
2025-05-07 11:19:04,698 - INFO - `max_samples` = 0.2
2025-05-07 11:19:09,616 - INFO - Model initialization ...
2025-05-07 11:19:09,620 - INFO - Model fitting ...
2025-05-07 11:23:08,970 - INFO - Model eval ...
2025-05-07 11:26:58,794 - INFO - Available CPUs: [0, 1, 2, 3, 4, 5, 6, 7, 8, 9, 10, 11, 12, 13, 14, 15, 16, 17, 18, 19, 20, 21, 22, 23, 24, 25, 26, 27, 28, 29, 30, 31, 32, 33, 34, 35, 36, 37, 38, 39, 40, 41, 42, 43, 44, 45, 46, 47, 48, 49, 50, 51, 52, 53, 54, 55]
2025-05-07 11:26:58,795 - INFO - Waiting for file with parameters: /s/ls4/users/selibrin/spiking_researches/correlation_encoding_and_training/mnist/hpo/shifted_nn_restr_stdp_synapse/hpo_data/hpo_iteration_data/4335607/params_1_5.pkl
2025-05-07 11:28:08,888 - INFO - Preparing datasets ...
2025-05-07 11:28:08,889 - INFO - `max_samples` = 0.2
2025-05-07 11:28:14,334 - INFO - Model initialization ...
2025-05-07 11:28:14,337 - INFO - Model fitting ...
2025-05-07 11:32:06,806 - INFO - Model eval ...
2025-05-07 11:35:31,087 - INFO - Available CPUs: [0, 1, 2, 3, 4, 5, 6, 7, 8, 9, 10, 11, 12, 13, 14, 15, 16, 17, 18, 19, 20, 21, 22, 23, 24, 25, 26, 27, 28, 29, 30, 31, 32, 33, 34, 35, 36, 37, 38, 39, 40, 41, 42, 43, 44, 45, 46, 47, 48, 49, 50, 51, 52, 53, 54, 55]
2025-05-07 11:35:31,087 - INFO - Waiting for file with parameters: /s/ls4/users/selibrin/spiking_researches/correlation_encoding_and_training/mnist/hpo/shifted_nn_restr_stdp_synapse/hpo_data/hpo_iteration_data/4335607/params_1_5.pkl
2025-05-07 11:36:41,163 - INFO - Preparing datasets ...
2025-05-07 11:36:41,163 - INFO - `max_samples` = 0.2
2025-05-07 11:36:46,446 - INFO - Model initialization ...
2025-05-07 11:36:46,450 - INFO - Model fitting ...
2025-05-07 11:40:31,979 - INFO - Model eval ...
2025-05-07 11:44:06,744 - INFO - Available CPUs: [0, 1, 2, 3, 4, 5, 6, 7, 8, 9, 10, 11, 12, 13, 14, 15, 16, 17, 18, 19, 20, 21, 22, 23, 24, 25, 26, 27, 28, 29, 30, 31, 32, 33, 34, 35, 36, 37, 38, 39, 40, 41, 42, 43, 44, 45, 46, 47, 48, 49, 50, 51, 52, 53, 54, 55]
2025-05-07 11:44:06,744 - INFO - Waiting for file with parameters: /s/ls4/users/selibrin/spiking_researches/correlation_encoding_and_training/mnist/hpo/shifted_nn_restr_stdp_synapse/hpo_data/hpo_iteration_data/4335607/params_1_5.pkl
2025-05-07 11:45:16,816 - INFO - Preparing datasets ...
2025-05-07 11:45:16,816 - INFO - `max_samples` = 0.2
2025-05-07 11:45:21,626 - INFO - Model initialization ...
2025-05-07 11:45:21,629 - INFO - Model fitting ...
2025-05-07 11:49:08,001 - INFO - Model eval ...
2025-05-07 11:52:29,205 - INFO - Available CPUs: [0, 1, 2, 3, 4, 5, 6, 7, 8, 9, 10, 11, 12, 13, 14, 15, 16, 17, 18, 19, 20, 21, 22, 23, 24, 25, 26, 27, 28, 29, 30, 31, 32, 33, 34, 35, 36, 37, 38, 39, 40, 41, 42, 43, 44, 45, 46, 47, 48, 49, 50, 51, 52, 53, 54, 55]
2025-05-07 11:52:29,206 - INFO - Waiting for file with parameters: /s/ls4/users/selibrin/spiking_researches/correlation_encoding_and_training/mnist/hpo/shifted_nn_restr_stdp_synapse/hpo_data/hpo_iteration_data/4335607/params_1_5.pkl
2025-05-07 11:54:20,344 - INFO - Preparing datasets ...
2025-05-07 11:54:20,344 - INFO - `max_samples` = 0.2
2025-05-07 11:54:25,081 - INFO - Model initialization ...
2025-05-07 11:54:26,038 - INFO - Model fitting ...
2025-05-07 11:58:13,599 - INFO - Model eval ...
2025-05-07 12:01:49,897 - INFO - Available CPUs: [0, 1, 2, 3, 4, 5, 6, 7, 8, 9, 10, 11, 12, 13, 14, 15, 16, 17, 18, 19, 20, 21, 22, 23, 24, 25, 26, 27, 28, 29, 30, 31, 32, 33, 34, 35, 36, 37, 38, 39, 40, 41, 42, 43, 44, 45, 46, 47, 48, 49, 50, 51, 52, 53, 54, 55]
2025-05-07 12:01:49,898 - INFO - Waiting for file with parameters: /s/ls4/users/selibrin/spiking_researches/correlation_encoding_and_training/mnist/hpo/shifted_nn_restr_stdp_synapse/hpo_data/hpo_iteration_data/4335607/params_1_5.pkl
2025-05-07 12:02:54,984 - INFO - Preparing datasets ...
2025-05-07 12:02:54,984 - INFO - `max_samples` = 0.2
2025-05-07 12:03:00,796 - INFO - Model initialization ...
2025-05-07 12:03:00,799 - INFO - Model fitting ...
2025-05-07 12:06:49,641 - INFO - Model eval ...
2025-05-07 12:10:18,502 - INFO - Available CPUs: [0, 1, 2, 3, 4, 5, 6, 7, 8, 9, 10, 11, 12, 13, 14, 15, 16, 17, 18, 19, 20, 21, 22, 23, 24, 25, 26, 27, 28, 29, 30, 31, 32, 33, 34, 35, 36, 37, 38, 39, 40, 41, 42, 43, 44, 45, 46, 47, 48, 49, 50, 51, 52, 53, 54, 55]
2025-05-07 12:10:18,503 - INFO - Waiting for file with parameters: /s/ls4/users/selibrin/spiking_researches/correlation_encoding_and_training/mnist/hpo/shifted_nn_restr_stdp_synapse/hpo_data/hpo_iteration_data/4335607/params_1_5.pkl
2025-05-07 12:11:58,617 - INFO - Preparing datasets ...
2025-05-07 12:11:58,618 - INFO - `max_samples` = 0.2
2025-05-07 12:12:03,946 - INFO - Model initialization ...
2025-05-07 12:12:03,950 - INFO - Model fitting ...
2025-05-07 12:16:14,412 - INFO - Model eval ...
2025-05-07 12:19:59,663 - INFO - Available CPUs: [0, 1, 2, 3, 4, 5, 6, 7, 8, 9, 10, 11, 12, 13, 14, 15, 16, 17, 18, 19, 20, 21, 22, 23, 24, 25, 26, 27, 28, 29, 30, 31, 32, 33, 34, 35, 36, 37, 38, 39, 40, 41, 42, 43, 44, 45, 46, 47, 48, 49, 50, 51, 52, 53, 54, 55]
2025-05-07 12:19:59,663 - INFO - Waiting for file with parameters: /s/ls4/users/selibrin/spiking_researches/correlation_encoding_and_training/mnist/hpo/shifted_nn_restr_stdp_synapse/hpo_data/hpo_iteration_data/4335607/params_1_5.pkl
2025-05-07 12:21:04,736 - INFO - Preparing datasets ...
2025-05-07 12:21:04,736 - INFO - `max_samples` = 0.2
2025-05-07 12:21:10,202 - INFO - Model initialization ...
2025-05-07 12:21:10,206 - INFO - Model fitting ...
2025-05-07 12:25:07,328 - INFO - Model eval ...
2025-05-07 12:28:42,372 - INFO - Available CPUs: [0, 1, 2, 3, 4, 5, 6, 7, 8, 9, 10, 11, 12, 13, 14, 15, 16, 17, 18, 19, 20, 21, 22, 23, 24, 25, 26, 27, 28, 29, 30, 31, 32, 33, 34, 35, 36, 37, 38, 39, 40, 41, 42, 43, 44, 45, 46, 47, 48, 49, 50, 51, 52, 53, 54, 55]
2025-05-07 12:28:42,372 - INFO - Waiting for file with parameters: /s/ls4/users/selibrin/spiking_researches/correlation_encoding_and_training/mnist/hpo/shifted_nn_restr_stdp_synapse/hpo_data/hpo_iteration_data/4335607/params_1_5.pkl
2025-05-07 12:30:07,465 - INFO - Preparing datasets ...
2025-05-07 12:30:07,465 - INFO - `max_samples` = 0.2
2025-05-07 12:30:12,651 - INFO - Model initialization ...
2025-05-07 12:30:12,660 - INFO - Model fitting ...
2025-05-07 12:34:06,450 - INFO - Model eval ...
2025-05-07 12:37:24,092 - INFO - Available CPUs: [0, 1, 2, 3, 4, 5, 6, 7, 8, 9, 10, 11, 12, 13, 14, 15, 16, 17, 18, 19, 20, 21, 22, 23, 24, 25, 26, 27, 28, 29, 30, 31, 32, 33, 34, 35, 36, 37, 38, 39, 40, 41, 42, 43, 44, 45, 46, 47, 48, 49, 50, 51, 52, 53, 54, 55]
2025-05-07 12:37:24,093 - INFO - Waiting for file with parameters: /s/ls4/users/selibrin/spiking_researches/correlation_encoding_and_training/mnist/hpo/shifted_nn_restr_stdp_synapse/hpo_data/hpo_iteration_data/4335607/params_1_5.pkl
2025-05-07 12:39:14,215 - INFO - Preparing datasets ...
2025-05-07 12:39:14,216 - INFO - `max_samples` = 0.2
2025-05-07 12:39:19,231 - INFO - Model initialization ...
2025-05-07 12:39:19,234 - INFO - Model fitting ...
2025-05-07 12:43:27,538 - INFO - Model eval ...
2025-05-07 12:47:16,614 - INFO - Available CPUs: [0, 1, 2, 3, 4, 5, 6, 7, 8, 9, 10, 11, 12, 13, 14, 15, 16, 17, 18, 19, 20, 21, 22, 23, 24, 25, 26, 27, 28, 29, 30, 31, 32, 33, 34, 35, 36, 37, 38, 39, 40, 41, 42, 43, 44, 45, 46, 47, 48, 49, 50, 51, 52, 53, 54, 55]
2025-05-07 12:47:16,615 - INFO - Waiting for file with parameters: /s/ls4/users/selibrin/spiking_researches/correlation_encoding_and_training/mnist/hpo/shifted_nn_restr_stdp_synapse/hpo_data/hpo_iteration_data/4335607/params_1_5.pkl
2025-05-07 12:48:16,681 - INFO - Preparing datasets ...
2025-05-07 12:48:16,681 - INFO - `max_samples` = 0.2
2025-05-07 12:48:22,125 - INFO - Model initialization ...
2025-05-07 12:48:22,128 - INFO - Model fitting ...
2025-05-07 12:52:11,804 - INFO - Model eval ...
2025-05-07 12:55:49,378 - INFO - Available CPUs: [0, 1, 2, 3, 4, 5, 6, 7, 8, 9, 10, 11, 12, 13, 14, 15, 16, 17, 18, 19, 20, 21, 22, 23, 24, 25, 26, 27, 28, 29, 30, 31, 32, 33, 34, 35, 36, 37, 38, 39, 40, 41, 42, 43, 44, 45, 46, 47, 48, 49, 50, 51, 52, 53, 54, 55]
2025-05-07 12:55:49,378 - INFO - Waiting for file with parameters: /s/ls4/users/selibrin/spiking_researches/correlation_encoding_and_training/mnist/hpo/shifted_nn_restr_stdp_synapse/hpo_data/hpo_iteration_data/4335607/params_1_5.pkl
2025-05-07 12:57:24,482 - INFO - Preparing datasets ...
2025-05-07 12:57:24,482 - INFO - `max_samples` = 0.2
2025-05-07 12:57:28,372 - INFO - Model initialization ...
2025-05-07 12:57:28,375 - INFO - Model fitting ...
2025-05-07 13:01:23,684 - INFO - Model eval ...
2025-05-07 13:04:50,508 - INFO - Available CPUs: [0, 1, 2, 3, 4, 5, 6, 7, 8, 9, 10, 11, 12, 13, 14, 15, 16, 17, 18, 19, 20, 21, 22, 23, 24, 25, 26, 27, 28, 29, 30, 31, 32, 33, 34, 35, 36, 37, 38, 39, 40, 41, 42, 43, 44, 45, 46, 47, 48, 49, 50, 51, 52, 53, 54, 55]
2025-05-07 13:04:50,508 - INFO - Waiting for file with parameters: /s/ls4/users/selibrin/spiking_researches/correlation_encoding_and_training/mnist/hpo/shifted_nn_restr_stdp_synapse/hpo_data/hpo_iteration_data/4335607/params_1_5.pkl
2025-05-07 13:06:25,613 - INFO - Preparing datasets ...
2025-05-07 13:06:25,613 - INFO - `max_samples` = 0.2
2025-05-07 13:06:29,879 - INFO - Model initialization ...
2025-05-07 13:06:29,882 - INFO - Model fitting ...
2025-05-07 13:10:22,659 - INFO - Model eval ...
2025-05-07 13:13:48,114 - INFO - Available CPUs: [0, 1, 2, 3, 4, 5, 6, 7, 8, 9, 10, 11, 12, 13, 14, 15, 16, 17, 18, 19, 20, 21, 22, 23, 24, 25, 26, 27, 28, 29, 30, 31, 32, 33, 34, 35, 36, 37, 38, 39, 40, 41, 42, 43, 44, 45, 46, 47, 48, 49, 50, 51, 52, 53, 54, 55]
2025-05-07 13:13:48,114 - INFO - Waiting for file with parameters: /s/ls4/users/selibrin/spiking_researches/correlation_encoding_and_training/mnist/hpo/shifted_nn_restr_stdp_synapse/hpo_data/hpo_iteration_data/4335607/params_1_5.pkl
2025-05-07 13:15:03,196 - INFO - Preparing datasets ...
2025-05-07 13:15:03,196 - INFO - `max_samples` = 0.2
2025-05-07 13:15:08,627 - INFO - Model initialization ...
2025-05-07 13:15:08,631 - INFO - Model fitting ...
2025-05-07 13:18:52,171 - INFO - Model eval ...
2025-05-07 13:22:26,933 - INFO - Available CPUs: [0, 1, 2, 3, 4, 5, 6, 7, 8, 9, 10, 11, 12, 13, 14, 15, 16, 17, 18, 19, 20, 21, 22, 23, 24, 25, 26, 27, 28, 29, 30, 31, 32, 33, 34, 35, 36, 37, 38, 39, 40, 41, 42, 43, 44, 45, 46, 47, 48, 49, 50, 51, 52, 53, 54, 55]
2025-05-07 13:22:26,933 - INFO - Waiting for file with parameters: /s/ls4/users/selibrin/spiking_researches/correlation_encoding_and_training/mnist/hpo/shifted_nn_restr_stdp_synapse/hpo_data/hpo_iteration_data/4335607/params_1_5.pkl
2025-05-07 13:24:07,042 - INFO - Preparing datasets ...
2025-05-07 13:24:07,042 - INFO - `max_samples` = 0.2
2025-05-07 13:24:11,048 - INFO - Model initialization ...
2025-05-07 13:24:11,050 - INFO - Model fitting ...
2025-05-07 13:28:07,106 - INFO - Model eval ...
2025-05-07 13:31:35,602 - INFO - Available CPUs: [0, 1, 2, 3, 4, 5, 6, 7, 8, 9, 10, 11, 12, 13, 14, 15, 16, 17, 18, 19, 20, 21, 22, 23, 24, 25, 26, 27, 28, 29, 30, 31, 32, 33, 34, 35, 36, 37, 38, 39, 40, 41, 42, 43, 44, 45, 46, 47, 48, 49, 50, 51, 52, 53, 54, 55]
2025-05-07 13:31:35,602 - INFO - Waiting for file with parameters: /s/ls4/users/selibrin/spiking_researches/correlation_encoding_and_training/mnist/hpo/shifted_nn_restr_stdp_synapse/hpo_data/hpo_iteration_data/4335607/params_1_5.pkl
2025-05-07 13:33:40,737 - INFO - Preparing datasets ...
2025-05-07 13:33:40,737 - INFO - `max_samples` = 0.2
2025-05-07 13:33:46,074 - INFO - Model initialization ...
2025-05-07 13:33:46,078 - INFO - Model fitting ...
2025-05-07 13:37:39,604 - INFO - Model eval ...
2025-05-07 13:41:01,747 - INFO - Available CPUs: [0, 1, 2, 3, 4, 5, 6, 7, 8, 9, 10, 11, 12, 13, 14, 15, 16, 17, 18, 19, 20, 21, 22, 23, 24, 25, 26, 27, 28, 29, 30, 31, 32, 33, 34, 35, 36, 37, 38, 39, 40, 41, 42, 43, 44, 45, 46, 47, 48, 49, 50, 51, 52, 53, 54, 55]
2025-05-07 13:41:01,747 - INFO - Waiting for file with parameters: /s/ls4/users/selibrin/spiking_researches/correlation_encoding_and_training/mnist/hpo/shifted_nn_restr_stdp_synapse/hpo_data/hpo_iteration_data/4335607/params_1_5.pkl
2025-05-07 13:42:11,825 - INFO - Preparing datasets ...
2025-05-07 13:42:11,825 - INFO - `max_samples` = 0.2
2025-05-07 13:42:16,836 - INFO - Model initialization ...
2025-05-07 13:42:16,839 - INFO - Model fitting ...
2025-05-07 13:46:20,051 - INFO - Model eval ...
2025-05-07 13:50:05,119 - INFO - Available CPUs: [0, 1, 2, 3, 4, 5, 6, 7, 8, 9, 10, 11, 12, 13, 14, 15, 16, 17, 18, 19, 20, 21, 22, 23, 24, 25, 26, 27, 28, 29, 30, 31, 32, 33, 34, 35, 36, 37, 38, 39, 40, 41, 42, 43, 44, 45, 46, 47, 48, 49, 50, 51, 52, 53, 54, 55]
2025-05-07 13:50:05,119 - INFO - Waiting for file with parameters: /s/ls4/users/selibrin/spiking_researches/correlation_encoding_and_training/mnist/hpo/shifted_nn_restr_stdp_synapse/hpo_data/hpo_iteration_data/4335607/params_1_5.pkl
2025-05-07 13:51:15,199 - INFO - Preparing datasets ...
2025-05-07 13:51:15,199 - INFO - `max_samples` = 0.2
2025-05-07 13:51:20,661 - INFO - Model initialization ...
2025-05-07 13:51:20,664 - INFO - Model fitting ...
2025-05-07 13:55:11,221 - INFO - Model eval ...
2025-05-07 13:58:41,252 - INFO - Available CPUs: [0, 1, 2, 3, 4, 5, 6, 7, 8, 9, 10, 11, 12, 13, 14, 15, 16, 17, 18, 19, 20, 21, 22, 23, 24, 25, 26, 27, 28, 29, 30, 31, 32, 33, 34, 35, 36, 37, 38, 39, 40, 41, 42, 43, 44, 45, 46, 47, 48, 49, 50, 51, 52, 53, 54, 55]
2025-05-07 13:58:41,252 - INFO - Waiting for file with parameters: /s/ls4/users/selibrin/spiking_researches/correlation_encoding_and_training/mnist/hpo/shifted_nn_restr_stdp_synapse/hpo_data/hpo_iteration_data/4335607/params_1_5.pkl
2025-05-07 14:00:21,363 - INFO - Preparing datasets ...
2025-05-07 14:00:21,364 - INFO - `max_samples` = 0.2
2025-05-07 14:00:26,543 - INFO - Model initialization ...
2025-05-07 14:00:26,546 - INFO - Model fitting ...
2025-05-07 14:04:01,535 - INFO - Model eval ...
2025-05-07 14:07:31,653 - INFO - Available CPUs: [0, 1, 2, 3, 4, 5, 6, 7, 8, 9, 10, 11, 12, 13, 14, 15, 16, 17, 18, 19, 20, 21, 22, 23, 24, 25, 26, 27, 28, 29, 30, 31, 32, 33, 34, 35, 36, 37, 38, 39, 40, 41, 42, 43, 44, 45, 46, 47, 48, 49, 50, 51, 52, 53, 54, 55]
2025-05-07 14:07:31,653 - INFO - Waiting for file with parameters: /s/ls4/users/selibrin/spiking_researches/correlation_encoding_and_training/mnist/hpo/shifted_nn_restr_stdp_synapse/hpo_data/hpo_iteration_data/4335607/params_1_5.pkl
2025-05-07 14:09:26,778 - INFO - Preparing datasets ...
2025-05-07 14:09:26,779 - INFO - `max_samples` = 0.2
2025-05-07 14:09:31,252 - INFO - Model initialization ...
2025-05-07 14:09:31,256 - INFO - Model fitting ...
2025-05-07 14:13:29,061 - INFO - Model eval ...
2025-05-07 14:16:59,305 - INFO - Available CPUs: [0, 1, 2, 3, 4, 5, 6, 7, 8, 9, 10, 11, 12, 13, 14, 15, 16, 17, 18, 19, 20, 21, 22, 23, 24, 25, 26, 27, 28, 29, 30, 31, 32, 33, 34, 35, 36, 37, 38, 39, 40, 41, 42, 43, 44, 45, 46, 47, 48, 49, 50, 51, 52, 53, 54, 55]
2025-05-07 14:16:59,305 - INFO - Waiting for file with parameters: /s/ls4/users/selibrin/spiking_researches/correlation_encoding_and_training/mnist/hpo/shifted_nn_restr_stdp_synapse/hpo_data/hpo_iteration_data/4335607/params_1_5.pkl
2025-05-07 14:18:29,403 - INFO - Preparing datasets ...
2025-05-07 14:18:29,403 - INFO - `max_samples` = 0.2
2025-05-07 14:18:34,772 - INFO - Model initialization ...
2025-05-07 14:18:34,776 - INFO - Model fitting ...
2025-05-07 14:22:11,311 - INFO - Model eval ...
2025-05-07 14:25:46,275 - INFO - Available CPUs: [0, 1, 2, 3, 4, 5, 6, 7, 8, 9, 10, 11, 12, 13, 14, 15, 16, 17, 18, 19, 20, 21, 22, 23, 24, 25, 26, 27, 28, 29, 30, 31, 32, 33, 34, 35, 36, 37, 38, 39, 40, 41, 42, 43, 44, 45, 46, 47, 48, 49, 50, 51, 52, 53, 54, 55]
2025-05-07 14:25:46,275 - INFO - Waiting for file with parameters: /s/ls4/users/selibrin/spiking_researches/correlation_encoding_and_training/mnist/hpo/shifted_nn_restr_stdp_synapse/hpo_data/hpo_iteration_data/4335607/params_1_5.pkl
2025-05-07 14:27:01,356 - INFO - Preparing datasets ...
2025-05-07 14:27:01,356 - INFO - `max_samples` = 0.2
2025-05-07 14:27:06,298 - INFO - Model initialization ...
2025-05-07 14:27:06,302 - INFO - Model fitting ...
2025-05-07 14:31:04,946 - INFO - Model eval ...
2025-05-07 14:34:45,224 - INFO - Available CPUs: [0, 1, 2, 3, 4, 5, 6, 7, 8, 9, 10, 11, 12, 13, 14, 15, 16, 17, 18, 19, 20, 21, 22, 23, 24, 25, 26, 27, 28, 29, 30, 31, 32, 33, 34, 35, 36, 37, 38, 39, 40, 41, 42, 43, 44, 45, 46, 47, 48, 49, 50, 51, 52, 53, 54, 55]
2025-05-07 14:34:45,224 - INFO - Waiting for file with parameters: /s/ls4/users/selibrin/spiking_researches/correlation_encoding_and_training/mnist/hpo/shifted_nn_restr_stdp_synapse/hpo_data/hpo_iteration_data/4335607/params_1_5.pkl
2025-05-07 14:36:05,344 - INFO - Preparing datasets ...
2025-05-07 14:36:05,344 - INFO - `max_samples` = 0.2
2025-05-07 14:36:11,321 - INFO - Model initialization ...
2025-05-07 14:36:11,324 - INFO - Model fitting ...
2025-05-07 14:40:17,277 - INFO - Model eval ...
2025-05-07 14:43:50,782 - INFO - Available CPUs: [0, 1, 2, 3, 4, 5, 6, 7, 8, 9, 10, 11, 12, 13, 14, 15, 16, 17, 18, 19, 20, 21, 22, 23, 24, 25, 26, 27, 28, 29, 30, 31, 32, 33, 34, 35, 36, 37, 38, 39, 40, 41, 42, 43, 44, 45, 46, 47, 48, 49, 50, 51, 52, 53, 54, 55]
2025-05-07 14:43:50,782 - INFO - Waiting for file with parameters: /s/ls4/users/selibrin/spiking_researches/correlation_encoding_and_training/mnist/hpo/shifted_nn_restr_stdp_synapse/hpo_data/hpo_iteration_data/4335607/params_1_5.pkl
2025-05-07 14:45:10,887 - INFO - Preparing datasets ...
2025-05-07 14:45:10,887 - INFO - `max_samples` = 0.2
2025-05-07 14:45:16,310 - INFO - Model initialization ...
2025-05-07 14:45:16,313 - INFO - Model fitting ...
2025-05-07 14:49:09,586 - INFO - Model eval ...
2025-05-07 14:52:33,985 - INFO - Available CPUs: [0, 1, 2, 3, 4, 5, 6, 7, 8, 9, 10, 11, 12, 13, 14, 15, 16, 17, 18, 19, 20, 21, 22, 23, 24, 25, 26, 27, 28, 29, 30, 31, 32, 33, 34, 35, 36, 37, 38, 39, 40, 41, 42, 43, 44, 45, 46, 47, 48, 49, 50, 51, 52, 53, 54, 55]
2025-05-07 14:52:33,985 - INFO - Waiting for file with parameters: /s/ls4/users/selibrin/spiking_researches/correlation_encoding_and_training/mnist/hpo/shifted_nn_restr_stdp_synapse/hpo_data/hpo_iteration_data/4335607/params_1_5.pkl
2025-05-07 14:53:44,059 - INFO - Preparing datasets ...
2025-05-07 14:53:44,059 - INFO - `max_samples` = 0.2
2025-05-07 14:53:48,954 - INFO - Model initialization ...
2025-05-07 14:53:48,958 - INFO - Model fitting ...
2025-05-07 14:57:53,854 - INFO - Model eval ...
2025-05-07 15:01:32,006 - INFO - Available CPUs: [0, 1, 2, 3, 4, 5, 6, 7, 8, 9, 10, 11, 12, 13, 14, 15, 16, 17, 18, 19, 20, 21, 22, 23, 24, 25, 26, 27, 28, 29, 30, 31, 32, 33, 34, 35, 36, 37, 38, 39, 40, 41, 42, 43, 44, 45, 46, 47, 48, 49, 50, 51, 52, 53, 54, 55]
2025-05-07 15:01:32,006 - INFO - Waiting for file with parameters: /s/ls4/users/selibrin/spiking_researches/correlation_encoding_and_training/mnist/hpo/shifted_nn_restr_stdp_synapse/hpo_data/hpo_iteration_data/4335607/params_1_5.pkl
2025-05-07 15:02:47,086 - INFO - Preparing datasets ...
2025-05-07 15:02:47,086 - INFO - `max_samples` = 0.2
2025-05-07 15:02:52,564 - INFO - Model initialization ...
2025-05-07 15:02:52,567 - INFO - Model fitting ...
2025-05-07 15:07:03,767 - INFO - Model eval ...
2025-05-07 15:10:50,400 - INFO - Available CPUs: [0, 1, 2, 3, 4, 5, 6, 7, 8, 9, 10, 11, 12, 13, 14, 15, 16, 17, 18, 19, 20, 21, 22, 23, 24, 25, 26, 27, 28, 29, 30, 31, 32, 33, 34, 35, 36, 37, 38, 39, 40, 41, 42, 43, 44, 45, 46, 47, 48, 49, 50, 51, 52, 53, 54, 55]
2025-05-07 15:10:50,401 - INFO - Waiting for file with parameters: /s/ls4/users/selibrin/spiking_researches/correlation_encoding_and_training/mnist/hpo/shifted_nn_restr_stdp_synapse/hpo_data/hpo_iteration_data/4335607/params_1_5.pkl
2025-05-07 15:12:25,503 - INFO - Preparing datasets ...
2025-05-07 15:12:25,504 - INFO - `max_samples` = 0.2
2025-05-07 15:12:30,937 - INFO - Model initialization ...
2025-05-07 15:12:30,941 - INFO - Model fitting ...
2025-05-07 15:16:53,865 - INFO - Model eval ...
2025-05-07 15:20:31,173 - INFO - Available CPUs: [0, 1, 2, 3, 4, 5, 6, 7, 8, 9, 10, 11, 12, 13, 14, 15, 16, 17, 18, 19, 20, 21, 22, 23, 24, 25, 26, 27, 28, 29, 30, 31, 32, 33, 34, 35, 36, 37, 38, 39, 40, 41, 42, 43, 44, 45, 46, 47, 48, 49, 50, 51, 52, 53, 54, 55]
2025-05-07 15:20:31,173 - INFO - Waiting for file with parameters: /s/ls4/users/selibrin/spiking_researches/correlation_encoding_and_training/mnist/hpo/shifted_nn_restr_stdp_synapse/hpo_data/hpo_iteration_data/4335607/params_1_5.pkl
2025-05-07 15:21:56,265 - INFO - Preparing datasets ...
2025-05-07 15:21:56,265 - INFO - `max_samples` = 0.2
2025-05-07 15:22:01,717 - INFO - Model initialization ...
2025-05-07 15:22:01,720 - INFO - Model fitting ...
2025-05-07 15:25:58,329 - INFO - Model eval ...
2025-05-07 15:29:36,671 - INFO - Available CPUs: [0, 1, 2, 3, 4, 5, 6, 7, 8, 9, 10, 11, 12, 13, 14, 15, 16, 17, 18, 19, 20, 21, 22, 23, 24, 25, 26, 27, 28, 29, 30, 31, 32, 33, 34, 35, 36, 37, 38, 39, 40, 41, 42, 43, 44, 45, 46, 47, 48, 49, 50, 51, 52, 53, 54, 55]
2025-05-07 15:29:36,671 - INFO - Waiting for file with parameters: /s/ls4/users/selibrin/spiking_researches/correlation_encoding_and_training/mnist/hpo/shifted_nn_restr_stdp_synapse/hpo_data/hpo_iteration_data/4335607/params_1_5.pkl
2025-05-07 15:31:01,766 - INFO - Preparing datasets ...
2025-05-07 15:31:01,766 - INFO - `max_samples` = 0.2
2025-05-07 15:31:06,684 - INFO - Model initialization ...
2025-05-07 15:31:06,687 - INFO - Model fitting ...
2025-05-07 15:35:03,213 - INFO - Model eval ...
2025-05-07 15:38:41,527 - INFO - Available CPUs: [0, 1, 2, 3, 4, 5, 6, 7, 8, 9, 10, 11, 12, 13, 14, 15, 16, 17, 18, 19, 20, 21, 22, 23, 24, 25, 26, 27, 28, 29, 30, 31, 32, 33, 34, 35, 36, 37, 38, 39, 40, 41, 42, 43, 44, 45, 46, 47, 48, 49, 50, 51, 52, 53, 54, 55]
2025-05-07 15:38:41,528 - INFO - Waiting for file with parameters: /s/ls4/users/selibrin/spiking_researches/correlation_encoding_and_training/mnist/hpo/shifted_nn_restr_stdp_synapse/hpo_data/hpo_iteration_data/4335607/params_1_5.pkl
2025-05-07 15:40:06,613 - INFO - Preparing datasets ...
2025-05-07 15:40:06,613 - INFO - `max_samples` = 0.2
2025-05-07 15:40:11,925 - INFO - Model initialization ...
2025-05-07 15:40:11,928 - INFO - Model fitting ...
2025-05-07 15:44:05,168 - INFO - Model eval ...
2025-05-07 15:47:33,675 - INFO - Available CPUs: [0, 1, 2, 3, 4, 5, 6, 7, 8, 9, 10, 11, 12, 13, 14, 15, 16, 17, 18, 19, 20, 21, 22, 23, 24, 25, 26, 27, 28, 29, 30, 31, 32, 33, 34, 35, 36, 37, 38, 39, 40, 41, 42, 43, 44, 45, 46, 47, 48, 49, 50, 51, 52, 53, 54, 55]
2025-05-07 15:47:33,675 - INFO - Waiting for file with parameters: /s/ls4/users/selibrin/spiking_researches/correlation_encoding_and_training/mnist/hpo/shifted_nn_restr_stdp_synapse/hpo_data/hpo_iteration_data/4335607/params_1_5.pkl
2025-05-07 15:49:08,779 - INFO - Preparing datasets ...
2025-05-07 15:49:08,779 - INFO - `max_samples` = 0.2
2025-05-07 15:49:13,975 - INFO - Model initialization ...
2025-05-07 15:49:13,978 - INFO - Model fitting ...
2025-05-07 15:53:05,339 - INFO - Model eval ...
2025-05-07 15:56:18,752 - INFO - Available CPUs: [0, 1, 2, 3, 4, 5, 6, 7, 8, 9, 10, 11, 12, 13, 14, 15, 16, 17, 18, 19, 20, 21, 22, 23, 24, 25, 26, 27, 28, 29, 30, 31, 32, 33, 34, 35, 36, 37, 38, 39, 40, 41, 42, 43, 44, 45, 46, 47, 48, 49, 50, 51, 52, 53, 54, 55]
2025-05-07 15:56:18,752 - INFO - Waiting for file with parameters: /s/ls4/users/selibrin/spiking_researches/correlation_encoding_and_training/mnist/hpo/shifted_nn_restr_stdp_synapse/hpo_data/hpo_iteration_data/4335607/params_1_5.pkl
2025-05-07 15:57:43,846 - INFO - Preparing datasets ...
2025-05-07 15:57:43,846 - INFO - `max_samples` = 0.2
2025-05-07 15:57:48,064 - INFO - Model initialization ...
2025-05-07 15:57:48,067 - INFO - Model fitting ...
2025-05-07 16:01:41,628 - INFO - Model eval ...
2025-05-07 16:05:13,132 - INFO - Available CPUs: [0, 1, 2, 3, 4, 5, 6, 7, 8, 9, 10, 11, 12, 13, 14, 15, 16, 17, 18, 19, 20, 21, 22, 23, 24, 25, 26, 27, 28, 29, 30, 31, 32, 33, 34, 35, 36, 37, 38, 39, 40, 41, 42, 43, 44, 45, 46, 47, 48, 49, 50, 51, 52, 53, 54, 55]
2025-05-07 16:05:13,133 - INFO - Waiting for file with parameters: /s/ls4/users/selibrin/spiking_researches/correlation_encoding_and_training/mnist/hpo/shifted_nn_restr_stdp_synapse/hpo_data/hpo_iteration_data/4335607/params_1_5.pkl
2025-05-07 16:06:48,235 - INFO - Preparing datasets ...
2025-05-07 16:06:48,236 - INFO - `max_samples` = 0.2
2025-05-07 16:06:54,302 - INFO - Model initialization ...
2025-05-07 16:06:54,306 - INFO - Model fitting ...
2025-05-07 16:10:29,977 - INFO - Model eval ...
2025-05-07 16:14:15,828 - INFO - Available CPUs: [0, 1, 2, 3, 4, 5, 6, 7, 8, 9, 10, 11, 12, 13, 14, 15, 16, 17, 18, 19, 20, 21, 22, 23, 24, 25, 26, 27, 28, 29, 30, 31, 32, 33, 34, 35, 36, 37, 38, 39, 40, 41, 42, 43, 44, 45, 46, 47, 48, 49, 50, 51, 52, 53, 54, 55]
2025-05-07 16:14:15,828 - INFO - Waiting for file with parameters: /s/ls4/users/selibrin/spiking_researches/correlation_encoding_and_training/mnist/hpo/shifted_nn_restr_stdp_synapse/hpo_data/hpo_iteration_data/4335607/params_1_5.pkl
2025-05-07 16:15:50,922 - INFO - Preparing datasets ...
2025-05-07 16:15:50,922 - INFO - `max_samples` = 0.2
2025-05-07 16:15:55,947 - INFO - Model initialization ...
2025-05-07 16:15:55,950 - INFO - Model fitting ...
2025-05-07 16:19:56,938 - INFO - Model eval ...
2025-05-07 16:23:33,410 - INFO - Available CPUs: [0, 1, 2, 3, 4, 5, 6, 7, 8, 9, 10, 11, 12, 13, 14, 15, 16, 17, 18, 19, 20, 21, 22, 23, 24, 25, 26, 27, 28, 29, 30, 31, 32, 33, 34, 35, 36, 37, 38, 39, 40, 41, 42, 43, 44, 45, 46, 47, 48, 49, 50, 51, 52, 53, 54, 55]
2025-05-07 16:23:33,411 - INFO - Waiting for file with parameters: /s/ls4/users/selibrin/spiking_researches/correlation_encoding_and_training/mnist/hpo/shifted_nn_restr_stdp_synapse/hpo_data/hpo_iteration_data/4335607/params_1_5.pkl
2025-05-07 16:24:58,504 - INFO - Preparing datasets ...
2025-05-07 16:24:58,505 - INFO - `max_samples` = 0.2
2025-05-07 16:25:03,193 - INFO - Model initialization ...
2025-05-07 16:25:03,197 - INFO - Model fitting ...
2025-05-07 16:28:40,124 - INFO - Model eval ...
2025-05-07 16:32:05,026 - INFO - Available CPUs: [0, 1, 2, 3, 4, 5, 6, 7, 8, 9, 10, 11, 12, 13, 14, 15, 16, 17, 18, 19, 20, 21, 22, 23, 24, 25, 26, 27, 28, 29, 30, 31, 32, 33, 34, 35, 36, 37, 38, 39, 40, 41, 42, 43, 44, 45, 46, 47, 48, 49, 50, 51, 52, 53, 54, 55]
2025-05-07 16:32:05,026 - INFO - Waiting for file with parameters: /s/ls4/users/selibrin/spiking_researches/correlation_encoding_and_training/mnist/hpo/shifted_nn_restr_stdp_synapse/hpo_data/hpo_iteration_data/4335607/params_1_5.pkl
2025-05-07 16:33:30,120 - INFO - Preparing datasets ...
2025-05-07 16:33:30,120 - INFO - `max_samples` = 0.2
2025-05-07 16:33:35,381 - INFO - Model initialization ...
2025-05-07 16:33:35,384 - INFO - Model fitting ...
2025-05-07 16:37:34,685 - INFO - Model eval ...
2025-05-07 16:41:23,793 - INFO - Available CPUs: [0, 1, 2, 3, 4, 5, 6, 7, 8, 9, 10, 11, 12, 13, 14, 15, 16, 17, 18, 19, 20, 21, 22, 23, 24, 25, 26, 27, 28, 29, 30, 31, 32, 33, 34, 35, 36, 37, 38, 39, 40, 41, 42, 43, 44, 45, 46, 47, 48, 49, 50, 51, 52, 53, 54, 55]
2025-05-07 16:41:23,793 - INFO - Waiting for file with parameters: /s/ls4/users/selibrin/spiking_researches/correlation_encoding_and_training/mnist/hpo/shifted_nn_restr_stdp_synapse/hpo_data/hpo_iteration_data/4335607/params_1_5.pkl
2025-05-07 16:42:33,871 - INFO - Preparing datasets ...
2025-05-07 16:42:33,871 - INFO - `max_samples` = 0.2
2025-05-07 16:42:38,932 - INFO - Model initialization ...
2025-05-07 16:42:38,934 - INFO - Model fitting ...
2025-05-07 16:46:37,892 - INFO - Model eval ...
2025-05-07 16:49:59,254 - INFO - Available CPUs: [0, 1, 2, 3, 4, 5, 6, 7, 8, 9, 10, 11, 12, 13, 14, 15, 16, 17, 18, 19, 20, 21, 22, 23, 24, 25, 26, 27, 28, 29, 30, 31, 32, 33, 34, 35, 36, 37, 38, 39, 40, 41, 42, 43, 44, 45, 46, 47, 48, 49, 50, 51, 52, 53, 54, 55]
2025-05-07 16:49:59,254 - INFO - Waiting for file with parameters: /s/ls4/users/selibrin/spiking_researches/correlation_encoding_and_training/mnist/hpo/shifted_nn_restr_stdp_synapse/hpo_data/hpo_iteration_data/4335607/params_1_5.pkl
2025-05-07 16:51:09,327 - INFO - Preparing datasets ...
2025-05-07 16:51:09,327 - INFO - `max_samples` = 0.2
2025-05-07 16:51:14,887 - INFO - Model initialization ...
2025-05-07 16:51:14,891 - INFO - Model fitting ...
2025-05-07 16:55:18,974 - INFO - Model eval ...
2025-05-07 16:59:06,302 - INFO - Available CPUs: [0, 1, 2, 3, 4, 5, 6, 7, 8, 9, 10, 11, 12, 13, 14, 15, 16, 17, 18, 19, 20, 21, 22, 23, 24, 25, 26, 27, 28, 29, 30, 31, 32, 33, 34, 35, 36, 37, 38, 39, 40, 41, 42, 43, 44, 45, 46, 47, 48, 49, 50, 51, 52, 53, 54, 55]
2025-05-07 16:59:06,303 - INFO - Waiting for file with parameters: /s/ls4/users/selibrin/spiking_researches/correlation_encoding_and_training/mnist/hpo/shifted_nn_restr_stdp_synapse/hpo_data/hpo_iteration_data/4335607/params_1_5.pkl
2025-05-07 17:00:11,377 - INFO - Preparing datasets ...
2025-05-07 17:00:11,377 - INFO - `max_samples` = 0.2
2025-05-07 17:00:16,809 - INFO - Model initialization ...
2025-05-07 17:00:16,813 - INFO - Model fitting ...
2025-05-07 17:04:19,885 - INFO - Model eval ...
2025-05-07 17:08:08,899 - INFO - Available CPUs: [0, 1, 2, 3, 4, 5, 6, 7, 8, 9, 10, 11, 12, 13, 14, 15, 16, 17, 18, 19, 20, 21, 22, 23, 24, 25, 26, 27, 28, 29, 30, 31, 32, 33, 34, 35, 36, 37, 38, 39, 40, 41, 42, 43, 44, 45, 46, 47, 48, 49, 50, 51, 52, 53, 54, 55]
2025-05-07 17:08:08,899 - INFO - Waiting for file with parameters: /s/ls4/users/selibrin/spiking_researches/correlation_encoding_and_training/mnist/hpo/shifted_nn_restr_stdp_synapse/hpo_data/hpo_iteration_data/4335607/params_1_5.pkl
2025-05-07 17:09:18,972 - INFO - Preparing datasets ...
2025-05-07 17:09:18,972 - INFO - `max_samples` = 0.2
2025-05-07 17:09:23,864 - INFO - Model initialization ...
2025-05-07 17:09:23,868 - INFO - Model fitting ...
2025-05-07 17:13:37,452 - INFO - Model eval ...
2025-05-07 17:17:02,770 - INFO - Available CPUs: [0, 1, 2, 3, 4, 5, 6, 7, 8, 9, 10, 11, 12, 13, 14, 15, 16, 17, 18, 19, 20, 21, 22, 23, 24, 25, 26, 27, 28, 29, 30, 31, 32, 33, 34, 35, 36, 37, 38, 39, 40, 41, 42, 43, 44, 45, 46, 47, 48, 49, 50, 51, 52, 53, 54, 55]
2025-05-07 17:17:02,770 - INFO - Waiting for file with parameters: /s/ls4/users/selibrin/spiking_researches/correlation_encoding_and_training/mnist/hpo/shifted_nn_restr_stdp_synapse/hpo_data/hpo_iteration_data/4335607/params_1_5.pkl
2025-05-07 17:18:22,858 - INFO - Preparing datasets ...
2025-05-07 17:18:22,858 - INFO - `max_samples` = 0.2
2025-05-07 17:18:28,250 - INFO - Model initialization ...
2025-05-07 17:18:28,254 - INFO - Model fitting ...
2025-05-07 17:22:20,306 - INFO - Model eval ...
2025-05-07 17:25:57,809 - INFO - Available CPUs: [0, 1, 2, 3, 4, 5, 6, 7, 8, 9, 10, 11, 12, 13, 14, 15, 16, 17, 18, 19, 20, 21, 22, 23, 24, 25, 26, 27, 28, 29, 30, 31, 32, 33, 34, 35, 36, 37, 38, 39, 40, 41, 42, 43, 44, 45, 46, 47, 48, 49, 50, 51, 52, 53, 54, 55]
2025-05-07 17:25:57,810 - INFO - Waiting for file with parameters: /s/ls4/users/selibrin/spiking_researches/correlation_encoding_and_training/mnist/hpo/shifted_nn_restr_stdp_synapse/hpo_data/hpo_iteration_data/4335607/params_1_5.pkl
2025-05-07 17:27:22,900 - INFO - Preparing datasets ...
2025-05-07 17:27:22,901 - INFO - `max_samples` = 0.2
2025-05-07 17:27:28,126 - INFO - Model initialization ...
2025-05-07 17:27:28,129 - INFO - Model fitting ...
2025-05-07 17:31:11,065 - INFO - Model eval ...
2025-05-07 17:34:53,367 - INFO - Available CPUs: [0, 1, 2, 3, 4, 5, 6, 7, 8, 9, 10, 11, 12, 13, 14, 15, 16, 17, 18, 19, 20, 21, 22, 23, 24, 25, 26, 27, 28, 29, 30, 31, 32, 33, 34, 35, 36, 37, 38, 39, 40, 41, 42, 43, 44, 45, 46, 47, 48, 49, 50, 51, 52, 53, 54, 55]
2025-05-07 17:34:53,367 - INFO - Waiting for file with parameters: /s/ls4/users/selibrin/spiking_researches/correlation_encoding_and_training/mnist/hpo/shifted_nn_restr_stdp_synapse/hpo_data/hpo_iteration_data/4335607/params_1_5.pkl
2025-05-07 17:36:28,473 - INFO - Preparing datasets ...
2025-05-07 17:36:28,473 - INFO - `max_samples` = 0.2
2025-05-07 17:36:33,484 - INFO - Model initialization ...
2025-05-07 17:36:33,488 - INFO - Model fitting ...
2025-05-07 17:40:21,175 - INFO - Model eval ...
2025-05-07 17:43:50,425 - INFO - Available CPUs: [0, 1, 2, 3, 4, 5, 6, 7, 8, 9, 10, 11, 12, 13, 14, 15, 16, 17, 18, 19, 20, 21, 22, 23, 24, 25, 26, 27, 28, 29, 30, 31, 32, 33, 34, 35, 36, 37, 38, 39, 40, 41, 42, 43, 44, 45, 46, 47, 48, 49, 50, 51, 52, 53, 54, 55]
2025-05-07 17:43:50,425 - INFO - Waiting for file with parameters: /s/ls4/users/selibrin/spiking_researches/correlation_encoding_and_training/mnist/hpo/shifted_nn_restr_stdp_synapse/hpo_data/hpo_iteration_data/4335607/params_1_5.pkl
2025-05-07 17:45:00,503 - INFO - Preparing datasets ...
2025-05-07 17:45:00,504 - INFO - `max_samples` = 0.2
2025-05-07 17:45:05,919 - INFO - Model initialization ...
2025-05-07 17:45:05,922 - INFO - Model fitting ...
2025-05-07 17:49:09,560 - INFO - Model eval ...
2025-05-07 17:53:00,546 - INFO - Available CPUs: [0, 1, 2, 3, 4, 5, 6, 7, 8, 9, 10, 11, 12, 13, 14, 15, 16, 17, 18, 19, 20, 21, 22, 23, 24, 25, 26, 27, 28, 29, 30, 31, 32, 33, 34, 35, 36, 37, 38, 39, 40, 41, 42, 43, 44, 45, 46, 47, 48, 49, 50, 51, 52, 53, 54, 55]
2025-05-07 17:53:00,546 - INFO - Waiting for file with parameters: /s/ls4/users/selibrin/spiking_researches/correlation_encoding_and_training/mnist/hpo/shifted_nn_restr_stdp_synapse/hpo_data/hpo_iteration_data/4335607/params_1_5.pkl
2025-05-07 17:54:35,661 - INFO - Preparing datasets ...
2025-05-07 17:54:35,661 - INFO - `max_samples` = 0.2
2025-05-07 17:54:40,925 - INFO - Model initialization ...
2025-05-07 17:54:40,928 - INFO - Model fitting ...
2025-05-07 17:58:27,791 - INFO - Model eval ...
2025-05-07 18:02:01,133 - INFO - Available CPUs: [0, 1, 2, 3, 4, 5, 6, 7, 8, 9, 10, 11, 12, 13, 14, 15, 16, 17, 18, 19, 20, 21, 22, 23, 24, 25, 26, 27, 28, 29, 30, 31, 32, 33, 34, 35, 36, 37, 38, 39, 40, 41, 42, 43, 44, 45, 46, 47, 48, 49, 50, 51, 52, 53, 54, 55]
2025-05-07 18:02:01,133 - INFO - Waiting for file with parameters: /s/ls4/users/selibrin/spiking_researches/correlation_encoding_and_training/mnist/hpo/shifted_nn_restr_stdp_synapse/hpo_data/hpo_iteration_data/4335607/params_1_5.pkl
2025-05-07 18:03:11,231 - INFO - Preparing datasets ...
2025-05-07 18:03:11,231 - INFO - `max_samples` = 0.2
2025-05-07 18:03:16,688 - INFO - Model initialization ...
2025-05-07 18:03:16,691 - INFO - Model fitting ...
2025-05-07 18:07:19,594 - INFO - Model eval ...
2025-05-07 18:10:56,951 - INFO - Available CPUs: [0, 1, 2, 3, 4, 5, 6, 7, 8, 9, 10, 11, 12, 13, 14, 15, 16, 17, 18, 19, 20, 21, 22, 23, 24, 25, 26, 27, 28, 29, 30, 31, 32, 33, 34, 35, 36, 37, 38, 39, 40, 41, 42, 43, 44, 45, 46, 47, 48, 49, 50, 51, 52, 53, 54, 55]
2025-05-07 18:10:56,952 - INFO - Waiting for file with parameters: /s/ls4/users/selibrin/spiking_researches/correlation_encoding_and_training/mnist/hpo/shifted_nn_restr_stdp_synapse/hpo_data/hpo_iteration_data/4335607/params_1_5.pkl
2025-05-07 18:11:47,008 - INFO - Preparing datasets ...
2025-05-07 18:11:47,008 - INFO - `max_samples` = 0.2
2025-05-07 18:11:50,716 - INFO - Model initialization ...
2025-05-07 18:11:50,718 - INFO - Model fitting ...
2025-05-07 18:15:38,464 - INFO - Model eval ...
2025-05-07 18:18:42,134 - INFO - Available CPUs: [0, 1, 2, 3, 4, 5, 6, 7, 8, 9, 10, 11, 12, 13, 14, 15, 16, 17, 18, 19, 20, 21, 22, 23, 24, 25, 26, 27, 28, 29, 30, 31, 32, 33, 34, 35, 36, 37, 38, 39, 40, 41, 42, 43, 44, 45, 46, 47, 48, 49, 50, 51, 52, 53, 54, 55]
2025-05-07 18:18:42,135 - INFO - Waiting for file with parameters: /s/ls4/users/selibrin/spiking_researches/correlation_encoding_and_training/mnist/hpo/shifted_nn_restr_stdp_synapse/hpo_data/hpo_iteration_data/4335607/params_1_5.pkl
2025-05-07 18:20:47,273 - INFO - Preparing datasets ...
2025-05-07 18:20:47,273 - INFO - `max_samples` = 0.2
2025-05-07 18:20:52,385 - INFO - Model initialization ...
2025-05-07 18:20:52,390 - INFO - Model fitting ...
2025-05-07 18:24:52,610 - INFO - Model eval ...
2025-05-07 18:28:17,188 - INFO - Available CPUs: [0, 1, 2, 3, 4, 5, 6, 7, 8, 9, 10, 11, 12, 13, 14, 15, 16, 17, 18, 19, 20, 21, 22, 23, 24, 25, 26, 27, 28, 29, 30, 31, 32, 33, 34, 35, 36, 37, 38, 39, 40, 41, 42, 43, 44, 45, 46, 47, 48, 49, 50, 51, 52, 53, 54, 55]
2025-05-07 18:28:17,188 - INFO - Waiting for file with parameters: /s/ls4/users/selibrin/spiking_researches/correlation_encoding_and_training/mnist/hpo/shifted_nn_restr_stdp_synapse/hpo_data/hpo_iteration_data/4335607/params_1_5.pkl
2025-05-07 18:29:22,262 - INFO - Preparing datasets ...
2025-05-07 18:29:22,263 - INFO - `max_samples` = 0.2
2025-05-07 18:29:28,204 - INFO - Model initialization ...
2025-05-07 18:29:28,207 - INFO - Model fitting ...
2025-05-07 18:33:27,766 - INFO - Model eval ...
2025-05-07 18:37:07,145 - INFO - Available CPUs: [0, 1, 2, 3, 4, 5, 6, 7, 8, 9, 10, 11, 12, 13, 14, 15, 16, 17, 18, 19, 20, 21, 22, 23, 24, 25, 26, 27, 28, 29, 30, 31, 32, 33, 34, 35, 36, 37, 38, 39, 40, 41, 42, 43, 44, 45, 46, 47, 48, 49, 50, 51, 52, 53, 54, 55]
2025-05-07 18:37:07,145 - INFO - Waiting for file with parameters: /s/ls4/users/selibrin/spiking_researches/correlation_encoding_and_training/mnist/hpo/shifted_nn_restr_stdp_synapse/hpo_data/hpo_iteration_data/4335607/params_1_5.pkl
2025-05-07 18:38:27,230 - INFO - Preparing datasets ...
2025-05-07 18:38:27,231 - INFO - `max_samples` = 0.2
2025-05-07 18:38:32,021 - INFO - Model initialization ...
2025-05-07 18:38:32,024 - INFO - Model fitting ...
2025-05-07 18:42:27,009 - INFO - Model eval ...
2025-05-07 18:46:00,506 - INFO - Available CPUs: [0, 1, 2, 3, 4, 5, 6, 7, 8, 9, 10, 11, 12, 13, 14, 15, 16, 17, 18, 19, 20, 21, 22, 23, 24, 25, 26, 27, 28, 29, 30, 31, 32, 33, 34, 35, 36, 37, 38, 39, 40, 41, 42, 43, 44, 45, 46, 47, 48, 49, 50, 51, 52, 53, 54, 55]
2025-05-07 18:46:00,506 - INFO - Waiting for file with parameters: /s/ls4/users/selibrin/spiking_researches/correlation_encoding_and_training/mnist/hpo/shifted_nn_restr_stdp_synapse/hpo_data/hpo_iteration_data/4335607/params_1_5.pkl
2025-05-07 18:47:30,644 - INFO - Preparing datasets ...
2025-05-07 18:47:30,644 - INFO - `max_samples` = 0.2
2025-05-07 18:47:36,307 - INFO - Model initialization ...
2025-05-07 18:47:36,311 - INFO - Model fitting ...
2025-05-07 18:51:39,951 - INFO - Model eval ...
