2025-05-06 20:20:36,336 - INFO - Available CPUs: [0, 1, 2, 3, 4, 5, 6, 7, 8, 9, 10, 11, 12, 13, 14, 15, 16, 17, 18, 19, 20, 21, 22, 23, 24, 25, 26, 27, 28, 29, 30, 31, 32, 33, 34, 35, 36, 37, 38, 39, 40, 41, 42, 43, 44, 45, 46, 47, 48, 49, 50, 51, 52, 53, 54, 55]
2025-05-06 20:20:36,337 - INFO - Waiting for file with parameters: /s/ls4/users/selibrin/spiking_researches/correlation_encoding_and_training/mnist/hpo/shifted_nn_restr_stdp_synapse/hpo_data/hpo_iteration_data/4335607/params_1_9.pkl
2025-05-06 20:22:01,431 - INFO - Preparing datasets ...
2025-05-06 20:22:01,432 - INFO - `max_samples` = 0.2
2025-05-06 20:22:05,963 - INFO - Model initialization ...
2025-05-06 20:22:05,967 - INFO - Model fitting ...
2025-05-06 20:25:26,365 - INFO - Model eval ...
2025-05-06 20:28:40,385 - INFO - Available CPUs: [0, 1, 2, 3, 4, 5, 6, 7, 8, 9, 10, 11, 12, 13, 14, 15, 16, 17, 18, 19, 20, 21, 22, 23, 24, 25, 26, 27, 28, 29, 30, 31, 32, 33, 34, 35, 36, 37, 38, 39, 40, 41, 42, 43, 44, 45, 46, 47, 48, 49, 50, 51, 52, 53, 54, 55]
2025-05-06 20:28:40,386 - INFO - Waiting for file with parameters: /s/ls4/users/selibrin/spiking_researches/correlation_encoding_and_training/mnist/hpo/shifted_nn_restr_stdp_synapse/hpo_data/hpo_iteration_data/4335607/params_1_9.pkl
2025-05-06 20:30:05,478 - INFO - Preparing datasets ...
2025-05-06 20:30:05,479 - INFO - `max_samples` = 0.2
2025-05-06 20:30:10,319 - INFO - Model initialization ...
2025-05-06 20:30:10,323 - INFO - Model fitting ...
2025-05-06 20:34:40,036 - INFO - Model eval ...
2025-05-06 20:37:30,894 - INFO - Available CPUs: [0, 1, 2, 3, 4, 5, 6, 7, 8, 9, 10, 11, 12, 13, 14, 15, 16, 17, 18, 19, 20, 21, 22, 23, 24, 25, 26, 27, 28, 29, 30, 31, 32, 33, 34, 35, 36, 37, 38, 39, 40, 41, 42, 43, 44, 45, 46, 47, 48, 49, 50, 51, 52, 53, 54, 55]
2025-05-06 20:37:30,895 - INFO - Waiting for file with parameters: /s/ls4/users/selibrin/spiking_researches/correlation_encoding_and_training/mnist/hpo/shifted_nn_restr_stdp_synapse/hpo_data/hpo_iteration_data/4335607/params_1_9.pkl
2025-05-06 20:38:10,941 - INFO - Preparing datasets ...
2025-05-06 20:38:10,941 - INFO - `max_samples` = 0.2
2025-05-06 20:38:14,396 - INFO - Model initialization ...
2025-05-06 20:38:14,398 - INFO - Model fitting ...
2025-05-06 20:41:46,415 - INFO - Model eval ...
2025-05-06 20:44:45,622 - INFO - Available CPUs: [0, 1, 2, 3, 4, 5, 6, 7, 8, 9, 10, 11, 12, 13, 14, 15, 16, 17, 18, 19, 20, 21, 22, 23, 24, 25, 26, 27, 28, 29, 30, 31, 32, 33, 34, 35, 36, 37, 38, 39, 40, 41, 42, 43, 44, 45, 46, 47, 48, 49, 50, 51, 52, 53, 54, 55]
2025-05-06 20:44:45,622 - INFO - Waiting for file with parameters: /s/ls4/users/selibrin/spiking_researches/correlation_encoding_and_training/mnist/hpo/shifted_nn_restr_stdp_synapse/hpo_data/hpo_iteration_data/4335607/params_1_9.pkl
2025-05-06 20:46:15,733 - INFO - Preparing datasets ...
2025-05-06 20:46:15,733 - INFO - `max_samples` = 0.2
2025-05-06 20:46:21,009 - INFO - Model initialization ...
2025-05-06 20:46:21,013 - INFO - Model fitting ...
2025-05-06 20:49:51,031 - INFO - Model eval ...
2025-05-06 20:52:53,976 - INFO - Available CPUs: [0, 1, 2, 3, 4, 5, 6, 7, 8, 9, 10, 11, 12, 13, 14, 15, 16, 17, 18, 19, 20, 21, 22, 23, 24, 25, 26, 27, 28, 29, 30, 31, 32, 33, 34, 35, 36, 37, 38, 39, 40, 41, 42, 43, 44, 45, 46, 47, 48, 49, 50, 51, 52, 53, 54, 55]
2025-05-06 20:52:53,976 - INFO - Waiting for file with parameters: /s/ls4/users/selibrin/spiking_researches/correlation_encoding_and_training/mnist/hpo/shifted_nn_restr_stdp_synapse/hpo_data/hpo_iteration_data/4335607/params_1_9.pkl
2025-05-06 20:54:49,095 - INFO - Preparing datasets ...
2025-05-06 20:54:49,096 - INFO - `max_samples` = 0.2
2025-05-06 20:54:53,472 - INFO - Model initialization ...
2025-05-06 20:54:53,475 - INFO - Model fitting ...
2025-05-06 20:59:13,186 - INFO - Model eval ...
2025-05-06 21:02:21,155 - INFO - Available CPUs: [0, 1, 2, 3, 4, 5, 6, 7, 8, 9, 10, 11, 12, 13, 14, 15, 16, 17, 18, 19, 20, 21, 22, 23, 24, 25, 26, 27, 28, 29, 30, 31, 32, 33, 34, 35, 36, 37, 38, 39, 40, 41, 42, 43, 44, 45, 46, 47, 48, 49, 50, 51, 52, 53, 54, 55]
2025-05-06 21:02:21,155 - INFO - Waiting for file with parameters: /s/ls4/users/selibrin/spiking_researches/correlation_encoding_and_training/mnist/hpo/shifted_nn_restr_stdp_synapse/hpo_data/hpo_iteration_data/4335607/params_1_9.pkl
2025-05-06 21:03:21,224 - INFO - Preparing datasets ...
2025-05-06 21:03:21,224 - INFO - `max_samples` = 0.2
2025-05-06 21:03:26,534 - INFO - Model initialization ...
2025-05-06 21:03:26,539 - INFO - Model fitting ...
2025-05-06 21:07:54,904 - INFO - Model eval ...
2025-05-06 21:10:56,858 - INFO - Available CPUs: [0, 1, 2, 3, 4, 5, 6, 7, 8, 9, 10, 11, 12, 13, 14, 15, 16, 17, 18, 19, 20, 21, 22, 23, 24, 25, 26, 27, 28, 29, 30, 31, 32, 33, 34, 35, 36, 37, 38, 39, 40, 41, 42, 43, 44, 45, 46, 47, 48, 49, 50, 51, 52, 53, 54, 55]
2025-05-06 21:10:56,858 - INFO - Waiting for file with parameters: /s/ls4/users/selibrin/spiking_researches/correlation_encoding_and_training/mnist/hpo/shifted_nn_restr_stdp_synapse/hpo_data/hpo_iteration_data/4335607/params_1_9.pkl
2025-05-06 21:11:26,894 - INFO - Preparing datasets ...
2025-05-06 21:11:26,894 - INFO - `max_samples` = 0.2
2025-05-06 21:11:31,554 - INFO - Model initialization ...
2025-05-06 21:11:31,558 - INFO - Model fitting ...
2025-05-06 21:15:56,857 - INFO - Model eval ...
2025-05-06 21:19:32,298 - INFO - Available CPUs: [0, 1, 2, 3, 4, 5, 6, 7, 8, 9, 10, 11, 12, 13, 14, 15, 16, 17, 18, 19, 20, 21, 22, 23, 24, 25, 26, 27, 28, 29, 30, 31, 32, 33, 34, 35, 36, 37, 38, 39, 40, 41, 42, 43, 44, 45, 46, 47, 48, 49, 50, 51, 52, 53, 54, 55]
2025-05-06 21:19:32,298 - INFO - Waiting for file with parameters: /s/ls4/users/selibrin/spiking_researches/correlation_encoding_and_training/mnist/hpo/shifted_nn_restr_stdp_synapse/hpo_data/hpo_iteration_data/4335607/params_1_9.pkl
2025-05-06 21:19:57,328 - INFO - Preparing datasets ...
2025-05-06 21:19:57,328 - INFO - `max_samples` = 0.2
2025-05-06 21:20:02,765 - INFO - Model initialization ...
2025-05-06 21:20:02,769 - INFO - Model fitting ...
2025-05-06 21:24:08,427 - INFO - Model eval ...
2025-05-06 21:27:47,034 - INFO - Available CPUs: [0, 1, 2, 3, 4, 5, 6, 7, 8, 9, 10, 11, 12, 13, 14, 15, 16, 17, 18, 19, 20, 21, 22, 23, 24, 25, 26, 27, 28, 29, 30, 31, 32, 33, 34, 35, 36, 37, 38, 39, 40, 41, 42, 43, 44, 45, 46, 47, 48, 49, 50, 51, 52, 53, 54, 55]
2025-05-06 21:27:47,035 - INFO - Waiting for file with parameters: /s/ls4/users/selibrin/spiking_researches/correlation_encoding_and_training/mnist/hpo/shifted_nn_restr_stdp_synapse/hpo_data/hpo_iteration_data/4335607/params_1_9.pkl
2025-05-06 21:28:32,085 - INFO - Preparing datasets ...
2025-05-06 21:28:32,086 - INFO - `max_samples` = 0.2
2025-05-06 21:28:36,934 - INFO - Model initialization ...
2025-05-06 21:28:36,940 - INFO - Model fitting ...
2025-05-06 21:32:47,947 - INFO - Model eval ...
2025-05-06 21:36:13,765 - INFO - Available CPUs: [0, 1, 2, 3, 4, 5, 6, 7, 8, 9, 10, 11, 12, 13, 14, 15, 16, 17, 18, 19, 20, 21, 22, 23, 24, 25, 26, 27, 28, 29, 30, 31, 32, 33, 34, 35, 36, 37, 38, 39, 40, 41, 42, 43, 44, 45, 46, 47, 48, 49, 50, 51, 52, 53, 54, 55]
2025-05-06 21:36:13,766 - INFO - Waiting for file with parameters: /s/ls4/users/selibrin/spiking_researches/correlation_encoding_and_training/mnist/hpo/shifted_nn_restr_stdp_synapse/hpo_data/hpo_iteration_data/4335607/params_1_9.pkl
2025-05-06 21:37:38,860 - INFO - Preparing datasets ...
2025-05-06 21:37:38,861 - INFO - `max_samples` = 0.2
2025-05-06 21:37:44,168 - INFO - Model initialization ...
2025-05-06 21:37:44,172 - INFO - Model fitting ...
2025-05-06 21:42:00,186 - INFO - Model eval ...
2025-05-06 21:45:30,925 - INFO - Available CPUs: [0, 1, 2, 3, 4, 5, 6, 7, 8, 9, 10, 11, 12, 13, 14, 15, 16, 17, 18, 19, 20, 21, 22, 23, 24, 25, 26, 27, 28, 29, 30, 31, 32, 33, 34, 35, 36, 37, 38, 39, 40, 41, 42, 43, 44, 45, 46, 47, 48, 49, 50, 51, 52, 53, 54, 55]
2025-05-06 21:45:30,925 - INFO - Waiting for file with parameters: /s/ls4/users/selibrin/spiking_researches/correlation_encoding_and_training/mnist/hpo/shifted_nn_restr_stdp_synapse/hpo_data/hpo_iteration_data/4335607/params_1_9.pkl
2025-05-06 21:46:10,971 - INFO - Preparing datasets ...
2025-05-06 21:46:10,971 - INFO - `max_samples` = 0.2
2025-05-06 21:46:16,414 - INFO - Model initialization ...
2025-05-06 21:46:16,418 - INFO - Model fitting ...
2025-05-06 21:50:39,601 - INFO - Model eval ...
2025-05-06 21:54:23,714 - INFO - Available CPUs: [0, 1, 2, 3, 4, 5, 6, 7, 8, 9, 10, 11, 12, 13, 14, 15, 16, 17, 18, 19, 20, 21, 22, 23, 24, 25, 26, 27, 28, 29, 30, 31, 32, 33, 34, 35, 36, 37, 38, 39, 40, 41, 42, 43, 44, 45, 46, 47, 48, 49, 50, 51, 52, 53, 54, 55]
2025-05-06 21:54:23,715 - INFO - Waiting for file with parameters: /s/ls4/users/selibrin/spiking_researches/correlation_encoding_and_training/mnist/hpo/shifted_nn_restr_stdp_synapse/hpo_data/hpo_iteration_data/4335607/params_1_9.pkl
2025-05-06 21:54:43,740 - INFO - Preparing datasets ...
2025-05-06 21:54:43,740 - INFO - `max_samples` = 0.2
2025-05-06 21:54:48,764 - INFO - Model initialization ...
2025-05-06 21:54:48,778 - INFO - Model fitting ...
2025-05-06 21:59:00,369 - INFO - Model eval ...
2025-05-06 22:02:27,773 - INFO - Available CPUs: [0, 1, 2, 3, 4, 5, 6, 7, 8, 9, 10, 11, 12, 13, 14, 15, 16, 17, 18, 19, 20, 21, 22, 23, 24, 25, 26, 27, 28, 29, 30, 31, 32, 33, 34, 35, 36, 37, 38, 39, 40, 41, 42, 43, 44, 45, 46, 47, 48, 49, 50, 51, 52, 53, 54, 55]
2025-05-06 22:02:27,773 - INFO - Waiting for file with parameters: /s/ls4/users/selibrin/spiking_researches/correlation_encoding_and_training/mnist/hpo/shifted_nn_restr_stdp_synapse/hpo_data/hpo_iteration_data/4335607/params_1_9.pkl
2025-05-06 22:03:17,834 - INFO - Preparing datasets ...
2025-05-06 22:03:17,834 - INFO - `max_samples` = 0.2
2025-05-06 22:03:23,529 - INFO - Model initialization ...
2025-05-06 22:03:23,533 - INFO - Model fitting ...
2025-05-06 22:07:55,516 - INFO - Model eval ...
2025-05-06 22:11:32,368 - INFO - Available CPUs: [0, 1, 2, 3, 4, 5, 6, 7, 8, 9, 10, 11, 12, 13, 14, 15, 16, 17, 18, 19, 20, 21, 22, 23, 24, 25, 26, 27, 28, 29, 30, 31, 32, 33, 34, 35, 36, 37, 38, 39, 40, 41, 42, 43, 44, 45, 46, 47, 48, 49, 50, 51, 52, 53, 54, 55]
2025-05-06 22:11:32,368 - INFO - Waiting for file with parameters: /s/ls4/users/selibrin/spiking_researches/correlation_encoding_and_training/mnist/hpo/shifted_nn_restr_stdp_synapse/hpo_data/hpo_iteration_data/4335607/params_1_9.pkl
2025-05-06 22:12:22,423 - INFO - Preparing datasets ...
2025-05-06 22:12:22,423 - INFO - `max_samples` = 0.2
2025-05-06 22:12:28,194 - INFO - Model initialization ...
2025-05-06 22:12:28,197 - INFO - Model fitting ...
2025-05-06 22:16:59,245 - INFO - Model eval ...
2025-05-06 22:20:50,438 - INFO - Available CPUs: [0, 1, 2, 3, 4, 5, 6, 7, 8, 9, 10, 11, 12, 13, 14, 15, 16, 17, 18, 19, 20, 21, 22, 23, 24, 25, 26, 27, 28, 29, 30, 31, 32, 33, 34, 35, 36, 37, 38, 39, 40, 41, 42, 43, 44, 45, 46, 47, 48, 49, 50, 51, 52, 53, 54, 55]
2025-05-06 22:20:50,438 - INFO - Waiting for file with parameters: /s/ls4/users/selibrin/spiking_researches/correlation_encoding_and_training/mnist/hpo/shifted_nn_restr_stdp_synapse/hpo_data/hpo_iteration_data/4335607/params_1_9.pkl
2025-05-06 22:21:25,478 - INFO - Preparing datasets ...
2025-05-06 22:21:25,479 - INFO - `max_samples` = 0.2
2025-05-06 22:21:31,078 - INFO - Model initialization ...
2025-05-06 22:21:31,081 - INFO - Model fitting ...
2025-05-06 22:25:27,096 - INFO - Model eval ...
2025-05-06 22:28:40,242 - INFO - Available CPUs: [0, 1, 2, 3, 4, 5, 6, 7, 8, 9, 10, 11, 12, 13, 14, 15, 16, 17, 18, 19, 20, 21, 22, 23, 24, 25, 26, 27, 28, 29, 30, 31, 32, 33, 34, 35, 36, 37, 38, 39, 40, 41, 42, 43, 44, 45, 46, 47, 48, 49, 50, 51, 52, 53, 54, 55]
2025-05-06 22:28:40,242 - INFO - Waiting for file with parameters: /s/ls4/users/selibrin/spiking_researches/correlation_encoding_and_training/mnist/hpo/shifted_nn_restr_stdp_synapse/hpo_data/hpo_iteration_data/4335607/params_1_9.pkl
2025-05-06 22:30:00,327 - INFO - Preparing datasets ...
2025-05-06 22:30:00,328 - INFO - `max_samples` = 0.2
2025-05-06 22:30:05,148 - INFO - Model initialization ...
2025-05-06 22:30:05,150 - INFO - Model fitting ...
2025-05-06 22:34:32,794 - INFO - Model eval ...
2025-05-06 22:38:04,448 - INFO - Available CPUs: [0, 1, 2, 3, 4, 5, 6, 7, 8, 9, 10, 11, 12, 13, 14, 15, 16, 17, 18, 19, 20, 21, 22, 23, 24, 25, 26, 27, 28, 29, 30, 31, 32, 33, 34, 35, 36, 37, 38, 39, 40, 41, 42, 43, 44, 45, 46, 47, 48, 49, 50, 51, 52, 53, 54, 55]
2025-05-06 22:38:04,448 - INFO - Waiting for file with parameters: /s/ls4/users/selibrin/spiking_researches/correlation_encoding_and_training/mnist/hpo/shifted_nn_restr_stdp_synapse/hpo_data/hpo_iteration_data/4335607/params_1_9.pkl
2025-05-06 22:38:34,496 - INFO - Preparing datasets ...
2025-05-06 22:38:34,497 - INFO - `max_samples` = 0.2
2025-05-06 22:38:40,025 - INFO - Model initialization ...
2025-05-06 22:38:40,028 - INFO - Model fitting ...
2025-05-06 22:42:45,230 - INFO - Model eval ...
2025-05-06 22:46:09,244 - INFO - Available CPUs: [0, 1, 2, 3, 4, 5, 6, 7, 8, 9, 10, 11, 12, 13, 14, 15, 16, 17, 18, 19, 20, 21, 22, 23, 24, 25, 26, 27, 28, 29, 30, 31, 32, 33, 34, 35, 36, 37, 38, 39, 40, 41, 42, 43, 44, 45, 46, 47, 48, 49, 50, 51, 52, 53, 54, 55]
2025-05-06 22:46:09,244 - INFO - Waiting for file with parameters: /s/ls4/users/selibrin/spiking_researches/correlation_encoding_and_training/mnist/hpo/shifted_nn_restr_stdp_synapse/hpo_data/hpo_iteration_data/4335607/params_1_9.pkl
2025-05-06 22:47:09,313 - INFO - Preparing datasets ...
2025-05-06 22:47:09,313 - INFO - `max_samples` = 0.2
2025-05-06 22:47:13,281 - INFO - Model initialization ...
2025-05-06 22:47:13,283 - INFO - Model fitting ...
2025-05-06 22:51:21,214 - INFO - Model eval ...
2025-05-06 22:54:37,816 - INFO - Available CPUs: [0, 1, 2, 3, 4, 5, 6, 7, 8, 9, 10, 11, 12, 13, 14, 15, 16, 17, 18, 19, 20, 21, 22, 23, 24, 25, 26, 27, 28, 29, 30, 31, 32, 33, 34, 35, 36, 37, 38, 39, 40, 41, 42, 43, 44, 45, 46, 47, 48, 49, 50, 51, 52, 53, 54, 55]
2025-05-06 22:54:37,817 - INFO - Waiting for file with parameters: /s/ls4/users/selibrin/spiking_researches/correlation_encoding_and_training/mnist/hpo/shifted_nn_restr_stdp_synapse/hpo_data/hpo_iteration_data/4335607/params_1_9.pkl
2025-05-06 22:55:42,890 - INFO - Preparing datasets ...
2025-05-06 22:55:42,890 - INFO - `max_samples` = 0.2
2025-05-06 22:55:48,062 - INFO - Model initialization ...
2025-05-06 22:55:48,065 - INFO - Model fitting ...
2025-05-06 23:00:09,912 - INFO - Model eval ...
2025-05-06 23:03:38,357 - INFO - Available CPUs: [0, 1, 2, 3, 4, 5, 6, 7, 8, 9, 10, 11, 12, 13, 14, 15, 16, 17, 18, 19, 20, 21, 22, 23, 24, 25, 26, 27, 28, 29, 30, 31, 32, 33, 34, 35, 36, 37, 38, 39, 40, 41, 42, 43, 44, 45, 46, 47, 48, 49, 50, 51, 52, 53, 54, 55]
2025-05-06 23:03:38,357 - INFO - Waiting for file with parameters: /s/ls4/users/selibrin/spiking_researches/correlation_encoding_and_training/mnist/hpo/shifted_nn_restr_stdp_synapse/hpo_data/hpo_iteration_data/4335607/params_1_9.pkl
2025-05-06 23:04:18,402 - INFO - Preparing datasets ...
2025-05-06 23:04:18,402 - INFO - `max_samples` = 0.2
2025-05-06 23:04:24,046 - INFO - Model initialization ...
2025-05-06 23:04:24,049 - INFO - Model fitting ...
2025-05-06 23:08:29,168 - INFO - Model eval ...
2025-05-06 23:12:16,582 - INFO - Available CPUs: [0, 1, 2, 3, 4, 5, 6, 7, 8, 9, 10, 11, 12, 13, 14, 15, 16, 17, 18, 19, 20, 21, 22, 23, 24, 25, 26, 27, 28, 29, 30, 31, 32, 33, 34, 35, 36, 37, 38, 39, 40, 41, 42, 43, 44, 45, 46, 47, 48, 49, 50, 51, 52, 53, 54, 55]
2025-05-06 23:12:16,582 - INFO - Waiting for file with parameters: /s/ls4/users/selibrin/spiking_researches/correlation_encoding_and_training/mnist/hpo/shifted_nn_restr_stdp_synapse/hpo_data/hpo_iteration_data/4335607/params_1_9.pkl
2025-05-06 23:12:51,623 - INFO - Preparing datasets ...
2025-05-06 23:12:51,624 - INFO - `max_samples` = 0.2
2025-05-06 23:12:57,404 - INFO - Model initialization ...
2025-05-06 23:12:57,409 - INFO - Model fitting ...
2025-05-06 23:17:24,862 - INFO - Model eval ...
2025-05-06 23:21:09,305 - INFO - Available CPUs: [0, 1, 2, 3, 4, 5, 6, 7, 8, 9, 10, 11, 12, 13, 14, 15, 16, 17, 18, 19, 20, 21, 22, 23, 24, 25, 26, 27, 28, 29, 30, 31, 32, 33, 34, 35, 36, 37, 38, 39, 40, 41, 42, 43, 44, 45, 46, 47, 48, 49, 50, 51, 52, 53, 54, 55]
2025-05-06 23:21:09,305 - INFO - Waiting for file with parameters: /s/ls4/users/selibrin/spiking_researches/correlation_encoding_and_training/mnist/hpo/shifted_nn_restr_stdp_synapse/hpo_data/hpo_iteration_data/4335607/params_1_9.pkl
2025-05-06 23:21:54,353 - INFO - Preparing datasets ...
2025-05-06 23:21:54,353 - INFO - `max_samples` = 0.2
2025-05-06 23:21:59,891 - INFO - Model initialization ...
2025-05-06 23:21:59,894 - INFO - Model fitting ...
2025-05-06 23:26:29,951 - INFO - Model eval ...
2025-05-06 23:29:53,359 - INFO - Available CPUs: [0, 1, 2, 3, 4, 5, 6, 7, 8, 9, 10, 11, 12, 13, 14, 15, 16, 17, 18, 19, 20, 21, 22, 23, 24, 25, 26, 27, 28, 29, 30, 31, 32, 33, 34, 35, 36, 37, 38, 39, 40, 41, 42, 43, 44, 45, 46, 47, 48, 49, 50, 51, 52, 53, 54, 55]
2025-05-06 23:29:53,359 - INFO - Waiting for file with parameters: /s/ls4/users/selibrin/spiking_researches/correlation_encoding_and_training/mnist/hpo/shifted_nn_restr_stdp_synapse/hpo_data/hpo_iteration_data/4335607/params_1_9.pkl
2025-05-06 23:30:28,399 - INFO - Preparing datasets ...
2025-05-06 23:30:28,399 - INFO - `max_samples` = 0.2
2025-05-06 23:30:34,165 - INFO - Model initialization ...
2025-05-06 23:30:34,169 - INFO - Model fitting ...
2025-05-06 23:34:51,812 - INFO - Model eval ...
2025-05-06 23:38:27,436 - INFO - Available CPUs: [0, 1, 2, 3, 4, 5, 6, 7, 8, 9, 10, 11, 12, 13, 14, 15, 16, 17, 18, 19, 20, 21, 22, 23, 24, 25, 26, 27, 28, 29, 30, 31, 32, 33, 34, 35, 36, 37, 38, 39, 40, 41, 42, 43, 44, 45, 46, 47, 48, 49, 50, 51, 52, 53, 54, 55]
2025-05-06 23:38:27,436 - INFO - Waiting for file with parameters: /s/ls4/users/selibrin/spiking_researches/correlation_encoding_and_training/mnist/hpo/shifted_nn_restr_stdp_synapse/hpo_data/hpo_iteration_data/4335607/params_1_9.pkl
2025-05-06 23:39:02,487 - INFO - Preparing datasets ...
2025-05-06 23:39:02,487 - INFO - `max_samples` = 0.2
2025-05-06 23:39:07,875 - INFO - Model initialization ...
2025-05-06 23:39:07,878 - INFO - Model fitting ...
2025-05-06 23:43:10,760 - INFO - Model eval ...
2025-05-06 23:46:26,040 - INFO - Available CPUs: [0, 1, 2, 3, 4, 5, 6, 7, 8, 9, 10, 11, 12, 13, 14, 15, 16, 17, 18, 19, 20, 21, 22, 23, 24, 25, 26, 27, 28, 29, 30, 31, 32, 33, 34, 35, 36, 37, 38, 39, 40, 41, 42, 43, 44, 45, 46, 47, 48, 49, 50, 51, 52, 53, 54, 55]
2025-05-06 23:46:26,041 - INFO - Waiting for file with parameters: /s/ls4/users/selibrin/spiking_researches/correlation_encoding_and_training/mnist/hpo/shifted_nn_restr_stdp_synapse/hpo_data/hpo_iteration_data/4335607/params_1_9.pkl
2025-05-06 23:47:41,122 - INFO - Preparing datasets ...
2025-05-06 23:47:41,122 - INFO - `max_samples` = 0.2
2025-05-06 23:47:46,021 - INFO - Model initialization ...
2025-05-06 23:47:46,025 - INFO - Model fitting ...
2025-05-06 23:51:32,149 - INFO - Model eval ...
2025-05-06 23:55:01,613 - INFO - Available CPUs: [0, 1, 2, 3, 4, 5, 6, 7, 8, 9, 10, 11, 12, 13, 14, 15, 16, 17, 18, 19, 20, 21, 22, 23, 24, 25, 26, 27, 28, 29, 30, 31, 32, 33, 34, 35, 36, 37, 38, 39, 40, 41, 42, 43, 44, 45, 46, 47, 48, 49, 50, 51, 52, 53, 54, 55]
2025-05-06 23:55:01,613 - INFO - Waiting for file with parameters: /s/ls4/users/selibrin/spiking_researches/correlation_encoding_and_training/mnist/hpo/shifted_nn_restr_stdp_synapse/hpo_data/hpo_iteration_data/4335607/params_1_9.pkl
2025-05-06 23:56:11,689 - INFO - Preparing datasets ...
2025-05-06 23:56:11,689 - INFO - `max_samples` = 0.2
2025-05-06 23:56:16,555 - INFO - Model initialization ...
2025-05-06 23:56:16,558 - INFO - Model fitting ...
2025-05-07 00:00:39,226 - INFO - Model eval ...
2025-05-07 00:03:52,448 - INFO - Available CPUs: [0, 1, 2, 3, 4, 5, 6, 7, 8, 9, 10, 11, 12, 13, 14, 15, 16, 17, 18, 19, 20, 21, 22, 23, 24, 25, 26, 27, 28, 29, 30, 31, 32, 33, 34, 35, 36, 37, 38, 39, 40, 41, 42, 43, 44, 45, 46, 47, 48, 49, 50, 51, 52, 53, 54, 55]
2025-05-07 00:03:52,448 - INFO - Waiting for file with parameters: /s/ls4/users/selibrin/spiking_researches/correlation_encoding_and_training/mnist/hpo/shifted_nn_restr_stdp_synapse/hpo_data/hpo_iteration_data/4335607/params_1_9.pkl
2025-05-07 00:04:47,509 - INFO - Preparing datasets ...
2025-05-07 00:04:47,509 - INFO - `max_samples` = 0.2
2025-05-07 00:04:52,509 - INFO - Model initialization ...
2025-05-07 00:04:52,513 - INFO - Model fitting ...
2025-05-07 00:09:04,044 - INFO - Model eval ...
2025-05-07 00:12:11,469 - INFO - Available CPUs: [0, 1, 2, 3, 4, 5, 6, 7, 8, 9, 10, 11, 12, 13, 14, 15, 16, 17, 18, 19, 20, 21, 22, 23, 24, 25, 26, 27, 28, 29, 30, 31, 32, 33, 34, 35, 36, 37, 38, 39, 40, 41, 42, 43, 44, 45, 46, 47, 48, 49, 50, 51, 52, 53, 54, 55]
2025-05-07 00:12:11,470 - INFO - Waiting for file with parameters: /s/ls4/users/selibrin/spiking_researches/correlation_encoding_and_training/mnist/hpo/shifted_nn_restr_stdp_synapse/hpo_data/hpo_iteration_data/4335607/params_1_9.pkl
2025-05-07 00:13:21,547 - INFO - Preparing datasets ...
2025-05-07 00:13:21,547 - INFO - `max_samples` = 0.2
2025-05-07 00:13:27,108 - INFO - Model initialization ...
2025-05-07 00:13:27,111 - INFO - Model fitting ...
2025-05-07 00:17:45,995 - INFO - Model eval ...
2025-05-07 00:21:15,736 - INFO - Available CPUs: [0, 1, 2, 3, 4, 5, 6, 7, 8, 9, 10, 11, 12, 13, 14, 15, 16, 17, 18, 19, 20, 21, 22, 23, 24, 25, 26, 27, 28, 29, 30, 31, 32, 33, 34, 35, 36, 37, 38, 39, 40, 41, 42, 43, 44, 45, 46, 47, 48, 49, 50, 51, 52, 53, 54, 55]
2025-05-07 00:21:15,736 - INFO - Waiting for file with parameters: /s/ls4/users/selibrin/spiking_researches/correlation_encoding_and_training/mnist/hpo/shifted_nn_restr_stdp_synapse/hpo_data/hpo_iteration_data/4335607/params_1_9.pkl
2025-05-07 00:21:55,783 - INFO - Preparing datasets ...
2025-05-07 00:21:55,784 - INFO - `max_samples` = 0.2
2025-05-07 00:22:01,080 - INFO - Model initialization ...
2025-05-07 00:22:01,083 - INFO - Model fitting ...
2025-05-07 00:26:18,307 - INFO - Model eval ...
2025-05-07 00:29:36,749 - INFO - Available CPUs: [0, 1, 2, 3, 4, 5, 6, 7, 8, 9, 10, 11, 12, 13, 14, 15, 16, 17, 18, 19, 20, 21, 22, 23, 24, 25, 26, 27, 28, 29, 30, 31, 32, 33, 34, 35, 36, 37, 38, 39, 40, 41, 42, 43, 44, 45, 46, 47, 48, 49, 50, 51, 52, 53, 54, 55]
2025-05-07 00:29:36,749 - INFO - Waiting for file with parameters: /s/ls4/users/selibrin/spiking_researches/correlation_encoding_and_training/mnist/hpo/shifted_nn_restr_stdp_synapse/hpo_data/hpo_iteration_data/4335607/params_1_9.pkl
2025-05-07 00:30:26,804 - INFO - Preparing datasets ...
2025-05-07 00:30:26,804 - INFO - `max_samples` = 0.2
2025-05-07 00:30:32,175 - INFO - Model initialization ...
2025-05-07 00:30:32,178 - INFO - Model fitting ...
2025-05-07 00:34:58,778 - INFO - Model eval ...
2025-05-07 00:38:49,731 - INFO - Available CPUs: [0, 1, 2, 3, 4, 5, 6, 7, 8, 9, 10, 11, 12, 13, 14, 15, 16, 17, 18, 19, 20, 21, 22, 23, 24, 25, 26, 27, 28, 29, 30, 31, 32, 33, 34, 35, 36, 37, 38, 39, 40, 41, 42, 43, 44, 45, 46, 47, 48, 49, 50, 51, 52, 53, 54, 55]
2025-05-07 00:38:49,731 - INFO - Waiting for file with parameters: /s/ls4/users/selibrin/spiking_researches/correlation_encoding_and_training/mnist/hpo/shifted_nn_restr_stdp_synapse/hpo_data/hpo_iteration_data/4335607/params_1_9.pkl
2025-05-07 00:39:34,784 - INFO - Preparing datasets ...
2025-05-07 00:39:34,784 - INFO - `max_samples` = 0.2
2025-05-07 00:39:40,051 - INFO - Model initialization ...
2025-05-07 00:39:40,055 - INFO - Model fitting ...
2025-05-07 00:43:58,630 - INFO - Model eval ...
2025-05-07 00:47:20,159 - INFO - Available CPUs: [0, 1, 2, 3, 4, 5, 6, 7, 8, 9, 10, 11, 12, 13, 14, 15, 16, 17, 18, 19, 20, 21, 22, 23, 24, 25, 26, 27, 28, 29, 30, 31, 32, 33, 34, 35, 36, 37, 38, 39, 40, 41, 42, 43, 44, 45, 46, 47, 48, 49, 50, 51, 52, 53, 54, 55]
2025-05-07 00:47:20,159 - INFO - Waiting for file with parameters: /s/ls4/users/selibrin/spiking_researches/correlation_encoding_and_training/mnist/hpo/shifted_nn_restr_stdp_synapse/hpo_data/hpo_iteration_data/4335607/params_1_9.pkl
2025-05-07 00:48:10,215 - INFO - Preparing datasets ...
2025-05-07 00:48:10,216 - INFO - `max_samples` = 0.2
2025-05-07 00:48:15,818 - INFO - Model initialization ...
2025-05-07 00:48:15,822 - INFO - Model fitting ...
2025-05-07 00:52:48,616 - INFO - Model eval ...
2025-05-07 00:56:22,947 - INFO - Available CPUs: [0, 1, 2, 3, 4, 5, 6, 7, 8, 9, 10, 11, 12, 13, 14, 15, 16, 17, 18, 19, 20, 21, 22, 23, 24, 25, 26, 27, 28, 29, 30, 31, 32, 33, 34, 35, 36, 37, 38, 39, 40, 41, 42, 43, 44, 45, 46, 47, 48, 49, 50, 51, 52, 53, 54, 55]
2025-05-07 00:56:22,947 - INFO - Waiting for file with parameters: /s/ls4/users/selibrin/spiking_researches/correlation_encoding_and_training/mnist/hpo/shifted_nn_restr_stdp_synapse/hpo_data/hpo_iteration_data/4335607/params_1_9.pkl
2025-05-07 00:56:42,969 - INFO - Preparing datasets ...
2025-05-07 00:56:42,969 - INFO - `max_samples` = 0.2
2025-05-07 00:56:47,538 - INFO - Model initialization ...
2025-05-07 00:56:47,541 - INFO - Model fitting ...
2025-05-07 01:01:01,851 - INFO - Model eval ...
2025-05-07 01:04:45,279 - INFO - Available CPUs: [0, 1, 2, 3, 4, 5, 6, 7, 8, 9, 10, 11, 12, 13, 14, 15, 16, 17, 18, 19, 20, 21, 22, 23, 24, 25, 26, 27, 28, 29, 30, 31, 32, 33, 34, 35, 36, 37, 38, 39, 40, 41, 42, 43, 44, 45, 46, 47, 48, 49, 50, 51, 52, 53, 54, 55]
2025-05-07 01:04:45,280 - INFO - Waiting for file with parameters: /s/ls4/users/selibrin/spiking_researches/correlation_encoding_and_training/mnist/hpo/shifted_nn_restr_stdp_synapse/hpo_data/hpo_iteration_data/4335607/params_1_9.pkl
2025-05-07 01:05:15,315 - INFO - Preparing datasets ...
2025-05-07 01:05:15,315 - INFO - `max_samples` = 0.2
2025-05-07 01:05:19,581 - INFO - Model initialization ...
2025-05-07 01:05:19,585 - INFO - Model fitting ...
2025-05-07 01:09:16,507 - INFO - Model eval ...
2025-05-07 01:12:42,551 - INFO - Available CPUs: [0, 1, 2, 3, 4, 5, 6, 7, 8, 9, 10, 11, 12, 13, 14, 15, 16, 17, 18, 19, 20, 21, 22, 23, 24, 25, 26, 27, 28, 29, 30, 31, 32, 33, 34, 35, 36, 37, 38, 39, 40, 41, 42, 43, 44, 45, 46, 47, 48, 49, 50, 51, 52, 53, 54, 55]
2025-05-07 01:12:42,551 - INFO - Waiting for file with parameters: /s/ls4/users/selibrin/spiking_researches/correlation_encoding_and_training/mnist/hpo/shifted_nn_restr_stdp_synapse/hpo_data/hpo_iteration_data/4335607/params_1_9.pkl
2025-05-07 01:13:47,616 - INFO - Preparing datasets ...
2025-05-07 01:13:47,616 - INFO - `max_samples` = 0.2
2025-05-07 01:13:53,015 - INFO - Model initialization ...
2025-05-07 01:13:53,019 - INFO - Model fitting ...
2025-05-07 01:18:13,246 - INFO - Model eval ...
2025-05-07 01:21:28,599 - INFO - Available CPUs: [0, 1, 2, 3, 4, 5, 6, 7, 8, 9, 10, 11, 12, 13, 14, 15, 16, 17, 18, 19, 20, 21, 22, 23, 24, 25, 26, 27, 28, 29, 30, 31, 32, 33, 34, 35, 36, 37, 38, 39, 40, 41, 42, 43, 44, 45, 46, 47, 48, 49, 50, 51, 52, 53, 54, 55]
2025-05-07 01:21:28,599 - INFO - Waiting for file with parameters: /s/ls4/users/selibrin/spiking_researches/correlation_encoding_and_training/mnist/hpo/shifted_nn_restr_stdp_synapse/hpo_data/hpo_iteration_data/4335607/params_1_9.pkl
2025-05-07 01:21:53,626 - INFO - Preparing datasets ...
2025-05-07 01:21:53,626 - INFO - `max_samples` = 0.2
2025-05-07 01:21:58,455 - INFO - Model initialization ...
2025-05-07 01:21:58,458 - INFO - Model fitting ...
2025-05-07 01:26:21,182 - INFO - Model eval ...
2025-05-07 01:29:43,997 - INFO - Available CPUs: [0, 1, 2, 3, 4, 5, 6, 7, 8, 9, 10, 11, 12, 13, 14, 15, 16, 17, 18, 19, 20, 21, 22, 23, 24, 25, 26, 27, 28, 29, 30, 31, 32, 33, 34, 35, 36, 37, 38, 39, 40, 41, 42, 43, 44, 45, 46, 47, 48, 49, 50, 51, 52, 53, 54, 55]
2025-05-07 01:29:43,997 - INFO - Waiting for file with parameters: /s/ls4/users/selibrin/spiking_researches/correlation_encoding_and_training/mnist/hpo/shifted_nn_restr_stdp_synapse/hpo_data/hpo_iteration_data/4335607/params_1_9.pkl
2025-05-07 01:30:29,047 - INFO - Preparing datasets ...
2025-05-07 01:30:29,047 - INFO - `max_samples` = 0.2
2025-05-07 01:30:33,679 - INFO - Model initialization ...
2025-05-07 01:30:35,452 - INFO - Model fitting ...
2025-05-07 01:35:15,737 - INFO - Model eval ...
2025-05-07 01:39:07,590 - INFO - Available CPUs: [0, 1, 2, 3, 4, 5, 6, 7, 8, 9, 10, 11, 12, 13, 14, 15, 16, 17, 18, 19, 20, 21, 22, 23, 24, 25, 26, 27, 28, 29, 30, 31, 32, 33, 34, 35, 36, 37, 38, 39, 40, 41, 42, 43, 44, 45, 46, 47, 48, 49, 50, 51, 52, 53, 54, 55]
2025-05-07 01:39:07,591 - INFO - Waiting for file with parameters: /s/ls4/users/selibrin/spiking_researches/correlation_encoding_and_training/mnist/hpo/shifted_nn_restr_stdp_synapse/hpo_data/hpo_iteration_data/4335607/params_1_9.pkl
2025-05-07 01:39:32,618 - INFO - Preparing datasets ...
2025-05-07 01:39:32,618 - INFO - `max_samples` = 0.2
2025-05-07 01:39:38,290 - INFO - Model initialization ...
2025-05-07 01:39:38,293 - INFO - Model fitting ...
2025-05-07 01:43:47,282 - INFO - Model eval ...
2025-05-07 01:47:26,478 - INFO - Available CPUs: [0, 1, 2, 3, 4, 5, 6, 7, 8, 9, 10, 11, 12, 13, 14, 15, 16, 17, 18, 19, 20, 21, 22, 23, 24, 25, 26, 27, 28, 29, 30, 31, 32, 33, 34, 35, 36, 37, 38, 39, 40, 41, 42, 43, 44, 45, 46, 47, 48, 49, 50, 51, 52, 53, 54, 55]
2025-05-07 01:47:26,478 - INFO - Waiting for file with parameters: /s/ls4/users/selibrin/spiking_researches/correlation_encoding_and_training/mnist/hpo/shifted_nn_restr_stdp_synapse/hpo_data/hpo_iteration_data/4335607/params_1_9.pkl
2025-05-07 01:48:11,528 - INFO - Preparing datasets ...
2025-05-07 01:48:11,528 - INFO - `max_samples` = 0.2
2025-05-07 01:48:16,993 - INFO - Model initialization ...
2025-05-07 01:48:16,995 - INFO - Model fitting ...
2025-05-07 01:52:31,505 - INFO - Model eval ...
2025-05-07 01:55:58,882 - INFO - Available CPUs: [0, 1, 2, 3, 4, 5, 6, 7, 8, 9, 10, 11, 12, 13, 14, 15, 16, 17, 18, 19, 20, 21, 22, 23, 24, 25, 26, 27, 28, 29, 30, 31, 32, 33, 34, 35, 36, 37, 38, 39, 40, 41, 42, 43, 44, 45, 46, 47, 48, 49, 50, 51, 52, 53, 54, 55]
2025-05-07 01:55:58,883 - INFO - Waiting for file with parameters: /s/ls4/users/selibrin/spiking_researches/correlation_encoding_and_training/mnist/hpo/shifted_nn_restr_stdp_synapse/hpo_data/hpo_iteration_data/4335607/params_1_9.pkl
2025-05-07 01:56:43,935 - INFO - Preparing datasets ...
2025-05-07 01:56:43,935 - INFO - `max_samples` = 0.2
2025-05-07 01:56:48,853 - INFO - Model initialization ...
2025-05-07 01:56:48,857 - INFO - Model fitting ...
2025-05-07 02:01:04,813 - INFO - Model eval ...
2025-05-07 02:04:26,659 - INFO - Available CPUs: [0, 1, 2, 3, 4, 5, 6, 7, 8, 9, 10, 11, 12, 13, 14, 15, 16, 17, 18, 19, 20, 21, 22, 23, 24, 25, 26, 27, 28, 29, 30, 31, 32, 33, 34, 35, 36, 37, 38, 39, 40, 41, 42, 43, 44, 45, 46, 47, 48, 49, 50, 51, 52, 53, 54, 55]
2025-05-07 02:04:26,660 - INFO - Waiting for file with parameters: /s/ls4/users/selibrin/spiking_researches/correlation_encoding_and_training/mnist/hpo/shifted_nn_restr_stdp_synapse/hpo_data/hpo_iteration_data/4335607/params_1_9.pkl
2025-05-07 02:05:16,717 - INFO - Preparing datasets ...
2025-05-07 02:05:16,717 - INFO - `max_samples` = 0.2
2025-05-07 02:05:21,808 - INFO - Model initialization ...
2025-05-07 02:05:21,812 - INFO - Model fitting ...
2025-05-07 02:09:47,481 - INFO - Model eval ...
2025-05-07 02:13:21,722 - INFO - Available CPUs: [0, 1, 2, 3, 4, 5, 6, 7, 8, 9, 10, 11, 12, 13, 14, 15, 16, 17, 18, 19, 20, 21, 22, 23, 24, 25, 26, 27, 28, 29, 30, 31, 32, 33, 34, 35, 36, 37, 38, 39, 40, 41, 42, 43, 44, 45, 46, 47, 48, 49, 50, 51, 52, 53, 54, 55]
2025-05-07 02:13:21,723 - INFO - Waiting for file with parameters: /s/ls4/users/selibrin/spiking_researches/correlation_encoding_and_training/mnist/hpo/shifted_nn_restr_stdp_synapse/hpo_data/hpo_iteration_data/4335607/params_1_9.pkl
2025-05-07 02:13:51,758 - INFO - Preparing datasets ...
2025-05-07 02:13:51,759 - INFO - `max_samples` = 0.2
2025-05-07 02:13:55,441 - INFO - Model initialization ...
2025-05-07 02:13:55,443 - INFO - Model fitting ...
2025-05-07 02:18:14,175 - INFO - Model eval ...
2025-05-07 02:21:55,221 - INFO - Available CPUs: [0, 1, 2, 3, 4, 5, 6, 7, 8, 9, 10, 11, 12, 13, 14, 15, 16, 17, 18, 19, 20, 21, 22, 23, 24, 25, 26, 27, 28, 29, 30, 31, 32, 33, 34, 35, 36, 37, 38, 39, 40, 41, 42, 43, 44, 45, 46, 47, 48, 49, 50, 51, 52, 53, 54, 55]
2025-05-07 02:21:55,222 - INFO - Waiting for file with parameters: /s/ls4/users/selibrin/spiking_researches/correlation_encoding_and_training/mnist/hpo/shifted_nn_restr_stdp_synapse/hpo_data/hpo_iteration_data/4335607/params_1_9.pkl
2025-05-07 02:22:25,259 - INFO - Preparing datasets ...
2025-05-07 02:22:25,259 - INFO - `max_samples` = 0.2
2025-05-07 02:22:30,686 - INFO - Model initialization ...
2025-05-07 02:22:30,689 - INFO - Model fitting ...
2025-05-07 02:26:46,422 - INFO - Model eval ...
2025-05-07 02:30:23,275 - INFO - Available CPUs: [0, 1, 2, 3, 4, 5, 6, 7, 8, 9, 10, 11, 12, 13, 14, 15, 16, 17, 18, 19, 20, 21, 22, 23, 24, 25, 26, 27, 28, 29, 30, 31, 32, 33, 34, 35, 36, 37, 38, 39, 40, 41, 42, 43, 44, 45, 46, 47, 48, 49, 50, 51, 52, 53, 54, 55]
2025-05-07 02:30:23,275 - INFO - Waiting for file with parameters: /s/ls4/users/selibrin/spiking_researches/correlation_encoding_and_training/mnist/hpo/shifted_nn_restr_stdp_synapse/hpo_data/hpo_iteration_data/4335607/params_1_9.pkl
2025-05-07 02:30:58,346 - INFO - Preparing datasets ...
2025-05-07 02:30:58,347 - INFO - `max_samples` = 0.2
2025-05-07 02:31:02,840 - INFO - Model initialization ...
2025-05-07 02:31:02,844 - INFO - Model fitting ...
2025-05-07 02:35:30,940 - INFO - Model eval ...
2025-05-07 02:38:55,222 - INFO - Available CPUs: [0, 1, 2, 3, 4, 5, 6, 7, 8, 9, 10, 11, 12, 13, 14, 15, 16, 17, 18, 19, 20, 21, 22, 23, 24, 25, 26, 27, 28, 29, 30, 31, 32, 33, 34, 35, 36, 37, 38, 39, 40, 41, 42, 43, 44, 45, 46, 47, 48, 49, 50, 51, 52, 53, 54, 55]
2025-05-07 02:38:55,222 - INFO - Waiting for file with parameters: /s/ls4/users/selibrin/spiking_researches/correlation_encoding_and_training/mnist/hpo/shifted_nn_restr_stdp_synapse/hpo_data/hpo_iteration_data/4335607/params_1_9.pkl
2025-05-07 02:39:35,265 - INFO - Preparing datasets ...
2025-05-07 02:39:35,265 - INFO - `max_samples` = 0.2
2025-05-07 02:39:40,871 - INFO - Model initialization ...
2025-05-07 02:39:40,875 - INFO - Model fitting ...
2025-05-07 02:44:06,334 - INFO - Model eval ...
2025-05-07 02:47:37,563 - INFO - Available CPUs: [0, 1, 2, 3, 4, 5, 6, 7, 8, 9, 10, 11, 12, 13, 14, 15, 16, 17, 18, 19, 20, 21, 22, 23, 24, 25, 26, 27, 28, 29, 30, 31, 32, 33, 34, 35, 36, 37, 38, 39, 40, 41, 42, 43, 44, 45, 46, 47, 48, 49, 50, 51, 52, 53, 54, 55]
2025-05-07 02:47:37,563 - INFO - Waiting for file with parameters: /s/ls4/users/selibrin/spiking_researches/correlation_encoding_and_training/mnist/hpo/shifted_nn_restr_stdp_synapse/hpo_data/hpo_iteration_data/4335607/params_1_9.pkl
2025-05-07 02:48:07,599 - INFO - Preparing datasets ...
2025-05-07 02:48:07,600 - INFO - `max_samples` = 0.2
2025-05-07 02:48:12,898 - INFO - Model initialization ...
2025-05-07 02:48:12,901 - INFO - Model fitting ...
2025-05-07 02:52:36,913 - INFO - Model eval ...
2025-05-07 02:56:09,865 - INFO - Available CPUs: [0, 1, 2, 3, 4, 5, 6, 7, 8, 9, 10, 11, 12, 13, 14, 15, 16, 17, 18, 19, 20, 21, 22, 23, 24, 25, 26, 27, 28, 29, 30, 31, 32, 33, 34, 35, 36, 37, 38, 39, 40, 41, 42, 43, 44, 45, 46, 47, 48, 49, 50, 51, 52, 53, 54, 55]
2025-05-07 02:56:09,865 - INFO - Waiting for file with parameters: /s/ls4/users/selibrin/spiking_researches/correlation_encoding_and_training/mnist/hpo/shifted_nn_restr_stdp_synapse/hpo_data/hpo_iteration_data/4335607/params_1_9.pkl
2025-05-07 02:56:44,905 - INFO - Preparing datasets ...
2025-05-07 02:56:44,905 - INFO - `max_samples` = 0.2
2025-05-07 02:56:49,741 - INFO - Model initialization ...
2025-05-07 02:56:49,745 - INFO - Model fitting ...
2025-05-07 03:00:35,007 - INFO - Model eval ...
2025-05-07 03:04:03,463 - INFO - Available CPUs: [0, 1, 2, 3, 4, 5, 6, 7, 8, 9, 10, 11, 12, 13, 14, 15, 16, 17, 18, 19, 20, 21, 22, 23, 24, 25, 26, 27, 28, 29, 30, 31, 32, 33, 34, 35, 36, 37, 38, 39, 40, 41, 42, 43, 44, 45, 46, 47, 48, 49, 50, 51, 52, 53, 54, 55]
2025-05-07 03:04:03,464 - INFO - Waiting for file with parameters: /s/ls4/users/selibrin/spiking_researches/correlation_encoding_and_training/mnist/hpo/shifted_nn_restr_stdp_synapse/hpo_data/hpo_iteration_data/4335607/params_1_9.pkl
2025-05-07 03:05:18,547 - INFO - Preparing datasets ...
2025-05-07 03:05:18,547 - INFO - `max_samples` = 0.2
2025-05-07 03:05:24,250 - INFO - Model initialization ...
2025-05-07 03:05:24,253 - INFO - Model fitting ...
2025-05-07 03:09:59,595 - INFO - Model eval ...
2025-05-07 03:13:10,689 - INFO - Available CPUs: [0, 1, 2, 3, 4, 5, 6, 7, 8, 9, 10, 11, 12, 13, 14, 15, 16, 17, 18, 19, 20, 21, 22, 23, 24, 25, 26, 27, 28, 29, 30, 31, 32, 33, 34, 35, 36, 37, 38, 39, 40, 41, 42, 43, 44, 45, 46, 47, 48, 49, 50, 51, 52, 53, 54, 55]
2025-05-07 03:13:10,690 - INFO - Waiting for file with parameters: /s/ls4/users/selibrin/spiking_researches/correlation_encoding_and_training/mnist/hpo/shifted_nn_restr_stdp_synapse/hpo_data/hpo_iteration_data/4335607/params_1_9.pkl
2025-05-07 03:13:55,738 - INFO - Preparing datasets ...
2025-05-07 03:13:55,738 - INFO - `max_samples` = 0.2
2025-05-07 03:14:01,398 - INFO - Model initialization ...
2025-05-07 03:14:01,402 - INFO - Model fitting ...
2025-05-07 03:17:47,419 - INFO - Model eval ...
2025-05-07 03:21:18,022 - INFO - Available CPUs: [0, 1, 2, 3, 4, 5, 6, 7, 8, 9, 10, 11, 12, 13, 14, 15, 16, 17, 18, 19, 20, 21, 22, 23, 24, 25, 26, 27, 28, 29, 30, 31, 32, 33, 34, 35, 36, 37, 38, 39, 40, 41, 42, 43, 44, 45, 46, 47, 48, 49, 50, 51, 52, 53, 54, 55]
2025-05-07 03:21:18,023 - INFO - Waiting for file with parameters: /s/ls4/users/selibrin/spiking_researches/correlation_encoding_and_training/mnist/hpo/shifted_nn_restr_stdp_synapse/hpo_data/hpo_iteration_data/4335607/params_1_9.pkl
2025-05-07 03:22:28,094 - INFO - Preparing datasets ...
2025-05-07 03:22:28,094 - INFO - `max_samples` = 0.2
2025-05-07 03:22:33,810 - INFO - Model initialization ...
2025-05-07 03:22:33,813 - INFO - Model fitting ...
2025-05-07 03:27:05,454 - INFO - Model eval ...
2025-05-07 03:30:46,673 - INFO - Available CPUs: [0, 1, 2, 3, 4, 5, 6, 7, 8, 9, 10, 11, 12, 13, 14, 15, 16, 17, 18, 19, 20, 21, 22, 23, 24, 25, 26, 27, 28, 29, 30, 31, 32, 33, 34, 35, 36, 37, 38, 39, 40, 41, 42, 43, 44, 45, 46, 47, 48, 49, 50, 51, 52, 53, 54, 55]
2025-05-07 03:30:46,673 - INFO - Waiting for file with parameters: /s/ls4/users/selibrin/spiking_researches/correlation_encoding_and_training/mnist/hpo/shifted_nn_restr_stdp_synapse/hpo_data/hpo_iteration_data/4335607/params_1_9.pkl
2025-05-07 03:31:01,693 - INFO - Preparing datasets ...
2025-05-07 03:31:01,693 - INFO - `max_samples` = 0.2
2025-05-07 03:31:07,567 - INFO - Model initialization ...
2025-05-07 03:31:07,572 - INFO - Model fitting ...
2025-05-07 03:35:33,171 - INFO - Model eval ...
2025-05-07 03:39:12,324 - INFO - Available CPUs: [0, 1, 2, 3, 4, 5, 6, 7, 8, 9, 10, 11, 12, 13, 14, 15, 16, 17, 18, 19, 20, 21, 22, 23, 24, 25, 26, 27, 28, 29, 30, 31, 32, 33, 34, 35, 36, 37, 38, 39, 40, 41, 42, 43, 44, 45, 46, 47, 48, 49, 50, 51, 52, 53, 54, 55]
2025-05-07 03:39:12,324 - INFO - Waiting for file with parameters: /s/ls4/users/selibrin/spiking_researches/correlation_encoding_and_training/mnist/hpo/shifted_nn_restr_stdp_synapse/hpo_data/hpo_iteration_data/4335607/params_1_9.pkl
2025-05-07 03:39:37,356 - INFO - Preparing datasets ...
2025-05-07 03:39:37,356 - INFO - `max_samples` = 0.2
2025-05-07 03:39:43,072 - INFO - Model initialization ...
2025-05-07 03:39:43,076 - INFO - Model fitting ...
2025-05-07 03:44:11,864 - INFO - Model eval ...
2025-05-07 03:47:45,529 - INFO - Available CPUs: [0, 1, 2, 3, 4, 5, 6, 7, 8, 9, 10, 11, 12, 13, 14, 15, 16, 17, 18, 19, 20, 21, 22, 23, 24, 25, 26, 27, 28, 29, 30, 31, 32, 33, 34, 35, 36, 37, 38, 39, 40, 41, 42, 43, 44, 45, 46, 47, 48, 49, 50, 51, 52, 53, 54, 55]
2025-05-07 03:47:45,529 - INFO - Waiting for file with parameters: /s/ls4/users/selibrin/spiking_researches/correlation_encoding_and_training/mnist/hpo/shifted_nn_restr_stdp_synapse/hpo_data/hpo_iteration_data/4335607/params_1_9.pkl
2025-05-07 03:48:10,638 - INFO - Preparing datasets ...
2025-05-07 03:48:10,638 - INFO - `max_samples` = 0.2
2025-05-07 03:48:16,492 - INFO - Model initialization ...
2025-05-07 03:48:16,497 - INFO - Model fitting ...
2025-05-07 03:52:41,883 - INFO - Model eval ...
2025-05-07 03:56:17,069 - INFO - Available CPUs: [0, 1, 2, 3, 4, 5, 6, 7, 8, 9, 10, 11, 12, 13, 14, 15, 16, 17, 18, 19, 20, 21, 22, 23, 24, 25, 26, 27, 28, 29, 30, 31, 32, 33, 34, 35, 36, 37, 38, 39, 40, 41, 42, 43, 44, 45, 46, 47, 48, 49, 50, 51, 52, 53, 54, 55]
2025-05-07 03:56:17,070 - INFO - Waiting for file with parameters: /s/ls4/users/selibrin/spiking_researches/correlation_encoding_and_training/mnist/hpo/shifted_nn_restr_stdp_synapse/hpo_data/hpo_iteration_data/4335607/params_1_9.pkl
2025-05-07 03:56:42,100 - INFO - Preparing datasets ...
2025-05-07 03:56:42,100 - INFO - `max_samples` = 0.2
2025-05-07 03:56:48,171 - INFO - Model initialization ...
2025-05-07 03:56:48,176 - INFO - Model fitting ...
2025-05-07 04:01:10,322 - INFO - Model eval ...
2025-05-07 04:04:47,303 - INFO - Available CPUs: [0, 1, 2, 3, 4, 5, 6, 7, 8, 9, 10, 11, 12, 13, 14, 15, 16, 17, 18, 19, 20, 21, 22, 23, 24, 25, 26, 27, 28, 29, 30, 31, 32, 33, 34, 35, 36, 37, 38, 39, 40, 41, 42, 43, 44, 45, 46, 47, 48, 49, 50, 51, 52, 53, 54, 55]
2025-05-07 04:04:47,303 - INFO - Waiting for file with parameters: /s/ls4/users/selibrin/spiking_researches/correlation_encoding_and_training/mnist/hpo/shifted_nn_restr_stdp_synapse/hpo_data/hpo_iteration_data/4335607/params_1_9.pkl
2025-05-07 04:05:47,369 - INFO - Preparing datasets ...
2025-05-07 04:05:47,370 - INFO - `max_samples` = 0.2
2025-05-07 04:05:52,980 - INFO - Model initialization ...
2025-05-07 04:05:52,984 - INFO - Model fitting ...
2025-05-07 04:10:13,835 - INFO - Model eval ...
2025-05-07 04:13:52,050 - INFO - Available CPUs: [0, 1, 2, 3, 4, 5, 6, 7, 8, 9, 10, 11, 12, 13, 14, 15, 16, 17, 18, 19, 20, 21, 22, 23, 24, 25, 26, 27, 28, 29, 30, 31, 32, 33, 34, 35, 36, 37, 38, 39, 40, 41, 42, 43, 44, 45, 46, 47, 48, 49, 50, 51, 52, 53, 54, 55]
2025-05-07 04:13:52,050 - INFO - Waiting for file with parameters: /s/ls4/users/selibrin/spiking_researches/correlation_encoding_and_training/mnist/hpo/shifted_nn_restr_stdp_synapse/hpo_data/hpo_iteration_data/4335607/params_1_9.pkl
2025-05-07 04:14:22,087 - INFO - Preparing datasets ...
2025-05-07 04:14:22,087 - INFO - `max_samples` = 0.2
2025-05-07 04:14:27,692 - INFO - Model initialization ...
2025-05-07 04:14:27,696 - INFO - Model fitting ...
2025-05-07 04:18:50,461 - INFO - Model eval ...
2025-05-07 04:22:28,490 - INFO - Available CPUs: [0, 1, 2, 3, 4, 5, 6, 7, 8, 9, 10, 11, 12, 13, 14, 15, 16, 17, 18, 19, 20, 21, 22, 23, 24, 25, 26, 27, 28, 29, 30, 31, 32, 33, 34, 35, 36, 37, 38, 39, 40, 41, 42, 43, 44, 45, 46, 47, 48, 49, 50, 51, 52, 53, 54, 55]
2025-05-07 04:22:28,491 - INFO - Waiting for file with parameters: /s/ls4/users/selibrin/spiking_researches/correlation_encoding_and_training/mnist/hpo/shifted_nn_restr_stdp_synapse/hpo_data/hpo_iteration_data/4335607/params_1_9.pkl
2025-05-07 04:22:58,525 - INFO - Preparing datasets ...
2025-05-07 04:22:58,525 - INFO - `max_samples` = 0.2
2025-05-07 04:23:04,343 - INFO - Model initialization ...
2025-05-07 04:23:04,347 - INFO - Model fitting ...
2025-05-07 04:27:28,169 - INFO - Model eval ...
2025-05-07 04:31:03,681 - INFO - Available CPUs: [0, 1, 2, 3, 4, 5, 6, 7, 8, 9, 10, 11, 12, 13, 14, 15, 16, 17, 18, 19, 20, 21, 22, 23, 24, 25, 26, 27, 28, 29, 30, 31, 32, 33, 34, 35, 36, 37, 38, 39, 40, 41, 42, 43, 44, 45, 46, 47, 48, 49, 50, 51, 52, 53, 54, 55]
2025-05-07 04:31:03,681 - INFO - Waiting for file with parameters: /s/ls4/users/selibrin/spiking_researches/correlation_encoding_and_training/mnist/hpo/shifted_nn_restr_stdp_synapse/hpo_data/hpo_iteration_data/4335607/params_1_9.pkl
2025-05-07 04:31:33,718 - INFO - Preparing datasets ...
2025-05-07 04:31:33,718 - INFO - `max_samples` = 0.2
2025-05-07 04:31:39,163 - INFO - Model initialization ...
2025-05-07 04:31:39,166 - INFO - Model fitting ...
2025-05-07 04:36:04,680 - INFO - Model eval ...
2025-05-07 04:39:43,757 - INFO - Available CPUs: [0, 1, 2, 3, 4, 5, 6, 7, 8, 9, 10, 11, 12, 13, 14, 15, 16, 17, 18, 19, 20, 21, 22, 23, 24, 25, 26, 27, 28, 29, 30, 31, 32, 33, 34, 35, 36, 37, 38, 39, 40, 41, 42, 43, 44, 45, 46, 47, 48, 49, 50, 51, 52, 53, 54, 55]
2025-05-07 04:39:43,758 - INFO - Waiting for file with parameters: /s/ls4/users/selibrin/spiking_researches/correlation_encoding_and_training/mnist/hpo/shifted_nn_restr_stdp_synapse/hpo_data/hpo_iteration_data/4335607/params_1_9.pkl
2025-05-07 04:40:08,824 - INFO - Preparing datasets ...
2025-05-07 04:40:08,825 - INFO - `max_samples` = 0.2
2025-05-07 04:40:14,604 - INFO - Model initialization ...
2025-05-07 04:40:14,608 - INFO - Model fitting ...
2025-05-07 04:44:38,391 - INFO - Model eval ...
2025-05-07 04:48:15,243 - INFO - Available CPUs: [0, 1, 2, 3, 4, 5, 6, 7, 8, 9, 10, 11, 12, 13, 14, 15, 16, 17, 18, 19, 20, 21, 22, 23, 24, 25, 26, 27, 28, 29, 30, 31, 32, 33, 34, 35, 36, 37, 38, 39, 40, 41, 42, 43, 44, 45, 46, 47, 48, 49, 50, 51, 52, 53, 54, 55]
2025-05-07 04:48:15,243 - INFO - Waiting for file with parameters: /s/ls4/users/selibrin/spiking_researches/correlation_encoding_and_training/mnist/hpo/shifted_nn_restr_stdp_synapse/hpo_data/hpo_iteration_data/4335607/params_1_9.pkl
2025-05-07 04:48:40,275 - INFO - Preparing datasets ...
2025-05-07 04:48:40,275 - INFO - `max_samples` = 0.2
2025-05-07 04:48:45,850 - INFO - Model initialization ...
2025-05-07 04:48:45,853 - INFO - Model fitting ...
2025-05-07 04:53:11,144 - INFO - Model eval ...
2025-05-07 04:56:55,219 - INFO - Available CPUs: [0, 1, 2, 3, 4, 5, 6, 7, 8, 9, 10, 11, 12, 13, 14, 15, 16, 17, 18, 19, 20, 21, 22, 23, 24, 25, 26, 27, 28, 29, 30, 31, 32, 33, 34, 35, 36, 37, 38, 39, 40, 41, 42, 43, 44, 45, 46, 47, 48, 49, 50, 51, 52, 53, 54, 55]
2025-05-07 04:56:55,219 - INFO - Waiting for file with parameters: /s/ls4/users/selibrin/spiking_researches/correlation_encoding_and_training/mnist/hpo/shifted_nn_restr_stdp_synapse/hpo_data/hpo_iteration_data/4335607/params_1_9.pkl
2025-05-07 04:57:15,243 - INFO - Preparing datasets ...
2025-05-07 04:57:15,244 - INFO - `max_samples` = 0.2
2025-05-07 04:57:20,752 - INFO - Model initialization ...
2025-05-07 04:57:20,757 - INFO - Model fitting ...
2025-05-07 05:01:46,889 - INFO - Model eval ...
2025-05-07 05:05:17,617 - INFO - Available CPUs: [0, 1, 2, 3, 4, 5, 6, 7, 8, 9, 10, 11, 12, 13, 14, 15, 16, 17, 18, 19, 20, 21, 22, 23, 24, 25, 26, 27, 28, 29, 30, 31, 32, 33, 34, 35, 36, 37, 38, 39, 40, 41, 42, 43, 44, 45, 46, 47, 48, 49, 50, 51, 52, 53, 54, 55]
2025-05-07 05:05:17,617 - INFO - Waiting for file with parameters: /s/ls4/users/selibrin/spiking_researches/correlation_encoding_and_training/mnist/hpo/shifted_nn_restr_stdp_synapse/hpo_data/hpo_iteration_data/4335607/params_1_9.pkl
2025-05-07 05:05:47,654 - INFO - Preparing datasets ...
2025-05-07 05:05:47,654 - INFO - `max_samples` = 0.2
2025-05-07 05:05:54,738 - INFO - Model initialization ...
2025-05-07 05:05:54,743 - INFO - Model fitting ...
2025-05-07 05:10:18,323 - INFO - Model eval ...
2025-05-07 05:13:55,254 - INFO - Available CPUs: [0, 1, 2, 3, 4, 5, 6, 7, 8, 9, 10, 11, 12, 13, 14, 15, 16, 17, 18, 19, 20, 21, 22, 23, 24, 25, 26, 27, 28, 29, 30, 31, 32, 33, 34, 35, 36, 37, 38, 39, 40, 41, 42, 43, 44, 45, 46, 47, 48, 49, 50, 51, 52, 53, 54, 55]
2025-05-07 05:13:55,255 - INFO - Waiting for file with parameters: /s/ls4/users/selibrin/spiking_researches/correlation_encoding_and_training/mnist/hpo/shifted_nn_restr_stdp_synapse/hpo_data/hpo_iteration_data/4335607/params_1_9.pkl
2025-05-07 05:14:25,290 - INFO - Preparing datasets ...
2025-05-07 05:14:25,290 - INFO - `max_samples` = 0.2
2025-05-07 05:14:30,867 - INFO - Model initialization ...
2025-05-07 05:14:30,871 - INFO - Model fitting ...
2025-05-07 05:18:59,914 - INFO - Model eval ...
2025-05-07 05:22:45,111 - INFO - Available CPUs: [0, 1, 2, 3, 4, 5, 6, 7, 8, 9, 10, 11, 12, 13, 14, 15, 16, 17, 18, 19, 20, 21, 22, 23, 24, 25, 26, 27, 28, 29, 30, 31, 32, 33, 34, 35, 36, 37, 38, 39, 40, 41, 42, 43, 44, 45, 46, 47, 48, 49, 50, 51, 52, 53, 54, 55]
2025-05-07 05:22:45,111 - INFO - Waiting for file with parameters: /s/ls4/users/selibrin/spiking_researches/correlation_encoding_and_training/mnist/hpo/shifted_nn_restr_stdp_synapse/hpo_data/hpo_iteration_data/4335607/params_1_9.pkl
2025-05-07 05:22:55,126 - INFO - Preparing datasets ...
2025-05-07 05:22:55,127 - INFO - `max_samples` = 0.2
2025-05-07 05:23:00,595 - INFO - Model initialization ...
2025-05-07 05:23:00,598 - INFO - Model fitting ...
2025-05-07 05:27:23,134 - INFO - Model eval ...
2025-05-07 05:31:01,490 - INFO - Available CPUs: [0, 1, 2, 3, 4, 5, 6, 7, 8, 9, 10, 11, 12, 13, 14, 15, 16, 17, 18, 19, 20, 21, 22, 23, 24, 25, 26, 27, 28, 29, 30, 31, 32, 33, 34, 35, 36, 37, 38, 39, 40, 41, 42, 43, 44, 45, 46, 47, 48, 49, 50, 51, 52, 53, 54, 55]
2025-05-07 05:31:01,490 - INFO - Waiting for file with parameters: /s/ls4/users/selibrin/spiking_researches/correlation_encoding_and_training/mnist/hpo/shifted_nn_restr_stdp_synapse/hpo_data/hpo_iteration_data/4335607/params_1_9.pkl
2025-05-07 05:31:31,526 - INFO - Preparing datasets ...
2025-05-07 05:31:31,526 - INFO - `max_samples` = 0.2
2025-05-07 05:31:37,119 - INFO - Model initialization ...
2025-05-07 05:31:37,124 - INFO - Model fitting ...
2025-05-07 05:36:05,458 - INFO - Model eval ...
2025-05-07 05:39:44,091 - INFO - Available CPUs: [0, 1, 2, 3, 4, 5, 6, 7, 8, 9, 10, 11, 12, 13, 14, 15, 16, 17, 18, 19, 20, 21, 22, 23, 24, 25, 26, 27, 28, 29, 30, 31, 32, 33, 34, 35, 36, 37, 38, 39, 40, 41, 42, 43, 44, 45, 46, 47, 48, 49, 50, 51, 52, 53, 54, 55]
2025-05-07 05:39:44,091 - INFO - Waiting for file with parameters: /s/ls4/users/selibrin/spiking_researches/correlation_encoding_and_training/mnist/hpo/shifted_nn_restr_stdp_synapse/hpo_data/hpo_iteration_data/4335607/params_1_9.pkl
2025-05-07 05:40:04,117 - INFO - Preparing datasets ...
2025-05-07 05:40:04,117 - INFO - `max_samples` = 0.2
2025-05-07 05:40:09,724 - INFO - Model initialization ...
2025-05-07 05:40:09,727 - INFO - Model fitting ...
2025-05-07 05:44:38,247 - INFO - Model eval ...
2025-05-07 05:48:18,819 - INFO - Available CPUs: [0, 1, 2, 3, 4, 5, 6, 7, 8, 9, 10, 11, 12, 13, 14, 15, 16, 17, 18, 19, 20, 21, 22, 23, 24, 25, 26, 27, 28, 29, 30, 31, 32, 33, 34, 35, 36, 37, 38, 39, 40, 41, 42, 43, 44, 45, 46, 47, 48, 49, 50, 51, 52, 53, 54, 55]
2025-05-07 05:48:18,820 - INFO - Waiting for file with parameters: /s/ls4/users/selibrin/spiking_researches/correlation_encoding_and_training/mnist/hpo/shifted_nn_restr_stdp_synapse/hpo_data/hpo_iteration_data/4335607/params_1_9.pkl
2025-05-07 05:48:43,849 - INFO - Preparing datasets ...
2025-05-07 05:48:43,849 - INFO - `max_samples` = 0.2
2025-05-07 05:48:49,681 - INFO - Model initialization ...
2025-05-07 05:48:49,685 - INFO - Model fitting ...
2025-05-07 05:53:20,899 - INFO - Model eval ...
2025-05-07 05:56:50,666 - INFO - Available CPUs: [0, 1, 2, 3, 4, 5, 6, 7, 8, 9, 10, 11, 12, 13, 14, 15, 16, 17, 18, 19, 20, 21, 22, 23, 24, 25, 26, 27, 28, 29, 30, 31, 32, 33, 34, 35, 36, 37, 38, 39, 40, 41, 42, 43, 44, 45, 46, 47, 48, 49, 50, 51, 52, 53, 54, 55]
2025-05-07 05:56:50,667 - INFO - Waiting for file with parameters: /s/ls4/users/selibrin/spiking_researches/correlation_encoding_and_training/mnist/hpo/shifted_nn_restr_stdp_synapse/hpo_data/hpo_iteration_data/4335607/params_1_9.pkl
2025-05-07 05:57:15,724 - INFO - Preparing datasets ...
2025-05-07 05:57:15,724 - INFO - `max_samples` = 0.2
2025-05-07 05:57:21,731 - INFO - Model initialization ...
2025-05-07 05:57:21,734 - INFO - Model fitting ...
2025-05-07 06:01:45,186 - INFO - Model eval ...
2025-05-07 06:05:19,267 - INFO - Available CPUs: [0, 1, 2, 3, 4, 5, 6, 7, 8, 9, 10, 11, 12, 13, 14, 15, 16, 17, 18, 19, 20, 21, 22, 23, 24, 25, 26, 27, 28, 29, 30, 31, 32, 33, 34, 35, 36, 37, 38, 39, 40, 41, 42, 43, 44, 45, 46, 47, 48, 49, 50, 51, 52, 53, 54, 55]
2025-05-07 06:05:19,268 - INFO - Waiting for file with parameters: /s/ls4/users/selibrin/spiking_researches/correlation_encoding_and_training/mnist/hpo/shifted_nn_restr_stdp_synapse/hpo_data/hpo_iteration_data/4335607/params_1_9.pkl
2025-05-07 06:05:49,330 - INFO - Preparing datasets ...
2025-05-07 06:05:49,331 - INFO - `max_samples` = 0.2
2025-05-07 06:05:54,922 - INFO - Model initialization ...
2025-05-07 06:05:54,926 - INFO - Model fitting ...
2025-05-07 06:10:23,702 - INFO - Model eval ...
2025-05-07 06:14:04,686 - INFO - Available CPUs: [0, 1, 2, 3, 4, 5, 6, 7, 8, 9, 10, 11, 12, 13, 14, 15, 16, 17, 18, 19, 20, 21, 22, 23, 24, 25, 26, 27, 28, 29, 30, 31, 32, 33, 34, 35, 36, 37, 38, 39, 40, 41, 42, 43, 44, 45, 46, 47, 48, 49, 50, 51, 52, 53, 54, 55]
2025-05-07 06:14:04,686 - INFO - Waiting for file with parameters: /s/ls4/users/selibrin/spiking_researches/correlation_encoding_and_training/mnist/hpo/shifted_nn_restr_stdp_synapse/hpo_data/hpo_iteration_data/4335607/params_1_9.pkl
2025-05-07 06:14:24,713 - INFO - Preparing datasets ...
2025-05-07 06:14:24,713 - INFO - `max_samples` = 0.2
2025-05-07 06:14:30,616 - INFO - Model initialization ...
2025-05-07 06:14:30,619 - INFO - Model fitting ...
2025-05-07 06:18:57,406 - INFO - Model eval ...
2025-05-07 06:22:35,345 - INFO - Available CPUs: [0, 1, 2, 3, 4, 5, 6, 7, 8, 9, 10, 11, 12, 13, 14, 15, 16, 17, 18, 19, 20, 21, 22, 23, 24, 25, 26, 27, 28, 29, 30, 31, 32, 33, 34, 35, 36, 37, 38, 39, 40, 41, 42, 43, 44, 45, 46, 47, 48, 49, 50, 51, 52, 53, 54, 55]
2025-05-07 06:22:35,345 - INFO - Waiting for file with parameters: /s/ls4/users/selibrin/spiking_researches/correlation_encoding_and_training/mnist/hpo/shifted_nn_restr_stdp_synapse/hpo_data/hpo_iteration_data/4335607/params_1_9.pkl
2025-05-07 06:23:00,457 - INFO - Preparing datasets ...
2025-05-07 06:23:00,458 - INFO - `max_samples` = 0.2
2025-05-07 06:23:06,367 - INFO - Model initialization ...
2025-05-07 06:23:06,371 - INFO - Model fitting ...
2025-05-07 06:27:29,256 - INFO - Model eval ...
2025-05-07 06:31:05,168 - INFO - Available CPUs: [0, 1, 2, 3, 4, 5, 6, 7, 8, 9, 10, 11, 12, 13, 14, 15, 16, 17, 18, 19, 20, 21, 22, 23, 24, 25, 26, 27, 28, 29, 30, 31, 32, 33, 34, 35, 36, 37, 38, 39, 40, 41, 42, 43, 44, 45, 46, 47, 48, 49, 50, 51, 52, 53, 54, 55]
2025-05-07 06:31:05,168 - INFO - Waiting for file with parameters: /s/ls4/users/selibrin/spiking_researches/correlation_encoding_and_training/mnist/hpo/shifted_nn_restr_stdp_synapse/hpo_data/hpo_iteration_data/4335607/params_1_9.pkl
2025-05-07 06:31:35,202 - INFO - Preparing datasets ...
2025-05-07 06:31:35,202 - INFO - `max_samples` = 0.2
2025-05-07 06:31:41,136 - INFO - Model initialization ...
2025-05-07 06:31:41,140 - INFO - Model fitting ...
2025-05-07 06:36:05,123 - INFO - Model eval ...
2025-05-07 06:39:43,709 - INFO - Available CPUs: [0, 1, 2, 3, 4, 5, 6, 7, 8, 9, 10, 11, 12, 13, 14, 15, 16, 17, 18, 19, 20, 21, 22, 23, 24, 25, 26, 27, 28, 29, 30, 31, 32, 33, 34, 35, 36, 37, 38, 39, 40, 41, 42, 43, 44, 45, 46, 47, 48, 49, 50, 51, 52, 53, 54, 55]
2025-05-07 06:39:43,710 - INFO - Waiting for file with parameters: /s/ls4/users/selibrin/spiking_researches/correlation_encoding_and_training/mnist/hpo/shifted_nn_restr_stdp_synapse/hpo_data/hpo_iteration_data/4335607/params_1_9.pkl
2025-05-07 06:40:08,742 - INFO - Preparing datasets ...
2025-05-07 06:40:08,742 - INFO - `max_samples` = 0.2
2025-05-07 06:40:14,692 - INFO - Model initialization ...
2025-05-07 06:40:14,695 - INFO - Model fitting ...
2025-05-07 06:44:46,461 - INFO - Model eval ...
2025-05-07 06:48:24,810 - INFO - Available CPUs: [0, 1, 2, 3, 4, 5, 6, 7, 8, 9, 10, 11, 12, 13, 14, 15, 16, 17, 18, 19, 20, 21, 22, 23, 24, 25, 26, 27, 28, 29, 30, 31, 32, 33, 34, 35, 36, 37, 38, 39, 40, 41, 42, 43, 44, 45, 46, 47, 48, 49, 50, 51, 52, 53, 54, 55]
2025-05-07 06:48:24,810 - INFO - Waiting for file with parameters: /s/ls4/users/selibrin/spiking_researches/correlation_encoding_and_training/mnist/hpo/shifted_nn_restr_stdp_synapse/hpo_data/hpo_iteration_data/4335607/params_1_9.pkl
2025-05-07 06:48:44,862 - INFO - Preparing datasets ...
2025-05-07 06:48:44,862 - INFO - `max_samples` = 0.2
2025-05-07 06:48:50,544 - INFO - Model initialization ...
2025-05-07 06:48:50,548 - INFO - Model fitting ...
2025-05-07 06:53:18,461 - INFO - Model eval ...
2025-05-07 06:56:54,839 - INFO - Available CPUs: [0, 1, 2, 3, 4, 5, 6, 7, 8, 9, 10, 11, 12, 13, 14, 15, 16, 17, 18, 19, 20, 21, 22, 23, 24, 25, 26, 27, 28, 29, 30, 31, 32, 33, 34, 35, 36, 37, 38, 39, 40, 41, 42, 43, 44, 45, 46, 47, 48, 49, 50, 51, 52, 53, 54, 55]
2025-05-07 06:56:54,840 - INFO - Waiting for file with parameters: /s/ls4/users/selibrin/spiking_researches/correlation_encoding_and_training/mnist/hpo/shifted_nn_restr_stdp_synapse/hpo_data/hpo_iteration_data/4335607/params_1_9.pkl
2025-05-07 06:57:19,870 - INFO - Preparing datasets ...
2025-05-07 06:57:19,870 - INFO - `max_samples` = 0.2
2025-05-07 06:57:25,253 - INFO - Model initialization ...
2025-05-07 06:57:25,257 - INFO - Model fitting ...
2025-05-07 07:01:54,148 - INFO - Model eval ...
2025-05-07 07:05:34,265 - INFO - Available CPUs: [0, 1, 2, 3, 4, 5, 6, 7, 8, 9, 10, 11, 12, 13, 14, 15, 16, 17, 18, 19, 20, 21, 22, 23, 24, 25, 26, 27, 28, 29, 30, 31, 32, 33, 34, 35, 36, 37, 38, 39, 40, 41, 42, 43, 44, 45, 46, 47, 48, 49, 50, 51, 52, 53, 54, 55]
2025-05-07 07:05:34,265 - INFO - Waiting for file with parameters: /s/ls4/users/selibrin/spiking_researches/correlation_encoding_and_training/mnist/hpo/shifted_nn_restr_stdp_synapse/hpo_data/hpo_iteration_data/4335607/params_1_9.pkl
2025-05-07 07:05:54,290 - INFO - Preparing datasets ...
2025-05-07 07:05:54,291 - INFO - `max_samples` = 0.2
2025-05-07 07:05:59,936 - INFO - Model initialization ...
2025-05-07 07:05:59,939 - INFO - Model fitting ...
2025-05-07 07:10:28,443 - INFO - Model eval ...
2025-05-07 07:14:09,232 - INFO - Available CPUs: [0, 1, 2, 3, 4, 5, 6, 7, 8, 9, 10, 11, 12, 13, 14, 15, 16, 17, 18, 19, 20, 21, 22, 23, 24, 25, 26, 27, 28, 29, 30, 31, 32, 33, 34, 35, 36, 37, 38, 39, 40, 41, 42, 43, 44, 45, 46, 47, 48, 49, 50, 51, 52, 53, 54, 55]
2025-05-07 07:14:09,232 - INFO - Waiting for file with parameters: /s/ls4/users/selibrin/spiking_researches/correlation_encoding_and_training/mnist/hpo/shifted_nn_restr_stdp_synapse/hpo_data/hpo_iteration_data/4335607/params_1_9.pkl
2025-05-07 07:14:24,251 - INFO - Preparing datasets ...
2025-05-07 07:14:24,252 - INFO - `max_samples` = 0.2
2025-05-07 07:14:30,126 - INFO - Model initialization ...
2025-05-07 07:14:30,130 - INFO - Model fitting ...
2025-05-07 07:19:05,484 - INFO - Model eval ...
2025-05-07 07:22:48,116 - INFO - Available CPUs: [0, 1, 2, 3, 4, 5, 6, 7, 8, 9, 10, 11, 12, 13, 14, 15, 16, 17, 18, 19, 20, 21, 22, 23, 24, 25, 26, 27, 28, 29, 30, 31, 32, 33, 34, 35, 36, 37, 38, 39, 40, 41, 42, 43, 44, 45, 46, 47, 48, 49, 50, 51, 52, 53, 54, 55]
2025-05-07 07:22:48,116 - INFO - Waiting for file with parameters: /s/ls4/users/selibrin/spiking_researches/correlation_encoding_and_training/mnist/hpo/shifted_nn_restr_stdp_synapse/hpo_data/hpo_iteration_data/4335607/params_1_9.pkl
2025-05-07 07:23:03,134 - INFO - Preparing datasets ...
2025-05-07 07:23:03,134 - INFO - `max_samples` = 0.2
2025-05-07 07:23:09,020 - INFO - Model initialization ...
2025-05-07 07:23:09,024 - INFO - Model fitting ...
2025-05-07 07:27:40,270 - INFO - Model eval ...
2025-05-07 07:31:17,599 - INFO - Available CPUs: [0, 1, 2, 3, 4, 5, 6, 7, 8, 9, 10, 11, 12, 13, 14, 15, 16, 17, 18, 19, 20, 21, 22, 23, 24, 25, 26, 27, 28, 29, 30, 31, 32, 33, 34, 35, 36, 37, 38, 39, 40, 41, 42, 43, 44, 45, 46, 47, 48, 49, 50, 51, 52, 53, 54, 55]
2025-05-07 07:31:17,599 - INFO - Waiting for file with parameters: /s/ls4/users/selibrin/spiking_researches/correlation_encoding_and_training/mnist/hpo/shifted_nn_restr_stdp_synapse/hpo_data/hpo_iteration_data/4335607/params_1_9.pkl
2025-05-07 07:31:32,618 - INFO - Preparing datasets ...
2025-05-07 07:31:32,618 - INFO - `max_samples` = 0.2
2025-05-07 07:31:38,357 - INFO - Model initialization ...
2025-05-07 07:31:38,361 - INFO - Model fitting ...
2025-05-07 07:36:01,042 - INFO - Model eval ...
2025-05-07 07:39:41,735 - INFO - Available CPUs: [0, 1, 2, 3, 4, 5, 6, 7, 8, 9, 10, 11, 12, 13, 14, 15, 16, 17, 18, 19, 20, 21, 22, 23, 24, 25, 26, 27, 28, 29, 30, 31, 32, 33, 34, 35, 36, 37, 38, 39, 40, 41, 42, 43, 44, 45, 46, 47, 48, 49, 50, 51, 52, 53, 54, 55]
2025-05-07 07:39:41,736 - INFO - Waiting for file with parameters: /s/ls4/users/selibrin/spiking_researches/correlation_encoding_and_training/mnist/hpo/shifted_nn_restr_stdp_synapse/hpo_data/hpo_iteration_data/4335607/params_1_9.pkl
2025-05-07 07:40:36,791 - INFO - Preparing datasets ...
2025-05-07 07:40:36,791 - INFO - `max_samples` = 0.2
2025-05-07 07:40:41,589 - INFO - Model initialization ...
2025-05-07 07:40:41,591 - INFO - Model fitting ...
2025-05-07 07:45:02,907 - INFO - Model eval ...
2025-05-07 07:48:43,751 - INFO - Available CPUs: [0, 1, 2, 3, 4, 5, 6, 7, 8, 9, 10, 11, 12, 13, 14, 15, 16, 17, 18, 19, 20, 21, 22, 23, 24, 25, 26, 27, 28, 29, 30, 31, 32, 33, 34, 35, 36, 37, 38, 39, 40, 41, 42, 43, 44, 45, 46, 47, 48, 49, 50, 51, 52, 53, 54, 55]
2025-05-07 07:48:43,751 - INFO - Waiting for file with parameters: /s/ls4/users/selibrin/spiking_researches/correlation_encoding_and_training/mnist/hpo/shifted_nn_restr_stdp_synapse/hpo_data/hpo_iteration_data/4335607/params_1_9.pkl
2025-05-07 07:49:18,788 - INFO - Preparing datasets ...
2025-05-07 07:49:18,788 - INFO - `max_samples` = 0.2
2025-05-07 07:49:23,591 - INFO - Model initialization ...
2025-05-07 07:49:23,594 - INFO - Model fitting ...
2025-05-07 07:53:35,445 - INFO - Model eval ...
2025-05-07 07:57:10,570 - INFO - Available CPUs: [0, 1, 2, 3, 4, 5, 6, 7, 8, 9, 10, 11, 12, 13, 14, 15, 16, 17, 18, 19, 20, 21, 22, 23, 24, 25, 26, 27, 28, 29, 30, 31, 32, 33, 34, 35, 36, 37, 38, 39, 40, 41, 42, 43, 44, 45, 46, 47, 48, 49, 50, 51, 52, 53, 54, 55]
2025-05-07 07:57:10,570 - INFO - Waiting for file with parameters: /s/ls4/users/selibrin/spiking_researches/correlation_encoding_and_training/mnist/hpo/shifted_nn_restr_stdp_synapse/hpo_data/hpo_iteration_data/4335607/params_1_9.pkl
2025-05-07 07:57:50,627 - INFO - Preparing datasets ...
2025-05-07 07:57:50,627 - INFO - `max_samples` = 0.2
2025-05-07 07:57:56,280 - INFO - Model initialization ...
2025-05-07 07:57:56,284 - INFO - Model fitting ...
2025-05-07 08:02:07,408 - INFO - Model eval ...
2025-05-07 08:05:28,966 - INFO - Available CPUs: [0, 1, 2, 3, 4, 5, 6, 7, 8, 9, 10, 11, 12, 13, 14, 15, 16, 17, 18, 19, 20, 21, 22, 23, 24, 25, 26, 27, 28, 29, 30, 31, 32, 33, 34, 35, 36, 37, 38, 39, 40, 41, 42, 43, 44, 45, 46, 47, 48, 49, 50, 51, 52, 53, 54, 55]
2025-05-07 08:05:28,966 - INFO - Waiting for file with parameters: /s/ls4/users/selibrin/spiking_researches/correlation_encoding_and_training/mnist/hpo/shifted_nn_restr_stdp_synapse/hpo_data/hpo_iteration_data/4335607/params_1_9.pkl
2025-05-07 08:06:24,027 - INFO - Preparing datasets ...
2025-05-07 08:06:24,027 - INFO - `max_samples` = 0.2
2025-05-07 08:06:29,618 - INFO - Model initialization ...
2025-05-07 08:06:29,622 - INFO - Model fitting ...
2025-05-07 08:10:42,312 - INFO - Model eval ...
2025-05-07 08:14:12,054 - INFO - Available CPUs: [0, 1, 2, 3, 4, 5, 6, 7, 8, 9, 10, 11, 12, 13, 14, 15, 16, 17, 18, 19, 20, 21, 22, 23, 24, 25, 26, 27, 28, 29, 30, 31, 32, 33, 34, 35, 36, 37, 38, 39, 40, 41, 42, 43, 44, 45, 46, 47, 48, 49, 50, 51, 52, 53, 54, 55]
2025-05-07 08:14:12,054 - INFO - Waiting for file with parameters: /s/ls4/users/selibrin/spiking_researches/correlation_encoding_and_training/mnist/hpo/shifted_nn_restr_stdp_synapse/hpo_data/hpo_iteration_data/4335607/params_1_9.pkl
2025-05-07 08:14:57,106 - INFO - Preparing datasets ...
2025-05-07 08:14:57,106 - INFO - `max_samples` = 0.2
2025-05-07 08:15:02,695 - INFO - Model initialization ...
2025-05-07 08:15:02,698 - INFO - Model fitting ...
2025-05-07 08:19:27,275 - INFO - Model eval ...
2025-05-07 08:23:00,888 - INFO - Available CPUs: [0, 1, 2, 3, 4, 5, 6, 7, 8, 9, 10, 11, 12, 13, 14, 15, 16, 17, 18, 19, 20, 21, 22, 23, 24, 25, 26, 27, 28, 29, 30, 31, 32, 33, 34, 35, 36, 37, 38, 39, 40, 41, 42, 43, 44, 45, 46, 47, 48, 49, 50, 51, 52, 53, 54, 55]
2025-05-07 08:23:00,888 - INFO - Waiting for file with parameters: /s/ls4/users/selibrin/spiking_researches/correlation_encoding_and_training/mnist/hpo/shifted_nn_restr_stdp_synapse/hpo_data/hpo_iteration_data/4335607/params_1_9.pkl
2025-05-07 08:23:31,092 - INFO - Preparing datasets ...
2025-05-07 08:23:31,093 - INFO - `max_samples` = 0.2
2025-05-07 08:23:35,252 - INFO - Model initialization ...
2025-05-07 08:23:35,442 - INFO - Model fitting ...
2025-05-07 08:27:50,719 - INFO - Model eval ...
2025-05-07 08:31:40,031 - INFO - Available CPUs: [0, 1, 2, 3, 4, 5, 6, 7, 8, 9, 10, 11, 12, 13, 14, 15, 16, 17, 18, 19, 20, 21, 22, 23, 24, 25, 26, 27, 28, 29, 30, 31, 32, 33, 34, 35, 36, 37, 38, 39, 40, 41, 42, 43, 44, 45, 46, 47, 48, 49, 50, 51, 52, 53, 54, 55]
2025-05-07 08:31:40,031 - INFO - Waiting for file with parameters: /s/ls4/users/selibrin/spiking_researches/correlation_encoding_and_training/mnist/hpo/shifted_nn_restr_stdp_synapse/hpo_data/hpo_iteration_data/4335607/params_1_9.pkl
2025-05-07 08:32:35,094 - INFO - Preparing datasets ...
2025-05-07 08:32:35,094 - INFO - `max_samples` = 0.2
2025-05-07 08:32:40,666 - INFO - Model initialization ...
2025-05-07 08:32:40,701 - INFO - Model fitting ...
2025-05-07 08:37:16,935 - INFO - Model eval ...
2025-05-07 08:40:35,338 - INFO - Available CPUs: [0, 1, 2, 3, 4, 5, 6, 7, 8, 9, 10, 11, 12, 13, 14, 15, 16, 17, 18, 19, 20, 21, 22, 23, 24, 25, 26, 27, 28, 29, 30, 31, 32, 33, 34, 35, 36, 37, 38, 39, 40, 41, 42, 43, 44, 45, 46, 47, 48, 49, 50, 51, 52, 53, 54, 55]
2025-05-07 08:40:35,338 - INFO - Waiting for file with parameters: /s/ls4/users/selibrin/spiking_researches/correlation_encoding_and_training/mnist/hpo/shifted_nn_restr_stdp_synapse/hpo_data/hpo_iteration_data/4335607/params_1_9.pkl
2025-05-07 08:41:40,414 - INFO - Preparing datasets ...
2025-05-07 08:41:40,414 - INFO - `max_samples` = 0.2
2025-05-07 08:41:45,882 - INFO - Model initialization ...
2025-05-07 08:41:45,886 - INFO - Model fitting ...
2025-05-07 08:46:09,652 - INFO - Model eval ...
2025-05-07 08:49:47,815 - INFO - Available CPUs: [0, 1, 2, 3, 4, 5, 6, 7, 8, 9, 10, 11, 12, 13, 14, 15, 16, 17, 18, 19, 20, 21, 22, 23, 24, 25, 26, 27, 28, 29, 30, 31, 32, 33, 34, 35, 36, 37, 38, 39, 40, 41, 42, 43, 44, 45, 46, 47, 48, 49, 50, 51, 52, 53, 54, 55]
2025-05-07 08:49:47,815 - INFO - Waiting for file with parameters: /s/ls4/users/selibrin/spiking_researches/correlation_encoding_and_training/mnist/hpo/shifted_nn_restr_stdp_synapse/hpo_data/hpo_iteration_data/4335607/params_1_9.pkl
2025-05-07 08:50:17,849 - INFO - Preparing datasets ...
2025-05-07 08:50:17,849 - INFO - `max_samples` = 0.2
2025-05-07 08:50:23,522 - INFO - Model initialization ...
2025-05-07 08:50:23,525 - INFO - Model fitting ...
2025-05-07 08:54:40,978 - INFO - Model eval ...
2025-05-07 08:58:16,414 - INFO - Available CPUs: [0, 1, 2, 3, 4, 5, 6, 7, 8, 9, 10, 11, 12, 13, 14, 15, 16, 17, 18, 19, 20, 21, 22, 23, 24, 25, 26, 27, 28, 29, 30, 31, 32, 33, 34, 35, 36, 37, 38, 39, 40, 41, 42, 43, 44, 45, 46, 47, 48, 49, 50, 51, 52, 53, 54, 55]
2025-05-07 08:58:16,414 - INFO - Waiting for file with parameters: /s/ls4/users/selibrin/spiking_researches/correlation_encoding_and_training/mnist/hpo/shifted_nn_restr_stdp_synapse/hpo_data/hpo_iteration_data/4335607/params_1_9.pkl
2025-05-07 08:58:51,455 - INFO - Preparing datasets ...
2025-05-07 08:58:51,455 - INFO - `max_samples` = 0.2
2025-05-07 08:58:56,945 - INFO - Model initialization ...
2025-05-07 08:58:56,949 - INFO - Model fitting ...
2025-05-07 09:03:24,292 - INFO - Model eval ...
2025-05-07 09:07:10,855 - INFO - Available CPUs: [0, 1, 2, 3, 4, 5, 6, 7, 8, 9, 10, 11, 12, 13, 14, 15, 16, 17, 18, 19, 20, 21, 22, 23, 24, 25, 26, 27, 28, 29, 30, 31, 32, 33, 34, 35, 36, 37, 38, 39, 40, 41, 42, 43, 44, 45, 46, 47, 48, 49, 50, 51, 52, 53, 54, 55]
2025-05-07 09:07:10,856 - INFO - Waiting for file with parameters: /s/ls4/users/selibrin/spiking_researches/correlation_encoding_and_training/mnist/hpo/shifted_nn_restr_stdp_synapse/hpo_data/hpo_iteration_data/4335607/params_1_9.pkl
2025-05-07 09:07:55,928 - INFO - Preparing datasets ...
2025-05-07 09:07:55,929 - INFO - `max_samples` = 0.2
2025-05-07 09:08:01,571 - INFO - Model initialization ...
2025-05-07 09:08:01,575 - INFO - Model fitting ...
2025-05-07 09:12:36,817 - INFO - Model eval ...
2025-05-07 09:16:27,040 - INFO - Available CPUs: [0, 1, 2, 3, 4, 5, 6, 7, 8, 9, 10, 11, 12, 13, 14, 15, 16, 17, 18, 19, 20, 21, 22, 23, 24, 25, 26, 27, 28, 29, 30, 31, 32, 33, 34, 35, 36, 37, 38, 39, 40, 41, 42, 43, 44, 45, 46, 47, 48, 49, 50, 51, 52, 53, 54, 55]
2025-05-07 09:16:27,040 - INFO - Waiting for file with parameters: /s/ls4/users/selibrin/spiking_researches/correlation_encoding_and_training/mnist/hpo/shifted_nn_restr_stdp_synapse/hpo_data/hpo_iteration_data/4335607/params_1_9.pkl
2025-05-07 09:17:02,082 - INFO - Preparing datasets ...
2025-05-07 09:17:02,083 - INFO - `max_samples` = 0.2
2025-05-07 09:17:07,988 - INFO - Model initialization ...
2025-05-07 09:17:07,991 - INFO - Model fitting ...
2025-05-07 09:21:41,041 - INFO - Model eval ...
2025-05-07 09:25:17,726 - INFO - Available CPUs: [0, 1, 2, 3, 4, 5, 6, 7, 8, 9, 10, 11, 12, 13, 14, 15, 16, 17, 18, 19, 20, 21, 22, 23, 24, 25, 26, 27, 28, 29, 30, 31, 32, 33, 34, 35, 36, 37, 38, 39, 40, 41, 42, 43, 44, 45, 46, 47, 48, 49, 50, 51, 52, 53, 54, 55]
2025-05-07 09:25:17,726 - INFO - Waiting for file with parameters: /s/ls4/users/selibrin/spiking_researches/correlation_encoding_and_training/mnist/hpo/shifted_nn_restr_stdp_synapse/hpo_data/hpo_iteration_data/4335607/params_1_9.pkl
2025-05-07 09:26:02,778 - INFO - Preparing datasets ...
2025-05-07 09:26:02,778 - INFO - `max_samples` = 0.2
2025-05-07 09:26:08,355 - INFO - Model initialization ...
2025-05-07 09:26:08,359 - INFO - Model fitting ...
2025-05-07 09:30:18,050 - INFO - Model eval ...
2025-05-07 09:33:45,202 - INFO - Available CPUs: [0, 1, 2, 3, 4, 5, 6, 7, 8, 9, 10, 11, 12, 13, 14, 15, 16, 17, 18, 19, 20, 21, 22, 23, 24, 25, 26, 27, 28, 29, 30, 31, 32, 33, 34, 35, 36, 37, 38, 39, 40, 41, 42, 43, 44, 45, 46, 47, 48, 49, 50, 51, 52, 53, 54, 55]
2025-05-07 09:33:45,202 - INFO - Waiting for file with parameters: /s/ls4/users/selibrin/spiking_researches/correlation_encoding_and_training/mnist/hpo/shifted_nn_restr_stdp_synapse/hpo_data/hpo_iteration_data/4335607/params_1_9.pkl
2025-05-07 09:34:35,258 - INFO - Preparing datasets ...
2025-05-07 09:34:35,259 - INFO - `max_samples` = 0.2
2025-05-07 09:34:40,857 - INFO - Model initialization ...
2025-05-07 09:34:40,861 - INFO - Model fitting ...
2025-05-07 09:38:54,442 - INFO - Model eval ...
2025-05-07 09:42:30,704 - INFO - Available CPUs: [0, 1, 2, 3, 4, 5, 6, 7, 8, 9, 10, 11, 12, 13, 14, 15, 16, 17, 18, 19, 20, 21, 22, 23, 24, 25, 26, 27, 28, 29, 30, 31, 32, 33, 34, 35, 36, 37, 38, 39, 40, 41, 42, 43, 44, 45, 46, 47, 48, 49, 50, 51, 52, 53, 54, 55]
2025-05-07 09:42:30,704 - INFO - Waiting for file with parameters: /s/ls4/users/selibrin/spiking_researches/correlation_encoding_and_training/mnist/hpo/shifted_nn_restr_stdp_synapse/hpo_data/hpo_iteration_data/4335607/params_1_9.pkl
2025-05-07 09:43:10,749 - INFO - Preparing datasets ...
2025-05-07 09:43:10,749 - INFO - `max_samples` = 0.2
2025-05-07 09:43:16,800 - INFO - Model initialization ...
2025-05-07 09:43:16,803 - INFO - Model fitting ...
2025-05-07 09:47:57,084 - INFO - Model eval ...
2025-05-07 09:51:50,394 - INFO - Available CPUs: [0, 1, 2, 3, 4, 5, 6, 7, 8, 9, 10, 11, 12, 13, 14, 15, 16, 17, 18, 19, 20, 21, 22, 23, 24, 25, 26, 27, 28, 29, 30, 31, 32, 33, 34, 35, 36, 37, 38, 39, 40, 41, 42, 43, 44, 45, 46, 47, 48, 49, 50, 51, 52, 53, 54, 55]
2025-05-07 09:51:50,394 - INFO - Waiting for file with parameters: /s/ls4/users/selibrin/spiking_researches/correlation_encoding_and_training/mnist/hpo/shifted_nn_restr_stdp_synapse/hpo_data/hpo_iteration_data/4335607/params_1_9.pkl
2025-05-07 09:52:15,443 - INFO - Preparing datasets ...
2025-05-07 09:52:15,443 - INFO - `max_samples` = 0.2
2025-05-07 09:52:20,354 - INFO - Model initialization ...
2025-05-07 09:52:20,356 - INFO - Model fitting ...
2025-05-07 09:56:44,506 - INFO - Model eval ...
2025-05-07 10:00:22,732 - INFO - Available CPUs: [0, 1, 2, 3, 4, 5, 6, 7, 8, 9, 10, 11, 12, 13, 14, 15, 16, 17, 18, 19, 20, 21, 22, 23, 24, 25, 26, 27, 28, 29, 30, 31, 32, 33, 34, 35, 36, 37, 38, 39, 40, 41, 42, 43, 44, 45, 46, 47, 48, 49, 50, 51, 52, 53, 54, 55]
2025-05-07 10:00:22,732 - INFO - Waiting for file with parameters: /s/ls4/users/selibrin/spiking_researches/correlation_encoding_and_training/mnist/hpo/shifted_nn_restr_stdp_synapse/hpo_data/hpo_iteration_data/4335607/params_1_9.pkl
2025-05-07 10:00:52,765 - INFO - Preparing datasets ...
2025-05-07 10:00:52,765 - INFO - `max_samples` = 0.2
2025-05-07 10:00:58,148 - INFO - Model initialization ...
2025-05-07 10:00:58,152 - INFO - Model fitting ...
2025-05-07 10:05:07,190 - INFO - Model eval ...
2025-05-07 10:08:32,882 - INFO - Available CPUs: [0, 1, 2, 3, 4, 5, 6, 7, 8, 9, 10, 11, 12, 13, 14, 15, 16, 17, 18, 19, 20, 21, 22, 23, 24, 25, 26, 27, 28, 29, 30, 31, 32, 33, 34, 35, 36, 37, 38, 39, 40, 41, 42, 43, 44, 45, 46, 47, 48, 49, 50, 51, 52, 53, 54, 55]
2025-05-07 10:08:32,883 - INFO - Waiting for file with parameters: /s/ls4/users/selibrin/spiking_researches/correlation_encoding_and_training/mnist/hpo/shifted_nn_restr_stdp_synapse/hpo_data/hpo_iteration_data/4335607/params_1_9.pkl
2025-05-07 10:08:52,909 - INFO - Preparing datasets ...
2025-05-07 10:08:52,910 - INFO - `max_samples` = 0.2
2025-05-07 10:08:58,246 - INFO - Model initialization ...
2025-05-07 10:08:58,250 - INFO - Model fitting ...
2025-05-07 10:13:10,908 - INFO - Model eval ...
2025-05-07 10:16:21,990 - INFO - Available CPUs: [0, 1, 2, 3, 4, 5, 6, 7, 8, 9, 10, 11, 12, 13, 14, 15, 16, 17, 18, 19, 20, 21, 22, 23, 24, 25, 26, 27, 28, 29, 30, 31, 32, 33, 34, 35, 36, 37, 38, 39, 40, 41, 42, 43, 44, 45, 46, 47, 48, 49, 50, 51, 52, 53, 54, 55]
2025-05-07 10:16:21,990 - INFO - Waiting for file with parameters: /s/ls4/users/selibrin/spiking_researches/correlation_encoding_and_training/mnist/hpo/shifted_nn_restr_stdp_synapse/hpo_data/hpo_iteration_data/4335607/params_1_9.pkl
2025-05-07 10:17:02,037 - INFO - Preparing datasets ...
2025-05-07 10:17:02,037 - INFO - `max_samples` = 0.2
2025-05-07 10:17:07,670 - INFO - Model initialization ...
2025-05-07 10:17:07,673 - INFO - Model fitting ...
2025-05-07 10:20:58,348 - INFO - Model eval ...
2025-05-07 10:24:45,462 - INFO - Available CPUs: [0, 1, 2, 3, 4, 5, 6, 7, 8, 9, 10, 11, 12, 13, 14, 15, 16, 17, 18, 19, 20, 21, 22, 23, 24, 25, 26, 27, 28, 29, 30, 31, 32, 33, 34, 35, 36, 37, 38, 39, 40, 41, 42, 43, 44, 45, 46, 47, 48, 49, 50, 51, 52, 53, 54, 55]
2025-05-07 10:24:45,462 - INFO - Waiting for file with parameters: /s/ls4/users/selibrin/spiking_researches/correlation_encoding_and_training/mnist/hpo/shifted_nn_restr_stdp_synapse/hpo_data/hpo_iteration_data/4335607/params_1_9.pkl
2025-05-07 10:25:35,519 - INFO - Preparing datasets ...
2025-05-07 10:25:35,519 - INFO - `max_samples` = 0.2
2025-05-07 10:25:40,506 - INFO - Model initialization ...
2025-05-07 10:25:40,509 - INFO - Model fitting ...
2025-05-07 10:30:19,682 - INFO - Model eval ...
2025-05-07 10:34:05,852 - INFO - Available CPUs: [0, 1, 2, 3, 4, 5, 6, 7, 8, 9, 10, 11, 12, 13, 14, 15, 16, 17, 18, 19, 20, 21, 22, 23, 24, 25, 26, 27, 28, 29, 30, 31, 32, 33, 34, 35, 36, 37, 38, 39, 40, 41, 42, 43, 44, 45, 46, 47, 48, 49, 50, 51, 52, 53, 54, 55]
2025-05-07 10:34:05,853 - INFO - Waiting for file with parameters: /s/ls4/users/selibrin/spiking_researches/correlation_encoding_and_training/mnist/hpo/shifted_nn_restr_stdp_synapse/hpo_data/hpo_iteration_data/4335607/params_1_9.pkl
2025-05-07 10:34:40,893 - INFO - Preparing datasets ...
2025-05-07 10:34:40,893 - INFO - `max_samples` = 0.2
2025-05-07 10:34:46,882 - INFO - Model initialization ...
2025-05-07 10:34:46,886 - INFO - Model fitting ...
2025-05-07 10:39:18,512 - INFO - Model eval ...
2025-05-07 10:42:48,305 - INFO - Available CPUs: [0, 1, 2, 3, 4, 5, 6, 7, 8, 9, 10, 11, 12, 13, 14, 15, 16, 17, 18, 19, 20, 21, 22, 23, 24, 25, 26, 27, 28, 29, 30, 31, 32, 33, 34, 35, 36, 37, 38, 39, 40, 41, 42, 43, 44, 45, 46, 47, 48, 49, 50, 51, 52, 53, 54, 55]
2025-05-07 10:42:48,305 - INFO - Waiting for file with parameters: /s/ls4/users/selibrin/spiking_researches/correlation_encoding_and_training/mnist/hpo/shifted_nn_restr_stdp_synapse/hpo_data/hpo_iteration_data/4335607/params_1_9.pkl
2025-05-07 10:43:13,337 - INFO - Preparing datasets ...
2025-05-07 10:43:13,337 - INFO - `max_samples` = 0.2
2025-05-07 10:43:19,174 - INFO - Model initialization ...
2025-05-07 10:43:19,178 - INFO - Model fitting ...
2025-05-07 10:47:58,251 - INFO - Model eval ...
2025-05-07 10:51:43,794 - INFO - Available CPUs: [0, 1, 2, 3, 4, 5, 6, 7, 8, 9, 10, 11, 12, 13, 14, 15, 16, 17, 18, 19, 20, 21, 22, 23, 24, 25, 26, 27, 28, 29, 30, 31, 32, 33, 34, 35, 36, 37, 38, 39, 40, 41, 42, 43, 44, 45, 46, 47, 48, 49, 50, 51, 52, 53, 54, 55]
2025-05-07 10:51:43,794 - INFO - Waiting for file with parameters: /s/ls4/users/selibrin/spiking_researches/correlation_encoding_and_training/mnist/hpo/shifted_nn_restr_stdp_synapse/hpo_data/hpo_iteration_data/4335607/params_1_9.pkl
2025-05-07 10:52:18,836 - INFO - Preparing datasets ...
2025-05-07 10:52:18,837 - INFO - `max_samples` = 0.2
2025-05-07 10:52:24,980 - INFO - Model initialization ...
2025-05-07 10:52:24,984 - INFO - Model fitting ...
2025-05-07 10:57:05,090 - INFO - Model eval ...
2025-05-07 11:00:53,690 - INFO - Available CPUs: [0, 1, 2, 3, 4, 5, 6, 7, 8, 9, 10, 11, 12, 13, 14, 15, 16, 17, 18, 19, 20, 21, 22, 23, 24, 25, 26, 27, 28, 29, 30, 31, 32, 33, 34, 35, 36, 37, 38, 39, 40, 41, 42, 43, 44, 45, 46, 47, 48, 49, 50, 51, 52, 53, 54, 55]
2025-05-07 11:00:53,691 - INFO - Waiting for file with parameters: /s/ls4/users/selibrin/spiking_researches/correlation_encoding_and_training/mnist/hpo/shifted_nn_restr_stdp_synapse/hpo_data/hpo_iteration_data/4335607/params_1_9.pkl
2025-05-07 11:01:23,727 - INFO - Preparing datasets ...
2025-05-07 11:01:23,727 - INFO - `max_samples` = 0.2
2025-05-07 11:01:29,447 - INFO - Model initialization ...
2025-05-07 11:01:29,451 - INFO - Model fitting ...
2025-05-07 11:06:07,841 - INFO - Model eval ...
2025-05-07 11:09:50,623 - INFO - Available CPUs: [0, 1, 2, 3, 4, 5, 6, 7, 8, 9, 10, 11, 12, 13, 14, 15, 16, 17, 18, 19, 20, 21, 22, 23, 24, 25, 26, 27, 28, 29, 30, 31, 32, 33, 34, 35, 36, 37, 38, 39, 40, 41, 42, 43, 44, 45, 46, 47, 48, 49, 50, 51, 52, 53, 54, 55]
2025-05-07 11:09:50,623 - INFO - Waiting for file with parameters: /s/ls4/users/selibrin/spiking_researches/correlation_encoding_and_training/mnist/hpo/shifted_nn_restr_stdp_synapse/hpo_data/hpo_iteration_data/4335607/params_1_9.pkl
2025-05-07 11:10:00,643 - INFO - Preparing datasets ...
2025-05-07 11:10:00,644 - INFO - `max_samples` = 0.2
2025-05-07 11:10:06,521 - INFO - Model initialization ...
2025-05-07 11:10:06,525 - INFO - Model fitting ...
2025-05-07 11:14:43,646 - INFO - Model eval ...
2025-05-07 11:18:30,989 - INFO - Available CPUs: [0, 1, 2, 3, 4, 5, 6, 7, 8, 9, 10, 11, 12, 13, 14, 15, 16, 17, 18, 19, 20, 21, 22, 23, 24, 25, 26, 27, 28, 29, 30, 31, 32, 33, 34, 35, 36, 37, 38, 39, 40, 41, 42, 43, 44, 45, 46, 47, 48, 49, 50, 51, 52, 53, 54, 55]
2025-05-07 11:18:30,990 - INFO - Waiting for file with parameters: /s/ls4/users/selibrin/spiking_researches/correlation_encoding_and_training/mnist/hpo/shifted_nn_restr_stdp_synapse/hpo_data/hpo_iteration_data/4335607/params_1_9.pkl
2025-05-07 11:19:06,039 - INFO - Preparing datasets ...
2025-05-07 11:19:06,039 - INFO - `max_samples` = 0.2
2025-05-07 11:19:11,844 - INFO - Model initialization ...
2025-05-07 11:19:11,848 - INFO - Model fitting ...
2025-05-07 11:24:06,966 - INFO - Model eval ...
2025-05-07 11:27:56,971 - INFO - Available CPUs: [0, 1, 2, 3, 4, 5, 6, 7, 8, 9, 10, 11, 12, 13, 14, 15, 16, 17, 18, 19, 20, 21, 22, 23, 24, 25, 26, 27, 28, 29, 30, 31, 32, 33, 34, 35, 36, 37, 38, 39, 40, 41, 42, 43, 44, 45, 46, 47, 48, 49, 50, 51, 52, 53, 54, 55]
2025-05-07 11:27:56,971 - INFO - Waiting for file with parameters: /s/ls4/users/selibrin/spiking_researches/correlation_encoding_and_training/mnist/hpo/shifted_nn_restr_stdp_synapse/hpo_data/hpo_iteration_data/4335607/params_1_9.pkl
2025-05-07 11:28:06,985 - INFO - Preparing datasets ...
2025-05-07 11:28:06,986 - INFO - `max_samples` = 0.2
2025-05-07 11:28:12,743 - INFO - Model initialization ...
2025-05-07 11:28:12,747 - INFO - Model fitting ...
2025-05-07 11:32:50,662 - INFO - Model eval ...
2025-05-07 11:36:33,388 - INFO - Available CPUs: [0, 1, 2, 3, 4, 5, 6, 7, 8, 9, 10, 11, 12, 13, 14, 15, 16, 17, 18, 19, 20, 21, 22, 23, 24, 25, 26, 27, 28, 29, 30, 31, 32, 33, 34, 35, 36, 37, 38, 39, 40, 41, 42, 43, 44, 45, 46, 47, 48, 49, 50, 51, 52, 53, 54, 55]
2025-05-07 11:36:33,389 - INFO - Waiting for file with parameters: /s/ls4/users/selibrin/spiking_researches/correlation_encoding_and_training/mnist/hpo/shifted_nn_restr_stdp_synapse/hpo_data/hpo_iteration_data/4335607/params_1_9.pkl
2025-05-07 11:36:43,402 - INFO - Preparing datasets ...
2025-05-07 11:36:43,402 - INFO - `max_samples` = 0.2
2025-05-07 11:36:49,071 - INFO - Model initialization ...
2025-05-07 11:36:49,075 - INFO - Model fitting ...
2025-05-07 11:41:25,956 - INFO - Model eval ...
2025-05-07 11:45:05,185 - INFO - Available CPUs: [0, 1, 2, 3, 4, 5, 6, 7, 8, 9, 10, 11, 12, 13, 14, 15, 16, 17, 18, 19, 20, 21, 22, 23, 24, 25, 26, 27, 28, 29, 30, 31, 32, 33, 34, 35, 36, 37, 38, 39, 40, 41, 42, 43, 44, 45, 46, 47, 48, 49, 50, 51, 52, 53, 54, 55]
2025-05-07 11:45:05,185 - INFO - Waiting for file with parameters: /s/ls4/users/selibrin/spiking_researches/correlation_encoding_and_training/mnist/hpo/shifted_nn_restr_stdp_synapse/hpo_data/hpo_iteration_data/4335607/params_1_9.pkl
2025-05-07 11:45:15,208 - INFO - Preparing datasets ...
2025-05-07 11:45:15,208 - INFO - `max_samples` = 0.2
2025-05-07 11:45:20,042 - INFO - Model initialization ...
2025-05-07 11:45:20,046 - INFO - Model fitting ...
2025-05-07 11:49:59,840 - INFO - Model eval ...
2025-05-07 11:53:47,152 - INFO - Available CPUs: [0, 1, 2, 3, 4, 5, 6, 7, 8, 9, 10, 11, 12, 13, 14, 15, 16, 17, 18, 19, 20, 21, 22, 23, 24, 25, 26, 27, 28, 29, 30, 31, 32, 33, 34, 35, 36, 37, 38, 39, 40, 41, 42, 43, 44, 45, 46, 47, 48, 49, 50, 51, 52, 53, 54, 55]
2025-05-07 11:53:47,152 - INFO - Waiting for file with parameters: /s/ls4/users/selibrin/spiking_researches/correlation_encoding_and_training/mnist/hpo/shifted_nn_restr_stdp_synapse/hpo_data/hpo_iteration_data/4335607/params_1_9.pkl
2025-05-07 11:54:17,221 - INFO - Preparing datasets ...
2025-05-07 11:54:17,224 - INFO - `max_samples` = 0.2
2025-05-07 11:54:22,993 - INFO - Model initialization ...
2025-05-07 11:54:26,025 - INFO - Model fitting ...
2025-05-07 11:59:00,675 - INFO - Model eval ...
2025-05-07 12:02:43,127 - INFO - Available CPUs: [0, 1, 2, 3, 4, 5, 6, 7, 8, 9, 10, 11, 12, 13, 14, 15, 16, 17, 18, 19, 20, 21, 22, 23, 24, 25, 26, 27, 28, 29, 30, 31, 32, 33, 34, 35, 36, 37, 38, 39, 40, 41, 42, 43, 44, 45, 46, 47, 48, 49, 50, 51, 52, 53, 54, 55]
2025-05-07 12:02:43,128 - INFO - Waiting for file with parameters: /s/ls4/users/selibrin/spiking_researches/correlation_encoding_and_training/mnist/hpo/shifted_nn_restr_stdp_synapse/hpo_data/hpo_iteration_data/4335607/params_1_9.pkl
2025-05-07 12:02:53,141 - INFO - Preparing datasets ...
2025-05-07 12:02:53,141 - INFO - `max_samples` = 0.2
2025-05-07 12:02:58,814 - INFO - Model initialization ...
2025-05-07 12:02:58,818 - INFO - Model fitting ...
2025-05-07 12:07:33,340 - INFO - Model eval ...
2025-05-07 12:11:10,139 - INFO - Available CPUs: [0, 1, 2, 3, 4, 5, 6, 7, 8, 9, 10, 11, 12, 13, 14, 15, 16, 17, 18, 19, 20, 21, 22, 23, 24, 25, 26, 27, 28, 29, 30, 31, 32, 33, 34, 35, 36, 37, 38, 39, 40, 41, 42, 43, 44, 45, 46, 47, 48, 49, 50, 51, 52, 53, 54, 55]
2025-05-07 12:11:10,140 - INFO - Waiting for file with parameters: /s/ls4/users/selibrin/spiking_researches/correlation_encoding_and_training/mnist/hpo/shifted_nn_restr_stdp_synapse/hpo_data/hpo_iteration_data/4335607/params_1_9.pkl
2025-05-07 12:12:00,194 - INFO - Preparing datasets ...
2025-05-07 12:12:00,194 - INFO - `max_samples` = 0.2
2025-05-07 12:12:06,139 - INFO - Model initialization ...
2025-05-07 12:12:06,143 - INFO - Model fitting ...
2025-05-07 12:16:36,814 - INFO - Model eval ...
2025-05-07 12:20:18,195 - INFO - Available CPUs: [0, 1, 2, 3, 4, 5, 6, 7, 8, 9, 10, 11, 12, 13, 14, 15, 16, 17, 18, 19, 20, 21, 22, 23, 24, 25, 26, 27, 28, 29, 30, 31, 32, 33, 34, 35, 36, 37, 38, 39, 40, 41, 42, 43, 44, 45, 46, 47, 48, 49, 50, 51, 52, 53, 54, 55]
2025-05-07 12:20:18,195 - INFO - Waiting for file with parameters: /s/ls4/users/selibrin/spiking_researches/correlation_encoding_and_training/mnist/hpo/shifted_nn_restr_stdp_synapse/hpo_data/hpo_iteration_data/4335607/params_1_9.pkl
2025-05-07 12:21:03,253 - INFO - Preparing datasets ...
2025-05-07 12:21:03,254 - INFO - `max_samples` = 0.2
2025-05-07 12:21:08,814 - INFO - Model initialization ...
2025-05-07 12:21:08,818 - INFO - Model fitting ...
2025-05-07 12:25:43,545 - INFO - Model eval ...
2025-05-07 12:29:27,981 - INFO - Available CPUs: [0, 1, 2, 3, 4, 5, 6, 7, 8, 9, 10, 11, 12, 13, 14, 15, 16, 17, 18, 19, 20, 21, 22, 23, 24, 25, 26, 27, 28, 29, 30, 31, 32, 33, 34, 35, 36, 37, 38, 39, 40, 41, 42, 43, 44, 45, 46, 47, 48, 49, 50, 51, 52, 53, 54, 55]
2025-05-07 12:29:27,981 - INFO - Waiting for file with parameters: /s/ls4/users/selibrin/spiking_researches/correlation_encoding_and_training/mnist/hpo/shifted_nn_restr_stdp_synapse/hpo_data/hpo_iteration_data/4335607/params_1_9.pkl
2025-05-07 12:30:08,027 - INFO - Preparing datasets ...
2025-05-07 12:30:08,027 - INFO - `max_samples` = 0.2
2025-05-07 12:30:13,799 - INFO - Model initialization ...
2025-05-07 12:30:13,802 - INFO - Model fitting ...
2025-05-07 12:34:49,931 - INFO - Model eval ...
2025-05-07 12:38:30,681 - INFO - Available CPUs: [0, 1, 2, 3, 4, 5, 6, 7, 8, 9, 10, 11, 12, 13, 14, 15, 16, 17, 18, 19, 20, 21, 22, 23, 24, 25, 26, 27, 28, 29, 30, 31, 32, 33, 34, 35, 36, 37, 38, 39, 40, 41, 42, 43, 44, 45, 46, 47, 48, 49, 50, 51, 52, 53, 54, 55]
2025-05-07 12:38:30,681 - INFO - Waiting for file with parameters: /s/ls4/users/selibrin/spiking_researches/correlation_encoding_and_training/mnist/hpo/shifted_nn_restr_stdp_synapse/hpo_data/hpo_iteration_data/4335607/params_1_9.pkl
2025-05-07 12:39:15,740 - INFO - Preparing datasets ...
2025-05-07 12:39:15,740 - INFO - `max_samples` = 0.2
2025-05-07 12:39:21,476 - INFO - Model initialization ...
2025-05-07 12:39:21,480 - INFO - Model fitting ...
2025-05-07 12:43:57,923 - INFO - Model eval ...
2025-05-07 12:47:41,137 - INFO - Available CPUs: [0, 1, 2, 3, 4, 5, 6, 7, 8, 9, 10, 11, 12, 13, 14, 15, 16, 17, 18, 19, 20, 21, 22, 23, 24, 25, 26, 27, 28, 29, 30, 31, 32, 33, 34, 35, 36, 37, 38, 39, 40, 41, 42, 43, 44, 45, 46, 47, 48, 49, 50, 51, 52, 53, 54, 55]
2025-05-07 12:47:41,138 - INFO - Waiting for file with parameters: /s/ls4/users/selibrin/spiking_researches/correlation_encoding_and_training/mnist/hpo/shifted_nn_restr_stdp_synapse/hpo_data/hpo_iteration_data/4335607/params_1_9.pkl
2025-05-07 12:48:16,187 - INFO - Preparing datasets ...
2025-05-07 12:48:16,187 - INFO - `max_samples` = 0.2
2025-05-07 12:48:22,007 - INFO - Model initialization ...
2025-05-07 12:48:22,031 - INFO - Model fitting ...
2025-05-07 12:52:58,459 - INFO - Model eval ...
2025-05-07 12:56:41,849 - INFO - Available CPUs: [0, 1, 2, 3, 4, 5, 6, 7, 8, 9, 10, 11, 12, 13, 14, 15, 16, 17, 18, 19, 20, 21, 22, 23, 24, 25, 26, 27, 28, 29, 30, 31, 32, 33, 34, 35, 36, 37, 38, 39, 40, 41, 42, 43, 44, 45, 46, 47, 48, 49, 50, 51, 52, 53, 54, 55]
2025-05-07 12:56:41,849 - INFO - Waiting for file with parameters: /s/ls4/users/selibrin/spiking_researches/correlation_encoding_and_training/mnist/hpo/shifted_nn_restr_stdp_synapse/hpo_data/hpo_iteration_data/4335607/params_1_9.pkl
2025-05-07 12:57:21,893 - INFO - Preparing datasets ...
2025-05-07 12:57:21,893 - INFO - `max_samples` = 0.2
2025-05-07 12:57:27,408 - INFO - Model initialization ...
2025-05-07 12:57:27,411 - INFO - Model fitting ...
2025-05-07 13:02:02,239 - INFO - Model eval ...
2025-05-07 13:05:35,910 - INFO - Available CPUs: [0, 1, 2, 3, 4, 5, 6, 7, 8, 9, 10, 11, 12, 13, 14, 15, 16, 17, 18, 19, 20, 21, 22, 23, 24, 25, 26, 27, 28, 29, 30, 31, 32, 33, 34, 35, 36, 37, 38, 39, 40, 41, 42, 43, 44, 45, 46, 47, 48, 49, 50, 51, 52, 53, 54, 55]
2025-05-07 13:05:35,911 - INFO - Waiting for file with parameters: /s/ls4/users/selibrin/spiking_researches/correlation_encoding_and_training/mnist/hpo/shifted_nn_restr_stdp_synapse/hpo_data/hpo_iteration_data/4335607/params_1_9.pkl
2025-05-07 13:06:25,966 - INFO - Preparing datasets ...
2025-05-07 13:06:25,966 - INFO - `max_samples` = 0.2
2025-05-07 13:06:31,689 - INFO - Model initialization ...
2025-05-07 13:06:31,693 - INFO - Model fitting ...
2025-05-07 13:11:08,432 - INFO - Model eval ...
2025-05-07 13:14:48,877 - INFO - Available CPUs: [0, 1, 2, 3, 4, 5, 6, 7, 8, 9, 10, 11, 12, 13, 14, 15, 16, 17, 18, 19, 20, 21, 22, 23, 24, 25, 26, 27, 28, 29, 30, 31, 32, 33, 34, 35, 36, 37, 38, 39, 40, 41, 42, 43, 44, 45, 46, 47, 48, 49, 50, 51, 52, 53, 54, 55]
2025-05-07 13:14:48,877 - INFO - Waiting for file with parameters: /s/ls4/users/selibrin/spiking_researches/correlation_encoding_and_training/mnist/hpo/shifted_nn_restr_stdp_synapse/hpo_data/hpo_iteration_data/4335607/params_1_9.pkl
2025-05-07 13:14:58,890 - INFO - Preparing datasets ...
2025-05-07 13:14:58,891 - INFO - `max_samples` = 0.2
2025-05-07 13:15:03,935 - INFO - Model initialization ...
2025-05-07 13:15:03,939 - INFO - Model fitting ...
2025-05-07 13:19:44,475 - INFO - Model eval ...
2025-05-07 13:23:29,756 - INFO - Available CPUs: [0, 1, 2, 3, 4, 5, 6, 7, 8, 9, 10, 11, 12, 13, 14, 15, 16, 17, 18, 19, 20, 21, 22, 23, 24, 25, 26, 27, 28, 29, 30, 31, 32, 33, 34, 35, 36, 37, 38, 39, 40, 41, 42, 43, 44, 45, 46, 47, 48, 49, 50, 51, 52, 53, 54, 55]
2025-05-07 13:23:29,756 - INFO - Waiting for file with parameters: /s/ls4/users/selibrin/spiking_researches/correlation_encoding_and_training/mnist/hpo/shifted_nn_restr_stdp_synapse/hpo_data/hpo_iteration_data/4335607/params_1_9.pkl
2025-05-07 13:24:04,794 - INFO - Preparing datasets ...
2025-05-07 13:24:04,795 - INFO - `max_samples` = 0.2
2025-05-07 13:24:10,792 - INFO - Model initialization ...
2025-05-07 13:24:10,796 - INFO - Model fitting ...
2025-05-07 13:29:05,478 - INFO - Model eval ...
2025-05-07 13:32:51,863 - INFO - Available CPUs: [0, 1, 2, 3, 4, 5, 6, 7, 8, 9, 10, 11, 12, 13, 14, 15, 16, 17, 18, 19, 20, 21, 22, 23, 24, 25, 26, 27, 28, 29, 30, 31, 32, 33, 34, 35, 36, 37, 38, 39, 40, 41, 42, 43, 44, 45, 46, 47, 48, 49, 50, 51, 52, 53, 54, 55]
2025-05-07 13:32:51,863 - INFO - Waiting for file with parameters: /s/ls4/users/selibrin/spiking_researches/correlation_encoding_and_training/mnist/hpo/shifted_nn_restr_stdp_synapse/hpo_data/hpo_iteration_data/4335607/params_1_9.pkl
2025-05-07 13:33:36,911 - INFO - Preparing datasets ...
2025-05-07 13:33:36,912 - INFO - `max_samples` = 0.2
2025-05-07 13:33:41,503 - INFO - Model initialization ...
2025-05-07 13:33:41,507 - INFO - Model fitting ...
2025-05-07 13:38:21,271 - INFO - Model eval ...
2025-05-07 13:41:52,567 - INFO - Available CPUs: [0, 1, 2, 3, 4, 5, 6, 7, 8, 9, 10, 11, 12, 13, 14, 15, 16, 17, 18, 19, 20, 21, 22, 23, 24, 25, 26, 27, 28, 29, 30, 31, 32, 33, 34, 35, 36, 37, 38, 39, 40, 41, 42, 43, 44, 45, 46, 47, 48, 49, 50, 51, 52, 53, 54, 55]
2025-05-07 13:41:52,567 - INFO - Waiting for file with parameters: /s/ls4/users/selibrin/spiking_researches/correlation_encoding_and_training/mnist/hpo/shifted_nn_restr_stdp_synapse/hpo_data/hpo_iteration_data/4335607/params_1_9.pkl
2025-05-07 13:42:12,593 - INFO - Preparing datasets ...
2025-05-07 13:42:12,593 - INFO - `max_samples` = 0.2
2025-05-07 13:42:18,230 - INFO - Model initialization ...
2025-05-07 13:42:18,234 - INFO - Model fitting ...
2025-05-07 13:46:51,928 - INFO - Model eval ...
2025-05-07 13:50:36,259 - INFO - Available CPUs: [0, 1, 2, 3, 4, 5, 6, 7, 8, 9, 10, 11, 12, 13, 14, 15, 16, 17, 18, 19, 20, 21, 22, 23, 24, 25, 26, 27, 28, 29, 30, 31, 32, 33, 34, 35, 36, 37, 38, 39, 40, 41, 42, 43, 44, 45, 46, 47, 48, 49, 50, 51, 52, 53, 54, 55]
2025-05-07 13:50:36,259 - INFO - Waiting for file with parameters: /s/ls4/users/selibrin/spiking_researches/correlation_encoding_and_training/mnist/hpo/shifted_nn_restr_stdp_synapse/hpo_data/hpo_iteration_data/4335607/params_1_9.pkl
2025-05-07 13:51:16,304 - INFO - Preparing datasets ...
2025-05-07 13:51:16,304 - INFO - `max_samples` = 0.2
2025-05-07 13:51:22,043 - INFO - Model initialization ...
2025-05-07 13:51:22,047 - INFO - Model fitting ...
2025-05-07 13:55:54,774 - INFO - Model eval ...
2025-05-07 13:59:33,489 - INFO - Available CPUs: [0, 1, 2, 3, 4, 5, 6, 7, 8, 9, 10, 11, 12, 13, 14, 15, 16, 17, 18, 19, 20, 21, 22, 23, 24, 25, 26, 27, 28, 29, 30, 31, 32, 33, 34, 35, 36, 37, 38, 39, 40, 41, 42, 43, 44, 45, 46, 47, 48, 49, 50, 51, 52, 53, 54, 55]
2025-05-07 13:59:33,489 - INFO - Waiting for file with parameters: /s/ls4/users/selibrin/spiking_researches/correlation_encoding_and_training/mnist/hpo/shifted_nn_restr_stdp_synapse/hpo_data/hpo_iteration_data/4335607/params_1_9.pkl
2025-05-07 14:00:23,574 - INFO - Preparing datasets ...
2025-05-07 14:00:23,575 - INFO - `max_samples` = 0.2
2025-05-07 14:00:29,439 - INFO - Model initialization ...
2025-05-07 14:00:29,442 - INFO - Model fitting ...
2025-05-07 14:05:05,339 - INFO - Model eval ...
2025-05-07 14:08:38,109 - INFO - Available CPUs: [0, 1, 2, 3, 4, 5, 6, 7, 8, 9, 10, 11, 12, 13, 14, 15, 16, 17, 18, 19, 20, 21, 22, 23, 24, 25, 26, 27, 28, 29, 30, 31, 32, 33, 34, 35, 36, 37, 38, 39, 40, 41, 42, 43, 44, 45, 46, 47, 48, 49, 50, 51, 52, 53, 54, 55]
2025-05-07 14:08:38,109 - INFO - Waiting for file with parameters: /s/ls4/users/selibrin/spiking_researches/correlation_encoding_and_training/mnist/hpo/shifted_nn_restr_stdp_synapse/hpo_data/hpo_iteration_data/4335607/params_1_9.pkl
2025-05-07 14:09:23,161 - INFO - Preparing datasets ...
2025-05-07 14:09:23,162 - INFO - `max_samples` = 0.2
2025-05-07 14:09:29,149 - INFO - Model initialization ...
2025-05-07 14:09:29,153 - INFO - Model fitting ...
2025-05-07 14:14:09,417 - INFO - Model eval ...
2025-05-07 14:17:53,037 - INFO - Available CPUs: [0, 1, 2, 3, 4, 5, 6, 7, 8, 9, 10, 11, 12, 13, 14, 15, 16, 17, 18, 19, 20, 21, 22, 23, 24, 25, 26, 27, 28, 29, 30, 31, 32, 33, 34, 35, 36, 37, 38, 39, 40, 41, 42, 43, 44, 45, 46, 47, 48, 49, 50, 51, 52, 53, 54, 55]
2025-05-07 14:17:53,037 - INFO - Waiting for file with parameters: /s/ls4/users/selibrin/spiking_researches/correlation_encoding_and_training/mnist/hpo/shifted_nn_restr_stdp_synapse/hpo_data/hpo_iteration_data/4335607/params_1_9.pkl
2025-05-07 14:18:28,077 - INFO - Preparing datasets ...
2025-05-07 14:18:28,077 - INFO - `max_samples` = 0.2
2025-05-07 14:18:33,722 - INFO - Model initialization ...
2025-05-07 14:18:33,725 - INFO - Model fitting ...
2025-05-07 14:23:06,525 - INFO - Model eval ...
2025-05-07 14:26:44,934 - INFO - Available CPUs: [0, 1, 2, 3, 4, 5, 6, 7, 8, 9, 10, 11, 12, 13, 14, 15, 16, 17, 18, 19, 20, 21, 22, 23, 24, 25, 26, 27, 28, 29, 30, 31, 32, 33, 34, 35, 36, 37, 38, 39, 40, 41, 42, 43, 44, 45, 46, 47, 48, 49, 50, 51, 52, 53, 54, 55]
2025-05-07 14:26:44,934 - INFO - Waiting for file with parameters: /s/ls4/users/selibrin/spiking_researches/correlation_encoding_and_training/mnist/hpo/shifted_nn_restr_stdp_synapse/hpo_data/hpo_iteration_data/4335607/params_1_9.pkl
2025-05-07 14:27:04,957 - INFO - Preparing datasets ...
2025-05-07 14:27:04,957 - INFO - `max_samples` = 0.2
2025-05-07 14:27:10,687 - INFO - Model initialization ...
2025-05-07 14:27:10,691 - INFO - Model fitting ...
2025-05-07 14:31:44,208 - INFO - Model eval ...
2025-05-07 14:35:25,478 - INFO - Available CPUs: [0, 1, 2, 3, 4, 5, 6, 7, 8, 9, 10, 11, 12, 13, 14, 15, 16, 17, 18, 19, 20, 21, 22, 23, 24, 25, 26, 27, 28, 29, 30, 31, 32, 33, 34, 35, 36, 37, 38, 39, 40, 41, 42, 43, 44, 45, 46, 47, 48, 49, 50, 51, 52, 53, 54, 55]
2025-05-07 14:35:25,478 - INFO - Waiting for file with parameters: /s/ls4/users/selibrin/spiking_researches/correlation_encoding_and_training/mnist/hpo/shifted_nn_restr_stdp_synapse/hpo_data/hpo_iteration_data/4335607/params_1_9.pkl
2025-05-07 14:36:05,525 - INFO - Preparing datasets ...
2025-05-07 14:36:05,525 - INFO - `max_samples` = 0.2
2025-05-07 14:36:11,330 - INFO - Model initialization ...
2025-05-07 14:36:11,334 - INFO - Model fitting ...
2025-05-07 14:40:47,122 - INFO - Model eval ...
2025-05-07 14:44:30,709 - INFO - Available CPUs: [0, 1, 2, 3, 4, 5, 6, 7, 8, 9, 10, 11, 12, 13, 14, 15, 16, 17, 18, 19, 20, 21, 22, 23, 24, 25, 26, 27, 28, 29, 30, 31, 32, 33, 34, 35, 36, 37, 38, 39, 40, 41, 42, 43, 44, 45, 46, 47, 48, 49, 50, 51, 52, 53, 54, 55]
2025-05-07 14:44:30,709 - INFO - Waiting for file with parameters: /s/ls4/users/selibrin/spiking_researches/correlation_encoding_and_training/mnist/hpo/shifted_nn_restr_stdp_synapse/hpo_data/hpo_iteration_data/4335607/params_1_9.pkl
2025-05-07 14:45:10,756 - INFO - Preparing datasets ...
2025-05-07 14:45:10,756 - INFO - `max_samples` = 0.2
2025-05-07 14:45:16,580 - INFO - Model initialization ...
2025-05-07 14:45:16,584 - INFO - Model fitting ...
2025-05-07 14:49:55,700 - INFO - Model eval ...
2025-05-07 14:53:34,037 - INFO - Available CPUs: [0, 1, 2, 3, 4, 5, 6, 7, 8, 9, 10, 11, 12, 13, 14, 15, 16, 17, 18, 19, 20, 21, 22, 23, 24, 25, 26, 27, 28, 29, 30, 31, 32, 33, 34, 35, 36, 37, 38, 39, 40, 41, 42, 43, 44, 45, 46, 47, 48, 49, 50, 51, 52, 53, 54, 55]
2025-05-07 14:53:34,037 - INFO - Waiting for file with parameters: /s/ls4/users/selibrin/spiking_researches/correlation_encoding_and_training/mnist/hpo/shifted_nn_restr_stdp_synapse/hpo_data/hpo_iteration_data/4335607/params_1_9.pkl
2025-05-07 14:53:44,051 - INFO - Preparing datasets ...
2025-05-07 14:53:44,051 - INFO - `max_samples` = 0.2
2025-05-07 14:53:49,933 - INFO - Model initialization ...
2025-05-07 14:53:49,937 - INFO - Model fitting ...
2025-05-07 14:58:27,558 - INFO - Model eval ...
2025-05-07 15:02:11,642 - INFO - Available CPUs: [0, 1, 2, 3, 4, 5, 6, 7, 8, 9, 10, 11, 12, 13, 14, 15, 16, 17, 18, 19, 20, 21, 22, 23, 24, 25, 26, 27, 28, 29, 30, 31, 32, 33, 34, 35, 36, 37, 38, 39, 40, 41, 42, 43, 44, 45, 46, 47, 48, 49, 50, 51, 52, 53, 54, 55]
2025-05-07 15:02:11,642 - INFO - Waiting for file with parameters: /s/ls4/users/selibrin/spiking_researches/correlation_encoding_and_training/mnist/hpo/shifted_nn_restr_stdp_synapse/hpo_data/hpo_iteration_data/4335607/params_1_9.pkl
2025-05-07 15:02:46,683 - INFO - Preparing datasets ...
2025-05-07 15:02:46,683 - INFO - `max_samples` = 0.2
2025-05-07 15:02:52,553 - INFO - Model initialization ...
2025-05-07 15:02:52,557 - INFO - Model fitting ...
2025-05-07 15:07:35,533 - INFO - Model eval ...
2025-05-07 15:11:22,320 - INFO - Available CPUs: [0, 1, 2, 3, 4, 5, 6, 7, 8, 9, 10, 11, 12, 13, 14, 15, 16, 17, 18, 19, 20, 21, 22, 23, 24, 25, 26, 27, 28, 29, 30, 31, 32, 33, 34, 35, 36, 37, 38, 39, 40, 41, 42, 43, 44, 45, 46, 47, 48, 49, 50, 51, 52, 53, 54, 55]
2025-05-07 15:11:22,320 - INFO - Waiting for file with parameters: /s/ls4/users/selibrin/spiking_researches/correlation_encoding_and_training/mnist/hpo/shifted_nn_restr_stdp_synapse/hpo_data/hpo_iteration_data/4335607/params_1_9.pkl
2025-05-07 15:12:22,385 - INFO - Preparing datasets ...
2025-05-07 15:12:22,385 - INFO - `max_samples` = 0.2
2025-05-07 15:12:28,386 - INFO - Model initialization ...
2025-05-07 15:12:28,390 - INFO - Model fitting ...
2025-05-07 15:17:22,618 - INFO - Model eval ...
2025-05-07 15:21:16,744 - INFO - Available CPUs: [0, 1, 2, 3, 4, 5, 6, 7, 8, 9, 10, 11, 12, 13, 14, 15, 16, 17, 18, 19, 20, 21, 22, 23, 24, 25, 26, 27, 28, 29, 30, 31, 32, 33, 34, 35, 36, 37, 38, 39, 40, 41, 42, 43, 44, 45, 46, 47, 48, 49, 50, 51, 52, 53, 54, 55]
2025-05-07 15:21:16,744 - INFO - Waiting for file with parameters: /s/ls4/users/selibrin/spiking_researches/correlation_encoding_and_training/mnist/hpo/shifted_nn_restr_stdp_synapse/hpo_data/hpo_iteration_data/4335607/params_1_9.pkl
2025-05-07 15:21:56,790 - INFO - Preparing datasets ...
2025-05-07 15:21:56,790 - INFO - `max_samples` = 0.2
2025-05-07 15:22:02,411 - INFO - Model initialization ...
2025-05-07 15:22:02,415 - INFO - Model fitting ...
2025-05-07 15:26:41,634 - INFO - Model eval ...
2025-05-07 15:30:27,283 - INFO - Available CPUs: [0, 1, 2, 3, 4, 5, 6, 7, 8, 9, 10, 11, 12, 13, 14, 15, 16, 17, 18, 19, 20, 21, 22, 23, 24, 25, 26, 27, 28, 29, 30, 31, 32, 33, 34, 35, 36, 37, 38, 39, 40, 41, 42, 43, 44, 45, 46, 47, 48, 49, 50, 51, 52, 53, 54, 55]
2025-05-07 15:30:27,283 - INFO - Waiting for file with parameters: /s/ls4/users/selibrin/spiking_researches/correlation_encoding_and_training/mnist/hpo/shifted_nn_restr_stdp_synapse/hpo_data/hpo_iteration_data/4335607/params_1_9.pkl
2025-05-07 15:31:02,343 - INFO - Preparing datasets ...
2025-05-07 15:31:02,343 - INFO - `max_samples` = 0.2
2025-05-07 15:31:08,385 - INFO - Model initialization ...
2025-05-07 15:31:08,388 - INFO - Model fitting ...
2025-05-07 15:35:40,031 - INFO - Model eval ...
2025-05-07 15:39:19,550 - INFO - Available CPUs: [0, 1, 2, 3, 4, 5, 6, 7, 8, 9, 10, 11, 12, 13, 14, 15, 16, 17, 18, 19, 20, 21, 22, 23, 24, 25, 26, 27, 28, 29, 30, 31, 32, 33, 34, 35, 36, 37, 38, 39, 40, 41, 42, 43, 44, 45, 46, 47, 48, 49, 50, 51, 52, 53, 54, 55]
2025-05-07 15:39:19,550 - INFO - Waiting for file with parameters: /s/ls4/users/selibrin/spiking_researches/correlation_encoding_and_training/mnist/hpo/shifted_nn_restr_stdp_synapse/hpo_data/hpo_iteration_data/4335607/params_1_9.pkl
2025-05-07 15:40:04,602 - INFO - Preparing datasets ...
2025-05-07 15:40:04,602 - INFO - `max_samples` = 0.2
2025-05-07 15:40:10,384 - INFO - Model initialization ...
2025-05-07 15:40:10,387 - INFO - Model fitting ...
2025-05-07 15:44:47,875 - INFO - Model eval ...
2025-05-07 15:48:30,971 - INFO - Available CPUs: [0, 1, 2, 3, 4, 5, 6, 7, 8, 9, 10, 11, 12, 13, 14, 15, 16, 17, 18, 19, 20, 21, 22, 23, 24, 25, 26, 27, 28, 29, 30, 31, 32, 33, 34, 35, 36, 37, 38, 39, 40, 41, 42, 43, 44, 45, 46, 47, 48, 49, 50, 51, 52, 53, 54, 55]
2025-05-07 15:48:30,972 - INFO - Waiting for file with parameters: /s/ls4/users/selibrin/spiking_researches/correlation_encoding_and_training/mnist/hpo/shifted_nn_restr_stdp_synapse/hpo_data/hpo_iteration_data/4335607/params_1_9.pkl
2025-05-07 15:49:11,016 - INFO - Preparing datasets ...
2025-05-07 15:49:11,016 - INFO - `max_samples` = 0.2
2025-05-07 15:49:16,728 - INFO - Model initialization ...
2025-05-07 15:49:16,731 - INFO - Model fitting ...
2025-05-07 15:53:51,386 - INFO - Model eval ...
2025-05-07 15:57:33,901 - INFO - Available CPUs: [0, 1, 2, 3, 4, 5, 6, 7, 8, 9, 10, 11, 12, 13, 14, 15, 16, 17, 18, 19, 20, 21, 22, 23, 24, 25, 26, 27, 28, 29, 30, 31, 32, 33, 34, 35, 36, 37, 38, 39, 40, 41, 42, 43, 44, 45, 46, 47, 48, 49, 50, 51, 52, 53, 54, 55]
2025-05-07 15:57:33,901 - INFO - Waiting for file with parameters: /s/ls4/users/selibrin/spiking_researches/correlation_encoding_and_training/mnist/hpo/shifted_nn_restr_stdp_synapse/hpo_data/hpo_iteration_data/4335607/params_1_9.pkl
2025-05-07 15:57:43,916 - INFO - Preparing datasets ...
2025-05-07 15:57:43,916 - INFO - `max_samples` = 0.2
2025-05-07 15:57:49,535 - INFO - Model initialization ...
2025-05-07 15:57:49,538 - INFO - Model fitting ...
2025-05-07 16:02:28,632 - INFO - Model eval ...
2025-05-07 16:06:10,752 - INFO - Available CPUs: [0, 1, 2, 3, 4, 5, 6, 7, 8, 9, 10, 11, 12, 13, 14, 15, 16, 17, 18, 19, 20, 21, 22, 23, 24, 25, 26, 27, 28, 29, 30, 31, 32, 33, 34, 35, 36, 37, 38, 39, 40, 41, 42, 43, 44, 45, 46, 47, 48, 49, 50, 51, 52, 53, 54, 55]
2025-05-07 16:06:10,752 - INFO - Waiting for file with parameters: /s/ls4/users/selibrin/spiking_researches/correlation_encoding_and_training/mnist/hpo/shifted_nn_restr_stdp_synapse/hpo_data/hpo_iteration_data/4335607/params_1_9.pkl
2025-05-07 16:06:50,799 - INFO - Preparing datasets ...
2025-05-07 16:06:50,800 - INFO - `max_samples` = 0.2
2025-05-07 16:06:55,204 - INFO - Model initialization ...
2025-05-07 16:06:55,207 - INFO - Model fitting ...
2025-05-07 16:11:31,082 - INFO - Model eval ...
2025-05-07 16:15:17,325 - INFO - Available CPUs: [0, 1, 2, 3, 4, 5, 6, 7, 8, 9, 10, 11, 12, 13, 14, 15, 16, 17, 18, 19, 20, 21, 22, 23, 24, 25, 26, 27, 28, 29, 30, 31, 32, 33, 34, 35, 36, 37, 38, 39, 40, 41, 42, 43, 44, 45, 46, 47, 48, 49, 50, 51, 52, 53, 54, 55]
2025-05-07 16:15:17,325 - INFO - Waiting for file with parameters: /s/ls4/users/selibrin/spiking_researches/correlation_encoding_and_training/mnist/hpo/shifted_nn_restr_stdp_synapse/hpo_data/hpo_iteration_data/4335607/params_1_9.pkl
2025-05-07 16:15:52,367 - INFO - Preparing datasets ...
2025-05-07 16:15:52,367 - INFO - `max_samples` = 0.2
2025-05-07 16:15:58,476 - INFO - Model initialization ...
2025-05-07 16:15:58,479 - INFO - Model fitting ...
2025-05-07 16:20:32,090 - INFO - Model eval ...
2025-05-07 16:24:17,627 - INFO - Available CPUs: [0, 1, 2, 3, 4, 5, 6, 7, 8, 9, 10, 11, 12, 13, 14, 15, 16, 17, 18, 19, 20, 21, 22, 23, 24, 25, 26, 27, 28, 29, 30, 31, 32, 33, 34, 35, 36, 37, 38, 39, 40, 41, 42, 43, 44, 45, 46, 47, 48, 49, 50, 51, 52, 53, 54, 55]
2025-05-07 16:24:17,627 - INFO - Waiting for file with parameters: /s/ls4/users/selibrin/spiking_researches/correlation_encoding_and_training/mnist/hpo/shifted_nn_restr_stdp_synapse/hpo_data/hpo_iteration_data/4335607/params_1_9.pkl
2025-05-07 16:24:57,673 - INFO - Preparing datasets ...
2025-05-07 16:24:57,674 - INFO - `max_samples` = 0.2
2025-05-07 16:25:03,565 - INFO - Model initialization ...
2025-05-07 16:25:03,569 - INFO - Model fitting ...
2025-05-07 16:29:38,263 - INFO - Model eval ...
2025-05-07 16:33:15,378 - INFO - Available CPUs: [0, 1, 2, 3, 4, 5, 6, 7, 8, 9, 10, 11, 12, 13, 14, 15, 16, 17, 18, 19, 20, 21, 22, 23, 24, 25, 26, 27, 28, 29, 30, 31, 32, 33, 34, 35, 36, 37, 38, 39, 40, 41, 42, 43, 44, 45, 46, 47, 48, 49, 50, 51, 52, 53, 54, 55]
2025-05-07 16:33:15,379 - INFO - Waiting for file with parameters: /s/ls4/users/selibrin/spiking_researches/correlation_encoding_and_training/mnist/hpo/shifted_nn_restr_stdp_synapse/hpo_data/hpo_iteration_data/4335607/params_1_9.pkl
2025-05-07 16:33:30,403 - INFO - Preparing datasets ...
2025-05-07 16:33:30,403 - INFO - `max_samples` = 0.2
2025-05-07 16:33:35,902 - INFO - Model initialization ...
2025-05-07 16:33:35,906 - INFO - Model fitting ...
2025-05-07 16:38:09,406 - INFO - Model eval ...
2025-05-07 16:41:54,991 - INFO - Available CPUs: [0, 1, 2, 3, 4, 5, 6, 7, 8, 9, 10, 11, 12, 13, 14, 15, 16, 17, 18, 19, 20, 21, 22, 23, 24, 25, 26, 27, 28, 29, 30, 31, 32, 33, 34, 35, 36, 37, 38, 39, 40, 41, 42, 43, 44, 45, 46, 47, 48, 49, 50, 51, 52, 53, 54, 55]
2025-05-07 16:41:54,991 - INFO - Waiting for file with parameters: /s/ls4/users/selibrin/spiking_researches/correlation_encoding_and_training/mnist/hpo/shifted_nn_restr_stdp_synapse/hpo_data/hpo_iteration_data/4335607/params_1_9.pkl
2025-05-07 16:42:35,035 - INFO - Preparing datasets ...
2025-05-07 16:42:35,036 - INFO - `max_samples` = 0.2
2025-05-07 16:42:40,872 - INFO - Model initialization ...
2025-05-07 16:42:40,875 - INFO - Model fitting ...
2025-05-07 16:47:17,563 - INFO - Model eval ...
2025-05-07 16:51:00,010 - INFO - Available CPUs: [0, 1, 2, 3, 4, 5, 6, 7, 8, 9, 10, 11, 12, 13, 14, 15, 16, 17, 18, 19, 20, 21, 22, 23, 24, 25, 26, 27, 28, 29, 30, 31, 32, 33, 34, 35, 36, 37, 38, 39, 40, 41, 42, 43, 44, 45, 46, 47, 48, 49, 50, 51, 52, 53, 54, 55]
2025-05-07 16:51:00,011 - INFO - Waiting for file with parameters: /s/ls4/users/selibrin/spiking_researches/correlation_encoding_and_training/mnist/hpo/shifted_nn_restr_stdp_synapse/hpo_data/hpo_iteration_data/4335607/params_1_9.pkl
2025-05-07 16:51:10,021 - INFO - Preparing datasets ...
2025-05-07 16:51:10,022 - INFO - `max_samples` = 0.2
2025-05-07 16:51:15,628 - INFO - Model initialization ...
2025-05-07 16:51:15,632 - INFO - Model fitting ...
2025-05-07 16:55:49,415 - INFO - Model eval ...
2025-05-07 16:59:32,415 - INFO - Available CPUs: [0, 1, 2, 3, 4, 5, 6, 7, 8, 9, 10, 11, 12, 13, 14, 15, 16, 17, 18, 19, 20, 21, 22, 23, 24, 25, 26, 27, 28, 29, 30, 31, 32, 33, 34, 35, 36, 37, 38, 39, 40, 41, 42, 43, 44, 45, 46, 47, 48, 49, 50, 51, 52, 53, 54, 55]
2025-05-07 16:59:32,416 - INFO - Waiting for file with parameters: /s/ls4/users/selibrin/spiking_researches/correlation_encoding_and_training/mnist/hpo/shifted_nn_restr_stdp_synapse/hpo_data/hpo_iteration_data/4335607/params_1_9.pkl
2025-05-07 17:00:12,461 - INFO - Preparing datasets ...
2025-05-07 17:00:12,462 - INFO - `max_samples` = 0.2
2025-05-07 17:00:17,974 - INFO - Model initialization ...
2025-05-07 17:00:17,978 - INFO - Model fitting ...
2025-05-07 17:04:49,747 - INFO - Model eval ...
2025-05-07 17:08:37,824 - INFO - Available CPUs: [0, 1, 2, 3, 4, 5, 6, 7, 8, 9, 10, 11, 12, 13, 14, 15, 16, 17, 18, 19, 20, 21, 22, 23, 24, 25, 26, 27, 28, 29, 30, 31, 32, 33, 34, 35, 36, 37, 38, 39, 40, 41, 42, 43, 44, 45, 46, 47, 48, 49, 50, 51, 52, 53, 54, 55]
2025-05-07 17:08:37,824 - INFO - Waiting for file with parameters: /s/ls4/users/selibrin/spiking_researches/correlation_encoding_and_training/mnist/hpo/shifted_nn_restr_stdp_synapse/hpo_data/hpo_iteration_data/4335607/params_1_9.pkl
2025-05-07 17:09:17,870 - INFO - Preparing datasets ...
2025-05-07 17:09:17,871 - INFO - `max_samples` = 0.2
2025-05-07 17:09:23,604 - INFO - Model initialization ...
2025-05-07 17:09:23,607 - INFO - Model fitting ...
2025-05-07 17:13:56,676 - INFO - Model eval ...
2025-05-07 17:17:39,164 - INFO - Available CPUs: [0, 1, 2, 3, 4, 5, 6, 7, 8, 9, 10, 11, 12, 13, 14, 15, 16, 17, 18, 19, 20, 21, 22, 23, 24, 25, 26, 27, 28, 29, 30, 31, 32, 33, 34, 35, 36, 37, 38, 39, 40, 41, 42, 43, 44, 45, 46, 47, 48, 49, 50, 51, 52, 53, 54, 55]
2025-05-07 17:17:39,165 - INFO - Waiting for file with parameters: /s/ls4/users/selibrin/spiking_researches/correlation_encoding_and_training/mnist/hpo/shifted_nn_restr_stdp_synapse/hpo_data/hpo_iteration_data/4335607/params_1_9.pkl
2025-05-07 17:18:19,206 - INFO - Preparing datasets ...
2025-05-07 17:18:19,206 - INFO - `max_samples` = 0.2
2025-05-07 17:18:25,181 - INFO - Model initialization ...
2025-05-07 17:18:25,184 - INFO - Model fitting ...
2025-05-07 17:23:03,149 - INFO - Model eval ...
2025-05-07 17:26:46,487 - INFO - Available CPUs: [0, 1, 2, 3, 4, 5, 6, 7, 8, 9, 10, 11, 12, 13, 14, 15, 16, 17, 18, 19, 20, 21, 22, 23, 24, 25, 26, 27, 28, 29, 30, 31, 32, 33, 34, 35, 36, 37, 38, 39, 40, 41, 42, 43, 44, 45, 46, 47, 48, 49, 50, 51, 52, 53, 54, 55]
2025-05-07 17:26:46,487 - INFO - Waiting for file with parameters: /s/ls4/users/selibrin/spiking_researches/correlation_encoding_and_training/mnist/hpo/shifted_nn_restr_stdp_synapse/hpo_data/hpo_iteration_data/4335607/params_1_9.pkl
2025-05-07 17:27:26,531 - INFO - Preparing datasets ...
2025-05-07 17:27:26,531 - INFO - `max_samples` = 0.2
2025-05-07 17:27:32,183 - INFO - Model initialization ...
2025-05-07 17:27:32,187 - INFO - Model fitting ...
2025-05-07 17:32:09,584 - INFO - Model eval ...
2025-05-07 17:35:53,158 - INFO - Available CPUs: [0, 1, 2, 3, 4, 5, 6, 7, 8, 9, 10, 11, 12, 13, 14, 15, 16, 17, 18, 19, 20, 21, 22, 23, 24, 25, 26, 27, 28, 29, 30, 31, 32, 33, 34, 35, 36, 37, 38, 39, 40, 41, 42, 43, 44, 45, 46, 47, 48, 49, 50, 51, 52, 53, 54, 55]
2025-05-07 17:35:53,159 - INFO - Waiting for file with parameters: /s/ls4/users/selibrin/spiking_researches/correlation_encoding_and_training/mnist/hpo/shifted_nn_restr_stdp_synapse/hpo_data/hpo_iteration_data/4335607/params_1_9.pkl
2025-05-07 17:36:28,199 - INFO - Preparing datasets ...
2025-05-07 17:36:28,200 - INFO - `max_samples` = 0.2
2025-05-07 17:36:34,109 - INFO - Model initialization ...
2025-05-07 17:36:34,113 - INFO - Model fitting ...
2025-05-07 17:41:09,313 - INFO - Model eval ...
2025-05-07 17:44:54,464 - INFO - Available CPUs: [0, 1, 2, 3, 4, 5, 6, 7, 8, 9, 10, 11, 12, 13, 14, 15, 16, 17, 18, 19, 20, 21, 22, 23, 24, 25, 26, 27, 28, 29, 30, 31, 32, 33, 34, 35, 36, 37, 38, 39, 40, 41, 42, 43, 44, 45, 46, 47, 48, 49, 50, 51, 52, 53, 54, 55]
2025-05-07 17:44:54,465 - INFO - Waiting for file with parameters: /s/ls4/users/selibrin/spiking_researches/correlation_encoding_and_training/mnist/hpo/shifted_nn_restr_stdp_synapse/hpo_data/hpo_iteration_data/4335607/params_1_9.pkl
2025-05-07 17:45:04,481 - INFO - Preparing datasets ...
2025-05-07 17:45:04,481 - INFO - `max_samples` = 0.2
2025-05-07 17:45:10,204 - INFO - Model initialization ...
2025-05-07 17:45:10,207 - INFO - Model fitting ...
2025-05-07 17:49:45,866 - INFO - Model eval ...
2025-05-07 17:53:37,665 - INFO - Available CPUs: [0, 1, 2, 3, 4, 5, 6, 7, 8, 9, 10, 11, 12, 13, 14, 15, 16, 17, 18, 19, 20, 21, 22, 23, 24, 25, 26, 27, 28, 29, 30, 31, 32, 33, 34, 35, 36, 37, 38, 39, 40, 41, 42, 43, 44, 45, 46, 47, 48, 49, 50, 51, 52, 53, 54, 55]
2025-05-07 17:53:37,666 - INFO - Waiting for file with parameters: /s/ls4/users/selibrin/spiking_researches/correlation_encoding_and_training/mnist/hpo/shifted_nn_restr_stdp_synapse/hpo_data/hpo_iteration_data/4335607/params_1_9.pkl
2025-05-07 17:54:37,731 - INFO - Preparing datasets ...
2025-05-07 17:54:37,731 - INFO - `max_samples` = 0.2
2025-05-07 17:54:43,338 - INFO - Model initialization ...
2025-05-07 17:54:43,342 - INFO - Model fitting ...
2025-05-07 17:59:16,727 - INFO - Model eval ...
2025-05-07 18:03:00,707 - INFO - Available CPUs: [0, 1, 2, 3, 4, 5, 6, 7, 8, 9, 10, 11, 12, 13, 14, 15, 16, 17, 18, 19, 20, 21, 22, 23, 24, 25, 26, 27, 28, 29, 30, 31, 32, 33, 34, 35, 36, 37, 38, 39, 40, 41, 42, 43, 44, 45, 46, 47, 48, 49, 50, 51, 52, 53, 54, 55]
2025-05-07 18:03:00,708 - INFO - Waiting for file with parameters: /s/ls4/users/selibrin/spiking_researches/correlation_encoding_and_training/mnist/hpo/shifted_nn_restr_stdp_synapse/hpo_data/hpo_iteration_data/4335607/params_1_9.pkl
2025-05-07 18:03:10,722 - INFO - Preparing datasets ...
2025-05-07 18:03:10,723 - INFO - `max_samples` = 0.2
2025-05-07 18:03:16,396 - INFO - Model initialization ...
2025-05-07 18:03:16,399 - INFO - Model fitting ...
2025-05-07 18:07:52,275 - INFO - Model eval ...
2025-05-07 18:11:31,160 - INFO - Available CPUs: [0, 1, 2, 3, 4, 5, 6, 7, 8, 9, 10, 11, 12, 13, 14, 15, 16, 17, 18, 19, 20, 21, 22, 23, 24, 25, 26, 27, 28, 29, 30, 31, 32, 33, 34, 35, 36, 37, 38, 39, 40, 41, 42, 43, 44, 45, 46, 47, 48, 49, 50, 51, 52, 53, 54, 55]
2025-05-07 18:11:31,161 - INFO - Waiting for file with parameters: /s/ls4/users/selibrin/spiking_researches/correlation_encoding_and_training/mnist/hpo/shifted_nn_restr_stdp_synapse/hpo_data/hpo_iteration_data/4335607/params_1_9.pkl
2025-05-07 18:11:46,180 - INFO - Preparing datasets ...
2025-05-07 18:11:46,181 - INFO - `max_samples` = 0.2
2025-05-07 18:11:51,909 - INFO - Model initialization ...
2025-05-07 18:11:51,912 - INFO - Model fitting ...
2025-05-07 18:16:26,753 - INFO - Model eval ...
2025-05-07 18:20:05,928 - INFO - Available CPUs: [0, 1, 2, 3, 4, 5, 6, 7, 8, 9, 10, 11, 12, 13, 14, 15, 16, 17, 18, 19, 20, 21, 22, 23, 24, 25, 26, 27, 28, 29, 30, 31, 32, 33, 34, 35, 36, 37, 38, 39, 40, 41, 42, 43, 44, 45, 46, 47, 48, 49, 50, 51, 52, 53, 54, 55]
2025-05-07 18:20:05,929 - INFO - Waiting for file with parameters: /s/ls4/users/selibrin/spiking_researches/correlation_encoding_and_training/mnist/hpo/shifted_nn_restr_stdp_synapse/hpo_data/hpo_iteration_data/4335607/params_1_9.pkl
2025-05-07 18:20:50,976 - INFO - Preparing datasets ...
2025-05-07 18:20:50,977 - INFO - `max_samples` = 0.2
2025-05-07 18:20:56,718 - INFO - Model initialization ...
2025-05-07 18:20:56,722 - INFO - Model fitting ...
2025-05-07 18:25:32,885 - INFO - Model eval ...
2025-05-07 18:29:16,351 - INFO - Available CPUs: [0, 1, 2, 3, 4, 5, 6, 7, 8, 9, 10, 11, 12, 13, 14, 15, 16, 17, 18, 19, 20, 21, 22, 23, 24, 25, 26, 27, 28, 29, 30, 31, 32, 33, 34, 35, 36, 37, 38, 39, 40, 41, 42, 43, 44, 45, 46, 47, 48, 49, 50, 51, 52, 53, 54, 55]
2025-05-07 18:29:16,351 - INFO - Waiting for file with parameters: /s/ls4/users/selibrin/spiking_researches/correlation_encoding_and_training/mnist/hpo/shifted_nn_restr_stdp_synapse/hpo_data/hpo_iteration_data/4335607/params_1_9.pkl
2025-05-07 18:29:21,361 - INFO - Preparing datasets ...
2025-05-07 18:29:21,361 - INFO - `max_samples` = 0.2
2025-05-07 18:29:26,894 - INFO - Model initialization ...
2025-05-07 18:29:26,897 - INFO - Model fitting ...
2025-05-07 18:34:01,343 - INFO - Model eval ...
2025-05-07 18:37:45,981 - INFO - Available CPUs: [0, 1, 2, 3, 4, 5, 6, 7, 8, 9, 10, 11, 12, 13, 14, 15, 16, 17, 18, 19, 20, 21, 22, 23, 24, 25, 26, 27, 28, 29, 30, 31, 32, 33, 34, 35, 36, 37, 38, 39, 40, 41, 42, 43, 44, 45, 46, 47, 48, 49, 50, 51, 52, 53, 54, 55]
2025-05-07 18:37:45,982 - INFO - Waiting for file with parameters: /s/ls4/users/selibrin/spiking_researches/correlation_encoding_and_training/mnist/hpo/shifted_nn_restr_stdp_synapse/hpo_data/hpo_iteration_data/4335607/params_1_9.pkl
2025-05-07 18:38:26,029 - INFO - Preparing datasets ...
2025-05-07 18:38:26,029 - INFO - `max_samples` = 0.2
2025-05-07 18:38:31,949 - INFO - Model initialization ...
2025-05-07 18:38:31,953 - INFO - Model fitting ...
2025-05-07 18:43:05,252 - INFO - Model eval ...
2025-05-07 18:46:49,275 - INFO - Available CPUs: [0, 1, 2, 3, 4, 5, 6, 7, 8, 9, 10, 11, 12, 13, 14, 15, 16, 17, 18, 19, 20, 21, 22, 23, 24, 25, 26, 27, 28, 29, 30, 31, 32, 33, 34, 35, 36, 37, 38, 39, 40, 41, 42, 43, 44, 45, 46, 47, 48, 49, 50, 51, 52, 53, 54, 55]
2025-05-07 18:46:49,276 - INFO - Waiting for file with parameters: /s/ls4/users/selibrin/spiking_researches/correlation_encoding_and_training/mnist/hpo/shifted_nn_restr_stdp_synapse/hpo_data/hpo_iteration_data/4335607/params_1_9.pkl
2025-05-07 18:47:29,323 - INFO - Preparing datasets ...
2025-05-07 18:47:29,323 - INFO - `max_samples` = 0.2
2025-05-07 18:47:34,895 - INFO - Model initialization ...
2025-05-07 18:47:34,899 - INFO - Model fitting ...
2025-05-07 18:52:11,741 - INFO - Model eval ...
