
  0%|          | 0/1 [00:00<?, ?trial/s, best loss=?]
                                                     
Params: {'V_th': 10000, 'alpha': 1.0593151340787577, 'decode_potentials': True, 'decoding_method': 'max', 'encoding_method': 'frequency', 'lr': 0.9849031499476778, 'max_features': 1.0, 'max_samples': 0.2, 'mu_minus': 0.81, 'mu_plus': 0.26, 'n_estimators': 1, 'n_fields': None, 'neuron_model': 'iaf_psc_exp', 'ref_seq_interval': 7, 'resolution': 0.1, 'shift_minus': 0.4160500167880407, 'shift_plus': -0.7877329874115766, 'sigma_w': None, 'synapse_model': 'shifted_nn_restr_stdp_synapse', 't_ref': 0.0, 'tau_m': 10000000.0, 'tau_minus': 1.0, 'tau_plus': 41.0, 'tau_s': 0.0, 'time': 300, 'w_init': 0.0}
Score: 0.0940

  0%|          | 0/1 [05:36<?, ?trial/s, best loss=?]
                                                     
Deleting files related to the current optimization iteration...

  0%|          | 0/1 [05:36<?, ?trial/s, best loss=?]
100%|██████████| 1/1 [05:36<00:00, 336.04s/trial, best loss: -0.094]
100%|██████████| 1/1 [05:36<00:00, 336.04s/trial, best loss: -0.094]

 50%|█████     | 1/2 [00:00<?, ?trial/s, best loss=?]
                                                     
Params: {'V_th': 10000, 'alpha': 445.4119568063533, 'decode_potentials': True, 'decoding_method': 'max', 'encoding_method': 'frequency', 'lr': 0.07266847432714037, 'max_features': 1.0, 'max_samples': 0.2, 'mu_minus': 0.060000000000000005, 'mu_plus': 0.060000000000000005, 'n_estimators': 1, 'n_fields': None, 'neuron_model': 'iaf_psc_exp', 'ref_seq_interval': 8, 'resolution': 0.1, 'shift_minus': 0.00651309571226627, 'shift_plus': -0.22501525459491079, 'sigma_w': None, 'synapse_model': 'shifted_nn_restr_stdp_synapse', 't_ref': 0.0, 'tau_m': 10000000.0, 'tau_minus': 201.0, 'tau_plus': 261.0, 'tau_s': 0.0, 'time': 300, 'w_init': 0.0}
Score: 0.0860

 50%|█████     | 1/2 [05:05<?, ?trial/s, best loss=?]
                                                     
Deleting files related to the current optimization iteration...

 50%|█████     | 1/2 [05:05<?, ?trial/s, best loss=?]
100%|██████████| 2/2 [05:05<00:00, 305.96s/trial, best loss: -0.094]
100%|██████████| 2/2 [05:05<00:00, 305.96s/trial, best loss: -0.094]

 67%|██████▋   | 2/3 [00:00<?, ?trial/s, best loss=?]
                                                     
Params: {'V_th': 10000, 'alpha': 7.120898034825249, 'decode_potentials': True, 'decoding_method': 'max', 'encoding_method': 'frequency', 'lr': 0.8353348303694391, 'max_features': 1.0, 'max_samples': 0.2, 'mu_minus': 0.16000000000000003, 'mu_plus': 0.56, 'n_estimators': 1, 'n_fields': None, 'neuron_model': 'iaf_psc_exp', 'ref_seq_interval': 9, 'resolution': 0.1, 'shift_minus': 0.47174396734636137, 'shift_plus': -0.12398528384874286, 'sigma_w': None, 'synapse_model': 'shifted_nn_restr_stdp_synapse', 't_ref': 0.0, 'tau_m': 10000000.0, 'tau_minus': 1.0, 'tau_plus': 181.0, 'tau_s': 0.0, 'time': 300, 'w_init': 0.0}
Score: 0.0920

 67%|██████▋   | 2/3 [05:33<?, ?trial/s, best loss=?]
                                                     
Deleting files related to the current optimization iteration...

 67%|██████▋   | 2/3 [05:33<?, ?trial/s, best loss=?]
100%|██████████| 3/3 [05:33<00:00, 333.72s/trial, best loss: -0.094]
100%|██████████| 3/3 [05:33<00:00, 333.72s/trial, best loss: -0.094]

 75%|███████▌  | 3/4 [00:00<?, ?trial/s, best loss=?]
                                                     
Params: {'V_th': 10000, 'alpha': 5.726936687365218, 'decode_potentials': True, 'decoding_method': 'max', 'encoding_method': 'frequency', 'lr': 0.7326430638737281, 'max_features': 1.0, 'max_samples': 0.2, 'mu_minus': 0.91, 'mu_plus': 0.01, 'n_estimators': 1, 'n_fields': None, 'neuron_model': 'iaf_psc_exp', 'ref_seq_interval': 6, 'resolution': 0.1, 'shift_minus': 0.19824202842223282, 'shift_plus': -0.020862671651656117, 'sigma_w': None, 'synapse_model': 'shifted_nn_restr_stdp_synapse', 't_ref': 0.0, 'tau_m': 10000000.0, 'tau_minus': 241.0, 'tau_plus': 241.0, 'tau_s': 0.0, 'time': 300, 'w_init': 0.0}
Score: 0.1080

 75%|███████▌  | 3/4 [05:33<?, ?trial/s, best loss=?]
                                                     
Deleting files related to the current optimization iteration...

 75%|███████▌  | 3/4 [05:33<?, ?trial/s, best loss=?]
100%|██████████| 4/4 [05:33<00:00, 333.51s/trial, best loss: -0.108]
100%|██████████| 4/4 [05:33<00:00, 333.51s/trial, best loss: -0.108]

 80%|████████  | 4/5 [00:00<?, ?trial/s, best loss=?]
                                                     
Params: {'V_th': 10000, 'alpha': 517.7152152261531, 'decode_potentials': True, 'decoding_method': 'max', 'encoding_method': 'frequency', 'lr': 0.08988300267148992, 'max_features': 1.0, 'max_samples': 0.2, 'mu_minus': 0.060000000000000005, 'mu_plus': 0.31000000000000005, 'n_estimators': 1, 'n_fields': None, 'neuron_model': 'iaf_psc_exp', 'ref_seq_interval': 9, 'resolution': 0.1, 'shift_minus': 0.2754546878620203, 'shift_plus': -0.2795436000977557, 'sigma_w': None, 'synapse_model': 'shifted_nn_restr_stdp_synapse', 't_ref': 0.0, 'tau_m': 10000000.0, 'tau_minus': 161.0, 'tau_plus': 81.0, 'tau_s': 0.0, 'time': 300, 'w_init': 0.0}
Score: 0.0890

 80%|████████  | 4/5 [05:03<?, ?trial/s, best loss=?]
                                                     
Deleting files related to the current optimization iteration...

 80%|████████  | 4/5 [05:03<?, ?trial/s, best loss=?]
100%|██████████| 5/5 [05:03<00:00, 303.50s/trial, best loss: -0.108]
100%|██████████| 5/5 [05:03<00:00, 303.50s/trial, best loss: -0.108]

 83%|████████▎ | 5/6 [00:00<?, ?trial/s, best loss=?]
                                                     
Params: {'V_th': 10000, 'alpha': 987.4498255552834, 'decode_potentials': True, 'decoding_method': 'max', 'encoding_method': 'frequency', 'lr': 0.8811216841309805, 'max_features': 1.0, 'max_samples': 0.2, 'mu_minus': 0.060000000000000005, 'mu_plus': 0.8600000000000001, 'n_estimators': 1, 'n_fields': None, 'neuron_model': 'iaf_psc_exp', 'ref_seq_interval': 10, 'resolution': 0.1, 'shift_minus': 0.159630382594514, 'shift_plus': -0.580951008561879, 'sigma_w': None, 'synapse_model': 'shifted_nn_restr_stdp_synapse', 't_ref': 0.0, 'tau_m': 10000000.0, 'tau_minus': 261.0, 'tau_plus': 161.0, 'tau_s': 0.0, 'time': 300, 'w_init': 0.0}
Score: 0.1040

 83%|████████▎ | 5/6 [05:03<?, ?trial/s, best loss=?]
                                                     
Deleting files related to the current optimization iteration...

 83%|████████▎ | 5/6 [05:03<?, ?trial/s, best loss=?]
100%|██████████| 6/6 [05:03<00:00, 303.60s/trial, best loss: -0.108]
100%|██████████| 6/6 [05:03<00:00, 303.60s/trial, best loss: -0.108]

 86%|████████▌ | 6/7 [00:00<?, ?trial/s, best loss=?]
                                                     
Params: {'V_th': 10000, 'alpha': 309.19238139288603, 'decode_potentials': True, 'decoding_method': 'max', 'encoding_method': 'frequency', 'lr': 0.4354680249682695, 'max_features': 1.0, 'max_samples': 0.2, 'mu_minus': 0.46, 'mu_plus': 0.060000000000000005, 'n_estimators': 1, 'n_fields': None, 'neuron_model': 'iaf_psc_exp', 'ref_seq_interval': 3, 'resolution': 0.1, 'shift_minus': 0.25981127874696336, 'shift_plus': -0.44987218212659086, 'sigma_w': None, 'synapse_model': 'shifted_nn_restr_stdp_synapse', 't_ref': 0.0, 'tau_m': 10000000.0, 'tau_minus': 181.0, 'tau_plus': 41.0, 'tau_s': 0.0, 'time': 300, 'w_init': 0.0}
Score: 0.1080

 86%|████████▌ | 6/7 [05:33<?, ?trial/s, best loss=?]
                                                     
Deleting files related to the current optimization iteration...

 86%|████████▌ | 6/7 [05:33<?, ?trial/s, best loss=?]
100%|██████████| 7/7 [05:33<00:00, 333.98s/trial, best loss: -0.108]
100%|██████████| 7/7 [05:33<00:00, 333.98s/trial, best loss: -0.108]

 88%|████████▊ | 7/8 [00:00<?, ?trial/s, best loss=?]
                                                     
Params: {'V_th': 10000, 'alpha': 399.21107430843557, 'decode_potentials': True, 'decoding_method': 'max', 'encoding_method': 'frequency', 'lr': 0.374959923569661, 'max_features': 1.0, 'max_samples': 0.2, 'mu_minus': 0.46, 'mu_plus': 0.81, 'n_estimators': 1, 'n_fields': None, 'neuron_model': 'iaf_psc_exp', 'ref_seq_interval': 3, 'resolution': 0.1, 'shift_minus': 0.18936889651252609, 'shift_plus': -0.4371109609163768, 'sigma_w': None, 'synapse_model': 'shifted_nn_restr_stdp_synapse', 't_ref': 0.0, 'tau_m': 10000000.0, 'tau_minus': 1.0, 'tau_plus': 61.0, 'tau_s': 0.0, 'time': 300, 'w_init': 0.0}
Score: 0.1060

 88%|████████▊ | 7/8 [05:33<?, ?trial/s, best loss=?]
                                                     
Deleting files related to the current optimization iteration...

 88%|████████▊ | 7/8 [05:33<?, ?trial/s, best loss=?]
100%|██████████| 8/8 [05:33<00:00, 333.42s/trial, best loss: -0.108]
100%|██████████| 8/8 [05:33<00:00, 333.42s/trial, best loss: -0.108]

 89%|████████▉ | 8/9 [00:00<?, ?trial/s, best loss=?]
                                                     
Params: {'V_th': 10000, 'alpha': 7.449288762657732, 'decode_potentials': True, 'decoding_method': 'max', 'encoding_method': 'frequency', 'lr': 0.8890225825272385, 'max_features': 1.0, 'max_samples': 0.2, 'mu_minus': 0.21000000000000002, 'mu_plus': 0.56, 'n_estimators': 1, 'n_fields': None, 'neuron_model': 'iaf_psc_exp', 'ref_seq_interval': 10, 'resolution': 0.1, 'shift_minus': 0.4331498453270204, 'shift_plus': -0.16062562516470658, 'sigma_w': None, 'synapse_model': 'shifted_nn_restr_stdp_synapse', 't_ref': 0.0, 'tau_m': 10000000.0, 'tau_minus': 81.0, 'tau_plus': 221.0, 'tau_s': 0.0, 'time': 300, 'w_init': 0.0}
Score: 0.1000

 89%|████████▉ | 8/9 [05:03<?, ?trial/s, best loss=?]
                                                     
Deleting files related to the current optimization iteration...

 89%|████████▉ | 8/9 [05:03<?, ?trial/s, best loss=?]
100%|██████████| 9/9 [05:03<00:00, 303.34s/trial, best loss: -0.108]
100%|██████████| 9/9 [05:03<00:00, 303.34s/trial, best loss: -0.108]

 90%|█████████ | 9/10 [00:00<?, ?trial/s, best loss=?]
                                                      
Params: {'V_th': 10000, 'alpha': 2.942957770179415, 'decode_potentials': True, 'decoding_method': 'max', 'encoding_method': 'frequency', 'lr': 0.6802636638859146, 'max_features': 1.0, 'max_samples': 0.2, 'mu_minus': 0.36000000000000004, 'mu_plus': 0.91, 'n_estimators': 1, 'n_fields': None, 'neuron_model': 'iaf_psc_exp', 'ref_seq_interval': 6, 'resolution': 0.1, 'shift_minus': 0.1907059881167632, 'shift_plus': -0.6691424783296697, 'sigma_w': None, 'synapse_model': 'shifted_nn_restr_stdp_synapse', 't_ref': 0.0, 'tau_m': 10000000.0, 'tau_minus': 81.0, 'tau_plus': 21.0, 'tau_s': 0.0, 'time': 300, 'w_init': 0.0}
Score: 0.1110

 90%|█████████ | 9/10 [05:33<?, ?trial/s, best loss=?]
                                                      
Deleting files related to the current optimization iteration...

 90%|█████████ | 9/10 [05:33<?, ?trial/s, best loss=?]
100%|██████████| 10/10 [05:33<00:00, 333.44s/trial, best loss: -0.111]
100%|██████████| 10/10 [05:33<00:00, 333.44s/trial, best loss: -0.111]

 91%|█████████ | 10/11 [00:00<?, ?trial/s, best loss=?]
                                                       
Params: {'V_th': 10000, 'alpha': 414.90905138237247, 'decode_potentials': True, 'decoding_method': 'max', 'encoding_method': 'frequency', 'lr': 0.9070490358508898, 'max_features': 1.0, 'max_samples': 0.2, 'mu_minus': 0.46, 'mu_plus': 0.41000000000000003, 'n_estimators': 1, 'n_fields': None, 'neuron_model': 'iaf_psc_exp', 'ref_seq_interval': 2, 'resolution': 0.1, 'shift_minus': 0.24724299726017984, 'shift_plus': -0.6353840699366792, 'sigma_w': None, 'synapse_model': 'shifted_nn_restr_stdp_synapse', 't_ref': 0.0, 'tau_m': 10000000.0, 'tau_minus': 241.0, 'tau_plus': 81.0, 'tau_s': 0.0, 'time': 300, 'w_init': 0.0}
Score: 0.1030

 91%|█████████ | 10/11 [05:33<?, ?trial/s, best loss=?]
                                                       
Deleting files related to the current optimization iteration...

 91%|█████████ | 10/11 [05:33<?, ?trial/s, best loss=?]
100%|██████████| 11/11 [05:33<00:00, 333.56s/trial, best loss: -0.111]
100%|██████████| 11/11 [05:33<00:00, 333.56s/trial, best loss: -0.111]

 92%|█████████▏| 11/12 [00:00<?, ?trial/s, best loss=?]
                                                       
Params: {'V_th': 10000, 'alpha': 4.170143766419459, 'decode_potentials': True, 'decoding_method': 'max', 'encoding_method': 'frequency', 'lr': 0.7158373138602893, 'max_features': 1.0, 'max_samples': 0.2, 'mu_minus': 0.81, 'mu_plus': 0.41000000000000003, 'n_estimators': 1, 'n_fields': None, 'neuron_model': 'iaf_psc_exp', 'ref_seq_interval': 5, 'resolution': 0.1, 'shift_minus': 0.07375491988617516, 'shift_plus': -0.7404639687013554, 'sigma_w': None, 'synapse_model': 'shifted_nn_restr_stdp_synapse', 't_ref': 0.0, 'tau_m': 10000000.0, 'tau_minus': 81.0, 'tau_plus': 101.0, 'tau_s': 0.0, 'time': 300, 'w_init': 0.0}
Score: 0.1080

 92%|█████████▏| 11/12 [05:33<?, ?trial/s, best loss=?]
                                                       
Deleting files related to the current optimization iteration...

 92%|█████████▏| 11/12 [05:33<?, ?trial/s, best loss=?]
100%|██████████| 12/12 [05:33<00:00, 333.96s/trial, best loss: -0.111]
100%|██████████| 12/12 [05:33<00:00, 333.97s/trial, best loss: -0.111]

 92%|█████████▏| 12/13 [00:00<?, ?trial/s, best loss=?]
                                                       
Params: {'V_th': 10000, 'alpha': 1.4713805002509839, 'decode_potentials': True, 'decoding_method': 'max', 'encoding_method': 'frequency', 'lr': 0.3902517404124318, 'max_features': 1.0, 'max_samples': 0.2, 'mu_minus': 0.6100000000000001, 'mu_plus': 0.8600000000000001, 'n_estimators': 1, 'n_fields': None, 'neuron_model': 'iaf_psc_exp', 'ref_seq_interval': 2, 'resolution': 0.1, 'shift_minus': 0.491666501428994, 'shift_plus': -0.9012063562075074, 'sigma_w': None, 'synapse_model': 'shifted_nn_restr_stdp_synapse', 't_ref': 0.0, 'tau_m': 10000000.0, 'tau_minus': 21.0, 'tau_plus': 161.0, 'tau_s': 0.0, 'time': 300, 'w_init': 0.0}
Score: 0.1030

 92%|█████████▏| 12/13 [05:33<?, ?trial/s, best loss=?]
                                                       
Deleting files related to the current optimization iteration...

 92%|█████████▏| 12/13 [05:33<?, ?trial/s, best loss=?]
100%|██████████| 13/13 [05:33<00:00, 333.65s/trial, best loss: -0.111]
100%|██████████| 13/13 [05:33<00:00, 333.65s/trial, best loss: -0.111]

 93%|█████████▎| 13/14 [00:00<?, ?trial/s, best loss=?]
                                                       
Params: {'V_th': 10000, 'alpha': 3.164393084607217, 'decode_potentials': True, 'decoding_method': 'max', 'encoding_method': 'frequency', 'lr': 0.6663644830373093, 'max_features': 1.0, 'max_samples': 0.2, 'mu_minus': 0.9600000000000001, 'mu_plus': 0.41000000000000003, 'n_estimators': 1, 'n_fields': None, 'neuron_model': 'iaf_psc_exp', 'ref_seq_interval': 5, 'resolution': 0.1, 'shift_minus': 0.16904837347182766, 'shift_plus': -0.3559258050989783, 'sigma_w': None, 'synapse_model': 'shifted_nn_restr_stdp_synapse', 't_ref': 0.0, 'tau_m': 10000000.0, 'tau_minus': 201.0, 'tau_plus': 261.0, 'tau_s': 0.0, 'time': 300, 'w_init': 0.0}
Score: 0.1000

 93%|█████████▎| 13/14 [05:33<?, ?trial/s, best loss=?]
                                                       
Deleting files related to the current optimization iteration...

 93%|█████████▎| 13/14 [05:33<?, ?trial/s, best loss=?]
100%|██████████| 14/14 [05:33<00:00, 333.48s/trial, best loss: -0.111]
100%|██████████| 14/14 [05:33<00:00, 333.48s/trial, best loss: -0.111]

 93%|█████████▎| 14/15 [00:00<?, ?trial/s, best loss=?]
                                                       
Params: {'V_th': 10000, 'alpha': 1828.9960564129785, 'decode_potentials': True, 'decoding_method': 'max', 'encoding_method': 'frequency', 'lr': 0.12775927004797608, 'max_features': 1.0, 'max_samples': 0.2, 'mu_minus': 0.8600000000000001, 'mu_plus': 0.41000000000000003, 'n_estimators': 1, 'n_fields': None, 'neuron_model': 'iaf_psc_exp', 'ref_seq_interval': 5, 'resolution': 0.1, 'shift_minus': 0.16630931605217314, 'shift_plus': -0.06915412404070098, 'sigma_w': None, 'synapse_model': 'shifted_nn_restr_stdp_synapse', 't_ref': 0.0, 'tau_m': 10000000.0, 'tau_minus': 21.0, 'tau_plus': 121.0, 'tau_s': 0.0, 'time': 300, 'w_init': 0.0}
Score: 0.1010

 93%|█████████▎| 14/15 [05:33<?, ?trial/s, best loss=?]
                                                       
Deleting files related to the current optimization iteration...

 93%|█████████▎| 14/15 [05:33<?, ?trial/s, best loss=?]
100%|██████████| 15/15 [05:33<00:00, 333.72s/trial, best loss: -0.111]
100%|██████████| 15/15 [05:33<00:00, 333.72s/trial, best loss: -0.111]

 94%|█████████▍| 15/16 [00:00<?, ?trial/s, best loss=?]
                                                       
Params: {'V_th': 10000, 'alpha': 77.36666933419187, 'decode_potentials': True, 'decoding_method': 'max', 'encoding_method': 'frequency', 'lr': 0.3798969028517741, 'max_features': 1.0, 'max_samples': 0.2, 'mu_minus': 0.6100000000000001, 'mu_plus': 0.8600000000000001, 'n_estimators': 1, 'n_fields': None, 'neuron_model': 'iaf_psc_exp', 'ref_seq_interval': 8, 'resolution': 0.1, 'shift_minus': 0.45446411499502276, 'shift_plus': -0.6497692424192179, 'sigma_w': None, 'synapse_model': 'shifted_nn_restr_stdp_synapse', 't_ref': 0.0, 'tau_m': 10000000.0, 'tau_minus': 101.0, 'tau_plus': 261.0, 'tau_s': 0.0, 'time': 300, 'w_init': 0.0}
Score: 0.0980

 94%|█████████▍| 15/16 [05:33<?, ?trial/s, best loss=?]
                                                       
Deleting files related to the current optimization iteration...

 94%|█████████▍| 15/16 [05:33<?, ?trial/s, best loss=?]
100%|██████████| 16/16 [05:33<00:00, 333.61s/trial, best loss: -0.111]
100%|██████████| 16/16 [05:33<00:00, 333.61s/trial, best loss: -0.111]

 94%|█████████▍| 16/17 [00:00<?, ?trial/s, best loss=?]
                                                       
Params: {'V_th': 10000, 'alpha': 3.2039768507824773, 'decode_potentials': True, 'decoding_method': 'max', 'encoding_method': 'frequency', 'lr': 0.8447172203385235, 'max_features': 1.0, 'max_samples': 0.2, 'mu_minus': 0.7100000000000001, 'mu_plus': 0.7100000000000001, 'n_estimators': 1, 'n_fields': None, 'neuron_model': 'iaf_psc_exp', 'ref_seq_interval': 2, 'resolution': 0.1, 'shift_minus': 0.2632775114141932, 'shift_plus': -0.32494918810955653, 'sigma_w': None, 'synapse_model': 'shifted_nn_restr_stdp_synapse', 't_ref': 0.0, 'tau_m': 10000000.0, 'tau_minus': 221.0, 'tau_plus': 221.0, 'tau_s': 0.0, 'time': 300, 'w_init': 0.0}
Score: 0.1020

 94%|█████████▍| 16/17 [05:33<?, ?trial/s, best loss=?]
                                                       
Deleting files related to the current optimization iteration...

 94%|█████████▍| 16/17 [05:33<?, ?trial/s, best loss=?]
100%|██████████| 17/17 [05:33<00:00, 333.42s/trial, best loss: -0.111]
100%|██████████| 17/17 [05:33<00:00, 333.42s/trial, best loss: -0.111]

 94%|█████████▍| 17/18 [00:00<?, ?trial/s, best loss=?]
                                                       
Params: {'V_th': 10000, 'alpha': 1413.836640524412, 'decode_potentials': True, 'decoding_method': 'max', 'encoding_method': 'frequency', 'lr': 0.4727179120562119, 'max_features': 1.0, 'max_samples': 0.2, 'mu_minus': 0.76, 'mu_plus': 0.41000000000000003, 'n_estimators': 1, 'n_fields': None, 'neuron_model': 'iaf_psc_exp', 'ref_seq_interval': 6, 'resolution': 0.1, 'shift_minus': 0.44756863540734165, 'shift_plus': -0.4604233235902694, 'sigma_w': None, 'synapse_model': 'shifted_nn_restr_stdp_synapse', 't_ref': 0.0, 'tau_m': 10000000.0, 'tau_minus': 61.0, 'tau_plus': 121.0, 'tau_s': 0.0, 'time': 300, 'w_init': 0.0}
Score: 0.1000

 94%|█████████▍| 17/18 [05:03<?, ?trial/s, best loss=?]
                                                       
Deleting files related to the current optimization iteration...

 94%|█████████▍| 17/18 [05:03<?, ?trial/s, best loss=?]
100%|██████████| 18/18 [05:03<00:00, 303.34s/trial, best loss: -0.111]
100%|██████████| 18/18 [05:03<00:00, 303.34s/trial, best loss: -0.111]

 95%|█████████▍| 18/19 [00:00<?, ?trial/s, best loss=?]
                                                       
Params: {'V_th': 10000, 'alpha': 3.514768748163062, 'decode_potentials': True, 'decoding_method': 'max', 'encoding_method': 'frequency', 'lr': 0.2848015743142443, 'max_features': 1.0, 'max_samples': 0.2, 'mu_minus': 0.76, 'mu_plus': 0.9600000000000001, 'n_estimators': 1, 'n_fields': None, 'neuron_model': 'iaf_psc_exp', 'ref_seq_interval': 4, 'resolution': 0.1, 'shift_minus': 0.09735468068652803, 'shift_plus': -0.9974530719200294, 'sigma_w': None, 'synapse_model': 'shifted_nn_restr_stdp_synapse', 't_ref': 0.0, 'tau_m': 10000000.0, 'tau_minus': 261.0, 'tau_plus': 201.0, 'tau_s': 0.0, 'time': 300, 'w_init': 0.0}
Score: 0.0970

 95%|█████████▍| 18/19 [05:33<?, ?trial/s, best loss=?]
                                                       
Deleting files related to the current optimization iteration...

 95%|█████████▍| 18/19 [05:33<?, ?trial/s, best loss=?]
100%|██████████| 19/19 [05:33<00:00, 333.41s/trial, best loss: -0.111]
100%|██████████| 19/19 [05:33<00:00, 333.41s/trial, best loss: -0.111]

 95%|█████████▌| 19/20 [00:00<?, ?trial/s, best loss=?]
                                                       
Params: {'V_th': 10000, 'alpha': 588.2420492871635, 'decode_potentials': True, 'decoding_method': 'max', 'encoding_method': 'frequency', 'lr': 0.8397801309404922, 'max_features': 1.0, 'max_samples': 0.2, 'mu_minus': 0.7100000000000001, 'mu_plus': 0.9600000000000001, 'n_estimators': 1, 'n_fields': None, 'neuron_model': 'iaf_psc_exp', 'ref_seq_interval': 4, 'resolution': 0.1, 'shift_minus': 0.30594267501098643, 'shift_plus': -0.3454323590252326, 'sigma_w': None, 'synapse_model': 'shifted_nn_restr_stdp_synapse', 't_ref': 0.0, 'tau_m': 10000000.0, 'tau_minus': 181.0, 'tau_plus': 281.0, 'tau_s': 0.0, 'time': 300, 'w_init': 0.0}
Score: 0.1010

 95%|█████████▌| 19/20 [05:33<?, ?trial/s, best loss=?]
                                                       
Deleting files related to the current optimization iteration...

 95%|█████████▌| 19/20 [05:33<?, ?trial/s, best loss=?]
100%|██████████| 20/20 [05:33<00:00, 333.31s/trial, best loss: -0.111]
100%|██████████| 20/20 [05:33<00:00, 333.31s/trial, best loss: -0.111]

 95%|█████████▌| 20/21 [00:00<?, ?trial/s, best loss=?]
                                                       
Params: {'V_th': 10000, 'alpha': 9.773106333587247, 'decode_potentials': True, 'decoding_method': 'max', 'encoding_method': 'frequency', 'lr': 0.6492533946642809, 'max_features': 1.0, 'max_samples': 0.2, 'mu_minus': 0.36000000000000004, 'mu_plus': 0.91, 'n_estimators': 1, 'n_fields': None, 'neuron_model': 'iaf_psc_exp', 'ref_seq_interval': 6, 'resolution': 0.1, 'shift_minus': 0.34809810939255154, 'shift_plus': -0.8143302616060435, 'sigma_w': None, 'synapse_model': 'shifted_nn_restr_stdp_synapse', 't_ref': 0.0, 'tau_m': 10000000.0, 'tau_minus': 241.0, 'tau_plus': 241.0, 'tau_s': 0.0, 'time': 300, 'w_init': 0.0}
Score: 0.1050

 95%|█████████▌| 20/21 [05:33<?, ?trial/s, best loss=?]
                                                       
Deleting files related to the current optimization iteration...

 95%|█████████▌| 20/21 [05:33<?, ?trial/s, best loss=?]
100%|██████████| 21/21 [05:33<00:00, 333.44s/trial, best loss: -0.111]
100%|██████████| 21/21 [05:33<00:00, 333.44s/trial, best loss: -0.111]

 95%|█████████▌| 21/22 [00:00<?, ?trial/s, best loss=?]
                                                       
Params: {'V_th': 10000, 'alpha': 4.523808653133645, 'decode_potentials': True, 'decoding_method': 'max', 'encoding_method': 'frequency', 'lr': 0.5747747684002615, 'max_features': 1.0, 'max_samples': 0.2, 'mu_minus': 0.26, 'mu_plus': 0.91, 'n_estimators': 1, 'n_fields': None, 'neuron_model': 'iaf_psc_exp', 'ref_seq_interval': 5, 'resolution': 0.1, 'shift_minus': 0.030911069619077663, 'shift_plus': -0.7047736157935711, 'sigma_w': None, 'synapse_model': 'shifted_nn_restr_stdp_synapse', 't_ref': 0.0, 'tau_m': 10000000.0, 'tau_minus': 81.0, 'tau_plus': 21.0, 'tau_s': 0.0, 'time': 300, 'w_init': 0.0}
Score: 0.0990

 95%|█████████▌| 21/22 [05:33<?, ?trial/s, best loss=?]
                                                       
Deleting files related to the current optimization iteration...

 95%|█████████▌| 21/22 [05:33<?, ?trial/s, best loss=?]
100%|██████████| 22/22 [05:33<00:00, 333.56s/trial, best loss: -0.111]
100%|██████████| 22/22 [05:33<00:00, 333.56s/trial, best loss: -0.111]

 96%|█████████▌| 22/23 [00:00<?, ?trial/s, best loss=?]
                                                       
Params: {'V_th': 10000, 'alpha': 6.357540339895014, 'decode_potentials': True, 'decoding_method': 'max', 'encoding_method': 'frequency', 'lr': 0.7250425266439432, 'max_features': 1.0, 'max_samples': 0.2, 'mu_minus': 0.91, 'mu_plus': 0.01, 'n_estimators': 1, 'n_fields': None, 'neuron_model': 'iaf_psc_exp', 'ref_seq_interval': 6, 'resolution': 0.1, 'shift_minus': 0.11407434926099466, 'shift_plus': -0.5546521366561066, 'sigma_w': None, 'synapse_model': 'shifted_nn_restr_stdp_synapse', 't_ref': 0.0, 'tau_m': 10000000.0, 'tau_minus': 281.0, 'tau_plus': 241.0, 'tau_s': 0.0, 'time': 300, 'w_init': 0.0}
Score: 0.1040

 96%|█████████▌| 22/23 [05:33<?, ?trial/s, best loss=?]
                                                       
Deleting files related to the current optimization iteration...

 96%|█████████▌| 22/23 [05:33<?, ?trial/s, best loss=?]
100%|██████████| 23/23 [05:33<00:00, 333.58s/trial, best loss: -0.111]
100%|██████████| 23/23 [05:33<00:00, 333.58s/trial, best loss: -0.111]

 96%|█████████▌| 23/24 [00:00<?, ?trial/s, best loss=?]
                                                       
Params: {'V_th': 10000, 'alpha': 1.8638331912855142, 'decode_potentials': True, 'decoding_method': 'max', 'encoding_method': 'frequency', 'lr': 0.5435590661556353, 'max_features': 1.0, 'max_samples': 0.2, 'mu_minus': 0.51, 'mu_plus': 0.51, 'n_estimators': 1, 'n_fields': None, 'neuron_model': 'iaf_psc_exp', 'ref_seq_interval': 7, 'resolution': 0.1, 'shift_minus': 0.05103384930182168, 'shift_plus': -0.9512126702647797, 'sigma_w': None, 'synapse_model': 'shifted_nn_restr_stdp_synapse', 't_ref': 0.0, 'tau_m': 10000000.0, 'tau_minus': 81.0, 'tau_plus': 101.0, 'tau_s': 0.0, 'time': 300, 'w_init': 0.0}
Score: 0.1030

 96%|█████████▌| 23/24 [05:33<?, ?trial/s, best loss=?]
                                                       
Deleting files related to the current optimization iteration...

 96%|█████████▌| 23/24 [05:33<?, ?trial/s, best loss=?]
100%|██████████| 24/24 [05:33<00:00, 333.73s/trial, best loss: -0.111]
100%|██████████| 24/24 [05:33<00:00, 333.73s/trial, best loss: -0.111]

 96%|█████████▌| 24/25 [00:00<?, ?trial/s, best loss=?]
                                                       
Params: {'V_th': 10000, 'alpha': 0.16851069025185428, 'decode_potentials': True, 'decoding_method': 'max', 'encoding_method': 'frequency', 'lr': 0.7658273211688718, 'max_features': 1.0, 'max_samples': 0.2, 'mu_minus': 0.41000000000000003, 'mu_plus': 0.36000000000000004, 'n_estimators': 1, 'n_fields': None, 'neuron_model': 'iaf_psc_exp', 'ref_seq_interval': 5, 'resolution': 0.1, 'shift_minus': 0.08290503728977619, 'shift_plus': -0.7875000676761267, 'sigma_w': None, 'synapse_model': 'shifted_nn_restr_stdp_synapse', 't_ref': 0.0, 'tau_m': 10000000.0, 'tau_minus': 141.0, 'tau_plus': 1.0, 'tau_s': 0.0, 'time': 300, 'w_init': 0.0}
Score: 0.0930

 96%|█████████▌| 24/25 [05:33<?, ?trial/s, best loss=?]
                                                       
Deleting files related to the current optimization iteration...

 96%|█████████▌| 24/25 [05:33<?, ?trial/s, best loss=?]
100%|██████████| 25/25 [05:33<00:00, 333.43s/trial, best loss: -0.111]
100%|██████████| 25/25 [05:33<00:00, 333.43s/trial, best loss: -0.111]

 96%|█████████▌| 25/26 [00:00<?, ?trial/s, best loss=?]
                                                       
Params: {'V_th': 10000, 'alpha': 5.322790586940316, 'decode_potentials': True, 'decoding_method': 'max', 'encoding_method': 'frequency', 'lr': 0.6086580217286833, 'max_features': 1.0, 'max_samples': 0.2, 'mu_minus': 0.01, 'mu_plus': 0.16000000000000003, 'n_estimators': 1, 'n_fields': None, 'neuron_model': 'iaf_psc_exp', 'ref_seq_interval': 6, 'resolution': 0.1, 'shift_minus': 0.21317518637234018, 'shift_plus': -0.53579176012696, 'sigma_w': None, 'synapse_model': 'shifted_nn_restr_stdp_synapse', 't_ref': 0.0, 'tau_m': 10000000.0, 'tau_minus': 41.0, 'tau_plus': 21.0, 'tau_s': 0.0, 'time': 300, 'w_init': 0.0}
Score: 0.1010

 96%|█████████▌| 25/26 [05:33<?, ?trial/s, best loss=?]
                                                       
Deleting files related to the current optimization iteration...

 96%|█████████▌| 25/26 [05:33<?, ?trial/s, best loss=?]
100%|██████████| 26/26 [05:33<00:00, 333.30s/trial, best loss: -0.111]
100%|██████████| 26/26 [05:33<00:00, 333.30s/trial, best loss: -0.111]

 96%|█████████▋| 26/27 [00:00<?, ?trial/s, best loss=?]
                                                       
Params: {'V_th': 10000, 'alpha': 8.808022708823843, 'decode_potentials': True, 'decoding_method': 'max', 'encoding_method': 'frequency', 'lr': 0.2467420702273258, 'max_features': 1.0, 'max_samples': 0.2, 'mu_minus': 0.66, 'mu_plus': 0.21000000000000002, 'n_estimators': 1, 'n_fields': None, 'neuron_model': 'iaf_psc_exp', 'ref_seq_interval': 6, 'resolution': 0.1, 'shift_minus': 0.33493350145075196, 'shift_plus': -0.05427347006671239, 'sigma_w': None, 'synapse_model': 'shifted_nn_restr_stdp_synapse', 't_ref': 0.0, 'tau_m': 10000000.0, 'tau_minus': 241.0, 'tau_plus': 21.0, 'tau_s': 0.0, 'time': 300, 'w_init': 0.0}
Score: 0.1010

 96%|█████████▋| 26/27 [05:33<?, ?trial/s, best loss=?]
                                                       
Deleting files related to the current optimization iteration...

 96%|█████████▋| 26/27 [05:33<?, ?trial/s, best loss=?]
100%|██████████| 27/27 [05:33<00:00, 333.28s/trial, best loss: -0.111]
100%|██████████| 27/27 [05:33<00:00, 333.28s/trial, best loss: -0.111]

 96%|█████████▋| 27/28 [00:00<?, ?trial/s, best loss=?]
                                                       
Params: {'V_th': 10000, 'alpha': 5.73048200715001, 'decode_potentials': True, 'decoding_method': 'max', 'encoding_method': 'frequency', 'lr': 0.9825419535343893, 'max_features': 1.0, 'max_samples': 0.2, 'mu_minus': 0.11, 'mu_plus': 0.66, 'n_estimators': 1, 'n_fields': None, 'neuron_model': 'iaf_psc_exp', 'ref_seq_interval': 6, 'resolution': 0.1, 'shift_minus': 0.13930492064328454, 'shift_plus': -0.8721132855724213, 'sigma_w': None, 'synapse_model': 'shifted_nn_restr_stdp_synapse', 't_ref': 0.0, 'tau_m': 10000000.0, 'tau_minus': 121.0, 'tau_plus': 141.0, 'tau_s': 0.0, 'time': 300, 'w_init': 0.0}
Score: 0.0990

 96%|█████████▋| 27/28 [05:33<?, ?trial/s, best loss=?]
                                                       
Deleting files related to the current optimization iteration...

 96%|█████████▋| 27/28 [05:33<?, ?trial/s, best loss=?]
100%|██████████| 28/28 [05:33<00:00, 333.38s/trial, best loss: -0.111]
100%|██████████| 28/28 [05:33<00:00, 333.38s/trial, best loss: -0.111]

 97%|█████████▋| 28/29 [00:00<?, ?trial/s, best loss=?]
                                                       
Params: {'V_th': 10000, 'alpha': 2.646503155906469, 'decode_potentials': True, 'decoding_method': 'max', 'encoding_method': 'frequency', 'lr': 0.7655130264395786, 'max_features': 1.0, 'max_samples': 0.2, 'mu_minus': 0.91, 'mu_plus': 0.76, 'n_estimators': 1, 'n_fields': None, 'neuron_model': 'iaf_psc_exp', 'ref_seq_interval': 7, 'resolution': 0.1, 'shift_minus': 0.3949514939260077, 'shift_plus': -0.6441860056488083, 'sigma_w': None, 'synapse_model': 'shifted_nn_restr_stdp_synapse', 't_ref': 0.0, 'tau_m': 10000000.0, 'tau_minus': 141.0, 'tau_plus': 241.0, 'tau_s': 0.0, 'time': 300, 'w_init': 0.0}
Score: 0.1010

 97%|█████████▋| 28/29 [05:33<?, ?trial/s, best loss=?]
                                                       
Deleting files related to the current optimization iteration...

 97%|█████████▋| 28/29 [05:33<?, ?trial/s, best loss=?]
100%|██████████| 29/29 [05:33<00:00, 333.28s/trial, best loss: -0.111]
100%|██████████| 29/29 [05:33<00:00, 333.28s/trial, best loss: -0.111]

 97%|█████████▋| 29/30 [00:00<?, ?trial/s, best loss=?]
                                                       
Params: {'V_th': 10000, 'alpha': 8.351303833966897, 'decode_potentials': True, 'decoding_method': 'max', 'encoding_method': 'frequency', 'lr': 0.9644631066536336, 'max_features': 1.0, 'max_samples': 0.2, 'mu_minus': 0.31000000000000005, 'mu_plus': 0.01, 'n_estimators': 1, 'n_fields': None, 'neuron_model': 'iaf_psc_exp', 'ref_seq_interval': 6, 'resolution': 0.1, 'shift_minus': 0.2151404846199728, 'shift_plus': -0.7238212220617456, 'sigma_w': None, 'synapse_model': 'shifted_nn_restr_stdp_synapse', 't_ref': 0.0, 'tau_m': 10000000.0, 'tau_minus': 121.0, 'tau_plus': 1.0, 'tau_s': 0.0, 'time': 300, 'w_init': 0.0}
Score: 0.0960

 97%|█████████▋| 29/30 [05:33<?, ?trial/s, best loss=?]
                                                       
Deleting files related to the current optimization iteration...

 97%|█████████▋| 29/30 [05:33<?, ?trial/s, best loss=?]
100%|██████████| 30/30 [05:33<00:00, 333.35s/trial, best loss: -0.111]
100%|██████████| 30/30 [05:33<00:00, 333.35s/trial, best loss: -0.111]

 97%|█████████▋| 30/31 [00:00<?, ?trial/s, best loss=?]
                                                       
Params: {'V_th': 10000, 'alpha': 4.208198990507606, 'decode_potentials': True, 'decoding_method': 'max', 'encoding_method': 'frequency', 'lr': 0.6603842695438543, 'max_features': 1.0, 'max_samples': 0.2, 'mu_minus': 0.81, 'mu_plus': 0.6100000000000001, 'n_estimators': 1, 'n_fields': None, 'neuron_model': 'iaf_psc_exp', 'ref_seq_interval': 5, 'resolution': 0.1, 'shift_minus': 0.06556514384835282, 'shift_plus': -0.7638586940825508, 'sigma_w': None, 'synapse_model': 'shifted_nn_restr_stdp_synapse', 't_ref': 0.0, 'tau_m': 10000000.0, 'tau_minus': 81.0, 'tau_plus': 101.0, 'tau_s': 0.0, 'time': 300, 'w_init': 0.0}
Score: 0.1120

 97%|█████████▋| 30/31 [05:33<?, ?trial/s, best loss=?]
                                                       
Deleting files related to the current optimization iteration...

 97%|█████████▋| 30/31 [05:33<?, ?trial/s, best loss=?]
100%|██████████| 31/31 [05:33<00:00, 333.34s/trial, best loss: -0.11200000000000002]
100%|██████████| 31/31 [05:33<00:00, 333.34s/trial, best loss: -0.11200000000000002]

 97%|█████████▋| 31/32 [00:00<?, ?trial/s, best loss=?]
                                                       
Params: {'V_th': 10000, 'alpha': 0.4305994068254506, 'decode_potentials': True, 'decoding_method': 'max', 'encoding_method': 'frequency', 'lr': 0.537508753498198, 'max_features': 1.0, 'max_samples': 0.2, 'mu_minus': 0.56, 'mu_plus': 0.6100000000000001, 'n_estimators': 1, 'n_fields': None, 'neuron_model': 'iaf_psc_exp', 'ref_seq_interval': 8, 'resolution': 0.1, 'shift_minus': 0.13246030157014574, 'shift_plus': -0.8643938904814229, 'sigma_w': None, 'synapse_model': 'shifted_nn_restr_stdp_synapse', 't_ref': 0.0, 'tau_m': 10000000.0, 'tau_minus': 81.0, 'tau_plus': 101.0, 'tau_s': 0.0, 'time': 300, 'w_init': 0.0}
Score: 0.1000

 97%|█████████▋| 31/32 [05:33<?, ?trial/s, best loss=?]
                                                       
Deleting files related to the current optimization iteration...

 97%|█████████▋| 31/32 [05:33<?, ?trial/s, best loss=?]
100%|██████████| 32/32 [05:33<00:00, 333.47s/trial, best loss: -0.11200000000000002]
100%|██████████| 32/32 [05:33<00:00, 333.47s/trial, best loss: -0.11200000000000002]

 97%|█████████▋| 32/33 [00:00<?, ?trial/s, best loss=?]
                                                       
Params: {'V_th': 10000, 'alpha': 2.356346887684761, 'decode_potentials': True, 'decoding_method': 'max', 'encoding_method': 'frequency', 'lr': 0.6466860887432474, 'max_features': 1.0, 'max_samples': 0.2, 'mu_minus': 0.36000000000000004, 'mu_plus': 0.6100000000000001, 'n_estimators': 1, 'n_fields': None, 'neuron_model': 'iaf_psc_exp', 'ref_seq_interval': 9, 'resolution': 0.1, 'shift_minus': 0.045939060198419104, 'shift_plus': -0.7976481509562011, 'sigma_w': None, 'synapse_model': 'shifted_nn_restr_stdp_synapse', 't_ref': 0.0, 'tau_m': 10000000.0, 'tau_minus': 81.0, 'tau_plus': 181.0, 'tau_s': 0.0, 'time': 300, 'w_init': 0.0}
Score: 0.1040

 97%|█████████▋| 32/33 [05:33<?, ?trial/s, best loss=?]
                                                       
Deleting files related to the current optimization iteration...

 97%|█████████▋| 32/33 [05:33<?, ?trial/s, best loss=?]
100%|██████████| 33/33 [05:33<00:00, 333.43s/trial, best loss: -0.11200000000000002]
100%|██████████| 33/33 [05:33<00:00, 333.43s/trial, best loss: -0.11200000000000002]

 97%|█████████▋| 33/34 [00:00<?, ?trial/s, best loss=?]
                                                       
Params: {'V_th': 10000, 'alpha': 4.154978685930493, 'decode_potentials': True, 'decoding_method': 'max', 'encoding_method': 'frequency', 'lr': 0.48288397760128987, 'max_features': 1.0, 'max_samples': 0.2, 'mu_minus': 0.36000000000000004, 'mu_plus': 0.11, 'n_estimators': 1, 'n_fields': None, 'neuron_model': 'iaf_psc_exp', 'ref_seq_interval': 10, 'resolution': 0.1, 'shift_minus': 0.23346737411455157, 'shift_plus': -0.9683381949314636, 'sigma_w': None, 'synapse_model': 'shifted_nn_restr_stdp_synapse', 't_ref': 0.0, 'tau_m': 10000000.0, 'tau_minus': 161.0, 'tau_plus': 21.0, 'tau_s': 0.0, 'time': 300, 'w_init': 0.0}
Score: 0.1070

 97%|█████████▋| 33/34 [05:33<?, ?trial/s, best loss=?]
                                                       
Deleting files related to the current optimization iteration...

 97%|█████████▋| 33/34 [05:33<?, ?trial/s, best loss=?]
100%|██████████| 34/34 [05:33<00:00, 333.48s/trial, best loss: -0.11200000000000002]
100%|██████████| 34/34 [05:33<00:00, 333.48s/trial, best loss: -0.11200000000000002]

 97%|█████████▋| 34/35 [00:00<?, ?trial/s, best loss=?]
                                                       
Params: {'V_th': 10000, 'alpha': 4.527630175439927, 'decode_potentials': True, 'decoding_method': 'max', 'encoding_method': 'frequency', 'lr': 0.8004117463143839, 'max_features': 1.0, 'max_samples': 0.2, 'mu_minus': 0.81, 'mu_plus': 0.46, 'n_estimators': 1, 'n_fields': None, 'neuron_model': 'iaf_psc_exp', 'ref_seq_interval': 5, 'resolution': 0.1, 'shift_minus': 0.006412932337996467, 'shift_plus': -0.6835501489188209, 'sigma_w': None, 'synapse_model': 'shifted_nn_restr_stdp_synapse', 't_ref': 0.0, 'tau_m': 10000000.0, 'tau_minus': 281.0, 'tau_plus': 101.0, 'tau_s': 0.0, 'time': 300, 'w_init': 0.0}
Score: 0.1080

 97%|█████████▋| 34/35 [05:33<?, ?trial/s, best loss=?]
                                                       
Deleting files related to the current optimization iteration...

 97%|█████████▋| 34/35 [05:33<?, ?trial/s, best loss=?]
100%|██████████| 35/35 [05:33<00:00, 333.65s/trial, best loss: -0.11200000000000002]
100%|██████████| 35/35 [05:33<00:00, 333.65s/trial, best loss: -0.11200000000000002]

 97%|█████████▋| 35/36 [00:00<?, ?trial/s, best loss=?]
                                                       
Params: {'V_th': 10000, 'alpha': 2.235616172036223, 'decode_potentials': True, 'decoding_method': 'max', 'encoding_method': 'frequency', 'lr': 0.2739422243204359, 'max_features': 1.0, 'max_samples': 0.2, 'mu_minus': 0.16000000000000003, 'mu_plus': 0.26, 'n_estimators': 1, 'n_fields': None, 'neuron_model': 'iaf_psc_exp', 'ref_seq_interval': 3, 'resolution': 0.1, 'shift_minus': 0.29511012599596553, 'shift_plus': -0.5950408129995742, 'sigma_w': None, 'synapse_model': 'shifted_nn_restr_stdp_synapse', 't_ref': 0.0, 'tau_m': 10000000.0, 'tau_minus': 101.0, 'tau_plus': 41.0, 'tau_s': 0.0, 'time': 300, 'w_init': 0.0}
Score: 0.1040

 97%|█████████▋| 35/36 [05:34<?, ?trial/s, best loss=?]
                                                       
Deleting files related to the current optimization iteration...

 97%|█████████▋| 35/36 [05:34<?, ?trial/s, best loss=?]
100%|██████████| 36/36 [05:34<00:00, 334.08s/trial, best loss: -0.11200000000000002]
100%|██████████| 36/36 [05:34<00:00, 334.08s/trial, best loss: -0.11200000000000002]

 97%|█████████▋| 36/37 [00:00<?, ?trial/s, best loss=?]
                                                       
Params: {'V_th': 10000, 'alpha': 3.4011764281493724, 'decode_potentials': True, 'decoding_method': 'max', 'encoding_method': 'frequency', 'lr': 0.9354806571635945, 'max_features': 1.0, 'max_samples': 0.2, 'mu_minus': 0.81, 'mu_plus': 0.6100000000000001, 'n_estimators': 1, 'n_fields': None, 'neuron_model': 'iaf_psc_exp', 'ref_seq_interval': 9, 'resolution': 0.1, 'shift_minus': 0.00016879346293377506, 'shift_plus': -0.4949091425106211, 'sigma_w': None, 'synapse_model': 'shifted_nn_restr_stdp_synapse', 't_ref': 0.0, 'tau_m': 10000000.0, 'tau_minus': 61.0, 'tau_plus': 61.0, 'tau_s': 0.0, 'time': 300, 'w_init': 0.0}
Score: 0.1500

 97%|█████████▋| 36/37 [05:33<?, ?trial/s, best loss=?]
                                                       
Deleting files related to the current optimization iteration...

 97%|█████████▋| 36/37 [05:33<?, ?trial/s, best loss=?]
100%|██████████| 37/37 [05:33<00:00, 333.20s/trial, best loss: -0.15]
100%|██████████| 37/37 [05:33<00:00, 333.20s/trial, best loss: -0.15]

 97%|█████████▋| 37/38 [00:00<?, ?trial/s, best loss=?]
                                                       
Params: {'V_th': 10000, 'alpha': 6.534040190707647, 'decode_potentials': True, 'decoding_method': 'max', 'encoding_method': 'frequency', 'lr': 0.005638849838352222, 'max_features': 1.0, 'max_samples': 0.2, 'mu_minus': 0.81, 'mu_plus': 0.6100000000000001, 'n_estimators': 1, 'n_fields': None, 'neuron_model': 'iaf_psc_exp', 'ref_seq_interval': 9, 'resolution': 0.1, 'shift_minus': 0.003858893243100958, 'shift_plus': -0.2290556306336229, 'sigma_w': None, 'synapse_model': 'shifted_nn_restr_stdp_synapse', 't_ref': 0.0, 'tau_m': 10000000.0, 'tau_minus': 61.0, 'tau_plus': 61.0, 'tau_s': 0.0, 'time': 300, 'w_init': 0.0}
Score: 0.0980

 97%|█████████▋| 37/38 [05:33<?, ?trial/s, best loss=?]
                                                       
Deleting files related to the current optimization iteration...

 97%|█████████▋| 37/38 [05:33<?, ?trial/s, best loss=?]
100%|██████████| 38/38 [05:33<00:00, 333.23s/trial, best loss: -0.15]
100%|██████████| 38/38 [05:33<00:00, 333.23s/trial, best loss: -0.15]

 97%|█████████▋| 38/39 [00:00<?, ?trial/s, best loss=?]
                                                       
Params: {'V_th': 10000, 'alpha': 0.9343098343554095, 'decode_potentials': True, 'decoding_method': 'max', 'encoding_method': 'frequency', 'lr': 0.9484921161703741, 'max_features': 1.0, 'max_samples': 0.2, 'mu_minus': 0.81, 'mu_plus': 0.6100000000000001, 'n_estimators': 1, 'n_fields': None, 'neuron_model': 'iaf_psc_exp', 'ref_seq_interval': 9, 'resolution': 0.1, 'shift_minus': 0.02924566007770028, 'shift_plus': -0.40842029070524244, 'sigma_w': None, 'synapse_model': 'shifted_nn_restr_stdp_synapse', 't_ref': 0.0, 'tau_m': 10000000.0, 'tau_minus': 61.0, 'tau_plus': 61.0, 'tau_s': 0.0, 'time': 300, 'w_init': 0.0}
Score: 0.1050

 97%|█████████▋| 38/39 [05:33<?, ?trial/s, best loss=?]
                                                       
Deleting files related to the current optimization iteration...

 97%|█████████▋| 38/39 [05:33<?, ?trial/s, best loss=?]
100%|██████████| 39/39 [05:33<00:00, 333.46s/trial, best loss: -0.15]
100%|██████████| 39/39 [05:33<00:00, 333.47s/trial, best loss: -0.15]

 98%|█████████▊| 39/40 [00:00<?, ?trial/s, best loss=?]
                                                       
Params: {'V_th': 10000, 'alpha': 8.535580836213441, 'decode_potentials': True, 'decoding_method': 'max', 'encoding_method': 'frequency', 'lr': 0.9165893531411299, 'max_features': 1.0, 'max_samples': 0.2, 'mu_minus': 0.81, 'mu_plus': 0.31000000000000005, 'n_estimators': 1, 'n_fields': None, 'neuron_model': 'iaf_psc_exp', 'ref_seq_interval': 9, 'resolution': 0.1, 'shift_minus': 0.06745894004686644, 'shift_plus': -0.48378918578060764, 'sigma_w': None, 'synapse_model': 'shifted_nn_restr_stdp_synapse', 't_ref': 0.0, 'tau_m': 10000000.0, 'tau_minus': 1.0, 'tau_plus': 61.0, 'tau_s': 0.0, 'time': 300, 'w_init': 0.0}
Score: 0.0940

 98%|█████████▊| 39/40 [05:03<?, ?trial/s, best loss=?]
                                                       
Deleting files related to the current optimization iteration...

 98%|█████████▊| 39/40 [05:03<?, ?trial/s, best loss=?]
100%|██████████| 40/40 [05:03<00:00, 303.36s/trial, best loss: -0.15]
100%|██████████| 40/40 [05:03<00:00, 303.36s/trial, best loss: -0.15]

 98%|█████████▊| 40/41 [00:00<?, ?trial/s, best loss=?]
                                                       
Params: {'V_th': 10000, 'alpha': 4.868055562507539, 'decode_potentials': True, 'decoding_method': 'max', 'encoding_method': 'frequency', 'lr': 0.19828112938204706, 'max_features': 1.0, 'max_samples': 0.2, 'mu_minus': 0.21000000000000002, 'mu_plus': 0.81, 'n_estimators': 1, 'n_fields': None, 'neuron_model': 'iaf_psc_exp', 'ref_seq_interval': 9, 'resolution': 0.1, 'shift_minus': 0.10605532056061848, 'shift_plus': -0.5142682683411149, 'sigma_w': None, 'synapse_model': 'shifted_nn_restr_stdp_synapse', 't_ref': 0.0, 'tau_m': 10000000.0, 'tau_minus': 221.0, 'tau_plus': 281.0, 'tau_s': 0.0, 'time': 300, 'w_init': 0.0}
Score: 0.0950

 98%|█████████▊| 40/41 [05:03<?, ?trial/s, best loss=?]
                                                       
Deleting files related to the current optimization iteration...

 98%|█████████▊| 40/41 [05:03<?, ?trial/s, best loss=?]
100%|██████████| 41/41 [05:03<00:00, 303.46s/trial, best loss: -0.15]
100%|██████████| 41/41 [05:03<00:00, 303.46s/trial, best loss: -0.15]

 98%|█████████▊| 41/42 [00:00<?, ?trial/s, best loss=?]
                                                       
Params: {'V_th': 10000, 'alpha': 3.7633079288055704, 'decode_potentials': True, 'decoding_method': 'max', 'encoding_method': 'frequency', 'lr': 0.5942655908247612, 'max_features': 1.0, 'max_samples': 0.2, 'mu_minus': 0.81, 'mu_plus': 0.6100000000000001, 'n_estimators': 1, 'n_fields': None, 'neuron_model': 'iaf_psc_exp', 'ref_seq_interval': 4, 'resolution': 0.1, 'shift_minus': 0.017198291799917144, 'shift_plus': -0.2545478168442331, 'sigma_w': None, 'synapse_model': 'shifted_nn_restr_stdp_synapse', 't_ref': 0.0, 'tau_m': 10000000.0, 'tau_minus': 61.0, 'tau_plus': 141.0, 'tau_s': 0.0, 'time': 300, 'w_init': 0.0}
Score: 0.1060

 98%|█████████▊| 41/42 [05:33<?, ?trial/s, best loss=?]
                                                       
Deleting files related to the current optimization iteration...

 98%|█████████▊| 41/42 [05:33<?, ?trial/s, best loss=?]
100%|██████████| 42/42 [05:33<00:00, 333.47s/trial, best loss: -0.15]
100%|██████████| 42/42 [05:33<00:00, 333.47s/trial, best loss: -0.15]

 98%|█████████▊| 42/43 [00:00<?, ?trial/s, best loss=?]
                                                       
Params: {'V_th': 10000, 'alpha': 9.185263280815946, 'decode_potentials': True, 'decoding_method': 'max', 'encoding_method': 'frequency', 'lr': 0.43450671126662777, 'max_features': 1.0, 'max_samples': 0.2, 'mu_minus': 0.9600000000000001, 'mu_plus': 0.56, 'n_estimators': 1, 'n_fields': None, 'neuron_model': 'iaf_psc_exp', 'ref_seq_interval': 10, 'resolution': 0.1, 'shift_minus': 0.13440459139296979, 'shift_plus': -0.6153717236125522, 'sigma_w': None, 'synapse_model': 'shifted_nn_restr_stdp_synapse', 't_ref': 0.0, 'tau_m': 10000000.0, 'tau_minus': 161.0, 'tau_plus': 201.0, 'tau_s': 0.0, 'time': 300, 'w_init': 0.0}
Score: 0.0930

 98%|█████████▊| 42/43 [05:33<?, ?trial/s, best loss=?]
                                                       
Deleting files related to the current optimization iteration...

 98%|█████████▊| 42/43 [05:33<?, ?trial/s, best loss=?]
100%|██████████| 43/43 [05:33<00:00, 333.44s/trial, best loss: -0.15]
100%|██████████| 43/43 [05:33<00:00, 333.44s/trial, best loss: -0.15]

 98%|█████████▊| 43/44 [00:00<?, ?trial/s, best loss=?]
                                                       
Params: {'V_th': 10000, 'alpha': 5.335126455670689, 'decode_potentials': True, 'decoding_method': 'max', 'encoding_method': 'frequency', 'lr': 0.9998470115581335, 'max_features': 1.0, 'max_samples': 0.2, 'mu_minus': 0.01, 'mu_plus': 0.21000000000000002, 'n_estimators': 1, 'n_fields': None, 'neuron_model': 'iaf_psc_exp', 'ref_seq_interval': 3, 'resolution': 0.1, 'shift_minus': 0.061736126741762806, 'shift_plus': -0.41545972694361627, 'sigma_w': None, 'synapse_model': 'shifted_nn_restr_stdp_synapse', 't_ref': 0.0, 'tau_m': 10000000.0, 'tau_minus': 201.0, 'tau_plus': 81.0, 'tau_s': 0.0, 'time': 300, 'w_init': 0.0}
Score: 0.0970

 98%|█████████▊| 43/44 [05:33<?, ?trial/s, best loss=?]
                                                       
Deleting files related to the current optimization iteration...

 98%|█████████▊| 43/44 [05:33<?, ?trial/s, best loss=?]
100%|██████████| 44/44 [05:33<00:00, 333.45s/trial, best loss: -0.15]
100%|██████████| 44/44 [05:33<00:00, 333.45s/trial, best loss: -0.15]

 98%|█████████▊| 44/45 [00:00<?, ?trial/s, best loss=?]
                                                       
Params: {'V_th': 10000, 'alpha': 7.449415939814467, 'decode_potentials': True, 'decoding_method': 'max', 'encoding_method': 'frequency', 'lr': 0.7935901064070969, 'max_features': 1.0, 'max_samples': 0.2, 'mu_minus': 0.8600000000000001, 'mu_plus': 0.060000000000000005, 'n_estimators': 1, 'n_fields': None, 'neuron_model': 'iaf_psc_exp', 'ref_seq_interval': 8, 'resolution': 0.1, 'shift_minus': 0.08881735893422489, 'shift_plus': -0.2978105312506727, 'sigma_w': None, 'synapse_model': 'shifted_nn_restr_stdp_synapse', 't_ref': 0.0, 'tau_m': 10000000.0, 'tau_minus': 41.0, 'tau_plus': 161.0, 'tau_s': 0.0, 'time': 300, 'w_init': 0.0}
Score: 0.0920

 98%|█████████▊| 44/45 [05:33<?, ?trial/s, best loss=?]
                                                       
Deleting files related to the current optimization iteration...

 98%|█████████▊| 44/45 [05:33<?, ?trial/s, best loss=?]
100%|██████████| 45/45 [05:33<00:00, 333.37s/trial, best loss: -0.15]
100%|██████████| 45/45 [05:33<00:00, 333.37s/trial, best loss: -0.15]

 98%|█████████▊| 45/46 [00:00<?, ?trial/s, best loss=?]
                                                       
Params: {'V_th': 10000, 'alpha': 42.622737117101224, 'decode_potentials': True, 'decoding_method': 'max', 'encoding_method': 'frequency', 'lr': 0.8771409758967894, 'max_features': 1.0, 'max_samples': 0.2, 'mu_minus': 0.56, 'mu_plus': 0.7100000000000001, 'n_estimators': 1, 'n_fields': None, 'neuron_model': 'iaf_psc_exp', 'ref_seq_interval': 7, 'resolution': 0.1, 'shift_minus': 0.1541987274239987, 'shift_plus': -0.12906365450909185, 'sigma_w': None, 'synapse_model': 'shifted_nn_restr_stdp_synapse', 't_ref': 0.0, 'tau_m': 10000000.0, 'tau_minus': 261.0, 'tau_plus': 181.0, 'tau_s': 0.0, 'time': 300, 'w_init': 0.0}
Score: 0.1070

 98%|█████████▊| 45/46 [05:33<?, ?trial/s, best loss=?]
                                                       
Deleting files related to the current optimization iteration...

 98%|█████████▊| 45/46 [05:33<?, ?trial/s, best loss=?]
100%|██████████| 46/46 [05:33<00:00, 333.38s/trial, best loss: -0.15]
100%|██████████| 46/46 [05:33<00:00, 333.38s/trial, best loss: -0.15]

 98%|█████████▊| 46/47 [00:00<?, ?trial/s, best loss=?]
                                                       
Params: {'V_th': 10000, 'alpha': 0.8346647788127255, 'decode_potentials': True, 'decoding_method': 'max', 'encoding_method': 'frequency', 'lr': 0.6928376977027566, 'max_features': 1.0, 'max_samples': 0.2, 'mu_minus': 0.060000000000000005, 'mu_plus': 0.36000000000000004, 'n_estimators': 1, 'n_fields': None, 'neuron_model': 'iaf_psc_exp', 'ref_seq_interval': 5, 'resolution': 0.1, 'shift_minus': 0.0035308332708853113, 'shift_plus': -0.1719233873461199, 'sigma_w': None, 'synapse_model': 'shifted_nn_restr_stdp_synapse', 't_ref': 0.0, 'tau_m': 10000000.0, 'tau_minus': 181.0, 'tau_plus': 61.0, 'tau_s': 0.0, 'time': 300, 'w_init': 0.0}
Score: 0.1330

 98%|█████████▊| 46/47 [05:33<?, ?trial/s, best loss=?]
                                                       
Deleting files related to the current optimization iteration...

 98%|█████████▊| 46/47 [05:33<?, ?trial/s, best loss=?]
100%|██████████| 47/47 [05:33<00:00, 333.36s/trial, best loss: -0.15]
100%|██████████| 47/47 [05:33<00:00, 333.36s/trial, best loss: -0.15]

 98%|█████████▊| 47/48 [00:00<?, ?trial/s, best loss=?]
                                                       
Params: {'V_th': 10000, 'alpha': 1.2153944573207087, 'decode_potentials': True, 'decoding_method': 'max', 'encoding_method': 'frequency', 'lr': 0.713282164354719, 'max_features': 1.0, 'max_samples': 0.2, 'mu_minus': 0.060000000000000005, 'mu_plus': 0.36000000000000004, 'n_estimators': 1, 'n_fields': None, 'neuron_model': 'iaf_psc_exp', 'ref_seq_interval': 2, 'resolution': 0.1, 'shift_minus': 0.3782239694848798, 'shift_plus': -0.17722199927351512, 'sigma_w': None, 'synapse_model': 'shifted_nn_restr_stdp_synapse', 't_ref': 0.0, 'tau_m': 10000000.0, 'tau_minus': 181.0, 'tau_plus': 61.0, 'tau_s': 0.0, 'time': 300, 'w_init': 0.0}
Score: 0.0980

 98%|█████████▊| 47/48 [05:33<?, ?trial/s, best loss=?]
                                                       
Deleting files related to the current optimization iteration...

 98%|█████████▊| 47/48 [05:33<?, ?trial/s, best loss=?]
100%|██████████| 48/48 [05:33<00:00, 333.39s/trial, best loss: -0.15]
100%|██████████| 48/48 [05:33<00:00, 333.39s/trial, best loss: -0.15]

 98%|█████████▊| 48/49 [00:00<?, ?trial/s, best loss=?]
                                                       
Params: {'V_th': 10000, 'alpha': 25.097125126944828, 'decode_potentials': True, 'decoding_method': 'max', 'encoding_method': 'frequency', 'lr': 0.32779495296867084, 'max_features': 1.0, 'max_samples': 0.2, 'mu_minus': 0.060000000000000005, 'mu_plus': 0.36000000000000004, 'n_estimators': 1, 'n_fields': None, 'neuron_model': 'iaf_psc_exp', 'ref_seq_interval': 9, 'resolution': 0.1, 'shift_minus': 0.1858275721258393, 'shift_plus': -0.002910648319122522, 'sigma_w': None, 'synapse_model': 'shifted_nn_restr_stdp_synapse', 't_ref': 0.0, 'tau_m': 10000000.0, 'tau_minus': 181.0, 'tau_plus': 61.0, 'tau_s': 0.0, 'time': 300, 'w_init': 0.0}
Score: 0.1090

 98%|█████████▊| 48/49 [05:34<?, ?trial/s, best loss=?]
                                                       
Deleting files related to the current optimization iteration...

 98%|█████████▊| 48/49 [05:34<?, ?trial/s, best loss=?]
100%|██████████| 49/49 [05:34<00:00, 334.11s/trial, best loss: -0.15]
100%|██████████| 49/49 [05:34<00:00, 334.11s/trial, best loss: -0.15]

 98%|█████████▊| 49/50 [00:00<?, ?trial/s, best loss=?]
                                                       
Params: {'V_th': 10000, 'alpha': 0.661742434676526, 'decode_potentials': True, 'decoding_method': 'max', 'encoding_method': 'frequency', 'lr': 0.9399766352729115, 'max_features': 1.0, 'max_samples': 0.2, 'mu_minus': 0.060000000000000005, 'mu_plus': 0.11, 'n_estimators': 1, 'n_fields': None, 'neuron_model': 'iaf_psc_exp', 'ref_seq_interval': 5, 'resolution': 0.1, 'shift_minus': 0.0017585430786576858, 'shift_plus': -0.3783728568492375, 'sigma_w': None, 'synapse_model': 'shifted_nn_restr_stdp_synapse', 't_ref': 0.0, 'tau_m': 10000000.0, 'tau_minus': 181.0, 'tau_plus': 61.0, 'tau_s': 0.0, 'time': 300, 'w_init': 0.0}
Score: 0.1170

 98%|█████████▊| 49/50 [05:33<?, ?trial/s, best loss=?]
                                                       
Deleting files related to the current optimization iteration...

 98%|█████████▊| 49/50 [05:33<?, ?trial/s, best loss=?]
100%|██████████| 50/50 [05:33<00:00, 333.38s/trial, best loss: -0.15]
100%|██████████| 50/50 [05:33<00:00, 333.38s/trial, best loss: -0.15]

 98%|█████████▊| 50/51 [00:00<?, ?trial/s, best loss=?]
                                                       
Params: {'V_th': 10000, 'alpha': 2953.884602375545, 'decode_potentials': True, 'decoding_method': 'max', 'encoding_method': 'frequency', 'lr': 0.8611762781114072, 'max_features': 1.0, 'max_samples': 0.2, 'mu_minus': 0.26, 'mu_plus': 0.16000000000000003, 'n_estimators': 1, 'n_fields': None, 'neuron_model': 'iaf_psc_exp', 'ref_seq_interval': 10, 'resolution': 0.1, 'shift_minus': 0.48816942010648234, 'shift_plus': -0.20315456126682802, 'sigma_w': None, 'synapse_model': 'shifted_nn_restr_stdp_synapse', 't_ref': 0.0, 'tau_m': 10000000.0, 'tau_minus': 21.0, 'tau_plus': 221.0, 'tau_s': 0.0, 'time': 300, 'w_init': 0.0}
Score: 0.0950

 98%|█████████▊| 50/51 [05:33<?, ?trial/s, best loss=?]
                                                       
Deleting files related to the current optimization iteration...

 98%|█████████▊| 50/51 [05:33<?, ?trial/s, best loss=?]
100%|██████████| 51/51 [05:33<00:00, 333.42s/trial, best loss: -0.15]
100%|██████████| 51/51 [05:33<00:00, 333.42s/trial, best loss: -0.15]

 98%|█████████▊| 51/52 [00:00<?, ?trial/s, best loss=?]
                                                       
Params: {'V_th': 10000, 'alpha': 1.6577836829499013, 'decode_potentials': True, 'decoding_method': 'max', 'encoding_method': 'frequency', 'lr': 0.8048152812246222, 'max_features': 1.0, 'max_samples': 0.2, 'mu_minus': 0.11, 'mu_plus': 0.46, 'n_estimators': 1, 'n_fields': None, 'neuron_model': 'iaf_psc_exp', 'ref_seq_interval': 3, 'resolution': 0.1, 'shift_minus': 0.030209355504343498, 'shift_plus': -0.06993281990409722, 'sigma_w': None, 'synapse_model': 'shifted_nn_restr_stdp_synapse', 't_ref': 0.0, 'tau_m': 10000000.0, 'tau_minus': 61.0, 'tau_plus': 41.0, 'tau_s': 0.0, 'time': 300, 'w_init': 0.0}
Score: 0.1010

 98%|█████████▊| 51/52 [06:03<?, ?trial/s, best loss=?]
                                                       
Deleting files related to the current optimization iteration...

 98%|█████████▊| 51/52 [06:03<?, ?trial/s, best loss=?]
100%|██████████| 52/52 [06:03<00:00, 363.40s/trial, best loss: -0.15]
100%|██████████| 52/52 [06:03<00:00, 363.40s/trial, best loss: -0.15]

 98%|█████████▊| 52/53 [00:00<?, ?trial/s, best loss=?]
                                                       
Params: {'V_th': 10000, 'alpha': 2.167402221955939, 'decode_potentials': True, 'decoding_method': 'max', 'encoding_method': 'frequency', 'lr': 0.7425238659818693, 'max_features': 1.0, 'max_samples': 0.2, 'mu_minus': 0.51, 'mu_plus': 0.66, 'n_estimators': 1, 'n_fields': None, 'neuron_model': 'iaf_psc_exp', 'ref_seq_interval': 2, 'resolution': 0.1, 'shift_minus': 0.11116442404650752, 'shift_plus': -0.1300794529599934, 'sigma_w': None, 'synapse_model': 'shifted_nn_restr_stdp_synapse', 't_ref': 0.0, 'tau_m': 10000000.0, 'tau_minus': 1.0, 'tau_plus': 61.0, 'tau_s': 0.0, 'time': 300, 'w_init': 0.0}
Score: 0.1070

 98%|█████████▊| 52/53 [05:33<?, ?trial/s, best loss=?]
                                                       
Deleting files related to the current optimization iteration...

 98%|█████████▊| 52/53 [05:33<?, ?trial/s, best loss=?]
100%|██████████| 53/53 [05:33<00:00, 333.60s/trial, best loss: -0.15]
100%|██████████| 53/53 [05:33<00:00, 333.60s/trial, best loss: -0.15]

 98%|█████████▊| 53/54 [00:00<?, ?trial/s, best loss=?]
                                                       
Params: {'V_th': 10000, 'alpha': 144.31583696213903, 'decode_potentials': True, 'decoding_method': 'max', 'encoding_method': 'frequency', 'lr': 0.6912673704885551, 'max_features': 1.0, 'max_samples': 0.2, 'mu_minus': 0.46, 'mu_plus': 0.51, 'n_estimators': 1, 'n_fields': None, 'neuron_model': 'iaf_psc_exp', 'ref_seq_interval': 4, 'resolution': 0.1, 'shift_minus': 0.1709389015118352, 'shift_plus': -0.03757297672185911, 'sigma_w': None, 'synapse_model': 'shifted_nn_restr_stdp_synapse', 't_ref': 0.0, 'tau_m': 10000000.0, 'tau_minus': 181.0, 'tau_plus': 121.0, 'tau_s': 0.0, 'time': 300, 'w_init': 0.0}
Score: 0.1070

 98%|█████████▊| 53/54 [05:33<?, ?trial/s, best loss=?]
                                                       
Deleting files related to the current optimization iteration...

 98%|█████████▊| 53/54 [05:33<?, ?trial/s, best loss=?]
100%|██████████| 54/54 [05:33<00:00, 333.43s/trial, best loss: -0.15]
100%|██████████| 54/54 [05:33<00:00, 333.43s/trial, best loss: -0.15]

 98%|█████████▊| 54/55 [00:00<?, ?trial/s, best loss=?]
                                                       
Params: {'V_th': 10000, 'alpha': 2.8353517421057015, 'decode_potentials': True, 'decoding_method': 'max', 'encoding_method': 'frequency', 'lr': 0.5210379517462455, 'max_features': 1.0, 'max_samples': 0.2, 'mu_minus': 0.41000000000000003, 'mu_plus': 0.36000000000000004, 'n_estimators': 1, 'n_fields': None, 'neuron_model': 'iaf_psc_exp', 'ref_seq_interval': 5, 'resolution': 0.1, 'shift_minus': 0.2892450475346479, 'shift_plus': -0.2576797678495519, 'sigma_w': None, 'synapse_model': 'shifted_nn_restr_stdp_synapse', 't_ref': 0.0, 'tau_m': 10000000.0, 'tau_minus': 101.0, 'tau_plus': 261.0, 'tau_s': 0.0, 'time': 300, 'w_init': 0.0}
Score: 0.1020

 98%|█████████▊| 54/55 [05:33<?, ?trial/s, best loss=?]
                                                       
Deleting files related to the current optimization iteration...

 98%|█████████▊| 54/55 [05:33<?, ?trial/s, best loss=?]
100%|██████████| 55/55 [05:33<00:00, 333.46s/trial, best loss: -0.15]
100%|██████████| 55/55 [05:33<00:00, 333.46s/trial, best loss: -0.15]

 98%|█████████▊| 55/56 [00:00<?, ?trial/s, best loss=?]
                                                       
Params: {'V_th': 10000, 'alpha': 0.24592433490422394, 'decode_potentials': True, 'decoding_method': 'max', 'encoding_method': 'frequency', 'lr': 0.6267269993644806, 'max_features': 1.0, 'max_samples': 0.2, 'mu_minus': 0.66, 'mu_plus': 0.76, 'n_estimators': 1, 'n_fields': None, 'neuron_model': 'iaf_psc_exp', 'ref_seq_interval': 9, 'resolution': 0.1, 'shift_minus': 0.04724240444701833, 'shift_plus': -0.4799664682796167, 'sigma_w': None, 'synapse_model': 'shifted_nn_restr_stdp_synapse', 't_ref': 0.0, 'tau_m': 10000000.0, 'tau_minus': 221.0, 'tau_plus': 161.0, 'tau_s': 0.0, 'time': 300, 'w_init': 0.0}
Score: 0.0920

 98%|█████████▊| 55/56 [05:33<?, ?trial/s, best loss=?]
                                                       
Deleting files related to the current optimization iteration...

 98%|█████████▊| 55/56 [05:33<?, ?trial/s, best loss=?]
100%|██████████| 56/56 [05:33<00:00, 333.38s/trial, best loss: -0.15]
100%|██████████| 56/56 [05:33<00:00, 333.38s/trial, best loss: -0.15]

 98%|█████████▊| 56/57 [00:00<?, ?trial/s, best loss=?]
                                                       
Params: {'V_th': 10000, 'alpha': 1.2912094422259432, 'decode_potentials': True, 'decoding_method': 'max', 'encoding_method': 'frequency', 'lr': 0.9104463973341999, 'max_features': 1.0, 'max_samples': 0.2, 'mu_minus': 0.6100000000000001, 'mu_plus': 0.26, 'n_estimators': 1, 'n_fields': None, 'neuron_model': 'iaf_psc_exp', 'ref_seq_interval': 8, 'resolution': 0.1, 'shift_minus': 0.32354294678491974, 'shift_plus': -0.10522385441471338, 'sigma_w': None, 'synapse_model': 'shifted_nn_restr_stdp_synapse', 't_ref': 0.0, 'tau_m': 10000000.0, 'tau_minus': 201.0, 'tau_plus': 81.0, 'tau_s': 0.0, 'time': 300, 'w_init': 0.0}
Score: 0.1040

 98%|█████████▊| 56/57 [05:33<?, ?trial/s, best loss=?]
                                                       
Deleting files related to the current optimization iteration...

 98%|█████████▊| 56/57 [05:33<?, ?trial/s, best loss=?]
100%|██████████| 57/57 [05:33<00:00, 333.70s/trial, best loss: -0.15]
100%|██████████| 57/57 [05:33<00:00, 333.70s/trial, best loss: -0.15]

 98%|█████████▊| 57/58 [00:00<?, ?trial/s, best loss=?]
                                                       
Params: {'V_th': 10000, 'alpha': 15.950075188276765, 'decode_potentials': True, 'decoding_method': 'max', 'encoding_method': 'frequency', 'lr': 0.4516859278791221, 'max_features': 1.0, 'max_samples': 0.2, 'mu_minus': 0.31000000000000005, 'mu_plus': 0.8600000000000001, 'n_estimators': 1, 'n_fields': None, 'neuron_model': 'iaf_psc_exp', 'ref_seq_interval': 7, 'resolution': 0.1, 'shift_minus': 0.24021485942487214, 'shift_plus': -0.31225899158835313, 'sigma_w': None, 'synapse_model': 'shifted_nn_restr_stdp_synapse', 't_ref': 0.0, 'tau_m': 10000000.0, 'tau_minus': 281.0, 'tau_plus': 201.0, 'tau_s': 0.0, 'time': 300, 'w_init': 0.0}
Score: 0.1120

 98%|█████████▊| 57/58 [05:33<?, ?trial/s, best loss=?]
                                                       
Deleting files related to the current optimization iteration...

 98%|█████████▊| 57/58 [05:33<?, ?trial/s, best loss=?]
100%|██████████| 58/58 [05:33<00:00, 333.37s/trial, best loss: -0.15]
100%|██████████| 58/58 [05:33<00:00, 333.37s/trial, best loss: -0.15]

 98%|█████████▊| 58/59 [00:00<?, ?trial/s, best loss=?]
                                                       
Params: {'V_th': 10000, 'alpha': 3.7177660229377136, 'decode_potentials': True, 'decoding_method': 'max', 'encoding_method': 'frequency', 'lr': 0.8265566767434508, 'max_features': 1.0, 'max_samples': 0.2, 'mu_minus': 0.16000000000000003, 'mu_plus': 0.31000000000000005, 'n_estimators': 1, 'n_fields': None, 'neuron_model': 'iaf_psc_exp', 'ref_seq_interval': 5, 'resolution': 0.1, 'shift_minus': 0.42479362702461276, 'shift_plus': -0.5698611960085675, 'sigma_w': None, 'synapse_model': 'shifted_nn_restr_stdp_synapse', 't_ref': 0.0, 'tau_m': 10000000.0, 'tau_minus': 61.0, 'tau_plus': 281.0, 'tau_s': 0.0, 'time': 300, 'w_init': 0.0}
Score: 0.0990

 98%|█████████▊| 58/59 [05:33<?, ?trial/s, best loss=?]
                                                       
Deleting files related to the current optimization iteration...

 98%|█████████▊| 58/59 [05:33<?, ?trial/s, best loss=?]
100%|██████████| 59/59 [05:33<00:00, 333.50s/trial, best loss: -0.15]
100%|██████████| 59/59 [05:33<00:00, 333.50s/trial, best loss: -0.15]

 98%|█████████▊| 59/60 [00:00<?, ?trial/s, best loss=?]
                                                       
Params: {'V_th': 10000, 'alpha': 0.014939268431839903, 'decode_potentials': True, 'decoding_method': 'max', 'encoding_method': 'frequency', 'lr': 0.5680609334548655, 'max_features': 1.0, 'max_samples': 0.2, 'mu_minus': 0.76, 'mu_plus': 0.9600000000000001, 'n_estimators': 1, 'n_fields': None, 'neuron_model': 'iaf_psc_exp', 'ref_seq_interval': 9, 'resolution': 0.1, 'shift_minus': 0.2729709141542373, 'shift_plus': -0.352872385151167, 'sigma_w': None, 'synapse_model': 'shifted_nn_restr_stdp_synapse', 't_ref': 0.0, 'tau_m': 10000000.0, 'tau_minus': 261.0, 'tau_plus': 1.0, 'tau_s': 0.0, 'time': 300, 'w_init': 0.0}
Score: 0.1030

 98%|█████████▊| 59/60 [05:33<?, ?trial/s, best loss=?]
                                                       
Deleting files related to the current optimization iteration...

 98%|█████████▊| 59/60 [05:33<?, ?trial/s, best loss=?]
100%|██████████| 60/60 [05:33<00:00, 333.62s/trial, best loss: -0.15]
100%|██████████| 60/60 [05:33<00:00, 333.62s/trial, best loss: -0.15]

 98%|█████████▊| 60/61 [00:00<?, ?trial/s, best loss=?]
                                                       
Params: {'V_th': 10000, 'alpha': 3.265115668888654, 'decode_potentials': True, 'decoding_method': 'max', 'encoding_method': 'frequency', 'lr': 0.7626117686948718, 'max_features': 1.0, 'max_samples': 0.2, 'mu_minus': 0.7100000000000001, 'mu_plus': 0.81, 'n_estimators': 1, 'n_fields': None, 'neuron_model': 'iaf_psc_exp', 'ref_seq_interval': 4, 'resolution': 0.1, 'shift_minus': 0.12148227581960891, 'shift_plus': -0.17843610916972186, 'sigma_w': None, 'synapse_model': 'shifted_nn_restr_stdp_synapse', 't_ref': 0.0, 'tau_m': 10000000.0, 'tau_minus': 141.0, 'tau_plus': 61.0, 'tau_s': 0.0, 'time': 300, 'w_init': 0.0}
Score: 0.1040

 98%|█████████▊| 60/61 [05:33<?, ?trial/s, best loss=?]
                                                       
Deleting files related to the current optimization iteration...

 98%|█████████▊| 60/61 [05:33<?, ?trial/s, best loss=?]
100%|██████████| 61/61 [05:33<00:00, 333.63s/trial, best loss: -0.15]
100%|██████████| 61/61 [05:33<00:00, 333.63s/trial, best loss: -0.15]

 98%|█████████▊| 61/62 [00:00<?, ?trial/s, best loss=?]
                                                       
Params: {'V_th': 10000, 'alpha': 0.8939802304859752, 'decode_potentials': True, 'decoding_method': 'max', 'encoding_method': 'frequency', 'lr': 0.3453905644377858, 'max_features': 1.0, 'max_samples': 0.2, 'mu_minus': 0.060000000000000005, 'mu_plus': 0.56, 'n_estimators': 1, 'n_fields': None, 'neuron_model': 'iaf_psc_exp', 'ref_seq_interval': 2, 'resolution': 0.1, 'shift_minus': 0.08773338062132638, 'shift_plus': -0.44293538590643955, 'sigma_w': None, 'synapse_model': 'shifted_nn_restr_stdp_synapse', 't_ref': 0.0, 'tau_m': 10000000.0, 'tau_minus': 121.0, 'tau_plus': 221.0, 'tau_s': 0.0, 'time': 300, 'w_init': 0.0}
Score: 0.1060

 98%|█████████▊| 61/62 [05:33<?, ?trial/s, best loss=?]
                                                       
Deleting files related to the current optimization iteration...

 98%|█████████▊| 61/62 [05:33<?, ?trial/s, best loss=?]
100%|██████████| 62/62 [05:33<00:00, 333.73s/trial, best loss: -0.15]
100%|██████████| 62/62 [05:33<00:00, 333.73s/trial, best loss: -0.15]

 98%|█████████▊| 62/63 [00:00<?, ?trial/s, best loss=?]
                                                       
Params: {'V_th': 10000, 'alpha': 183.9451837562329, 'decode_potentials': True, 'decoding_method': 'max', 'encoding_method': 'frequency', 'lr': 0.6907861376486385, 'max_features': 1.0, 'max_samples': 0.2, 'mu_minus': 0.21000000000000002, 'mu_plus': 0.060000000000000005, 'n_estimators': 1, 'n_fields': None, 'neuron_model': 'iaf_psc_exp', 'ref_seq_interval': 5, 'resolution': 0.1, 'shift_minus': 0.024073539172581985, 'shift_plus': -0.09038407069368154, 'sigma_w': None, 'synapse_model': 'shifted_nn_restr_stdp_synapse', 't_ref': 0.0, 'tau_m': 10000000.0, 'tau_minus': 241.0, 'tau_plus': 141.0, 'tau_s': 0.0, 'time': 300, 'w_init': 0.0}
Score: 0.0910

 98%|█████████▊| 62/63 [05:33<?, ?trial/s, best loss=?]
                                                       
Deleting files related to the current optimization iteration...

 98%|█████████▊| 62/63 [05:33<?, ?trial/s, best loss=?]
100%|██████████| 63/63 [05:33<00:00, 333.69s/trial, best loss: -0.15]
100%|██████████| 63/63 [05:33<00:00, 333.69s/trial, best loss: -0.15]

 98%|█████████▊| 63/64 [00:00<?, ?trial/s, best loss=?]
                                                       
Params: {'V_th': 10000, 'alpha': 1.8304510649210932, 'decode_potentials': True, 'decoding_method': 'max', 'encoding_method': 'frequency', 'lr': 0.11655295423119294, 'max_features': 1.0, 'max_samples': 0.2, 'mu_minus': 0.91, 'mu_plus': 0.01, 'n_estimators': 1, 'n_fields': None, 'neuron_model': 'iaf_psc_exp', 'ref_seq_interval': 8, 'resolution': 0.1, 'shift_minus': 0.36055606132121404, 'shift_plus': -0.5293008242864534, 'sigma_w': None, 'synapse_model': 'shifted_nn_restr_stdp_synapse', 't_ref': 0.0, 'tau_m': 10000000.0, 'tau_minus': 41.0, 'tau_plus': 261.0, 'tau_s': 0.0, 'time': 300, 'w_init': 0.0}
Score: 0.0990

 98%|█████████▊| 63/64 [05:33<?, ?trial/s, best loss=?]
                                                       
Deleting files related to the current optimization iteration...

 98%|█████████▊| 63/64 [05:33<?, ?trial/s, best loss=?]
100%|██████████| 64/64 [05:33<00:00, 333.72s/trial, best loss: -0.15]
100%|██████████| 64/64 [05:33<00:00, 333.72s/trial, best loss: -0.15]

 98%|█████████▊| 64/65 [00:00<?, ?trial/s, best loss=?]
                                                       
Params: {'V_th': 10000, 'alpha': 6.497640932736902, 'decode_potentials': True, 'decoding_method': 'max', 'encoding_method': 'frequency', 'lr': 0.9898661145834158, 'max_features': 1.0, 'max_samples': 0.2, 'mu_minus': 0.9600000000000001, 'mu_plus': 0.36000000000000004, 'n_estimators': 1, 'n_fields': None, 'neuron_model': 'iaf_psc_exp', 'ref_seq_interval': 10, 'resolution': 0.1, 'shift_minus': 0.22618619019374833, 'shift_plus': -0.38309810025624275, 'sigma_w': None, 'synapse_model': 'shifted_nn_restr_stdp_synapse', 't_ref': 0.0, 'tau_m': 10000000.0, 'tau_minus': 21.0, 'tau_plus': 181.0, 'tau_s': 0.0, 'time': 300, 'w_init': 0.0}
Score: 0.1050

 98%|█████████▊| 64/65 [05:03<?, ?trial/s, best loss=?]
                                                       
Deleting files related to the current optimization iteration...

 98%|█████████▊| 64/65 [05:03<?, ?trial/s, best loss=?]
100%|██████████| 65/65 [05:03<00:00, 303.49s/trial, best loss: -0.15]
100%|██████████| 65/65 [05:03<00:00, 303.49s/trial, best loss: -0.15]

 98%|█████████▊| 65/66 [00:00<?, ?trial/s, best loss=?]
                                                       
Params: {'V_th': 10000, 'alpha': 0.6125485062977273, 'decode_potentials': True, 'decoding_method': 'max', 'encoding_method': 'frequency', 'lr': 0.9274967675202936, 'max_features': 1.0, 'max_samples': 0.2, 'mu_minus': 0.060000000000000005, 'mu_plus': 0.11, 'n_estimators': 1, 'n_fields': None, 'neuron_model': 'iaf_psc_exp', 'ref_seq_interval': 5, 'resolution': 0.1, 'shift_minus': 0.0016369079830221567, 'shift_plus': -0.3793137589967367, 'sigma_w': None, 'synapse_model': 'shifted_nn_restr_stdp_synapse', 't_ref': 0.0, 'tau_m': 10000000.0, 'tau_minus': 181.0, 'tau_plus': 61.0, 'tau_s': 0.0, 'time': 300, 'w_init': 0.0}
Score: 0.1180

 98%|█████████▊| 65/66 [05:33<?, ?trial/s, best loss=?]
                                                       
Deleting files related to the current optimization iteration...

 98%|█████████▊| 65/66 [05:33<?, ?trial/s, best loss=?]
100%|██████████| 66/66 [05:33<00:00, 333.62s/trial, best loss: -0.15]
100%|██████████| 66/66 [05:33<00:00, 333.62s/trial, best loss: -0.15]

 99%|█████████▊| 66/67 [00:00<?, ?trial/s, best loss=?]
                                                       
Params: {'V_th': 10000, 'alpha': 2.5919182644492214, 'decode_potentials': True, 'decoding_method': 'max', 'encoding_method': 'frequency', 'lr': 0.8843515809475564, 'max_features': 1.0, 'max_samples': 0.2, 'mu_minus': 0.060000000000000005, 'mu_plus': 0.7100000000000001, 'n_estimators': 1, 'n_fields': None, 'neuron_model': 'iaf_psc_exp', 'ref_seq_interval': 5, 'resolution': 0.1, 'shift_minus': 0.04213473060328901, 'shift_plus': -0.22462728742300792, 'sigma_w': None, 'synapse_model': 'shifted_nn_restr_stdp_synapse', 't_ref': 0.0, 'tau_m': 10000000.0, 'tau_minus': 181.0, 'tau_plus': 61.0, 'tau_s': 0.0, 'time': 300, 'w_init': 0.0}
Score: 0.1060

 99%|█████████▊| 66/67 [05:33<?, ?trial/s, best loss=?]
                                                       
Deleting files related to the current optimization iteration...

 99%|█████████▊| 66/67 [05:33<?, ?trial/s, best loss=?]
100%|██████████| 67/67 [05:33<00:00, 333.65s/trial, best loss: -0.15]
100%|██████████| 67/67 [05:33<00:00, 333.65s/trial, best loss: -0.15]

 99%|█████████▊| 67/68 [00:00<?, ?trial/s, best loss=?]
                                                       
Params: {'V_th': 10000, 'alpha': 0.5235444046620072, 'decode_potentials': True, 'decoding_method': 'max', 'encoding_method': 'frequency', 'lr': 0.9333905001269722, 'max_features': 1.0, 'max_samples': 0.2, 'mu_minus': 0.060000000000000005, 'mu_plus': 0.11, 'n_estimators': 1, 'n_fields': None, 'neuron_model': 'iaf_psc_exp', 'ref_seq_interval': 5, 'resolution': 0.1, 'shift_minus': 0.0735997858701586, 'shift_plus': -0.271874209418376, 'sigma_w': None, 'synapse_model': 'shifted_nn_restr_stdp_synapse', 't_ref': 0.0, 'tau_m': 10000000.0, 'tau_minus': 181.0, 'tau_plus': 61.0, 'tau_s': 0.0, 'time': 300, 'w_init': 0.0}
Score: 0.1010

 99%|█████████▊| 67/68 [05:33<?, ?trial/s, best loss=?]
                                                       
Deleting files related to the current optimization iteration...

 99%|█████████▊| 67/68 [05:33<?, ?trial/s, best loss=?]
100%|██████████| 68/68 [05:33<00:00, 333.52s/trial, best loss: -0.15]
100%|██████████| 68/68 [05:33<00:00, 333.52s/trial, best loss: -0.15]

 99%|█████████▊| 68/69 [00:00<?, ?trial/s, best loss=?]
                                                       
Params: {'V_th': 10000, 'alpha': 1.3455897372577486, 'decode_potentials': True, 'decoding_method': 'max', 'encoding_method': 'frequency', 'lr': 0.8386478751031337, 'max_features': 1.0, 'max_samples': 0.2, 'mu_minus': 0.8600000000000001, 'mu_plus': 0.11, 'n_estimators': 1, 'n_fields': None, 'neuron_model': 'iaf_psc_exp', 'ref_seq_interval': 5, 'resolution': 0.1, 'shift_minus': 0.00010439284661159726, 'shift_plus': -0.3267116400824675, 'sigma_w': None, 'synapse_model': 'shifted_nn_restr_stdp_synapse', 't_ref': 0.0, 'tau_m': 10000000.0, 'tau_minus': 181.0, 'tau_plus': 61.0, 'tau_s': 0.0, 'time': 300, 'w_init': 0.0}
Score: 0.1640

 99%|█████████▊| 68/69 [05:33<?, ?trial/s, best loss=?]
                                                       
Deleting files related to the current optimization iteration...

 99%|█████████▊| 68/69 [05:33<?, ?trial/s, best loss=?]
100%|██████████| 69/69 [05:33<00:00, 333.59s/trial, best loss: -0.164]
100%|██████████| 69/69 [05:33<00:00, 333.59s/trial, best loss: -0.164]

 99%|█████████▊| 69/70 [00:00<?, ?trial/s, best loss=?]
                                                       
Params: {'V_th': 10000, 'alpha': 1.4680794937604955, 'decode_potentials': True, 'decoding_method': 'max', 'encoding_method': 'frequency', 'lr': 0.9672820474321466, 'max_features': 1.0, 'max_samples': 0.2, 'mu_minus': 0.8600000000000001, 'mu_plus': 0.91, 'n_estimators': 1, 'n_fields': None, 'neuron_model': 'iaf_psc_exp', 'ref_seq_interval': 5, 'resolution': 0.1, 'shift_minus': 0.014554215069380816, 'shift_plus': -0.1546510621540842, 'sigma_w': None, 'synapse_model': 'shifted_nn_restr_stdp_synapse', 't_ref': 0.0, 'tau_m': 10000000.0, 'tau_minus': 181.0, 'tau_plus': 121.0, 'tau_s': 0.0, 'time': 300, 'w_init': 0.0}
Score: 0.1070

 99%|█████████▊| 69/70 [05:33<?, ?trial/s, best loss=?]
                                                       
Deleting files related to the current optimization iteration...

 99%|█████████▊| 69/70 [05:33<?, ?trial/s, best loss=?]
100%|██████████| 70/70 [05:33<00:00, 333.58s/trial, best loss: -0.164]
100%|██████████| 70/70 [05:33<00:00, 333.58s/trial, best loss: -0.164]

 99%|█████████▊| 70/71 [00:00<?, ?trial/s, best loss=?]
                                                       
Params: {'V_th': 10000, 'alpha': 2.837259668339258, 'decode_potentials': True, 'decoding_method': 'max', 'encoding_method': 'frequency', 'lr': 0.8409752776695519, 'max_features': 1.0, 'max_samples': 0.2, 'mu_minus': 0.26, 'mu_plus': 0.11, 'n_estimators': 1, 'n_fields': None, 'neuron_model': 'iaf_psc_exp', 'ref_seq_interval': 3, 'resolution': 0.1, 'shift_minus': 0.09455331509661577, 'shift_plus': -0.46550921219989283, 'sigma_w': None, 'synapse_model': 'shifted_nn_restr_stdp_synapse', 't_ref': 0.0, 'tau_m': 10000000.0, 'tau_minus': 161.0, 'tau_plus': 241.0, 'tau_s': 0.0, 'time': 300, 'w_init': 0.0}
Score: 0.0980

 99%|█████████▊| 70/71 [05:33<?, ?trial/s, best loss=?]
                                                       
Deleting files related to the current optimization iteration...

 99%|█████████▊| 70/71 [05:33<?, ?trial/s, best loss=?]
100%|██████████| 71/71 [05:33<00:00, 333.39s/trial, best loss: -0.164]
100%|██████████| 71/71 [05:33<00:00, 333.39s/trial, best loss: -0.164]

 99%|█████████▊| 71/72 [00:00<?, ?trial/s, best loss=?]
                                                       
Params: {'V_th': 10000, 'alpha': 0.01070681295976117, 'decode_potentials': True, 'decoding_method': 'max', 'encoding_method': 'frequency', 'lr': 0.7843052940135612, 'max_features': 1.0, 'max_samples': 0.2, 'mu_minus': 0.8600000000000001, 'mu_plus': 0.51, 'n_estimators': 1, 'n_fields': None, 'neuron_model': 'iaf_psc_exp', 'ref_seq_interval': 5, 'resolution': 0.1, 'shift_minus': 0.061179857006991356, 'shift_plus': -0.28991043521256826, 'sigma_w': None, 'synapse_model': 'shifted_nn_restr_stdp_synapse', 't_ref': 0.0, 'tau_m': 10000000.0, 'tau_minus': 61.0, 'tau_plus': 61.0, 'tau_s': 0.0, 'time': 300, 'w_init': 0.0}
Score: 0.1010

 99%|█████████▊| 71/72 [05:33<?, ?trial/s, best loss=?]
                                                       
Deleting files related to the current optimization iteration...

 99%|█████████▊| 71/72 [05:33<?, ?trial/s, best loss=?]
100%|██████████| 72/72 [05:33<00:00, 333.74s/trial, best loss: -0.164]
100%|██████████| 72/72 [05:33<00:00, 333.75s/trial, best loss: -0.164]

 99%|█████████▊| 72/73 [00:00<?, ?trial/s, best loss=?]
                                                       
Params: {'V_th': 10000, 'alpha': 3.3829060268546693, 'decode_potentials': True, 'decoding_method': 'max', 'encoding_method': 'frequency', 'lr': 0.7433889327428627, 'max_features': 1.0, 'max_samples': 0.2, 'mu_minus': 0.8600000000000001, 'mu_plus': 0.21000000000000002, 'n_estimators': 1, 'n_fields': None, 'neuron_model': 'iaf_psc_exp', 'ref_seq_interval': 9, 'resolution': 0.1, 'shift_minus': 0.1522025727070329, 'shift_plus': -0.327057671263822, 'sigma_w': None, 'synapse_model': 'shifted_nn_restr_stdp_synapse', 't_ref': 0.0, 'tau_m': 10000000.0, 'tau_minus': 101.0, 'tau_plus': 41.0, 'tau_s': 0.0, 'time': 300, 'w_init': 0.0}
Score: 0.1010

 99%|█████████▊| 72/73 [05:34<?, ?trial/s, best loss=?]
                                                       
Deleting files related to the current optimization iteration...

 99%|█████████▊| 72/73 [05:34<?, ?trial/s, best loss=?]
100%|██████████| 73/73 [05:34<00:00, 334.38s/trial, best loss: -0.164]
100%|██████████| 73/73 [05:34<00:00, 334.38s/trial, best loss: -0.164]

 99%|█████████▊| 73/74 [00:00<?, ?trial/s, best loss=?]
                                                       
Params: {'V_th': 10000, 'alpha': 2.0575041297146663, 'decode_potentials': True, 'decoding_method': 'max', 'encoding_method': 'frequency', 'lr': 0.821070228204228, 'max_features': 1.0, 'max_samples': 0.2, 'mu_minus': 0.51, 'mu_plus': 0.41000000000000003, 'n_estimators': 1, 'n_fields': None, 'neuron_model': 'iaf_psc_exp', 'ref_seq_interval': 7, 'resolution': 0.1, 'shift_minus': 0.03646896572290506, 'shift_plus': -0.40778738427277494, 'sigma_w': None, 'synapse_model': 'shifted_nn_restr_stdp_synapse', 't_ref': 0.0, 'tau_m': 10000000.0, 'tau_minus': 1.0, 'tau_plus': 61.0, 'tau_s': 0.0, 'time': 300, 'w_init': 0.0}
Score: 0.0930

 99%|█████████▊| 73/74 [05:33<?, ?trial/s, best loss=?]
                                                       
Deleting files related to the current optimization iteration...

 99%|█████████▊| 73/74 [05:33<?, ?trial/s, best loss=?]
100%|██████████| 74/74 [05:33<00:00, 333.58s/trial, best loss: -0.164]
100%|██████████| 74/74 [05:33<00:00, 333.58s/trial, best loss: -0.164]

 99%|█████████▊| 74/75 [00:00<?, ?trial/s, best loss=?]
                                                       
Params: {'V_th': 10000, 'alpha': 9.87160837749196, 'decode_potentials': True, 'decoding_method': 'max', 'encoding_method': 'frequency', 'lr': 0.6234302396007712, 'max_features': 1.0, 'max_samples': 0.2, 'mu_minus': 0.01, 'mu_plus': 0.16000000000000003, 'n_estimators': 1, 'n_fields': None, 'neuron_model': 'iaf_psc_exp', 'ref_seq_interval': 5, 'resolution': 0.1, 'shift_minus': 0.014177749401676305, 'shift_plus': -0.49581568266533294, 'sigma_w': None, 'synapse_model': 'shifted_nn_restr_stdp_synapse', 't_ref': 0.0, 'tau_m': 10000000.0, 'tau_minus': 141.0, 'tau_plus': 1.0, 'tau_s': 0.0, 'time': 300, 'w_init': 0.0}
Score: 0.0870

 99%|█████████▊| 74/75 [05:33<?, ?trial/s, best loss=?]
                                                       
Deleting files related to the current optimization iteration...

 99%|█████████▊| 74/75 [05:33<?, ?trial/s, best loss=?]
100%|██████████| 75/75 [05:33<00:00, 333.44s/trial, best loss: -0.164]
100%|██████████| 75/75 [05:33<00:00, 333.44s/trial, best loss: -0.164]

 99%|█████████▊| 75/76 [00:00<?, ?trial/s, best loss=?]
                                                       
Params: {'V_th': 10000, 'alpha': 3.9550452142788313, 'decode_potentials': True, 'decoding_method': 'max', 'encoding_method': 'frequency', 'lr': 0.8654340097381532, 'max_features': 1.0, 'max_samples': 0.2, 'mu_minus': 0.41000000000000003, 'mu_plus': 0.76, 'n_estimators': 1, 'n_fields': None, 'neuron_model': 'iaf_psc_exp', 'ref_seq_interval': 9, 'resolution': 0.1, 'shift_minus': 0.12305385833119555, 'shift_plus': -0.6177971479638056, 'sigma_w': None, 'synapse_model': 'shifted_nn_restr_stdp_synapse', 't_ref': 0.0, 'tau_m': 10000000.0, 'tau_minus': 181.0, 'tau_plus': 81.0, 'tau_s': 0.0, 'time': 300, 'w_init': 0.0}
Score: 0.1030

 99%|█████████▊| 75/76 [05:33<?, ?trial/s, best loss=?]
                                                       
Deleting files related to the current optimization iteration...

 99%|█████████▊| 75/76 [05:33<?, ?trial/s, best loss=?]
100%|██████████| 76/76 [05:33<00:00, 333.51s/trial, best loss: -0.164]
100%|██████████| 76/76 [05:33<00:00, 333.51s/trial, best loss: -0.164]

 99%|█████████▊| 76/77 [00:00<?, ?trial/s, best loss=?]
                                                       
Params: {'V_th': 10000, 'alpha': 2.466699396268753, 'decode_potentials': True, 'decoding_method': 'max', 'encoding_method': 'frequency', 'lr': 0.7096532088307088, 'max_features': 1.0, 'max_samples': 0.2, 'mu_minus': 0.46, 'mu_plus': 0.8600000000000001, 'n_estimators': 1, 'n_fields': None, 'neuron_model': 'iaf_psc_exp', 'ref_seq_interval': 4, 'resolution': 0.1, 'shift_minus': 0.19674480727606522, 'shift_plus': -0.22982390173645786, 'sigma_w': None, 'synapse_model': 'shifted_nn_restr_stdp_synapse', 't_ref': 0.0, 'tau_m': 10000000.0, 'tau_minus': 221.0, 'tau_plus': 281.0, 'tau_s': 0.0, 'time': 300, 'w_init': 0.0}
Score: 0.0970

 99%|█████████▊| 76/77 [05:33<?, ?trial/s, best loss=?]
                                                       
Deleting files related to the current optimization iteration...

 99%|█████████▊| 76/77 [05:33<?, ?trial/s, best loss=?]
100%|██████████| 77/77 [05:33<00:00, 333.61s/trial, best loss: -0.164]
100%|██████████| 77/77 [05:33<00:00, 333.61s/trial, best loss: -0.164]

 99%|█████████▊| 77/78 [00:00<?, ?trial/s, best loss=?]
                                                       
Params: {'V_th': 10000, 'alpha': 4.814060248527071, 'decode_potentials': True, 'decoding_method': 'max', 'encoding_method': 'frequency', 'lr': 0.5815312776624241, 'max_features': 1.0, 'max_samples': 0.2, 'mu_minus': 0.66, 'mu_plus': 0.66, 'n_estimators': 1, 'n_fields': None, 'neuron_model': 'iaf_psc_exp', 'ref_seq_interval': 5, 'resolution': 0.1, 'shift_minus': 0.05338151211739748, 'shift_plus': -0.0019713142610144896, 'sigma_w': None, 'synapse_model': 'shifted_nn_restr_stdp_synapse', 't_ref': 0.0, 'tau_m': 10000000.0, 'tau_minus': 121.0, 'tau_plus': 201.0, 'tau_s': 0.0, 'time': 300, 'w_init': 0.0}
Score: 0.1230

 99%|█████████▊| 77/78 [05:33<?, ?trial/s, best loss=?]
                                                       
Deleting files related to the current optimization iteration...

 99%|█████████▊| 77/78 [05:33<?, ?trial/s, best loss=?]
100%|██████████| 78/78 [05:33<00:00, 333.66s/trial, best loss: -0.164]
100%|██████████| 78/78 [05:33<00:00, 333.66s/trial, best loss: -0.164]

 99%|█████████▊| 78/79 [00:00<?, ?trial/s, best loss=?]
                                                       
Params: {'V_th': 10000, 'alpha': 5.574688471326662, 'decode_potentials': True, 'decoding_method': 'max', 'encoding_method': 'frequency', 'lr': 0.5127715741201567, 'max_features': 1.0, 'max_samples': 0.2, 'mu_minus': 0.11, 'mu_plus': 0.6100000000000001, 'n_estimators': 1, 'n_fields': None, 'neuron_model': 'iaf_psc_exp', 'ref_seq_interval': 6, 'resolution': 0.1, 'shift_minus': 0.07492333163644464, 'shift_plus': -0.32841533737540485, 'sigma_w': None, 'synapse_model': 'shifted_nn_restr_stdp_synapse', 't_ref': 0.0, 'tau_m': 10000000.0, 'tau_minus': 281.0, 'tau_plus': 161.0, 'tau_s': 0.0, 'time': 300, 'w_init': 0.0}
Score: 0.1030

 99%|█████████▊| 78/79 [05:33<?, ?trial/s, best loss=?]
                                                       
Deleting files related to the current optimization iteration...

 99%|█████████▊| 78/79 [05:33<?, ?trial/s, best loss=?]
100%|██████████| 79/79 [05:33<00:00, 333.48s/trial, best loss: -0.164]
100%|██████████| 79/79 [05:33<00:00, 333.48s/trial, best loss: -0.164]

 99%|█████████▉| 79/80 [00:00<?, ?trial/s, best loss=?]
                                                       
Params: {'V_th': 10000, 'alpha': 70.03718853753948, 'decode_potentials': True, 'decoding_method': 'max', 'encoding_method': 'frequency', 'lr': 0.4157372503915379, 'max_features': 1.0, 'max_samples': 0.2, 'mu_minus': 0.56, 'mu_plus': 0.36000000000000004, 'n_estimators': 1, 'n_fields': None, 'neuron_model': 'iaf_psc_exp', 'ref_seq_interval': 2, 'resolution': 0.1, 'shift_minus': 0.18223142838331213, 'shift_plus': -0.6784857785764203, 'sigma_w': None, 'synapse_model': 'shifted_nn_restr_stdp_synapse', 't_ref': 0.0, 'tau_m': 10000000.0, 'tau_minus': 201.0, 'tau_plus': 61.0, 'tau_s': 0.0, 'time': 300, 'w_init': 0.0}
Score: 0.0970

 99%|█████████▉| 79/80 [06:03<?, ?trial/s, best loss=?]
                                                       
Deleting files related to the current optimization iteration...

 99%|█████████▉| 79/80 [06:03<?, ?trial/s, best loss=?]
100%|██████████| 80/80 [06:03<00:00, 363.62s/trial, best loss: -0.164]
100%|██████████| 80/80 [06:03<00:00, 363.62s/trial, best loss: -0.164]

 99%|█████████▉| 80/81 [00:00<?, ?trial/s, best loss=?]
                                                       
Params: {'V_th': 10000, 'alpha': 1.5697492463843332, 'decode_potentials': True, 'decoding_method': 'max', 'encoding_method': 'frequency', 'lr': 0.9003131505119398, 'max_features': 1.0, 'max_samples': 0.2, 'mu_minus': 0.6100000000000001, 'mu_plus': 0.46, 'n_estimators': 1, 'n_fields': None, 'neuron_model': 'iaf_psc_exp', 'ref_seq_interval': 10, 'resolution': 0.1, 'shift_minus': 0.14678645494471929, 'shift_plus': -0.4226265487020084, 'sigma_w': None, 'synapse_model': 'shifted_nn_restr_stdp_synapse', 't_ref': 0.0, 'tau_m': 10000000.0, 'tau_minus': 241.0, 'tau_plus': 141.0, 'tau_s': 0.0, 'time': 300, 'w_init': 0.0}
Score: 0.1040

 99%|█████████▉| 80/81 [05:33<?, ?trial/s, best loss=?]
                                                       
Deleting files related to the current optimization iteration...

 99%|█████████▉| 80/81 [05:33<?, ?trial/s, best loss=?]
100%|██████████| 81/81 [05:33<00:00, 333.43s/trial, best loss: -0.164]
100%|██████████| 81/81 [05:33<00:00, 333.43s/trial, best loss: -0.164]

 99%|█████████▉| 81/82 [00:00<?, ?trial/s, best loss=?]
                                                       
Params: {'V_th': 10000, 'alpha': 1.0160369790730188, 'decode_potentials': True, 'decoding_method': 'max', 'encoding_method': 'frequency', 'lr': 0.6680819899789234, 'max_features': 1.0, 'max_samples': 0.2, 'mu_minus': 0.8600000000000001, 'mu_plus': 0.9600000000000001, 'n_estimators': 1, 'n_fields': None, 'neuron_model': 'iaf_psc_exp', 'ref_seq_interval': 3, 'resolution': 0.1, 'shift_minus': 0.09948474716797415, 'shift_plus': -0.5652007808229458, 'sigma_w': None, 'synapse_model': 'shifted_nn_restr_stdp_synapse', 't_ref': 0.0, 'tau_m': 10000000.0, 'tau_minus': 61.0, 'tau_plus': 21.0, 'tau_s': 0.0, 'time': 300, 'w_init': 0.0}
Score: 0.1160

 99%|█████████▉| 81/82 [05:33<?, ?trial/s, best loss=?]
                                                       
Deleting files related to the current optimization iteration...

 99%|█████████▉| 81/82 [05:33<?, ?trial/s, best loss=?]
100%|██████████| 82/82 [05:33<00:00, 333.29s/trial, best loss: -0.164]
100%|██████████| 82/82 [05:33<00:00, 333.29s/trial, best loss: -0.164]

 99%|█████████▉| 82/83 [00:00<?, ?trial/s, best loss=?]
                                                       
Params: {'V_th': 10000, 'alpha': 4.359317323812203, 'decode_potentials': True, 'decoding_method': 'max', 'encoding_method': 'frequency', 'lr': 0.5544907864960057, 'max_features': 1.0, 'max_samples': 0.2, 'mu_minus': 0.81, 'mu_plus': 0.26, 'n_estimators': 1, 'n_fields': None, 'neuron_model': 'iaf_psc_exp', 'ref_seq_interval': 8, 'resolution': 0.1, 'shift_minus': 0.2122624931543883, 'shift_plus': -0.5915160545026026, 'sigma_w': None, 'synapse_model': 'shifted_nn_restr_stdp_synapse', 't_ref': 0.0, 'tau_m': 10000000.0, 'tau_minus': 261.0, 'tau_plus': 221.0, 'tau_s': 0.0, 'time': 300, 'w_init': 0.0}
Score: 0.1110

 99%|█████████▉| 82/83 [05:33<?, ?trial/s, best loss=?]
                                                       
Deleting files related to the current optimization iteration...

 99%|█████████▉| 82/83 [05:33<?, ?trial/s, best loss=?]
100%|██████████| 83/83 [05:33<00:00, 333.40s/trial, best loss: -0.164]
100%|██████████| 83/83 [05:33<00:00, 333.40s/trial, best loss: -0.164]

 99%|█████████▉| 83/84 [00:00<?, ?trial/s, best loss=?]
                                                       
Params: {'V_th': 10000, 'alpha': 18.058328955330165, 'decode_potentials': True, 'decoding_method': 'max', 'encoding_method': 'frequency', 'lr': 0.9610030119377931, 'max_features': 1.0, 'max_samples': 0.2, 'mu_minus': 0.31000000000000005, 'mu_plus': 0.11, 'n_estimators': 1, 'n_fields': None, 'neuron_model': 'iaf_psc_exp', 'ref_seq_interval': 7, 'resolution': 0.1, 'shift_minus': 0.02073265839978876, 'shift_plus': -0.5238385895044391, 'sigma_w': None, 'synapse_model': 'shifted_nn_restr_stdp_synapse', 't_ref': 0.0, 'tau_m': 10000000.0, 'tau_minus': 181.0, 'tau_plus': 241.0, 'tau_s': 0.0, 'time': 300, 'w_init': 0.0}
Score: 0.1040

 99%|█████████▉| 83/84 [05:33<?, ?trial/s, best loss=?]
                                                       
Deleting files related to the current optimization iteration...

 99%|█████████▉| 83/84 [05:33<?, ?trial/s, best loss=?]
100%|██████████| 84/84 [05:33<00:00, 333.45s/trial, best loss: -0.164]
100%|██████████| 84/84 [05:33<00:00, 333.45s/trial, best loss: -0.164]

 99%|█████████▉| 84/85 [00:00<?, ?trial/s, best loss=?]
                                                       
Params: {'V_th': 10000, 'alpha': 6.150796716167342, 'decode_potentials': True, 'decoding_method': 'max', 'encoding_method': 'frequency', 'lr': 0.7645856438967051, 'max_features': 1.0, 'max_samples': 0.2, 'mu_minus': 0.7100000000000001, 'mu_plus': 0.81, 'n_estimators': 1, 'n_fields': None, 'neuron_model': 'iaf_psc_exp', 'ref_seq_interval': 9, 'resolution': 0.1, 'shift_minus': 0.39720873086075853, 'shift_plus': -0.14908849436836175, 'sigma_w': None, 'synapse_model': 'shifted_nn_restr_stdp_synapse', 't_ref': 0.0, 'tau_m': 10000000.0, 'tau_minus': 41.0, 'tau_plus': 61.0, 'tau_s': 0.0, 'time': 300, 'w_init': 0.0}
Score: 0.1040

 99%|█████████▉| 84/85 [05:33<?, ?trial/s, best loss=?]
                                                       
Deleting files related to the current optimization iteration...

 99%|█████████▉| 84/85 [05:33<?, ?trial/s, best loss=?]
100%|██████████| 85/85 [05:33<00:00, 333.75s/trial, best loss: -0.164]
100%|██████████| 85/85 [05:33<00:00, 333.75s/trial, best loss: -0.164]

 99%|█████████▉| 85/86 [00:00<?, ?trial/s, best loss=?]
                                                       
Params: {'V_th': 10000, 'alpha': 3.0490268961619913, 'decode_potentials': True, 'decoding_method': 'max', 'encoding_method': 'frequency', 'lr': 0.48864530921222893, 'max_features': 1.0, 'max_samples': 0.2, 'mu_minus': 0.76, 'mu_plus': 0.31000000000000005, 'n_estimators': 1, 'n_fields': None, 'neuron_model': 'iaf_psc_exp', 'ref_seq_interval': 5, 'resolution': 0.1, 'shift_minus': 0.44644844959363483, 'shift_plus': -0.20266737258846412, 'sigma_w': None, 'synapse_model': 'shifted_nn_restr_stdp_synapse', 't_ref': 0.0, 'tau_m': 10000000.0, 'tau_minus': 21.0, 'tau_plus': 181.0, 'tau_s': 0.0, 'time': 300, 'w_init': 0.0}
Score: 0.0960

 99%|█████████▉| 85/86 [05:33<?, ?trial/s, best loss=?]
                                                       
Deleting files related to the current optimization iteration...

 99%|█████████▉| 85/86 [05:33<?, ?trial/s, best loss=?]
100%|██████████| 86/86 [05:33<00:00, 333.35s/trial, best loss: -0.164]
100%|██████████| 86/86 [05:33<00:00, 333.35s/trial, best loss: -0.164]

 99%|█████████▉| 86/87 [00:00<?, ?trial/s, best loss=?]
                                                       
Params: {'V_th': 10000, 'alpha': 8.956456881171652, 'decode_potentials': True, 'decoding_method': 'max', 'encoding_method': 'frequency', 'lr': 0.8117755346365584, 'max_features': 1.0, 'max_samples': 0.2, 'mu_minus': 0.16000000000000003, 'mu_plus': 0.6100000000000001, 'n_estimators': 1, 'n_fields': None, 'neuron_model': 'iaf_psc_exp', 'ref_seq_interval': 9, 'resolution': 0.1, 'shift_minus': 0.038676282177712795, 'shift_plus': -0.2512994104137218, 'sigma_w': None, 'synapse_model': 'shifted_nn_restr_stdp_synapse', 't_ref': 0.0, 'tau_m': 10000000.0, 'tau_minus': 61.0, 'tau_plus': 101.0, 'tau_s': 0.0, 'time': 300, 'w_init': 0.0}
Score: 0.1030

 99%|█████████▉| 86/87 [05:33<?, ?trial/s, best loss=?]
                                                       
Deleting files related to the current optimization iteration...

 99%|█████████▉| 86/87 [05:33<?, ?trial/s, best loss=?]
100%|██████████| 87/87 [05:33<00:00, 333.48s/trial, best loss: -0.164]
100%|██████████| 87/87 [05:33<00:00, 333.48s/trial, best loss: -0.164]

 99%|█████████▉| 87/88 [00:00<?, ?trial/s, best loss=?]
                                                       
Params: {'V_th': 10000, 'alpha': 1.9694320762315711, 'decode_potentials': True, 'decoding_method': 'max', 'encoding_method': 'frequency', 'lr': 0.8496516202685861, 'max_features': 1.0, 'max_samples': 0.2, 'mu_minus': 0.21000000000000002, 'mu_plus': 0.060000000000000005, 'n_estimators': 1, 'n_fields': None, 'neuron_model': 'iaf_psc_exp', 'ref_seq_interval': 5, 'resolution': 0.1, 'shift_minus': 0.0010399604829497225, 'shift_plus': -0.7016342606947115, 'sigma_w': None, 'synapse_model': 'shifted_nn_restr_stdp_synapse', 't_ref': 0.0, 'tau_m': 10000000.0, 'tau_minus': 161.0, 'tau_plus': 61.0, 'tau_s': 0.0, 'time': 300, 'w_init': 0.0}
Score: 0.0980

 99%|█████████▉| 87/88 [05:33<?, ?trial/s, best loss=?]
                                                       
Deleting files related to the current optimization iteration...

 99%|█████████▉| 87/88 [05:33<?, ?trial/s, best loss=?]
100%|██████████| 88/88 [05:33<00:00, 333.52s/trial, best loss: -0.164]
100%|██████████| 88/88 [05:33<00:00, 333.52s/trial, best loss: -0.164]

 99%|█████████▉| 88/89 [00:00<?, ?trial/s, best loss=?]
                                                       
Params: {'V_th': 10000, 'alpha': 2838.733543428905, 'decode_potentials': True, 'decoding_method': 'max', 'encoding_method': 'frequency', 'lr': 0.6317390489758395, 'max_features': 1.0, 'max_samples': 0.2, 'mu_minus': 0.36000000000000004, 'mu_plus': 0.91, 'n_estimators': 1, 'n_fields': None, 'neuron_model': 'iaf_psc_exp', 'ref_seq_interval': 6, 'resolution': 0.1, 'shift_minus': 0.05681914308421142, 'shift_plus': -0.0380848316678177, 'sigma_w': None, 'synapse_model': 'shifted_nn_restr_stdp_synapse', 't_ref': 0.0, 'tau_m': 10000000.0, 'tau_minus': 181.0, 'tau_plus': 121.0, 'tau_s': 0.0, 'time': 300, 'w_init': 0.0}
Score: 0.0990

 99%|█████████▉| 88/89 [05:33<?, ?trial/s, best loss=?]
                                                       
Deleting files related to the current optimization iteration...

 99%|█████████▉| 88/89 [05:33<?, ?trial/s, best loss=?]
100%|██████████| 89/89 [05:33<00:00, 333.73s/trial, best loss: -0.164]
100%|██████████| 89/89 [05:33<00:00, 333.73s/trial, best loss: -0.164]

 99%|█████████▉| 89/90 [00:00<?, ?trial/s, best loss=?]
                                                       
Params: {'V_th': 10000, 'alpha': 7.0191129377882095, 'decode_potentials': True, 'decoding_method': 'max', 'encoding_method': 'frequency', 'lr': 0.7821421337012697, 'max_features': 1.0, 'max_samples': 0.2, 'mu_minus': 0.81, 'mu_plus': 0.56, 'n_estimators': 1, 'n_fields': None, 'neuron_model': 'iaf_psc_exp', 'ref_seq_interval': 4, 'resolution': 0.1, 'shift_minus': 0.07737598303968143, 'shift_plus': -0.36118623401643074, 'sigma_w': None, 'synapse_model': 'shifted_nn_restr_stdp_synapse', 't_ref': 0.0, 'tau_m': 10000000.0, 'tau_minus': 101.0, 'tau_plus': 261.0, 'tau_s': 0.0, 'time': 300, 'w_init': 0.0}
Score: 0.1000

 99%|█████████▉| 89/90 [05:33<?, ?trial/s, best loss=?]
                                                       
Deleting files related to the current optimization iteration...

 99%|█████████▉| 89/90 [05:33<?, ?trial/s, best loss=?]
100%|██████████| 90/90 [05:33<00:00, 333.55s/trial, best loss: -0.164]
100%|██████████| 90/90 [05:33<00:00, 333.55s/trial, best loss: -0.164]

 99%|█████████▉| 90/91 [00:00<?, ?trial/s, best loss=?]
                                                       
Params: {'V_th': 10000, 'alpha': 3.607492778270909, 'decode_potentials': True, 'decoding_method': 'max', 'encoding_method': 'frequency', 'lr': 0.7011531191903297, 'max_features': 1.0, 'max_samples': 0.2, 'mu_minus': 0.91, 'mu_plus': 0.36000000000000004, 'n_estimators': 1, 'n_fields': None, 'neuron_model': 'iaf_psc_exp', 'ref_seq_interval': 2, 'resolution': 0.1, 'shift_minus': 0.2571171095654923, 'shift_plus': -0.545643578921426, 'sigma_w': None, 'synapse_model': 'shifted_nn_restr_stdp_synapse', 't_ref': 0.0, 'tau_m': 10000000.0, 'tau_minus': 221.0, 'tau_plus': 41.0, 'tau_s': 0.0, 'time': 300, 'w_init': 0.0}
Score: 0.1020

 99%|█████████▉| 90/91 [06:03<?, ?trial/s, best loss=?]
                                                       
Deleting files related to the current optimization iteration...

 99%|█████████▉| 90/91 [06:03<?, ?trial/s, best loss=?]
100%|██████████| 91/91 [06:03<00:00, 363.73s/trial, best loss: -0.164]
100%|██████████| 91/91 [06:03<00:00, 363.73s/trial, best loss: -0.164]

 99%|█████████▉| 91/92 [00:00<?, ?trial/s, best loss=?]
                                                       
Params: {'V_th': 10000, 'alpha': 0.28240675620608435, 'decode_potentials': True, 'decoding_method': 'max', 'encoding_method': 'frequency', 'lr': 0.7338153393662423, 'max_features': 1.0, 'max_samples': 0.2, 'mu_minus': 0.9600000000000001, 'mu_plus': 0.01, 'n_estimators': 1, 'n_fields': None, 'neuron_model': 'iaf_psc_exp', 'ref_seq_interval': 10, 'resolution': 0.1, 'shift_minus': 0.16777700708242854, 'shift_plus': -0.10335977761250675, 'sigma_w': None, 'synapse_model': 'shifted_nn_restr_stdp_synapse', 't_ref': 0.0, 'tau_m': 10000000.0, 'tau_minus': 1.0, 'tau_plus': 61.0, 'tau_s': 0.0, 'time': 300, 'w_init': 0.0}
Score: 0.0990

 99%|█████████▉| 91/92 [05:33<?, ?trial/s, best loss=?]
                                                       
Deleting files related to the current optimization iteration...

 99%|█████████▉| 91/92 [05:33<?, ?trial/s, best loss=?]
100%|██████████| 92/92 [05:33<00:00, 333.52s/trial, best loss: -0.164]
100%|██████████| 92/92 [05:33<00:00, 333.52s/trial, best loss: -0.164]

 99%|█████████▉| 92/93 [00:00<?, ?trial/s, best loss=?]
                                                       
Params: {'V_th': 10000, 'alpha': 162.1818868272533, 'decode_potentials': True, 'decoding_method': 'max', 'encoding_method': 'frequency', 'lr': 0.6729182926685824, 'max_features': 1.0, 'max_samples': 0.2, 'mu_minus': 0.8600000000000001, 'mu_plus': 0.7100000000000001, 'n_estimators': 1, 'n_fields': None, 'neuron_model': 'iaf_psc_exp', 'ref_seq_interval': 3, 'resolution': 0.1, 'shift_minus': 0.10526654756280854, 'shift_plus': -0.8453219178786855, 'sigma_w': None, 'synapse_model': 'shifted_nn_restr_stdp_synapse', 't_ref': 0.0, 'tau_m': 10000000.0, 'tau_minus': 81.0, 'tau_plus': 1.0, 'tau_s': 0.0, 'time': 300, 'w_init': 0.0}
Score: 0.0940

 99%|█████████▉| 92/93 [05:33<?, ?trial/s, best loss=?]
                                                       
Deleting files related to the current optimization iteration...

 99%|█████████▉| 92/93 [05:33<?, ?trial/s, best loss=?]
100%|██████████| 93/93 [05:33<00:00, 333.29s/trial, best loss: -0.164]
100%|██████████| 93/93 [05:33<00:00, 333.29s/trial, best loss: -0.164]

 99%|█████████▉| 93/94 [00:00<?, ?trial/s, best loss=?]
                                                       
Params: {'V_th': 10000, 'alpha': 5.1704802060017645, 'decode_potentials': True, 'decoding_method': 'max', 'encoding_method': 'frequency', 'lr': 0.7493043328176987, 'max_features': 1.0, 'max_samples': 0.2, 'mu_minus': 0.26, 'mu_plus': 0.41000000000000003, 'n_estimators': 1, 'n_fields': None, 'neuron_model': 'iaf_psc_exp', 'ref_seq_interval': 9, 'resolution': 0.1, 'shift_minus': 0.11924759299678678, 'shift_plus': -0.1976533327044638, 'sigma_w': None, 'synapse_model': 'shifted_nn_restr_stdp_synapse', 't_ref': 0.0, 'tau_m': 10000000.0, 'tau_minus': 141.0, 'tau_plus': 81.0, 'tau_s': 0.0, 'time': 300, 'w_init': 0.0}
Score: 0.1060

 99%|█████████▉| 93/94 [05:33<?, ?trial/s, best loss=?]
                                                       
Deleting files related to the current optimization iteration...

 99%|█████████▉| 93/94 [05:33<?, ?trial/s, best loss=?]
100%|██████████| 94/94 [05:33<00:00, 333.36s/trial, best loss: -0.164]
100%|██████████| 94/94 [05:33<00:00, 333.36s/trial, best loss: -0.164]

 99%|█████████▉| 94/95 [00:00<?, ?trial/s, best loss=?]
                                                       
Params: {'V_th': 10000, 'alpha': 4.66697437935688, 'decode_potentials': True, 'decoding_method': 'max', 'encoding_method': 'frequency', 'lr': 0.8972262537430398, 'max_features': 1.0, 'max_samples': 0.2, 'mu_minus': 0.01, 'mu_plus': 0.6100000000000001, 'n_estimators': 1, 'n_fields': None, 'neuron_model': 'iaf_psc_exp', 'ref_seq_interval': 8, 'resolution': 0.1, 'shift_minus': 0.3251229242848216, 'shift_plus': -0.4599490655290207, 'sigma_w': None, 'synapse_model': 'shifted_nn_restr_stdp_synapse', 't_ref': 0.0, 'tau_m': 10000000.0, 'tau_minus': 201.0, 'tau_plus': 161.0, 'tau_s': 0.0, 'time': 300, 'w_init': 0.0}
Score: 0.1040

 99%|█████████▉| 94/95 [05:33<?, ?trial/s, best loss=?]
                                                       
Deleting files related to the current optimization iteration...

 99%|█████████▉| 94/95 [05:33<?, ?trial/s, best loss=?]
100%|██████████| 95/95 [05:33<00:00, 333.63s/trial, best loss: -0.164]
100%|██████████| 95/95 [05:33<00:00, 333.63s/trial, best loss: -0.164]

 99%|█████████▉| 95/96 [00:00<?, ?trial/s, best loss=?]
                                                       
Params: {'V_th': 10000, 'alpha': 4.045740494361765, 'decode_potentials': True, 'decoding_method': 'max', 'encoding_method': 'frequency', 'lr': 0.6029889240870134, 'max_features': 1.0, 'max_samples': 0.2, 'mu_minus': 0.56, 'mu_plus': 0.11, 'n_estimators': 1, 'n_fields': None, 'neuron_model': 'iaf_psc_exp', 'ref_seq_interval': 5, 'resolution': 0.1, 'shift_minus': 0.47889358629478257, 'shift_plus': -0.7634190050844012, 'sigma_w': None, 'synapse_model': 'shifted_nn_restr_stdp_synapse', 't_ref': 0.0, 'tau_m': 10000000.0, 'tau_minus': 281.0, 'tau_plus': 201.0, 'tau_s': 0.0, 'time': 300, 'w_init': 0.0}
Score: 0.1010

 99%|█████████▉| 95/96 [05:33<?, ?trial/s, best loss=?]
                                                       
Deleting files related to the current optimization iteration...

 99%|█████████▉| 95/96 [05:33<?, ?trial/s, best loss=?]
100%|██████████| 96/96 [05:33<00:00, 333.55s/trial, best loss: -0.164]
100%|██████████| 96/96 [05:33<00:00, 333.55s/trial, best loss: -0.164]

 99%|█████████▉| 96/97 [00:00<?, ?trial/s, best loss=?]
                                                       
Params: {'V_th': 10000, 'alpha': 1.2713991103591686, 'decode_potentials': True, 'decoding_method': 'max', 'encoding_method': 'frequency', 'lr': 0.6470059547702285, 'max_features': 1.0, 'max_samples': 0.2, 'mu_minus': 0.51, 'mu_plus': 0.21000000000000002, 'n_estimators': 1, 'n_fields': None, 'neuron_model': 'iaf_psc_exp', 'ref_seq_interval': 7, 'resolution': 0.1, 'shift_minus': 0.01096309833301234, 'shift_plus': -0.3015061909768215, 'sigma_w': None, 'synapse_model': 'shifted_nn_restr_stdp_synapse', 't_ref': 0.0, 'tau_m': 10000000.0, 'tau_minus': 181.0, 'tau_plus': 281.0, 'tau_s': 0.0, 'time': 300, 'w_init': 0.0}
Score: 0.0940

 99%|█████████▉| 96/97 [05:33<?, ?trial/s, best loss=?]
                                                       
Deleting files related to the current optimization iteration...

 99%|█████████▉| 96/97 [05:33<?, ?trial/s, best loss=?]
100%|██████████| 97/97 [05:33<00:00, 333.56s/trial, best loss: -0.164]
100%|██████████| 97/97 [05:33<00:00, 333.56s/trial, best loss: -0.164]

 99%|█████████▉| 97/98 [00:00<?, ?trial/s, best loss=?]
                                                       
Params: {'V_th': 10000, 'alpha': 44.030970700335345, 'decode_potentials': True, 'decoding_method': 'max', 'encoding_method': 'frequency', 'lr': 0.8660475807307545, 'max_features': 1.0, 'max_samples': 0.2, 'mu_minus': 0.46, 'mu_plus': 0.36000000000000004, 'n_estimators': 1, 'n_fields': None, 'neuron_model': 'iaf_psc_exp', 'ref_seq_interval': 5, 'resolution': 0.1, 'shift_minus': 0.1366296485985797, 'shift_plus': -0.6395321124964441, 'sigma_w': None, 'synapse_model': 'shifted_nn_restr_stdp_synapse', 't_ref': 0.0, 'tau_m': 10000000.0, 'tau_minus': 121.0, 'tau_plus': 21.0, 'tau_s': 0.0, 'time': 300, 'w_init': 0.0}
Score: 0.1030

 99%|█████████▉| 97/98 [05:33<?, ?trial/s, best loss=?]
                                                       
Deleting files related to the current optimization iteration...

 99%|█████████▉| 97/98 [05:33<?, ?trial/s, best loss=?]
100%|██████████| 98/98 [05:33<00:00, 333.43s/trial, best loss: -0.164]
100%|██████████| 98/98 [05:33<00:00, 333.43s/trial, best loss: -0.164]

 99%|█████████▉| 98/99 [00:00<?, ?trial/s, best loss=?]
                                                       
Params: {'V_th': 10000, 'alpha': 2.23575074204582, 'decode_potentials': True, 'decoding_method': 'max', 'encoding_method': 'frequency', 'lr': 0.7269782939473681, 'max_features': 1.0, 'max_samples': 0.2, 'mu_minus': 0.81, 'mu_plus': 0.51, 'n_estimators': 1, 'n_fields': None, 'neuron_model': 'iaf_psc_exp', 'ref_seq_interval': 9, 'resolution': 0.1, 'shift_minus': 0.02444151449038836, 'shift_plus': -0.9231517778289244, 'sigma_w': None, 'synapse_model': 'shifted_nn_restr_stdp_synapse', 't_ref': 0.0, 'tau_m': 10000000.0, 'tau_minus': 61.0, 'tau_plus': 61.0, 'tau_s': 0.0, 'time': 300, 'w_init': 0.0}
Score: 0.1010

 99%|█████████▉| 98/99 [05:33<?, ?trial/s, best loss=?]
                                                       
Deleting files related to the current optimization iteration...

 99%|█████████▉| 98/99 [05:33<?, ?trial/s, best loss=?]
100%|██████████| 99/99 [05:33<00:00, 333.57s/trial, best loss: -0.164]
100%|██████████| 99/99 [05:33<00:00, 333.57s/trial, best loss: -0.164]

 99%|█████████▉| 99/100 [00:00<?, ?trial/s, best loss=?]
                                                        
Params: {'V_th': 10000, 'alpha': 2.9543793452153473, 'decode_potentials': True, 'decoding_method': 'max', 'encoding_method': 'frequency', 'lr': 0.9867935647428412, 'max_features': 1.0, 'max_samples': 0.2, 'mu_minus': 0.41000000000000003, 'mu_plus': 0.16000000000000003, 'n_estimators': 1, 'n_fields': None, 'neuron_model': 'iaf_psc_exp', 'ref_seq_interval': 6, 'resolution': 0.1, 'shift_minus': 8.242456283554108e-05, 'shift_plus': -0.5022915620405337, 'sigma_w': None, 'synapse_model': 'shifted_nn_restr_stdp_synapse', 't_ref': 0.0, 'tau_m': 10000000.0, 'tau_minus': 241.0, 'tau_plus': 141.0, 'tau_s': 0.0, 'time': 300, 'w_init': 0.0}
Score: 0.0820

 99%|█████████▉| 99/100 [05:33<?, ?trial/s, best loss=?]
                                                        
Deleting files related to the current optimization iteration...

 99%|█████████▉| 99/100 [05:33<?, ?trial/s, best loss=?]
100%|██████████| 100/100 [05:33<00:00, 333.52s/trial, best loss: -0.164]
100%|██████████| 100/100 [05:33<00:00, 333.52s/trial, best loss: -0.164]

 99%|█████████▉| 100/101 [00:00<?, ?trial/s, best loss=?]
                                                         
Params: {'V_th': 10000, 'alpha': 1.8124880284064073, 'decode_potentials': True, 'decoding_method': 'max', 'encoding_method': 'frequency', 'lr': 0.047067971608757364, 'max_features': 1.0, 'max_samples': 0.2, 'mu_minus': 0.11, 'mu_plus': 0.31000000000000005, 'n_estimators': 1, 'n_fields': None, 'neuron_model': 'iaf_psc_exp', 'ref_seq_interval': 5, 'resolution': 0.1, 'shift_minus': 0.08428224666293684, 'shift_plus': -0.4000866270976477, 'sigma_w': None, 'synapse_model': 'shifted_nn_restr_stdp_synapse', 't_ref': 0.0, 'tau_m': 10000000.0, 'tau_minus': 261.0, 'tau_plus': 101.0, 'tau_s': 0.0, 'time': 300, 'w_init': 0.0}
Score: 0.0930

 99%|█████████▉| 100/101 [05:33<?, ?trial/s, best loss=?]
                                                         
Deleting files related to the current optimization iteration...

 99%|█████████▉| 100/101 [05:33<?, ?trial/s, best loss=?]
100%|██████████| 101/101 [05:33<00:00, 333.60s/trial, best loss: -0.164]
100%|██████████| 101/101 [05:33<00:00, 333.61s/trial, best loss: -0.164]

 99%|█████████▉| 101/102 [00:00<?, ?trial/s, best loss=?]
                                                         
Params: {'V_th': 10000, 'alpha': 2.595646967325328, 'decode_potentials': True, 'decoding_method': 'max', 'encoding_method': 'frequency', 'lr': 0.399667960260183, 'max_features': 1.0, 'max_samples': 0.2, 'mu_minus': 0.6100000000000001, 'mu_plus': 0.76, 'n_estimators': 1, 'n_fields': None, 'neuron_model': 'iaf_psc_exp', 'ref_seq_interval': 4, 'resolution': 0.1, 'shift_minus': 0.17937390764074626, 'shift_plus': -0.344823211942615, 'sigma_w': None, 'synapse_model': 'shifted_nn_restr_stdp_synapse', 't_ref': 0.0, 'tau_m': 10000000.0, 'tau_minus': 41.0, 'tau_plus': 221.0, 'tau_s': 0.0, 'time': 300, 'w_init': 0.0}
Score: 0.1010

 99%|█████████▉| 101/102 [05:33<?, ?trial/s, best loss=?]
                                                         
Deleting files related to the current optimization iteration...

 99%|█████████▉| 101/102 [05:33<?, ?trial/s, best loss=?]
100%|██████████| 102/102 [05:33<00:00, 333.70s/trial, best loss: -0.164]
100%|██████████| 102/102 [05:33<00:00, 333.70s/trial, best loss: -0.164]

 99%|█████████▉| 102/103 [00:00<?, ?trial/s, best loss=?]
                                                         
Params: {'V_th': 10000, 'alpha': 815.9149951215708, 'decode_potentials': True, 'decoding_method': 'max', 'encoding_method': 'frequency', 'lr': 0.8285379830502553, 'max_features': 1.0, 'max_samples': 0.2, 'mu_minus': 0.66, 'mu_plus': 0.26, 'n_estimators': 1, 'n_fields': None, 'neuron_model': 'iaf_psc_exp', 'ref_seq_interval': 2, 'resolution': 0.1, 'shift_minus': 0.04879089420450761, 'shift_plus': -0.43618466399979705, 'sigma_w': None, 'synapse_model': 'shifted_nn_restr_stdp_synapse', 't_ref': 0.0, 'tau_m': 10000000.0, 'tau_minus': 181.0, 'tau_plus': 61.0, 'tau_s': 0.0, 'time': 300, 'w_init': 0.0}
Score: 0.0930

 99%|█████████▉| 102/103 [06:03<?, ?trial/s, best loss=?]
                                                         
Deleting files related to the current optimization iteration...

 99%|█████████▉| 102/103 [06:03<?, ?trial/s, best loss=?]
100%|██████████| 103/103 [06:03<00:00, 363.51s/trial, best loss: -0.164]
100%|██████████| 103/103 [06:03<00:00, 363.51s/trial, best loss: -0.164]

 99%|█████████▉| 103/104 [00:00<?, ?trial/s, best loss=?]
                                                         
Params: {'V_th': 10000, 'alpha': 0.9004675796772517, 'decode_potentials': True, 'decoding_method': 'max', 'encoding_method': 'frequency', 'lr': 0.9625889935659098, 'max_features': 1.0, 'max_samples': 0.2, 'mu_minus': 0.060000000000000005, 'mu_plus': 0.8600000000000001, 'n_estimators': 1, 'n_fields': None, 'neuron_model': 'iaf_psc_exp', 'ref_seq_interval': 5, 'resolution': 0.1, 'shift_minus': 0.031182356475552175, 'shift_plus': -0.2726280994537667, 'sigma_w': None, 'synapse_model': 'shifted_nn_restr_stdp_synapse', 't_ref': 0.0, 'tau_m': 10000000.0, 'tau_minus': 61.0, 'tau_plus': 181.0, 'tau_s': 0.0, 'time': 300, 'w_init': 0.0}
Score: 0.0980

 99%|█████████▉| 103/104 [05:33<?, ?trial/s, best loss=?]
                                                         
Deleting files related to the current optimization iteration...

 99%|█████████▉| 103/104 [05:33<?, ?trial/s, best loss=?]
100%|██████████| 104/104 [05:33<00:00, 333.48s/trial, best loss: -0.164]
100%|██████████| 104/104 [05:33<00:00, 333.48s/trial, best loss: -0.164]

 99%|█████████▉| 104/105 [00:00<?, ?trial/s, best loss=?]
                                                         
Params: {'V_th': 10000, 'alpha': 3.3827822803823677, 'decode_potentials': True, 'decoding_method': 'max', 'encoding_method': 'frequency', 'lr': 0.19406563671685523, 'max_features': 1.0, 'max_samples': 0.2, 'mu_minus': 0.31000000000000005, 'mu_plus': 0.46, 'n_estimators': 1, 'n_fields': None, 'neuron_model': 'iaf_psc_exp', 'ref_seq_interval': 10, 'resolution': 0.1, 'shift_minus': 0.20764167831086458, 'shift_plus': -0.17418031770640335, 'sigma_w': None, 'synapse_model': 'shifted_nn_restr_stdp_synapse', 't_ref': 0.0, 'tau_m': 10000000.0, 'tau_minus': 21.0, 'tau_plus': 261.0, 'tau_s': 0.0, 'time': 300, 'w_init': 0.0}
Score: 0.1070

 99%|█████████▉| 104/105 [05:33<?, ?trial/s, best loss=?]
                                                         
Deleting files related to the current optimization iteration...

 99%|█████████▉| 104/105 [05:33<?, ?trial/s, best loss=?]
100%|██████████| 105/105 [05:33<00:00, 333.40s/trial, best loss: -0.164]
100%|██████████| 105/105 [05:33<00:00, 333.40s/trial, best loss: -0.164]

 99%|█████████▉| 105/106 [00:00<?, ?trial/s, best loss=?]
                                                         
Params: {'V_th': 10000, 'alpha': 0.720307142620209, 'decode_potentials': True, 'decoding_method': 'max', 'encoding_method': 'frequency', 'lr': 0.524897967179965, 'max_features': 1.0, 'max_samples': 0.2, 'mu_minus': 0.8600000000000001, 'mu_plus': 0.66, 'n_estimators': 1, 'n_fields': None, 'neuron_model': 'iaf_psc_exp', 'ref_seq_interval': 9, 'resolution': 0.1, 'shift_minus': 0.06941666005381787, 'shift_plus': -0.07311482996414564, 'sigma_w': None, 'synapse_model': 'shifted_nn_restr_stdp_synapse', 't_ref': 0.0, 'tau_m': 10000000.0, 'tau_minus': 181.0, 'tau_plus': 241.0, 'tau_s': 0.0, 'time': 300, 'w_init': 0.0}
Score: 0.1090

 99%|█████████▉| 105/106 [05:33<?, ?trial/s, best loss=?]
                                                         
Deleting files related to the current optimization iteration...

 99%|█████████▉| 105/106 [05:33<?, ?trial/s, best loss=?]
100%|██████████| 106/106 [05:33<00:00, 333.59s/trial, best loss: -0.164]
100%|██████████| 106/106 [05:33<00:00, 333.60s/trial, best loss: -0.164]

 99%|█████████▉| 106/107 [00:00<?, ?trial/s, best loss=?]
                                                         
Params: {'V_th': 10000, 'alpha': 0.024237065208510433, 'decode_potentials': True, 'decoding_method': 'max', 'encoding_method': 'frequency', 'lr': 0.998769179990436, 'max_features': 1.0, 'max_samples': 0.2, 'mu_minus': 0.7100000000000001, 'mu_plus': 0.9600000000000001, 'n_estimators': 1, 'n_fields': None, 'neuron_model': 'iaf_psc_exp', 'ref_seq_interval': 8, 'resolution': 0.1, 'shift_minus': 0.1259728255839283, 'shift_plus': -0.6197369906480481, 'sigma_w': None, 'synapse_model': 'shifted_nn_restr_stdp_synapse', 't_ref': 0.0, 'tau_m': 10000000.0, 'tau_minus': 161.0, 'tau_plus': 121.0, 'tau_s': 0.0, 'time': 300, 'w_init': 0.0}
Score: 0.1040

 99%|█████████▉| 106/107 [05:33<?, ?trial/s, best loss=?]
                                                         
Deleting files related to the current optimization iteration...

 99%|█████████▉| 106/107 [05:33<?, ?trial/s, best loss=?]
100%|██████████| 107/107 [05:33<00:00, 333.49s/trial, best loss: -0.164]
100%|██████████| 107/107 [05:33<00:00, 333.49s/trial, best loss: -0.164]

 99%|█████████▉| 107/108 [00:00<?, ?trial/s, best loss=?]
                                                         
Params: {'V_th': 10000, 'alpha': 222.22743809754957, 'decode_potentials': True, 'decoding_method': 'max', 'encoding_method': 'frequency', 'lr': 0.4501800374973463, 'max_features': 1.0, 'max_samples': 0.2, 'mu_minus': 0.76, 'mu_plus': 0.11, 'n_estimators': 1, 'n_fields': None, 'neuron_model': 'iaf_psc_exp', 'ref_seq_interval': 3, 'resolution': 0.1, 'shift_minus': 0.09299884843883374, 'shift_plus': -0.24033280332516582, 'sigma_w': None, 'synapse_model': 'shifted_nn_restr_stdp_synapse', 't_ref': 0.0, 'tau_m': 10000000.0, 'tau_minus': 81.0, 'tau_plus': 61.0, 'tau_s': 0.0, 'time': 300, 'w_init': 0.0}
Score: 0.1000

 99%|█████████▉| 107/108 [05:33<?, ?trial/s, best loss=?]
                                                         
Deleting files related to the current optimization iteration...

 99%|█████████▉| 107/108 [05:33<?, ?trial/s, best loss=?]
100%|██████████| 108/108 [05:33<00:00, 333.28s/trial, best loss: -0.164]
100%|██████████| 108/108 [05:33<00:00, 333.28s/trial, best loss: -0.164]

 99%|█████████▉| 108/109 [00:00<?, ?trial/s, best loss=?]
                                                         
Params: {'V_th': 10000, 'alpha': 1.3073168038780203, 'decode_potentials': True, 'decoding_method': 'max', 'encoding_method': 'frequency', 'lr': 0.8821033929691839, 'max_features': 1.0, 'max_samples': 0.2, 'mu_minus': 0.16000000000000003, 'mu_plus': 0.6100000000000001, 'n_estimators': 1, 'n_fields': None, 'neuron_model': 'iaf_psc_exp', 'ref_seq_interval': 7, 'resolution': 0.1, 'shift_minus': 0.00953732020137899, 'shift_plus': -0.13212119138659884, 'sigma_w': None, 'synapse_model': 'shifted_nn_restr_stdp_synapse', 't_ref': 0.0, 'tau_m': 10000000.0, 'tau_minus': 1.0, 'tau_plus': 61.0, 'tau_s': 0.0, 'time': 300, 'w_init': 0.0}
Score: 0.1150

 99%|█████████▉| 108/109 [05:33<?, ?trial/s, best loss=?]
                                                         
Deleting files related to the current optimization iteration...

 99%|█████████▉| 108/109 [05:33<?, ?trial/s, best loss=?]
100%|██████████| 109/109 [05:33<00:00, 333.39s/trial, best loss: -0.164]
100%|██████████| 109/109 [05:33<00:00, 333.39s/trial, best loss: -0.164]

 99%|█████████▉| 109/110 [00:00<?, ?trial/s, best loss=?]
                                                         
Params: {'V_th': 10000, 'alpha': 1.732285036319933, 'decode_potentials': True, 'decoding_method': 'max', 'encoding_method': 'frequency', 'lr': 0.9208792727718856, 'max_features': 1.0, 'max_samples': 0.2, 'mu_minus': 0.36000000000000004, 'mu_plus': 0.81, 'n_estimators': 1, 'n_fields': None, 'neuron_model': 'iaf_psc_exp', 'ref_seq_interval': 5, 'resolution': 0.1, 'shift_minus': 0.05773928991354055, 'shift_plus': -0.660367111134931, 'sigma_w': None, 'synapse_model': 'shifted_nn_restr_stdp_synapse', 't_ref': 0.0, 'tau_m': 10000000.0, 'tau_minus': 101.0, 'tau_plus': 41.0, 'tau_s': 0.0, 'time': 300, 'w_init': 0.0}
Score: 0.1010

 99%|█████████▉| 109/110 [05:33<?, ?trial/s, best loss=?]
                                                         
Deleting files related to the current optimization iteration...

 99%|█████████▉| 109/110 [05:33<?, ?trial/s, best loss=?]
100%|██████████| 110/110 [05:33<00:00, 333.43s/trial, best loss: -0.164]
100%|██████████| 110/110 [05:33<00:00, 333.43s/trial, best loss: -0.164]

 99%|█████████▉| 110/111 [00:00<?, ?trial/s, best loss=?]
                                                         
Params: {'V_th': 10000, 'alpha': 3.1554801926391556, 'decode_potentials': True, 'decoding_method': 'max', 'encoding_method': 'frequency', 'lr': 0.798468911524589, 'max_features': 1.0, 'max_samples': 0.2, 'mu_minus': 0.21000000000000002, 'mu_plus': 0.56, 'n_estimators': 1, 'n_fields': None, 'neuron_model': 'iaf_psc_exp', 'ref_seq_interval': 9, 'resolution': 0.1, 'shift_minus': 0.30596069919802543, 'shift_plus': -0.2138868611087871, 'sigma_w': None, 'synapse_model': 'shifted_nn_restr_stdp_synapse', 't_ref': 0.0, 'tau_m': 10000000.0, 'tau_minus': 181.0, 'tau_plus': 1.0, 'tau_s': 0.0, 'time': 300, 'w_init': 0.0}
Score: 0.1060

 99%|█████████▉| 110/111 [05:33<?, ?trial/s, best loss=?]
                                                         
Deleting files related to the current optimization iteration...

 99%|█████████▉| 110/111 [05:33<?, ?trial/s, best loss=?]
100%|██████████| 111/111 [05:33<00:00, 333.56s/trial, best loss: -0.164]
100%|██████████| 111/111 [05:33<00:00, 333.56s/trial, best loss: -0.164]

 99%|█████████▉| 111/112 [00:00<?, ?trial/s, best loss=?]
                                                         
Params: {'V_th': 10000, 'alpha': 3.890726731063457, 'decode_potentials': True, 'decoding_method': 'max', 'encoding_method': 'frequency', 'lr': 0.9470109963488715, 'max_features': 1.0, 'max_samples': 0.2, 'mu_minus': 0.81, 'mu_plus': 0.060000000000000005, 'n_estimators': 1, 'n_fields': None, 'neuron_model': 'iaf_psc_exp', 'ref_seq_interval': 5, 'resolution': 0.1, 'shift_minus': 0.14443122833241143, 'shift_plus': -0.39043380342515077, 'sigma_w': None, 'synapse_model': 'shifted_nn_restr_stdp_synapse', 't_ref': 0.0, 'tau_m': 10000000.0, 'tau_minus': 141.0, 'tau_plus': 81.0, 'tau_s': 0.0, 'time': 300, 'w_init': 0.0}
Score: 0.1030

 99%|█████████▉| 111/112 [05:33<?, ?trial/s, best loss=?]
                                                         
Deleting files related to the current optimization iteration...

 99%|█████████▉| 111/112 [05:33<?, ?trial/s, best loss=?]
100%|██████████| 112/112 [05:33<00:00, 333.50s/trial, best loss: -0.164]
100%|██████████| 112/112 [05:33<00:00, 333.50s/trial, best loss: -0.164]

 99%|█████████▉| 112/113 [00:00<?, ?trial/s, best loss=?]
                                                         
Params: {'V_th': 10000, 'alpha': 98.02926984945323, 'decode_potentials': True, 'decoding_method': 'max', 'encoding_method': 'frequency', 'lr': 0.8510164466641194, 'max_features': 1.0, 'max_samples': 0.2, 'mu_minus': 0.91, 'mu_plus': 0.36000000000000004, 'n_estimators': 1, 'n_fields': None, 'neuron_model': 'iaf_psc_exp', 'ref_seq_interval': 6, 'resolution': 0.1, 'shift_minus': 0.10494105725693029, 'shift_plus': -0.02494484838066352, 'sigma_w': None, 'synapse_model': 'shifted_nn_restr_stdp_synapse', 't_ref': 0.0, 'tau_m': 10000000.0, 'tau_minus': 221.0, 'tau_plus': 281.0, 'tau_s': 0.0, 'time': 300, 'w_init': 0.0}
Score: 0.1030

 99%|█████████▉| 112/113 [05:33<?, ?trial/s, best loss=?]
                                                         
Deleting files related to the current optimization iteration...

 99%|█████████▉| 112/113 [05:33<?, ?trial/s, best loss=?]
100%|██████████| 113/113 [05:33<00:00, 333.56s/trial, best loss: -0.164]
100%|██████████| 113/113 [05:33<00:00, 333.56s/trial, best loss: -0.164]

 99%|█████████▉| 113/114 [00:00<?, ?trial/s, best loss=?]
                                                         
Params: {'V_th': 10000, 'alpha': 0.32247403192090107, 'decode_potentials': True, 'decoding_method': 'max', 'encoding_method': 'frequency', 'lr': 0.3650756275575345, 'max_features': 1.0, 'max_samples': 0.2, 'mu_minus': 0.9600000000000001, 'mu_plus': 0.91, 'n_estimators': 1, 'n_fields': None, 'neuron_model': 'iaf_psc_exp', 'ref_seq_interval': 4, 'resolution': 0.1, 'shift_minus': 0.039758785383062656, 'shift_plus': -0.43030535509562184, 'sigma_w': None, 'synapse_model': 'shifted_nn_restr_stdp_synapse', 't_ref': 0.0, 'tau_m': 10000000.0, 'tau_minus': 281.0, 'tau_plus': 201.0, 'tau_s': 0.0, 'time': 300, 'w_init': 0.0}
Score: 0.0990

 99%|█████████▉| 113/114 [05:33<?, ?trial/s, best loss=?]
                                                         
Deleting files related to the current optimization iteration...

 99%|█████████▉| 113/114 [05:33<?, ?trial/s, best loss=?]
100%|██████████| 114/114 [05:33<00:00, 333.66s/trial, best loss: -0.164]
100%|██████████| 114/114 [05:33<00:00, 333.66s/trial, best loss: -0.164]

 99%|█████████▉| 114/115 [00:00<?, ?trial/s, best loss=?]
                                                         
Params: {'V_th': 10000, 'alpha': 8.136247121923647, 'decode_potentials': True, 'decoding_method': 'max', 'encoding_method': 'frequency', 'lr': 0.6161985992154011, 'max_features': 1.0, 'max_samples': 0.2, 'mu_minus': 0.060000000000000005, 'mu_plus': 0.01, 'n_estimators': 1, 'n_fields': None, 'neuron_model': 'iaf_psc_exp', 'ref_seq_interval': 2, 'resolution': 0.1, 'shift_minus': 0.3703898327845693, 'shift_plus': -0.4847530629925127, 'sigma_w': None, 'synapse_model': 'shifted_nn_restr_stdp_synapse', 't_ref': 0.0, 'tau_m': 10000000.0, 'tau_minus': 201.0, 'tau_plus': 161.0, 'tau_s': 0.0, 'time': 300, 'w_init': 0.0}
Score: 0.0970

 99%|█████████▉| 114/115 [06:03<?, ?trial/s, best loss=?]
                                                         
Deleting files related to the current optimization iteration...

 99%|█████████▉| 114/115 [06:03<?, ?trial/s, best loss=?]
100%|██████████| 115/115 [06:03<00:00, 363.65s/trial, best loss: -0.164]
100%|██████████| 115/115 [06:03<00:00, 363.65s/trial, best loss: -0.164]

 99%|█████████▉| 115/116 [00:00<?, ?trial/s, best loss=?]
                                                         
Params: {'V_th': 10000, 'alpha': 4.342715892158097, 'decode_potentials': True, 'decoding_method': 'max', 'encoding_method': 'frequency', 'lr': 0.5898609590735145, 'max_features': 1.0, 'max_samples': 0.2, 'mu_minus': 0.8600000000000001, 'mu_plus': 0.7100000000000001, 'n_estimators': 1, 'n_fields': None, 'neuron_model': 'iaf_psc_exp', 'ref_seq_interval': 10, 'resolution': 0.1, 'shift_minus': 0.2258763865276508, 'shift_plus': -0.3177162850016756, 'sigma_w': None, 'synapse_model': 'shifted_nn_restr_stdp_synapse', 't_ref': 0.0, 'tau_m': 10000000.0, 'tau_minus': 61.0, 'tau_plus': 61.0, 'tau_s': 0.0, 'time': 300, 'w_init': 0.0}
Score: 0.0990

 99%|█████████▉| 115/116 [05:33<?, ?trial/s, best loss=?]
                                                         
Deleting files related to the current optimization iteration...

 99%|█████████▉| 115/116 [05:33<?, ?trial/s, best loss=?]
100%|██████████| 116/116 [05:33<00:00, 333.61s/trial, best loss: -0.164]
100%|██████████| 116/116 [05:33<00:00, 333.62s/trial, best loss: -0.164]

 99%|█████████▉| 116/117 [00:00<?, ?trial/s, best loss=?]
                                                         
Params: {'V_th': 10000, 'alpha': 2.7326904550205944, 'decode_potentials': True, 'decoding_method': 'max', 'encoding_method': 'frequency', 'lr': 0.5608630710416647, 'max_features': 1.0, 'max_samples': 0.2, 'mu_minus': 0.26, 'mu_plus': 0.11, 'n_estimators': 1, 'n_fields': None, 'neuron_model': 'iaf_psc_exp', 'ref_seq_interval': 5, 'resolution': 0.1, 'shift_minus': 0.34335086034673457, 'shift_plus': -0.28284559812808324, 'sigma_w': None, 'synapse_model': 'shifted_nn_restr_stdp_synapse', 't_ref': 0.0, 'tau_m': 10000000.0, 'tau_minus': 121.0, 'tau_plus': 221.0, 'tau_s': 0.0, 'time': 300, 'w_init': 0.0}
Score: 0.0940

 99%|█████████▉| 116/117 [05:33<?, ?trial/s, best loss=?]
                                                         
Deleting files related to the current optimization iteration...

 99%|█████████▉| 116/117 [05:33<?, ?trial/s, best loss=?]
100%|██████████| 117/117 [05:33<00:00, 333.42s/trial, best loss: -0.164]
100%|██████████| 117/117 [05:33<00:00, 333.42s/trial, best loss: -0.164]

 99%|█████████▉| 117/118 [00:00<?, ?trial/s, best loss=?]
                                                         
Params: {'V_th': 10000, 'alpha': 12.834401063854601, 'decode_potentials': True, 'decoding_method': 'max', 'encoding_method': 'frequency', 'lr': 0.7825740432411887, 'max_features': 1.0, 'max_samples': 0.2, 'mu_minus': 0.01, 'mu_plus': 0.21000000000000002, 'n_estimators': 1, 'n_fields': None, 'neuron_model': 'iaf_psc_exp', 'ref_seq_interval': 9, 'resolution': 0.1, 'shift_minus': 0.24647719112830785, 'shift_plus': -0.3629055517368695, 'sigma_w': None, 'synapse_model': 'shifted_nn_restr_stdp_synapse', 't_ref': 0.0, 'tau_m': 10000000.0, 'tau_minus': 261.0, 'tau_plus': 21.0, 'tau_s': 0.0, 'time': 300, 'w_init': 0.0}
Score: 0.0960

 99%|█████████▉| 117/118 [05:33<?, ?trial/s, best loss=?]
                                                         
Deleting files related to the current optimization iteration...

 99%|█████████▉| 117/118 [05:33<?, ?trial/s, best loss=?]
100%|██████████| 118/118 [05:33<00:00, 333.72s/trial, best loss: -0.164]
100%|██████████| 118/118 [05:33<00:00, 333.72s/trial, best loss: -0.164]

 99%|█████████▉| 118/119 [00:00<?, ?trial/s, best loss=?]
                                                         
Params: {'V_th': 10000, 'alpha': 5.927010670938814, 'decode_potentials': True, 'decoding_method': 'max', 'encoding_method': 'frequency', 'lr': 0.687163562315333, 'max_features': 1.0, 'max_samples': 0.2, 'mu_minus': 0.51, 'mu_plus': 0.6100000000000001, 'n_estimators': 1, 'n_fields': None, 'neuron_model': 'iaf_psc_exp', 'ref_seq_interval': 3, 'resolution': 0.1, 'shift_minus': 0.15599499931402333, 'shift_plus': -0.7226592154371976, 'sigma_w': None, 'synapse_model': 'shifted_nn_restr_stdp_synapse', 't_ref': 0.0, 'tau_m': 10000000.0, 'tau_minus': 241.0, 'tau_plus': 61.0, 'tau_s': 0.0, 'time': 300, 'w_init': 0.0}
Score: 0.1000

 99%|█████████▉| 118/119 [05:33<?, ?trial/s, best loss=?]
                                                         
Deleting files related to the current optimization iteration...

 99%|█████████▉| 118/119 [05:33<?, ?trial/s, best loss=?]
100%|██████████| 119/119 [05:33<00:00, 333.72s/trial, best loss: -0.164]
100%|██████████| 119/119 [05:33<00:00, 333.72s/trial, best loss: -0.164]

 99%|█████████▉| 119/120 [00:00<?, ?trial/s, best loss=?]
                                                         
Params: {'V_th': 10000, 'alpha': 1.0990050606587962, 'decode_potentials': True, 'decoding_method': 'max', 'encoding_method': 'frequency', 'lr': 0.7200532699887721, 'max_features': 1.0, 'max_samples': 0.2, 'mu_minus': 0.41000000000000003, 'mu_plus': 0.51, 'n_estimators': 1, 'n_fields': None, 'neuron_model': 'iaf_psc_exp', 'ref_seq_interval': 8, 'resolution': 0.1, 'shift_minus': 0.4074262645759772, 'shift_plus': -0.5795181581427784, 'sigma_w': None, 'synapse_model': 'shifted_nn_restr_stdp_synapse', 't_ref': 0.0, 'tau_m': 10000000.0, 'tau_minus': 181.0, 'tau_plus': 141.0, 'tau_s': 0.0, 'time': 300, 'w_init': 0.0}
Score: 0.1070

 99%|█████████▉| 119/120 [05:33<?, ?trial/s, best loss=?]
                                                         
Deleting files related to the current optimization iteration...

 99%|█████████▉| 119/120 [05:33<?, ?trial/s, best loss=?]
100%|██████████| 120/120 [05:33<00:00, 333.60s/trial, best loss: -0.164]
100%|██████████| 120/120 [05:33<00:00, 333.60s/trial, best loss: -0.164]

 99%|█████████▉| 120/121 [00:00<?, ?trial/s, best loss=?]
                                                         
Params: {'V_th': 10000, 'alpha': 2.16843456986536, 'decode_potentials': True, 'decoding_method': 'max', 'encoding_method': 'frequency', 'lr': 0.6453995353276176, 'max_features': 1.0, 'max_samples': 0.2, 'mu_minus': 0.46, 'mu_plus': 0.16000000000000003, 'n_estimators': 1, 'n_fields': None, 'neuron_model': 'iaf_psc_exp', 'ref_seq_interval': 7, 'resolution': 0.1, 'shift_minus': 0.2724694750284891, 'shift_plus': -0.08853858179145821, 'sigma_w': None, 'synapse_model': 'shifted_nn_restr_stdp_synapse', 't_ref': 0.0, 'tau_m': 10000000.0, 'tau_minus': 41.0, 'tau_plus': 101.0, 'tau_s': 0.0, 'time': 300, 'w_init': 0.0}
Score: 0.1010

 99%|█████████▉| 120/121 [05:33<?, ?trial/s, best loss=?]
                                                         
Deleting files related to the current optimization iteration...

 99%|█████████▉| 120/121 [05:33<?, ?trial/s, best loss=?]
100%|██████████| 121/121 [05:33<00:00, 333.36s/trial, best loss: -0.164]
100%|██████████| 121/121 [05:33<00:00, 333.36s/trial, best loss: -0.164]

 99%|█████████▉| 121/122 [00:00<?, ?trial/s, best loss=?]
                                                         
Params: {'V_th': 10000, 'alpha': 0.7649348658104782, 'decode_potentials': True, 'decoding_method': 'max', 'encoding_method': 'frequency', 'lr': 0.2916090885832362, 'max_features': 1.0, 'max_samples': 0.2, 'mu_minus': 0.56, 'mu_plus': 0.36000000000000004, 'n_estimators': 1, 'n_fields': None, 'neuron_model': 'iaf_psc_exp', 'ref_seq_interval': 5, 'resolution': 0.1, 'shift_minus': 0.06565503102841892, 'shift_plus': -0.509490706977991, 'sigma_w': None, 'synapse_model': 'shifted_nn_restr_stdp_synapse', 't_ref': 0.0, 'tau_m': 10000000.0, 'tau_minus': 21.0, 'tau_plus': 241.0, 'tau_s': 0.0, 'time': 300, 'w_init': 0.0}
Score: 0.1090

 99%|█████████▉| 121/122 [05:33<?, ?trial/s, best loss=?]
                                                         
Deleting files related to the current optimization iteration...

 99%|█████████▉| 121/122 [05:33<?, ?trial/s, best loss=?]
100%|██████████| 122/122 [05:33<00:00, 333.42s/trial, best loss: -0.164]
100%|██████████| 122/122 [05:33<00:00, 333.42s/trial, best loss: -0.164]

 99%|█████████▉| 122/123 [00:00<?, ?trial/s, best loss=?]
                                                         
Params: {'V_th': 10000, 'alpha': 1949.7127600786714, 'decode_potentials': True, 'decoding_method': 'max', 'encoding_method': 'frequency', 'lr': 0.9072235176226439, 'max_features': 1.0, 'max_samples': 0.2, 'mu_minus': 0.81, 'mu_plus': 0.41000000000000003, 'n_estimators': 1, 'n_fields': None, 'neuron_model': 'iaf_psc_exp', 'ref_seq_interval': 9, 'resolution': 0.1, 'shift_minus': 0.02024480463400978, 'shift_plus': -0.5409063012898327, 'sigma_w': None, 'synapse_model': 'shifted_nn_restr_stdp_synapse', 't_ref': 0.0, 'tau_m': 10000000.0, 'tau_minus': 161.0, 'tau_plus': 181.0, 'tau_s': 0.0, 'time': 300, 'w_init': 0.0}
Score: 0.0860

 99%|█████████▉| 122/123 [05:33<?, ?trial/s, best loss=?]
                                                         
Deleting files related to the current optimization iteration...

 99%|█████████▉| 122/123 [05:33<?, ?trial/s, best loss=?]
100%|██████████| 123/123 [05:33<00:00, 333.37s/trial, best loss: -0.164]
100%|██████████| 123/123 [05:33<00:00, 333.37s/trial, best loss: -0.164]

 99%|█████████▉| 123/124 [00:00<?, ?trial/s, best loss=?]
                                                         
Params: {'V_th': 10000, 'alpha': 2.435146314783904, 'decode_potentials': True, 'decoding_method': 'max', 'encoding_method': 'frequency', 'lr': 0.7592585503738324, 'max_features': 1.0, 'max_samples': 0.2, 'mu_minus': 0.11, 'mu_plus': 0.66, 'n_estimators': 1, 'n_fields': None, 'neuron_model': 'iaf_psc_exp', 'ref_seq_interval': 5, 'resolution': 0.1, 'shift_minus': 0.079618803785937, 'shift_plus': -0.050827378227979086, 'sigma_w': None, 'synapse_model': 'shifted_nn_restr_stdp_synapse', 't_ref': 0.0, 'tau_m': 10000000.0, 'tau_minus': 61.0, 'tau_plus': 261.0, 'tau_s': 0.0, 'time': 300, 'w_init': 0.0}
Score: 0.1010

 99%|█████████▉| 123/124 [05:33<?, ?trial/s, best loss=?]
                                                         
Deleting files related to the current optimization iteration...

 99%|█████████▉| 123/124 [05:33<?, ?trial/s, best loss=?]
100%|██████████| 124/124 [05:33<00:00, 333.35s/trial, best loss: -0.164]
100%|██████████| 124/124 [05:33<00:00, 333.35s/trial, best loss: -0.164]

 99%|█████████▉| 124/125 [00:00<?, ?trial/s, best loss=?]
                                                         
Params: {'V_th': 10000, 'alpha': 1.4287810389609301, 'decode_potentials': True, 'decoding_method': 'max', 'encoding_method': 'frequency', 'lr': 0.9777472176974494, 'max_features': 1.0, 'max_samples': 0.2, 'mu_minus': 0.66, 'mu_plus': 0.76, 'n_estimators': 1, 'n_fields': None, 'neuron_model': 'iaf_psc_exp', 'ref_seq_interval': 6, 'resolution': 0.1, 'shift_minus': 0.11368867100698686, 'shift_plus': -0.3322525105099778, 'sigma_w': None, 'synapse_model': 'shifted_nn_restr_stdp_synapse', 't_ref': 0.0, 'tau_m': 10000000.0, 'tau_minus': 181.0, 'tau_plus': 61.0, 'tau_s': 0.0, 'time': 300, 'w_init': 0.0}
Score: 0.1000

 99%|█████████▉| 124/125 [05:33<?, ?trial/s, best loss=?]
                                                         
Deleting files related to the current optimization iteration...

 99%|█████████▉| 124/125 [05:33<?, ?trial/s, best loss=?]
100%|██████████| 125/125 [05:33<00:00, 333.32s/trial, best loss: -0.164]
100%|██████████| 125/125 [05:33<00:00, 333.32s/trial, best loss: -0.164]

 99%|█████████▉| 125/126 [00:00<?, ?trial/s, best loss=?]                                                         Params: {'V_th': 10000, 'alpha': 3.4762632960836846, 'decode_potentials': True, 'decoding_method': 'max', 'encoding_method': 'frequency', 'lr': 0.830402993214348, 'max_features': 1.0, 'max_samples': 0.2, 'mu_minus': 0.060000000000000005, 'mu_plus': 0.8600000000000001, 'n_estimators': 1, 'n_fields': None, 'neuron_model': 'iaf_psc_exp', 'ref_seq_interval': 4, 'resolution': 0.1, 'shift_minus': 0.04914241049884603, 'shift_plus': -0.1505290852530023, 'sigma_w': None, 'synapse_model': 'shifted_nn_restr_stdp_synapse', 't_ref': 0.0, 'tau_m': 10000000.0, 'tau_minus': 1.0, 'tau_plus': 121.0, 'tau_s': 0.0, 'time': 300, 'w_init': 0.0}
Score: 0.0940
 99%|█████████▉| 125/126 [05:33<?, ?trial/s, best loss=?]                                                         Deleting files related to the current optimization iteration...
 99%|█████████▉| 125/126 [05:33<?, ?trial/s, best loss=?]100%|██████████| 126/126 [05:33<00:00, 333.31s/trial, best loss: -0.164]100%|██████████| 126/126 [05:33<00:00, 333.31s/trial, best loss: -0.164]
 99%|█████████▉| 126/127 [00:00<?, ?trial/s, best loss=?]                                                         Params: {'V_th': 10000, 'alpha': 0.5038954007631917, 'decode_potentials': True, 'decoding_method': 'max', 'encoding_method': 'frequency', 'lr': 0.5068879038231656, 'max_features': 1.0, 'max_samples': 0.2, 'mu_minus': 0.6100000000000001, 'mu_plus': 0.46, 'n_estimators': 1, 'n_fields': None, 'neuron_model': 'iaf_psc_exp', 'ref_seq_interval': 2, 'resolution': 0.1, 'shift_minus': 0.49785188718922146, 'shift_plus': -0.18754768833064683, 'sigma_w': None, 'synapse_model': 'shifted_nn_restr_stdp_synapse', 't_ref': 0.0, 'tau_m': 10000000.0, 'tau_minus': 221.0, 'tau_plus': 41.0, 'tau_s': 0.0, 'time': 300, 'w_init': 0.0}
Score: 0.1050
 99%|█████████▉| 126/127 [05:33<?, ?trial/s, best loss=?]                                                         Deleting files related to the current optimization iteration...
 99%|█████████▉| 126/127 [05:33<?, ?trial/s, best loss=?]100%|██████████| 127/127 [05:33<00:00, 333.40s/trial, best loss: -0.164]100%|██████████| 127/127 [05:33<00:00, 333.40s/trial, best loss: -0.164]
 99%|█████████▉| 127/128 [00:00<?, ?trial/s, best loss=?]                                                         Params: {'V_th': 10000, 'alpha': 28.51336691762018, 'decode_potentials': True, 'decoding_method': 'max', 'encoding_method': 'frequency', 'lr': 0.8096214044482983, 'max_features': 1.0, 'max_samples': 0.2, 'mu_minus': 0.31000000000000005, 'mu_plus': 0.26, 'n_estimators': 1, 'n_fields': None, 'neuron_model': 'iaf_psc_exp', 'ref_seq_interval': 5, 'resolution': 0.1, 'shift_minus': 0.19720780682895694, 'shift_plus': -0.5984373573459667, 'sigma_w': None, 'synapse_model': 'shifted_nn_restr_stdp_synapse', 't_ref': 0.0, 'tau_m': 10000000.0, 'tau_minus': 101.0, 'tau_plus': 61.0, 'tau_s': 0.0, 'time': 300, 'w_init': 0.0}
Score: 0.1140
 99%|█████████▉| 127/128 [05:33<?, ?trial/s, best loss=?]                                                         Deleting files related to the current optimization iteration...
 99%|█████████▉| 127/128 [05:33<?, ?trial/s, best loss=?]100%|██████████| 128/128 [05:33<00:00, 333.37s/trial, best loss: -0.164]100%|██████████| 128/128 [05:33<00:00, 333.37s/trial, best loss: -0.164]
 99%|█████████▉| 128/129 [00:00<?, ?trial/s, best loss=?]                                                         Params: {'V_th': 10000, 'alpha': 6.996613776552404, 'decode_potentials': True, 'decoding_method': 'max', 'encoding_method': 'frequency', 'lr': 0.8780722277155165, 'max_features': 1.0, 'max_samples': 0.2, 'mu_minus': 0.8600000000000001, 'mu_plus': 0.11, 'n_estimators': 1, 'n_fields': None, 'neuron_model': 'iaf_psc_exp', 'ref_seq_interval': 9, 'resolution': 0.1, 'shift_minus': 0.0009519901426101389, 'shift_plus': -0.996401913090809, 'sigma_w': None, 'synapse_model': 'shifted_nn_restr_stdp_synapse', 't_ref': 0.0, 'tau_m': 10000000.0, 'tau_minus': 81.0, 'tau_plus': 81.0, 'tau_s': 0.0, 'time': 300, 'w_init': 0.0}
Score: 0.1030
 99%|█████████▉| 128/129 [05:33<?, ?trial/s, best loss=?]                                                         Deleting files related to the current optimization iteration...
 99%|█████████▉| 128/129 [05:33<?, ?trial/s, best loss=?]100%|██████████| 129/129 [05:33<00:00, 333.54s/trial, best loss: -0.164]100%|██████████| 129/129 [05:33<00:00, 333.54s/trial, best loss: -0.164]
 99%|█████████▉| 129/130 [00:00<?, ?trial/s, best loss=?]                                                         Params: {'V_th': 10000, 'alpha': 4.970637195916257, 'decode_potentials': True, 'decoding_method': 'max', 'encoding_method': 'frequency', 'lr': 0.5327974138047116, 'max_features': 1.0, 'max_samples': 0.2, 'mu_minus': 0.76, 'mu_plus': 0.9600000000000001, 'n_estimators': 1, 'n_fields': None, 'neuron_model': 'iaf_psc_exp', 'ref_seq_interval': 10, 'resolution': 0.1, 'shift_minus': 0.03177472988586622, 'shift_plus': -0.26133789209326974, 'sigma_w': None, 'synapse_model': 'shifted_nn_restr_stdp_synapse', 't_ref': 0.0, 'tau_m': 10000000.0, 'tau_minus': 181.0, 'tau_plus': 1.0, 'tau_s': 0.0, 'time': 300, 'w_init': 0.0}
Score: 0.0990
 99%|█████████▉| 129/130 [05:33<?, ?trial/s, best loss=?]                                                         Deleting files related to the current optimization iteration...
 99%|█████████▉| 129/130 [05:33<?, ?trial/s, best loss=?]100%|██████████| 130/130 [05:33<00:00, 333.45s/trial, best loss: -0.164]100%|██████████| 130/130 [05:33<00:00, 333.45s/trial, best loss: -0.164]
 99%|█████████▉| 130/131 [00:00<?, ?trial/s, best loss=?]                                                         Params: {'V_th': 10000, 'alpha': 5.5117757936759935, 'decode_potentials': True, 'decoding_method': 'max', 'encoding_method': 'frequency', 'lr': 0.4744615666026002, 'max_features': 1.0, 'max_samples': 0.2, 'mu_minus': 0.7100000000000001, 'mu_plus': 0.6100000000000001, 'n_estimators': 1, 'n_fields': None, 'neuron_model': 'iaf_psc_exp', 'ref_seq_interval': 3, 'resolution': 0.1, 'shift_minus': 0.2872167652280869, 'shift_plus': -0.11733751506755136, 'sigma_w': None, 'synapse_model': 'shifted_nn_restr_stdp_synapse', 't_ref': 0.0, 'tau_m': 10000000.0, 'tau_minus': 201.0, 'tau_plus': 61.0, 'tau_s': 0.0, 'time': 300, 'w_init': 0.0}
Score: 0.1010
 99%|█████████▉| 130/131 [05:33<?, ?trial/s, best loss=?]                                                         Deleting files related to the current optimization iteration...
 99%|█████████▉| 130/131 [05:33<?, ?trial/s, best loss=?]100%|██████████| 131/131 [05:33<00:00, 333.66s/trial, best loss: -0.164]100%|██████████| 131/131 [05:33<00:00, 333.66s/trial, best loss: -0.164]
 99%|█████████▉| 131/132 [00:00<?, ?trial/s, best loss=?]                                                         Params: {'V_th': 10000, 'alpha': 1.6199401937030176, 'decode_potentials': True, 'decoding_method': 'max', 'encoding_method': 'frequency', 'lr': 0.9271560255086904, 'max_features': 1.0, 'max_samples': 0.2, 'mu_minus': 0.16000000000000003, 'mu_plus': 0.31000000000000005, 'n_estimators': 1, 'n_fields': None, 'neuron_model': 'iaf_psc_exp', 'ref_seq_interval': 8, 'resolution': 0.1, 'shift_minus': 0.4651923539881426, 'shift_plus': -0.44880283881118777, 'sigma_w': None, 'synapse_model': 'shifted_nn_restr_stdp_synapse', 't_ref': 0.0, 'tau_m': 10000000.0, 'tau_minus': 141.0, 'tau_plus': 201.0, 'tau_s': 0.0, 'time': 300, 'w_init': 0.0}
Score: 0.1060
 99%|█████████▉| 131/132 [05:03<?, ?trial/s, best loss=?]                                                         Deleting files related to the current optimization iteration...
 99%|█████████▉| 131/132 [05:03<?, ?trial/s, best loss=?]100%|██████████| 132/132 [05:03<00:00, 303.91s/trial, best loss: -0.164]100%|██████████| 132/132 [05:03<00:00, 303.91s/trial, best loss: -0.164]
 99%|█████████▉| 132/133 [00:00<?, ?trial/s, best loss=?]                                                         Params: {'V_th': 10000, 'alpha': 933.9716217358771, 'decode_potentials': True, 'decoding_method': 'max', 'encoding_method': 'frequency', 'lr': 0.6616509891265083, 'max_features': 1.0, 'max_samples': 0.2, 'mu_minus': 0.36000000000000004, 'mu_plus': 0.81, 'n_estimators': 1, 'n_fields': None, 'neuron_model': 'iaf_psc_exp', 'ref_seq_interval': 5, 'resolution': 0.1, 'shift_minus': 0.09162629024119699, 'shift_plus': -0.4661207563492084, 'sigma_w': None, 'synapse_model': 'shifted_nn_restr_stdp_synapse', 't_ref': 0.0, 'tau_m': 10000000.0, 'tau_minus': 61.0, 'tau_plus': 161.0, 'tau_s': 0.0, 'time': 300, 'w_init': 0.0}
Score: 0.1130
 99%|█████████▉| 132/133 [05:33<?, ?trial/s, best loss=?]                                                         Deleting files related to the current optimization iteration...
 99%|█████████▉| 132/133 [05:33<?, ?trial/s, best loss=?]100%|██████████| 133/133 [05:33<00:00, 333.57s/trial, best loss: -0.164]100%|██████████| 133/133 [05:33<00:00, 333.57s/trial, best loss: -0.164]
 99%|█████████▉| 133/134 [00:00<?, ?trial/s, best loss=?]                                                         Params: {'V_th': 10000, 'alpha': 0.16473329700993644, 'decode_potentials': True, 'decoding_method': 'max', 'encoding_method': 'frequency', 'lr': 0.853854026612788, 'max_features': 1.0, 'max_samples': 0.2, 'mu_minus': 0.21000000000000002, 'mu_plus': 0.060000000000000005, 'n_estimators': 1, 'n_fields': None, 'neuron_model': 'iaf_psc_exp', 'ref_seq_interval': 7, 'resolution': 0.1, 'shift_minus': 0.009398787209572245, 'shift_plus': -0.8106247094914163, 'sigma_w': None, 'synapse_model': 'shifted_nn_restr_stdp_synapse', 't_ref': 0.0, 'tau_m': 10000000.0, 'tau_minus': 281.0, 'tau_plus': 21.0, 'tau_s': 0.0, 'time': 300, 'w_init': 0.0}
Score: 0.1050
 99%|█████████▉| 133/134 [05:33<?, ?trial/s, best loss=?]                                                         Deleting files related to the current optimization iteration...
 99%|█████████▉| 133/134 [05:33<?, ?trial/s, best loss=?]100%|██████████| 134/134 [05:33<00:00, 333.51s/trial, best loss: -0.164]100%|██████████| 134/134 [05:33<00:00, 333.51s/trial, best loss: -0.164]
 99%|█████████▉| 134/135 [00:00<?, ?trial/s, best loss=?]                                                         Params: {'V_th': 10000, 'alpha': 5.162669327148556, 'decode_potentials': True, 'decoding_method': 'max', 'encoding_method': 'frequency', 'lr': 0.9991638739679256, 'max_features': 1.0, 'max_samples': 0.2, 'mu_minus': 0.060000000000000005, 'mu_plus': 0.36000000000000004, 'n_estimators': 1, 'n_fields': None, 'neuron_model': 'iaf_psc_exp', 'ref_seq_interval': 9, 'resolution': 0.1, 'shift_minus': 0.13173110936277693, 'shift_plus': -0.37352585420479945, 'sigma_w': None, 'synapse_model': 'shifted_nn_restr_stdp_synapse', 't_ref': 0.0, 'tau_m': 10000000.0, 'tau_minus': 121.0, 'tau_plus': 281.0, 'tau_s': 0.0, 'time': 300, 'w_init': 0.0}
Score: 0.1040
 99%|█████████▉| 134/135 [05:33<?, ?trial/s, best loss=?]                                                         Deleting files related to the current optimization iteration...
 99%|█████████▉| 134/135 [05:33<?, ?trial/s, best loss=?]100%|██████████| 135/135 [05:33<00:00, 333.73s/trial, best loss: -0.164]100%|██████████| 135/135 [05:33<00:00, 333.73s/trial, best loss: -0.164]
 99%|█████████▉| 135/136 [00:00<?, ?trial/s, best loss=?]                                                         Params: {'V_th': 10000, 'alpha': 1.966456740020214, 'decode_potentials': True, 'decoding_method': 'max', 'encoding_method': 'frequency', 'lr': 0.7750089483374141, 'max_features': 1.0, 'max_samples': 0.2, 'mu_minus': 0.81, 'mu_plus': 0.91, 'n_estimators': 1, 'n_fields': None, 'neuron_model': 'iaf_psc_exp', 'ref_seq_interval': 5, 'resolution': 0.1, 'shift_minus': 0.16364515440283942, 'shift_plus': -0.008644692305190993, 'sigma_w': None, 'synapse_model': 'shifted_nn_restr_stdp_synapse', 't_ref': 0.0, 'tau_m': 10000000.0, 'tau_minus': 241.0, 'tau_plus': 141.0, 'tau_s': 0.0, 'time': 300, 'w_init': 0.0}
Score: 0.1100
 99%|█████████▉| 135/136 [05:33<?, ?trial/s, best loss=?]                                                         Deleting files related to the current optimization iteration...
 99%|█████████▉| 135/136 [05:33<?, ?trial/s, best loss=?]100%|██████████| 136/136 [05:33<00:00, 333.30s/trial, best loss: -0.164]100%|██████████| 136/136 [05:33<00:00, 333.30s/trial, best loss: -0.164]
 99%|█████████▉| 136/137 [00:00<?, ?trial/s, best loss=?]                                                         Params: {'V_th': 10000, 'alpha': 4.641256375559776, 'decode_potentials': True, 'decoding_method': 'max', 'encoding_method': 'frequency', 'lr': 0.9458394983196328, 'max_features': 1.0, 'max_samples': 0.2, 'mu_minus': 0.91, 'mu_plus': 0.11, 'n_estimators': 1, 'n_fields': None, 'neuron_model': 'iaf_psc_exp', 'ref_seq_interval': 6, 'resolution': 0.1, 'shift_minus': 0.04479369630600296, 'shift_plus': -0.3071291642865793, 'sigma_w': None, 'synapse_model': 'shifted_nn_restr_stdp_synapse', 't_ref': 0.0, 'tau_m': 10000000.0, 'tau_minus': 181.0, 'tau_plus': 61.0, 'tau_s': 0.0, 'time': 300, 'w_init': 0.0}
Score: 0.1050
 99%|█████████▉| 136/137 [05:33<?, ?trial/s, best loss=?]                                                         Deleting files related to the current optimization iteration...
 99%|█████████▉| 136/137 [05:33<?, ?trial/s, best loss=?]100%|██████████| 137/137 [05:33<00:00, 333.34s/trial, best loss: -0.164]100%|██████████| 137/137 [05:33<00:00, 333.34s/trial, best loss: -0.164]
 99%|█████████▉| 137/138 [00:00<?, ?trial/s, best loss=?]                                                         Params: {'V_th': 10000, 'alpha': 292.6288309358486, 'decode_potentials': True, 'decoding_method': 'max', 'encoding_method': 'frequency', 'lr': 0.7029705479282293, 'max_features': 1.0, 'max_samples': 0.2, 'mu_minus': 0.8600000000000001, 'mu_plus': 0.56, 'n_estimators': 1, 'n_fields': None, 'neuron_model': 'iaf_psc_exp', 'ref_seq_interval': 4, 'resolution': 0.1, 'shift_minus': 0.022910836261176515, 'shift_plus': -0.4136438911980045, 'sigma_w': None, 'synapse_model': 'shifted_nn_restr_stdp_synapse', 't_ref': 0.0, 'tau_m': 10000000.0, 'tau_minus': 261.0, 'tau_plus': 101.0, 'tau_s': 0.0, 'time': 300, 'w_init': 0.0}
Score: 0.0900
 99%|█████████▉| 137/138 [05:33<?, ?trial/s, best loss=?]                                                         Deleting files related to the current optimization iteration...
 99%|█████████▉| 137/138 [05:33<?, ?trial/s, best loss=?]100%|██████████| 138/138 [05:33<00:00, 333.28s/trial, best loss: -0.164]100%|██████████| 138/138 [05:33<00:00, 333.28s/trial, best loss: -0.164]
 99%|█████████▉| 138/139 [00:00<?, ?trial/s, best loss=?]                                                         Params: {'V_th': 10000, 'alpha': 9.632336824259642, 'decode_potentials': True, 'decoding_method': 'max', 'encoding_method': 'frequency', 'lr': 0.197893773054499, 'max_features': 1.0, 'max_samples': 0.2, 'mu_minus': 0.9600000000000001, 'mu_plus': 0.01, 'n_estimators': 1, 'n_fields': None, 'neuron_model': 'iaf_psc_exp', 'ref_seq_interval': 2, 'resolution': 0.1, 'shift_minus': 0.060595876824452166, 'shift_plus': -0.7566075245207129, 'sigma_w': None, 'synapse_model': 'shifted_nn_restr_stdp_synapse', 't_ref': 0.0, 'tau_m': 10000000.0, 'tau_minus': 21.0, 'tau_plus': 221.0, 'tau_s': 0.0, 'time': 300, 'w_init': 0.0}
Score: 0.0890
 99%|█████████▉| 138/139 [05:33<?, ?trial/s, best loss=?]                                                         Deleting files related to the current optimization iteration...
 99%|█████████▉| 138/139 [05:33<?, ?trial/s, best loss=?]100%|██████████| 139/139 [05:33<00:00, 333.25s/trial, best loss: -0.164]100%|██████████| 139/139 [05:33<00:00, 333.25s/trial, best loss: -0.164]
 99%|█████████▉| 139/140 [00:00<?, ?trial/s, best loss=?]                                                         Params: {'V_th': 10000, 'alpha': 2.32980147819884, 'decode_potentials': True, 'decoding_method': 'max', 'encoding_method': 'frequency', 'lr': 0.7403011438004347, 'max_features': 1.0, 'max_samples': 0.2, 'mu_minus': 0.46, 'mu_plus': 0.41000000000000003, 'n_estimators': 1, 'n_fields': None, 'neuron_model': 'iaf_psc_exp', 'ref_seq_interval': 5, 'resolution': 0.1, 'shift_minus': 0.17598205516767587, 'shift_plus': -0.2180204649693698, 'sigma_w': None, 'synapse_model': 'shifted_nn_restr_stdp_synapse', 't_ref': 0.0, 'tau_m': 10000000.0, 'tau_minus': 41.0, 'tau_plus': 241.0, 'tau_s': 0.0, 'time': 300, 'w_init': 0.0}
Score: 0.0990
 99%|█████████▉| 139/140 [05:33<?, ?trial/s, best loss=?]                                                         Deleting files related to the current optimization iteration...
 99%|█████████▉| 139/140 [05:33<?, ?trial/s, best loss=?]100%|██████████| 140/140 [05:33<00:00, 333.24s/trial, best loss: -0.164]100%|██████████| 140/140 [05:33<00:00, 333.24s/trial, best loss: -0.164]
 99%|█████████▉| 140/141 [00:00<?, ?trial/s, best loss=?]                                                         Params: {'V_th': 10000, 'alpha': 3.1185557748199315, 'decode_potentials': True, 'decoding_method': 'max', 'encoding_method': 'frequency', 'lr': 0.5470144945881532, 'max_features': 1.0, 'max_samples': 0.2, 'mu_minus': 0.26, 'mu_plus': 0.7100000000000001, 'n_estimators': 1, 'n_fields': None, 'neuron_model': 'iaf_psc_exp', 'ref_seq_interval': 10, 'resolution': 0.1, 'shift_minus': 0.10057368065790503, 'shift_plus': -0.24569377167861514, 'sigma_w': None, 'synapse_model': 'shifted_nn_restr_stdp_synapse', 't_ref': 0.0, 'tau_m': 10000000.0, 'tau_minus': 61.0, 'tau_plus': 181.0, 'tau_s': 0.0, 'time': 300, 'w_init': 0.0}
Score: 0.1000
 99%|█████████▉| 140/141 [05:33<?, ?trial/s, best loss=?]                                                         Deleting files related to the current optimization iteration...
 99%|█████████▉| 140/141 [05:33<?, ?trial/s, best loss=?]100%|██████████| 141/141 [05:33<00:00, 333.48s/trial, best loss: -0.164]100%|██████████| 141/141 [05:33<00:00, 333.48s/trial, best loss: -0.164]
 99%|█████████▉| 141/142 [00:00<?, ?trial/s, best loss=?]                                                         Params: {'V_th': 10000, 'alpha': 6.766949463495374, 'decode_potentials': True, 'decoding_method': 'max', 'encoding_method': 'frequency', 'lr': 0.5759734630856466, 'max_features': 1.0, 'max_samples': 0.2, 'mu_minus': 0.01, 'mu_plus': 0.6100000000000001, 'n_estimators': 1, 'n_fields': None, 'neuron_model': 'iaf_psc_exp', 'ref_seq_interval': 9, 'resolution': 0.1, 'shift_minus': 0.07255569951559196, 'shift_plus': -0.5596023974626051, 'sigma_w': None, 'synapse_model': 'shifted_nn_restr_stdp_synapse', 't_ref': 0.0, 'tau_m': 10000000.0, 'tau_minus': 161.0, 'tau_plus': 61.0, 'tau_s': 0.0, 'time': 300, 'w_init': 0.0}
Score: 0.0900
 99%|█████████▉| 141/142 [05:33<?, ?trial/s, best loss=?]                                                         Deleting files related to the current optimization iteration...
 99%|█████████▉| 141/142 [05:33<?, ?trial/s, best loss=?]100%|██████████| 142/142 [05:33<00:00, 333.31s/trial, best loss: -0.164]100%|██████████| 142/142 [05:33<00:00, 333.31s/trial, best loss: -0.164]
 99%|█████████▉| 142/143 [00:00<?, ?trial/s, best loss=?]                                                         Params: {'V_th': 10000, 'alpha': 111.30534903359488, 'decode_potentials': True, 'decoding_method': 'max', 'encoding_method': 'frequency', 'lr': 0.6794112965244986, 'max_features': 1.0, 'max_samples': 0.2, 'mu_minus': 0.81, 'mu_plus': 0.21000000000000002, 'n_estimators': 1, 'n_fields': None, 'neuron_model': 'iaf_psc_exp', 'ref_seq_interval': 3, 'resolution': 0.1, 'shift_minus': 0.4251241567671027, 'shift_plus': -0.34404190423583636, 'sigma_w': None, 'synapse_model': 'shifted_nn_restr_stdp_synapse', 't_ref': 0.0, 'tau_m': 10000000.0, 'tau_minus': 181.0, 'tau_plus': 261.0, 'tau_s': 0.0, 'time': 300, 'w_init': 0.0}
Score: 0.1030
 99%|█████████▉| 142/143 [05:33<?, ?trial/s, best loss=?]                                                         Deleting files related to the current optimization iteration...
 99%|█████████▉| 142/143 [05:33<?, ?trial/s, best loss=?]100%|██████████| 143/143 [05:33<00:00, 333.64s/trial, best loss: -0.164]100%|██████████| 143/143 [05:33<00:00, 333.64s/trial, best loss: -0.164]
 99%|█████████▉| 143/144 [00:00<?, ?trial/s, best loss=?]                                                         Params: {'V_th': 10000, 'alpha': 1.089093227270364, 'decode_potentials': True, 'decoding_method': 'max', 'encoding_method': 'frequency', 'lr': 0.8912754433067096, 'max_features': 1.0, 'max_samples': 0.2, 'mu_minus': 0.51, 'mu_plus': 0.16000000000000003, 'n_estimators': 1, 'n_fields': None, 'neuron_model': 'iaf_psc_exp', 'ref_seq_interval': 8, 'resolution': 0.1, 'shift_minus': 0.03178439551406279, 'shift_plus': -0.17630200251090478, 'sigma_w': None, 'synapse_model': 'shifted_nn_restr_stdp_synapse', 't_ref': 0.0, 'tau_m': 10000000.0, 'tau_minus': 1.0, 'tau_plus': 41.0, 'tau_s': 0.0, 'time': 300, 'w_init': 0.0}
Score: 0.0950
 99%|█████████▉| 143/144 [05:33<?, ?trial/s, best loss=?]                                                         Deleting files related to the current optimization iteration...
 99%|█████████▉| 143/144 [05:33<?, ?trial/s, best loss=?]100%|██████████| 144/144 [05:33<00:00, 333.44s/trial, best loss: -0.164]100%|██████████| 144/144 [05:33<00:00, 333.44s/trial, best loss: -0.164]
 99%|█████████▉| 144/145 [00:00<?, ?trial/s, best loss=?]                                                         Params: {'V_th': 10000, 'alpha': 7.698334168103848, 'decode_potentials': True, 'decoding_method': 'max', 'encoding_method': 'frequency', 'lr': 0.427145642892943, 'max_features': 1.0, 'max_samples': 0.2, 'mu_minus': 0.41000000000000003, 'mu_plus': 0.36000000000000004, 'n_estimators': 1, 'n_fields': None, 'neuron_model': 'iaf_psc_exp', 'ref_seq_interval': 5, 'resolution': 0.1, 'shift_minus': 0.0009099155768031229, 'shift_plus': -0.28531965405429305, 'sigma_w': None, 'synapse_model': 'shifted_nn_restr_stdp_synapse', 't_ref': 0.0, 'tau_m': 10000000.0, 'tau_minus': 101.0, 'tau_plus': 61.0, 'tau_s': 0.0, 'time': 300, 'w_init': 0.0}
Score: 0.1010
 99%|█████████▉| 144/145 [05:33<?, ?trial/s, best loss=?]                                                         Deleting files related to the current optimization iteration...
 99%|█████████▉| 144/145 [05:33<?, ?trial/s, best loss=?]100%|██████████| 145/145 [05:33<00:00, 333.57s/trial, best loss: -0.164]100%|██████████| 145/145 [05:33<00:00, 333.57s/trial, best loss: -0.164]
 99%|█████████▉| 145/146 [00:00<?, ?trial/s, best loss=?]                                                         Params: {'V_th': 10000, 'alpha': 5.785292888497339, 'decode_potentials': True, 'decoding_method': 'max', 'encoding_method': 'frequency', 'lr': 0.582327074998119, 'max_features': 1.0, 'max_samples': 0.2, 'mu_minus': 0.66, 'mu_plus': 0.66, 'n_estimators': 1, 'n_fields': None, 'neuron_model': 'iaf_psc_exp', 'ref_seq_interval': 5, 'resolution': 0.1, 'shift_minus': 0.05463189912731621, 'shift_plus': -0.05619037501378849, 'sigma_w': None, 'synapse_model': 'shifted_nn_restr_stdp_synapse', 't_ref': 0.0, 'tau_m': 10000000.0, 'tau_minus': 121.0, 'tau_plus': 201.0, 'tau_s': 0.0, 'time': 300, 'w_init': 0.0}
Score: 0.1070
 99%|█████████▉| 145/146 [05:33<?, ?trial/s, best loss=?]                                                         Deleting files related to the current optimization iteration...
 99%|█████████▉| 145/146 [05:33<?, ?trial/s, best loss=?]100%|██████████| 146/146 [05:33<00:00, 333.39s/trial, best loss: -0.164]100%|██████████| 146/146 [05:33<00:00, 333.39s/trial, best loss: -0.164]
 99%|█████████▉| 146/147 [00:00<?, ?trial/s, best loss=?]                                                         Params: {'V_th': 10000, 'alpha': 3.692613895259936, 'decode_potentials': True, 'decoding_method': 'max', 'encoding_method': 'frequency', 'lr': 0.32046006350042644, 'max_features': 1.0, 'max_samples': 0.2, 'mu_minus': 0.66, 'mu_plus': 0.66, 'n_estimators': 1, 'n_fields': None, 'neuron_model': 'iaf_psc_exp', 'ref_seq_interval': 5, 'resolution': 0.1, 'shift_minus': 0.017847620018106025, 'shift_plus': -0.10382311331733826, 'sigma_w': None, 'synapse_model': 'shifted_nn_restr_stdp_synapse', 't_ref': 0.0, 'tau_m': 10000000.0, 'tau_minus': 121.0, 'tau_plus': 201.0, 'tau_s': 0.0, 'time': 300, 'w_init': 0.0}
Score: 0.1040
 99%|█████████▉| 146/147 [05:33<?, ?trial/s, best loss=?]                                                         Deleting files related to the current optimization iteration...
 99%|█████████▉| 146/147 [05:33<?, ?trial/s, best loss=?]100%|██████████| 147/147 [05:33<00:00, 333.39s/trial, best loss: -0.164]100%|██████████| 147/147 [05:33<00:00, 333.39s/trial, best loss: -0.164]
 99%|█████████▉| 147/148 [00:00<?, ?trial/s, best loss=?]                                                         Params: {'V_th': 10000, 'alpha': 6.024960382052296, 'decode_potentials': True, 'decoding_method': 'max', 'encoding_method': 'frequency', 'lr': 0.631349401211203, 'max_features': 1.0, 'max_samples': 0.2, 'mu_minus': 0.66, 'mu_plus': 0.66, 'n_estimators': 1, 'n_fields': None, 'neuron_model': 'iaf_psc_exp', 'ref_seq_interval': 5, 'resolution': 0.1, 'shift_minus': 0.03817142241823741, 'shift_plus': -0.020128057937835096, 'sigma_w': None, 'synapse_model': 'shifted_nn_restr_stdp_synapse', 't_ref': 0.0, 'tau_m': 10000000.0, 'tau_minus': 121.0, 'tau_plus': 201.0, 'tau_s': 0.0, 'time': 300, 'w_init': 0.0}
Score: 0.1040
 99%|█████████▉| 147/148 [05:33<?, ?trial/s, best loss=?]                                                         Deleting files related to the current optimization iteration...
 99%|█████████▉| 147/148 [05:33<?, ?trial/s, best loss=?]100%|██████████| 148/148 [05:33<00:00, 333.39s/trial, best loss: -0.164]100%|██████████| 148/148 [05:33<00:00, 333.39s/trial, best loss: -0.164]
 99%|█████████▉| 148/149 [00:00<?, ?trial/s, best loss=?]                                                         Params: {'V_th': 10000, 'alpha': 4.134950202227726, 'decode_potentials': True, 'decoding_method': 'max', 'encoding_method': 'frequency', 'lr': 0.5001163549892277, 'max_features': 1.0, 'max_samples': 0.2, 'mu_minus': 0.56, 'mu_plus': 0.51, 'n_estimators': 1, 'n_fields': None, 'neuron_model': 'iaf_psc_exp', 'ref_seq_interval': 5, 'resolution': 0.1, 'shift_minus': 0.008100124003048022, 'shift_plus': -0.07610792199287375, 'sigma_w': None, 'synapse_model': 'shifted_nn_restr_stdp_synapse', 't_ref': 0.0, 'tau_m': 10000000.0, 'tau_minus': 121.0, 'tau_plus': 201.0, 'tau_s': 0.0, 'time': 300, 'w_init': 0.0}
Score: 0.1190
 99%|█████████▉| 148/149 [05:33<?, ?trial/s, best loss=?]                                                         Deleting files related to the current optimization iteration...
 99%|█████████▉| 148/149 [05:33<?, ?trial/s, best loss=?]100%|██████████| 149/149 [05:33<00:00, 333.41s/trial, best loss: -0.164]100%|██████████| 149/149 [05:33<00:00, 333.41s/trial, best loss: -0.164]
 99%|█████████▉| 149/150 [00:00<?, ?trial/s, best loss=?]                                                         Params: {'V_th': 10000, 'alpha': 5.43968835232901, 'decode_potentials': True, 'decoding_method': 'max', 'encoding_method': 'frequency', 'lr': 0.5967032174591832, 'max_features': 1.0, 'max_samples': 0.2, 'mu_minus': 0.66, 'mu_plus': 0.66, 'n_estimators': 1, 'n_fields': None, 'neuron_model': 'iaf_psc_exp', 'ref_seq_interval': 5, 'resolution': 0.1, 'shift_minus': 0.082904630221119, 'shift_plus': -0.0041076515823321065, 'sigma_w': None, 'synapse_model': 'shifted_nn_restr_stdp_synapse', 't_ref': 0.0, 'tau_m': 10000000.0, 'tau_minus': 121.0, 'tau_plus': 201.0, 'tau_s': 0.0, 'time': 300, 'w_init': 0.0}
Score: 0.1020
 99%|█████████▉| 149/150 [05:33<?, ?trial/s, best loss=?]                                                         Deleting files related to the current optimization iteration...
 99%|█████████▉| 149/150 [05:33<?, ?trial/s, best loss=?]100%|██████████| 150/150 [05:33<00:00, 333.50s/trial, best loss: -0.164]100%|██████████| 150/150 [05:33<00:00, 333.50s/trial, best loss: -0.164]
 99%|█████████▉| 150/151 [00:00<?, ?trial/s, best loss=?]                                                         Params: {'V_th': 10000, 'alpha': 6.237718192419225, 'decode_potentials': True, 'decoding_method': 'max', 'encoding_method': 'frequency', 'lr': 0.6123059450464801, 'max_features': 1.0, 'max_samples': 0.2, 'mu_minus': 0.66, 'mu_plus': 0.66, 'n_estimators': 1, 'n_fields': None, 'neuron_model': 'iaf_psc_exp', 'ref_seq_interval': 5, 'resolution': 0.1, 'shift_minus': 0.05319532360952875, 'shift_plus': -0.11484198844683818, 'sigma_w': None, 'synapse_model': 'shifted_nn_restr_stdp_synapse', 't_ref': 0.0, 'tau_m': 10000000.0, 'tau_minus': 121.0, 'tau_plus': 201.0, 'tau_s': 0.0, 'time': 300, 'w_init': 0.0}
Score: 0.0990
 99%|█████████▉| 150/151 [05:33<?, ?trial/s, best loss=?]                                                         Deleting files related to the current optimization iteration...
 99%|█████████▉| 150/151 [05:33<?, ?trial/s, best loss=?]100%|██████████| 151/151 [05:33<00:00, 333.62s/trial, best loss: -0.164]100%|██████████| 151/151 [05:33<00:00, 333.62s/trial, best loss: -0.164]
 99%|█████████▉| 151/152 [00:00<?, ?trial/s, best loss=?]                                                         Params: {'V_th': 10000, 'alpha': 4.8202701635515295, 'decode_potentials': True, 'decoding_method': 'max', 'encoding_method': 'frequency', 'lr': 0.23907475556846125, 'max_features': 1.0, 'max_samples': 0.2, 'mu_minus': 0.11, 'mu_plus': 0.46, 'n_estimators': 1, 'n_fields': None, 'neuron_model': 'iaf_psc_exp', 'ref_seq_interval': 5, 'resolution': 0.1, 'shift_minus': 0.11555094479637772, 'shift_plus': -0.20595617165388277, 'sigma_w': None, 'synapse_model': 'shifted_nn_restr_stdp_synapse', 't_ref': 0.0, 'tau_m': 10000000.0, 'tau_minus': 81.0, 'tau_plus': 1.0, 'tau_s': 0.0, 'time': 300, 'w_init': 0.0}
Score: 0.1020
 99%|█████████▉| 151/152 [05:33<?, ?trial/s, best loss=?]                                                         Deleting files related to the current optimization iteration...
 99%|█████████▉| 151/152 [05:33<?, ?trial/s, best loss=?]100%|██████████| 152/152 [05:33<00:00, 333.58s/trial, best loss: -0.164]100%|██████████| 152/152 [05:33<00:00, 333.58s/trial, best loss: -0.164]
 99%|█████████▉| 152/153 [00:00<?, ?trial/s, best loss=?]                                                         Params: {'V_th': 10000, 'alpha': 4.366500342845924, 'decode_potentials': True, 'decoding_method': 'max', 'encoding_method': 'frequency', 'lr': 0.6515741414540321, 'max_features': 1.0, 'max_samples': 0.2, 'mu_minus': 0.060000000000000005, 'mu_plus': 0.76, 'n_estimators': 1, 'n_fields': None, 'neuron_model': 'iaf_psc_exp', 'ref_seq_interval': 7, 'resolution': 0.1, 'shift_minus': 0.025238145818807817, 'shift_plus': -0.03626299666178151, 'sigma_w': None, 'synapse_model': 'shifted_nn_restr_stdp_synapse', 't_ref': 0.0, 'tau_m': 10000000.0, 'tau_minus': 181.0, 'tau_plus': 121.0, 'tau_s': 0.0, 'time': 300, 'w_init': 0.0}
Score: 0.1000
 99%|█████████▉| 152/153 [05:33<?, ?trial/s, best loss=?]                                                         Deleting files related to the current optimization iteration...
 99%|█████████▉| 152/153 [05:33<?, ?trial/s, best loss=?]100%|██████████| 153/153 [05:33<00:00, 333.63s/trial, best loss: -0.164]100%|██████████| 153/153 [05:33<00:00, 333.63s/trial, best loss: -0.164]
 99%|█████████▉| 153/154 [00:00<?, ?trial/s, best loss=?]                                                         Params: {'V_th': 10000, 'alpha': 5.239650887528939, 'decode_potentials': True, 'decoding_method': 'max', 'encoding_method': 'frequency', 'lr': 0.39050568685156095, 'max_features': 1.0, 'max_samples': 0.2, 'mu_minus': 0.6100000000000001, 'mu_plus': 0.8600000000000001, 'n_estimators': 1, 'n_fields': None, 'neuron_model': 'iaf_psc_exp', 'ref_seq_interval': 5, 'resolution': 0.1, 'shift_minus': 0.0009833618675232055, 'shift_plus': -0.13845110211620992, 'sigma_w': None, 'synapse_model': 'shifted_nn_restr_stdp_synapse', 't_ref': 0.0, 'tau_m': 10000000.0, 'tau_minus': 221.0, 'tau_plus': 81.0, 'tau_s': 0.0, 'time': 300, 'w_init': 0.0}
Score: 0.1250
 99%|█████████▉| 153/154 [05:33<?, ?trial/s, best loss=?]                                                         Deleting files related to the current optimization iteration...
 99%|█████████▉| 153/154 [05:33<?, ?trial/s, best loss=?]100%|██████████| 154/154 [05:33<00:00, 333.42s/trial, best loss: -0.164]100%|██████████| 154/154 [05:33<00:00, 333.42s/trial, best loss: -0.164]
 99%|█████████▉| 154/155 [00:00<?, ?trial/s, best loss=?]                                                         Params: {'V_th': 10000, 'alpha': 6.46555892014821, 'decode_potentials': True, 'decoding_method': 'max', 'encoding_method': 'frequency', 'lr': 0.3524337308199957, 'max_features': 1.0, 'max_samples': 0.2, 'mu_minus': 0.6100000000000001, 'mu_plus': 0.8600000000000001, 'n_estimators': 1, 'n_fields': None, 'neuron_model': 'iaf_psc_exp', 'ref_seq_interval': 9, 'resolution': 0.1, 'shift_minus': 0.0010331257915031878, 'shift_plus': -0.15530451052803618, 'sigma_w': None, 'synapse_model': 'shifted_nn_restr_stdp_synapse', 't_ref': 0.0, 'tau_m': 10000000.0, 'tau_minus': 221.0, 'tau_plus': 81.0, 'tau_s': 0.0, 'time': 300, 'w_init': 0.0}
Score: 0.1200
 99%|█████████▉| 154/155 [05:33<?, ?trial/s, best loss=?]                                                         Deleting files related to the current optimization iteration...
 99%|█████████▉| 154/155 [05:34<?, ?trial/s, best loss=?]100%|██████████| 155/155 [05:34<00:00, 334.04s/trial, best loss: -0.164]100%|██████████| 155/155 [05:34<00:00, 334.05s/trial, best loss: -0.164]
 99%|█████████▉| 155/156 [00:00<?, ?trial/s, best loss=?]                                                         Params: {'V_th': 10000, 'alpha': 3.8733589191323325, 'decode_potentials': True, 'decoding_method': 'max', 'encoding_method': 'frequency', 'lr': 0.4032766106853307, 'max_features': 1.0, 'max_samples': 0.2, 'mu_minus': 0.6100000000000001, 'mu_plus': 0.8600000000000001, 'n_estimators': 1, 'n_fields': None, 'neuron_model': 'iaf_psc_exp', 'ref_seq_interval': 5, 'resolution': 0.1, 'shift_minus': 0.06463965983587266, 'shift_plus': -0.23499695400096315, 'sigma_w': None, 'synapse_model': 'shifted_nn_restr_stdp_synapse', 't_ref': 0.0, 'tau_m': 10000000.0, 'tau_minus': 221.0, 'tau_plus': 81.0, 'tau_s': 0.0, 'time': 300, 'w_init': 0.0}
Score: 0.0980
 99%|█████████▉| 155/156 [05:33<?, ?trial/s, best loss=?]                                                         Deleting files related to the current optimization iteration...
 99%|█████████▉| 155/156 [05:33<?, ?trial/s, best loss=?]100%|██████████| 156/156 [05:33<00:00, 333.58s/trial, best loss: -0.164]100%|██████████| 156/156 [05:33<00:00, 333.58s/trial, best loss: -0.164]
 99%|█████████▉| 156/157 [00:00<?, ?trial/s, best loss=?]                                                         Params: {'V_th': 10000, 'alpha': 5.171511534637209, 'decode_potentials': True, 'decoding_method': 'max', 'encoding_method': 'frequency', 'lr': 0.45211943385258313, 'max_features': 1.0, 'max_samples': 0.2, 'mu_minus': 0.6100000000000001, 'mu_plus': 0.8600000000000001, 'n_estimators': 1, 'n_fields': None, 'neuron_model': 'iaf_psc_exp', 'ref_seq_interval': 6, 'resolution': 0.1, 'shift_minus': 0.015001985976814736, 'shift_plus': -0.39483666920274896, 'sigma_w': None, 'synapse_model': 'shifted_nn_restr_stdp_synapse', 't_ref': 0.0, 'tau_m': 10000000.0, 'tau_minus': 221.0, 'tau_plus': 81.0, 'tau_s': 0.0, 'time': 300, 'w_init': 0.0}
Score: 0.0970
 99%|█████████▉| 156/157 [05:33<?, ?trial/s, best loss=?]                                                         Deleting files related to the current optimization iteration...
 99%|█████████▉| 156/157 [05:33<?, ?trial/s, best loss=?]100%|██████████| 157/157 [05:33<00:00, 333.22s/trial, best loss: -0.164]100%|██████████| 157/157 [05:33<00:00, 333.22s/trial, best loss: -0.164]
 99%|█████████▉| 157/158 [00:00<?, ?trial/s, best loss=?]                                                         Params: {'V_th': 10000, 'alpha': 7.406007128046088, 'decode_potentials': True, 'decoding_method': 'max', 'encoding_method': 'frequency', 'lr': 0.1670455008714335, 'max_features': 1.0, 'max_samples': 0.2, 'mu_minus': 0.6100000000000001, 'mu_plus': 0.8600000000000001, 'n_estimators': 1, 'n_fields': None, 'neuron_model': 'iaf_psc_exp', 'ref_seq_interval': 4, 'resolution': 0.1, 'shift_minus': 0.04558186737583036, 'shift_plus': -0.1661986490708085, 'sigma_w': None, 'synapse_model': 'shifted_nn_restr_stdp_synapse', 't_ref': 0.0, 'tau_m': 10000000.0, 'tau_minus': 221.0, 'tau_plus': 81.0, 'tau_s': 0.0, 'time': 300, 'w_init': 0.0}
Score: 0.0930
 99%|█████████▉| 157/158 [05:33<?, ?trial/s, best loss=?]                                                         Deleting files related to the current optimization iteration...
 99%|█████████▉| 157/158 [05:33<?, ?trial/s, best loss=?]100%|██████████| 158/158 [05:33<00:00, 333.24s/trial, best loss: -0.164]100%|██████████| 158/158 [05:33<00:00, 333.24s/trial, best loss: -0.164]
 99%|█████████▉| 158/159 [00:00<?, ?trial/s, best loss=?]                                                         Params: {'V_th': 10000, 'alpha': 6.753904827331358, 'decode_potentials': True, 'decoding_method': 'max', 'encoding_method': 'frequency', 'lr': 0.22504233202159674, 'max_features': 1.0, 'max_samples': 0.2, 'mu_minus': 0.6100000000000001, 'mu_plus': 0.8600000000000001, 'n_estimators': 1, 'n_fields': None, 'neuron_model': 'iaf_psc_exp', 'ref_seq_interval': 5, 'resolution': 0.1, 'shift_minus': 0.035233035102268155, 'shift_plus': -0.12775193764456508, 'sigma_w': None, 'synapse_model': 'shifted_nn_restr_stdp_synapse', 't_ref': 0.0, 'tau_m': 10000000.0, 'tau_minus': 221.0, 'tau_plus': 81.0, 'tau_s': 0.0, 'time': 300, 'w_init': 0.0}
Score: 0.0950
 99%|█████████▉| 158/159 [05:33<?, ?trial/s, best loss=?]                                                         Deleting files related to the current optimization iteration...
 99%|█████████▉| 158/159 [05:33<?, ?trial/s, best loss=?]100%|██████████| 159/159 [05:33<00:00, 333.20s/trial, best loss: -0.164]100%|██████████| 159/159 [05:33<00:00, 333.20s/trial, best loss: -0.164]
 99%|█████████▉| 159/160 [00:00<?, ?trial/s, best loss=?]                                                         Params: {'V_th': 10000, 'alpha': 2.870074749683945, 'decode_potentials': True, 'decoding_method': 'max', 'encoding_method': 'frequency', 'lr': 0.3080029614050722, 'max_features': 1.0, 'max_samples': 0.2, 'mu_minus': 0.8600000000000001, 'mu_plus': 0.11, 'n_estimators': 1, 'n_fields': None, 'neuron_model': 'iaf_psc_exp', 'ref_seq_interval': 2, 'resolution': 0.1, 'shift_minus': 0.0004642278695450577, 'shift_plus': -0.26437571141224625, 'sigma_w': None, 'synapse_model': 'shifted_nn_restr_stdp_synapse', 't_ref': 0.0, 'tau_m': 10000000.0, 'tau_minus': 221.0, 'tau_plus': 61.0, 'tau_s': 0.0, 'time': 300, 'w_init': 0.0}
Score: 0.0820
 99%|█████████▉| 159/160 [05:33<?, ?trial/s, best loss=?]                                                         Deleting files related to the current optimization iteration...
 99%|█████████▉| 159/160 [05:33<?, ?trial/s, best loss=?]100%|██████████| 160/160 [05:33<00:00, 333.28s/trial, best loss: -0.164]100%|██████████| 160/160 [05:33<00:00, 333.28s/trial, best loss: -0.164]
 99%|█████████▉| 160/161 [00:00<?, ?trial/s, best loss=?]                                                         Params: {'V_th': 10000, 'alpha': 4.51345253198051, 'decode_potentials': True, 'decoding_method': 'max', 'encoding_method': 'frequency', 'lr': 0.3821871275392228, 'max_features': 1.0, 'max_samples': 0.2, 'mu_minus': 0.31000000000000005, 'mu_plus': 0.26, 'n_estimators': 1, 'n_fields': None, 'neuron_model': 'iaf_psc_exp', 'ref_seq_interval': 9, 'resolution': 0.1, 'shift_minus': 0.08677338209585804, 'shift_plus': -0.4803441360015527, 'sigma_w': None, 'synapse_model': 'shifted_nn_restr_stdp_synapse', 't_ref': 0.0, 'tau_m': 10000000.0, 'tau_minus': 141.0, 'tau_plus': 81.0, 'tau_s': 0.0, 'time': 300, 'w_init': 0.0}
Score: 0.1010
 99%|█████████▉| 160/161 [05:33<?, ?trial/s, best loss=?]                                                         Deleting files related to the current optimization iteration...
 99%|█████████▉| 160/161 [05:33<?, ?trial/s, best loss=?]100%|██████████| 161/161 [05:33<00:00, 333.55s/trial, best loss: -0.164]100%|██████████| 161/161 [05:33<00:00, 333.55s/trial, best loss: -0.164]
 99%|█████████▉| 161/162 [00:00<?, ?trial/s, best loss=?]                                                         Params: {'V_th': 10000, 'alpha': 0.7964093740365802, 'decode_potentials': True, 'decoding_method': 'max', 'encoding_method': 'frequency', 'lr': 0.26569545724846194, 'max_features': 1.0, 'max_samples': 0.2, 'mu_minus': 0.7100000000000001, 'mu_plus': 0.6100000000000001, 'n_estimators': 1, 'n_fields': None, 'neuron_model': 'iaf_psc_exp', 'ref_seq_interval': 10, 'resolution': 0.1, 'shift_minus': 0.07026371108397679, 'shift_plus': -0.30001271152078324, 'sigma_w': None, 'synapse_model': 'shifted_nn_restr_stdp_synapse', 't_ref': 0.0, 'tau_m': 10000000.0, 'tau_minus': 61.0, 'tau_plus': 161.0, 'tau_s': 0.0, 'time': 300, 'w_init': 0.0}
Score: 0.0890
 99%|█████████▉| 161/162 [05:33<?, ?trial/s, best loss=?]                                                         Deleting files related to the current optimization iteration...
 99%|█████████▉| 161/162 [05:33<?, ?trial/s, best loss=?]100%|██████████| 162/162 [05:33<00:00, 333.43s/trial, best loss: -0.164]100%|██████████| 162/162 [05:33<00:00, 333.43s/trial, best loss: -0.164]
 99%|█████████▉| 162/163 [00:00<?, ?trial/s, best loss=?]                                                         Params: {'V_th': 10000, 'alpha': 2.5423646162836984, 'decode_potentials': True, 'decoding_method': 'max', 'encoding_method': 'frequency', 'lr': 0.1425097421252248, 'max_features': 1.0, 'max_samples': 0.2, 'mu_minus': 0.76, 'mu_plus': 0.9600000000000001, 'n_estimators': 1, 'n_fields': None, 'neuron_model': 'iaf_psc_exp', 'ref_seq_interval': 5, 'resolution': 0.1, 'shift_minus': 0.14129052440420295, 'shift_plus': -0.1927850541032513, 'sigma_w': None, 'synapse_model': 'shifted_nn_restr_stdp_synapse', 't_ref': 0.0, 'tau_m': 10000000.0, 'tau_minus': 201.0, 'tau_plus': 21.0, 'tau_s': 0.0, 'time': 300, 'w_init': 0.0}
Score: 0.1020
 99%|█████████▉| 162/163 [05:33<?, ?trial/s, best loss=?]                                                         Deleting files related to the current optimization iteration...
 99%|█████████▉| 162/163 [05:33<?, ?trial/s, best loss=?]100%|██████████| 163/163 [05:33<00:00, 333.71s/trial, best loss: -0.164]100%|██████████| 163/163 [05:33<00:00, 333.71s/trial, best loss: -0.164]
 99%|█████████▉| 163/164 [00:00<?, ?trial/s, best loss=?]                                                         Params: {'V_th': 10000, 'alpha': 3.2828521679758804, 'decode_potentials': True, 'decoding_method': 'max', 'encoding_method': 'frequency', 'lr': 0.48022306119250546, 'max_features': 1.0, 'max_samples': 0.2, 'mu_minus': 0.36000000000000004, 'mu_plus': 0.31000000000000005, 'n_estimators': 1, 'n_fields': None, 'neuron_model': 'iaf_psc_exp', 'ref_seq_interval': 3, 'resolution': 0.1, 'shift_minus': 0.096271675091016, 'shift_plus': -0.1446293591336999, 'sigma_w': None, 'synapse_model': 'shifted_nn_restr_stdp_synapse', 't_ref': 0.0, 'tau_m': 10000000.0, 'tau_minus': 281.0, 'tau_plus': 281.0, 'tau_s': 0.0, 'time': 300, 'w_init': 0.0}
Score: 0.1000
 99%|█████████▉| 163/164 [05:33<?, ?trial/s, best loss=?]                                                         Deleting files related to the current optimization iteration...
 99%|█████████▉| 163/164 [05:33<?, ?trial/s, best loss=?]100%|██████████| 164/164 [05:33<00:00, 333.64s/trial, best loss: -0.164]100%|██████████| 164/164 [05:33<00:00, 333.64s/trial, best loss: -0.164]
 99%|█████████▉| 164/165 [00:00<?, ?trial/s, best loss=?]                                                         Params: {'V_th': 10000, 'alpha': 664.6125704212892, 'decode_potentials': True, 'decoding_method': 'max', 'encoding_method': 'frequency', 'lr': 0.09821681630936707, 'max_features': 1.0, 'max_samples': 0.2, 'mu_minus': 0.16000000000000003, 'mu_plus': 0.36000000000000004, 'n_estimators': 1, 'n_fields': None, 'neuron_model': 'iaf_psc_exp', 'ref_seq_interval': 8, 'resolution': 0.1, 'shift_minus': 0.12529965460699333, 'shift_plus': -0.5269981547649724, 'sigma_w': None, 'synapse_model': 'shifted_nn_restr_stdp_synapse', 't_ref': 0.0, 'tau_m': 10000000.0, 'tau_minus': 181.0, 'tau_plus': 61.0, 'tau_s': 0.0, 'time': 300, 'w_init': 0.0}
Score: 0.1060
 99%|█████████▉| 164/165 [05:34<?, ?trial/s, best loss=?]                                                         Deleting files related to the current optimization iteration...
 99%|█████████▉| 164/165 [05:34<?, ?trial/s, best loss=?]100%|██████████| 165/165 [05:34<00:00, 334.10s/trial, best loss: -0.164]100%|██████████| 165/165 [05:34<00:00, 334.10s/trial, best loss: -0.164]
 99%|█████████▉| 165/166 [00:00<?, ?trial/s, best loss=?]                                                         Params: {'V_th': 10000, 'alpha': 3.6148402044256445, 'decode_potentials': True, 'decoding_method': 'max', 'encoding_method': 'frequency', 'lr': 0.46315130563102797, 'max_features': 1.0, 'max_samples': 0.2, 'mu_minus': 0.81, 'mu_plus': 0.81, 'n_estimators': 1, 'n_fields': None, 'neuron_model': 'iaf_psc_exp', 'ref_seq_interval': 7, 'resolution': 0.1, 'shift_minus': 0.01367960158411969, 'shift_plus': -0.3592975747319953, 'sigma_w': None, 'synapse_model': 'shifted_nn_restr_stdp_synapse', 't_ref': 0.0, 'tau_m': 10000000.0, 'tau_minus': 261.0, 'tau_plus': 141.0, 'tau_s': 0.0, 'time': 300, 'w_init': 0.0}
Score: 0.0840
 99%|█████████▉| 165/166 [05:33<?, ?trial/s, best loss=?]                                                         Deleting files related to the current optimization iteration...
 99%|█████████▉| 165/166 [05:33<?, ?trial/s, best loss=?]100%|██████████| 166/166 [05:33<00:00, 333.38s/trial, best loss: -0.164]100%|██████████| 166/166 [05:33<00:00, 333.38s/trial, best loss: -0.164]
 99%|█████████▉| 166/167 [00:00<?, ?trial/s, best loss=?]                                                         Params: {'V_th': 10000, 'alpha': 1.4477221858334128, 'decode_potentials': True, 'decoding_method': 'max', 'encoding_method': 'frequency', 'lr': 0.7971726974951021, 'max_features': 1.0, 'max_samples': 0.2, 'mu_minus': 0.21000000000000002, 'mu_plus': 0.060000000000000005, 'n_estimators': 1, 'n_fields': None, 'neuron_model': 'iaf_psc_exp', 'ref_seq_interval': 5, 'resolution': 0.1, 'shift_minus': 0.18846048908083507, 'shift_plus': -0.42835551293621627, 'sigma_w': None, 'synapse_model': 'shifted_nn_restr_stdp_synapse', 't_ref': 0.0, 'tau_m': 10000000.0, 'tau_minus': 241.0, 'tau_plus': 221.0, 'tau_s': 0.0, 'time': 300, 'w_init': 0.0}
Score: 0.1020
 99%|█████████▉| 166/167 [05:33<?, ?trial/s, best loss=?]                                                         Deleting files related to the current optimization iteration...
 99%|█████████▉| 166/167 [05:33<?, ?trial/s, best loss=?]100%|██████████| 167/167 [05:33<00:00, 333.69s/trial, best loss: -0.164]100%|██████████| 167/167 [05:33<00:00, 333.71s/trial, best loss: -0.164]
 99%|█████████▉| 167/168 [00:00<?, ?trial/s, best loss=?]                                                         Params: {'V_th': 10000, 'alpha': 5.725167181211651, 'decode_potentials': True, 'decoding_method': 'max', 'encoding_method': 'frequency', 'lr': 0.36375989018716276, 'max_features': 1.0, 'max_samples': 0.2, 'mu_minus': 0.060000000000000005, 'mu_plus': 0.56, 'n_estimators': 1, 'n_fields': None, 'neuron_model': 'iaf_psc_exp', 'ref_seq_interval': 9, 'resolution': 0.1, 'shift_minus': 0.10825969062272643, 'shift_plus': -0.08643226350890515, 'sigma_w': None, 'synapse_model': 'shifted_nn_restr_stdp_synapse', 't_ref': 0.0, 'tau_m': 10000000.0, 'tau_minus': 41.0, 'tau_plus': 61.0, 'tau_s': 0.0, 'time': 300, 'w_init': 0.0}
Score: 0.0950
 99%|█████████▉| 167/168 [05:35<?, ?trial/s, best loss=?]                                                         Deleting files related to the current optimization iteration...
 99%|█████████▉| 167/168 [05:35<?, ?trial/s, best loss=?]100%|██████████| 168/168 [05:35<00:00, 335.72s/trial, best loss: -0.164]100%|██████████| 168/168 [05:35<00:00, 335.72s/trial, best loss: -0.164]
 99%|█████████▉| 168/169 [00:00<?, ?trial/s, best loss=?]                                                         Params: {'V_th': 10000, 'alpha': 2.05565882300599, 'decode_potentials': True, 'decoding_method': 'max', 'encoding_method': 'frequency', 'lr': 0.329671294207623, 'max_features': 1.0, 'max_samples': 0.2, 'mu_minus': 0.91, 'mu_plus': 0.91, 'n_estimators': 1, 'n_fields': None, 'neuron_model': 'iaf_psc_exp', 'ref_seq_interval': 5, 'resolution': 0.1, 'shift_minus': 0.028258660984081068, 'shift_plus': -0.22968575966783794, 'sigma_w': None, 'synapse_model': 'shifted_nn_restr_stdp_synapse', 't_ref': 0.0, 'tau_m': 10000000.0, 'tau_minus': 61.0, 'tau_plus': 101.0, 'tau_s': 0.0, 'time': 300, 'w_init': 0.0}
Score: 0.0940
 99%|█████████▉| 168/169 [05:33<?, ?trial/s, best loss=?]                                                         Deleting files related to the current optimization iteration...
 99%|█████████▉| 168/169 [05:33<?, ?trial/s, best loss=?]100%|██████████| 169/169 [05:33<00:00, 333.56s/trial, best loss: -0.164]100%|██████████| 169/169 [05:33<00:00, 333.56s/trial, best loss: -0.164]
 99%|█████████▉| 169/170 [00:00<?, ?trial/s, best loss=?]                                                         Params: {'V_th': 10000, 'alpha': 7.882880148336167, 'decode_potentials': True, 'decoding_method': 'max', 'encoding_method': 'frequency', 'lr': 0.8352307985310642, 'max_features': 1.0, 'max_samples': 0.2, 'mu_minus': 0.8600000000000001, 'mu_plus': 0.01, 'n_estimators': 1, 'n_fields': None, 'neuron_model': 'iaf_psc_exp', 'ref_seq_interval': 4, 'resolution': 0.1, 'shift_minus': 0.07849888246941857, 'shift_plus': -0.32787494994276767, 'sigma_w': None, 'synapse_model': 'shifted_nn_restr_stdp_synapse', 't_ref': 0.0, 'tau_m': 10000000.0, 'tau_minus': 181.0, 'tau_plus': 261.0, 'tau_s': 0.0, 'time': 300, 'w_init': 0.0}
Score: 0.1080
 99%|█████████▉| 169/170 [05:33<?, ?trial/s, best loss=?]                                                         Deleting files related to the current optimization iteration...
 99%|█████████▉| 169/170 [05:33<?, ?trial/s, best loss=?]100%|██████████| 170/170 [05:33<00:00, 333.64s/trial, best loss: -0.164]100%|██████████| 170/170 [05:33<00:00, 333.64s/trial, best loss: -0.164]
 99%|█████████▉| 170/171 [00:00<?, ?trial/s, best loss=?]                                                         Params: {'V_th': 10000, 'alpha': 50.14675326845768, 'decode_potentials': True, 'decoding_method': 'max', 'encoding_method': 'frequency', 'lr': 0.4234995360799353, 'max_features': 1.0, 'max_samples': 0.2, 'mu_minus': 0.6100000000000001, 'mu_plus': 0.11, 'n_estimators': 1, 'n_fields': None, 'neuron_model': 'iaf_psc_exp', 'ref_seq_interval': 6, 'resolution': 0.1, 'shift_minus': 0.312944530793055, 'shift_plus': -0.6913620956822655, 'sigma_w': None, 'synapse_model': 'shifted_nn_restr_stdp_synapse', 't_ref': 0.0, 'tau_m': 10000000.0, 'tau_minus': 21.0, 'tau_plus': 241.0, 'tau_s': 0.0, 'time': 300, 'w_init': 0.0}
Score: 0.1030
 99%|█████████▉| 170/171 [05:33<?, ?trial/s, best loss=?]                                                         Deleting files related to the current optimization iteration...
 99%|█████████▉| 170/171 [05:33<?, ?trial/s, best loss=?]100%|██████████| 171/171 [05:33<00:00, 333.67s/trial, best loss: -0.164]100%|██████████| 171/171 [05:33<00:00, 333.67s/trial, best loss: -0.164]
 99%|█████████▉| 171/172 [00:00<?, ?trial/s, best loss=?]                                                         Params: {'V_th': 10000, 'alpha': 8.436886511552421, 'decode_potentials': True, 'decoding_method': 'max', 'encoding_method': 'frequency', 'lr': 0.005851933375639329, 'max_features': 1.0, 'max_samples': 0.2, 'mu_minus': 0.9600000000000001, 'mu_plus': 0.6100000000000001, 'n_estimators': 1, 'n_fields': None, 'neuron_model': 'iaf_psc_exp', 'ref_seq_interval': 2, 'resolution': 0.1, 'shift_minus': 0.03939642069287138, 'shift_plus': -0.27196719681639325, 'sigma_w': None, 'synapse_model': 'shifted_nn_restr_stdp_synapse', 't_ref': 0.0, 'tau_m': 10000000.0, 'tau_minus': 161.0, 'tau_plus': 121.0, 'tau_s': 0.0, 'time': 300, 'w_init': 0.0}
Score: 0.0880
 99%|█████████▉| 171/172 [05:33<?, ?trial/s, best loss=?]                                                         Deleting files related to the current optimization iteration...
 99%|█████████▉| 171/172 [05:33<?, ?trial/s, best loss=?]100%|██████████| 172/172 [05:33<00:00, 333.62s/trial, best loss: -0.164]100%|██████████| 172/172 [05:33<00:00, 333.62s/trial, best loss: -0.164]
 99%|█████████▉| 172/173 [00:00<?, ?trial/s, best loss=?]                                                         Params: {'V_th': 10000, 'alpha': 2.693687072704728, 'decode_potentials': True, 'decoding_method': 'max', 'encoding_method': 'frequency', 'lr': 0.2609599173571532, 'max_features': 1.0, 'max_samples': 0.2, 'mu_minus': 0.26, 'mu_plus': 0.7100000000000001, 'n_estimators': 1, 'n_fields': None, 'neuron_model': 'iaf_psc_exp', 'ref_seq_interval': 5, 'resolution': 0.1, 'shift_minus': 0.00036139015119944766, 'shift_plus': -0.655001006488234, 'sigma_w': None, 'synapse_model': 'shifted_nn_restr_stdp_synapse', 't_ref': 0.0, 'tau_m': 10000000.0, 'tau_minus': 221.0, 'tau_plus': 181.0, 'tau_s': 0.0, 'time': 300, 'w_init': 0.0}
Score: 0.1120
 99%|█████████▉| 172/173 [05:33<?, ?trial/s, best loss=?]                                                         Deleting files related to the current optimization iteration...
 99%|█████████▉| 172/173 [05:33<?, ?trial/s, best loss=?]100%|██████████| 173/173 [05:33<00:00, 333.60s/trial, best loss: -0.164]100%|██████████| 173/173 [05:33<00:00, 333.60s/trial, best loss: -0.164]
 99%|█████████▉| 173/174 [00:00<?, ?trial/s, best loss=?]                                                         Params: {'V_th': 10000, 'alpha': 1.834439951241092, 'decode_potentials': True, 'decoding_method': 'max', 'encoding_method': 'frequency', 'lr': 0.759264787229236, 'max_features': 1.0, 'max_samples': 0.2, 'mu_minus': 0.81, 'mu_plus': 0.8600000000000001, 'n_estimators': 1, 'n_fields': None, 'neuron_model': 'iaf_psc_exp', 'ref_seq_interval': 9, 'resolution': 0.1, 'shift_minus': 0.23411414855719392, 'shift_plus': -0.37995810744146646, 'sigma_w': None, 'synapse_model': 'shifted_nn_restr_stdp_synapse', 't_ref': 0.0, 'tau_m': 10000000.0, 'tau_minus': 1.0, 'tau_plus': 81.0, 'tau_s': 0.0, 'time': 300, 'w_init': 0.0}
Score: 0.1100
 99%|█████████▉| 173/174 [05:33<?, ?trial/s, best loss=?]                                                         Deleting files related to the current optimization iteration...
 99%|█████████▉| 173/174 [05:33<?, ?trial/s, best loss=?]100%|██████████| 174/174 [05:33<00:00, 333.47s/trial, best loss: -0.164]100%|██████████| 174/174 [05:33<00:00, 333.47s/trial, best loss: -0.164]
 99%|█████████▉| 174/175 [00:00<?, ?trial/s, best loss=?]                                                         Params: {'V_th': 10000, 'alpha': 0.5196916564684776, 'decode_potentials': True, 'decoding_method': 'max', 'encoding_method': 'frequency', 'lr': 0.9671560380106469, 'max_features': 1.0, 'max_samples': 0.2, 'mu_minus': 0.01, 'mu_plus': 0.41000000000000003, 'n_estimators': 1, 'n_fields': None, 'neuron_model': 'iaf_psc_exp', 'ref_seq_interval': 3, 'resolution': 0.1, 'shift_minus': 0.021452550772199368, 'shift_plus': -0.4574531687522248, 'sigma_w': None, 'synapse_model': 'shifted_nn_restr_stdp_synapse', 't_ref': 0.0, 'tau_m': 10000000.0, 'tau_minus': 101.0, 'tau_plus': 61.0, 'tau_s': 0.0, 'time': 300, 'w_init': 0.0}
Score: 0.1020
 99%|█████████▉| 174/175 [05:33<?, ?trial/s, best loss=?]                                                         Deleting files related to the current optimization iteration...
 99%|█████████▉| 174/175 [05:33<?, ?trial/s, best loss=?]100%|██████████| 175/175 [05:33<00:00, 333.57s/trial, best loss: -0.164]100%|██████████| 175/175 [05:33<00:00, 333.57s/trial, best loss: -0.164]
 99%|█████████▉| 175/176 [00:00<?, ?trial/s, best loss=?]                                                         Params: {'V_th': 10000, 'alpha': 1209.7579234389336, 'decode_potentials': True, 'decoding_method': 'max', 'encoding_method': 'frequency', 'lr': 0.7194297995329023, 'max_features': 1.0, 'max_samples': 0.2, 'mu_minus': 0.060000000000000005, 'mu_plus': 0.21000000000000002, 'n_estimators': 1, 'n_fields': None, 'neuron_model': 'iaf_psc_exp', 'ref_seq_interval': 10, 'resolution': 0.1, 'shift_minus': 0.15297632898244734, 'shift_plus': -0.05613268999133736, 'sigma_w': None, 'synapse_model': 'shifted_nn_restr_stdp_synapse', 't_ref': 0.0, 'tau_m': 10000000.0, 'tau_minus': 181.0, 'tau_plus': 61.0, 'tau_s': 0.0, 'time': 300, 'w_init': 0.0}
Score: 0.0990
 99%|█████████▉| 175/176 [05:33<?, ?trial/s, best loss=?]                                                         Deleting files related to the current optimization iteration...
 99%|█████████▉| 175/176 [05:33<?, ?trial/s, best loss=?]100%|██████████| 176/176 [05:33<00:00, 333.35s/trial, best loss: -0.164]100%|██████████| 176/176 [05:33<00:00, 333.35s/trial, best loss: -0.164]
 99%|█████████▉| 176/177 [00:00<?, ?trial/s, best loss=?]                                                         Params: {'V_th': 10000, 'alpha': 1.19008030206889, 'decode_potentials': True, 'decoding_method': 'max', 'encoding_method': 'frequency', 'lr': 0.9279821411733915, 'max_features': 1.0, 'max_samples': 0.2, 'mu_minus': 0.51, 'mu_plus': 0.46, 'n_estimators': 1, 'n_fields': None, 'neuron_model': 'iaf_psc_exp', 'ref_seq_interval': 8, 'resolution': 0.1, 'shift_minus': 0.3544274164529392, 'shift_plus': -0.33994566747354105, 'sigma_w': None, 'synapse_model': 'shifted_nn_restr_stdp_synapse', 't_ref': 0.0, 'tau_m': 10000000.0, 'tau_minus': 81.0, 'tau_plus': 41.0, 'tau_s': 0.0, 'time': 300, 'w_init': 0.0}
Score: 0.0990
 99%|█████████▉| 176/177 [05:33<?, ?trial/s, best loss=?]                                                         Deleting files related to the current optimization iteration...
 99%|█████████▉| 176/177 [05:33<?, ?trial/s, best loss=?]100%|██████████| 177/177 [05:33<00:00, 333.50s/trial, best loss: -0.164]100%|██████████| 177/177 [05:33<00:00, 333.50s/trial, best loss: -0.164]
 99%|█████████▉| 177/178 [00:00<?, ?trial/s, best loss=?]                                                         Params: {'V_th': 10000, 'alpha': 5.2371722577658115, 'decode_potentials': True, 'decoding_method': 'max', 'encoding_method': 'frequency', 'lr': 0.8604974087229613, 'max_features': 1.0, 'max_samples': 0.2, 'mu_minus': 0.46, 'mu_plus': 0.76, 'n_estimators': 1, 'n_fields': None, 'neuron_model': 'iaf_psc_exp', 'ref_seq_interval': 5, 'resolution': 0.1, 'shift_minus': 0.05893728872651125, 'shift_plus': -0.6195015416027331, 'sigma_w': None, 'synapse_model': 'shifted_nn_restr_stdp_synapse', 't_ref': 0.0, 'tau_m': 10000000.0, 'tau_minus': 61.0, 'tau_plus': 1.0, 'tau_s': 0.0, 'time': 300, 'w_init': 0.0}
Score: 0.0870
 99%|█████████▉| 177/178 [05:33<?, ?trial/s, best loss=?]                                                         Deleting files related to the current optimization iteration...
 99%|█████████▉| 177/178 [05:33<?, ?trial/s, best loss=?]100%|██████████| 178/178 [05:33<00:00, 333.44s/trial, best loss: -0.164]100%|██████████| 178/178 [05:33<00:00, 333.44s/trial, best loss: -0.164]
 99%|█████████▉| 178/179 [00:00<?, ?trial/s, best loss=?]                                                         Params: {'V_th': 10000, 'alpha': 4.221915635352282, 'decode_potentials': True, 'decoding_method': 'max', 'encoding_method': 'frequency', 'lr': 0.29947251594596597, 'max_features': 1.0, 'max_samples': 0.2, 'mu_minus': 0.41000000000000003, 'mu_plus': 0.36000000000000004, 'n_estimators': 1, 'n_fields': None, 'neuron_model': 'iaf_psc_exp', 'ref_seq_interval': 7, 'resolution': 0.1, 'shift_minus': 0.04556079998039901, 'shift_plus': -0.49853660485986073, 'sigma_w': None, 'synapse_model': 'shifted_nn_restr_stdp_synapse', 't_ref': 0.0, 'tau_m': 10000000.0, 'tau_minus': 201.0, 'tau_plus': 161.0, 'tau_s': 0.0, 'time': 300, 'w_init': 0.0}
Score: 0.1010
 99%|█████████▉| 178/179 [05:33<?, ?trial/s, best loss=?]                                                         Deleting files related to the current optimization iteration...
 99%|█████████▉| 178/179 [05:33<?, ?trial/s, best loss=?]100%|██████████| 179/179 [05:33<00:00, 333.64s/trial, best loss: -0.164]100%|██████████| 179/179 [05:33<00:00, 333.64s/trial, best loss: -0.164]
 99%|█████████▉| 179/180 [00:00<?, ?trial/s, best loss=?]                                                         Params: {'V_th': 10000, 'alpha': 2.9864534084491257, 'decode_potentials': True, 'decoding_method': 'max', 'encoding_method': 'frequency', 'lr': 0.5298029559117218, 'max_features': 1.0, 'max_samples': 0.2, 'mu_minus': 0.56, 'mu_plus': 0.11, 'n_estimators': 1, 'n_fields': None, 'neuron_model': 'iaf_psc_exp', 'ref_seq_interval': 5, 'resolution': 0.1, 'shift_minus': 0.01102222872285936, 'shift_plus': -0.31781016072856216, 'sigma_w': None, 'synapse_model': 'shifted_nn_restr_stdp_synapse', 't_ref': 0.0, 'tau_m': 10000000.0, 'tau_minus': 141.0, 'tau_plus': 281.0, 'tau_s': 0.0, 'time': 300, 'w_init': 0.0}
Score: 0.1120
 99%|█████████▉| 179/180 [05:33<?, ?trial/s, best loss=?]                                                         Deleting files related to the current optimization iteration...
 99%|█████████▉| 179/180 [05:33<?, ?trial/s, best loss=?]100%|██████████| 180/180 [05:33<00:00, 333.69s/trial, best loss: -0.164]100%|██████████| 180/180 [05:33<00:00, 333.69s/trial, best loss: -0.164]
 99%|█████████▉| 180/181 [00:00<?, ?trial/s, best loss=?]                                                         Params: {'V_th': 10000, 'alpha': 4.983425793258122, 'decode_potentials': True, 'decoding_method': 'max', 'encoding_method': 'frequency', 'lr': 0.8991416750637017, 'max_features': 1.0, 'max_samples': 0.2, 'mu_minus': 0.8600000000000001, 'mu_plus': 0.6100000000000001, 'n_estimators': 1, 'n_fields': None, 'neuron_model': 'iaf_psc_exp', 'ref_seq_interval': 9, 'resolution': 0.1, 'shift_minus': 0.13247898742007191, 'shift_plus': -0.4042791702011878, 'sigma_w': None, 'synapse_model': 'shifted_nn_restr_stdp_synapse', 't_ref': 0.0, 'tau_m': 10000000.0, 'tau_minus': 181.0, 'tau_plus': 61.0, 'tau_s': 0.0, 'time': 300, 'w_init': 0.0}
Score: 0.1000
 99%|█████████▉| 180/181 [05:33<?, ?trial/s, best loss=?]                                                         Deleting files related to the current optimization iteration...
 99%|█████████▉| 180/181 [05:33<?, ?trial/s, best loss=?]100%|██████████| 181/181 [05:33<00:00, 333.36s/trial, best loss: -0.164]100%|██████████| 181/181 [05:33<00:00, 333.36s/trial, best loss: -0.164]
 99%|█████████▉| 181/182 [00:00<?, ?trial/s, best loss=?]                                                         Params: {'V_th': 10000, 'alpha': 7.568942675657514, 'decode_potentials': True, 'decoding_method': 'max', 'encoding_method': 'frequency', 'lr': 0.8112199982591416, 'max_features': 1.0, 'max_samples': 0.2, 'mu_minus': 0.11, 'mu_plus': 0.16000000000000003, 'n_estimators': 1, 'n_fields': None, 'neuron_model': 'iaf_psc_exp', 'ref_seq_interval': 5, 'resolution': 0.1, 'shift_minus': 0.0664638272265983, 'shift_plus': -0.13562614930501876, 'sigma_w': None, 'synapse_model': 'shifted_nn_restr_stdp_synapse', 't_ref': 0.0, 'tau_m': 10000000.0, 'tau_minus': 281.0, 'tau_plus': 141.0, 'tau_s': 0.0, 'time': 300, 'w_init': 0.0}
Score: 0.1100
 99%|█████████▉| 181/182 [05:33<?, ?trial/s, best loss=?]                                                         Deleting files related to the current optimization iteration...
 99%|█████████▉| 181/182 [05:33<?, ?trial/s, best loss=?]100%|██████████| 182/182 [05:33<00:00, 333.62s/trial, best loss: -0.164]100%|██████████| 182/182 [05:33<00:00, 333.62s/trial, best loss: -0.164]
 99%|█████████▉| 182/183 [00:00<?, ?trial/s, best loss=?]                                                         Params: {'V_th': 10000, 'alpha': 0.36455847818974857, 'decode_potentials': True, 'decoding_method': 'max', 'encoding_method': 'frequency', 'lr': 0.4019600092268562, 'max_features': 1.0, 'max_samples': 0.2, 'mu_minus': 0.31000000000000005, 'mu_plus': 0.51, 'n_estimators': 1, 'n_fields': None, 'neuron_model': 'iaf_psc_exp', 'ref_seq_interval': 6, 'resolution': 0.1, 'shift_minus': 0.0894439284953251, 'shift_plus': -0.25017819334512725, 'sigma_w': None, 'synapse_model': 'shifted_nn_restr_stdp_synapse', 't_ref': 0.0, 'tau_m': 10000000.0, 'tau_minus': 261.0, 'tau_plus': 21.0, 'tau_s': 0.0, 'time': 300, 'w_init': 0.0}
Score: 0.1010
 99%|█████████▉| 182/183 [05:33<?, ?trial/s, best loss=?]                                                         Deleting files related to the current optimization iteration...
 99%|█████████▉| 182/183 [05:33<?, ?trial/s, best loss=?]100%|██████████| 183/183 [05:33<00:00, 333.42s/trial, best loss: -0.164]100%|██████████| 183/183 [05:33<00:00, 333.42s/trial, best loss: -0.164]
 99%|█████████▉| 183/184 [00:00<?, ?trial/s, best loss=?]                                                         Params: {'V_th': 10000, 'alpha': 0.07739431127842034, 'decode_potentials': True, 'decoding_method': 'max', 'encoding_method': 'frequency', 'lr': 0.0559083566309202, 'max_features': 1.0, 'max_samples': 0.2, 'mu_minus': 0.7100000000000001, 'mu_plus': 0.26, 'n_estimators': 1, 'n_fields': None, 'neuron_model': 'iaf_psc_exp', 'ref_seq_interval': 4, 'resolution': 0.1, 'shift_minus': 0.3882562192000187, 'shift_plus': -0.21283325566247724, 'sigma_w': None, 'synapse_model': 'shifted_nn_restr_stdp_synapse', 't_ref': 0.0, 'tau_m': 10000000.0, 'tau_minus': 241.0, 'tau_plus': 81.0, 'tau_s': 0.0, 'time': 300, 'w_init': 0.0}
Score: 0.1030
 99%|█████████▉| 183/184 [05:33<?, ?trial/s, best loss=?]                                                         Deleting files related to the current optimization iteration...
 99%|█████████▉| 183/184 [05:33<?, ?trial/s, best loss=?]100%|██████████| 184/184 [05:33<00:00, 333.29s/trial, best loss: -0.164]100%|██████████| 184/184 [05:33<00:00, 333.29s/trial, best loss: -0.164]
 99%|█████████▉| 184/185 [00:00<?, ?trial/s, best loss=?]                                                         Params: {'V_th': 10000, 'alpha': 2.2961346390402717, 'decode_potentials': True, 'decoding_method': 'max', 'encoding_method': 'frequency', 'lr': 0.6820050641490035, 'max_features': 1.0, 'max_samples': 0.2, 'mu_minus': 0.76, 'mu_plus': 0.9600000000000001, 'n_estimators': 1, 'n_fields': None, 'neuron_model': 'iaf_psc_exp', 'ref_seq_interval': 2, 'resolution': 0.1, 'shift_minus': 0.02784663630849571, 'shift_plus': -0.29215113866224796, 'sigma_w': None, 'synapse_model': 'shifted_nn_restr_stdp_synapse', 't_ref': 0.0, 'tau_m': 10000000.0, 'tau_minus': 221.0, 'tau_plus': 221.0, 'tau_s': 0.0, 'time': 300, 'w_init': 0.0}
Score: 0.0970
 99%|█████████▉| 184/185 [06:03<?, ?trial/s, best loss=?]                                                         Deleting files related to the current optimization iteration...
 99%|█████████▉| 184/185 [06:03<?, ?trial/s, best loss=?]100%|██████████| 185/185 [06:03<00:00, 363.37s/trial, best loss: -0.164]100%|██████████| 185/185 [06:03<00:00, 363.37s/trial, best loss: -0.164]
 99%|█████████▉| 185/186 [00:00<?, ?trial/s, best loss=?]                                                         Params: {'V_th': 10000, 'alpha': 7.325521643613424, 'decode_potentials': True, 'decoding_method': 'max', 'encoding_method': 'frequency', 'lr': 0.9815707956758962, 'max_features': 1.0, 'max_samples': 0.2, 'mu_minus': 0.6100000000000001, 'mu_plus': 0.31000000000000005, 'n_estimators': 1, 'n_fields': None, 'neuron_model': 'iaf_psc_exp', 'ref_seq_interval': 5, 'resolution': 0.1, 'shift_minus': 0.10542834184926861, 'shift_plus': -0.18892940635728556, 'sigma_w': None, 'synapse_model': 'shifted_nn_restr_stdp_synapse', 't_ref': 0.0, 'tau_m': 10000000.0, 'tau_minus': 21.0, 'tau_plus': 101.0, 'tau_s': 0.0, 'time': 300, 'w_init': 0.0}
Score: 0.0980
 99%|█████████▉| 185/186 [05:33<?, ?trial/s, best loss=?]                                                         Deleting files related to the current optimization iteration...
 99%|█████████▉| 185/186 [05:33<?, ?trial/s, best loss=?]100%|██████████| 186/186 [05:33<00:00, 333.32s/trial, best loss: -0.164]100%|██████████| 186/186 [05:33<00:00, 333.32s/trial, best loss: -0.164]
 99%|█████████▉| 186/187 [00:00<?, ?trial/s, best loss=?]                                                         Params: {'V_th': 10000, 'alpha': 3.4052352879705143, 'decode_potentials': True, 'decoding_method': 'max', 'encoding_method': 'frequency', 'lr': 0.8327488253697138, 'max_features': 1.0, 'max_samples': 0.2, 'mu_minus': 0.81, 'mu_plus': 0.36000000000000004, 'n_estimators': 1, 'n_fields': None, 'neuron_model': 'iaf_psc_exp', 'ref_seq_interval': 9, 'resolution': 0.1, 'shift_minus': 0.26113625987326894, 'shift_plus': -0.09596286492658973, 'sigma_w': None, 'synapse_model': 'shifted_nn_restr_stdp_synapse', 't_ref': 0.0, 'tau_m': 10000000.0, 'tau_minus': 41.0, 'tau_plus': 61.0, 'tau_s': 0.0, 'time': 300, 'w_init': 0.0}
Score: 0.1000
 99%|█████████▉| 186/187 [05:33<?, ?trial/s, best loss=?]                                                         Deleting files related to the current optimization iteration...
 99%|█████████▉| 186/187 [05:33<?, ?trial/s, best loss=?]100%|██████████| 187/187 [05:33<00:00, 333.83s/trial, best loss: -0.164]100%|██████████| 187/187 [05:33<00:00, 333.83s/trial, best loss: -0.164]
 99%|█████████▉| 187/188 [00:00<?, ?trial/s, best loss=?]                                                         Params: {'V_th': 10000, 'alpha': 336.5065778858678, 'decode_potentials': True, 'decoding_method': 'max', 'encoding_method': 'frequency', 'lr': 0.2154024177286805, 'max_features': 1.0, 'max_samples': 0.2, 'mu_minus': 0.21000000000000002, 'mu_plus': 0.8600000000000001, 'n_estimators': 1, 'n_fields': None, 'neuron_model': 'iaf_psc_exp', 'ref_seq_interval': 3, 'resolution': 0.1, 'shift_minus': 0.20433878918732196, 'shift_plus': -0.16517695495019297, 'sigma_w': None, 'synapse_model': 'shifted_nn_restr_stdp_synapse', 't_ref': 0.0, 'tau_m': 10000000.0, 'tau_minus': 61.0, 'tau_plus': 241.0, 'tau_s': 0.0, 'time': 300, 'w_init': 0.0}
Score: 0.1090
 99%|█████████▉| 187/188 [05:33<?, ?trial/s, best loss=?]                                                         Deleting files related to the current optimization iteration...
 99%|█████████▉| 187/188 [05:33<?, ?trial/s, best loss=?]100%|██████████| 188/188 [05:33<00:00, 333.61s/trial, best loss: -0.164]100%|██████████| 188/188 [05:33<00:00, 333.61s/trial, best loss: -0.164]
 99%|█████████▉| 188/189 [00:00<?, ?trial/s, best loss=?]                                                         Params: {'V_th': 10000, 'alpha': 3.908116352140255, 'decode_potentials': True, 'decoding_method': 'max', 'encoding_method': 'frequency', 'lr': 0.9397054987244646, 'max_features': 1.0, 'max_samples': 0.2, 'mu_minus': 0.36000000000000004, 'mu_plus': 0.81, 'n_estimators': 1, 'n_fields': None, 'neuron_model': 'iaf_psc_exp', 'ref_seq_interval': 10, 'resolution': 0.1, 'shift_minus': 0.052725404548670335, 'shift_plus': -0.5803171894690565, 'sigma_w': None, 'synapse_model': 'shifted_nn_restr_stdp_synapse', 't_ref': 0.0, 'tau_m': 10000000.0, 'tau_minus': 181.0, 'tau_plus': 261.0, 'tau_s': 0.0, 'time': 300, 'w_init': 0.0}
Score: 0.0950
 99%|█████████▉| 188/189 [05:33<?, ?trial/s, best loss=?]                                                         Deleting files related to the current optimization iteration...
 99%|█████████▉| 188/189 [05:33<?, ?trial/s, best loss=?]100%|██████████| 189/189 [05:33<00:00, 333.36s/trial, best loss: -0.164]100%|██████████| 189/189 [05:33<00:00, 333.36s/trial, best loss: -0.164]
 99%|█████████▉| 189/190 [00:00<?, ?trial/s, best loss=?]                                                         Params: {'V_th': 10000, 'alpha': 1.5784139551528076, 'decode_potentials': True, 'decoding_method': 'max', 'encoding_method': 'frequency', 'lr': 0.33735025696403226, 'max_features': 1.0, 'max_samples': 0.2, 'mu_minus': 0.16000000000000003, 'mu_plus': 0.56, 'n_estimators': 1, 'n_fields': None, 'neuron_model': 'iaf_psc_exp', 'ref_seq_interval': 5, 'resolution': 0.1, 'shift_minus': 0.001467004116041385, 'shift_plus': -0.5441700097618399, 'sigma_w': None, 'synapse_model': 'shifted_nn_restr_stdp_synapse', 't_ref': 0.0, 'tau_m': 10000000.0, 'tau_minus': 1.0, 'tau_plus': 181.0, 'tau_s': 0.0, 'time': 300, 'w_init': 0.0}
Score: 0.0850
 99%|█████████▉| 189/190 [05:33<?, ?trial/s, best loss=?]                                                         Deleting files related to the current optimization iteration...
 99%|█████████▉| 189/190 [05:33<?, ?trial/s, best loss=?]100%|██████████| 190/190 [05:33<00:00, 333.38s/trial, best loss: -0.164]100%|██████████| 190/190 [05:33<00:00, 333.38s/trial, best loss: -0.164]
 99%|█████████▉| 190/191 [00:00<?, ?trial/s, best loss=?]                                                         Params: {'V_th': 10000, 'alpha': 6.772795364708329, 'decode_potentials': True, 'decoding_method': 'max', 'encoding_method': 'frequency', 'lr': 0.5615444185119105, 'max_features': 1.0, 'max_samples': 0.2, 'mu_minus': 0.060000000000000005, 'mu_plus': 0.01, 'n_estimators': 1, 'n_fields': None, 'neuron_model': 'iaf_psc_exp', 'ref_seq_interval': 8, 'resolution': 0.1, 'shift_minus': 0.07566716592395598, 'shift_plus': -0.357226052768174, 'sigma_w': None, 'synapse_model': 'shifted_nn_restr_stdp_synapse', 't_ref': 0.0, 'tau_m': 10000000.0, 'tau_minus': 161.0, 'tau_plus': 121.0, 'tau_s': 0.0, 'time': 300, 'w_init': 0.0}
Score: 0.0970
 99%|█████████▉| 190/191 [05:33<?, ?trial/s, best loss=?]                                                         Deleting files related to the current optimization iteration...
 99%|█████████▉| 190/191 [05:33<?, ?trial/s, best loss=?]100%|██████████| 191/191 [05:33<00:00, 333.63s/trial, best loss: -0.164]100%|██████████| 191/191 [05:33<00:00, 333.65s/trial, best loss: -0.164]
 99%|█████████▉| 191/192 [00:00<?, ?trial/s, best loss=?]                                                         Params: {'V_th': 10000, 'alpha': 9.524048989066536, 'decode_potentials': True, 'decoding_method': 'max', 'encoding_method': 'frequency', 'lr': 0.874053902227945, 'max_features': 1.0, 'max_samples': 0.2, 'mu_minus': 0.91, 'mu_plus': 0.060000000000000005, 'n_estimators': 1, 'n_fields': None, 'neuron_model': 'iaf_psc_exp', 'ref_seq_interval': 5, 'resolution': 0.1, 'shift_minus': 0.4440142898048648, 'shift_plus': -0.44578305562639536, 'sigma_w': None, 'synapse_model': 'shifted_nn_restr_stdp_synapse', 't_ref': 0.0, 'tau_m': 10000000.0, 'tau_minus': 221.0, 'tau_plus': 61.0, 'tau_s': 0.0, 'time': 300, 'w_init': 0.0}
Score: 0.0940
 99%|█████████▉| 191/192 [05:34<?, ?trial/s, best loss=?]                                                         Deleting files related to the current optimization iteration...
 99%|█████████▉| 191/192 [05:34<?, ?trial/s, best loss=?]100%|██████████| 192/192 [05:34<00:00, 334.30s/trial, best loss: -0.164]100%|██████████| 192/192 [05:34<00:00, 334.30s/trial, best loss: -0.164]
 99%|█████████▉| 192/193 [00:00<?, ?trial/s, best loss=?]                                                         Params: {'V_th': 10000, 'alpha': 4.555694132523221, 'decode_potentials': True, 'decoding_method': 'max', 'encoding_method': 'frequency', 'lr': 0.4948198817352579, 'max_features': 1.0, 'max_samples': 0.2, 'mu_minus': 0.8600000000000001, 'mu_plus': 0.91, 'n_estimators': 1, 'n_fields': None, 'neuron_model': 'iaf_psc_exp', 'ref_seq_interval': 7, 'resolution': 0.1, 'shift_minus': 0.22407109155651878, 'shift_plus': -0.5190913518461953, 'sigma_w': None, 'synapse_model': 'shifted_nn_restr_stdp_synapse', 't_ref': 0.0, 'tau_m': 10000000.0, 'tau_minus': 181.0, 'tau_plus': 41.0, 'tau_s': 0.0, 'time': 300, 'w_init': 0.0}
Score: 0.1020
 99%|█████████▉| 192/193 [05:34<?, ?trial/s, best loss=?]                                                         Deleting files related to the current optimization iteration...
 99%|█████████▉| 192/193 [05:34<?, ?trial/s, best loss=?]100%|██████████| 193/193 [05:34<00:00, 334.46s/trial, best loss: -0.164]100%|██████████| 193/193 [05:34<00:00, 334.46s/trial, best loss: -0.164]
 99%|█████████▉| 193/194 [00:00<?, ?trial/s, best loss=?]                                                         Params: {'V_th': 10000, 'alpha': 2124.7778584682505, 'decode_potentials': True, 'decoding_method': 'max', 'encoding_method': 'frequency', 'lr': 0.7817837632423094, 'max_features': 1.0, 'max_samples': 0.2, 'mu_minus': 0.26, 'mu_plus': 0.11, 'n_estimators': 1, 'n_fields': None, 'neuron_model': 'iaf_psc_exp', 'ref_seq_interval': 9, 'resolution': 0.1, 'shift_minus': 0.04111051988997661, 'shift_plus': -0.5998665736558118, 'sigma_w': None, 'synapse_model': 'shifted_nn_restr_stdp_synapse', 't_ref': 0.0, 'tau_m': 10000000.0, 'tau_minus': 101.0, 'tau_plus': 81.0, 'tau_s': 0.0, 'time': 300, 'w_init': 0.0}
Score: 0.0830
 99%|█████████▉| 193/194 [05:33<?, ?trial/s, best loss=?]                                                         Deleting files related to the current optimization iteration...
 99%|█████████▉| 193/194 [05:33<?, ?trial/s, best loss=?]100%|██████████| 194/194 [05:33<00:00, 333.35s/trial, best loss: -0.164]100%|██████████| 194/194 [05:33<00:00, 333.35s/trial, best loss: -0.164]
 99%|█████████▉| 194/195 [00:00<?, ?trial/s, best loss=?]                                                         Params: {'V_th': 10000, 'alpha': 0.6748134705545273, 'decode_potentials': True, 'decoding_method': 'max', 'encoding_method': 'frequency', 'lr': 0.7054242801850708, 'max_features': 1.0, 'max_samples': 0.2, 'mu_minus': 0.9600000000000001, 'mu_plus': 0.7100000000000001, 'n_estimators': 1, 'n_fields': None, 'neuron_model': 'iaf_psc_exp', 'ref_seq_interval': 5, 'resolution': 0.1, 'shift_minus': 0.16452845605438976, 'shift_plus': -0.41439021187765357, 'sigma_w': None, 'synapse_model': 'shifted_nn_restr_stdp_synapse', 't_ref': 0.0, 'tau_m': 10000000.0, 'tau_minus': 81.0, 'tau_plus': 61.0, 'tau_s': 0.0, 'time': 300, 'w_init': 0.0}
Score: 0.1110
 99%|█████████▉| 194/195 [05:33<?, ?trial/s, best loss=?]                                                         Deleting files related to the current optimization iteration...
 99%|█████████▉| 194/195 [05:33<?, ?trial/s, best loss=?]100%|██████████| 195/195 [05:33<00:00, 333.52s/trial, best loss: -0.164]100%|██████████| 195/195 [05:33<00:00, 333.52s/trial, best loss: -0.164]
 99%|█████████▉| 195/196 [00:00<?, ?trial/s, best loss=?]                                                         Params: {'V_th': 10000, 'alpha': 5.91594942061224, 'decode_potentials': True, 'decoding_method': 'max', 'encoding_method': 'frequency', 'lr': 0.9151245045979, 'max_features': 1.0, 'max_samples': 0.2, 'mu_minus': 0.01, 'mu_plus': 0.6100000000000001, 'n_estimators': 1, 'n_fields': None, 'neuron_model': 'iaf_psc_exp', 'ref_seq_interval': 6, 'resolution': 0.1, 'shift_minus': 0.012010549332809956, 'shift_plus': -0.850412893634348, 'sigma_w': None, 'synapse_model': 'shifted_nn_restr_stdp_synapse', 't_ref': 0.0, 'tau_m': 10000000.0, 'tau_minus': 61.0, 'tau_plus': 1.0, 'tau_s': 0.0, 'time': 300, 'w_init': 0.0}
Score: 0.1110
 99%|█████████▉| 195/196 [05:33<?, ?trial/s, best loss=?]                                                         Deleting files related to the current optimization iteration...
 99%|█████████▉| 195/196 [05:33<?, ?trial/s, best loss=?]100%|██████████| 196/196 [05:33<00:00, 333.60s/trial, best loss: -0.164]100%|██████████| 196/196 [05:33<00:00, 333.60s/trial, best loss: -0.164]
 99%|█████████▉| 196/197 [00:00<?, ?trial/s, best loss=?]                                                         Params: {'V_th': 10000, 'alpha': 5.5422581098796355, 'decode_potentials': True, 'decoding_method': 'max', 'encoding_method': 'frequency', 'lr': 0.37745471536479847, 'max_features': 1.0, 'max_samples': 0.2, 'mu_minus': 0.6100000000000001, 'mu_plus': 0.41000000000000003, 'n_estimators': 1, 'n_fields': None, 'neuron_model': 'iaf_psc_exp', 'ref_seq_interval': 4, 'resolution': 0.1, 'shift_minus': 0.020841076135288322, 'shift_plus': -0.4750022256211267, 'sigma_w': None, 'synapse_model': 'shifted_nn_restr_stdp_synapse', 't_ref': 0.0, 'tau_m': 10000000.0, 'tau_minus': 141.0, 'tau_plus': 281.0, 'tau_s': 0.0, 'time': 300, 'w_init': 0.0}
Score: 0.1120
 99%|█████████▉| 196/197 [05:33<?, ?trial/s, best loss=?]                                                         Deleting files related to the current optimization iteration...
 99%|█████████▉| 196/197 [05:33<?, ?trial/s, best loss=?]100%|██████████| 197/197 [05:33<00:00, 333.46s/trial, best loss: -0.164]100%|██████████| 197/197 [05:33<00:00, 333.46s/trial, best loss: -0.164]
 99%|█████████▉| 197/198 [00:00<?, ?trial/s, best loss=?]                                                         Params: {'V_th': 10000, 'alpha': 4.737195298928188, 'decode_potentials': True, 'decoding_method': 'max', 'encoding_method': 'frequency', 'lr': 0.7242312971212067, 'max_features': 1.0, 'max_samples': 0.2, 'mu_minus': 0.81, 'mu_plus': 0.8600000000000001, 'n_estimators': 1, 'n_fields': None, 'neuron_model': 'iaf_psc_exp', 'ref_seq_interval': 5, 'resolution': 0.1, 'shift_minus': 0.11929492662788949, 'shift_plus': -0.731621290424712, 'sigma_w': None, 'synapse_model': 'shifted_nn_restr_stdp_synapse', 't_ref': 0.0, 'tau_m': 10000000.0, 'tau_minus': 281.0, 'tau_plus': 161.0, 'tau_s': 0.0, 'time': 300, 'w_init': 0.0}
Score: 0.1060
 99%|█████████▉| 197/198 [05:33<?, ?trial/s, best loss=?]                                                         Deleting files related to the current optimization iteration...
 99%|█████████▉| 197/198 [05:33<?, ?trial/s, best loss=?]100%|██████████| 198/198 [05:33<00:00, 333.54s/trial, best loss: -0.164]100%|██████████| 198/198 [05:33<00:00, 333.54s/trial, best loss: -0.164]
 99%|█████████▉| 198/199 [00:00<?, ?trial/s, best loss=?]                                                         Params: {'V_th': 10000, 'alpha': 6.204549539142262, 'decode_potentials': True, 'decoding_method': 'max', 'encoding_method': 'frequency', 'lr': 0.9994106496105107, 'max_features': 1.0, 'max_samples': 0.2, 'mu_minus': 0.51, 'mu_plus': 0.36000000000000004, 'n_estimators': 1, 'n_fields': None, 'neuron_model': 'iaf_psc_exp', 'ref_seq_interval': 2, 'resolution': 0.1, 'shift_minus': 0.03403442283539535, 'shift_plus': -0.11034960647678908, 'sigma_w': None, 'synapse_model': 'shifted_nn_restr_stdp_synapse', 't_ref': 0.0, 'tau_m': 10000000.0, 'tau_minus': 201.0, 'tau_plus': 61.0, 'tau_s': 0.0, 'time': 300, 'w_init': 0.0}
Score: 0.0910
 99%|█████████▉| 198/199 [06:04<?, ?trial/s, best loss=?]                                                         Deleting files related to the current optimization iteration...
 99%|█████████▉| 198/199 [06:04<?, ?trial/s, best loss=?]100%|██████████| 199/199 [06:04<00:00, 364.15s/trial, best loss: -0.164]100%|██████████| 199/199 [06:04<00:00, 364.15s/trial, best loss: -0.164]
100%|█████████▉| 199/200 [00:00<?, ?trial/s, best loss=?]                                                         Params: {'V_th': 10000, 'alpha': 25.058683859261375, 'decode_potentials': True, 'decoding_method': 'max', 'encoding_method': 'frequency', 'lr': 0.6321794564058508, 'max_features': 1.0, 'max_samples': 0.2, 'mu_minus': 0.46, 'mu_plus': 0.21000000000000002, 'n_estimators': 1, 'n_fields': None, 'neuron_model': 'iaf_psc_exp', 'ref_seq_interval': 9, 'resolution': 0.1, 'shift_minus': 0.06015625792863173, 'shift_plus': -0.061800300511475864, 'sigma_w': None, 'synapse_model': 'shifted_nn_restr_stdp_synapse', 't_ref': 0.0, 'tau_m': 10000000.0, 'tau_minus': 181.0, 'tau_plus': 21.0, 'tau_s': 0.0, 'time': 300, 'w_init': 0.0}
Score: 0.0990
100%|█████████▉| 199/200 [05:33<?, ?trial/s, best loss=?]                                                         Deleting files related to the current optimization iteration...
100%|█████████▉| 199/200 [05:33<?, ?trial/s, best loss=?]100%|██████████| 200/200 [05:33<00:00, 333.81s/trial, best loss: -0.164]100%|██████████| 200/200 [05:33<00:00, 333.81s/trial, best loss: -0.164]
100%|█████████▉| 200/201 [00:00<?, ?trial/s, best loss=?]                                                         Params: {'V_th': 10000, 'alpha': 3.160573751985241, 'decode_potentials': True, 'decoding_method': 'max', 'encoding_method': 'frequency', 'lr': 0.2831375508448748, 'max_features': 1.0, 'max_samples': 0.2, 'mu_minus': 0.41000000000000003, 'mu_plus': 0.51, 'n_estimators': 1, 'n_fields': None, 'neuron_model': 'iaf_psc_exp', 'ref_seq_interval': 10, 'resolution': 0.1, 'shift_minus': 0.2826882081122987, 'shift_plus': -0.28162011395745024, 'sigma_w': None, 'synapse_model': 'shifted_nn_restr_stdp_synapse', 't_ref': 0.0, 'tau_m': 10000000.0, 'tau_minus': 241.0, 'tau_plus': 141.0, 'tau_s': 0.0, 'time': 300, 'w_init': 0.0}
Score: 0.1000
100%|█████████▉| 200/201 [05:33<?, ?trial/s, best loss=?]                                                         Deleting files related to the current optimization iteration...
100%|█████████▉| 200/201 [05:33<?, ?trial/s, best loss=?]100%|██████████| 201/201 [05:33<00:00, 333.65s/trial, best loss: -0.164]100%|██████████| 201/201 [05:33<00:00, 333.65s/trial, best loss: -0.164]
100%|█████████▉| 201/202 [00:00<?, ?trial/s, best loss=?]                                                         Params: {'V_th': 10000, 'alpha': 0.9113343638715943, 'decode_potentials': True, 'decoding_method': 'max', 'encoding_method': 'frequency', 'lr': 0.7516030593935787, 'max_features': 1.0, 'max_samples': 0.2, 'mu_minus': 0.060000000000000005, 'mu_plus': 0.76, 'n_estimators': 1, 'n_fields': None, 'neuron_model': 'iaf_psc_exp', 'ref_seq_interval': 5, 'resolution': 0.1, 'shift_minus': 0.08472998150875671, 'shift_plus': -0.3737527204446407, 'sigma_w': None, 'synapse_model': 'shifted_nn_restr_stdp_synapse', 't_ref': 0.0, 'tau_m': 10000000.0, 'tau_minus': 261.0, 'tau_plus': 81.0, 'tau_s': 0.0, 'time': 300, 'w_init': 0.0}
Score: 0.1080
100%|█████████▉| 201/202 [05:33<?, ?trial/s, best loss=?]                                                         Deleting files related to the current optimization iteration...
100%|█████████▉| 201/202 [05:33<?, ?trial/s, best loss=?]100%|██████████| 202/202 [05:33<00:00, 333.78s/trial, best loss: -0.164]100%|██████████| 202/202 [05:33<00:00, 333.79s/trial, best loss: -0.164]
100%|█████████▉| 202/203 [00:00<?, ?trial/s, best loss=?]                                                         Params: {'V_th': 10000, 'alpha': 2.1482721528317783, 'decode_potentials': True, 'decoding_method': 'max', 'encoding_method': 'frequency', 'lr': 0.963050145200374, 'max_features': 1.0, 'max_samples': 0.2, 'mu_minus': 0.11, 'mu_plus': 0.16000000000000003, 'n_estimators': 1, 'n_fields': None, 'neuron_model': 'iaf_psc_exp', 'ref_seq_interval': 3, 'resolution': 0.1, 'shift_minus': 0.09476195772012372, 'shift_plus': -0.7814177161290217, 'sigma_w': None, 'synapse_model': 'shifted_nn_restr_stdp_synapse', 't_ref': 0.0, 'tau_m': 10000000.0, 'tau_minus': 221.0, 'tau_plus': 221.0, 'tau_s': 0.0, 'time': 300, 'w_init': 0.0}
Score: 0.1010
100%|█████████▉| 202/203 [06:03<?, ?trial/s, best loss=?]                                                         Deleting files related to the current optimization iteration...
100%|█████████▉| 202/203 [06:03<?, ?trial/s, best loss=?]100%|██████████| 203/203 [06:03<00:00, 363.47s/trial, best loss: -0.164]100%|██████████| 203/203 [06:03<00:00, 363.47s/trial, best loss: -0.164]
100%|█████████▉| 203/204 [00:00<?, ?trial/s, best loss=?]                                                         Params: {'V_th': 10000, 'alpha': 2.4303326581618245, 'decode_potentials': True, 'decoding_method': 'max', 'encoding_method': 'frequency', 'lr': 0.5178553064193138, 'max_features': 1.0, 'max_samples': 0.2, 'mu_minus': 0.56, 'mu_plus': 0.11, 'n_estimators': 1, 'n_fields': None, 'neuron_model': 'iaf_psc_exp', 'ref_seq_interval': 8, 'resolution': 0.1, 'shift_minus': 0.009551367696696175, 'shift_plus': -0.9051104363271865, 'sigma_w': None, 'synapse_model': 'shifted_nn_restr_stdp_synapse', 't_ref': 0.0, 'tau_m': 10000000.0, 'tau_minus': 41.0, 'tau_plus': 101.0, 'tau_s': 0.0, 'time': 300, 'w_init': 0.0}
Score: 0.1040
100%|█████████▉| 203/204 [05:33<?, ?trial/s, best loss=?]                                                         Deleting files related to the current optimization iteration...
100%|█████████▉| 203/204 [05:33<?, ?trial/s, best loss=?]100%|██████████| 204/204 [05:33<00:00, 333.48s/trial, best loss: -0.164]100%|██████████| 204/204 [05:33<00:00, 333.48s/trial, best loss: -0.164]
100%|█████████▉| 204/205 [00:00<?, ?trial/s, best loss=?]                                                         Params: {'V_th': 10000, 'alpha': 1.3895976512861132, 'decode_potentials': True, 'decoding_method': 'max', 'encoding_method': 'frequency', 'lr': 0.44814244440601647, 'max_features': 1.0, 'max_samples': 0.2, 'mu_minus': 0.8600000000000001, 'mu_plus': 0.6100000000000001, 'n_estimators': 1, 'n_fields': None, 'neuron_model': 'iaf_psc_exp', 'ref_seq_interval': 7, 'resolution': 0.1, 'shift_minus': 0.04867703088089348, 'shift_plus': -0.3036976031851916, 'sigma_w': None, 'synapse_model': 'shifted_nn_restr_stdp_synapse', 't_ref': 0.0, 'tau_m': 10000000.0, 'tau_minus': 21.0, 'tau_plus': 61.0, 'tau_s': 0.0, 'time': 300, 'w_init': 0.0}
Score: 0.1080
100%|█████████▉| 204/205 [05:33<?, ?trial/s, best loss=?]                                                         Deleting files related to the current optimization iteration...
100%|█████████▉| 204/205 [05:33<?, ?trial/s, best loss=?]100%|██████████| 205/205 [05:33<00:00, 333.39s/trial, best loss: -0.164]100%|██████████| 205/205 [05:33<00:00, 333.39s/trial, best loss: -0.164]
100%|█████████▉| 205/206 [00:00<?, ?trial/s, best loss=?]                                                         Params: {'V_th': 10000, 'alpha': 464.1792873132652, 'decode_potentials': True, 'decoding_method': 'max', 'encoding_method': 'frequency', 'lr': 0.8513014861747878, 'max_features': 1.0, 'max_samples': 0.2, 'mu_minus': 0.31000000000000005, 'mu_plus': 0.46, 'n_estimators': 1, 'n_fields': None, 'neuron_model': 'iaf_psc_exp', 'ref_seq_interval': 5, 'resolution': 0.1, 'shift_minus': 0.11458894504994241, 'shift_plus': -0.02922810018993169, 'sigma_w': None, 'synapse_model': 'shifted_nn_restr_stdp_synapse', 't_ref': 0.0, 'tau_m': 10000000.0, 'tau_minus': 61.0, 'tau_plus': 241.0, 'tau_s': 0.0, 'time': 300, 'w_init': 0.0}
Score: 0.1030
100%|█████████▉| 205/206 [05:34<?, ?trial/s, best loss=?]                                                         Deleting files related to the current optimization iteration...
100%|█████████▉| 205/206 [05:34<?, ?trial/s, best loss=?]100%|██████████| 206/206 [05:34<00:00, 334.59s/trial, best loss: -0.164]100%|██████████| 206/206 [05:34<00:00, 334.59s/trial, best loss: -0.164]
100%|█████████▉| 206/207 [00:00<?, ?trial/s, best loss=?]                                                         Params: {'V_th': 10000, 'alpha': 1.70648642194455, 'decode_potentials': True, 'decoding_method': 'max', 'encoding_method': 'frequency', 'lr': 0.8158666101156333, 'max_features': 1.0, 'max_samples': 0.2, 'mu_minus': 0.6100000000000001, 'mu_plus': 0.26, 'n_estimators': 1, 'n_fields': None, 'neuron_model': 'iaf_psc_exp', 'ref_seq_interval': 9, 'resolution': 0.1, 'shift_minus': 0.14196204403170826, 'shift_plus': -0.2404925688506392, 'sigma_w': None, 'synapse_model': 'shifted_nn_restr_stdp_synapse', 't_ref': 0.0, 'tau_m': 10000000.0, 'tau_minus': 181.0, 'tau_plus': 181.0, 'tau_s': 0.0, 'time': 300, 'w_init': 0.0}
Score: 0.1020
100%|█████████▉| 206/207 [05:33<?, ?trial/s, best loss=?]                                                         Deleting files related to the current optimization iteration...
100%|█████████▉| 206/207 [05:33<?, ?trial/s, best loss=?]100%|██████████| 207/207 [05:33<00:00, 333.36s/trial, best loss: -0.164]100%|██████████| 207/207 [05:33<00:00, 333.36s/trial, best loss: -0.164]
100%|█████████▉| 207/208 [00:00<?, ?trial/s, best loss=?]                                                         Params: {'V_th': 10000, 'alpha': 2.8152690802648683, 'decode_potentials': True, 'decoding_method': 'max', 'encoding_method': 'frequency', 'lr': 0.6626311639779879, 'max_features': 1.0, 'max_samples': 0.2, 'mu_minus': 0.7100000000000001, 'mu_plus': 0.8600000000000001, 'n_estimators': 1, 'n_fields': None, 'neuron_model': 'iaf_psc_exp', 'ref_seq_interval': 5, 'resolution': 0.1, 'shift_minus': 0.32366204081920846, 'shift_plus': -0.20426327036304123, 'sigma_w': None, 'synapse_model': 'shifted_nn_restr_stdp_synapse', 't_ref': 0.0, 'tau_m': 10000000.0, 'tau_minus': 161.0, 'tau_plus': 261.0, 'tau_s': 0.0, 'time': 300, 'w_init': 0.0}
Score: 0.1000
100%|█████████▉| 207/208 [05:33<?, ?trial/s, best loss=?]                                                         Deleting files related to the current optimization iteration...
100%|█████████▉| 207/208 [05:33<?, ?trial/s, best loss=?]100%|██████████| 208/208 [05:33<00:00, 333.49s/trial, best loss: -0.164]100%|██████████| 208/208 [05:33<00:00, 333.49s/trial, best loss: -0.164]
100%|█████████▉| 208/209 [00:00<?, ?trial/s, best loss=?]                                                         Params: {'V_th': 10000, 'alpha': 3.7366842393714137, 'decode_potentials': True, 'decoding_method': 'max', 'encoding_method': 'frequency', 'lr': 0.7738636674657249, 'max_features': 1.0, 'max_samples': 0.2, 'mu_minus': 0.76, 'mu_plus': 0.9600000000000001, 'n_estimators': 1, 'n_fields': None, 'neuron_model': 'iaf_psc_exp', 'ref_seq_interval': 6, 'resolution': 0.1, 'shift_minus': 0.074778251782255, 'shift_plus': -0.14431101653186185, 'sigma_w': None, 'synapse_model': 'shifted_nn_restr_stdp_synapse', 't_ref': 0.0, 'tau_m': 10000000.0, 'tau_minus': 221.0, 'tau_plus': 61.0, 'tau_s': 0.0, 'time': 300, 'w_init': 0.0}
Score: 0.0970
100%|█████████▉| 208/209 [05:33<?, ?trial/s, best loss=?]                                                         Deleting files related to the current optimization iteration...
100%|█████████▉| 208/209 [05:33<?, ?trial/s, best loss=?]100%|██████████| 209/209 [05:33<00:00, 333.30s/trial, best loss: -0.164]100%|██████████| 209/209 [05:33<00:00, 333.31s/trial, best loss: -0.164]
100%|█████████▉| 209/210 [00:00<?, ?trial/s, best loss=?]                                                         Params: {'V_th': 10000, 'alpha': 4.10934568166778, 'decode_potentials': True, 'decoding_method': 'max', 'encoding_method': 'frequency', 'lr': 0.6066195282911971, 'max_features': 1.0, 'max_samples': 0.2, 'mu_minus': 0.81, 'mu_plus': 0.36000000000000004, 'n_estimators': 1, 'n_fields': None, 'neuron_model': 'iaf_psc_exp', 'ref_seq_interval': 4, 'resolution': 0.1, 'shift_minus': 0.03136829275210204, 'shift_plus': -0.17418988986170464, 'sigma_w': None, 'synapse_model': 'shifted_nn_restr_stdp_synapse', 't_ref': 0.0, 'tau_m': 10000000.0, 'tau_minus': 1.0, 'tau_plus': 121.0, 'tau_s': 0.0, 'time': 300, 'w_init': 0.0}
Score: 0.1000
100%|█████████▉| 209/210 [06:03<?, ?trial/s, best loss=?]                                                         Deleting files related to the current optimization iteration...
100%|█████████▉| 209/210 [06:03<?, ?trial/s, best loss=?]100%|██████████| 210/210 [06:03<00:00, 363.33s/trial, best loss: -0.164]100%|██████████| 210/210 [06:03<00:00, 363.33s/trial, best loss: -0.164]
100%|█████████▉| 210/211 [00:00<?, ?trial/s, best loss=?]                                                         Params: {'V_th': 10000, 'alpha': 0.014763763892208348, 'decode_potentials': True, 'decoding_method': 'max', 'encoding_method': 'frequency', 'lr': 0.8959556893478952, 'max_features': 1.0, 'max_samples': 0.2, 'mu_minus': 0.16000000000000003, 'mu_plus': 0.81, 'n_estimators': 1, 'n_fields': None, 'neuron_model': 'iaf_psc_exp', 'ref_seq_interval': 5, 'resolution': 0.1, 'shift_minus': 0.2527610862734154, 'shift_plus': -0.2653144924305939, 'sigma_w': None, 'synapse_model': 'shifted_nn_restr_stdp_synapse', 't_ref': 0.0, 'tau_m': 10000000.0, 'tau_minus': 181.0, 'tau_plus': 41.0, 'tau_s': 0.0, 'time': 300, 'w_init': 0.0}
Score: 0.1030
100%|█████████▉| 210/211 [05:33<?, ?trial/s, best loss=?]                                                         Deleting files related to the current optimization iteration...
100%|█████████▉| 210/211 [05:33<?, ?trial/s, best loss=?]100%|██████████| 211/211 [05:33<00:00, 333.29s/trial, best loss: -0.164]100%|██████████| 211/211 [05:33<00:00, 333.29s/trial, best loss: -0.164]
100%|█████████▉| 211/212 [00:00<?, ?trial/s, best loss=?]                                                         Params: {'V_th': 10000, 'alpha': 1.928315025772731, 'decode_potentials': True, 'decoding_method': 'max', 'encoding_method': 'frequency', 'lr': 0.1525266688485335, 'max_features': 1.0, 'max_samples': 0.2, 'mu_minus': 0.36000000000000004, 'mu_plus': 0.31000000000000005, 'n_estimators': 1, 'n_fields': None, 'neuron_model': 'iaf_psc_exp', 'ref_seq_interval': 2, 'resolution': 0.1, 'shift_minus': 0.004202202681266039, 'shift_plus': -0.4363049553965622, 'sigma_w': None, 'synapse_model': 'shifted_nn_restr_stdp_synapse', 't_ref': 0.0, 'tau_m': 10000000.0, 'tau_minus': 101.0, 'tau_plus': 81.0, 'tau_s': 0.0, 'time': 300, 'w_init': 0.0}
Score: 0.1030
100%|█████████▉| 211/212 [05:33<?, ?trial/s, best loss=?]                                                         Deleting files related to the current optimization iteration...
100%|█████████▉| 211/212 [05:33<?, ?trial/s, best loss=?]100%|██████████| 212/212 [05:33<00:00, 333.51s/trial, best loss: -0.164]100%|██████████| 212/212 [05:33<00:00, 333.51s/trial, best loss: -0.164]
100%|█████████▉| 212/213 [00:00<?, ?trial/s, best loss=?]                                                         Params: {'V_th': 10000, 'alpha': 1400.192629570882, 'decode_potentials': True, 'decoding_method': 'max', 'encoding_method': 'frequency', 'lr': 0.43526665425218525, 'max_features': 1.0, 'max_samples': 0.2, 'mu_minus': 0.060000000000000005, 'mu_plus': 0.56, 'n_estimators': 1, 'n_fields': None, 'neuron_model': 'iaf_psc_exp', 'ref_seq_interval': 9, 'resolution': 0.1, 'shift_minus': 0.40739270394374744, 'shift_plus': -0.2236573726400915, 'sigma_w': None, 'synapse_model': 'shifted_nn_restr_stdp_synapse', 't_ref': 0.0, 'tau_m': 10000000.0, 'tau_minus': 81.0, 'tau_plus': 61.0, 'tau_s': 0.0, 'time': 300, 'w_init': 0.0}
Score: 0.1030
100%|█████████▉| 212/213 [05:33<?, ?trial/s, best loss=?]                                                         Deleting files related to the current optimization iteration...
100%|█████████▉| 212/213 [05:33<?, ?trial/s, best loss=?]100%|██████████| 213/213 [05:33<00:00, 333.30s/trial, best loss: -0.164]100%|██████████| 213/213 [05:33<00:00, 333.30s/trial, best loss: -0.164]
100%|█████████▉| 213/214 [00:00<?, ?trial/s, best loss=?]                                                         Params: {'V_th': 10000, 'alpha': 4.395213180444934, 'decode_potentials': True, 'decoding_method': 'max', 'encoding_method': 'frequency', 'lr': 0.5554190118480624, 'max_features': 1.0, 'max_samples': 0.2, 'mu_minus': 0.21000000000000002, 'mu_plus': 0.91, 'n_estimators': 1, 'n_fields': None, 'neuron_model': 'iaf_psc_exp', 'ref_seq_interval': 10, 'resolution': 0.1, 'shift_minus': 0.33965625541262406, 'shift_plus': -0.3418773839452247, 'sigma_w': None, 'synapse_model': 'shifted_nn_restr_stdp_synapse', 't_ref': 0.0, 'tau_m': 10000000.0, 'tau_minus': 141.0, 'tau_plus': 1.0, 'tau_s': 0.0, 'time': 300, 'w_init': 0.0}
Score: 0.0990
100%|█████████▉| 213/214 [05:33<?, ?trial/s, best loss=?]                                                         Deleting files related to the current optimization iteration...
100%|█████████▉| 213/214 [05:33<?, ?trial/s, best loss=?]100%|██████████| 214/214 [05:33<00:00, 333.31s/trial, best loss: -0.164]100%|██████████| 214/214 [05:33<00:00, 333.31s/trial, best loss: -0.164]
100%|█████████▉| 214/215 [00:00<?, ?trial/s, best loss=?]                                                         Params: {'V_th': 10000, 'alpha': 7.135331258619628, 'decode_potentials': True, 'decoding_method': 'max', 'encoding_method': 'frequency', 'lr': 0.7943964284500866, 'max_features': 1.0, 'max_samples': 0.2, 'mu_minus': 0.91, 'mu_plus': 0.11, 'n_estimators': 1, 'n_fields': None, 'neuron_model': 'iaf_psc_exp', 'ref_seq_interval': 5, 'resolution': 0.1, 'shift_minus': 0.3652073285385946, 'shift_plus': -0.0028666805931427675, 'sigma_w': None, 'synapse_model': 'shifted_nn_restr_stdp_synapse', 't_ref': 0.0, 'tau_m': 10000000.0, 'tau_minus': 61.0, 'tau_plus': 161.0, 'tau_s': 0.0, 'time': 300, 'w_init': 0.0}
Score: 0.1030
100%|█████████▉| 214/215 [05:33<?, ?trial/s, best loss=?]                                                         Deleting files related to the current optimization iteration...
100%|█████████▉| 214/215 [05:33<?, ?trial/s, best loss=?]100%|██████████| 215/215 [05:33<00:00, 333.31s/trial, best loss: -0.164]100%|██████████| 215/215 [05:33<00:00, 333.31s/trial, best loss: -0.164]
100%|█████████▉| 215/216 [00:00<?, ?trial/s, best loss=?]                                                         Params: {'V_th': 10000, 'alpha': 1.0041088210179043, 'decode_potentials': True, 'decoding_method': 'max', 'encoding_method': 'frequency', 'lr': 0.7419237561150208, 'max_features': 1.0, 'max_samples': 0.2, 'mu_minus': 0.8600000000000001, 'mu_plus': 0.060000000000000005, 'n_estimators': 1, 'n_fields': None, 'neuron_model': 'iaf_psc_exp', 'ref_seq_interval': 3, 'resolution': 0.1, 'shift_minus': 0.019556190711345026, 'shift_plus': -0.6361731096995076, 'sigma_w': None, 'synapse_model': 'shifted_nn_restr_stdp_synapse', 't_ref': 0.0, 'tau_m': 10000000.0, 'tau_minus': 181.0, 'tau_plus': 281.0, 'tau_s': 0.0, 'time': 300, 'w_init': 0.0}
Score: 0.1110
100%|█████████▉| 215/216 [05:33<?, ?trial/s, best loss=?]                                                         Deleting files related to the current optimization iteration...
100%|█████████▉| 215/216 [05:33<?, ?trial/s, best loss=?]100%|██████████| 216/216 [05:33<00:00, 333.28s/trial, best loss: -0.164]100%|██████████| 216/216 [05:33<00:00, 333.28s/trial, best loss: -0.164]
100%|█████████▉| 216/217 [00:00<?, ?trial/s, best loss=?]                                                         Params: {'V_th': 10000, 'alpha': 3.5208968243949483, 'decode_potentials': True, 'decoding_method': 'max', 'encoding_method': 'frequency', 'lr': 0.9484265781570452, 'max_features': 1.0, 'max_samples': 0.2, 'mu_minus': 0.9600000000000001, 'mu_plus': 0.6100000000000001, 'n_estimators': 1, 'n_fields': None, 'neuron_model': 'iaf_psc_exp', 'ref_seq_interval': 8, 'resolution': 0.1, 'shift_minus': 0.000590142960076889, 'shift_plus': -0.39089055746943857, 'sigma_w': None, 'synapse_model': 'shifted_nn_restr_stdp_synapse', 't_ref': 0.0, 'tau_m': 10000000.0, 'tau_minus': 281.0, 'tau_plus': 61.0, 'tau_s': 0.0, 'time': 300, 'w_init': 0.0}
Score: 0.1120
100%|█████████▉| 216/217 [05:33<?, ?trial/s, best loss=?]                                                         Deleting files related to the current optimization iteration...
100%|█████████▉| 216/217 [05:33<?, ?trial/s, best loss=?]100%|██████████| 217/217 [05:33<00:00, 333.30s/trial, best loss: -0.164]100%|██████████| 217/217 [05:33<00:00, 333.30s/trial, best loss: -0.164]
100%|█████████▉| 217/218 [00:00<?, ?trial/s, best loss=?]                                                         Params: {'V_th': 10000, 'alpha': 5.75527286658192, 'decode_potentials': True, 'decoding_method': 'max', 'encoding_method': 'frequency', 'lr': 0.24636602129718407, 'max_features': 1.0, 'max_samples': 0.2, 'mu_minus': 0.6100000000000001, 'mu_plus': 0.41000000000000003, 'n_estimators': 1, 'n_fields': None, 'neuron_model': 'iaf_psc_exp', 'ref_seq_interval': 5, 'resolution': 0.1, 'shift_minus': 0.17288571558658938, 'shift_plus': -0.4928707153870473, 'sigma_w': None, 'synapse_model': 'shifted_nn_restr_stdp_synapse', 't_ref': 0.0, 'tau_m': 10000000.0, 'tau_minus': 201.0, 'tau_plus': 21.0, 'tau_s': 0.0, 'time': 300, 'w_init': 0.0}
Score: 0.0960
100%|█████████▉| 217/218 [05:33<?, ?trial/s, best loss=?]                                                         Deleting files related to the current optimization iteration...
100%|█████████▉| 217/218 [05:33<?, ?trial/s, best loss=?]100%|██████████| 218/218 [05:33<00:00, 333.44s/trial, best loss: -0.164]100%|██████████| 218/218 [05:33<00:00, 333.44s/trial, best loss: -0.164]
100%|█████████▉| 218/219 [00:00<?, ?trial/s, best loss=?]                                                         Params: {'V_th': 10000, 'alpha': 62.19956240021252, 'decode_potentials': True, 'decoding_method': 'max', 'encoding_method': 'frequency', 'lr': 0.18108810071965636, 'max_features': 1.0, 'max_samples': 0.2, 'mu_minus': 0.26, 'mu_plus': 0.01, 'n_estimators': 1, 'n_fields': None, 'neuron_model': 'iaf_psc_exp', 'ref_seq_interval': 9, 'resolution': 0.1, 'shift_minus': 0.3007860333052534, 'shift_plus': -0.5610815101243217, 'sigma_w': None, 'synapse_model': 'shifted_nn_restr_stdp_synapse', 't_ref': 0.0, 'tau_m': 10000000.0, 'tau_minus': 221.0, 'tau_plus': 81.0, 'tau_s': 0.0, 'time': 300, 'w_init': 0.0}
Score: 0.0940
100%|█████████▉| 218/219 [05:33<?, ?trial/s, best loss=?]                                                         Deleting files related to the current optimization iteration...
100%|█████████▉| 218/219 [05:33<?, ?trial/s, best loss=?]100%|██████████| 219/219 [05:33<00:00, 333.32s/trial, best loss: -0.164]100%|██████████| 219/219 [05:33<00:00, 333.32s/trial, best loss: -0.164]
100%|█████████▉| 219/220 [00:00<?, ?trial/s, best loss=?]                                                         Params: {'V_th': 10000, 'alpha': 5.0206361245950095, 'decode_potentials': True, 'decoding_method': 'max', 'encoding_method': 'frequency', 'lr': 0.6977826679993757, 'max_features': 1.0, 'max_samples': 0.2, 'mu_minus': 0.01, 'mu_plus': 0.36000000000000004, 'n_estimators': 1, 'n_fields': None, 'neuron_model': 'iaf_psc_exp', 'ref_seq_interval': 7, 'resolution': 0.1, 'shift_minus': 0.06814847046291798, 'shift_plus': -0.3200719981690838, 'sigma_w': None, 'synapse_model': 'shifted_nn_restr_stdp_synapse', 't_ref': 0.0, 'tau_m': 10000000.0, 'tau_minus': 241.0, 'tau_plus': 141.0, 'tau_s': 0.0, 'time': 300, 'w_init': 0.0}
Score: 0.0960
100%|█████████▉| 219/220 [05:33<?, ?trial/s, best loss=?]                                                         Deleting files related to the current optimization iteration...
100%|█████████▉| 219/220 [05:33<?, ?trial/s, best loss=?]100%|██████████| 220/220 [05:33<00:00, 333.28s/trial, best loss: -0.164]100%|██████████| 220/220 [05:33<00:00, 333.28s/trial, best loss: -0.164]
100%|█████████▉| 220/221 [00:00<?, ?trial/s, best loss=?]                                                         Params: {'V_th': 10000, 'alpha': 6.3456828558400895, 'decode_potentials': True, 'decoding_method': 'max', 'encoding_method': 'frequency', 'lr': 0.3543938669428761, 'max_features': 1.0, 'max_samples': 0.2, 'mu_minus': 0.81, 'mu_plus': 0.8600000000000001, 'n_estimators': 1, 'n_fields': None, 'neuron_model': 'iaf_psc_exp', 'ref_seq_interval': 5, 'resolution': 0.1, 'shift_minus': 0.10488643796325778, 'shift_plus': -0.6758730907792085, 'sigma_w': None, 'synapse_model': 'shifted_nn_restr_stdp_synapse', 't_ref': 0.0, 'tau_m': 10000000.0, 'tau_minus': 261.0, 'tau_plus': 221.0, 'tau_s': 0.0, 'time': 300, 'w_init': 0.0}
Score: 0.1030
100%|█████████▉| 220/221 [05:33<?, ?trial/s, best loss=?]                                                         Deleting files related to the current optimization iteration...
100%|█████████▉| 220/221 [05:33<?, ?trial/s, best loss=?]100%|██████████| 221/221 [05:33<00:00, 333.45s/trial, best loss: -0.164]100%|██████████| 221/221 [05:33<00:00, 333.45s/trial, best loss: -0.164]
100%|█████████▉| 221/222 [00:00<?, ?trial/s, best loss=?]                                                         Params: {'V_th': 10000, 'alpha': 5.330473669160396, 'decode_potentials': True, 'decoding_method': 'max', 'encoding_method': 'frequency', 'lr': 0.47382018034351947, 'max_features': 1.0, 'max_samples': 0.2, 'mu_minus': 0.060000000000000005, 'mu_plus': 0.51, 'n_estimators': 1, 'n_fields': None, 'neuron_model': 'iaf_psc_exp', 'ref_seq_interval': 4, 'resolution': 0.1, 'shift_minus': 0.040779695355948005, 'shift_plus': -0.11469855707810611, 'sigma_w': None, 'synapse_model': 'shifted_nn_restr_stdp_synapse', 't_ref': 0.0, 'tau_m': 10000000.0, 'tau_minus': 181.0, 'tau_plus': 61.0, 'tau_s': 0.0, 'time': 300, 'w_init': 0.0}
Score: 0.1110
100%|█████████▉| 221/222 [05:33<?, ?trial/s, best loss=?]                                                         Deleting files related to the current optimization iteration...
100%|█████████▉| 221/222 [05:33<?, ?trial/s, best loss=?]100%|██████████| 222/222 [05:33<00:00, 333.37s/trial, best loss: -0.164]100%|██████████| 222/222 [05:33<00:00, 333.37s/trial, best loss: -0.164]
100%|█████████▉| 222/223 [00:00<?, ?trial/s, best loss=?]                                                         Params: {'V_th': 10000, 'alpha': 0.2176799778243279, 'decode_potentials': True, 'decoding_method': 'max', 'encoding_method': 'frequency', 'lr': 0.3164963723208628, 'max_features': 1.0, 'max_samples': 0.2, 'mu_minus': 0.46, 'mu_plus': 0.21000000000000002, 'n_estimators': 1, 'n_fields': None, 'neuron_model': 'iaf_psc_exp', 'ref_seq_interval': 5, 'resolution': 0.1, 'shift_minus': 0.05058176416300861, 'shift_plus': -0.2559589629331701, 'sigma_w': None, 'synapse_model': 'shifted_nn_restr_stdp_synapse', 't_ref': 0.0, 'tau_m': 10000000.0, 'tau_minus': 41.0, 'tau_plus': 101.0, 'tau_s': 0.0, 'time': 300, 'w_init': 0.0}
Score: 0.1030
100%|█████████▉| 222/223 [05:33<?, ?trial/s, best loss=?]                                                         Deleting files related to the current optimization iteration...
100%|█████████▉| 222/223 [05:33<?, ?trial/s, best loss=?]100%|██████████| 223/223 [05:33<00:00, 333.47s/trial, best loss: -0.164]100%|██████████| 223/223 [05:33<00:00, 333.47s/trial, best loss: -0.164]
100%|█████████▉| 223/224 [00:00<?, ?trial/s, best loss=?]                                                         Params: {'V_th': 10000, 'alpha': 2.6433691965783486, 'decode_potentials': True, 'decoding_method': 'max', 'encoding_method': 'frequency', 'lr': 0.6434656226251676, 'max_features': 1.0, 'max_samples': 0.2, 'mu_minus': 0.51, 'mu_plus': 0.7100000000000001, 'n_estimators': 1, 'n_fields': None, 'neuron_model': 'iaf_psc_exp', 'ref_seq_interval': 9, 'resolution': 0.1, 'shift_minus': 0.4602423743448494, 'shift_plus': -0.07858689698368576, 'sigma_w': None, 'synapse_model': 'shifted_nn_restr_stdp_synapse', 't_ref': 0.0, 'tau_m': 10000000.0, 'tau_minus': 61.0, 'tau_plus': 241.0, 'tau_s': 0.0, 'time': 300, 'w_init': 0.0}
Score: 0.0910
100%|█████████▉| 223/224 [05:33<?, ?trial/s, best loss=?]                                                         Deleting files related to the current optimization iteration...
100%|█████████▉| 223/224 [05:33<?, ?trial/s, best loss=?]100%|██████████| 224/224 [05:33<00:00, 333.58s/trial, best loss: -0.164]100%|██████████| 224/224 [05:33<00:00, 333.58s/trial, best loss: -0.164]
100%|█████████▉| 224/225 [00:00<?, ?trial/s, best loss=?]                                                         Params: {'V_th': 10000, 'alpha': 11.590636201244237, 'decode_potentials': True, 'decoding_method': 'max', 'encoding_method': 'frequency', 'lr': 0.8696130414201491, 'max_features': 1.0, 'max_samples': 0.2, 'mu_minus': 0.11, 'mu_plus': 0.16000000000000003, 'n_estimators': 1, 'n_fields': None, 'neuron_model': 'iaf_psc_exp', 'ref_seq_interval': 6, 'resolution': 0.1, 'shift_minus': 0.21872885627641336, 'shift_plus': -0.19498780141671052, 'sigma_w': None, 'synapse_model': 'shifted_nn_restr_stdp_synapse', 't_ref': 0.0, 'tau_m': 10000000.0, 'tau_minus': 21.0, 'tau_plus': 181.0, 'tau_s': 0.0, 'time': 300, 'w_init': 0.0}
Score: 0.1130
100%|█████████▉| 224/225 [05:33<?, ?trial/s, best loss=?]                                                         Deleting files related to the current optimization iteration...
100%|█████████▉| 224/225 [05:33<?, ?trial/s, best loss=?]100%|██████████| 225/225 [05:33<00:00, 333.39s/trial, best loss: -0.164]100%|██████████| 225/225 [05:33<00:00, 333.39s/trial, best loss: -0.164]
100%|█████████▉| 225/226 [00:00<?, ?trial/s, best loss=?]                                                         Params: {'V_th': 10000, 'alpha': 3.0305811785689425, 'decode_potentials': True, 'decoding_method': 'max', 'encoding_method': 'frequency', 'lr': 0.11613609421996013, 'max_features': 1.0, 'max_samples': 0.2, 'mu_minus': 0.41000000000000003, 'mu_plus': 0.46, 'n_estimators': 1, 'n_fields': None, 'neuron_model': 'iaf_psc_exp', 'ref_seq_interval': 5, 'resolution': 0.1, 'shift_minus': 0.12906676671865724, 'shift_plus': -0.456747977674642, 'sigma_w': None, 'synapse_model': 'shifted_nn_restr_stdp_synapse', 't_ref': 0.0, 'tau_m': 10000000.0, 'tau_minus': 161.0, 'tau_plus': 61.0, 'tau_s': 0.0, 'time': 300, 'w_init': 0.0}
Score: 0.1130
100%|█████████▉| 225/226 [05:33<?, ?trial/s, best loss=?]                                                         Deleting files related to the current optimization iteration...
100%|█████████▉| 225/226 [05:33<?, ?trial/s, best loss=?]100%|██████████| 226/226 [05:33<00:00, 333.52s/trial, best loss: -0.164]100%|██████████| 226/226 [05:33<00:00, 333.52s/trial, best loss: -0.164]
100%|█████████▉| 226/227 [00:00<?, ?trial/s, best loss=?]                                                         Params: {'V_th': 10000, 'alpha': 1.163893998354197, 'decode_potentials': True, 'decoding_method': 'max', 'encoding_method': 'frequency', 'lr': 0.9118747128624201, 'max_features': 1.0, 'max_samples': 0.2, 'mu_minus': 0.56, 'mu_plus': 0.76, 'n_estimators': 1, 'n_fields': None, 'neuron_model': 'iaf_psc_exp', 'ref_seq_interval': 2, 'resolution': 0.1, 'shift_minus': 0.027389321356078078, 'shift_plus': -0.41969112264550534, 'sigma_w': None, 'synapse_model': 'shifted_nn_restr_stdp_synapse', 't_ref': 0.0, 'tau_m': 10000000.0, 'tau_minus': 221.0, 'tau_plus': 261.0, 'tau_s': 0.0, 'time': 300, 'w_init': 0.0}
Score: 0.0870
100%|█████████▉| 226/227 [05:33<?, ?trial/s, best loss=?]                                                         Deleting files related to the current optimization iteration...
100%|█████████▉| 226/227 [05:33<?, ?trial/s, best loss=?]100%|██████████| 227/227 [05:33<00:00, 333.77s/trial, best loss: -0.164]100%|██████████| 227/227 [05:33<00:00, 333.77s/trial, best loss: -0.164]
100%|█████████▉| 227/228 [00:00<?, ?trial/s, best loss=?]                                                         Params: {'V_th': 10000, 'alpha': 0.41400681797808925, 'decode_potentials': True, 'decoding_method': 'max', 'encoding_method': 'frequency', 'lr': 0.8217952315825607, 'max_features': 1.0, 'max_samples': 0.2, 'mu_minus': 0.6100000000000001, 'mu_plus': 0.11, 'n_estimators': 1, 'n_fields': None, 'neuron_model': 'iaf_psc_exp', 'ref_seq_interval': 10, 'resolution': 0.1, 'shift_minus': 0.09758437395761764, 'shift_plus': -0.15943607822423844, 'sigma_w': None, 'synapse_model': 'shifted_nn_restr_stdp_synapse', 't_ref': 0.0, 'tau_m': 10000000.0, 'tau_minus': 1.0, 'tau_plus': 41.0, 'tau_s': 0.0, 'time': 300, 'w_init': 0.0}
Score: 0.0980
100%|█████████▉| 227/228 [05:33<?, ?trial/s, best loss=?]                                                         Deleting files related to the current optimization iteration...
100%|█████████▉| 227/228 [05:33<?, ?trial/s, best loss=?]100%|██████████| 228/228 [05:33<00:00, 333.31s/trial, best loss: -0.164]100%|██████████| 228/228 [05:33<00:00, 333.31s/trial, best loss: -0.164]
100%|█████████▉| 228/229 [00:00<?, ?trial/s, best loss=?]                                                         Params: {'V_th': 10000, 'alpha': 3.963615427496251, 'decode_potentials': True, 'decoding_method': 'max', 'encoding_method': 'frequency', 'lr': 0.5404344141235451, 'max_features': 1.0, 'max_samples': 0.2, 'mu_minus': 0.8600000000000001, 'mu_plus': 0.6100000000000001, 'n_estimators': 1, 'n_fields': None, 'neuron_model': 'iaf_psc_exp', 'ref_seq_interval': 3, 'resolution': 0.1, 'shift_minus': 0.1510147945866823, 'shift_plus': -0.038470309137214526, 'sigma_w': None, 'synapse_model': 'shifted_nn_restr_stdp_synapse', 't_ref': 0.0, 'tau_m': 10000000.0, 'tau_minus': 181.0, 'tau_plus': 121.0, 'tau_s': 0.0, 'time': 300, 'w_init': 0.0}
Score: 0.1050
100%|█████████▉| 228/229 [06:03<?, ?trial/s, best loss=?]                                                         Deleting files related to the current optimization iteration...
100%|█████████▉| 228/229 [06:03<?, ?trial/s, best loss=?]100%|██████████| 229/229 [06:03<00:00, 363.42s/trial, best loss: -0.164]100%|██████████| 229/229 [06:03<00:00, 363.43s/trial, best loss: -0.164]
100%|█████████▉| 229/230 [00:00<?, ?trial/s, best loss=?]                                                         Params: {'V_th': 10000, 'alpha': 0.5971241927998898, 'decode_potentials': True, 'decoding_method': 'max', 'encoding_method': 'frequency', 'lr': 0.40931850524197166, 'max_features': 1.0, 'max_samples': 0.2, 'mu_minus': 0.31000000000000005, 'mu_plus': 0.26, 'n_estimators': 1, 'n_fields': None, 'neuron_model': 'iaf_psc_exp', 'ref_seq_interval': 5, 'resolution': 0.1, 'shift_minus': 0.06055192142865996, 'shift_plus': -0.7165801473919435, 'sigma_w': None, 'synapse_model': 'shifted_nn_restr_stdp_synapse', 't_ref': 0.0, 'tau_m': 10000000.0, 'tau_minus': 101.0, 'tau_plus': 81.0, 'tau_s': 0.0, 'time': 300, 'w_init': 0.0}
Score: 0.0940
100%|█████████▉| 229/230 [06:03<?, ?trial/s, best loss=?]                                                         Deleting files related to the current optimization iteration...
100%|█████████▉| 229/230 [06:03<?, ?trial/s, best loss=?]100%|██████████| 230/230 [06:03<00:00, 363.37s/trial, best loss: -0.164]100%|██████████| 230/230 [06:03<00:00, 363.37s/trial, best loss: -0.164]
100%|█████████▉| 230/231 [00:00<?, ?trial/s, best loss=?]                                                         Params: {'V_th': 10000, 'alpha': 34.91102119267864, 'decode_potentials': True, 'decoding_method': 'max', 'encoding_method': 'frequency', 'lr': 0.5891807125050026, 'max_features': 1.0, 'max_samples': 0.2, 'mu_minus': 0.81, 'mu_plus': 0.9600000000000001, 'n_estimators': 1, 'n_fields': None, 'neuron_model': 'iaf_psc_exp', 'ref_seq_interval': 8, 'resolution': 0.1, 'shift_minus': 0.18674743980156916, 'shift_plus': -0.13105039552650674, 'sigma_w': None, 'synapse_model': 'shifted_nn_restr_stdp_synapse', 't_ref': 0.0, 'tau_m': 10000000.0, 'tau_minus': 81.0, 'tau_plus': 61.0, 'tau_s': 0.0, 'time': 300, 'w_init': 0.0}
Score: 0.1080
100%|█████████▉| 230/231 [06:03<?, ?trial/s, best loss=?]                                                         Deleting files related to the current optimization iteration...
100%|█████████▉| 230/231 [06:03<?, ?trial/s, best loss=?]100%|██████████| 231/231 [06:03<00:00, 363.45s/trial, best loss: -0.164]100%|██████████| 231/231 [06:03<00:00, 363.45s/trial, best loss: -0.164]
100%|█████████▉| 231/232 [00:00<?, ?trial/s, best loss=?]                                                         Params: {'V_th': 10000, 'alpha': 4.257170790375901, 'decode_potentials': True, 'decoding_method': 'max', 'encoding_method': 'frequency', 'lr': 0.9841474411706304, 'max_features': 1.0, 'max_samples': 0.2, 'mu_minus': 0.76, 'mu_plus': 0.8600000000000001, 'n_estimators': 1, 'n_fields': None, 'neuron_model': 'iaf_psc_exp', 'ref_seq_interval': 7, 'resolution': 0.1, 'shift_minus': 0.07750356331785707, 'shift_plus': -0.3626936835616203, 'sigma_w': None, 'synapse_model': 'shifted_nn_restr_stdp_synapse', 't_ref': 0.0, 'tau_m': 10000000.0, 'tau_minus': 141.0, 'tau_plus': 1.0, 'tau_s': 0.0, 'time': 300, 'w_init': 0.0}
Score: 0.1020
100%|█████████▉| 231/232 [06:03<?, ?trial/s, best loss=?]                                                         Deleting files related to the current optimization iteration...
100%|█████████▉| 231/232 [06:03<?, ?trial/s, best loss=?]100%|██████████| 232/232 [06:03<00:00, 363.43s/trial, best loss: -0.164]100%|██████████| 232/232 [06:03<00:00, 363.43s/trial, best loss: -0.164]
100%|█████████▉| 232/233 [00:00<?, ?trial/s, best loss=?]                                                         Params: {'V_th': 10000, 'alpha': 6.608535062259008, 'decode_potentials': True, 'decoding_method': 'max', 'encoding_method': 'frequency', 'lr': 0.7690477921010379, 'max_features': 1.0, 'max_samples': 0.2, 'mu_minus': 0.16000000000000003, 'mu_plus': 0.36000000000000004, 'n_estimators': 1, 'n_fields': None, 'neuron_model': 'iaf_psc_exp', 'ref_seq_interval': 9, 'resolution': 0.1, 'shift_minus': 0.014388930381986558, 'shift_plus': -0.28813537745362466, 'sigma_w': None, 'synapse_model': 'shifted_nn_restr_stdp_synapse', 't_ref': 0.0, 'tau_m': 10000000.0, 'tau_minus': 201.0, 'tau_plus': 161.0, 'tau_s': 0.0, 'time': 300, 'w_init': 0.0}
Score: 0.0970
100%|█████████▉| 232/233 [05:33<?, ?trial/s, best loss=?]                                                         Deleting files related to the current optimization iteration...
100%|█████████▉| 232/233 [05:33<?, ?trial/s, best loss=?]100%|██████████| 233/233 [05:33<00:00, 333.38s/trial, best loss: -0.164]100%|██████████| 233/233 [05:33<00:00, 333.38s/trial, best loss: -0.164]
100%|█████████▉| 233/234 [00:00<?, ?trial/s, best loss=?]                                                         Params: {'V_th': 10000, 'alpha': 8.673182536386769, 'decode_potentials': True, 'decoding_method': 'max', 'encoding_method': 'frequency', 'lr': 0.6765431259230187, 'max_features': 1.0, 'max_samples': 0.2, 'mu_minus': 0.7100000000000001, 'mu_plus': 0.060000000000000005, 'n_estimators': 1, 'n_fields': None, 'neuron_model': 'iaf_psc_exp', 'ref_seq_interval': 5, 'resolution': 0.1, 'shift_minus': 0.03653060916405852, 'shift_plus': -0.5045804977327304, 'sigma_w': None, 'synapse_model': 'shifted_nn_restr_stdp_synapse', 't_ref': 0.0, 'tau_m': 10000000.0, 'tau_minus': 61.0, 'tau_plus': 61.0, 'tau_s': 0.0, 'time': 300, 'w_init': 0.0}
Score: 0.1010
100%|█████████▉| 233/234 [06:03<?, ?trial/s, best loss=?]                                                         Deleting files related to the current optimization iteration...
100%|█████████▉| 233/234 [06:03<?, ?trial/s, best loss=?]100%|██████████| 234/234 [06:03<00:00, 363.62s/trial, best loss: -0.164]100%|██████████| 234/234 [06:03<00:00, 363.62s/trial, best loss: -0.164]
100%|█████████▉| 234/235 [00:00<?, ?trial/s, best loss=?]                                                         Params: {'V_th': 10000, 'alpha': 6.07846174621975, 'decode_potentials': True, 'decoding_method': 'max', 'encoding_method': 'frequency', 'lr': 0.8470270832205711, 'max_features': 1.0, 'max_samples': 0.2, 'mu_minus': 0.36000000000000004, 'mu_plus': 0.31000000000000005, 'n_estimators': 1, 'n_fields': None, 'neuron_model': 'iaf_psc_exp', 'ref_seq_interval': 6, 'resolution': 0.1, 'shift_minus': 0.05534884801821019, 'shift_plus': -0.5319867917911282, 'sigma_w': None, 'synapse_model': 'shifted_nn_restr_stdp_synapse', 't_ref': 0.0, 'tau_m': 10000000.0, 'tau_minus': 181.0, 'tau_plus': 81.0, 'tau_s': 0.0, 'time': 300, 'w_init': 0.0}
Score: 0.1030
100%|█████████▉| 234/235 [06:03<?, ?trial/s, best loss=?]                                                         Deleting files related to the current optimization iteration...
100%|█████████▉| 234/235 [06:03<?, ?trial/s, best loss=?]100%|██████████| 235/235 [06:03<00:00, 363.42s/trial, best loss: -0.164]100%|██████████| 235/235 [06:03<00:00, 363.42s/trial, best loss: -0.164]
100%|█████████▉| 235/236 [00:00<?, ?trial/s, best loss=?]                                                         Params: {'V_th': 10000, 'alpha': 3.295456124130211, 'decode_potentials': True, 'decoding_method': 'max', 'encoding_method': 'frequency', 'lr': 0.8843696445255464, 'max_features': 1.0, 'max_samples': 0.2, 'mu_minus': 0.060000000000000005, 'mu_plus': 0.81, 'n_estimators': 1, 'n_fields': None, 'neuron_model': 'iaf_psc_exp', 'ref_seq_interval': 4, 'resolution': 0.1, 'shift_minus': 0.0014152436425772827, 'shift_plus': -0.2243858666268329, 'sigma_w': None, 'synapse_model': 'shifted_nn_restr_stdp_synapse', 't_ref': 0.0, 'tau_m': 10000000.0, 'tau_minus': 281.0, 'tau_plus': 281.0, 'tau_s': 0.0, 'time': 300, 'w_init': 0.0}
Score: 0.1670
100%|█████████▉| 235/236 [06:03<?, ?trial/s, best loss=?]                                                         Deleting files related to the current optimization iteration...
100%|█████████▉| 235/236 [06:03<?, ?trial/s, best loss=?]100%|██████████| 236/236 [06:03<00:00, 363.42s/trial, best loss: -0.167]100%|██████████| 236/236 [06:03<00:00, 363.42s/trial, best loss: -0.167]
100%|█████████▉| 236/237 [00:00<?, ?trial/s, best loss=?]                                                         Params: {'V_th': 10000, 'alpha': 235.36628611423245, 'decode_potentials': True, 'decoding_method': 'max', 'encoding_method': 'frequency', 'lr': 0.9383993862940737, 'max_features': 1.0, 'max_samples': 0.2, 'mu_minus': 0.060000000000000005, 'mu_plus': 0.81, 'n_estimators': 1, 'n_fields': None, 'neuron_model': 'iaf_psc_exp', 'ref_seq_interval': 4, 'resolution': 0.1, 'shift_minus': 0.021569404108100088, 'shift_plus': -0.39350277784923027, 'sigma_w': None, 'synapse_model': 'shifted_nn_restr_stdp_synapse', 't_ref': 0.0, 'tau_m': 10000000.0, 'tau_minus': 281.0, 'tau_plus': 281.0, 'tau_s': 0.0, 'time': 300, 'w_init': 0.0}
Score: 0.0870
100%|█████████▉| 236/237 [06:03<?, ?trial/s, best loss=?]                                                         Deleting files related to the current optimization iteration...
100%|█████████▉| 236/237 [06:03<?, ?trial/s, best loss=?]100%|██████████| 237/237 [06:03<00:00, 363.67s/trial, best loss: -0.167]100%|██████████| 237/237 [06:03<00:00, 363.67s/trial, best loss: -0.167]
100%|█████████▉| 237/238 [00:00<?, ?trial/s, best loss=?]                                                         Params: {'V_th': 10000, 'alpha': 2.0949391109863726, 'decode_potentials': True, 'decoding_method': 'max', 'encoding_method': 'frequency', 'lr': 0.8737872157794071, 'max_features': 1.0, 'max_samples': 0.2, 'mu_minus': 0.060000000000000005, 'mu_plus': 0.56, 'n_estimators': 1, 'n_fields': None, 'neuron_model': 'iaf_psc_exp', 'ref_seq_interval': 4, 'resolution': 0.1, 'shift_minus': 0.08174447777780736, 'shift_plus': -0.3061227688084446, 'sigma_w': None, 'synapse_model': 'shifted_nn_restr_stdp_synapse', 't_ref': 0.0, 'tau_m': 10000000.0, 'tau_minus': 281.0, 'tau_plus': 281.0, 'tau_s': 0.0, 'time': 300, 'w_init': 0.0}
Score: 0.1040
100%|█████████▉| 237/238 [06:03<?, ?trial/s, best loss=?]                                                         Deleting files related to the current optimization iteration...
100%|█████████▉| 237/238 [06:03<?, ?trial/s, best loss=?]100%|██████████| 238/238 [06:03<00:00, 363.86s/trial, best loss: -0.167]100%|██████████| 238/238 [06:03<00:00, 363.86s/trial, best loss: -0.167]
100%|█████████▉| 238/239 [00:00<?, ?trial/s, best loss=?]                                                         Params: {'V_th': 10000, 'alpha': 3.294197249737859, 'decode_potentials': True, 'decoding_method': 'max', 'encoding_method': 'frequency', 'lr': 0.9965479087386601, 'max_features': 1.0, 'max_samples': 0.2, 'mu_minus': 0.060000000000000005, 'mu_plus': 0.81, 'n_estimators': 1, 'n_fields': None, 'neuron_model': 'iaf_psc_exp', 'ref_seq_interval': 4, 'resolution': 0.1, 'shift_minus': 0.47607226125318425, 'shift_plus': -0.3422574782022615, 'sigma_w': None, 'synapse_model': 'shifted_nn_restr_stdp_synapse', 't_ref': 0.0, 'tau_m': 10000000.0, 'tau_minus': 281.0, 'tau_plus': 281.0, 'tau_s': 0.0, 'time': 300, 'w_init': 0.0}
Score: 0.1020
100%|█████████▉| 238/239 [06:05<?, ?trial/s, best loss=?]                                                         Deleting files related to the current optimization iteration...
100%|█████████▉| 238/239 [06:05<?, ?trial/s, best loss=?]100%|██████████| 239/239 [06:05<00:00, 365.62s/trial, best loss: -0.167]100%|██████████| 239/239 [06:05<00:00, 365.62s/trial, best loss: -0.167]
100%|█████████▉| 239/240 [00:00<?, ?trial/s, best loss=?]                                                         Params: {'V_th': 10000, 'alpha': 2.4998191539034496, 'decode_potentials': True, 'decoding_method': 'max', 'encoding_method': 'frequency', 'lr': 0.9618314653484592, 'max_features': 1.0, 'max_samples': 0.2, 'mu_minus': 0.060000000000000005, 'mu_plus': 0.81, 'n_estimators': 1, 'n_fields': None, 'neuron_model': 'iaf_psc_exp', 'ref_seq_interval': 4, 'resolution': 0.1, 'shift_minus': 0.26753368000759165, 'shift_plus': -0.23256953230502123, 'sigma_w': None, 'synapse_model': 'shifted_nn_restr_stdp_synapse', 't_ref': 0.0, 'tau_m': 10000000.0, 'tau_minus': 281.0, 'tau_plus': 281.0, 'tau_s': 0.0, 'time': 300, 'w_init': 0.0}
Score: 0.1010
100%|█████████▉| 239/240 [06:03<?, ?trial/s, best loss=?]                                                         Deleting files related to the current optimization iteration...
100%|█████████▉| 239/240 [06:03<?, ?trial/s, best loss=?]100%|██████████| 240/240 [06:03<00:00, 363.77s/trial, best loss: -0.167]100%|██████████| 240/240 [06:03<00:00, 363.77s/trial, best loss: -0.167]
100%|█████████▉| 240/241 [00:00<?, ?trial/s, best loss=?]                                                         Params: {'V_th': 10000, 'alpha': 1.5909009686865234, 'decode_potentials': True, 'decoding_method': 'max', 'encoding_method': 'frequency', 'lr': 0.8943397702650552, 'max_features': 1.0, 'max_samples': 0.2, 'mu_minus': 0.060000000000000005, 'mu_plus': 0.81, 'n_estimators': 1, 'n_fields': None, 'neuron_model': 'iaf_psc_exp', 'ref_seq_interval': 4, 'resolution': 0.1, 'shift_minus': 0.000307825121445583, 'shift_plus': -0.2774450983228089, 'sigma_w': None, 'synapse_model': 'shifted_nn_restr_stdp_synapse', 't_ref': 0.0, 'tau_m': 10000000.0, 'tau_minus': 281.0, 'tau_plus': 281.0, 'tau_s': 0.0, 'time': 300, 'w_init': 0.0}
Score: 0.2100
100%|█████████▉| 240/241 [06:03<?, ?trial/s, best loss=?]                                                         Deleting files related to the current optimization iteration...
100%|█████████▉| 240/241 [06:03<?, ?trial/s, best loss=?]100%|██████████| 241/241 [06:03<00:00, 363.53s/trial, best loss: -0.20999999999999996]100%|██████████| 241/241 [06:03<00:00, 363.53s/trial, best loss: -0.20999999999999996]
100%|█████████▉| 241/242 [00:00<?, ?trial/s, best loss=?]                                                         Params: {'V_th': 10000, 'alpha': 1.7268511297037779, 'decode_potentials': True, 'decoding_method': 'max', 'encoding_method': 'frequency', 'lr': 0.8890821631715415, 'max_features': 1.0, 'max_samples': 0.2, 'mu_minus': 0.060000000000000005, 'mu_plus': 0.81, 'n_estimators': 1, 'n_fields': None, 'neuron_model': 'iaf_psc_exp', 'ref_seq_interval': 4, 'resolution': 0.1, 'shift_minus': 0.3795296535311824, 'shift_plus': -0.4778949612920216, 'sigma_w': None, 'synapse_model': 'shifted_nn_restr_stdp_synapse', 't_ref': 0.0, 'tau_m': 10000000.0, 'tau_minus': 281.0, 'tau_plus': 281.0, 'tau_s': 0.0, 'time': 300, 'w_init': 0.0}
Score: 0.1040
100%|█████████▉| 241/242 [06:03<?, ?trial/s, best loss=?]                                                         Deleting files related to the current optimization iteration...
100%|█████████▉| 241/242 [06:03<?, ?trial/s, best loss=?]100%|██████████| 242/242 [06:03<00:00, 363.53s/trial, best loss: -0.20999999999999996]100%|██████████| 242/242 [06:03<00:00, 363.53s/trial, best loss: -0.20999999999999996]
100%|█████████▉| 242/243 [00:00<?, ?trial/s, best loss=?]                                                         Params: {'V_th': 10000, 'alpha': 2.29509739352552, 'decode_potentials': True, 'decoding_method': 'max', 'encoding_method': 'frequency', 'lr': 0.9157998777026245, 'max_features': 1.0, 'max_samples': 0.2, 'mu_minus': 0.060000000000000005, 'mu_plus': 0.81, 'n_estimators': 1, 'n_fields': None, 'neuron_model': 'iaf_psc_exp', 'ref_seq_interval': 4, 'resolution': 0.1, 'shift_minus': 0.16246098455240607, 'shift_plus': -0.41126846881167844, 'sigma_w': None, 'synapse_model': 'shifted_nn_restr_stdp_synapse', 't_ref': 0.0, 'tau_m': 10000000.0, 'tau_minus': 281.0, 'tau_plus': 281.0, 'tau_s': 0.0, 'time': 300, 'w_init': 0.0}
Score: 0.1110
100%|█████████▉| 242/243 [05:33<?, ?trial/s, best loss=?]                                                         Deleting files related to the current optimization iteration...
100%|█████████▉| 242/243 [05:33<?, ?trial/s, best loss=?]100%|██████████| 243/243 [05:33<00:00, 333.44s/trial, best loss: -0.20999999999999996]100%|██████████| 243/243 [05:33<00:00, 333.44s/trial, best loss: -0.20999999999999996]
100%|█████████▉| 243/244 [00:00<?, ?trial/s, best loss=?]                                                         Params: {'V_th': 10000, 'alpha': 110.81093898740612, 'decode_potentials': True, 'decoding_method': 'max', 'encoding_method': 'frequency', 'lr': 0.9813433612619469, 'max_features': 1.0, 'max_samples': 0.2, 'mu_minus': 0.21000000000000002, 'mu_plus': 0.81, 'n_estimators': 1, 'n_fields': None, 'neuron_model': 'iaf_psc_exp', 'ref_seq_interval': 4, 'resolution': 0.1, 'shift_minus': 0.20215416393415067, 'shift_plus': -0.3162173197586577, 'sigma_w': None, 'synapse_model': 'shifted_nn_restr_stdp_synapse', 't_ref': 0.0, 'tau_m': 10000000.0, 'tau_minus': 281.0, 'tau_plus': 281.0, 'tau_s': 0.0, 'time': 300, 'w_init': 0.0}
Score: 0.1030
100%|█████████▉| 243/244 [06:03<?, ?trial/s, best loss=?]                                                         Deleting files related to the current optimization iteration...
100%|█████████▉| 243/244 [06:03<?, ?trial/s, best loss=?]100%|██████████| 244/244 [06:03<00:00, 363.52s/trial, best loss: -0.20999999999999996]100%|██████████| 244/244 [06:03<00:00, 363.52s/trial, best loss: -0.20999999999999996]
100%|█████████▉| 244/245 [00:00<?, ?trial/s, best loss=?]                                                         Params: {'V_th': 10000, 'alpha': 2.783791031098867, 'decode_potentials': True, 'decoding_method': 'max', 'encoding_method': 'frequency', 'lr': 0.7983879444540056, 'max_features': 1.0, 'max_samples': 0.2, 'mu_minus': 0.8600000000000001, 'mu_plus': 0.81, 'n_estimators': 1, 'n_fields': None, 'neuron_model': 'iaf_psc_exp', 'ref_seq_interval': 4, 'resolution': 0.1, 'shift_minus': 0.48739620150857094, 'shift_plus': -0.4351457028024915, 'sigma_w': None, 'synapse_model': 'shifted_nn_restr_stdp_synapse', 't_ref': 0.0, 'tau_m': 10000000.0, 'tau_minus': 281.0, 'tau_plus': 281.0, 'tau_s': 0.0, 'time': 300, 'w_init': 0.0}
Score: 0.0950
100%|█████████▉| 244/245 [06:03<?, ?trial/s, best loss=?]                                                         Deleting files related to the current optimization iteration...
100%|█████████▉| 244/245 [06:03<?, ?trial/s, best loss=?]100%|██████████| 245/245 [06:03<00:00, 363.55s/trial, best loss: -0.20999999999999996]100%|██████████| 245/245 [06:03<00:00, 363.55s/trial, best loss: -0.20999999999999996]
100%|█████████▉| 245/246 [00:00<?, ?trial/s, best loss=?]                                                         Params: {'V_th': 10000, 'alpha': 1.298281486235522, 'decode_potentials': True, 'decoding_method': 'max', 'encoding_method': 'frequency', 'lr': 0.9317494526414839, 'max_features': 1.0, 'max_samples': 0.2, 'mu_minus': 0.9600000000000001, 'mu_plus': 0.81, 'n_estimators': 1, 'n_fields': None, 'neuron_model': 'iaf_psc_exp', 'ref_seq_interval': 4, 'resolution': 0.1, 'shift_minus': 0.12142460522330199, 'shift_plus': -0.3803611426931234, 'sigma_w': None, 'synapse_model': 'shifted_nn_restr_stdp_synapse', 't_ref': 0.0, 'tau_m': 10000000.0, 'tau_minus': 281.0, 'tau_plus': 281.0, 'tau_s': 0.0, 'time': 300, 'w_init': 0.0}
Score: 0.1040
100%|█████████▉| 245/246 [06:03<?, ?trial/s, best loss=?]                                                         Deleting files related to the current optimization iteration...
100%|█████████▉| 245/246 [06:03<?, ?trial/s, best loss=?]100%|██████████| 246/246 [06:03<00:00, 363.68s/trial, best loss: -0.20999999999999996]100%|██████████| 246/246 [06:03<00:00, 363.68s/trial, best loss: -0.20999999999999996]
100%|█████████▉| 246/247 [00:00<?, ?trial/s, best loss=?]                                                         Params: {'V_th': 10000, 'alpha': 3.6023384402544245, 'decode_potentials': True, 'decoding_method': 'max', 'encoding_method': 'frequency', 'lr': 0.8530357736254421, 'max_features': 1.0, 'max_samples': 0.2, 'mu_minus': 0.26, 'mu_plus': 0.81, 'n_estimators': 1, 'n_fields': None, 'neuron_model': 'iaf_psc_exp', 'ref_seq_interval': 4, 'resolution': 0.1, 'shift_minus': 0.0905260933403533, 'shift_plus': -0.6092234720315424, 'sigma_w': None, 'synapse_model': 'shifted_nn_restr_stdp_synapse', 't_ref': 0.0, 'tau_m': 10000000.0, 'tau_minus': 281.0, 'tau_plus': 281.0, 'tau_s': 0.0, 'time': 300, 'w_init': 0.0}
Score: 0.1060
100%|█████████▉| 246/247 [06:03<?, ?trial/s, best loss=?]                                                         Deleting files related to the current optimization iteration...
100%|█████████▉| 246/247 [06:03<?, ?trial/s, best loss=?]100%|██████████| 247/247 [06:03<00:00, 363.48s/trial, best loss: -0.20999999999999996]100%|██████████| 247/247 [06:03<00:00, 363.48s/trial, best loss: -0.20999999999999996]
100%|█████████▉| 247/248 [00:00<?, ?trial/s, best loss=?]                                                         Params: {'V_th': 10000, 'alpha': 1.5178447001161346, 'decode_potentials': True, 'decoding_method': 'max', 'encoding_method': 'frequency', 'lr': 0.9598230256897937, 'max_features': 1.0, 'max_samples': 0.2, 'mu_minus': 0.91, 'mu_plus': 0.81, 'n_estimators': 1, 'n_fields': None, 'neuron_model': 'iaf_psc_exp', 'ref_seq_interval': 4, 'resolution': 0.1, 'shift_minus': 0.1367422245122375, 'shift_plus': -0.5521931607731018, 'sigma_w': None, 'synapse_model': 'shifted_nn_restr_stdp_synapse', 't_ref': 0.0, 'tau_m': 10000000.0, 'tau_minus': 281.0, 'tau_plus': 281.0, 'tau_s': 0.0, 'time': 300, 'w_init': 0.0}
Score: 0.0980
100%|█████████▉| 247/248 [06:03<?, ?trial/s, best loss=?]                                                         Deleting files related to the current optimization iteration...
100%|█████████▉| 247/248 [06:03<?, ?trial/s, best loss=?]100%|██████████| 248/248 [06:03<00:00, 363.64s/trial, best loss: -0.20999999999999996]100%|██████████| 248/248 [06:03<00:00, 363.64s/trial, best loss: -0.20999999999999996]
100%|█████████▉| 248/249 [00:00<?, ?trial/s, best loss=?]                                                         Params: {'V_th': 10000, 'alpha': 1.880228433892362, 'decode_potentials': True, 'decoding_method': 'max', 'encoding_method': 'frequency', 'lr': 0.8363444509159866, 'max_features': 1.0, 'max_samples': 0.2, 'mu_minus': 0.060000000000000005, 'mu_plus': 0.81, 'n_estimators': 1, 'n_fields': None, 'neuron_model': 'iaf_psc_exp', 'ref_seq_interval': 4, 'resolution': 0.1, 'shift_minus': 0.010167893032773769, 'shift_plus': -0.27351772787856654, 'sigma_w': None, 'synapse_model': 'shifted_nn_restr_stdp_synapse', 't_ref': 0.0, 'tau_m': 10000000.0, 'tau_minus': 281.0, 'tau_plus': 281.0, 'tau_s': 0.0, 'time': 300, 'w_init': 0.0}
Score: 0.1120
100%|█████████▉| 248/249 [05:33<?, ?trial/s, best loss=?]                                                         Deleting files related to the current optimization iteration...
100%|█████████▉| 248/249 [05:33<?, ?trial/s, best loss=?]100%|██████████| 249/249 [05:33<00:00, 333.80s/trial, best loss: -0.20999999999999996]100%|██████████| 249/249 [05:33<00:00, 333.94s/trial, best loss: -0.20999999999999996]
100%|█████████▉| 249/250 [00:00<?, ?trial/s, best loss=?]                                                         Params: {'V_th': 10000, 'alpha': 554.7509313146614, 'decode_potentials': True, 'decoding_method': 'max', 'encoding_method': 'frequency', 'lr': 0.8903186873753561, 'max_features': 1.0, 'max_samples': 0.2, 'mu_minus': 0.81, 'mu_plus': 0.81, 'n_estimators': 1, 'n_fields': None, 'neuron_model': 'iaf_psc_exp', 'ref_seq_interval': 4, 'resolution': 0.1, 'shift_minus': 0.04446021691389282, 'shift_plus': -0.9562818425030606, 'sigma_w': None, 'synapse_model': 'shifted_nn_restr_stdp_synapse', 't_ref': 0.0, 'tau_m': 10000000.0, 'tau_minus': 281.0, 'tau_plus': 281.0, 'tau_s': 0.0, 'time': 300, 'w_init': 0.0}
Score: 0.0950
100%|█████████▉| 249/250 [05:35<?, ?trial/s, best loss=?]                                                         Deleting files related to the current optimization iteration...
100%|█████████▉| 249/250 [05:35<?, ?trial/s, best loss=?]100%|██████████| 250/250 [05:35<00:00, 335.84s/trial, best loss: -0.20999999999999996]100%|██████████| 250/250 [05:35<00:00, 335.84s/trial, best loss: -0.20999999999999996]
100%|█████████▉| 250/251 [00:00<?, ?trial/s, best loss=?]                                                         Params: {'V_th': 10000, 'alpha': 2.6371168624823182, 'decode_potentials': True, 'decoding_method': 'max', 'encoding_method': 'frequency', 'lr': 0.8130734662095727, 'max_features': 1.0, 'max_samples': 0.2, 'mu_minus': 0.01, 'mu_plus': 0.11, 'n_estimators': 1, 'n_fields': None, 'neuron_model': 'iaf_psc_exp', 'ref_seq_interval': 4, 'resolution': 0.1, 'shift_minus': 0.0006034053330000403, 'shift_plus': -0.5788452932642547, 'sigma_w': None, 'synapse_model': 'shifted_nn_restr_stdp_synapse', 't_ref': 0.0, 'tau_m': 10000000.0, 'tau_minus': 281.0, 'tau_plus': 281.0, 'tau_s': 0.0, 'time': 300, 'w_init': 0.0}
Score: 0.1100
100%|█████████▉| 250/251 [05:33<?, ?trial/s, best loss=?]                                                         Deleting files related to the current optimization iteration...
100%|█████████▉| 250/251 [05:33<?, ?trial/s, best loss=?]100%|██████████| 251/251 [05:33<00:00, 333.43s/trial, best loss: -0.20999999999999996]100%|██████████| 251/251 [05:33<00:00, 333.43s/trial, best loss: -0.20999999999999996]
100%|█████████▉| 251/252 [00:00<?, ?trial/s, best loss=?]                                                         Params: {'V_th': 10000, 'alpha': 2.93753540985249, 'decode_potentials': True, 'decoding_method': 'max', 'encoding_method': 'frequency', 'lr': 0.9022052734662198, 'max_features': 1.0, 'max_samples': 0.2, 'mu_minus': 0.46, 'mu_plus': 0.91, 'n_estimators': 1, 'n_fields': None, 'neuron_model': 'iaf_psc_exp', 'ref_seq_interval': 4, 'resolution': 0.1, 'shift_minus': 0.2442975278740976, 'shift_plus': -0.35961830909550063, 'sigma_w': None, 'synapse_model': 'shifted_nn_restr_stdp_synapse', 't_ref': 0.0, 'tau_m': 10000000.0, 'tau_minus': 281.0, 'tau_plus': 21.0, 'tau_s': 0.0, 'time': 300, 'w_init': 0.0}
Score: 0.1080
100%|█████████▉| 251/252 [05:34<?, ?trial/s, best loss=?]                                                         Deleting files related to the current optimization iteration...
100%|█████████▉| 251/252 [05:34<?, ?trial/s, best loss=?]100%|██████████| 252/252 [05:34<00:00, 334.24s/trial, best loss: -0.20999999999999996]100%|██████████| 252/252 [05:34<00:00, 334.24s/trial, best loss: -0.20999999999999996]
100%|█████████▉| 252/253 [00:00<?, ?trial/s, best loss=?]                                                         Params: {'V_th': 10000, 'alpha': 3.1711910662115805, 'decode_potentials': True, 'decoding_method': 'max', 'encoding_method': 'frequency', 'lr': 0.7417592168218552, 'max_features': 1.0, 'max_samples': 0.2, 'mu_minus': 0.51, 'mu_plus': 0.01, 'n_estimators': 1, 'n_fields': None, 'neuron_model': 'iaf_psc_exp', 'ref_seq_interval': 4, 'resolution': 0.1, 'shift_minus': 0.11174094147398175, 'shift_plus': -0.4532648941941717, 'sigma_w': None, 'synapse_model': 'shifted_nn_restr_stdp_synapse', 't_ref': 0.0, 'tau_m': 10000000.0, 'tau_minus': 241.0, 'tau_plus': 281.0, 'tau_s': 0.0, 'time': 300, 'w_init': 0.0}
Score: 0.0970
100%|█████████▉| 252/253 [05:33<?, ?trial/s, best loss=?]                                                         Deleting files related to the current optimization iteration...
100%|█████████▉| 252/253 [05:33<?, ?trial/s, best loss=?]100%|██████████| 253/253 [05:33<00:00, 333.54s/trial, best loss: -0.20999999999999996]100%|██████████| 253/253 [05:33<00:00, 333.54s/trial, best loss: -0.20999999999999996]
100%|█████████▉| 253/254 [00:00<?, ?trial/s, best loss=?]                                                         Params: {'V_th': 10000, 'alpha': 3.361654868751767, 'decode_potentials': True, 'decoding_method': 'max', 'encoding_method': 'frequency', 'lr': 0.99518049249588, 'max_features': 1.0, 'max_samples': 0.2, 'mu_minus': 0.66, 'mu_plus': 0.6100000000000001, 'n_estimators': 1, 'n_fields': None, 'neuron_model': 'iaf_psc_exp', 'ref_seq_interval': 4, 'resolution': 0.1, 'shift_minus': 0.06933843348742444, 'shift_plus': -0.21816724685239444, 'sigma_w': None, 'synapse_model': 'shifted_nn_restr_stdp_synapse', 't_ref': 0.0, 'tau_m': 10000000.0, 'tau_minus': 261.0, 'tau_plus': 141.0, 'tau_s': 0.0, 'time': 300, 'w_init': 0.0}
Score: 0.1000
100%|█████████▉| 253/254 [06:03<?, ?trial/s, best loss=?]                                                         Deleting files related to the current optimization iteration...
100%|█████████▉| 253/254 [06:03<?, ?trial/s, best loss=?]100%|██████████| 254/254 [06:03<00:00, 363.69s/trial, best loss: -0.20999999999999996]100%|██████████| 254/254 [06:03<00:00, 363.69s/trial, best loss: -0.20999999999999996]
100%|█████████▉| 254/255 [00:00<?, ?trial/s, best loss=?]                                                         Params: {'V_th': 10000, 'alpha': 3.8503215871839336, 'decode_potentials': True, 'decoding_method': 'max', 'encoding_method': 'frequency', 'lr': 0.9297770012992143, 'max_features': 1.0, 'max_samples': 0.2, 'mu_minus': 0.56, 'mu_plus': 0.41000000000000003, 'n_estimators': 1, 'n_fields': None, 'neuron_model': 'iaf_psc_exp', 'ref_seq_interval': 4, 'resolution': 0.1, 'shift_minus': 0.028020763702936352, 'shift_plus': -0.6508942166868974, 'sigma_w': None, 'synapse_model': 'shifted_nn_restr_stdp_synapse', 't_ref': 0.0, 'tau_m': 10000000.0, 'tau_minus': 41.0, 'tau_plus': 221.0, 'tau_s': 0.0, 'time': 300, 'w_init': 0.0}
Score: 0.0940
100%|█████████▉| 254/255 [05:33<?, ?trial/s, best loss=?]                                                         Deleting files related to the current optimization iteration...
100%|█████████▉| 254/255 [05:33<?, ?trial/s, best loss=?]100%|██████████| 255/255 [05:33<00:00, 333.56s/trial, best loss: -0.20999999999999996]100%|██████████| 255/255 [05:33<00:00, 333.56s/trial, best loss: -0.20999999999999996]
100%|█████████▉| 255/256 [00:00<?, ?trial/s, best loss=?]                                                         Params: {'V_th': 10000, 'alpha': 16.37921196654166, 'decode_potentials': True, 'decoding_method': 'max', 'encoding_method': 'frequency', 'lr': 0.9531207102369078, 'max_features': 1.0, 'max_samples': 0.2, 'mu_minus': 0.41000000000000003, 'mu_plus': 0.81, 'n_estimators': 1, 'n_fields': None, 'neuron_model': 'iaf_psc_exp', 'ref_seq_interval': 4, 'resolution': 0.1, 'shift_minus': 0.06284845300736495, 'shift_plus': -0.3324001256022394, 'sigma_w': None, 'synapse_model': 'shifted_nn_restr_stdp_synapse', 't_ref': 0.0, 'tau_m': 10000000.0, 'tau_minus': 61.0, 'tau_plus': 181.0, 'tau_s': 0.0, 'time': 300, 'w_init': 0.0}
Score: 0.1010
100%|█████████▉| 255/256 [05:33<?, ?trial/s, best loss=?]                                                         Deleting files related to the current optimization iteration...
100%|█████████▉| 255/256 [05:33<?, ?trial/s, best loss=?]100%|██████████| 256/256 [05:33<00:00, 333.45s/trial, best loss: -0.20999999999999996]100%|██████████| 256/256 [05:33<00:00, 333.45s/trial, best loss: -0.20999999999999996]
100%|█████████▉| 256/257 [00:00<?, ?trial/s, best loss=?]                                                         Params: {'V_th': 10000, 'alpha': 2.393727296006952, 'decode_potentials': True, 'decoding_method': 'max', 'encoding_method': 'frequency', 'lr': 0.9988023344960253, 'max_features': 1.0, 'max_samples': 0.2, 'mu_minus': 0.060000000000000005, 'mu_plus': 0.7100000000000001, 'n_estimators': 1, 'n_fields': None, 'neuron_model': 'iaf_psc_exp', 'ref_seq_interval': 4, 'resolution': 0.1, 'shift_minus': 0.00041890065931580225, 'shift_plus': -0.25638694312745325, 'sigma_w': None, 'synapse_model': 'shifted_nn_restr_stdp_synapse', 't_ref': 0.0, 'tau_m': 10000000.0, 'tau_minus': 21.0, 'tau_plus': 101.0, 'tau_s': 0.0, 'time': 300, 'w_init': 0.0}
Score: 0.1700
100%|█████████▉| 256/257 [05:34<?, ?trial/s, best loss=?]                                                         Deleting files related to the current optimization iteration...
100%|█████████▉| 256/257 [05:34<?, ?trial/s, best loss=?]100%|██████████| 257/257 [05:34<00:00, 334.04s/trial, best loss: -0.20999999999999996]100%|██████████| 257/257 [05:34<00:00, 334.04s/trial, best loss: -0.20999999999999996]
100%|█████████▉| 257/258 [00:00<?, ?trial/s, best loss=?]                                                         Params: {'V_th': 10000, 'alpha': 2.360970046765626, 'decode_potentials': True, 'decoding_method': 'max', 'encoding_method': 'frequency', 'lr': 0.9964724023482725, 'max_features': 1.0, 'max_samples': 0.2, 'mu_minus': 0.060000000000000005, 'mu_plus': 0.7100000000000001, 'n_estimators': 1, 'n_fields': None, 'neuron_model': 'iaf_psc_exp', 'ref_seq_interval': 4, 'resolution': 0.1, 'shift_minus': 0.011011975769911468, 'shift_plus': -0.18639179281022575, 'sigma_w': None, 'synapse_model': 'shifted_nn_restr_stdp_synapse', 't_ref': 0.0, 'tau_m': 10000000.0, 'tau_minus': 21.0, 'tau_plus': 101.0, 'tau_s': 0.0, 'time': 300, 'w_init': 0.0}
Score: 0.0910
100%|█████████▉| 257/258 [05:33<?, ?trial/s, best loss=?]                                                         Deleting files related to the current optimization iteration...
100%|█████████▉| 257/258 [05:33<?, ?trial/s, best loss=?]100%|██████████| 258/258 [05:33<00:00, 333.93s/trial, best loss: -0.20999999999999996]100%|██████████| 258/258 [05:33<00:00, 333.93s/trial, best loss: -0.20999999999999996]
100%|█████████▉| 258/259 [00:00<?, ?trial/s, best loss=?]                                                         Params: {'V_th': 10000, 'alpha': 2.0460387840647902, 'decode_potentials': True, 'decoding_method': 'max', 'encoding_method': 'frequency', 'lr': 0.8682364141728435, 'max_features': 1.0, 'max_samples': 0.2, 'mu_minus': 0.060000000000000005, 'mu_plus': 0.7100000000000001, 'n_estimators': 1, 'n_fields': None, 'neuron_model': 'iaf_psc_exp', 'ref_seq_interval': 4, 'resolution': 0.1, 'shift_minus': 0.03809378823250426, 'shift_plus': -0.23796873467573398, 'sigma_w': None, 'synapse_model': 'shifted_nn_restr_stdp_synapse', 't_ref': 0.0, 'tau_m': 10000000.0, 'tau_minus': 21.0, 'tau_plus': 101.0, 'tau_s': 0.0, 'time': 300, 'w_init': 0.0}
Score: 0.0880
100%|█████████▉| 258/259 [05:33<?, ?trial/s, best loss=?]                                                         Deleting files related to the current optimization iteration...
100%|█████████▉| 258/259 [05:33<?, ?trial/s, best loss=?]100%|██████████| 259/259 [05:33<00:00, 333.45s/trial, best loss: -0.20999999999999996]100%|██████████| 259/259 [05:33<00:00, 333.45s/trial, best loss: -0.20999999999999996]
100%|█████████▉| 259/260 [00:00<?, ?trial/s, best loss=?]                                                         Params: {'V_th': 10000, 'alpha': 1.651848192946645, 'decode_potentials': True, 'decoding_method': 'max', 'encoding_method': 'frequency', 'lr': 0.971287577768691, 'max_features': 1.0, 'max_samples': 0.2, 'mu_minus': 0.060000000000000005, 'mu_plus': 0.7100000000000001, 'n_estimators': 1, 'n_fields': None, 'neuron_model': 'iaf_psc_exp', 'ref_seq_interval': 4, 'resolution': 0.1, 'shift_minus': 0.0227087706578309, 'shift_plus': -0.2936488322051633, 'sigma_w': None, 'synapse_model': 'shifted_nn_restr_stdp_synapse', 't_ref': 0.0, 'tau_m': 10000000.0, 'tau_minus': 21.0, 'tau_plus': 101.0, 'tau_s': 0.0, 'time': 300, 'w_init': 0.0}
Score: 0.1180
100%|█████████▉| 259/260 [05:33<?, ?trial/s, best loss=?]                                                         Deleting files related to the current optimization iteration...
100%|█████████▉| 259/260 [05:33<?, ?trial/s, best loss=?]100%|██████████| 260/260 [05:33<00:00, 333.42s/trial, best loss: -0.20999999999999996]100%|██████████| 260/260 [05:33<00:00, 333.42s/trial, best loss: -0.20999999999999996]
100%|█████████▉| 260/261 [00:00<?, ?trial/s, best loss=?]                                                         Params: {'V_th': 10000, 'alpha': 0.9666245422618049, 'decode_potentials': True, 'decoding_method': 'max', 'encoding_method': 'frequency', 'lr': 0.9084966936498934, 'max_features': 1.0, 'max_samples': 0.2, 'mu_minus': 0.060000000000000005, 'mu_plus': 0.7100000000000001, 'n_estimators': 1, 'n_fields': None, 'neuron_model': 'iaf_psc_exp', 'ref_seq_interval': 4, 'resolution': 0.1, 'shift_minus': 0.05501086359176533, 'shift_plus': -0.26278355583594315, 'sigma_w': None, 'synapse_model': 'shifted_nn_restr_stdp_synapse', 't_ref': 0.0, 'tau_m': 10000000.0, 'tau_minus': 21.0, 'tau_plus': 101.0, 'tau_s': 0.0, 'time': 300, 'w_init': 0.0}
Score: 0.1080
100%|█████████▉| 260/261 [06:03<?, ?trial/s, best loss=?]                                                         Deleting files related to the current optimization iteration...
100%|█████████▉| 260/261 [06:03<?, ?trial/s, best loss=?]100%|██████████| 261/261 [06:03<00:00, 363.71s/trial, best loss: -0.20999999999999996]100%|██████████| 261/261 [06:03<00:00, 363.71s/trial, best loss: -0.20999999999999996]
100%|█████████▉| 261/262 [00:00<?, ?trial/s, best loss=?]                                                         Params: {'V_th': 10000, 'alpha': 2.5228623773753798, 'decode_potentials': True, 'decoding_method': 'max', 'encoding_method': 'frequency', 'lr': 0.9406705923502368, 'max_features': 1.0, 'max_samples': 0.2, 'mu_minus': 0.060000000000000005, 'mu_plus': 0.7100000000000001, 'n_estimators': 1, 'n_fields': None, 'neuron_model': 'iaf_psc_exp', 'ref_seq_interval': 4, 'resolution': 0.1, 'shift_minus': 0.019184421654590212, 'shift_plus': -0.20890761337933925, 'sigma_w': None, 'synapse_model': 'shifted_nn_restr_stdp_synapse', 't_ref': 0.0, 'tau_m': 10000000.0, 'tau_minus': 21.0, 'tau_plus': 101.0, 'tau_s': 0.0, 'time': 300, 'w_init': 0.0}
Score: 0.0920
100%|█████████▉| 261/262 [06:05<?, ?trial/s, best loss=?]                                                         Deleting files related to the current optimization iteration...
100%|█████████▉| 261/262 [06:05<?, ?trial/s, best loss=?]100%|██████████| 262/262 [06:05<00:00, 365.24s/trial, best loss: -0.20999999999999996]100%|██████████| 262/262 [06:05<00:00, 365.24s/trial, best loss: -0.20999999999999996]
100%|█████████▉| 262/263 [00:00<?, ?trial/s, best loss=?]                                                         Params: {'V_th': 10000, 'alpha': 1.895148981462888, 'decode_potentials': True, 'decoding_method': 'max', 'encoding_method': 'frequency', 'lr': 0.8801343352607691, 'max_features': 1.0, 'max_samples': 0.2, 'mu_minus': 0.060000000000000005, 'mu_plus': 0.7100000000000001, 'n_estimators': 1, 'n_fields': None, 'neuron_model': 'iaf_psc_exp', 'ref_seq_interval': 4, 'resolution': 0.1, 'shift_minus': 0.007251052037758573, 'shift_plus': -0.24864426882975185, 'sigma_w': None, 'synapse_model': 'shifted_nn_restr_stdp_synapse', 't_ref': 0.0, 'tau_m': 10000000.0, 'tau_minus': 21.0, 'tau_plus': 101.0, 'tau_s': 0.0, 'time': 300, 'w_init': 0.0}
Score: 0.1230
100%|█████████▉| 262/263 [06:03<?, ?trial/s, best loss=?]                                                         Deleting files related to the current optimization iteration...
100%|█████████▉| 262/263 [06:03<?, ?trial/s, best loss=?]100%|██████████| 263/263 [06:03<00:00, 363.49s/trial, best loss: -0.20999999999999996]100%|██████████| 263/263 [06:03<00:00, 363.49s/trial, best loss: -0.20999999999999996]
100%|█████████▉| 263/264 [00:00<?, ?trial/s, best loss=?]                                                         Params: {'V_th': 10000, 'alpha': 1.3899495577772132, 'decode_potentials': True, 'decoding_method': 'max', 'encoding_method': 'frequency', 'lr': 0.8283036320674679, 'max_features': 1.0, 'max_samples': 0.2, 'mu_minus': 0.8600000000000001, 'mu_plus': 0.21000000000000002, 'n_estimators': 1, 'n_fields': None, 'neuron_model': 'iaf_psc_exp', 'ref_seq_interval': 4, 'resolution': 0.1, 'shift_minus': 0.0008592738875893523, 'shift_plus': -0.3185677939498517, 'sigma_w': None, 'synapse_model': 'shifted_nn_restr_stdp_synapse', 't_ref': 0.0, 'tau_m': 10000000.0, 'tau_minus': 21.0, 'tau_plus': 101.0, 'tau_s': 0.0, 'time': 300, 'w_init': 0.0}
Score: 0.1070
100%|█████████▉| 263/264 [06:03<?, ?trial/s, best loss=?]                                                         Deleting files related to the current optimization iteration...
100%|█████████▉| 263/264 [06:03<?, ?trial/s, best loss=?]100%|██████████| 264/264 [06:03<00:00, 363.45s/trial, best loss: -0.20999999999999996]100%|██████████| 264/264 [06:03<00:00, 363.45s/trial, best loss: -0.20999999999999996]
100%|█████████▉| 264/265 [00:00<?, ?trial/s, best loss=?]                                                         Params: {'V_th': 10000, 'alpha': 2.892377749924628, 'decode_potentials': True, 'decoding_method': 'max', 'encoding_method': 'frequency', 'lr': 0.9724397724244911, 'max_features': 1.0, 'max_samples': 0.2, 'mu_minus': 0.11, 'mu_plus': 0.51, 'n_estimators': 1, 'n_fields': None, 'neuron_model': 'iaf_psc_exp', 'ref_seq_interval': 4, 'resolution': 0.1, 'shift_minus': 0.03300924593441492, 'shift_plus': -0.2761993436877126, 'sigma_w': None, 'synapse_model': 'shifted_nn_restr_stdp_synapse', 't_ref': 0.0, 'tau_m': 10000000.0, 'tau_minus': 21.0, 'tau_plus': 241.0, 'tau_s': 0.0, 'time': 300, 'w_init': 0.0}
Score: 0.1020
100%|█████████▉| 264/265 [06:03<?, ?trial/s, best loss=?]                                                         Deleting files related to the current optimization iteration...
100%|█████████▉| 264/265 [06:03<?, ?trial/s, best loss=?]100%|██████████| 265/265 [06:03<00:00, 363.45s/trial, best loss: -0.20999999999999996]100%|██████████| 265/265 [06:03<00:00, 363.45s/trial, best loss: -0.20999999999999996]
100%|█████████▉| 265/266 [00:00<?, ?trial/s, best loss=?]                                                         Params: {'V_th': 10000, 'alpha': 3.146605279007048, 'decode_potentials': True, 'decoding_method': 'max', 'encoding_method': 'frequency', 'lr': 0.7866219908296233, 'max_features': 1.0, 'max_samples': 0.2, 'mu_minus': 0.060000000000000005, 'mu_plus': 0.16000000000000003, 'n_estimators': 1, 'n_fields': None, 'neuron_model': 'iaf_psc_exp', 'ref_seq_interval': 4, 'resolution': 0.1, 'shift_minus': 0.045009274050270415, 'shift_plus': -0.37284793335583233, 'sigma_w': None, 'synapse_model': 'shifted_nn_restr_stdp_synapse', 't_ref': 0.0, 'tau_m': 10000000.0, 'tau_minus': 161.0, 'tau_plus': 101.0, 'tau_s': 0.0, 'time': 300, 'w_init': 0.0}
Score: 0.1080
100%|█████████▉| 265/266 [06:03<?, ?trial/s, best loss=?]                                                         Deleting files related to the current optimization iteration...
100%|█████████▉| 265/266 [06:03<?, ?trial/s, best loss=?]100%|██████████| 266/266 [06:03<00:00, 363.55s/trial, best loss: -0.20999999999999996]100%|██████████| 266/266 [06:03<00:00, 363.55s/trial, best loss: -0.20999999999999996]
100%|█████████▉| 266/267 [00:00<?, ?trial/s, best loss=?]                                                         Params: {'V_th': 10000, 'alpha': 0.7412105489586547, 'decode_potentials': True, 'decoding_method': 'max', 'encoding_method': 'frequency', 'lr': 0.925977652940876, 'max_features': 1.0, 'max_samples': 0.2, 'mu_minus': 0.31000000000000005, 'mu_plus': 0.11, 'n_estimators': 1, 'n_fields': None, 'neuron_model': 'iaf_psc_exp', 'ref_seq_interval': 4, 'resolution': 0.1, 'shift_minus': 0.017580482035378955, 'shift_plus': -0.18073974377379143, 'sigma_w': None, 'synapse_model': 'shifted_nn_restr_stdp_synapse', 't_ref': 0.0, 'tau_m': 10000000.0, 'tau_minus': 121.0, 'tau_plus': 261.0, 'tau_s': 0.0, 'time': 300, 'w_init': 0.0}
Score: 0.1070
100%|█████████▉| 266/267 [06:03<?, ?trial/s, best loss=?]                                                         Deleting files related to the current optimization iteration...
100%|█████████▉| 266/267 [06:03<?, ?trial/s, best loss=?]100%|██████████| 267/267 [06:03<00:00, 363.51s/trial, best loss: -0.20999999999999996]100%|██████████| 267/267 [06:03<00:00, 363.51s/trial, best loss: -0.20999999999999996]
100%|█████████▉| 267/268 [00:00<?, ?trial/s, best loss=?]                                                         Params: {'V_th': 10000, 'alpha': 2.277844446539084, 'decode_potentials': True, 'decoding_method': 'max', 'encoding_method': 'frequency', 'lr': 0.9990795610615082, 'max_features': 1.0, 'max_samples': 0.2, 'mu_minus': 0.81, 'mu_plus': 0.66, 'n_estimators': 1, 'n_fields': None, 'neuron_model': 'iaf_psc_exp', 'ref_seq_interval': 9, 'resolution': 0.1, 'shift_minus': 0.028438635048884848, 'shift_plus': -0.3980558639400485, 'sigma_w': None, 'synapse_model': 'shifted_nn_restr_stdp_synapse', 't_ref': 0.0, 'tau_m': 10000000.0, 'tau_minus': 1.0, 'tau_plus': 201.0, 'tau_s': 0.0, 'time': 300, 'w_init': 0.0}
Score: 0.1010
100%|█████████▉| 267/268 [05:33<?, ?trial/s, best loss=?]                                                         Deleting files related to the current optimization iteration...
100%|█████████▉| 267/268 [05:33<?, ?trial/s, best loss=?]100%|██████████| 268/268 [05:33<00:00, 333.72s/trial, best loss: -0.20999999999999996]100%|██████████| 268/268 [05:33<00:00, 333.73s/trial, best loss: -0.20999999999999996]
100%|█████████▉| 268/269 [00:00<?, ?trial/s, best loss=?]                                                         Params: {'V_th': 10000, 'alpha': 2.1690929584701575, 'decode_potentials': True, 'decoding_method': 'max', 'encoding_method': 'frequency', 'lr': 0.864428821022779, 'max_features': 1.0, 'max_samples': 0.2, 'mu_minus': 0.16000000000000003, 'mu_plus': 0.7100000000000001, 'n_estimators': 1, 'n_fields': None, 'neuron_model': 'iaf_psc_exp', 'ref_seq_interval': 2, 'resolution': 0.1, 'shift_minus': 0.05141645194059195, 'shift_plus': -0.3465581373349135, 'sigma_w': None, 'synapse_model': 'shifted_nn_restr_stdp_synapse', 't_ref': 0.0, 'tau_m': 10000000.0, 'tau_minus': 81.0, 'tau_plus': 281.0, 'tau_s': 0.0, 'time': 300, 'w_init': 0.0}
Score: 0.1060
100%|█████████▉| 268/269 [06:03<?, ?trial/s, best loss=?]                                                         Deleting files related to the current optimization iteration...
100%|█████████▉| 268/269 [06:03<?, ?trial/s, best loss=?]100%|██████████| 269/269 [06:03<00:00, 363.77s/trial, best loss: -0.20999999999999996]100%|██████████| 269/269 [06:03<00:00, 363.77s/trial, best loss: -0.20999999999999996]
100%|█████████▉| 269/270 [00:00<?, ?trial/s, best loss=?]                                                         Params: {'V_th': 10000, 'alpha': 3.654548311914984, 'decode_potentials': True, 'decoding_method': 'max', 'encoding_method': 'frequency', 'lr': 0.8422382180515882, 'max_features': 1.0, 'max_samples': 0.2, 'mu_minus': 0.7100000000000001, 'mu_plus': 0.6100000000000001, 'n_estimators': 1, 'n_fields': None, 'neuron_model': 'iaf_psc_exp', 'ref_seq_interval': 10, 'resolution': 0.1, 'shift_minus': 0.07309506087222253, 'shift_plus': -0.29690042379311354, 'sigma_w': None, 'synapse_model': 'shifted_nn_restr_stdp_synapse', 't_ref': 0.0, 'tau_m': 10000000.0, 'tau_minus': 281.0, 'tau_plus': 121.0, 'tau_s': 0.0, 'time': 300, 'w_init': 0.0}
Score: 0.1050
100%|█████████▉| 269/270 [05:33<?, ?trial/s, best loss=?]                                                         Deleting files related to the current optimization iteration...
100%|█████████▉| 269/270 [05:33<?, ?trial/s, best loss=?]100%|██████████| 270/270 [05:33<00:00, 333.73s/trial, best loss: -0.20999999999999996]100%|██████████| 270/270 [05:33<00:00, 333.73s/trial, best loss: -0.20999999999999996]
100%|█████████▉| 270/271 [00:00<?, ?trial/s, best loss=?]                                                         Params: {'V_th': 10000, 'alpha': 4.075841046728636, 'decode_potentials': True, 'decoding_method': 'max', 'encoding_method': 'frequency', 'lr': 0.9083319341018233, 'max_features': 1.0, 'max_samples': 0.2, 'mu_minus': 0.76, 'mu_plus': 0.26, 'n_estimators': 1, 'n_fields': None, 'neuron_model': 'iaf_psc_exp', 'ref_seq_interval': 3, 'resolution': 0.1, 'shift_minus': 0.0010053895608260806, 'shift_plus': -0.16226050946008305, 'sigma_w': None, 'synapse_model': 'shifted_nn_restr_stdp_synapse', 't_ref': 0.0, 'tau_m': 10000000.0, 'tau_minus': 101.0, 'tau_plus': 41.0, 'tau_s': 0.0, 'time': 300, 'w_init': 0.0}
Score: 0.1510
100%|█████████▉| 270/271 [06:03<?, ?trial/s, best loss=?]                                                         Deleting files related to the current optimization iteration...
100%|█████████▉| 270/271 [06:03<?, ?trial/s, best loss=?]100%|██████████| 271/271 [06:03<00:00, 363.70s/trial, best loss: -0.20999999999999996]100%|██████████| 271/271 [06:03<00:00, 363.70s/trial, best loss: -0.20999999999999996]
100%|█████████▉| 271/272 [00:00<?, ?trial/s, best loss=?]                                                         Params: {'V_th': 10000, 'alpha': 4.086874343663233, 'decode_potentials': True, 'decoding_method': 'max', 'encoding_method': 'frequency', 'lr': 0.7681585767653646, 'max_features': 1.0, 'max_samples': 0.2, 'mu_minus': 0.76, 'mu_plus': 0.26, 'n_estimators': 1, 'n_fields': None, 'neuron_model': 'iaf_psc_exp', 'ref_seq_interval': 3, 'resolution': 0.1, 'shift_minus': 0.0075355080255988215, 'shift_plus': -0.1526075507734546, 'sigma_w': None, 'synapse_model': 'shifted_nn_restr_stdp_synapse', 't_ref': 0.0, 'tau_m': 10000000.0, 'tau_minus': 101.0, 'tau_plus': 41.0, 'tau_s': 0.0, 'time': 300, 'w_init': 0.0}
Score: 0.1320
100%|█████████▉| 271/272 [06:03<?, ?trial/s, best loss=?]                                                         Deleting files related to the current optimization iteration...
100%|█████████▉| 271/272 [06:03<?, ?trial/s, best loss=?]100%|██████████| 272/272 [06:03<00:00, 363.77s/trial, best loss: -0.20999999999999996]100%|██████████| 272/272 [06:03<00:00, 363.78s/trial, best loss: -0.20999999999999996]
100%|█████████▉| 272/273 [00:00<?, ?trial/s, best loss=?]                                                         Params: {'V_th': 10000, 'alpha': 4.578357636464461, 'decode_potentials': True, 'decoding_method': 'max', 'encoding_method': 'frequency', 'lr': 0.8065272502328218, 'max_features': 1.0, 'max_samples': 0.2, 'mu_minus': 0.76, 'mu_plus': 0.26, 'n_estimators': 1, 'n_fields': None, 'neuron_model': 'iaf_psc_exp', 'ref_seq_interval': 3, 'resolution': 0.1, 'shift_minus': 0.03667781135129532, 'shift_plus': -0.1029916598046087, 'sigma_w': None, 'synapse_model': 'shifted_nn_restr_stdp_synapse', 't_ref': 0.0, 'tau_m': 10000000.0, 'tau_minus': 101.0, 'tau_plus': 41.0, 'tau_s': 0.0, 'time': 300, 'w_init': 0.0}
Score: 0.1050
100%|█████████▉| 272/273 [06:05<?, ?trial/s, best loss=?]                                                         Deleting files related to the current optimization iteration...
100%|█████████▉| 272/273 [06:05<?, ?trial/s, best loss=?]100%|██████████| 273/273 [06:05<00:00, 365.53s/trial, best loss: -0.20999999999999996]100%|██████████| 273/273 [06:05<00:00, 365.53s/trial, best loss: -0.20999999999999996]
100%|█████████▉| 273/274 [00:00<?, ?trial/s, best loss=?]                                                         Params: {'V_th': 10000, 'alpha': 3.4470656819609444, 'decode_potentials': True, 'decoding_method': 'max', 'encoding_method': 'frequency', 'lr': 0.9030371446316359, 'max_features': 1.0, 'max_samples': 0.2, 'mu_minus': 0.76, 'mu_plus': 0.26, 'n_estimators': 1, 'n_fields': None, 'neuron_model': 'iaf_psc_exp', 'ref_seq_interval': 3, 'resolution': 0.1, 'shift_minus': 0.08271759064740142, 'shift_plus': -0.09115618806101349, 'sigma_w': None, 'synapse_model': 'shifted_nn_restr_stdp_synapse', 't_ref': 0.0, 'tau_m': 10000000.0, 'tau_minus': 101.0, 'tau_plus': 41.0, 'tau_s': 0.0, 'time': 300, 'w_init': 0.0}
Score: 0.1040
100%|█████████▉| 273/274 [06:03<?, ?trial/s, best loss=?]                                                         Deleting files related to the current optimization iteration...
100%|█████████▉| 273/274 [06:03<?, ?trial/s, best loss=?]100%|██████████| 274/274 [06:03<00:00, 363.58s/trial, best loss: -0.20999999999999996]100%|██████████| 274/274 [06:03<00:00, 363.58s/trial, best loss: -0.20999999999999996]
100%|█████████▉| 274/275 [00:00<?, ?trial/s, best loss=?]                                                         Params: {'V_th': 10000, 'alpha': 1.1640708447463803, 'decode_potentials': True, 'decoding_method': 'max', 'encoding_method': 'frequency', 'lr': 0.718097256454754, 'max_features': 1.0, 'max_samples': 0.2, 'mu_minus': 0.76, 'mu_plus': 0.76, 'n_estimators': 1, 'n_fields': None, 'neuron_model': 'iaf_psc_exp', 'ref_seq_interval': 3, 'resolution': 0.1, 'shift_minus': 0.0014838508134744316, 'shift_plus': -0.21981268499071346, 'sigma_w': None, 'synapse_model': 'shifted_nn_restr_stdp_synapse', 't_ref': 0.0, 'tau_m': 10000000.0, 'tau_minus': 101.0, 'tau_plus': 41.0, 'tau_s': 0.0, 'time': 300, 'w_init': 0.0}
Score: 0.1240
100%|█████████▉| 274/275 [06:03<?, ?trial/s, best loss=?]                                                         Deleting files related to the current optimization iteration...
100%|█████████▉| 274/275 [06:03<?, ?trial/s, best loss=?]100%|██████████| 275/275 [06:03<00:00, 363.71s/trial, best loss: -0.20999999999999996]100%|██████████| 275/275 [06:03<00:00, 363.71s/trial, best loss: -0.20999999999999996]
100%|█████████▉| 275/276 [00:00<?, ?trial/s, best loss=?]                                                         Params: {'V_th': 10000, 'alpha': 3.786278245688753, 'decode_potentials': True, 'decoding_method': 'max', 'encoding_method': 'frequency', 'lr': 0.9498239964944849, 'max_features': 1.0, 'max_samples': 0.2, 'mu_minus': 0.76, 'mu_plus': 0.26, 'n_estimators': 1, 'n_fields': None, 'neuron_model': 'iaf_psc_exp', 'ref_seq_interval': 3, 'resolution': 0.1, 'shift_minus': 0.0654200905611598, 'shift_plus': -0.12037499211919903, 'sigma_w': None, 'synapse_model': 'shifted_nn_restr_stdp_synapse', 't_ref': 0.0, 'tau_m': 10000000.0, 'tau_minus': 101.0, 'tau_plus': 41.0, 'tau_s': 0.0, 'time': 300, 'w_init': 0.0}
Score: 0.1070
100%|█████████▉| 275/276 [06:03<?, ?trial/s, best loss=?]                                                         Deleting files related to the current optimization iteration...
100%|█████████▉| 275/276 [06:03<?, ?trial/s, best loss=?]100%|██████████| 276/276 [06:03<00:00, 363.46s/trial, best loss: -0.20999999999999996]100%|██████████| 276/276 [06:03<00:00, 363.46s/trial, best loss: -0.20999999999999996]
100%|█████████▉| 276/277 [00:00<?, ?trial/s, best loss=?]                                                         Params: {'V_th': 10000, 'alpha': 3.0066509231315797, 'decode_potentials': True, 'decoding_method': 'max', 'encoding_method': 'frequency', 'lr': 0.9731743461143437, 'max_features': 1.0, 'max_samples': 0.2, 'mu_minus': 0.76, 'mu_plus': 0.26, 'n_estimators': 1, 'n_fields': None, 'neuron_model': 'iaf_psc_exp', 'ref_seq_interval': 3, 'resolution': 0.1, 'shift_minus': 0.10077023714333147, 'shift_plus': -0.17262163376146172, 'sigma_w': None, 'synapse_model': 'shifted_nn_restr_stdp_synapse', 't_ref': 0.0, 'tau_m': 10000000.0, 'tau_minus': 101.0, 'tau_plus': 41.0, 'tau_s': 0.0, 'time': 300, 'w_init': 0.0}
Score: 0.1040
100%|█████████▉| 276/277 [06:03<?, ?trial/s, best loss=?]                                                         Deleting files related to the current optimization iteration...
100%|█████████▉| 276/277 [06:03<?, ?trial/s, best loss=?]100%|██████████| 277/277 [06:03<00:00, 363.50s/trial, best loss: -0.20999999999999996]100%|██████████| 277/277 [06:03<00:00, 363.50s/trial, best loss: -0.20999999999999996]
100%|█████████▉| 277/278 [00:00<?, ?trial/s, best loss=?]                                                         Params: {'V_th': 10000, 'alpha': 2.7406188875987327, 'decode_potentials': True, 'decoding_method': 'max', 'encoding_method': 'frequency', 'lr': 0.8821017195443146, 'max_features': 1.0, 'max_samples': 0.2, 'mu_minus': 0.36000000000000004, 'mu_plus': 0.26, 'n_estimators': 1, 'n_fields': None, 'neuron_model': 'iaf_psc_exp', 'ref_seq_interval': 3, 'resolution': 0.1, 'shift_minus': 0.04713115256202998, 'shift_plus': -0.075253923391352, 'sigma_w': None, 'synapse_model': 'shifted_nn_restr_stdp_synapse', 't_ref': 0.0, 'tau_m': 10000000.0, 'tau_minus': 101.0, 'tau_plus': 161.0, 'tau_s': 0.0, 'time': 300, 'w_init': 0.0}
Score: 0.0860
100%|█████████▉| 277/278 [06:03<?, ?trial/s, best loss=?]                                                         Deleting files related to the current optimization iteration...
100%|█████████▉| 277/278 [06:03<?, ?trial/s, best loss=?]100%|██████████| 278/278 [06:03<00:00, 363.49s/trial, best loss: -0.20999999999999996]100%|██████████| 278/278 [06:03<00:00, 363.49s/trial, best loss: -0.20999999999999996]
100%|█████████▉| 278/279 [00:00<?, ?trial/s, best loss=?]                                                         Params: {'V_th': 10000, 'alpha': 4.740717348178305, 'decode_potentials': True, 'decoding_method': 'max', 'encoding_method': 'frequency', 'lr': 0.9238303543869006, 'max_features': 1.0, 'max_samples': 0.2, 'mu_minus': 0.76, 'mu_plus': 0.46, 'n_estimators': 1, 'n_fields': None, 'neuron_model': 'iaf_psc_exp', 'ref_seq_interval': 3, 'resolution': 0.1, 'shift_minus': 0.4373471594075304, 'shift_plus': -0.20007113391341777, 'sigma_w': None, 'synapse_model': 'shifted_nn_restr_stdp_synapse', 't_ref': 0.0, 'tau_m': 10000000.0, 'tau_minus': 101.0, 'tau_plus': 41.0, 'tau_s': 0.0, 'time': 300, 'w_init': 0.0}
Score: 0.1020
100%|█████████▉| 278/279 [06:03<?, ?trial/s, best loss=?]                                                         Deleting files related to the current optimization iteration...
100%|█████████▉| 278/279 [06:03<?, ?trial/s, best loss=?]100%|██████████| 279/279 [06:03<00:00, 363.55s/trial, best loss: -0.20999999999999996]100%|██████████| 279/279 [06:03<00:00, 363.55s/trial, best loss: -0.20999999999999996]
100%|█████████▉| 279/280 [00:00<?, ?trial/s, best loss=?]                                                         Params: {'V_th': 10000, 'alpha': 4.381859287688021, 'decode_potentials': True, 'decoding_method': 'max', 'encoding_method': 'frequency', 'lr': 0.7561618697749263, 'max_features': 1.0, 'max_samples': 0.2, 'mu_minus': 0.060000000000000005, 'mu_plus': 0.31000000000000005, 'n_estimators': 1, 'n_fields': None, 'neuron_model': 'iaf_psc_exp', 'ref_seq_interval': 3, 'resolution': 0.1, 'shift_minus': 0.02001627798825603, 'shift_plus': -0.05901573941219651, 'sigma_w': None, 'synapse_model': 'shifted_nn_restr_stdp_synapse', 't_ref': 0.0, 'tau_m': 10000000.0, 'tau_minus': 141.0, 'tau_plus': 41.0, 'tau_s': 0.0, 'time': 300, 'w_init': 0.0}
Score: 0.1020
100%|█████████▉| 279/280 [06:03<?, ?trial/s, best loss=?]                                                         Deleting files related to the current optimization iteration...
100%|█████████▉| 279/280 [06:03<?, ?trial/s, best loss=?]100%|██████████| 280/280 [06:03<00:00, 363.55s/trial, best loss: -0.20999999999999996]100%|██████████| 280/280 [06:03<00:00, 363.55s/trial, best loss: -0.20999999999999996]
100%|█████████▉| 280/281 [00:00<?, ?trial/s, best loss=?]                                                         Params: {'V_th': 10000, 'alpha': 1.6525320734543762, 'decode_potentials': True, 'decoding_method': 'max', 'encoding_method': 'frequency', 'lr': 0.9985207998485655, 'max_features': 1.0, 'max_samples': 0.2, 'mu_minus': 0.8600000000000001, 'mu_plus': 0.81, 'n_estimators': 1, 'n_fields': None, 'neuron_model': 'iaf_psc_exp', 'ref_seq_interval': 3, 'resolution': 0.1, 'shift_minus': 0.0015307314446179672, 'shift_plus': -0.22705270721202286, 'sigma_w': None, 'synapse_model': 'shifted_nn_restr_stdp_synapse', 't_ref': 0.0, 'tau_m': 10000000.0, 'tau_minus': 201.0, 'tau_plus': 1.0, 'tau_s': 0.0, 'time': 300, 'w_init': 0.0}
Score: 0.1050
100%|█████████▉| 280/281 [06:03<?, ?trial/s, best loss=?]                                                         Deleting files related to the current optimization iteration...
100%|█████████▉| 280/281 [06:03<?, ?trial/s, best loss=?]100%|██████████| 281/281 [06:03<00:00, 363.75s/trial, best loss: -0.20999999999999996]100%|██████████| 281/281 [06:03<00:00, 363.75s/trial, best loss: -0.20999999999999996]
100%|█████████▉| 281/282 [00:00<?, ?trial/s, best loss=?]                                                         Params: {'V_th': 10000, 'alpha': 4.013315599359963, 'decode_potentials': True, 'decoding_method': 'max', 'encoding_method': 'frequency', 'lr': 0.8398546227940284, 'max_features': 1.0, 'max_samples': 0.2, 'mu_minus': 0.21000000000000002, 'mu_plus': 0.060000000000000005, 'n_estimators': 1, 'n_fields': None, 'neuron_model': 'iaf_psc_exp', 'ref_seq_interval': 8, 'resolution': 0.1, 'shift_minus': 0.00016891590269613773, 'shift_plus': -0.24781253146729834, 'sigma_w': None, 'synapse_model': 'shifted_nn_restr_stdp_synapse', 't_ref': 0.0, 'tau_m': 10000000.0, 'tau_minus': 281.0, 'tau_plus': 101.0, 'tau_s': 0.0, 'time': 300, 'w_init': 0.0}
Score: 0.0990
100%|█████████▉| 281/282 [05:33<?, ?trial/s, best loss=?]                                                         Deleting files related to the current optimization iteration...
100%|█████████▉| 281/282 [05:33<?, ?trial/s, best loss=?]100%|██████████| 282/282 [05:33<00:00, 333.57s/trial, best loss: -0.20999999999999996]100%|██████████| 282/282 [05:33<00:00, 333.57s/trial, best loss: -0.20999999999999996]
100%|█████████▉| 282/283 [00:00<?, ?trial/s, best loss=?]                                                         Params: {'V_th': 10000, 'alpha': 1.9974336201943186, 'decode_potentials': True, 'decoding_method': 'max', 'encoding_method': 'frequency', 'lr': 0.7907648897231221, 'max_features': 1.0, 'max_samples': 0.2, 'mu_minus': 0.060000000000000005, 'mu_plus': 0.9600000000000001, 'n_estimators': 1, 'n_fields': None, 'neuron_model': 'iaf_psc_exp', 'ref_seq_interval': 4, 'resolution': 0.1, 'shift_minus': 0.08858876852269663, 'shift_plus': -0.16814205096720922, 'sigma_w': None, 'synapse_model': 'shifted_nn_restr_stdp_synapse', 't_ref': 0.0, 'tau_m': 10000000.0, 'tau_minus': 21.0, 'tau_plus': 21.0, 'tau_s': 0.0, 'time': 300, 'w_init': 0.0}
Score: 0.1080
100%|█████████▉| 282/283 [06:03<?, ?trial/s, best loss=?]                                                         Deleting files related to the current optimization iteration...
100%|█████████▉| 282/283 [06:03<?, ?trial/s, best loss=?]100%|██████████| 283/283 [06:03<00:00, 363.62s/trial, best loss: -0.20999999999999996]100%|██████████| 283/283 [06:03<00:00, 363.62s/trial, best loss: -0.20999999999999996]
100%|█████████▉| 283/284 [00:00<?, ?trial/s, best loss=?]                                                         Params: {'V_th': 10000, 'alpha': 3.5346747759422508, 'decode_potentials': True, 'decoding_method': 'max', 'encoding_method': 'frequency', 'lr': 0.8545771173435728, 'max_features': 1.0, 'max_samples': 0.2, 'mu_minus': 0.91, 'mu_plus': 0.26, 'n_estimators': 1, 'n_fields': None, 'neuron_model': 'iaf_psc_exp', 'ref_seq_interval': 7, 'resolution': 0.1, 'shift_minus': 0.05987117302750297, 'shift_plus': -0.13481157121715134, 'sigma_w': None, 'synapse_model': 'shifted_nn_restr_stdp_synapse', 't_ref': 0.0, 'tau_m': 10000000.0, 'tau_minus': 101.0, 'tau_plus': 281.0, 'tau_s': 0.0, 'time': 300, 'w_init': 0.0}
Score: 0.1010
100%|█████████▉| 283/284 [05:34<?, ?trial/s, best loss=?]                                                         Deleting files related to the current optimization iteration...
100%|█████████▉| 283/284 [05:34<?, ?trial/s, best loss=?]100%|██████████| 284/284 [05:34<00:00, 334.60s/trial, best loss: -0.20999999999999996]100%|██████████| 284/284 [05:34<00:00, 334.60s/trial, best loss: -0.20999999999999996]
100%|█████████▉| 284/285 [00:00<?, ?trial/s, best loss=?]                                                         Params: {'V_th': 10000, 'alpha': 4.939839123906769, 'decode_potentials': True, 'decoding_method': 'max', 'encoding_method': 'frequency', 'lr': 0.8988334117404254, 'max_features': 1.0, 'max_samples': 0.2, 'mu_minus': 0.46, 'mu_plus': 0.91, 'n_estimators': 1, 'n_fields': None, 'neuron_model': 'iaf_psc_exp', 'ref_seq_interval': 4, 'resolution': 0.1, 'shift_minus': 0.030852161604656744, 'shift_plus': -0.27661367751656685, 'sigma_w': None, 'synapse_model': 'shifted_nn_restr_stdp_synapse', 't_ref': 0.0, 'tau_m': 10000000.0, 'tau_minus': 241.0, 'tau_plus': 141.0, 'tau_s': 0.0, 'time': 300, 'w_init': 0.0}
Score: 0.0900
100%|█████████▉| 284/285 [05:33<?, ?trial/s, best loss=?]                                                         Deleting files related to the current optimization iteration...
100%|█████████▉| 284/285 [05:33<?, ?trial/s, best loss=?]100%|██████████| 285/285 [05:33<00:00, 333.79s/trial, best loss: -0.20999999999999996]100%|██████████| 285/285 [05:33<00:00, 333.79s/trial, best loss: -0.20999999999999996]
100%|█████████▉| 285/286 [00:00<?, ?trial/s, best loss=?]                                                         Params: {'V_th': 10000, 'alpha': 82.65924142629162, 'decode_potentials': True, 'decoding_method': 'max', 'encoding_method': 'frequency', 'lr': 0.9422143698291019, 'max_features': 1.0, 'max_samples': 0.2, 'mu_minus': 0.9600000000000001, 'mu_plus': 0.56, 'n_estimators': 1, 'n_fields': None, 'neuron_model': 'iaf_psc_exp', 'ref_seq_interval': 3, 'resolution': 0.1, 'shift_minus': 0.015431479446727268, 'shift_plus': -0.2037057376373323, 'sigma_w': None, 'synapse_model': 'shifted_nn_restr_stdp_synapse', 't_ref': 0.0, 'tau_m': 10000000.0, 'tau_minus': 41.0, 'tau_plus': 221.0, 'tau_s': 0.0, 'time': 300, 'w_init': 0.0}
Score: 0.0970
100%|█████████▉| 285/286 [05:33<?, ?trial/s, best loss=?]                                                         Deleting files related to the current optimization iteration...
100%|█████████▉| 285/286 [05:33<?, ?trial/s, best loss=?]100%|██████████| 286/286 [05:33<00:00, 333.53s/trial, best loss: -0.20999999999999996]100%|██████████| 286/286 [05:33<00:00, 333.54s/trial, best loss: -0.20999999999999996]
100%|█████████▉| 286/287 [00:00<?, ?trial/s, best loss=?]                                                         Params: {'V_th': 10000, 'alpha': 2.466342318620897, 'decode_potentials': True, 'decoding_method': 'max', 'encoding_method': 'frequency', 'lr': 0.9759291739691328, 'max_features': 1.0, 'max_samples': 0.2, 'mu_minus': 0.26, 'mu_plus': 0.81, 'n_estimators': 1, 'n_fields': None, 'neuron_model': 'iaf_psc_exp', 'ref_seq_interval': 6, 'resolution': 0.1, 'shift_minus': 0.04058964121492819, 'shift_plus': -0.25871351492215405, 'sigma_w': None, 'synapse_model': 'shifted_nn_restr_stdp_synapse', 't_ref': 0.0, 'tau_m': 10000000.0, 'tau_minus': 261.0, 'tau_plus': 41.0, 'tau_s': 0.0, 'time': 300, 'w_init': 0.0}
Score: 0.0860
100%|█████████▉| 286/287 [05:33<?, ?trial/s, best loss=?]                                                         Deleting files related to the current optimization iteration...
100%|█████████▉| 286/287 [05:33<?, ?trial/s, best loss=?]100%|██████████| 287/287 [05:33<00:00, 333.39s/trial, best loss: -0.20999999999999996]100%|██████████| 287/287 [05:33<00:00, 333.39s/trial, best loss: -0.20999999999999996]
100%|█████████▉| 287/288 [00:00<?, ?trial/s, best loss=?]                                                         Params: {'V_th': 10000, 'alpha': 1.4304678460907148, 'decode_potentials': True, 'decoding_method': 'max', 'encoding_method': 'frequency', 'lr': 0.8142255535180879, 'max_features': 1.0, 'max_samples': 0.2, 'mu_minus': 0.060000000000000005, 'mu_plus': 0.11, 'n_estimators': 1, 'n_fields': None, 'neuron_model': 'iaf_psc_exp', 'ref_seq_interval': 4, 'resolution': 0.1, 'shift_minus': 0.109199304801794, 'shift_plus': -0.002512201347980053, 'sigma_w': None, 'synapse_model': 'shifted_nn_restr_stdp_synapse', 't_ref': 0.0, 'tau_m': 10000000.0, 'tau_minus': 281.0, 'tau_plus': 281.0, 'tau_s': 0.0, 'time': 300, 'w_init': 0.0}
Score: 0.1010
100%|█████████▉| 287/288 [06:03<?, ?trial/s, best loss=?]                                                         Deleting files related to the current optimization iteration...
100%|█████████▉| 287/288 [06:03<?, ?trial/s, best loss=?]100%|██████████| 288/288 [06:03<00:00, 363.47s/trial, best loss: -0.20999999999999996]100%|██████████| 288/288 [06:03<00:00, 363.47s/trial, best loss: -0.20999999999999996]
100%|█████████▉| 288/289 [00:00<?, ?trial/s, best loss=?]                                                         Params: {'V_th': 10000, 'alpha': 3.276806858537351, 'decode_potentials': True, 'decoding_method': 'max', 'encoding_method': 'frequency', 'lr': 0.9999306003962916, 'max_features': 1.0, 'max_samples': 0.2, 'mu_minus': 0.51, 'mu_plus': 0.01, 'n_estimators': 1, 'n_fields': None, 'neuron_model': 'iaf_psc_exp', 'ref_seq_interval': 2, 'resolution': 0.1, 'shift_minus': 0.07208300936511589, 'shift_plus': -0.14976338665592503, 'sigma_w': None, 'synapse_model': 'shifted_nn_restr_stdp_synapse', 't_ref': 0.0, 'tau_m': 10000000.0, 'tau_minus': 161.0, 'tau_plus': 241.0, 'tau_s': 0.0, 'time': 300, 'w_init': 0.0}
Score: 0.0960
100%|█████████▉| 288/289 [06:03<?, ?trial/s, best loss=?]                                                         Deleting files related to the current optimization iteration...
100%|█████████▉| 288/289 [06:03<?, ?trial/s, best loss=?]100%|██████████| 289/289 [06:03<00:00, 363.64s/trial, best loss: -0.20999999999999996]100%|██████████| 289/289 [06:03<00:00, 363.64s/trial, best loss: -0.20999999999999996]
100%|█████████▉| 289/290 [00:00<?, ?trial/s, best loss=?]                                                         Params: {'V_th': 10000, 'alpha': 1.8094996218701398, 'decode_potentials': True, 'decoding_method': 'max', 'encoding_method': 'frequency', 'lr': 0.8728987882563041, 'max_features': 1.0, 'max_samples': 0.2, 'mu_minus': 0.01, 'mu_plus': 0.7100000000000001, 'n_estimators': 1, 'n_fields': None, 'neuron_model': 'iaf_psc_exp', 'ref_seq_interval': 10, 'resolution': 0.1, 'shift_minus': 0.026723356290794573, 'shift_plus': -0.33477228889601235, 'sigma_w': None, 'synapse_model': 'shifted_nn_restr_stdp_synapse', 't_ref': 0.0, 'tau_m': 10000000.0, 'tau_minus': 121.0, 'tau_plus': 261.0, 'tau_s': 0.0, 'time': 300, 'w_init': 0.0}
Score: 0.1070
100%|█████████▉| 289/290 [05:33<?, ?trial/s, best loss=?]                                                         Deleting files related to the current optimization iteration...
100%|█████████▉| 289/290 [05:33<?, ?trial/s, best loss=?]100%|██████████| 290/290 [05:33<00:00, 333.46s/trial, best loss: -0.20999999999999996]100%|██████████| 290/290 [05:33<00:00, 333.46s/trial, best loss: -0.20999999999999996]
100%|█████████▉| 290/291 [00:00<?, ?trial/s, best loss=?]                                                         Params: {'V_th': 10000, 'alpha': 0.49370132666453603, 'decode_potentials': True, 'decoding_method': 'max', 'encoding_method': 'frequency', 'lr': 0.7445336832736369, 'max_features': 1.0, 'max_samples': 0.2, 'mu_minus': 0.66, 'mu_plus': 0.41000000000000003, 'n_estimators': 1, 'n_fields': None, 'neuron_model': 'iaf_psc_exp', 'ref_seq_interval': 4, 'resolution': 0.1, 'shift_minus': 0.050839155040312445, 'shift_plus': -0.3023779226372618, 'sigma_w': None, 'synapse_model': 'shifted_nn_restr_stdp_synapse', 't_ref': 0.0, 'tau_m': 10000000.0, 'tau_minus': 1.0, 'tau_plus': 181.0, 'tau_s': 0.0, 'time': 300, 'w_init': 0.0}
Score: 0.0960
100%|█████████▉| 290/291 [05:33<?, ?trial/s, best loss=?]                                                         Deleting files related to the current optimization iteration...
100%|█████████▉| 290/291 [05:33<?, ?trial/s, best loss=?]100%|██████████| 291/291 [05:33<00:00, 333.40s/trial, best loss: -0.20999999999999996]100%|██████████| 291/291 [05:33<00:00, 333.40s/trial, best loss: -0.20999999999999996]
100%|█████████▉| 291/292 [00:00<?, ?trial/s, best loss=?]                                                         Params: {'V_th': 10000, 'alpha': 0.8709494481928655, 'decode_potentials': True, 'decoding_method': 'max', 'encoding_method': 'frequency', 'lr': 0.9212752261106211, 'max_features': 1.0, 'max_samples': 0.2, 'mu_minus': 0.41000000000000003, 'mu_plus': 0.26, 'n_estimators': 1, 'n_fields': None, 'neuron_model': 'iaf_psc_exp', 'ref_seq_interval': 8, 'resolution': 0.1, 'shift_minus': 0.01200574182423827, 'shift_plus': -0.1922679652345283, 'sigma_w': None, 'synapse_model': 'shifted_nn_restr_stdp_synapse', 't_ref': 0.0, 'tau_m': 10000000.0, 'tau_minus': 21.0, 'tau_plus': 201.0, 'tau_s': 0.0, 'time': 300, 'w_init': 0.0}
Score: 0.1000
100%|█████████▉| 291/292 [05:33<?, ?trial/s, best loss=?]                                                         Deleting files related to the current optimization iteration...
100%|█████████▉| 291/292 [05:33<?, ?trial/s, best loss=?]100%|██████████| 292/292 [05:33<00:00, 333.34s/trial, best loss: -0.20999999999999996]100%|██████████| 292/292 [05:33<00:00, 333.34s/trial, best loss: -0.20999999999999996]
100%|█████████▉| 292/293 [00:00<?, ?trial/s, best loss=?]                                                         Params: {'V_th': 10000, 'alpha': 2465.2874047324026, 'decode_potentials': True, 'decoding_method': 'max', 'encoding_method': 'frequency', 'lr': 0.958358957019588, 'max_features': 1.0, 'max_samples': 0.2, 'mu_minus': 0.56, 'mu_plus': 0.21000000000000002, 'n_estimators': 1, 'n_fields': None, 'neuron_model': 'iaf_psc_exp', 'ref_seq_interval': 3, 'resolution': 0.1, 'shift_minus': 0.3141596815528487, 'shift_plus': -0.042096085254103396, 'sigma_w': None, 'synapse_model': 'shifted_nn_restr_stdp_synapse', 't_ref': 0.0, 'tau_m': 10000000.0, 'tau_minus': 81.0, 'tau_plus': 101.0, 'tau_s': 0.0, 'time': 300, 'w_init': 0.0}
Score: 0.1030
100%|█████████▉| 292/293 [06:03<?, ?trial/s, best loss=?]                                                         Deleting files related to the current optimization iteration...
100%|█████████▉| 292/293 [06:03<?, ?trial/s, best loss=?]100%|██████████| 293/293 [06:03<00:00, 363.51s/trial, best loss: -0.20999999999999996]100%|██████████| 293/293 [06:03<00:00, 363.51s/trial, best loss: -0.20999999999999996]
100%|█████████▉| 293/294 [00:00<?, ?trial/s, best loss=?]                                                         Params: {'V_th': 10000, 'alpha': 0.25109074008142507, 'decode_potentials': True, 'decoding_method': 'max', 'encoding_method': 'frequency', 'lr': 0.824830287600417, 'max_features': 1.0, 'max_samples': 0.2, 'mu_minus': 0.76, 'mu_plus': 0.81, 'n_estimators': 1, 'n_fields': None, 'neuron_model': 'iaf_psc_exp', 'ref_seq_interval': 4, 'resolution': 0.1, 'shift_minus': 0.08155910315008733, 'shift_plus': -0.22880226291435926, 'sigma_w': None, 'synapse_model': 'shifted_nn_restr_stdp_synapse', 't_ref': 0.0, 'tau_m': 10000000.0, 'tau_minus': 281.0, 'tau_plus': 281.0, 'tau_s': 0.0, 'time': 300, 'w_init': 0.0}
Score: 0.0970
100%|█████████▉| 293/294 [06:03<?, ?trial/s, best loss=?]                                                         Deleting files related to the current optimization iteration...
100%|█████████▉| 293/294 [06:03<?, ?trial/s, best loss=?]100%|██████████| 294/294 [06:03<00:00, 363.42s/trial, best loss: -0.20999999999999996]100%|██████████| 294/294 [06:03<00:00, 363.42s/trial, best loss: -0.20999999999999996]
100%|█████████▉| 294/295 [00:00<?, ?trial/s, best loss=?]                                                         Params: {'V_th': 10000, 'alpha': 2.6712773027646817, 'decode_potentials': True, 'decoding_method': 'max', 'encoding_method': 'frequency', 'lr': 0.7284119124168411, 'max_features': 1.0, 'max_samples': 0.2, 'mu_minus': 0.11, 'mu_plus': 0.51, 'n_estimators': 1, 'n_fields': None, 'neuron_model': 'iaf_psc_exp', 'ref_seq_interval': 7, 'resolution': 0.1, 'shift_minus': 0.09469705108913659, 'shift_plus': -0.12128998324688492, 'sigma_w': None, 'synapse_model': 'shifted_nn_restr_stdp_synapse', 't_ref': 0.0, 'tau_m': 10000000.0, 'tau_minus': 141.0, 'tau_plus': 121.0, 'tau_s': 0.0, 'time': 300, 'w_init': 0.0}
Score: 0.1070
100%|█████████▉| 294/295 [05:33<?, ?trial/s, best loss=?]                                                         Deleting files related to the current optimization iteration...
100%|█████████▉| 294/295 [05:33<?, ?trial/s, best loss=?]100%|██████████| 295/295 [05:33<00:00, 333.59s/trial, best loss: -0.20999999999999996]100%|██████████| 295/295 [05:33<00:00, 333.61s/trial, best loss: -0.20999999999999996]
100%|█████████▉| 295/296 [00:00<?, ?trial/s, best loss=?]                                                         Params: {'V_th': 10000, 'alpha': 1.2891917919614189, 'decode_potentials': True, 'decoding_method': 'max', 'encoding_method': 'frequency', 'lr': 0.8901750855088011, 'max_features': 1.0, 'max_samples': 0.2, 'mu_minus': 0.060000000000000005, 'mu_plus': 0.66, 'n_estimators': 1, 'n_fields': None, 'neuron_model': 'iaf_psc_exp', 'ref_seq_interval': 4, 'resolution': 0.1, 'shift_minus': 0.06232511420019487, 'shift_plus': -0.1649377476835388, 'sigma_w': None, 'synapse_model': 'shifted_nn_restr_stdp_synapse', 't_ref': 0.0, 'tau_m': 10000000.0, 'tau_minus': 101.0, 'tau_plus': 1.0, 'tau_s': 0.0, 'time': 300, 'w_init': 0.0}
Score: 0.1080
100%|█████████▉| 295/296 [06:05<?, ?trial/s, best loss=?]                                                         Deleting files related to the current optimization iteration...
100%|█████████▉| 295/296 [06:05<?, ?trial/s, best loss=?]100%|██████████| 296/296 [06:05<00:00, 365.84s/trial, best loss: -0.20999999999999996]100%|██████████| 296/296 [06:05<00:00, 365.84s/trial, best loss: -0.20999999999999996]
100%|█████████▉| 296/297 [00:00<?, ?trial/s, best loss=?]                                                         Params: {'V_th': 10000, 'alpha': 2.2432173344849007, 'decode_potentials': True, 'decoding_method': 'max', 'encoding_method': 'frequency', 'lr': 0.7806364182968116, 'max_features': 1.0, 'max_samples': 0.2, 'mu_minus': 0.8600000000000001, 'mu_plus': 0.11, 'n_estimators': 1, 'n_fields': None, 'neuron_model': 'iaf_psc_exp', 'ref_seq_interval': 6, 'resolution': 0.1, 'shift_minus': 0.0001274130100761129, 'shift_plus': -0.24600832898070868, 'sigma_w': None, 'synapse_model': 'shifted_nn_restr_stdp_synapse', 't_ref': 0.0, 'tau_m': 10000000.0, 'tau_minus': 201.0, 'tau_plus': 41.0, 'tau_s': 0.0, 'time': 300, 'w_init': 0.0}
Score: 0.1360
100%|█████████▉| 296/297 [05:33<?, ?trial/s, best loss=?]                                                         Deleting files related to the current optimization iteration...
100%|█████████▉| 296/297 [05:33<?, ?trial/s, best loss=?]100%|██████████| 297/297 [05:33<00:00, 333.56s/trial, best loss: -0.20999999999999996]100%|██████████| 297/297 [05:33<00:00, 333.56s/trial, best loss: -0.20999999999999996]
100%|█████████▉| 297/298 [00:00<?, ?trial/s, best loss=?]                                                         Params: {'V_th': 10000, 'alpha': 1.0445282540982619, 'decode_potentials': True, 'decoding_method': 'max', 'encoding_method': 'frequency', 'lr': 0.8524165816764522, 'max_features': 1.0, 'max_samples': 0.2, 'mu_minus': 0.31000000000000005, 'mu_plus': 0.76, 'n_estimators': 1, 'n_fields': None, 'neuron_model': 'iaf_psc_exp', 'ref_seq_interval': 3, 'resolution': 0.1, 'shift_minus': 0.0430537634058485, 'shift_plus': -0.09946487129721515, 'sigma_w': None, 'synapse_model': 'shifted_nn_restr_stdp_synapse', 't_ref': 0.0, 'tau_m': 10000000.0, 'tau_minus': 241.0, 'tau_plus': 161.0, 'tau_s': 0.0, 'time': 300, 'w_init': 0.0}
Score: 0.0930
100%|█████████▉| 297/298 [06:03<?, ?trial/s, best loss=?]                                                         Deleting files related to the current optimization iteration...
100%|█████████▉| 297/298 [06:03<?, ?trial/s, best loss=?]100%|██████████| 298/298 [06:03<00:00, 363.43s/trial, best loss: -0.20999999999999996]100%|██████████| 298/298 [06:03<00:00, 363.43s/trial, best loss: -0.20999999999999996]
100%|█████████▉| 298/299 [00:00<?, ?trial/s, best loss=?]                                                         Params: {'V_th': 10000, 'alpha': 4.226574783951159, 'decode_potentials': True, 'decoding_method': 'max', 'encoding_method': 'frequency', 'lr': 0.9479979737072743, 'max_features': 1.0, 'max_samples': 0.2, 'mu_minus': 0.7100000000000001, 'mu_plus': 0.16000000000000003, 'n_estimators': 1, 'n_fields': None, 'neuron_model': 'iaf_psc_exp', 'ref_seq_interval': 4, 'resolution': 0.1, 'shift_minus': 0.14445268355311208, 'shift_plus': -0.35921061850702235, 'sigma_w': None, 'synapse_model': 'shifted_nn_restr_stdp_synapse', 't_ref': 0.0, 'tau_m': 10000000.0, 'tau_minus': 281.0, 'tau_plus': 281.0, 'tau_s': 0.0, 'time': 300, 'w_init': 0.0}
Score: 0.1050
100%|█████████▉| 298/299 [06:03<?, ?trial/s, best loss=?]                                                         Deleting files related to the current optimization iteration...
100%|█████████▉| 298/299 [06:03<?, ?trial/s, best loss=?]100%|██████████| 299/299 [06:03<00:00, 363.47s/trial, best loss: -0.20999999999999996]100%|██████████| 299/299 [06:03<00:00, 363.47s/trial, best loss: -0.20999999999999996]
100%|█████████▉| 299/300 [00:00<?, ?trial/s, best loss=?]                                                         Params: {'V_th': 10000, 'alpha': 20.3112799478078, 'decode_potentials': True, 'decoding_method': 'max', 'encoding_method': 'frequency', 'lr': 0.9140317854335964, 'max_features': 1.0, 'max_samples': 0.2, 'mu_minus': 0.16000000000000003, 'mu_plus': 0.46, 'n_estimators': 1, 'n_fields': None, 'neuron_model': 'iaf_psc_exp', 'ref_seq_interval': 2, 'resolution': 0.1, 'shift_minus': 0.12356699018595067, 'shift_plus': -0.3219164117357208, 'sigma_w': None, 'synapse_model': 'shifted_nn_restr_stdp_synapse', 't_ref': 0.0, 'tau_m': 10000000.0, 'tau_minus': 21.0, 'tau_plus': 101.0, 'tau_s': 0.0, 'time': 300, 'w_init': 0.0}
Score: 0.0980
100%|█████████▉| 299/300 [06:03<?, ?trial/s, best loss=?]                                                         Deleting files related to the current optimization iteration...
100%|█████████▉| 299/300 [06:03<?, ?trial/s, best loss=?]100%|██████████| 300/300 [06:03<00:00, 363.50s/trial, best loss: -0.20999999999999996]100%|██████████| 300/300 [06:03<00:00, 363.50s/trial, best loss: -0.20999999999999996]
100%|█████████▉| 300/301 [00:00<?, ?trial/s, best loss=?]                                                         Params: {'V_th': 10000, 'alpha': 3.066763978438673, 'decode_potentials': True, 'decoding_method': 'max', 'encoding_method': 'frequency', 'lr': 0.9996362076802392, 'max_features': 1.0, 'max_samples': 0.2, 'mu_minus': 0.060000000000000005, 'mu_plus': 0.7100000000000001, 'n_estimators': 1, 'n_fields': None, 'neuron_model': 'iaf_psc_exp', 'ref_seq_interval': 10, 'resolution': 0.1, 'shift_minus': 0.033224869259869096, 'shift_plus': -0.2684878689219031, 'sigma_w': None, 'synapse_model': 'shifted_nn_restr_stdp_synapse', 't_ref': 0.0, 'tau_m': 10000000.0, 'tau_minus': 41.0, 'tau_plus': 21.0, 'tau_s': 0.0, 'time': 300, 'w_init': 0.0}
Score: 0.1220
100%|█████████▉| 300/301 [05:33<?, ?trial/s, best loss=?]                                                         Deleting files related to the current optimization iteration...
100%|█████████▉| 300/301 [05:33<?, ?trial/s, best loss=?]100%|██████████| 301/301 [05:33<00:00, 333.57s/trial, best loss: -0.20999999999999996]100%|██████████| 301/301 [05:33<00:00, 333.57s/trial, best loss: -0.20999999999999996]
100%|█████████▉| 301/302 [00:00<?, ?trial/s, best loss=?]                                                         Params: {'V_th': 10000, 'alpha': 3.7893456846453146, 'decode_potentials': True, 'decoding_method': 'max', 'encoding_method': 'frequency', 'lr': 0.8318856678312542, 'max_features': 1.0, 'max_samples': 0.2, 'mu_minus': 0.21000000000000002, 'mu_plus': 0.9600000000000001, 'n_estimators': 1, 'n_fields': None, 'neuron_model': 'iaf_psc_exp', 'ref_seq_interval': 4, 'resolution': 0.1, 'shift_minus': 0.011816753551129487, 'shift_plus': -0.18472364141307818, 'sigma_w': None, 'synapse_model': 'shifted_nn_restr_stdp_synapse', 't_ref': 0.0, 'tau_m': 10000000.0, 'tau_minus': 281.0, 'tau_plus': 141.0, 'tau_s': 0.0, 'time': 300, 'w_init': 0.0}
Score: 0.0970
100%|█████████▉| 301/302 [05:33<?, ?trial/s, best loss=?]                                                         Deleting files related to the current optimization iteration...
100%|█████████▉| 301/302 [05:33<?, ?trial/s, best loss=?]100%|██████████| 302/302 [05:33<00:00, 333.36s/trial, best loss: -0.20999999999999996]100%|██████████| 302/302 [05:33<00:00, 333.36s/trial, best loss: -0.20999999999999996]
100%|█████████▉| 302/303 [00:00<?, ?trial/s, best loss=?]                                                         Params: {'V_th': 10000, 'alpha': 2.8366498407092795, 'decode_potentials': True, 'decoding_method': 'max', 'encoding_method': 'frequency', 'lr': 0.7988031027142068, 'max_features': 1.0, 'max_samples': 0.2, 'mu_minus': 0.36000000000000004, 'mu_plus': 0.81, 'n_estimators': 1, 'n_fields': None, 'neuron_model': 'iaf_psc_exp', 'ref_seq_interval': 8, 'resolution': 0.1, 'shift_minus': 0.0001389423887078381, 'shift_plus': -0.29941760502879833, 'sigma_w': None, 'synapse_model': 'shifted_nn_restr_stdp_synapse', 't_ref': 0.0, 'tau_m': 10000000.0, 'tau_minus': 261.0, 'tau_plus': 221.0, 'tau_s': 0.0, 'time': 300, 'w_init': 0.0}
Score: 0.1710
100%|█████████▉| 302/303 [05:33<?, ?trial/s, best loss=?]                                                         Deleting files related to the current optimization iteration...
100%|█████████▉| 302/303 [05:33<?, ?trial/s, best loss=?]100%|██████████| 303/303 [05:33<00:00, 333.37s/trial, best loss: -0.20999999999999996]100%|██████████| 303/303 [05:33<00:00, 333.37s/trial, best loss: -0.20999999999999996]
100%|█████████▉| 303/304 [00:00<?, ?trial/s, best loss=?]                                                         Params: {'V_th': 10000, 'alpha': 1.59966026108363, 'decode_potentials': True, 'decoding_method': 'max', 'encoding_method': 'frequency', 'lr': 0.7048865430495368, 'max_features': 1.0, 'max_samples': 0.2, 'mu_minus': 0.36000000000000004, 'mu_plus': 0.81, 'n_estimators': 1, 'n_fields': None, 'neuron_model': 'iaf_psc_exp', 'ref_seq_interval': 8, 'resolution': 0.1, 'shift_minus': 0.02331849603387374, 'shift_plus': -0.4246114619119835, 'sigma_w': None, 'synapse_model': 'shifted_nn_restr_stdp_synapse', 't_ref': 0.0, 'tau_m': 10000000.0, 'tau_minus': 261.0, 'tau_plus': 221.0, 'tau_s': 0.0, 'time': 300, 'w_init': 0.0}
Score: 0.0950
100%|█████████▉| 303/304 [06:03<?, ?trial/s, best loss=?]                                                         Deleting files related to the current optimization iteration...
100%|█████████▉| 303/304 [06:03<?, ?trial/s, best loss=?]100%|██████████| 304/304 [06:03<00:00, 363.42s/trial, best loss: -0.20999999999999996]100%|██████████| 304/304 [06:03<00:00, 363.42s/trial, best loss: -0.20999999999999996]
100%|█████████▉| 304/305 [00:00<?, ?trial/s, best loss=?]                                                         Params: {'V_th': 10000, 'alpha': 0.6424301204561114, 'decode_potentials': True, 'decoding_method': 'max', 'encoding_method': 'frequency', 'lr': 0.6641447303642648, 'max_features': 1.0, 'max_samples': 0.2, 'mu_minus': 0.36000000000000004, 'mu_plus': 0.81, 'n_estimators': 1, 'n_fields': None, 'neuron_model': 'iaf_psc_exp', 'ref_seq_interval': 8, 'resolution': 0.1, 'shift_minus': 0.05633463525443631, 'shift_plus': -0.382176865065473, 'sigma_w': None, 'synapse_model': 'shifted_nn_restr_stdp_synapse', 't_ref': 0.0, 'tau_m': 10000000.0, 'tau_minus': 261.0, 'tau_plus': 221.0, 'tau_s': 0.0, 'time': 300, 'w_init': 0.0}
Score: 0.0980
100%|█████████▉| 304/305 [05:33<?, ?trial/s, best loss=?]                                                         Deleting files related to the current optimization iteration...
100%|█████████▉| 304/305 [05:33<?, ?trial/s, best loss=?]100%|██████████| 305/305 [05:33<00:00, 333.40s/trial, best loss: -0.20999999999999996]100%|██████████| 305/305 [05:33<00:00, 333.40s/trial, best loss: -0.20999999999999996]
100%|█████████▉| 305/306 [00:00<?, ?trial/s, best loss=?]                                                         Params: {'V_th': 10000, 'alpha': 2.0167421824036107, 'decode_potentials': True, 'decoding_method': 'max', 'encoding_method': 'frequency', 'lr': 0.8036782087310587, 'max_features': 1.0, 'max_samples': 0.2, 'mu_minus': 0.36000000000000004, 'mu_plus': 0.81, 'n_estimators': 1, 'n_fields': None, 'neuron_model': 'iaf_psc_exp', 'ref_seq_interval': 8, 'resolution': 0.1, 'shift_minus': 0.10202713527234639, 'shift_plus': -0.3001875712847167, 'sigma_w': None, 'synapse_model': 'shifted_nn_restr_stdp_synapse', 't_ref': 0.0, 'tau_m': 10000000.0, 'tau_minus': 261.0, 'tau_plus': 221.0, 'tau_s': 0.0, 'time': 300, 'w_init': 0.0}
Score: 0.1120
100%|█████████▉| 305/306 [06:03<?, ?trial/s, best loss=?]                                                         Deleting files related to the current optimization iteration...
100%|█████████▉| 305/306 [06:03<?, ?trial/s, best loss=?]100%|██████████| 306/306 [06:03<00:00, 363.43s/trial, best loss: -0.20999999999999996]100%|██████████| 306/306 [06:03<00:00, 363.43s/trial, best loss: -0.20999999999999996]
100%|█████████▉| 306/307 [00:00<?, ?trial/s, best loss=?]                                                         Params: {'V_th': 10000, 'alpha': 137.46500299049723, 'decode_potentials': True, 'decoding_method': 'max', 'encoding_method': 'frequency', 'lr': 0.7740926953111782, 'max_features': 1.0, 'max_samples': 0.2, 'mu_minus': 0.36000000000000004, 'mu_plus': 0.81, 'n_estimators': 1, 'n_fields': None, 'neuron_model': 'iaf_psc_exp', 'ref_seq_interval': 8, 'resolution': 0.1, 'shift_minus': 0.03803937849171062, 'shift_plus': -0.402167541934184, 'sigma_w': None, 'synapse_model': 'shifted_nn_restr_stdp_synapse', 't_ref': 0.0, 'tau_m': 10000000.0, 'tau_minus': 261.0, 'tau_plus': 221.0, 'tau_s': 0.0, 'time': 300, 'w_init': 0.0}
Score: 0.0930
100%|█████████▉| 306/307 [05:33<?, ?trial/s, best loss=?]                                                         Deleting files related to the current optimization iteration...
100%|█████████▉| 306/307 [05:33<?, ?trial/s, best loss=?]100%|██████████| 307/307 [05:33<00:00, 333.42s/trial, best loss: -0.20999999999999996]100%|██████████| 307/307 [05:33<00:00, 333.42s/trial, best loss: -0.20999999999999996]
100%|█████████▉| 307/308 [00:00<?, ?trial/s, best loss=?]                                                         Params: {'V_th': 10000, 'alpha': 2.527621092464285, 'decode_potentials': True, 'decoding_method': 'max', 'encoding_method': 'frequency', 'lr': 0.7595293254797109, 'max_features': 1.0, 'max_samples': 0.2, 'mu_minus': 0.36000000000000004, 'mu_plus': 0.81, 'n_estimators': 1, 'n_fields': None, 'neuron_model': 'iaf_psc_exp', 'ref_seq_interval': 8, 'resolution': 0.1, 'shift_minus': 0.4215943378422633, 'shift_plus': -0.3401786144528718, 'sigma_w': None, 'synapse_model': 'shifted_nn_restr_stdp_synapse', 't_ref': 0.0, 'tau_m': 10000000.0, 'tau_minus': 261.0, 'tau_plus': 221.0, 'tau_s': 0.0, 'time': 300, 'w_init': 0.0}
Score: 0.1050
100%|█████████▉| 307/308 [06:03<?, ?trial/s, best loss=?]                                                         Deleting files related to the current optimization iteration...
100%|█████████▉| 307/308 [06:03<?, ?trial/s, best loss=?]100%|██████████| 308/308 [06:03<00:00, 363.37s/trial, best loss: -0.20999999999999996]100%|██████████| 308/308 [06:03<00:00, 363.37s/trial, best loss: -0.20999999999999996]
100%|█████████▉| 308/309 [00:00<?, ?trial/s, best loss=?]                                                         Params: {'V_th': 10000, 'alpha': 2.8235922534461473, 'decode_potentials': True, 'decoding_method': 'max', 'encoding_method': 'frequency', 'lr': 0.6889198851464311, 'max_features': 1.0, 'max_samples': 0.2, 'mu_minus': 0.36000000000000004, 'mu_plus': 0.81, 'n_estimators': 1, 'n_fields': None, 'neuron_model': 'iaf_psc_exp', 'ref_seq_interval': 8, 'resolution': 0.1, 'shift_minus': 0.07153186058385819, 'shift_plus': -0.2770282418432266, 'sigma_w': None, 'synapse_model': 'shifted_nn_restr_stdp_synapse', 't_ref': 0.0, 'tau_m': 10000000.0, 'tau_minus': 261.0, 'tau_plus': 221.0, 'tau_s': 0.0, 'time': 300, 'w_init': 0.0}
Score: 0.1010
100%|█████████▉| 308/309 [06:03<?, ?trial/s, best loss=?]                                                         Deleting files related to the current optimization iteration...
100%|█████████▉| 308/309 [06:03<?, ?trial/s, best loss=?]100%|██████████| 309/309 [06:03<00:00, 363.46s/trial, best loss: -0.20999999999999996]100%|██████████| 309/309 [06:03<00:00, 363.46s/trial, best loss: -0.20999999999999996]
100%|█████████▉| 309/310 [00:00<?, ?trial/s, best loss=?]                                                         Params: {'V_th': 10000, 'alpha': 1.1299315812361195, 'decode_potentials': True, 'decoding_method': 'max', 'encoding_method': 'frequency', 'lr': 0.6243537551182051, 'max_features': 1.0, 'max_samples': 0.2, 'mu_minus': 0.36000000000000004, 'mu_plus': 0.81, 'n_estimators': 1, 'n_fields': None, 'neuron_model': 'iaf_psc_exp', 'ref_seq_interval': 8, 'resolution': 0.1, 'shift_minus': 0.01670895546967832, 'shift_plus': -0.4656807606128022, 'sigma_w': None, 'synapse_model': 'shifted_nn_restr_stdp_synapse', 't_ref': 0.0, 'tau_m': 10000000.0, 'tau_minus': 261.0, 'tau_plus': 221.0, 'tau_s': 0.0, 'time': 300, 'w_init': 0.0}
Score: 0.1100
100%|█████████▉| 309/310 [05:33<?, ?trial/s, best loss=?]                                                         Deleting files related to the current optimization iteration...
100%|█████████▉| 309/310 [05:33<?, ?trial/s, best loss=?]100%|██████████| 310/310 [05:33<00:00, 333.46s/trial, best loss: -0.20999999999999996]100%|██████████| 310/310 [05:33<00:00, 333.46s/trial, best loss: -0.20999999999999996]
100%|█████████▉| 310/311 [00:00<?, ?trial/s, best loss=?]                                                         Params: {'V_th': 10000, 'alpha': 1.4712849630284002, 'decode_potentials': True, 'decoding_method': 'max', 'encoding_method': 'frequency', 'lr': 0.7326117403930501, 'max_features': 1.0, 'max_samples': 0.2, 'mu_minus': 0.8600000000000001, 'mu_plus': 0.31000000000000005, 'n_estimators': 1, 'n_fields': None, 'neuron_model': 'iaf_psc_exp', 'ref_seq_interval': 8, 'resolution': 0.1, 'shift_minus': 0.08245349253419434, 'shift_plus': -0.3537321362879981, 'sigma_w': None, 'synapse_model': 'shifted_nn_restr_stdp_synapse', 't_ref': 0.0, 'tau_m': 10000000.0, 'tau_minus': 261.0, 'tau_plus': 221.0, 'tau_s': 0.0, 'time': 300, 'w_init': 0.0}
Score: 0.1060
100%|█████████▉| 310/311 [05:33<?, ?trial/s, best loss=?]                                                         Deleting files related to the current optimization iteration...
100%|█████████▉| 310/311 [05:33<?, ?trial/s, best loss=?]100%|██████████| 311/311 [05:33<00:00, 333.30s/trial, best loss: -0.20999999999999996]100%|██████████| 311/311 [05:33<00:00, 333.30s/trial, best loss: -0.20999999999999996]
100%|█████████▉| 311/312 [00:00<?, ?trial/s, best loss=?]                                                         Params: {'V_th': 10000, 'alpha': 0.030426412424046756, 'decode_potentials': True, 'decoding_method': 'max', 'encoding_method': 'frequency', 'lr': 0.8627910164884182, 'max_features': 1.0, 'max_samples': 0.2, 'mu_minus': 0.9600000000000001, 'mu_plus': 0.81, 'n_estimators': 1, 'n_fields': None, 'neuron_model': 'iaf_psc_exp', 'ref_seq_interval': 8, 'resolution': 0.1, 'shift_minus': 0.28185283382735016, 'shift_plus': -0.3213754920701037, 'sigma_w': None, 'synapse_model': 'shifted_nn_restr_stdp_synapse', 't_ref': 0.0, 'tau_m': 10000000.0, 'tau_minus': 261.0, 'tau_plus': 281.0, 'tau_s': 0.0, 'time': 300, 'w_init': 0.0}
Score: 0.0990
100%|█████████▉| 311/312 [05:33<?, ?trial/s, best loss=?]                                                         Deleting files related to the current optimization iteration...
100%|█████████▉| 311/312 [05:33<?, ?trial/s, best loss=?]100%|██████████| 312/312 [05:33<00:00, 333.26s/trial, best loss: -0.20999999999999996]100%|██████████| 312/312 [05:33<00:00, 333.26s/trial, best loss: -0.20999999999999996]
100%|█████████▉| 312/313 [00:00<?, ?trial/s, best loss=?]                                                         Params: {'V_th': 10000, 'alpha': 1.7871180032807805, 'decode_potentials': True, 'decoding_method': 'max', 'encoding_method': 'frequency', 'lr': 0.8169908299517238, 'max_features': 1.0, 'max_samples': 0.2, 'mu_minus': 0.91, 'mu_plus': 0.060000000000000005, 'n_estimators': 1, 'n_fields': None, 'neuron_model': 'iaf_psc_exp', 'ref_seq_interval': 8, 'resolution': 0.1, 'shift_minus': 0.23396394905984524, 'shift_plus': -0.37545071163052773, 'sigma_w': None, 'synapse_model': 'shifted_nn_restr_stdp_synapse', 't_ref': 0.0, 'tau_m': 10000000.0, 'tau_minus': 161.0, 'tau_plus': 241.0, 'tau_s': 0.0, 'time': 300, 'w_init': 0.0}
Score: 0.1070
100%|█████████▉| 312/313 [05:33<?, ?trial/s, best loss=?]                                                         Deleting files related to the current optimization iteration...
100%|█████████▉| 312/313 [05:33<?, ?trial/s, best loss=?]100%|██████████| 313/313 [05:33<00:00, 333.26s/trial, best loss: -0.20999999999999996]100%|██████████| 313/313 [05:33<00:00, 333.26s/trial, best loss: -0.20999999999999996]
100%|█████████▉| 313/314 [00:00<?, ?trial/s, best loss=?]                                                         Params: {'V_th': 10000, 'alpha': 730.1985741104158, 'decode_potentials': True, 'decoding_method': 'max', 'encoding_method': 'frequency', 'lr': 0.7121623970301592, 'max_features': 1.0, 'max_samples': 0.2, 'mu_minus': 0.060000000000000005, 'mu_plus': 0.56, 'n_estimators': 1, 'n_fields': None, 'neuron_model': 'iaf_psc_exp', 'ref_seq_interval': 8, 'resolution': 0.1, 'shift_minus': 0.17944036057740967, 'shift_plus': -0.2916935617480415, 'sigma_w': None, 'synapse_model': 'shifted_nn_restr_stdp_synapse', 't_ref': 0.0, 'tau_m': 10000000.0, 'tau_minus': 121.0, 'tau_plus': 221.0, 'tau_s': 0.0, 'time': 300, 'w_init': 0.0}
Score: 0.1030
100%|█████████▉| 313/314 [05:33<?, ?trial/s, best loss=?]                                                         Deleting files related to the current optimization iteration...
100%|█████████▉| 313/314 [05:33<?, ?trial/s, best loss=?]100%|██████████| 314/314 [05:33<00:00, 333.26s/trial, best loss: -0.20999999999999996]100%|██████████| 314/314 [05:33<00:00, 333.26s/trial, best loss: -0.20999999999999996]
100%|█████████▉| 314/315 [00:00<?, ?trial/s, best loss=?]                                                         Params: {'V_th': 10000, 'alpha': 2.1256247138081963, 'decode_potentials': True, 'decoding_method': 'max', 'encoding_method': 'frequency', 'lr': 0.646439786271617, 'max_features': 1.0, 'max_samples': 0.2, 'mu_minus': 0.36000000000000004, 'mu_plus': 0.11, 'n_estimators': 1, 'n_fields': None, 'neuron_model': 'iaf_psc_exp', 'ref_seq_interval': 4, 'resolution': 0.1, 'shift_minus': 0.35332177085827154, 'shift_plus': -0.4256108476012755, 'sigma_w': None, 'synapse_model': 'shifted_nn_restr_stdp_synapse', 't_ref': 0.0, 'tau_m': 10000000.0, 'tau_minus': 1.0, 'tau_plus': 181.0, 'tau_s': 0.0, 'time': 300, 'w_init': 0.0}
Score: 0.0990
100%|█████████▉| 314/315 [06:03<?, ?trial/s, best loss=?]                                                         Deleting files related to the current optimization iteration...
100%|█████████▉| 314/315 [06:03<?, ?trial/s, best loss=?]100%|██████████| 315/315 [06:03<00:00, 363.32s/trial, best loss: -0.20999999999999996]100%|██████████| 315/315 [06:03<00:00, 363.32s/trial, best loss: -0.20999999999999996]
100%|█████████▉| 315/316 [00:00<?, ?trial/s, best loss=?]                                                         Params: {'V_th': 10000, 'alpha': 0.7949823650046794, 'decode_potentials': True, 'decoding_method': 'max', 'encoding_method': 'frequency', 'lr': 0.02665207492682664, 'max_features': 1.0, 'max_samples': 0.2, 'mu_minus': 0.26, 'mu_plus': 0.01, 'n_estimators': 1, 'n_fields': None, 'neuron_model': 'iaf_psc_exp', 'ref_seq_interval': 7, 'resolution': 0.1, 'shift_minus': 0.0006143332671676556, 'shift_plus': -0.21097881792734163, 'sigma_w': None, 'synapse_model': 'shifted_nn_restr_stdp_synapse', 't_ref': 0.0, 'tau_m': 10000000.0, 'tau_minus': 281.0, 'tau_plus': 201.0, 'tau_s': 0.0, 'time': 300, 'w_init': 0.0}
Score: 0.0990
100%|█████████▉| 315/316 [05:33<?, ?trial/s, best loss=?]                                                         Deleting files related to the current optimization iteration...
100%|█████████▉| 315/316 [05:33<?, ?trial/s, best loss=?]100%|██████████| 316/316 [05:33<00:00, 333.44s/trial, best loss: -0.20999999999999996]100%|██████████| 316/316 [05:33<00:00, 333.44s/trial, best loss: -0.20999999999999996]
100%|█████████▉| 316/317 [00:00<?, ?trial/s, best loss=?]                                                         Params: {'V_th': 10000, 'alpha': 9.339591569634079, 'decode_potentials': True, 'decoding_method': 'max', 'encoding_method': 'frequency', 'lr': 0.8927759926165715, 'max_features': 1.0, 'max_samples': 0.2, 'mu_minus': 0.51, 'mu_plus': 0.91, 'n_estimators': 1, 'n_fields': None, 'neuron_model': 'iaf_psc_exp', 'ref_seq_interval': 4, 'resolution': 0.1, 'shift_minus': 0.04612476078141008, 'shift_plus': -0.5118162339801635, 'sigma_w': None, 'synapse_model': 'shifted_nn_restr_stdp_synapse', 't_ref': 0.0, 'tau_m': 10000000.0, 'tau_minus': 21.0, 'tau_plus': 261.0, 'tau_s': 0.0, 'time': 300, 'w_init': 0.0}
Score: 0.1030
100%|█████████▉| 316/317 [06:03<?, ?trial/s, best loss=?]                                                         Deleting files related to the current optimization iteration...
100%|█████████▉| 316/317 [06:03<?, ?trial/s, best loss=?]100%|██████████| 317/317 [06:03<00:00, 363.56s/trial, best loss: -0.20999999999999996]100%|██████████| 317/317 [06:03<00:00, 363.56s/trial, best loss: -0.20999999999999996]
100%|█████████▉| 317/318 [00:00<?, ?trial/s, best loss=?]                                                         Params: {'V_th': 10000, 'alpha': 2.3809532758690564, 'decode_potentials': True, 'decoding_method': 'max', 'encoding_method': 'frequency', 'lr': 0.7993986035817727, 'max_features': 1.0, 'max_samples': 0.2, 'mu_minus': 0.01, 'mu_plus': 0.7100000000000001, 'n_estimators': 1, 'n_fields': None, 'neuron_model': 'iaf_psc_exp', 'ref_seq_interval': 8, 'resolution': 0.1, 'shift_minus': 0.02664527276554863, 'shift_plus': -0.24331130064359746, 'sigma_w': None, 'synapse_model': 'shifted_nn_restr_stdp_synapse', 't_ref': 0.0, 'tau_m': 10000000.0, 'tau_minus': 81.0, 'tau_plus': 121.0, 'tau_s': 0.0, 'time': 300, 'w_init': 0.0}
Score: 0.0900
100%|█████████▉| 317/318 [05:33<?, ?trial/s, best loss=?]                                                         Deleting files related to the current optimization iteration...
100%|█████████▉| 317/318 [05:33<?, ?trial/s, best loss=?]100%|██████████| 318/318 [05:33<00:00, 333.51s/trial, best loss: -0.20999999999999996]100%|██████████| 318/318 [05:33<00:00, 333.51s/trial, best loss: -0.20999999999999996]
100%|█████████▉| 318/319 [00:00<?, ?trial/s, best loss=?]                                                         Params: {'V_th': 10000, 'alpha': 0.3365934085623774, 'decode_potentials': True, 'decoding_method': 'max', 'encoding_method': 'frequency', 'lr': 0.9818577543945879, 'max_features': 1.0, 'max_samples': 0.2, 'mu_minus': 0.46, 'mu_plus': 0.81, 'n_estimators': 1, 'n_fields': None, 'neuron_model': 'iaf_psc_exp', 'ref_seq_interval': 4, 'resolution': 0.1, 'shift_minus': 0.11527339810414694, 'shift_plus': -0.3881887416521318, 'sigma_w': None, 'synapse_model': 'shifted_nn_restr_stdp_synapse', 't_ref': 0.0, 'tau_m': 10000000.0, 'tau_minus': 141.0, 'tau_plus': 101.0, 'tau_s': 0.0, 'time': 300, 'w_init': 0.0}
Score: 0.1020
100%|█████████▉| 318/319 [06:03<?, ?trial/s, best loss=?]                                                         Deleting files related to the current optimization iteration...
100%|█████████▉| 318/319 [06:03<?, ?trial/s, best loss=?]100%|██████████| 319/319 [06:03<00:00, 363.44s/trial, best loss: -0.20999999999999996]100%|██████████| 319/319 [06:03<00:00, 363.44s/trial, best loss: -0.20999999999999996]
100%|█████████▉| 319/320 [00:00<?, ?trial/s, best loss=?]                                                         Params: {'V_th': 10000, 'alpha': 1.280334638221562, 'decode_potentials': True, 'decoding_method': 'max', 'encoding_method': 'frequency', 'lr': 0.8374816429238179, 'max_features': 1.0, 'max_samples': 0.2, 'mu_minus': 0.060000000000000005, 'mu_plus': 0.41000000000000003, 'n_estimators': 1, 'n_fields': None, 'neuron_model': 'iaf_psc_exp', 'ref_seq_interval': 2, 'resolution': 0.1, 'shift_minus': 0.009357198613276472, 'shift_plus': -0.4414407863221026, 'sigma_w': None, 'synapse_model': 'shifted_nn_restr_stdp_synapse', 't_ref': 0.0, 'tau_m': 10000000.0, 'tau_minus': 201.0, 'tau_plus': 281.0, 'tau_s': 0.0, 'time': 300, 'w_init': 0.0}
Score: 0.1200
100%|█████████▉| 319/320 [06:03<?, ?trial/s, best loss=?]                                                         Deleting files related to the current optimization iteration...
100%|█████████▉| 319/320 [06:03<?, ?trial/s, best loss=?]100%|██████████| 320/320 [06:03<00:00, 363.50s/trial, best loss: -0.20999999999999996]100%|██████████| 320/320 [06:03<00:00, 363.50s/trial, best loss: -0.20999999999999996]
100%|█████████▉| 320/321 [00:00<?, ?trial/s, best loss=?]                                                         Params: {'V_th': 10000, 'alpha': 11.150136406935156, 'decode_potentials': True, 'decoding_method': 'max', 'encoding_method': 'frequency', 'lr': 0.8828943169005994, 'max_features': 1.0, 'max_samples': 0.2, 'mu_minus': 0.66, 'mu_plus': 0.51, 'n_estimators': 1, 'n_fields': None, 'neuron_model': 'iaf_psc_exp', 'ref_seq_interval': 6, 'resolution': 0.1, 'shift_minus': 0.05675850650682265, 'shift_plus': -0.32884386256477083, 'sigma_w': None, 'synapse_model': 'shifted_nn_restr_stdp_synapse', 't_ref': 0.0, 'tau_m': 10000000.0, 'tau_minus': 261.0, 'tau_plus': 161.0, 'tau_s': 0.0, 'time': 300, 'w_init': 0.0}
Score: 0.1020
100%|█████████▉| 320/321 [05:33<?, ?trial/s, best loss=?]                                                         Deleting files related to the current optimization iteration...
100%|█████████▉| 320/321 [05:33<?, ?trial/s, best loss=?]100%|██████████| 321/321 [05:33<00:00, 333.32s/trial, best loss: -0.20999999999999996]100%|██████████| 321/321 [05:33<00:00, 333.32s/trial, best loss: -0.20999999999999996]
100%|█████████▉| 321/322 [00:00<?, ?trial/s, best loss=?]                                                         Params: {'V_th': 10000, 'alpha': 3.2965435135852483, 'decode_potentials': True, 'decoding_method': 'max', 'encoding_method': 'frequency', 'lr': 0.7832762159474327, 'max_features': 1.0, 'max_samples': 0.2, 'mu_minus': 0.8600000000000001, 'mu_plus': 0.16000000000000003, 'n_estimators': 1, 'n_fields': None, 'neuron_model': 'iaf_psc_exp', 'ref_seq_interval': 4, 'resolution': 0.1, 'shift_minus': 0.08967128778275726, 'shift_plus': -0.28591726090456765, 'sigma_w': None, 'synapse_model': 'shifted_nn_restr_stdp_synapse', 't_ref': 0.0, 'tau_m': 10000000.0, 'tau_minus': 281.0, 'tau_plus': 1.0, 'tau_s': 0.0, 'time': 300, 'w_init': 0.0}
Score: 0.0980
100%|█████████▉| 321/322 [06:03<?, ?trial/s, best loss=?]                                                         Deleting files related to the current optimization iteration...
100%|█████████▉| 321/322 [06:03<?, ?trial/s, best loss=?]100%|██████████| 322/322 [06:03<00:00, 363.44s/trial, best loss: -0.20999999999999996]100%|██████████| 322/322 [06:03<00:00, 363.44s/trial, best loss: -0.20999999999999996]
100%|█████████▉| 322/323 [00:00<?, ?trial/s, best loss=?]                                                         Params: {'V_th': 10000, 'alpha': 2.832106279015353, 'decode_potentials': True, 'decoding_method': 'max', 'encoding_method': 'frequency', 'lr': 0.7533742885655238, 'max_features': 1.0, 'max_samples': 0.2, 'mu_minus': 0.41000000000000003, 'mu_plus': 0.21000000000000002, 'n_estimators': 1, 'n_fields': None, 'neuron_model': 'iaf_psc_exp', 'ref_seq_interval': 10, 'resolution': 0.1, 'shift_minus': 0.15760757675372744, 'shift_plus': -0.26003880275876645, 'sigma_w': None, 'synapse_model': 'shifted_nn_restr_stdp_synapse', 't_ref': 0.0, 'tau_m': 10000000.0, 'tau_minus': 181.0, 'tau_plus': 221.0, 'tau_s': 0.0, 'time': 300, 'w_init': 0.0}
Score: 0.1010
100%|█████████▉| 322/323 [05:33<?, ?trial/s, best loss=?]                                                         Deleting files related to the current optimization iteration...
100%|█████████▉| 322/323 [05:33<?, ?trial/s, best loss=?]100%|██████████| 323/323 [05:33<00:00, 333.49s/trial, best loss: -0.20999999999999996]100%|██████████| 323/323 [05:33<00:00, 333.50s/trial, best loss: -0.20999999999999996]
100%|█████████▉| 323/324 [00:00<?, ?trial/s, best loss=?]                                                         Params: {'V_th': 10000, 'alpha': 1.904520713436816, 'decode_potentials': True, 'decoding_method': 'max', 'encoding_method': 'frequency', 'lr': 0.934130189606954, 'max_features': 1.0, 'max_samples': 0.2, 'mu_minus': 0.56, 'mu_plus': 0.66, 'n_estimators': 1, 'n_fields': None, 'neuron_model': 'iaf_psc_exp', 'ref_seq_interval': 4, 'resolution': 0.1, 'shift_minus': 0.031543839282257, 'shift_plus': -0.48401936083529284, 'sigma_w': None, 'synapse_model': 'shifted_nn_restr_stdp_synapse', 't_ref': 0.0, 'tau_m': 10000000.0, 'tau_minus': 21.0, 'tau_plus': 281.0, 'tau_s': 0.0, 'time': 300, 'w_init': 0.0}
Score: 0.0910
100%|█████████▉| 323/324 [06:03<?, ?trial/s, best loss=?]                                                         Deleting files related to the current optimization iteration...
100%|█████████▉| 323/324 [06:03<?, ?trial/s, best loss=?]100%|██████████| 324/324 [06:03<00:00, 363.34s/trial, best loss: -0.20999999999999996]100%|██████████| 324/324 [06:03<00:00, 363.34s/trial, best loss: -0.20999999999999996]
100%|█████████▉| 324/325 [00:00<?, ?trial/s, best loss=?]                                                         Params: {'V_th': 10000, 'alpha': 1.5666029349062094, 'decode_potentials': True, 'decoding_method': 'max', 'encoding_method': 'frequency', 'lr': 0.6726311579943827, 'max_features': 1.0, 'max_samples': 0.2, 'mu_minus': 0.060000000000000005, 'mu_plus': 0.81, 'n_estimators': 1, 'n_fields': None, 'neuron_model': 'iaf_psc_exp', 'ref_seq_interval': 8, 'resolution': 0.1, 'shift_minus': 0.1303696074863469, 'shift_plus': -0.4101576691647354, 'sigma_w': None, 'synapse_model': 'shifted_nn_restr_stdp_synapse', 't_ref': 0.0, 'tau_m': 10000000.0, 'tau_minus': 241.0, 'tau_plus': 21.0, 'tau_s': 0.0, 'time': 300, 'w_init': 0.0}
Score: 0.1090
100%|█████████▉| 324/325 [06:03<?, ?trial/s, best loss=?]                                                         Deleting files related to the current optimization iteration...
100%|█████████▉| 324/325 [06:03<?, ?trial/s, best loss=?]100%|██████████| 325/325 [06:03<00:00, 363.32s/trial, best loss: -0.20999999999999996]100%|██████████| 325/325 [06:03<00:00, 363.32s/trial, best loss: -0.20999999999999996]
100%|█████████▉| 325/326 [00:00<?, ?trial/s, best loss=?]                                                         Params: {'V_th': 10000, 'alpha': 3.4737593435114404, 'decode_potentials': True, 'decoding_method': 'max', 'encoding_method': 'frequency', 'lr': 0.9592641895240479, 'max_features': 1.0, 'max_samples': 0.2, 'mu_minus': 0.11, 'mu_plus': 0.11, 'n_estimators': 1, 'n_fields': None, 'neuron_model': 'iaf_psc_exp', 'ref_seq_interval': 7, 'resolution': 0.1, 'shift_minus': 0.0007451775859043465, 'shift_plus': -0.2216490118609729, 'sigma_w': None, 'synapse_model': 'shifted_nn_restr_stdp_synapse', 't_ref': 0.0, 'tau_m': 10000000.0, 'tau_minus': 281.0, 'tau_plus': 101.0, 'tau_s': 0.0, 'time': 300, 'w_init': 0.0}
Score: 0.1040
100%|█████████▉| 325/326 [06:03<?, ?trial/s, best loss=?]                                                         Deleting files related to the current optimization iteration...
100%|█████████▉| 325/326 [06:03<?, ?trial/s, best loss=?]100%|██████████| 326/326 [06:03<00:00, 363.61s/trial, best loss: -0.20999999999999996]100%|██████████| 326/326 [06:03<00:00, 363.61s/trial, best loss: -0.20999999999999996]
100%|█████████▉| 326/327 [00:00<?, ?trial/s, best loss=?]                                                         Params: {'V_th': 10000, 'alpha': 0.9995168106465062, 'decode_potentials': True, 'decoding_method': 'max', 'encoding_method': 'frequency', 'lr': 0.8635876785613606, 'max_features': 1.0, 'max_samples': 0.2, 'mu_minus': 0.31000000000000005, 'mu_plus': 0.76, 'n_estimators': 1, 'n_fields': None, 'neuron_model': 'iaf_psc_exp', 'ref_seq_interval': 4, 'resolution': 0.1, 'shift_minus': 0.1948519329369629, 'shift_plus': -0.1398456425645735, 'sigma_w': None, 'synapse_model': 'shifted_nn_restr_stdp_synapse', 't_ref': 0.0, 'tau_m': 10000000.0, 'tau_minus': 41.0, 'tau_plus': 141.0, 'tau_s': 0.0, 'time': 300, 'w_init': 0.0}
Score: 0.1090
100%|█████████▉| 326/327 [06:03<?, ?trial/s, best loss=?]                                                         Deleting files related to the current optimization iteration...
100%|█████████▉| 326/327 [06:03<?, ?trial/s, best loss=?]100%|██████████| 327/327 [06:03<00:00, 363.68s/trial, best loss: -0.20999999999999996]100%|██████████| 327/327 [06:03<00:00, 363.68s/trial, best loss: -0.20999999999999996]
100%|█████████▉| 327/328 [00:00<?, ?trial/s, best loss=?]                                                         Params: {'V_th': 10000, 'alpha': 1192.0052586037925, 'decode_potentials': True, 'decoding_method': 'max', 'encoding_method': 'frequency', 'lr': 0.7325300960672093, 'max_features': 1.0, 'max_samples': 0.2, 'mu_minus': 0.16000000000000003, 'mu_plus': 0.46, 'n_estimators': 1, 'n_fields': None, 'neuron_model': 'iaf_psc_exp', 'ref_seq_interval': 6, 'resolution': 0.1, 'shift_minus': 0.3319789926732048, 'shift_plus': -0.352439430730379, 'sigma_w': None, 'synapse_model': 'shifted_nn_restr_stdp_synapse', 't_ref': 0.0, 'tau_m': 10000000.0, 'tau_minus': 161.0, 'tau_plus': 281.0, 'tau_s': 0.0, 'time': 300, 'w_init': 0.0}
Score: 0.1010
100%|█████████▉| 327/328 [05:33<?, ?trial/s, best loss=?]                                                         Deleting files related to the current optimization iteration...
100%|█████████▉| 327/328 [05:33<?, ?trial/s, best loss=?]100%|██████████| 328/328 [05:33<00:00, 333.45s/trial, best loss: -0.20999999999999996]100%|██████████| 328/328 [05:33<00:00, 333.45s/trial, best loss: -0.20999999999999996]
100%|█████████▉| 328/329 [00:00<?, ?trial/s, best loss=?]                                                         Params: {'V_th': 10000, 'alpha': 2.998737635583721, 'decode_potentials': True, 'decoding_method': 'max', 'encoding_method': 'frequency', 'lr': 0.8495008906198958, 'max_features': 1.0, 'max_samples': 0.2, 'mu_minus': 0.7100000000000001, 'mu_plus': 0.7100000000000001, 'n_estimators': 1, 'n_fields': None, 'neuron_model': 'iaf_psc_exp', 'ref_seq_interval': 4, 'resolution': 0.1, 'shift_minus': 0.06975331326690759, 'shift_plus': -0.3109550437342108, 'sigma_w': None, 'synapse_model': 'shifted_nn_restr_stdp_synapse', 't_ref': 0.0, 'tau_m': 10000000.0, 'tau_minus': 261.0, 'tau_plus': 241.0, 'tau_s': 0.0, 'time': 300, 'w_init': 0.0}
Score: 0.1090
100%|█████████▉| 328/329 [06:03<?, ?trial/s, best loss=?]                                                         Deleting files related to the current optimization iteration...
100%|█████████▉| 328/329 [06:03<?, ?trial/s, best loss=?]100%|██████████| 329/329 [06:03<00:00, 363.66s/trial, best loss: -0.20999999999999996]100%|██████████| 329/329 [06:03<00:00, 363.66s/trial, best loss: -0.20999999999999996]
100%|█████████▉| 329/330 [00:00<?, ?trial/s, best loss=?]                                                         Params: {'V_th': 10000, 'alpha': 2.5622802819369426, 'decode_potentials': True, 'decoding_method': 'max', 'encoding_method': 'frequency', 'lr': 0.9196844730420666, 'max_features': 1.0, 'max_samples': 0.2, 'mu_minus': 0.060000000000000005, 'mu_plus': 0.81, 'n_estimators': 1, 'n_fields': None, 'neuron_model': 'iaf_psc_exp', 'ref_seq_interval': 8, 'resolution': 0.1, 'shift_minus': 0.020591675795472903, 'shift_plus': -0.023675342672733857, 'sigma_w': None, 'synapse_model': 'shifted_nn_restr_stdp_synapse', 't_ref': 0.0, 'tau_m': 10000000.0, 'tau_minus': 121.0, 'tau_plus': 181.0, 'tau_s': 0.0, 'time': 300, 'w_init': 0.0}
Score: 0.1200
100%|█████████▉| 329/330 [06:05<?, ?trial/s, best loss=?]                                                         Deleting files related to the current optimization iteration...
100%|█████████▉| 329/330 [06:05<?, ?trial/s, best loss=?]100%|██████████| 330/330 [06:05<00:00, 365.24s/trial, best loss: -0.20999999999999996]100%|██████████| 330/330 [06:05<00:00, 365.24s/trial, best loss: -0.20999999999999996]
100%|█████████▉| 330/331 [00:00<?, ?trial/s, best loss=?]                                                         Params: {'V_th': 10000, 'alpha': 2.2478816335007923, 'decode_potentials': True, 'decoding_method': 'max', 'encoding_method': 'frequency', 'lr': 0.6864852968097568, 'max_features': 1.0, 'max_samples': 0.2, 'mu_minus': 0.36000000000000004, 'mu_plus': 0.9600000000000001, 'n_estimators': 1, 'n_fields': None, 'neuron_model': 'iaf_psc_exp', 'ref_seq_interval': 2, 'resolution': 0.1, 'shift_minus': 0.048484490130077114, 'shift_plus': -0.19718059551495865, 'sigma_w': None, 'synapse_model': 'shifted_nn_restr_stdp_synapse', 't_ref': 0.0, 'tau_m': 10000000.0, 'tau_minus': 181.0, 'tau_plus': 261.0, 'tau_s': 0.0, 'time': 300, 'w_init': 0.0}
Score: 0.0990
100%|█████████▉| 330/331 [06:03<?, ?trial/s, best loss=?]                                                         Deleting files related to the current optimization iteration...
100%|█████████▉| 330/331 [06:03<?, ?trial/s, best loss=?]100%|██████████| 331/331 [06:03<00:00, 363.85s/trial, best loss: -0.20999999999999996]100%|██████████| 331/331 [06:03<00:00, 363.85s/trial, best loss: -0.20999999999999996]
100%|█████████▉| 331/332 [00:00<?, ?trial/s, best loss=?]                                                         Params: {'V_th': 10000, 'alpha': 3.1692009480971777, 'decode_potentials': True, 'decoding_method': 'max', 'encoding_method': 'frequency', 'lr': 0.9996312743522329, 'max_features': 1.0, 'max_samples': 0.2, 'mu_minus': 0.8600000000000001, 'mu_plus': 0.31000000000000005, 'n_estimators': 1, 'n_fields': None, 'neuron_model': 'iaf_psc_exp', 'ref_seq_interval': 4, 'resolution': 0.1, 'shift_minus': 0.21295518981704975, 'shift_plus': -0.999184103420605, 'sigma_w': None, 'synapse_model': 'shifted_nn_restr_stdp_synapse', 't_ref': 0.0, 'tau_m': 10000000.0, 'tau_minus': 1.0, 'tau_plus': 201.0, 'tau_s': 0.0, 'time': 300, 'w_init': 0.0}
Score: 0.0990
100%|█████████▉| 331/332 [06:03<?, ?trial/s, best loss=?]                                                         Deleting files related to the current optimization iteration...
100%|█████████▉| 331/332 [06:03<?, ?trial/s, best loss=?]100%|██████████| 332/332 [06:03<00:00, 363.59s/trial, best loss: -0.20999999999999996]100%|██████████| 332/332 [06:03<00:00, 363.59s/trial, best loss: -0.20999999999999996]
100%|█████████▉| 332/333 [00:00<?, ?trial/s, best loss=?]                                                         Params: {'V_th': 10000, 'alpha': 1.8377741018495877, 'decode_potentials': True, 'decoding_method': 'max', 'encoding_method': 'frequency', 'lr': 0.8793567942486996, 'max_features': 1.0, 'max_samples': 0.2, 'mu_minus': 0.21000000000000002, 'mu_plus': 0.81, 'n_estimators': 1, 'n_fields': None, 'neuron_model': 'iaf_psc_exp', 'ref_seq_interval': 10, 'resolution': 0.1, 'shift_minus': 0.40276319247160475, 'shift_plus': -0.247053130368609, 'sigma_w': None, 'synapse_model': 'shifted_nn_restr_stdp_synapse', 't_ref': 0.0, 'tau_m': 10000000.0, 'tau_minus': 21.0, 'tau_plus': 121.0, 'tau_s': 0.0, 'time': 300, 'w_init': 0.0}
Score: 0.0960
100%|█████████▉| 332/333 [05:33<?, ?trial/s, best loss=?]                                                         Deleting files related to the current optimization iteration...
100%|█████████▉| 332/333 [05:33<?, ?trial/s, best loss=?]100%|██████████| 333/333 [05:33<00:00, 333.50s/trial, best loss: -0.20999999999999996]100%|██████████| 333/333 [05:33<00:00, 333.50s/trial, best loss: -0.20999999999999996]
100%|█████████▉| 333/334 [00:00<?, ?trial/s, best loss=?]                                                         Params: {'V_th': 10000, 'alpha': 0.5578953500423509, 'decode_potentials': True, 'decoding_method': 'max', 'encoding_method': 'frequency', 'lr': 0.8166903485212157, 'max_features': 1.0, 'max_samples': 0.2, 'mu_minus': 0.91, 'mu_plus': 0.56, 'n_estimators': 1, 'n_fields': None, 'neuron_model': 'iaf_psc_exp', 'ref_seq_interval': 4, 'resolution': 0.1, 'shift_minus': 0.09732222873869376, 'shift_plus': -0.36858250802137954, 'sigma_w': None, 'synapse_model': 'shifted_nn_restr_stdp_synapse', 't_ref': 0.0, 'tau_m': 10000000.0, 'tau_minus': 281.0, 'tau_plus': 101.0, 'tau_s': 0.0, 'time': 300, 'w_init': 0.0}
Score: 0.0960
100%|█████████▉| 333/334 [06:03<?, ?trial/s, best loss=?]                                                         Deleting files related to the current optimization iteration...
100%|█████████▉| 333/334 [06:03<?, ?trial/s, best loss=?]100%|██████████| 334/334 [06:03<00:00, 363.72s/trial, best loss: -0.20999999999999996]100%|██████████| 334/334 [06:03<00:00, 363.72s/trial, best loss: -0.20999999999999996]
100%|█████████▉| 334/335 [00:00<?, ?trial/s, best loss=?]                                                         Params: {'V_th': 10000, 'alpha': 375.9205013973528, 'decode_potentials': True, 'decoding_method': 'max', 'encoding_method': 'frequency', 'lr': 0.9748205142295846, 'max_features': 1.0, 'max_samples': 0.2, 'mu_minus': 0.060000000000000005, 'mu_plus': 0.060000000000000005, 'n_estimators': 1, 'n_fields': None, 'neuron_model': 'iaf_psc_exp', 'ref_seq_interval': 8, 'resolution': 0.1, 'shift_minus': 0.008528127980978756, 'shift_plus': -0.08115725373285793, 'sigma_w': None, 'synapse_model': 'shifted_nn_restr_stdp_synapse', 't_ref': 0.0, 'tau_m': 10000000.0, 'tau_minus': 81.0, 'tau_plus': 221.0, 'tau_s': 0.0, 'time': 300, 'w_init': 0.0}
Score: 0.1230
100%|█████████▉| 334/335 [06:03<?, ?trial/s, best loss=?]                                                         Deleting files related to the current optimization iteration...
100%|█████████▉| 334/335 [06:03<?, ?trial/s, best loss=?]100%|██████████| 335/335 [06:03<00:00, 363.86s/trial, best loss: -0.20999999999999996]100%|██████████| 335/335 [06:03<00:00, 363.86s/trial, best loss: -0.20999999999999996]
100%|█████████▉| 335/336 [00:00<?, ?trial/s, best loss=?]                                                         Params: {'V_th': 10000, 'alpha': 2.730583518291697, 'decode_potentials': True, 'decoding_method': 'max', 'encoding_method': 'frequency', 'lr': 0.7889602305516925, 'max_features': 1.0, 'max_samples': 0.2, 'mu_minus': 0.9600000000000001, 'mu_plus': 0.11, 'n_estimators': 1, 'n_fields': None, 'neuron_model': 'iaf_psc_exp', 'ref_seq_interval': 7, 'resolution': 0.1, 'shift_minus': 0.03813779638885448, 'shift_plus': -0.3055145241917207, 'sigma_w': None, 'synapse_model': 'shifted_nn_restr_stdp_synapse', 't_ref': 0.0, 'tau_m': 10000000.0, 'tau_minus': 141.0, 'tau_plus': 281.0, 'tau_s': 0.0, 'time': 300, 'w_init': 0.0}
Score: 0.1110
100%|█████████▉| 335/336 [06:03<?, ?trial/s, best loss=?]                                                         Deleting files related to the current optimization iteration...
100%|█████████▉| 335/336 [06:03<?, ?trial/s, best loss=?]100%|██████████| 336/336 [06:03<00:00, 363.76s/trial, best loss: -0.20999999999999996]100%|██████████| 336/336 [06:03<00:00, 363.76s/trial, best loss: -0.20999999999999996]
100%|█████████▉| 336/337 [00:00<?, ?trial/s, best loss=?]                                                         Params: {'V_th': 10000, 'alpha': 3.6302067840008303, 'decode_potentials': True, 'decoding_method': 'max', 'encoding_method': 'frequency', 'lr': 0.6098110594019266, 'max_features': 1.0, 'max_samples': 0.2, 'mu_minus': 0.060000000000000005, 'mu_plus': 0.91, 'n_estimators': 1, 'n_fields': None, 'neuron_model': 'iaf_psc_exp', 'ref_seq_interval': 4, 'resolution': 0.1, 'shift_minus': 0.076846303728552, 'shift_plus': -0.27908251146599705, 'sigma_w': None, 'synapse_model': 'shifted_nn_restr_stdp_synapse', 't_ref': 0.0, 'tau_m': 10000000.0, 'tau_minus': 281.0, 'tau_plus': 1.0, 'tau_s': 0.0, 'time': 300, 'w_init': 0.0}
Score: 0.1000
100%|█████████▉| 336/337 [06:03<?, ?trial/s, best loss=?]                                                         Deleting files related to the current optimization iteration...
100%|█████████▉| 336/337 [06:03<?, ?trial/s, best loss=?]100%|██████████| 337/337 [06:04<00:00, 364.01s/trial, best loss: -0.20999999999999996]100%|██████████| 337/337 [06:04<00:00, 364.01s/trial, best loss: -0.20999999999999996]
100%|█████████▉| 337/338 [00:00<?, ?trial/s, best loss=?]                                                         Params: {'V_th': 10000, 'alpha': 2.3842987302599674, 'decode_potentials': True, 'decoding_method': 'max', 'encoding_method': 'frequency', 'lr': 0.9404604605891536, 'max_features': 1.0, 'max_samples': 0.2, 'mu_minus': 0.26, 'mu_plus': 0.7100000000000001, 'n_estimators': 1, 'n_fields': None, 'neuron_model': 'iaf_psc_exp', 'ref_seq_interval': 6, 'resolution': 0.1, 'shift_minus': 0.06025463966833846, 'shift_plus': -0.23207276641306135, 'sigma_w': None, 'synapse_model': 'shifted_nn_restr_stdp_synapse', 't_ref': 0.0, 'tau_m': 10000000.0, 'tau_minus': 201.0, 'tau_plus': 161.0, 'tau_s': 0.0, 'time': 300, 'w_init': 0.0}
Score: 0.0880
100%|█████████▉| 337/338 [05:33<?, ?trial/s, best loss=?]                                                         Deleting files related to the current optimization iteration...
100%|█████████▉| 337/338 [05:33<?, ?trial/s, best loss=?]100%|██████████| 338/338 [05:33<00:00, 333.94s/trial, best loss: -0.20999999999999996]100%|██████████| 338/338 [05:33<00:00, 333.94s/trial, best loss: -0.20999999999999996]
100%|█████████▉| 338/339 [00:00<?, ?trial/s, best loss=?]                                                         Params: {'V_th': 10000, 'alpha': 4.451704399782738, 'decode_potentials': True, 'decoding_method': 'max', 'encoding_method': 'frequency', 'lr': 0.7659926092489606, 'max_features': 1.0, 'max_samples': 0.2, 'mu_minus': 0.01, 'mu_plus': 0.01, 'n_estimators': 1, 'n_fields': None, 'neuron_model': 'iaf_psc_exp', 'ref_seq_interval': 4, 'resolution': 0.1, 'shift_minus': 0.014899637963805777, 'shift_plus': -0.46334106080859105, 'sigma_w': None, 'synapse_model': 'shifted_nn_restr_stdp_synapse', 't_ref': 0.0, 'tau_m': 10000000.0, 'tau_minus': 181.0, 'tau_plus': 281.0, 'tau_s': 0.0, 'time': 300, 'w_init': 0.0}
Score: 0.1120
100%|█████████▉| 338/339 [05:33<?, ?trial/s, best loss=?]                                                         Deleting files related to the current optimization iteration...
100%|█████████▉| 338/339 [05:33<?, ?trial/s, best loss=?]100%|██████████| 339/339 [05:33<00:00, 333.49s/trial, best loss: -0.20999999999999996]100%|██████████| 339/339 [05:33<00:00, 333.49s/trial, best loss: -0.20999999999999996]
100%|█████████▉| 339/340 [00:00<?, ?trial/s, best loss=?]                                                         Params: {'V_th': 10000, 'alpha': 0.12910437881184422, 'decode_potentials': True, 'decoding_method': 'max', 'encoding_method': 'frequency', 'lr': 0.9067787924756989, 'max_features': 1.0, 'max_samples': 0.2, 'mu_minus': 0.51, 'mu_plus': 0.41000000000000003, 'n_estimators': 1, 'n_fields': None, 'neuron_model': 'iaf_psc_exp', 'ref_seq_interval': 8, 'resolution': 0.1, 'shift_minus': 0.026019927569499206, 'shift_plus': -0.18134863328577278, 'sigma_w': None, 'synapse_model': 'shifted_nn_restr_stdp_synapse', 't_ref': 0.0, 'tau_m': 10000000.0, 'tau_minus': 261.0, 'tau_plus': 21.0, 'tau_s': 0.0, 'time': 300, 'w_init': 0.0}
Score: 0.0860
100%|█████████▉| 339/340 [06:03<?, ?trial/s, best loss=?]                                                         Deleting files related to the current optimization iteration...
100%|█████████▉| 339/340 [06:03<?, ?trial/s, best loss=?]100%|██████████| 340/340 [06:03<00:00, 363.56s/trial, best loss: -0.20999999999999996]100%|██████████| 340/340 [06:03<00:00, 363.56s/trial, best loss: -0.20999999999999996]
100%|█████████▉| 340/341 [00:00<?, ?trial/s, best loss=?]                                                         Params: {'V_th': 10000, 'alpha': 2.091251330153594, 'decode_potentials': True, 'decoding_method': 'max', 'encoding_method': 'frequency', 'lr': 0.5773706686560915, 'max_features': 1.0, 'max_samples': 0.2, 'mu_minus': 0.46, 'mu_plus': 0.81, 'n_estimators': 1, 'n_fields': None, 'neuron_model': 'iaf_psc_exp', 'ref_seq_interval': 2, 'resolution': 0.1, 'shift_minus': 0.00013136725598099293, 'shift_plus': -0.4026399133552326, 'sigma_w': None, 'synapse_model': 'shifted_nn_restr_stdp_synapse', 't_ref': 0.0, 'tau_m': 10000000.0, 'tau_minus': 21.0, 'tau_plus': 101.0, 'tau_s': 0.0, 'time': 300, 'w_init': 0.0}
Score: 0.1230
100%|█████████▉| 340/341 [06:04<?, ?trial/s, best loss=?]                                                         Deleting files related to the current optimization iteration...
100%|█████████▉| 340/341 [06:04<?, ?trial/s, best loss=?]100%|██████████| 341/341 [06:04<00:00, 364.91s/trial, best loss: -0.20999999999999996]100%|██████████| 341/341 [06:04<00:00, 364.91s/trial, best loss: -0.20999999999999996]
100%|█████████▉| 341/342 [00:00<?, ?trial/s, best loss=?]                                                         Params: {'V_th': 10000, 'alpha': 56.87572962765972, 'decode_potentials': True, 'decoding_method': 'max', 'encoding_method': 'frequency', 'lr': 0.7136077596384928, 'max_features': 1.0, 'max_samples': 0.2, 'mu_minus': 0.36000000000000004, 'mu_plus': 0.21000000000000002, 'n_estimators': 1, 'n_fields': None, 'neuron_model': 'iaf_psc_exp', 'ref_seq_interval': 4, 'resolution': 0.1, 'shift_minus': 0.38694068432496986, 'shift_plus': -0.1203504443318267, 'sigma_w': None, 'synapse_model': 'shifted_nn_restr_stdp_synapse', 't_ref': 0.0, 'tau_m': 10000000.0, 'tau_minus': 241.0, 'tau_plus': 221.0, 'tau_s': 0.0, 'time': 300, 'w_init': 0.0}
Score: 0.0960
100%|█████████▉| 341/342 [06:03<?, ?trial/s, best loss=?]                                                         Deleting files related to the current optimization iteration...
100%|█████████▉| 341/342 [06:03<?, ?trial/s, best loss=?]100%|██████████| 342/342 [06:03<00:00, 363.45s/trial, best loss: -0.20999999999999996]100%|██████████| 342/342 [06:03<00:00, 363.45s/trial, best loss: -0.20999999999999996]
100%|█████████▉| 342/343 [00:00<?, ?trial/s, best loss=?]                                                         Params: {'V_th': 10000, 'alpha': 0.8132470683067119, 'decode_potentials': True, 'decoding_method': 'max', 'encoding_method': 'frequency', 'lr': 0.8479328391863871, 'max_features': 1.0, 'max_samples': 0.2, 'mu_minus': 0.66, 'mu_plus': 0.16000000000000003, 'n_estimators': 1, 'n_fields': None, 'neuron_model': 'iaf_psc_exp', 'ref_seq_interval': 10, 'resolution': 0.1, 'shift_minus': 0.048853976963766095, 'shift_plus': -0.2595312880076096, 'sigma_w': None, 'synapse_model': 'shifted_nn_restr_stdp_synapse', 't_ref': 0.0, 'tau_m': 10000000.0, 'tau_minus': 281.0, 'tau_plus': 281.0, 'tau_s': 0.0, 'time': 300, 'w_init': 0.0}
Score: 0.1050
100%|█████████▉| 342/343 [05:33<?, ?trial/s, best loss=?]                                                         Deleting files related to the current optimization iteration...
100%|█████████▉| 342/343 [05:33<?, ?trial/s, best loss=?]100%|██████████| 343/343 [05:33<00:00, 333.46s/trial, best loss: -0.20999999999999996]100%|██████████| 343/343 [05:33<00:00, 333.46s/trial, best loss: -0.20999999999999996]
100%|█████████▉| 343/344 [00:00<?, ?trial/s, best loss=?]                                                         Params: {'V_th': 10000, 'alpha': 1.4515248836711243, 'decode_potentials': True, 'decoding_method': 'max', 'encoding_method': 'frequency', 'lr': 0.9546476010165987, 'max_features': 1.0, 'max_samples': 0.2, 'mu_minus': 0.41000000000000003, 'mu_plus': 0.51, 'n_estimators': 1, 'n_fields': None, 'neuron_model': 'iaf_psc_exp', 'ref_seq_interval': 4, 'resolution': 0.1, 'shift_minus': 0.10896466677041106, 'shift_plus': -0.15981174384633642, 'sigma_w': None, 'synapse_model': 'shifted_nn_restr_stdp_synapse', 't_ref': 0.0, 'tau_m': 10000000.0, 'tau_minus': 121.0, 'tau_plus': 141.0, 'tau_s': 0.0, 'time': 300, 'w_init': 0.0}
Score: 0.1000
100%|█████████▉| 343/344 [06:03<?, ?trial/s, best loss=?]                                                         Deleting files related to the current optimization iteration...
100%|█████████▉| 343/344 [06:03<?, ?trial/s, best loss=?]100%|██████████| 344/344 [06:03<00:00, 363.53s/trial, best loss: -0.20999999999999996]100%|██████████| 344/344 [06:03<00:00, 363.53s/trial, best loss: -0.20999999999999996]
100%|█████████▉| 344/345 [00:00<?, ?trial/s, best loss=?]                                                         Params: {'V_th': 10000, 'alpha': 1.3215711082570585, 'decode_potentials': True, 'decoding_method': 'max', 'encoding_method': 'frequency', 'lr': 0.8237267283669868, 'max_features': 1.0, 'max_samples': 0.2, 'mu_minus': 0.56, 'mu_plus': 0.66, 'n_estimators': 1, 'n_fields': None, 'neuron_model': 'iaf_psc_exp', 'ref_seq_interval': 8, 'resolution': 0.1, 'shift_minus': 0.06532039963749565, 'shift_plus': -0.3401875671525257, 'sigma_w': None, 'synapse_model': 'shifted_nn_restr_stdp_synapse', 't_ref': 0.0, 'tau_m': 10000000.0, 'tau_minus': 41.0, 'tau_plus': 241.0, 'tau_s': 0.0, 'time': 300, 'w_init': 0.0}
Score: 0.1030
100%|█████████▉| 344/345 [05:33<?, ?trial/s, best loss=?]                                                         Deleting files related to the current optimization iteration...
100%|█████████▉| 344/345 [05:33<?, ?trial/s, best loss=?]100%|██████████| 345/345 [05:33<00:00, 333.38s/trial, best loss: -0.20999999999999996]100%|██████████| 345/345 [05:33<00:00, 333.38s/trial, best loss: -0.20999999999999996]
100%|█████████▉| 345/346 [00:00<?, ?trial/s, best loss=?]                                                         Params: {'V_th': 10000, 'alpha': 1.7616733033948477, 'decode_potentials': True, 'decoding_method': 'max', 'encoding_method': 'frequency', 'lr': 0.8944773612153171, 'max_features': 1.0, 'max_samples': 0.2, 'mu_minus': 0.8600000000000001, 'mu_plus': 0.81, 'n_estimators': 1, 'n_fields': None, 'neuron_model': 'iaf_psc_exp', 'ref_seq_interval': 7, 'resolution': 0.1, 'shift_minus': 0.13951450723395428, 'shift_plus': -0.44707057459581834, 'sigma_w': None, 'synapse_model': 'shifted_nn_restr_stdp_synapse', 't_ref': 0.0, 'tau_m': 10000000.0, 'tau_minus': 181.0, 'tau_plus': 181.0, 'tau_s': 0.0, 'time': 300, 'w_init': 0.0}
Score: 0.0990
100%|█████████▉| 345/346 [05:33<?, ?trial/s, best loss=?]                                                         Deleting files related to the current optimization iteration...
100%|█████████▉| 345/346 [05:33<?, ?trial/s, best loss=?]100%|██████████| 346/346 [05:33<00:00, 333.33s/trial, best loss: -0.20999999999999996]100%|██████████| 346/346 [05:33<00:00, 333.33s/trial, best loss: -0.20999999999999996]
100%|█████████▉| 346/347 [00:00<?, ?trial/s, best loss=?]                                                         Params: {'V_th': 10000, 'alpha': 1.1297566546224866, 'decode_potentials': True, 'decoding_method': 'max', 'encoding_method': 'frequency', 'lr': 0.7442007203397792, 'max_features': 1.0, 'max_samples': 0.2, 'mu_minus': 0.11, 'mu_plus': 0.11, 'n_estimators': 1, 'n_fields': None, 'neuron_model': 'iaf_psc_exp', 'ref_seq_interval': 4, 'resolution': 0.1, 'shift_minus': 0.039722619778931975, 'shift_plus': -0.3237245929596178, 'sigma_w': None, 'synapse_model': 'shifted_nn_restr_stdp_synapse', 't_ref': 0.0, 'tau_m': 10000000.0, 'tau_minus': 161.0, 'tau_plus': 261.0, 'tau_s': 0.0, 'time': 300, 'w_init': 0.0}
Score: 0.0860
100%|█████████▉| 346/347 [06:03<?, ?trial/s, best loss=?]                                                         Deleting files related to the current optimization iteration...
100%|█████████▉| 346/347 [06:03<?, ?trial/s, best loss=?]100%|██████████| 347/347 [06:03<00:00, 363.49s/trial, best loss: -0.20999999999999996]100%|██████████| 347/347 [06:03<00:00, 363.49s/trial, best loss: -0.20999999999999996]
100%|█████████▉| 347/348 [00:00<?, ?trial/s, best loss=?]                                                         Params: {'V_th': 10000, 'alpha': 3.4538744582722156, 'decode_potentials': True, 'decoding_method': 'max', 'encoding_method': 'frequency', 'lr': 0.8718594301611402, 'max_features': 1.0, 'max_samples': 0.2, 'mu_minus': 0.060000000000000005, 'mu_plus': 0.76, 'n_estimators': 1, 'n_fields': None, 'neuron_model': 'iaf_psc_exp', 'ref_seq_interval': 6, 'resolution': 0.1, 'shift_minus': 0.01861478536694613, 'shift_plus': -0.2072510690989486, 'sigma_w': None, 'synapse_model': 'shifted_nn_restr_stdp_synapse', 't_ref': 0.0, 'tau_m': 10000000.0, 'tau_minus': 261.0, 'tau_plus': 121.0, 'tau_s': 0.0, 'time': 300, 'w_init': 0.0}
Score: 0.1130
100%|█████████▉| 347/348 [05:33<?, ?trial/s, best loss=?]                                                         Deleting files related to the current optimization iteration...
100%|█████████▉| 347/348 [05:33<?, ?trial/s, best loss=?]100%|██████████| 348/348 [05:33<00:00, 333.48s/trial, best loss: -0.20999999999999996]100%|██████████| 348/348 [05:33<00:00, 333.48s/trial, best loss: -0.20999999999999996]
100%|█████████▉| 348/349 [00:00<?, ?trial/s, best loss=?]                                                         Params: {'V_th': 10000, 'alpha': 1633.8880157445133, 'decode_potentials': True, 'decoding_method': 'max', 'encoding_method': 'frequency', 'lr': 0.8030445717699655, 'max_features': 1.0, 'max_samples': 0.2, 'mu_minus': 0.31000000000000005, 'mu_plus': 0.7100000000000001, 'n_estimators': 1, 'n_fields': None, 'neuron_model': 'iaf_psc_exp', 'ref_seq_interval': 4, 'resolution': 0.1, 'shift_minus': 0.0843404548816175, 'shift_plus': -0.06689945998692748, 'sigma_w': None, 'synapse_model': 'shifted_nn_restr_stdp_synapse', 't_ref': 0.0, 'tau_m': 10000000.0, 'tau_minus': 21.0, 'tau_plus': 101.0, 'tau_s': 0.0, 'time': 300, 'w_init': 0.0}
Score: 0.0970
100%|█████████▉| 348/349 [05:33<?, ?trial/s, best loss=?]                                                         Deleting files related to the current optimization iteration...
100%|█████████▉| 348/349 [05:33<?, ?trial/s, best loss=?]100%|██████████| 349/349 [05:33<00:00, 333.36s/trial, best loss: -0.20999999999999996]100%|██████████| 349/349 [05:33<00:00, 333.36s/trial, best loss: -0.20999999999999996]
100%|█████████▉| 349/350 [00:00<?, ?trial/s, best loss=?]                                                         Params: {'V_th': 10000, 'alpha': 2.974535299903319, 'decode_potentials': True, 'decoding_method': 'max', 'encoding_method': 'frequency', 'lr': 0.6541938496583244, 'max_features': 1.0, 'max_samples': 0.2, 'mu_minus': 0.7100000000000001, 'mu_plus': 0.46, 'n_estimators': 1, 'n_fields': None, 'neuron_model': 'iaf_psc_exp', 'ref_seq_interval': 8, 'resolution': 0.1, 'shift_minus': 0.008839594897642468, 'shift_plus': -0.362344245695251, 'sigma_w': None, 'synapse_model': 'shifted_nn_restr_stdp_synapse', 't_ref': 0.0, 'tau_m': 10000000.0, 'tau_minus': 281.0, 'tau_plus': 201.0, 'tau_s': 0.0, 'time': 300, 'w_init': 0.0}
Score: 0.1250
100%|█████████▉| 349/350 [05:33<?, ?trial/s, best loss=?]                                                         Deleting files related to the current optimization iteration...
100%|█████████▉| 349/350 [05:33<?, ?trial/s, best loss=?]100%|██████████| 350/350 [05:33<00:00, 333.50s/trial, best loss: -0.20999999999999996]100%|██████████| 350/350 [05:33<00:00, 333.50s/trial, best loss: -0.20999999999999996]
100%|█████████▉| 350/351 [00:00<?, ?trial/s, best loss=?]                                                         Params: {'V_th': 10000, 'alpha': 2.647139994361285, 'decode_potentials': True, 'decoding_method': 'max', 'encoding_method': 'frequency', 'lr': 0.9790194774374041, 'max_features': 1.0, 'max_samples': 0.2, 'mu_minus': 0.060000000000000005, 'mu_plus': 0.81, 'n_estimators': 1, 'n_fields': None, 'neuron_model': 'iaf_psc_exp', 'ref_seq_interval': 2, 'resolution': 0.1, 'shift_minus': 0.4967754239828944, 'shift_plus': -0.2929190782109774, 'sigma_w': None, 'synapse_model': 'shifted_nn_restr_stdp_synapse', 't_ref': 0.0, 'tau_m': 10000000.0, 'tau_minus': 1.0, 'tau_plus': 221.0, 'tau_s': 0.0, 'time': 300, 'w_init': 0.0}
Score: 0.1030
100%|█████████▉| 350/351 [06:03<?, ?trial/s, best loss=?]                                                         Deleting files related to the current optimization iteration...
100%|█████████▉| 350/351 [06:03<?, ?trial/s, best loss=?]100%|██████████| 351/351 [06:03<00:00, 363.65s/trial, best loss: -0.20999999999999996]100%|██████████| 351/351 [06:03<00:00, 363.65s/trial, best loss: -0.20999999999999996]
100%|█████████▉| 351/352 [00:00<?, ?trial/s, best loss=?]                                                         Params: {'V_th': 10000, 'alpha': 3.8874370833777516, 'decode_potentials': True, 'decoding_method': 'max', 'encoding_method': 'frequency', 'lr': 0.9236534319255778, 'max_features': 1.0, 'max_samples': 0.2, 'mu_minus': 0.16000000000000003, 'mu_plus': 0.31000000000000005, 'n_estimators': 1, 'n_fields': None, 'neuron_model': 'iaf_psc_exp', 'ref_seq_interval': 4, 'resolution': 0.1, 'shift_minus': 0.03244277506978027, 'shift_plus': -0.42201266228222944, 'sigma_w': None, 'synapse_model': 'shifted_nn_restr_stdp_synapse', 't_ref': 0.0, 'tau_m': 10000000.0, 'tau_minus': 141.0, 'tau_plus': 281.0, 'tau_s': 0.0, 'time': 300, 'w_init': 0.0}
Score: 0.1120
100%|█████████▉| 351/352 [06:03<?, ?trial/s, best loss=?]                                                         Deleting files related to the current optimization iteration...
100%|█████████▉| 351/352 [06:03<?, ?trial/s, best loss=?]100%|██████████| 352/352 [06:03<00:00, 363.59s/trial, best loss: -0.20999999999999996]100%|██████████| 352/352 [06:03<00:00, 363.59s/trial, best loss: -0.20999999999999996]
100%|█████████▉| 352/353 [00:00<?, ?trial/s, best loss=?]                                                         Params: {'V_th': 10000, 'alpha': 0.4143630740283504, 'decode_potentials': True, 'decoding_method': 'max', 'encoding_method': 'frequency', 'lr': 0.8350809334768658, 'max_features': 1.0, 'max_samples': 0.2, 'mu_minus': 0.36000000000000004, 'mu_plus': 0.060000000000000005, 'n_estimators': 1, 'n_fields': None, 'neuron_model': 'iaf_psc_exp', 'ref_seq_interval': 10, 'resolution': 0.1, 'shift_minus': 0.05484654714419972, 'shift_plus': -0.14084027447889697, 'sigma_w': None, 'synapse_model': 'shifted_nn_restr_stdp_synapse', 't_ref': 0.0, 'tau_m': 10000000.0, 'tau_minus': 201.0, 'tau_plus': 1.0, 'tau_s': 0.0, 'time': 300, 'w_init': 0.0}
Score: 0.1040
100%|█████████▉| 352/353 [06:03<?, ?trial/s, best loss=?]                                                         Deleting files related to the current optimization iteration...
100%|█████████▉| 352/353 [06:03<?, ?trial/s, best loss=?]100%|██████████| 353/353 [06:03<00:00, 363.66s/trial, best loss: -0.20999999999999996]100%|██████████| 353/353 [06:03<00:00, 363.66s/trial, best loss: -0.20999999999999996]
100%|█████████▉| 353/354 [00:00<?, ?trial/s, best loss=?]                                                         Params: {'V_th': 10000, 'alpha': 1.613451272077624, 'decode_potentials': True, 'decoding_method': 'max', 'encoding_method': 'frequency', 'lr': 0.76931633337921, 'max_features': 1.0, 'max_samples': 0.2, 'mu_minus': 0.8600000000000001, 'mu_plus': 0.11, 'n_estimators': 1, 'n_fields': None, 'neuron_model': 'iaf_psc_exp', 'ref_seq_interval': 4, 'resolution': 0.1, 'shift_minus': 0.09357814653550221, 'shift_plus': -0.3869988703334687, 'sigma_w': None, 'synapse_model': 'shifted_nn_restr_stdp_synapse', 't_ref': 0.0, 'tau_m': 10000000.0, 'tau_minus': 81.0, 'tau_plus': 161.0, 'tau_s': 0.0, 'time': 300, 'w_init': 0.0}
Score: 0.1130
100%|█████████▉| 353/354 [06:03<?, ?trial/s, best loss=?]                                                         Deleting files related to the current optimization iteration...
100%|█████████▉| 353/354 [06:03<?, ?trial/s, best loss=?]100%|██████████| 354/354 [06:03<00:00, 363.63s/trial, best loss: -0.20999999999999996]100%|██████████| 354/354 [06:03<00:00, 363.63s/trial, best loss: -0.20999999999999996]
100%|█████████▉| 354/355 [00:00<?, ?trial/s, best loss=?]                                                         Params: {'V_th': 10000, 'alpha': 2.255885294162312, 'decode_potentials': True, 'decoding_method': 'max', 'encoding_method': 'frequency', 'lr': 0.6911532424014115, 'max_features': 1.0, 'max_samples': 0.2, 'mu_minus': 0.21000000000000002, 'mu_plus': 0.81, 'n_estimators': 1, 'n_fields': None, 'neuron_model': 'iaf_psc_exp', 'ref_seq_interval': 8, 'resolution': 0.1, 'shift_minus': 0.12037291271431838, 'shift_plus': -0.5271890578408639, 'sigma_w': None, 'synapse_model': 'shifted_nn_restr_stdp_synapse', 't_ref': 0.0, 'tau_m': 10000000.0, 'tau_minus': 281.0, 'tau_plus': 281.0, 'tau_s': 0.0, 'time': 300, 'w_init': 0.0}
Score: 0.1080
100%|█████████▉| 354/355 [05:33<?, ?trial/s, best loss=?]                                                         Deleting files related to the current optimization iteration...
100%|█████████▉| 354/355 [05:33<?, ?trial/s, best loss=?]100%|██████████| 355/355 [05:33<00:00, 333.71s/trial, best loss: -0.20999999999999996]100%|██████████| 355/355 [05:33<00:00, 333.71s/trial, best loss: -0.20999999999999996]
100%|█████████▉| 355/356 [00:00<?, ?trial/s, best loss=?]                                                         Params: {'V_th': 10000, 'alpha': 247.42880504840934, 'decode_potentials': True, 'decoding_method': 'max', 'encoding_method': 'frequency', 'lr': 0.9394630997029811, 'max_features': 1.0, 'max_samples': 0.2, 'mu_minus': 0.91, 'mu_plus': 0.9600000000000001, 'n_estimators': 1, 'n_fields': None, 'neuron_model': 'iaf_psc_exp', 'ref_seq_interval': 4, 'resolution': 0.1, 'shift_minus': 0.15068402816077175, 'shift_plus': -0.10277195430787323, 'sigma_w': None, 'synapse_model': 'shifted_nn_restr_stdp_synapse', 't_ref': 0.0, 'tau_m': 10000000.0, 'tau_minus': 181.0, 'tau_plus': 101.0, 'tau_s': 0.0, 'time': 300, 'w_init': 0.0}
Score: 0.0900
100%|█████████▉| 355/356 [05:33<?, ?trial/s, best loss=?]                                                         Deleting files related to the current optimization iteration...
100%|█████████▉| 355/356 [05:33<?, ?trial/s, best loss=?]100%|██████████| 356/356 [05:33<00:00, 333.64s/trial, best loss: -0.20999999999999996]100%|██████████| 356/356 [05:33<00:00, 333.64s/trial, best loss: -0.20999999999999996]
100%|█████████▉| 356/357 [00:00<?, ?trial/s, best loss=?]                                                         Params: {'V_th': 10000, 'alpha': 3.2432544924668814, 'decode_potentials': True, 'decoding_method': 'max', 'encoding_method': 'frequency', 'lr': 0.8570631494745109, 'max_features': 1.0, 'max_samples': 0.2, 'mu_minus': 0.060000000000000005, 'mu_plus': 0.56, 'n_estimators': 1, 'n_fields': None, 'neuron_model': 'iaf_psc_exp', 'ref_seq_interval': 7, 'resolution': 0.1, 'shift_minus': 0.0010475450798130555, 'shift_plus': -0.22015975379643798, 'sigma_w': None, 'synapse_model': 'shifted_nn_restr_stdp_synapse', 't_ref': 0.0, 'tau_m': 10000000.0, 'tau_minus': 261.0, 'tau_plus': 21.0, 'tau_s': 0.0, 'time': 300, 'w_init': 0.0}
Score: 0.1100
100%|█████████▉| 356/357 [05:33<?, ?trial/s, best loss=?]                                                         Deleting files related to the current optimization iteration...
100%|█████████▉| 356/357 [05:33<?, ?trial/s, best loss=?]100%|██████████| 357/357 [05:33<00:00, 333.85s/trial, best loss: -0.20999999999999996]100%|██████████| 357/357 [05:33<00:00, 333.85s/trial, best loss: -0.20999999999999996]
100%|█████████▉| 357/358 [00:00<?, ?trial/s, best loss=?]                                                         Params: {'V_th': 10000, 'alpha': 1.9994792297180473, 'decode_potentials': True, 'decoding_method': 'max', 'encoding_method': 'frequency', 'lr': 0.959305032415912, 'max_features': 1.0, 'max_samples': 0.2, 'mu_minus': 0.9600000000000001, 'mu_plus': 0.7100000000000001, 'n_estimators': 1, 'n_fields': None, 'neuron_model': 'iaf_psc_exp', 'ref_seq_interval': 6, 'resolution': 0.1, 'shift_minus': 0.07022505303428249, 'shift_plus': -0.2716523483816163, 'sigma_w': None, 'synapse_model': 'shifted_nn_restr_stdp_synapse', 't_ref': 0.0, 'tau_m': 10000000.0, 'tau_minus': 21.0, 'tau_plus': 221.0, 'tau_s': 0.0, 'time': 300, 'w_init': 0.0}
Score: 0.0960
100%|█████████▉| 357/358 [06:03<?, ?trial/s, best loss=?]                                                         Deleting files related to the current optimization iteration...
100%|█████████▉| 357/358 [06:03<?, ?trial/s, best loss=?]100%|██████████| 358/358 [06:03<00:00, 363.55s/trial, best loss: -0.20999999999999996]100%|██████████| 358/358 [06:03<00:00, 363.55s/trial, best loss: -0.20999999999999996]
100%|█████████▉| 358/359 [00:00<?, ?trial/s, best loss=?]                                                         Params: {'V_th': 10000, 'alpha': 4.687673993906244, 'decode_potentials': True, 'decoding_method': 'max', 'encoding_method': 'frequency', 'lr': 0.9097977994475657, 'max_features': 1.0, 'max_samples': 0.2, 'mu_minus': 0.26, 'mu_plus': 0.01, 'n_estimators': 1, 'n_fields': None, 'neuron_model': 'iaf_psc_exp', 'ref_seq_interval': 4, 'resolution': 0.1, 'shift_minus': 0.2923110706405521, 'shift_plus': -0.18619041158105756, 'sigma_w': None, 'synapse_model': 'shifted_nn_restr_stdp_synapse', 't_ref': 0.0, 'tau_m': 10000000.0, 'tau_minus': 241.0, 'tau_plus': 281.0, 'tau_s': 0.0, 'time': 300, 'w_init': 0.0}
Score: 0.0960
100%|█████████▉| 358/359 [05:33<?, ?trial/s, best loss=?]                                                         Deleting files related to the current optimization iteration...
100%|█████████▉| 358/359 [05:33<?, ?trial/s, best loss=?]100%|██████████| 359/359 [05:33<00:00, 333.49s/trial, best loss: -0.20999999999999996]100%|██████████| 359/359 [05:33<00:00, 333.49s/trial, best loss: -0.20999999999999996]
100%|█████████▉| 359/360 [00:00<?, ?trial/s, best loss=?]                                                         Params: {'V_th': 10000, 'alpha': 0.6787442958931296, 'decode_potentials': True, 'decoding_method': 'max', 'encoding_method': 'frequency', 'lr': 0.7948881533391747, 'max_features': 1.0, 'max_samples': 0.2, 'mu_minus': 0.060000000000000005, 'mu_plus': 0.91, 'n_estimators': 1, 'n_fields': None, 'neuron_model': 'iaf_psc_exp', 'ref_seq_interval': 8, 'resolution': 0.1, 'shift_minus': 0.02732032011375002, 'shift_plus': -0.5016172242419175, 'sigma_w': None, 'synapse_model': 'shifted_nn_restr_stdp_synapse', 't_ref': 0.0, 'tau_m': 10000000.0, 'tau_minus': 41.0, 'tau_plus': 241.0, 'tau_s': 0.0, 'time': 300, 'w_init': 0.0}
Score: 0.0800
100%|█████████▉| 359/360 [05:34<?, ?trial/s, best loss=?]                                                         Deleting files related to the current optimization iteration...
100%|█████████▉| 359/360 [05:34<?, ?trial/s, best loss=?]100%|██████████| 360/360 [05:34<00:00, 334.04s/trial, best loss: -0.20999999999999996]100%|██████████| 360/360 [05:34<00:00, 334.04s/trial, best loss: -0.20999999999999996]
100%|█████████▉| 360/361 [00:00<?, ?trial/s, best loss=?]                                                         Params: {'V_th': 10000, 'alpha': 0.928443844341956, 'decode_potentials': True, 'decoding_method': 'max', 'encoding_method': 'frequency', 'lr': 0.7302893877105004, 'max_features': 1.0, 'max_samples': 0.2, 'mu_minus': 0.46, 'mu_plus': 0.81, 'n_estimators': 1, 'n_fields': None, 'neuron_model': 'iaf_psc_exp', 'ref_seq_interval': 2, 'resolution': 0.1, 'shift_minus': 0.00044511203712242336, 'shift_plus': -0.26125282736115424, 'sigma_w': None, 'synapse_model': 'shifted_nn_restr_stdp_synapse', 't_ref': 0.0, 'tau_m': 10000000.0, 'tau_minus': 281.0, 'tau_plus': 141.0, 'tau_s': 0.0, 'time': 300, 'w_init': 0.0}
Score: 0.1170
100%|█████████▉| 360/361 [06:03<?, ?trial/s, best loss=?]                                                         Deleting files related to the current optimization iteration...
100%|█████████▉| 360/361 [06:03<?, ?trial/s, best loss=?]100%|██████████| 361/361 [06:03<00:00, 363.63s/trial, best loss: -0.20999999999999996]100%|██████████| 361/361 [06:03<00:00, 363.63s/trial, best loss: -0.20999999999999996]
100%|█████████▉| 361/362 [00:00<?, ?trial/s, best loss=?]                                                         Params: {'V_th': 10000, 'alpha': 2.4064387821149245, 'decode_potentials': True, 'decoding_method': 'max', 'encoding_method': 'frequency', 'lr': 0.6278130882414972, 'max_features': 1.0, 'max_samples': 0.2, 'mu_minus': 0.01, 'mu_plus': 0.51, 'n_estimators': 1, 'n_fields': None, 'neuron_model': 'iaf_psc_exp', 'ref_seq_interval': 4, 'resolution': 0.1, 'shift_minus': 0.16626897525730402, 'shift_plus': -0.3485123003699053, 'sigma_w': None, 'synapse_model': 'shifted_nn_restr_stdp_synapse', 't_ref': 0.0, 'tau_m': 10000000.0, 'tau_minus': 161.0, 'tau_plus': 181.0, 'tau_s': 0.0, 'time': 300, 'w_init': 0.0}
Score: 0.1010
100%|█████████▉| 361/362 [06:03<?, ?trial/s, best loss=?]                                                         Deleting files related to the current optimization iteration...
100%|█████████▉| 361/362 [06:03<?, ?trial/s, best loss=?]100%|██████████| 362/362 [06:03<00:00, 363.36s/trial, best loss: -0.20999999999999996]100%|██████████| 362/362 [06:03<00:00, 363.36s/trial, best loss: -0.20999999999999996]
100%|█████████▉| 362/363 [00:00<?, ?trial/s, best loss=?]                                                         Params: {'V_th': 10000, 'alpha': 36.47010382624219, 'decode_potentials': True, 'decoding_method': 'max', 'encoding_method': 'frequency', 'lr': 0.8794040013846414, 'max_features': 1.0, 'max_samples': 0.2, 'mu_minus': 0.36000000000000004, 'mu_plus': 0.16000000000000003, 'n_estimators': 1, 'n_fields': None, 'neuron_model': 'iaf_psc_exp', 'ref_seq_interval': 10, 'resolution': 0.1, 'shift_minus': 0.042606285560958045, 'shift_plus': -0.31094963007218235, 'sigma_w': None, 'synapse_model': 'shifted_nn_restr_stdp_synapse', 't_ref': 0.0, 'tau_m': 10000000.0, 'tau_minus': 181.0, 'tau_plus': 61.0, 'tau_s': 0.0, 'time': 300, 'w_init': 0.0}
Score: 0.0950
100%|█████████▉| 362/363 [05:33<?, ?trial/s, best loss=?]                                                         Deleting files related to the current optimization iteration...
100%|█████████▉| 362/363 [05:33<?, ?trial/s, best loss=?]100%|██████████| 363/363 [05:33<00:00, 333.49s/trial, best loss: -0.20999999999999996]100%|██████████| 363/363 [05:33<00:00, 333.49s/trial, best loss: -0.20999999999999996]
100%|█████████▉| 363/364 [00:00<?, ?trial/s, best loss=?]                                                         Params: {'V_th': 10000, 'alpha': 0.0026735681680341017, 'decode_potentials': True, 'decoding_method': 'max', 'encoding_method': 'frequency', 'lr': 0.9818565635429013, 'max_features': 1.0, 'max_samples': 0.2, 'mu_minus': 0.51, 'mu_plus': 0.41000000000000003, 'n_estimators': 1, 'n_fields': None, 'neuron_model': 'iaf_psc_exp', 'ref_seq_interval': 5, 'resolution': 0.1, 'shift_minus': 0.10275209861322632, 'shift_plus': -0.1561150773103629, 'sigma_w': None, 'synapse_model': 'shifted_nn_restr_stdp_synapse', 't_ref': 0.0, 'tau_m': 10000000.0, 'tau_minus': 121.0, 'tau_plus': 261.0, 'tau_s': 0.0, 'time': 300, 'w_init': 0.0}
Score: 0.1160
100%|█████████▉| 363/364 [06:05<?, ?trial/s, best loss=?]                                                         Deleting files related to the current optimization iteration...
100%|█████████▉| 363/364 [06:05<?, ?trial/s, best loss=?]100%|██████████| 364/364 [06:05<00:00, 365.07s/trial, best loss: -0.20999999999999996]100%|██████████| 364/364 [06:05<00:00, 365.08s/trial, best loss: -0.20999999999999996]
100%|█████████▉| 364/365 [00:00<?, ?trial/s, best loss=?]                                                         Params: {'V_th': 10000, 'alpha': 4.230389562762145, 'decode_potentials': True, 'decoding_method': 'max', 'encoding_method': 'frequency', 'lr': 0.9953719051206285, 'max_features': 1.0, 'max_samples': 0.2, 'mu_minus': 0.66, 'mu_plus': 0.66, 'n_estimators': 1, 'n_fields': None, 'neuron_model': 'iaf_psc_exp', 'ref_seq_interval': 4, 'resolution': 0.1, 'shift_minus': 0.013152695589908343, 'shift_plus': -0.051288293643469735, 'sigma_w': None, 'synapse_model': 'shifted_nn_restr_stdp_synapse', 't_ref': 0.0, 'tau_m': 10000000.0, 'tau_minus': 261.0, 'tau_plus': 201.0, 'tau_s': 0.0, 'time': 300, 'w_init': 0.0}
Score: 0.1070
100%|█████████▉| 364/365 [06:03<?, ?trial/s, best loss=?]                                                         Deleting files related to the current optimization iteration...
100%|█████████▉| 364/365 [06:03<?, ?trial/s, best loss=?]100%|██████████| 365/365 [06:03<00:00, 363.40s/trial, best loss: -0.20999999999999996]100%|██████████| 365/365 [06:03<00:00, 363.41s/trial, best loss: -0.20999999999999996]
100%|█████████▉| 365/366 [00:00<?, ?trial/s, best loss=?]                                                         Params: {'V_th': 10000, 'alpha': 2.928125756335549, 'decode_potentials': True, 'decoding_method': 'max', 'encoding_method': 'frequency', 'lr': 0.8211892431220006, 'max_features': 1.0, 'max_samples': 0.2, 'mu_minus': 0.41000000000000003, 'mu_plus': 0.11, 'n_estimators': 1, 'n_fields': None, 'neuron_model': 'iaf_psc_exp', 'ref_seq_interval': 8, 'resolution': 0.1, 'shift_minus': 0.05473777649351586, 'shift_plus': -0.2351199303152287, 'sigma_w': None, 'synapse_model': 'shifted_nn_restr_stdp_synapse', 't_ref': 0.0, 'tau_m': 10000000.0, 'tau_minus': 21.0, 'tau_plus': 101.0, 'tau_s': 0.0, 'time': 300, 'w_init': 0.0}
Score: 0.0940
100%|█████████▉| 365/366 [05:33<?, ?trial/s, best loss=?]                                                         Deleting files related to the current optimization iteration...
100%|█████████▉| 365/366 [05:33<?, ?trial/s, best loss=?]100%|██████████| 366/366 [05:33<00:00, 333.33s/trial, best loss: -0.20999999999999996]100%|██████████| 366/366 [05:33<00:00, 333.33s/trial, best loss: -0.20999999999999996]
100%|█████████▉| 366/367 [00:00<?, ?trial/s, best loss=?]                                                         Params: {'V_th': 10000, 'alpha': 9.980090897792667, 'decode_potentials': True, 'decoding_method': 'max', 'encoding_method': 'frequency', 'lr': 0.7041906425045471, 'max_features': 1.0, 'max_samples': 0.2, 'mu_minus': 0.8600000000000001, 'mu_plus': 0.21000000000000002, 'n_estimators': 1, 'n_fields': None, 'neuron_model': 'iaf_psc_exp', 'ref_seq_interval': 7, 'resolution': 0.1, 'shift_minus': 0.07967461642109361, 'shift_plus': -0.3713790783633391, 'sigma_w': None, 'synapse_model': 'shifted_nn_restr_stdp_synapse', 't_ref': 0.0, 'tau_m': 10000000.0, 'tau_minus': 1.0, 'tau_plus': 121.0, 'tau_s': 0.0, 'time': 300, 'w_init': 0.0}
Score: 0.0960
100%|█████████▉| 366/367 [05:33<?, ?trial/s, best loss=?]                                                         Deleting files related to the current optimization iteration...
100%|█████████▉| 366/367 [05:33<?, ?trial/s, best loss=?]100%|██████████| 367/367 [05:33<00:00, 333.39s/trial, best loss: -0.20999999999999996]100%|██████████| 367/367 [05:33<00:00, 333.39s/trial, best loss: -0.20999999999999996]
100%|█████████▉| 367/368 [00:00<?, ?trial/s, best loss=?]                                                         Params: {'V_th': 10000, 'alpha': 1.2158379198304115, 'decode_potentials': True, 'decoding_method': 'max', 'encoding_method': 'frequency', 'lr': 0.8972003475280153, 'max_features': 1.0, 'max_samples': 0.2, 'mu_minus': 0.56, 'mu_plus': 0.81, 'n_estimators': 1, 'n_fields': None, 'neuron_model': 'iaf_psc_exp', 'ref_seq_interval': 4, 'resolution': 0.1, 'shift_minus': 0.022261552341894628, 'shift_plus': -0.4407564842874919, 'sigma_w': None, 'synapse_model': 'shifted_nn_restr_stdp_synapse', 't_ref': 0.0, 'tau_m': 10000000.0, 'tau_minus': 281.0, 'tau_plus': 281.0, 'tau_s': 0.0, 'time': 300, 'w_init': 0.0}
Score: 0.0980
100%|█████████▉| 367/368 [06:03<?, ?trial/s, best loss=?]                                                         Deleting files related to the current optimization iteration...
100%|█████████▉| 367/368 [06:03<?, ?trial/s, best loss=?]100%|██████████| 368/368 [06:03<00:00, 363.42s/trial, best loss: -0.20999999999999996]100%|██████████| 368/368 [06:03<00:00, 363.42s/trial, best loss: -0.20999999999999996]
100%|█████████▉| 368/369 [00:00<?, ?trial/s, best loss=?]                                                         Params: {'V_th': 10000, 'alpha': 2.151691100818721, 'decode_potentials': True, 'decoding_method': 'max', 'encoding_method': 'frequency', 'lr': 0.7551212782019228, 'max_features': 1.0, 'max_samples': 0.2, 'mu_minus': 0.060000000000000005, 'mu_plus': 0.76, 'n_estimators': 1, 'n_fields': None, 'neuron_model': 'iaf_psc_exp', 'ref_seq_interval': 5, 'resolution': 0.1, 'shift_minus': 0.064951541247028, 'shift_plus': -0.20608244510389337, 'sigma_w': None, 'synapse_model': 'shifted_nn_restr_stdp_synapse', 't_ref': 0.0, 'tau_m': 10000000.0, 'tau_minus': 81.0, 'tau_plus': 221.0, 'tau_s': 0.0, 'time': 300, 'w_init': 0.0}
Score: 0.0910
100%|█████████▉| 368/369 [06:03<?, ?trial/s, best loss=?]                                                         Deleting files related to the current optimization iteration...
100%|█████████▉| 368/369 [06:03<?, ?trial/s, best loss=?]100%|██████████| 369/369 [06:03<00:00, 363.32s/trial, best loss: -0.20999999999999996]100%|██████████| 369/369 [06:03<00:00, 363.32s/trial, best loss: -0.20999999999999996]
100%|█████████▉| 369/370 [00:00<?, ?trial/s, best loss=?]                                                         Params: {'V_th': 10000, 'alpha': 472.01519845138955, 'decode_potentials': True, 'decoding_method': 'max', 'encoding_method': 'frequency', 'lr': 0.9196893191951268, 'max_features': 1.0, 'max_samples': 0.2, 'mu_minus': 0.31000000000000005, 'mu_plus': 0.46, 'n_estimators': 1, 'n_fields': None, 'neuron_model': 'iaf_psc_exp', 'ref_seq_interval': 6, 'resolution': 0.1, 'shift_minus': 0.1345259522123347, 'shift_plus': -0.289039914555524, 'sigma_w': None, 'synapse_model': 'shifted_nn_restr_stdp_synapse', 't_ref': 0.0, 'tau_m': 10000000.0, 'tau_minus': 221.0, 'tau_plus': 1.0, 'tau_s': 0.0, 'time': 300, 'w_init': 0.0}
Score: 0.0940
100%|█████████▉| 369/370 [05:33<?, ?trial/s, best loss=?]                                                         Deleting files related to the current optimization iteration...
100%|█████████▉| 369/370 [05:33<?, ?trial/s, best loss=?]100%|██████████| 370/370 [05:33<00:00, 333.29s/trial, best loss: -0.20999999999999996]100%|██████████| 370/370 [05:33<00:00, 333.29s/trial, best loss: -0.20999999999999996]
100%|█████████▉| 370/371 [00:00<?, ?trial/s, best loss=?]                                                         Params: {'V_th': 10000, 'alpha': 3.761430090699834, 'decode_potentials': True, 'decoding_method': 'max', 'encoding_method': 'frequency', 'lr': 0.8420386945422471, 'max_features': 1.0, 'max_samples': 0.2, 'mu_minus': 0.7100000000000001, 'mu_plus': 0.7100000000000001, 'n_estimators': 1, 'n_fields': None, 'neuron_model': 'iaf_psc_exp', 'ref_seq_interval': 4, 'resolution': 0.1, 'shift_minus': 0.03234990287375045, 'shift_plus': -0.48418972528199905, 'sigma_w': None, 'synapse_model': 'shifted_nn_restr_stdp_synapse', 't_ref': 0.0, 'tau_m': 10000000.0, 'tau_minus': 201.0, 'tau_plus': 61.0, 'tau_s': 0.0, 'time': 300, 'w_init': 0.0}
Score: 0.1160
100%|█████████▉| 370/371 [05:33<?, ?trial/s, best loss=?]                                                         Deleting files related to the current optimization iteration...
100%|█████████▉| 370/371 [05:33<?, ?trial/s, best loss=?]100%|██████████| 371/371 [05:33<00:00, 333.49s/trial, best loss: -0.20999999999999996]100%|██████████| 371/371 [05:33<00:00, 333.49s/trial, best loss: -0.20999999999999996]
100%|█████████▉| 371/372 [00:00<?, ?trial/s, best loss=?]                                                         Params: {'V_th': 10000, 'alpha': 1.7669843318423752, 'decode_potentials': True, 'decoding_method': 'max', 'encoding_method': 'frequency', 'lr': 0.9986409194934568, 'max_features': 1.0, 'max_samples': 0.2, 'mu_minus': 0.16000000000000003, 'mu_plus': 0.81, 'n_estimators': 1, 'n_fields': None, 'neuron_model': 'iaf_psc_exp', 'ref_seq_interval': 8, 'resolution': 0.1, 'shift_minus': 0.010542761896567379, 'shift_plus': -0.4040913034672635, 'sigma_w': None, 'synapse_model': 'shifted_nn_restr_stdp_synapse', 't_ref': 0.0, 'tau_m': 10000000.0, 'tau_minus': 141.0, 'tau_plus': 161.0, 'tau_s': 0.0, 'time': 300, 'w_init': 0.0}
Score: 0.1070
100%|█████████▉| 371/372 [05:33<?, ?trial/s, best loss=?]                                                         Deleting files related to the current optimization iteration...
100%|█████████▉| 371/372 [05:33<?, ?trial/s, best loss=?]100%|██████████| 372/372 [05:33<00:00, 333.43s/trial, best loss: -0.20999999999999996]100%|██████████| 372/372 [05:33<00:00, 333.43s/trial, best loss: -0.20999999999999996]
100%|█████████▉| 372/373 [00:00<?, ?trial/s, best loss=?]                                                         Params: {'V_th': 10000, 'alpha': 2.5251833695697266, 'decode_potentials': True, 'decoding_method': 'max', 'encoding_method': 'frequency', 'lr': 0.8647874666615637, 'max_features': 1.0, 'max_samples': 0.2, 'mu_minus': 0.060000000000000005, 'mu_plus': 0.9600000000000001, 'n_estimators': 1, 'n_fields': None, 'neuron_model': 'iaf_psc_exp', 'ref_seq_interval': 4, 'resolution': 0.1, 'shift_minus': 0.04685059108019705, 'shift_plus': -0.11001553618697221, 'sigma_w': None, 'synapse_model': 'shifted_nn_restr_stdp_synapse', 't_ref': 0.0, 'tau_m': 10000000.0, 'tau_minus': 281.0, 'tau_plus': 281.0, 'tau_s': 0.0, 'time': 300, 'w_init': 0.0}
Score: 0.0940
100%|█████████▉| 372/373 [06:03<?, ?trial/s, best loss=?]                                                         Deleting files related to the current optimization iteration...
100%|█████████▉| 372/373 [06:03<?, ?trial/s, best loss=?]100%|██████████| 373/373 [06:03<00:00, 363.55s/trial, best loss: -0.20999999999999996]100%|██████████| 373/373 [06:03<00:00, 363.56s/trial, best loss: -0.20999999999999996]
100%|█████████▉| 373/374 [00:00<?, ?trial/s, best loss=?]                                                         Params: {'V_th': 10000, 'alpha': 3.1179720753900115, 'decode_potentials': True, 'decoding_method': 'max', 'encoding_method': 'frequency', 'lr': 0.7770984182537364, 'max_features': 1.0, 'max_samples': 0.2, 'mu_minus': 0.11, 'mu_plus': 0.36000000000000004, 'n_estimators': 1, 'n_fields': None, 'neuron_model': 'iaf_psc_exp', 'ref_seq_interval': 2, 'resolution': 0.1, 'shift_minus': 0.08967759804868339, 'shift_plus': -0.17554195780852422, 'sigma_w': None, 'synapse_model': 'shifted_nn_restr_stdp_synapse', 't_ref': 0.0, 'tau_m': 10000000.0, 'tau_minus': 181.0, 'tau_plus': 21.0, 'tau_s': 0.0, 'time': 300, 'w_init': 0.0}
Score: 0.1040
100%|█████████▉| 373/374 [06:03<?, ?trial/s, best loss=?]                                                         Deleting files related to the current optimization iteration...
100%|█████████▉| 373/374 [06:03<?, ?trial/s, best loss=?]100%|██████████| 374/374 [06:03<00:00, 363.60s/trial, best loss: -0.20999999999999996]100%|██████████| 374/374 [06:03<00:00, 363.60s/trial, best loss: -0.20999999999999996]
100%|█████████▉| 374/375 [00:00<?, ?trial/s, best loss=?]                                                         Params: {'V_th': 10000, 'alpha': 5.461337137418741, 'decode_potentials': True, 'decoding_method': 'max', 'encoding_method': 'frequency', 'lr': 0.9432316703676404, 'max_features': 1.0, 'max_samples': 0.2, 'mu_minus': 0.36000000000000004, 'mu_plus': 0.31000000000000005, 'n_estimators': 1, 'n_fields': None, 'neuron_model': 'iaf_psc_exp', 'ref_seq_interval': 10, 'resolution': 0.1, 'shift_minus': 0.11518414951160161, 'shift_plus': -0.2441506296192743, 'sigma_w': None, 'synapse_model': 'shifted_nn_restr_stdp_synapse', 't_ref': 0.0, 'tau_m': 10000000.0, 'tau_minus': 261.0, 'tau_plus': 101.0, 'tau_s': 0.0, 'time': 300, 'w_init': 0.0}
Score: 0.0960
100%|█████████▉| 374/375 [05:33<?, ?trial/s, best loss=?]                                                         Deleting files related to the current optimization iteration...
100%|█████████▉| 374/375 [05:33<?, ?trial/s, best loss=?]100%|██████████| 375/375 [05:33<00:00, 333.67s/trial, best loss: -0.20999999999999996]100%|██████████| 375/375 [05:33<00:00, 333.67s/trial, best loss: -0.20999999999999996]
100%|█████████▉| 375/376 [00:00<?, ?trial/s, best loss=?]                                                         Params: {'V_th': 10000, 'alpha': 1.5098643062939303, 'decode_potentials': True, 'decoding_method': 'max', 'encoding_method': 'frequency', 'lr': 0.0889644658606521, 'max_features': 1.0, 'max_samples': 0.2, 'mu_minus': 0.8600000000000001, 'mu_plus': 0.81, 'n_estimators': 1, 'n_fields': None, 'neuron_model': 'iaf_psc_exp', 'ref_seq_interval': 9, 'resolution': 0.1, 'shift_minus': 0.3098233076103137, 'shift_plus': -0.31337892921597493, 'sigma_w': None, 'synapse_model': 'shifted_nn_restr_stdp_synapse', 't_ref': 0.0, 'tau_m': 10000000.0, 'tau_minus': 21.0, 'tau_plus': 221.0, 'tau_s': 0.0, 'time': 300, 'w_init': 0.0}
Score: 0.1020
100%|█████████▉| 375/376 [06:03<?, ?trial/s, best loss=?]                                                         Deleting files related to the current optimization iteration...
100%|█████████▉| 375/376 [06:03<?, ?trial/s, best loss=?]100%|██████████| 376/376 [06:03<00:00, 363.52s/trial, best loss: -0.20999999999999996]100%|██████████| 376/376 [06:03<00:00, 363.52s/trial, best loss: -0.20999999999999996]
100%|█████████▉| 376/377 [00:00<?, ?trial/s, best loss=?]                                                         Params: {'V_th': 10000, 'alpha': 8.983277952588635, 'decode_potentials': True, 'decoding_method': 'max', 'encoding_method': 'frequency', 'lr': 0.597479618704635, 'max_features': 1.0, 'max_samples': 0.2, 'mu_minus': 0.21000000000000002, 'mu_plus': 0.11, 'n_estimators': 1, 'n_fields': None, 'neuron_model': 'iaf_psc_exp', 'ref_seq_interval': 5, 'resolution': 0.1, 'shift_minus': 0.2633350495783619, 'shift_plus': -0.32675511133510776, 'sigma_w': None, 'synapse_model': 'shifted_nn_restr_stdp_synapse', 't_ref': 0.0, 'tau_m': 10000000.0, 'tau_minus': 41.0, 'tau_plus': 281.0, 'tau_s': 0.0, 'time': 300, 'w_init': 0.0}
Score: 0.0970
100%|█████████▉| 376/377 [06:03<?, ?trial/s, best loss=?]                                                         Deleting files related to the current optimization iteration...
100%|█████████▉| 376/377 [06:03<?, ?trial/s, best loss=?]100%|██████████| 377/377 [06:03<00:00, 363.49s/trial, best loss: -0.20999999999999996]100%|██████████| 377/377 [06:03<00:00, 363.49s/trial, best loss: -0.20999999999999996]
100%|█████████▉| 377/378 [00:00<?, ?trial/s, best loss=?]                                                         Params: {'V_th': 10000, 'alpha': 5.140535761056154, 'decode_potentials': True, 'decoding_method': 'max', 'encoding_method': 'frequency', 'lr': 0.667407549818316, 'max_features': 1.0, 'max_samples': 0.2, 'mu_minus': 0.6100000000000001, 'mu_plus': 0.56, 'n_estimators': 1, 'n_fields': None, 'neuron_model': 'iaf_psc_exp', 'ref_seq_interval': 4, 'resolution': 0.1, 'shift_minus': 0.0004502328056210731, 'shift_plus': -0.13031601214262886, 'sigma_w': None, 'synapse_model': 'shifted_nn_restr_stdp_synapse', 't_ref': 0.0, 'tau_m': 10000000.0, 'tau_minus': 241.0, 'tau_plus': 141.0, 'tau_s': 0.0, 'time': 300, 'w_init': 0.0}
Score: 0.1970
100%|█████████▉| 377/378 [05:33<?, ?trial/s, best loss=?]                                                         Deleting files related to the current optimization iteration...
100%|█████████▉| 377/378 [05:33<?, ?trial/s, best loss=?]100%|██████████| 378/378 [05:33<00:00, 333.52s/trial, best loss: -0.20999999999999996]100%|██████████| 378/378 [05:33<00:00, 333.52s/trial, best loss: -0.20999999999999996]
100%|█████████▉| 378/379 [00:00<?, ?trial/s, best loss=?]                                                         Params: {'V_th': 10000, 'alpha': 5.289404770913769, 'decode_potentials': True, 'decoding_method': 'max', 'encoding_method': 'frequency', 'lr': 0.5721741955923273, 'max_features': 1.0, 'max_samples': 0.2, 'mu_minus': 0.6100000000000001, 'mu_plus': 0.56, 'n_estimators': 1, 'n_fields': None, 'neuron_model': 'iaf_psc_exp', 'ref_seq_interval': 4, 'resolution': 0.1, 'shift_minus': 0.036384625117190116, 'shift_plus': -0.03306576010603085, 'sigma_w': None, 'synapse_model': 'shifted_nn_restr_stdp_synapse', 't_ref': 0.0, 'tau_m': 10000000.0, 'tau_minus': 241.0, 'tau_plus': 141.0, 'tau_s': 0.0, 'time': 300, 'w_init': 0.0}
Score: 0.1050
100%|█████████▉| 378/379 [05:33<?, ?trial/s, best loss=?]                                                         Deleting files related to the current optimization iteration...
100%|█████████▉| 378/379 [05:33<?, ?trial/s, best loss=?]100%|██████████| 379/379 [05:33<00:00, 333.55s/trial, best loss: -0.20999999999999996]100%|██████████| 379/379 [05:33<00:00, 333.55s/trial, best loss: -0.20999999999999996]
100%|█████████▉| 379/380 [00:00<?, ?trial/s, best loss=?]                                                         Params: {'V_th': 10000, 'alpha': 5.096133752048123, 'decode_potentials': True, 'decoding_method': 'max', 'encoding_method': 'frequency', 'lr': 0.517748238014951, 'max_features': 1.0, 'max_samples': 0.2, 'mu_minus': 0.6100000000000001, 'mu_plus': 0.56, 'n_estimators': 1, 'n_fields': None, 'neuron_model': 'iaf_psc_exp', 'ref_seq_interval': 4, 'resolution': 0.1, 'shift_minus': 0.0006432057427568161, 'shift_plus': -0.09007497165295475, 'sigma_w': None, 'synapse_model': 'shifted_nn_restr_stdp_synapse', 't_ref': 0.0, 'tau_m': 10000000.0, 'tau_minus': 241.0, 'tau_plus': 141.0, 'tau_s': 0.0, 'time': 300, 'w_init': 0.0}
Score: 0.1310
100%|█████████▉| 379/380 [05:33<?, ?trial/s, best loss=?]                                                         Deleting files related to the current optimization iteration...
100%|█████████▉| 379/380 [05:33<?, ?trial/s, best loss=?]100%|██████████| 380/380 [05:33<00:00, 333.55s/trial, best loss: -0.20999999999999996]100%|██████████| 380/380 [05:33<00:00, 333.55s/trial, best loss: -0.20999999999999996]
100%|█████████▉| 380/381 [00:00<?, ?trial/s, best loss=?]                                                         Params: {'V_th': 10000, 'alpha': 4.769460078829367, 'decode_potentials': True, 'decoding_method': 'max', 'encoding_method': 'frequency', 'lr': 0.5472268066099966, 'max_features': 1.0, 'max_samples': 0.2, 'mu_minus': 0.6100000000000001, 'mu_plus': 0.56, 'n_estimators': 1, 'n_fields': None, 'neuron_model': 'iaf_psc_exp', 'ref_seq_interval': 4, 'resolution': 0.1, 'shift_minus': 0.3695847414765803, 'shift_plus': -0.022814813817513754, 'sigma_w': None, 'synapse_model': 'shifted_nn_restr_stdp_synapse', 't_ref': 0.0, 'tau_m': 10000000.0, 'tau_minus': 241.0, 'tau_plus': 141.0, 'tau_s': 0.0, 'time': 300, 'w_init': 0.0}
Score: 0.1140
100%|█████████▉| 380/381 [05:33<?, ?trial/s, best loss=?]                                                         Deleting files related to the current optimization iteration...
100%|█████████▉| 380/381 [05:33<?, ?trial/s, best loss=?]100%|██████████| 381/381 [05:33<00:00, 333.45s/trial, best loss: -0.20999999999999996]100%|██████████| 381/381 [05:33<00:00, 333.45s/trial, best loss: -0.20999999999999996]
100%|█████████▉| 381/382 [00:00<?, ?trial/s, best loss=?]                                                         Params: {'V_th': 10000, 'alpha': 6.383836874615268, 'decode_potentials': True, 'decoding_method': 'max', 'encoding_method': 'frequency', 'lr': 0.6714987357932497, 'max_features': 1.0, 'max_samples': 0.2, 'mu_minus': 0.6100000000000001, 'mu_plus': 0.56, 'n_estimators': 1, 'n_fields': None, 'neuron_model': 'iaf_psc_exp', 'ref_seq_interval': 4, 'resolution': 0.1, 'shift_minus': 6.207877901728815e-05, 'shift_plus': -0.1416474267126636, 'sigma_w': None, 'synapse_model': 'shifted_nn_restr_stdp_synapse', 't_ref': 0.0, 'tau_m': 10000000.0, 'tau_minus': 241.0, 'tau_plus': 141.0, 'tau_s': 0.0, 'time': 300, 'w_init': 0.0}
Score: 0.1450
100%|█████████▉| 381/382 [05:33<?, ?trial/s, best loss=?]                                                         Deleting files related to the current optimization iteration...
100%|█████████▉| 381/382 [05:33<?, ?trial/s, best loss=?]100%|██████████| 382/382 [05:33<00:00, 333.51s/trial, best loss: -0.20999999999999996]100%|██████████| 382/382 [05:33<00:00, 333.51s/trial, best loss: -0.20999999999999996]
100%|█████████▉| 382/383 [00:00<?, ?trial/s, best loss=?]                                                         Params: {'V_th': 10000, 'alpha': 7.044134960574777, 'decode_potentials': True, 'decoding_method': 'max', 'encoding_method': 'frequency', 'lr': 0.49293017007820256, 'max_features': 1.0, 'max_samples': 0.2, 'mu_minus': 0.6100000000000001, 'mu_plus': 0.56, 'n_estimators': 1, 'n_fields': None, 'neuron_model': 'iaf_psc_exp', 'ref_seq_interval': 4, 'resolution': 0.1, 'shift_minus': 0.01942384810123347, 'shift_plus': -0.08709867037503238, 'sigma_w': None, 'synapse_model': 'shifted_nn_restr_stdp_synapse', 't_ref': 0.0, 'tau_m': 10000000.0, 'tau_minus': 241.0, 'tau_plus': 141.0, 'tau_s': 0.0, 'time': 300, 'w_init': 0.0}
Score: 0.1100
100%|█████████▉| 382/383 [06:03<?, ?trial/s, best loss=?]                                                         Deleting files related to the current optimization iteration...
100%|█████████▉| 382/383 [06:03<?, ?trial/s, best loss=?]100%|██████████| 383/383 [06:03<00:00, 363.36s/trial, best loss: -0.20999999999999996]100%|██████████| 383/383 [06:03<00:00, 363.36s/trial, best loss: -0.20999999999999996]
100%|█████████▉| 383/384 [00:00<?, ?trial/s, best loss=?]                                                         Params: {'V_th': 10000, 'alpha': 5.802850568357282, 'decode_potentials': True, 'decoding_method': 'max', 'encoding_method': 'frequency', 'lr': 0.6454767981210637, 'max_features': 1.0, 'max_samples': 0.2, 'mu_minus': 0.6100000000000001, 'mu_plus': 0.56, 'n_estimators': 1, 'n_fields': None, 'neuron_model': 'iaf_psc_exp', 'ref_seq_interval': 4, 'resolution': 0.1, 'shift_minus': 0.44993612633279184, 'shift_plus': -0.12362974330942722, 'sigma_w': None, 'synapse_model': 'shifted_nn_restr_stdp_synapse', 't_ref': 0.0, 'tau_m': 10000000.0, 'tau_minus': 241.0, 'tau_plus': 141.0, 'tau_s': 0.0, 'time': 300, 'w_init': 0.0}
Score: 0.0980
100%|█████████▉| 383/384 [06:03<?, ?trial/s, best loss=?]                                                         Deleting files related to the current optimization iteration...
100%|█████████▉| 383/384 [06:03<?, ?trial/s, best loss=?]100%|██████████| 384/384 [06:03<00:00, 363.31s/trial, best loss: -0.20999999999999996]100%|██████████| 384/384 [06:03<00:00, 363.31s/trial, best loss: -0.20999999999999996]
100%|█████████▉| 384/385 [00:00<?, ?trial/s, best loss=?]                                                         Params: {'V_th': 10000, 'alpha': 169.86815123430003, 'decode_potentials': True, 'decoding_method': 'max', 'encoding_method': 'frequency', 'lr': 0.6057714276770074, 'max_features': 1.0, 'max_samples': 0.2, 'mu_minus': 0.6100000000000001, 'mu_plus': 0.56, 'n_estimators': 1, 'n_fields': None, 'neuron_model': 'iaf_psc_exp', 'ref_seq_interval': 4, 'resolution': 0.1, 'shift_minus': 0.0725560925870647, 'shift_plus': -0.005920747931504447, 'sigma_w': None, 'synapse_model': 'shifted_nn_restr_stdp_synapse', 't_ref': 0.0, 'tau_m': 10000000.0, 'tau_minus': 241.0, 'tau_plus': 141.0, 'tau_s': 0.0, 'time': 300, 'w_init': 0.0}
Score: 0.1180
100%|█████████▉| 384/385 [06:03<?, ?trial/s, best loss=?]                                                         Deleting files related to the current optimization iteration...
100%|█████████▉| 384/385 [06:03<?, ?trial/s, best loss=?]100%|██████████| 385/385 [06:03<00:00, 363.24s/trial, best loss: -0.20999999999999996]100%|██████████| 385/385 [06:03<00:00, 363.24s/trial, best loss: -0.20999999999999996]
100%|█████████▉| 385/386 [00:00<?, ?trial/s, best loss=?]                                                         Params: {'V_th': 10000, 'alpha': 4.543847050817145, 'decode_potentials': True, 'decoding_method': 'max', 'encoding_method': 'frequency', 'lr': 0.6973235049887854, 'max_features': 1.0, 'max_samples': 0.2, 'mu_minus': 0.6100000000000001, 'mu_plus': 0.060000000000000005, 'n_estimators': 1, 'n_fields': None, 'neuron_model': 'iaf_psc_exp', 'ref_seq_interval': 4, 'resolution': 0.1, 'shift_minus': 0.05790345342040823, 'shift_plus': -0.003836391036307396, 'sigma_w': None, 'synapse_model': 'shifted_nn_restr_stdp_synapse', 't_ref': 0.0, 'tau_m': 10000000.0, 'tau_minus': 241.0, 'tau_plus': 141.0, 'tau_s': 0.0, 'time': 300, 'w_init': 0.0}
Score: 0.1060
100%|█████████▉| 385/386 [06:03<?, ?trial/s, best loss=?]                                                         Deleting files related to the current optimization iteration...
100%|█████████▉| 385/386 [06:03<?, ?trial/s, best loss=?]100%|██████████| 386/386 [06:03<00:00, 363.25s/trial, best loss: -0.20999999999999996]100%|██████████| 386/386 [06:03<00:00, 363.25s/trial, best loss: -0.20999999999999996]
100%|█████████▉| 386/387 [00:00<?, ?trial/s, best loss=?]                                                         Params: {'V_th': 10000, 'alpha': 5.520912362013583, 'decode_potentials': True, 'decoding_method': 'max', 'encoding_method': 'frequency', 'lr': 0.724746688623778, 'max_features': 1.0, 'max_samples': 0.2, 'mu_minus': 0.6100000000000001, 'mu_plus': 0.56, 'n_estimators': 1, 'n_fields': None, 'neuron_model': 'iaf_psc_exp', 'ref_seq_interval': 4, 'resolution': 0.1, 'shift_minus': 0.10381809528231696, 'shift_plus': -0.07784657626454142, 'sigma_w': None, 'synapse_model': 'shifted_nn_restr_stdp_synapse', 't_ref': 0.0, 'tau_m': 10000000.0, 'tau_minus': 241.0, 'tau_plus': 141.0, 'tau_s': 0.0, 'time': 300, 'w_init': 0.0}
Score: 0.1000
100%|█████████▉| 386/387 [06:03<?, ?trial/s, best loss=?]                                                         Deleting files related to the current optimization iteration...
100%|█████████▉| 386/387 [06:03<?, ?trial/s, best loss=?]100%|██████████| 387/387 [06:03<00:00, 363.42s/trial, best loss: -0.20999999999999996]100%|██████████| 387/387 [06:03<00:00, 363.42s/trial, best loss: -0.20999999999999996]
100%|█████████▉| 387/388 [00:00<?, ?trial/s, best loss=?]                                                         Params: {'V_th': 10000, 'alpha': 6.092851193945604, 'decode_potentials': True, 'decoding_method': 'max', 'encoding_method': 'frequency', 'lr': 0.6536776389206962, 'max_features': 1.0, 'max_samples': 0.2, 'mu_minus': 0.060000000000000005, 'mu_plus': 0.56, 'n_estimators': 1, 'n_fields': None, 'neuron_model': 'iaf_psc_exp', 'ref_seq_interval': 4, 'resolution': 0.1, 'shift_minus': 0.1267321267492386, 'shift_plus': -0.06961199106709715, 'sigma_w': None, 'synapse_model': 'shifted_nn_restr_stdp_synapse', 't_ref': 0.0, 'tau_m': 10000000.0, 'tau_minus': 241.0, 'tau_plus': 141.0, 'tau_s': 0.0, 'time': 300, 'w_init': 0.0}
Score: 0.1100
100%|█████████▉| 387/388 [06:03<?, ?trial/s, best loss=?]                                                         Deleting files related to the current optimization iteration...
100%|█████████▉| 387/388 [06:03<?, ?trial/s, best loss=?]100%|██████████| 388/388 [06:03<00:00, 363.44s/trial, best loss: -0.20999999999999996]100%|██████████| 388/388 [06:03<00:00, 363.44s/trial, best loss: -0.20999999999999996]
100%|█████████▉| 388/389 [00:00<?, ?trial/s, best loss=?]                                                         Params: {'V_th': 10000, 'alpha': 7.685590024156036, 'decode_potentials': True, 'decoding_method': 'max', 'encoding_method': 'frequency', 'lr': 0.6187685107209365, 'max_features': 1.0, 'max_samples': 0.2, 'mu_minus': 0.91, 'mu_plus': 0.8600000000000001, 'n_estimators': 1, 'n_fields': None, 'neuron_model': 'iaf_psc_exp', 'ref_seq_interval': 4, 'resolution': 0.1, 'shift_minus': 0.04032242228602574, 'shift_plus': -0.04584478152038904, 'sigma_w': None, 'synapse_model': 'shifted_nn_restr_stdp_synapse', 't_ref': 0.0, 'tau_m': 10000000.0, 'tau_minus': 241.0, 'tau_plus': 141.0, 'tau_s': 0.0, 'time': 300, 'w_init': 0.0}
Score: 0.0970
100%|█████████▉| 388/389 [06:03<?, ?trial/s, best loss=?]                                                         Deleting files related to the current optimization iteration...
100%|█████████▉| 388/389 [06:03<?, ?trial/s, best loss=?]100%|██████████| 389/389 [06:03<00:00, 363.64s/trial, best loss: -0.20999999999999996]100%|██████████| 389/389 [06:03<00:00, 363.64s/trial, best loss: -0.20999999999999996]
100%|█████████▉| 389/390 [00:00<?, ?trial/s, best loss=?]                                                         Params: {'V_th': 10000, 'alpha': 4.929690207294165, 'decode_potentials': True, 'decoding_method': 'max', 'encoding_method': 'frequency', 'lr': 0.6698835976038303, 'max_features': 1.0, 'max_samples': 0.2, 'mu_minus': 0.9600000000000001, 'mu_plus': 0.7100000000000001, 'n_estimators': 1, 'n_fields': None, 'neuron_model': 'iaf_psc_exp', 'ref_seq_interval': 4, 'resolution': 0.1, 'shift_minus': 0.027492387218442712, 'shift_plus': -0.13428437023851186, 'sigma_w': None, 'synapse_model': 'shifted_nn_restr_stdp_synapse', 't_ref': 0.0, 'tau_m': 10000000.0, 'tau_minus': 281.0, 'tau_plus': 241.0, 'tau_s': 0.0, 'time': 300, 'w_init': 0.0}
Score: 0.0870
100%|█████████▉| 389/390 [06:03<?, ?trial/s, best loss=?]                                                         Deleting files related to the current optimization iteration...
100%|█████████▉| 389/390 [06:03<?, ?trial/s, best loss=?]100%|██████████| 390/390 [06:03<00:00, 363.43s/trial, best loss: -0.20999999999999996]100%|██████████| 390/390 [06:03<00:00, 363.43s/trial, best loss: -0.20999999999999996]
100%|█████████▉| 390/391 [00:00<?, ?trial/s, best loss=?]                                                         Params: {'V_th': 10000, 'alpha': 5.736036452596338, 'decode_potentials': True, 'decoding_method': 'max', 'encoding_method': 'frequency', 'lr': 0.7535036409299439, 'max_features': 1.0, 'max_samples': 0.2, 'mu_minus': 0.26, 'mu_plus': 0.81, 'n_estimators': 1, 'n_fields': None, 'neuron_model': 'iaf_psc_exp', 'ref_seq_interval': 4, 'resolution': 0.1, 'shift_minus': 0.25018666005690143, 'shift_plus': -0.20157963595650968, 'sigma_w': None, 'synapse_model': 'shifted_nn_restr_stdp_synapse', 't_ref': 0.0, 'tau_m': 10000000.0, 'tau_minus': 61.0, 'tau_plus': 181.0, 'tau_s': 0.0, 'time': 300, 'w_init': 0.0}
Score: 0.1070
100%|█████████▉| 390/391 [06:03<?, ?trial/s, best loss=?]                                                         Deleting files related to the current optimization iteration...
100%|█████████▉| 390/391 [06:03<?, ?trial/s, best loss=?]100%|██████████| 391/391 [06:03<00:00, 363.51s/trial, best loss: -0.20999999999999996]100%|██████████| 391/391 [06:03<00:00, 363.51s/trial, best loss: -0.20999999999999996]
100%|█████████▉| 391/392 [00:00<?, ?trial/s, best loss=?]                                                         Params: {'V_th': 10000, 'alpha': 940.210890133318, 'decode_potentials': True, 'decoding_method': 'max', 'encoding_method': 'frequency', 'lr': 0.5636468455377021, 'max_features': 1.0, 'max_samples': 0.2, 'mu_minus': 0.060000000000000005, 'mu_plus': 0.01, 'n_estimators': 1, 'n_fields': None, 'neuron_model': 'iaf_psc_exp', 'ref_seq_interval': 4, 'resolution': 0.1, 'shift_minus': 0.08149412455607787, 'shift_plus': -0.1555802804375339, 'sigma_w': None, 'synapse_model': 'shifted_nn_restr_stdp_synapse', 't_ref': 0.0, 'tau_m': 10000000.0, 'tau_minus': 161.0, 'tau_plus': 81.0, 'tau_s': 0.0, 'time': 300, 'w_init': 0.0}
Score: 0.0960
100%|█████████▉| 391/392 [06:03<?, ?trial/s, best loss=?]                                                         Deleting files related to the current optimization iteration...
100%|█████████▉| 391/392 [06:03<?, ?trial/s, best loss=?]100%|██████████| 392/392 [06:03<00:00, 363.45s/trial, best loss: -0.20999999999999996]100%|██████████| 392/392 [06:03<00:00, 363.45s/trial, best loss: -0.20999999999999996]
100%|█████████▉| 392/393 [00:00<?, ?trial/s, best loss=?]                                                         Params: {'V_th': 10000, 'alpha': 3.989086182141514, 'decode_potentials': True, 'decoding_method': 'max', 'encoding_method': 'frequency', 'lr': 0.6349145910608123, 'max_features': 1.0, 'max_samples': 0.2, 'mu_minus': 0.36000000000000004, 'mu_plus': 0.91, 'n_estimators': 1, 'n_fields': None, 'neuron_model': 'iaf_psc_exp', 'ref_seq_interval': 4, 'resolution': 0.1, 'shift_minus': 0.009218628876166673, 'shift_plus': -0.11253469558059032, 'sigma_w': None, 'synapse_model': 'shifted_nn_restr_stdp_synapse', 't_ref': 0.0, 'tau_m': 10000000.0, 'tau_minus': 261.0, 'tau_plus': 101.0, 'tau_s': 0.0, 'time': 300, 'w_init': 0.0}
Score: 0.0960
100%|█████████▉| 392/393 [06:03<?, ?trial/s, best loss=?]                                                         Deleting files related to the current optimization iteration...
100%|█████████▉| 392/393 [06:03<?, ?trial/s, best loss=?]100%|██████████| 393/393 [06:03<00:00, 363.53s/trial, best loss: -0.20999999999999996]100%|██████████| 393/393 [06:03<00:00, 363.53s/trial, best loss: -0.20999999999999996]
100%|█████████▉| 393/394 [00:00<?, ?trial/s, best loss=?]                                                         Params: {'V_th': 10000, 'alpha': 6.612692870835383, 'decode_potentials': True, 'decoding_method': 'max', 'encoding_method': 'frequency', 'lr': 0.7227832148818046, 'max_features': 1.0, 'max_samples': 0.2, 'mu_minus': 0.01, 'mu_plus': 0.21000000000000002, 'n_estimators': 1, 'n_fields': None, 'neuron_model': 'iaf_psc_exp', 'ref_seq_interval': 8, 'resolution': 0.1, 'shift_minus': 0.46731582889391804, 'shift_plus': -0.18300344263834317, 'sigma_w': None, 'synapse_model': 'shifted_nn_restr_stdp_synapse', 't_ref': 0.0, 'tau_m': 10000000.0, 'tau_minus': 121.0, 'tau_plus': 261.0, 'tau_s': 0.0, 'time': 300, 'w_init': 0.0}
Score: 0.0980
100%|█████████▉| 393/394 [06:03<?, ?trial/s, best loss=?]                                                         Deleting files related to the current optimization iteration...
100%|█████████▉| 393/394 [06:03<?, ?trial/s, best loss=?]100%|██████████| 394/394 [06:03<00:00, 363.40s/trial, best loss: -0.20999999999999996]100%|██████████| 394/394 [06:03<00:00, 363.41s/trial, best loss: -0.20999999999999996]
100%|█████████▉| 394/395 [00:00<?, ?trial/s, best loss=?]                                                         Params: {'V_th': 10000, 'alpha': 5.118539657613266, 'decode_potentials': True, 'decoding_method': 'max', 'encoding_method': 'frequency', 'lr': 0.5351276307587434, 'max_features': 1.0, 'max_samples': 0.2, 'mu_minus': 0.66, 'mu_plus': 0.81, 'n_estimators': 1, 'n_fields': None, 'neuron_model': 'iaf_psc_exp', 'ref_seq_interval': 7, 'resolution': 0.1, 'shift_minus': 0.27550282070533494, 'shift_plus': -0.22145305357108366, 'sigma_w': None, 'synapse_model': 'shifted_nn_restr_stdp_synapse', 't_ref': 0.0, 'tau_m': 10000000.0, 'tau_minus': 21.0, 'tau_plus': 201.0, 'tau_s': 0.0, 'time': 300, 'w_init': 0.0}
Score: 0.0990
100%|█████████▉| 394/395 [05:33<?, ?trial/s, best loss=?]                                                         Deleting files related to the current optimization iteration...
100%|█████████▉| 394/395 [05:33<?, ?trial/s, best loss=?]100%|██████████| 395/395 [05:33<00:00, 333.51s/trial, best loss: -0.20999999999999996]100%|██████████| 395/395 [05:33<00:00, 333.51s/trial, best loss: -0.20999999999999996]
100%|█████████▉| 395/396 [00:00<?, ?trial/s, best loss=?]                                                         Params: {'V_th': 10000, 'alpha': 4.4024111490365385, 'decode_potentials': True, 'decoding_method': 'max', 'encoding_method': 'frequency', 'lr': 0.6856344434199303, 'max_features': 1.0, 'max_samples': 0.2, 'mu_minus': 0.51, 'mu_plus': 0.51, 'n_estimators': 1, 'n_fields': None, 'neuron_model': 'iaf_psc_exp', 'ref_seq_interval': 4, 'resolution': 0.1, 'shift_minus': 0.05214690307313961, 'shift_plus': -0.0465984996606173, 'sigma_w': None, 'synapse_model': 'shifted_nn_restr_stdp_synapse', 't_ref': 0.0, 'tau_m': 10000000.0, 'tau_minus': 281.0, 'tau_plus': 221.0, 'tau_s': 0.0, 'time': 300, 'w_init': 0.0}
Score: 0.1030
100%|█████████▉| 395/396 [05:33<?, ?trial/s, best loss=?]                                                         Deleting files related to the current optimization iteration...
100%|█████████▉| 395/396 [05:33<?, ?trial/s, best loss=?]100%|██████████| 396/396 [05:33<00:00, 333.55s/trial, best loss: -0.20999999999999996]100%|██████████| 396/396 [05:33<00:00, 333.55s/trial, best loss: -0.20999999999999996]
100%|█████████▉| 396/397 [00:00<?, ?trial/s, best loss=?]                                                         Params: {'V_th': 10000, 'alpha': 4.099259618125007, 'decode_potentials': True, 'decoding_method': 'max', 'encoding_method': 'frequency', 'lr': 0.7441556871833547, 'max_features': 1.0, 'max_samples': 0.2, 'mu_minus': 0.41000000000000003, 'mu_plus': 0.41000000000000003, 'n_estimators': 1, 'n_fields': None, 'neuron_model': 'iaf_psc_exp', 'ref_seq_interval': 4, 'resolution': 0.1, 'shift_minus': 0.02104195990230872, 'shift_plus': -0.16537938864403612, 'sigma_w': None, 'synapse_model': 'shifted_nn_restr_stdp_synapse', 't_ref': 0.0, 'tau_m': 10000000.0, 'tau_minus': 221.0, 'tau_plus': 121.0, 'tau_s': 0.0, 'time': 300, 'w_init': 0.0}
Score: 0.0850
100%|█████████▉| 396/397 [06:03<?, ?trial/s, best loss=?]                                                         Deleting files related to the current optimization iteration...
100%|█████████▉| 396/397 [06:03<?, ?trial/s, best loss=?]100%|██████████| 397/397 [06:03<00:00, 363.59s/trial, best loss: -0.20999999999999996]100%|██████████| 397/397 [06:03<00:00, 363.59s/trial, best loss: -0.20999999999999996]
100%|█████████▉| 397/398 [00:00<?, ?trial/s, best loss=?]                                                         Params: {'V_th': 10000, 'alpha': 4.862018949377179, 'decode_potentials': True, 'decoding_method': 'max', 'encoding_method': 'frequency', 'lr': 0.8194308409103069, 'max_features': 1.0, 'max_samples': 0.2, 'mu_minus': 0.46, 'mu_plus': 0.16000000000000003, 'n_estimators': 1, 'n_fields': None, 'neuron_model': 'iaf_psc_exp', 'ref_seq_interval': 6, 'resolution': 0.1, 'shift_minus': 0.0644478946043384, 'shift_plus': -0.10043733182982517, 'sigma_w': None, 'synapse_model': 'shifted_nn_restr_stdp_synapse', 't_ref': 0.0, 'tau_m': 10000000.0, 'tau_minus': 81.0, 'tau_plus': 281.0, 'tau_s': 0.0, 'time': 300, 'w_init': 0.0}
Score: 0.1020
100%|█████████▉| 397/398 [06:03<?, ?trial/s, best loss=?]                                                         Deleting files related to the current optimization iteration...
100%|█████████▉| 397/398 [06:03<?, ?trial/s, best loss=?]100%|██████████| 398/398 [06:03<00:00, 363.56s/trial, best loss: -0.20999999999999996]100%|██████████| 398/398 [06:03<00:00, 363.56s/trial, best loss: -0.20999999999999996]
100%|█████████▉| 398/399 [00:00<?, ?trial/s, best loss=?]                                                         Params: {'V_th': 10000, 'alpha': 20.582853063019574, 'decode_potentials': True, 'decoding_method': 'max', 'encoding_method': 'frequency', 'lr': 0.7939058195858989, 'max_features': 1.0, 'max_samples': 0.2, 'mu_minus': 0.060000000000000005, 'mu_plus': 0.66, 'n_estimators': 1, 'n_fields': None, 'neuron_model': 'iaf_psc_exp', 'ref_seq_interval': 8, 'resolution': 0.1, 'shift_minus': 0.009933269753314163, 'shift_plus': -0.1261709682600606, 'sigma_w': None, 'synapse_model': 'shifted_nn_restr_stdp_synapse', 't_ref': 0.0, 'tau_m': 10000000.0, 'tau_minus': 1.0, 'tau_plus': 1.0, 'tau_s': 0.0, 'time': 300, 'w_init': 0.0}
Score: 0.1120
100%|█████████▉| 398/399 [06:03<?, ?trial/s, best loss=?]                                                         Deleting files related to the current optimization iteration...
100%|█████████▉| 398/399 [06:03<?, ?trial/s, best loss=?]100%|██████████| 399/399 [06:03<00:00, 363.38s/trial, best loss: -0.20999999999999996]100%|██████████| 399/399 [06:03<00:00, 363.38s/trial, best loss: -0.20999999999999996]
100%|█████████▉| 399/400 [00:00<?, ?trial/s, best loss=?]                                                         Params: {'V_th': 10000, 'alpha': 8.013340174091681, 'decode_potentials': True, 'decoding_method': 'max', 'encoding_method': 'frequency', 'lr': 0.7695668152360696, 'max_features': 1.0, 'max_samples': 0.2, 'mu_minus': 0.56, 'mu_plus': 0.56, 'n_estimators': 1, 'n_fields': None, 'neuron_model': 'iaf_psc_exp', 'ref_seq_interval': 4, 'resolution': 0.1, 'shift_minus': 0.0005275297538181279, 'shift_plus': -0.23661069657793568, 'sigma_w': None, 'synapse_model': 'shifted_nn_restr_stdp_synapse', 't_ref': 0.0, 'tau_m': 10000000.0, 'tau_minus': 241.0, 'tau_plus': 141.0, 'tau_s': 0.0, 'time': 300, 'w_init': 0.0}
Score: 0.1870
100%|█████████▉| 399/400 [05:33<?, ?trial/s, best loss=?]                                                         Deleting files related to the current optimization iteration...
100%|█████████▉| 399/400 [05:33<?, ?trial/s, best loss=?]100%|██████████| 400/400 [05:33<00:00, 333.26s/trial, best loss: -0.20999999999999996]100%|██████████| 400/400 [05:33<00:00, 333.26s/trial, best loss: -0.20999999999999996]
100%|█████████▉| 400/401 [00:00<?, ?trial/s, best loss=?]                                                         Params: {'V_th': 10000, 'alpha': 8.808777074097808, 'decode_potentials': True, 'decoding_method': 'max', 'encoding_method': 'frequency', 'lr': 0.5072507994731045, 'max_features': 1.0, 'max_samples': 0.2, 'mu_minus': 0.56, 'mu_plus': 0.56, 'n_estimators': 1, 'n_fields': None, 'neuron_model': 'iaf_psc_exp', 'ref_seq_interval': 2, 'resolution': 0.1, 'shift_minus': 0.0468067528074789, 'shift_plus': -0.25457425419488455, 'sigma_w': None, 'synapse_model': 'shifted_nn_restr_stdp_synapse', 't_ref': 0.0, 'tau_m': 10000000.0, 'tau_minus': 241.0, 'tau_plus': 141.0, 'tau_s': 0.0, 'time': 300, 'w_init': 0.0}
Score: 0.0980
100%|█████████▉| 400/401 [06:03<?, ?trial/s, best loss=?]                                                         Deleting files related to the current optimization iteration...
100%|█████████▉| 400/401 [06:03<?, ?trial/s, best loss=?]100%|██████████| 401/401 [06:03<00:00, 363.27s/trial, best loss: -0.20999999999999996]100%|██████████| 401/401 [06:03<00:00, 363.27s/trial, best loss: -0.20999999999999996]
100%|█████████▉| 401/402 [00:00<?, ?trial/s, best loss=?]                                                         Params: {'V_th': 10000, 'alpha': 8.103958323116096, 'decode_potentials': True, 'decoding_method': 'max', 'encoding_method': 'frequency', 'lr': 0.7742679832399341, 'max_features': 1.0, 'max_samples': 0.2, 'mu_minus': 0.56, 'mu_plus': 0.56, 'n_estimators': 1, 'n_fields': None, 'neuron_model': 'iaf_psc_exp', 'ref_seq_interval': 4, 'resolution': 0.1, 'shift_minus': 0.016121716093228718, 'shift_plus': -0.2322229226225506, 'sigma_w': None, 'synapse_model': 'shifted_nn_restr_stdp_synapse', 't_ref': 0.0, 'tau_m': 10000000.0, 'tau_minus': 241.0, 'tau_plus': 161.0, 'tau_s': 0.0, 'time': 300, 'w_init': 0.0}
Score: 0.1160
100%|█████████▉| 401/402 [05:33<?, ?trial/s, best loss=?]                                                         Deleting files related to the current optimization iteration...
100%|█████████▉| 401/402 [05:33<?, ?trial/s, best loss=?]100%|██████████| 402/402 [05:33<00:00, 333.39s/trial, best loss: -0.20999999999999996]100%|██████████| 402/402 [05:33<00:00, 333.39s/trial, best loss: -0.20999999999999996]
100%|█████████▉| 402/403 [00:00<?, ?trial/s, best loss=?]                                                         Params: {'V_th': 10000, 'alpha': 9.193460186119399, 'decode_potentials': True, 'decoding_method': 'max', 'encoding_method': 'frequency', 'lr': 0.7054893170432393, 'max_features': 1.0, 'max_samples': 0.2, 'mu_minus': 0.56, 'mu_plus': 0.56, 'n_estimators': 1, 'n_fields': None, 'neuron_model': 'iaf_psc_exp', 'ref_seq_interval': 4, 'resolution': 0.1, 'shift_minus': 0.03435768158429034, 'shift_plus': -0.20364553079948805, 'sigma_w': None, 'synapse_model': 'shifted_nn_restr_stdp_synapse', 't_ref': 0.0, 'tau_m': 10000000.0, 'tau_minus': 141.0, 'tau_plus': 141.0, 'tau_s': 0.0, 'time': 300, 'w_init': 0.0}
Score: 0.1050
100%|█████████▉| 402/403 [05:33<?, ?trial/s, best loss=?]                                                         Deleting files related to the current optimization iteration...
100%|█████████▉| 402/403 [05:33<?, ?trial/s, best loss=?]100%|██████████| 403/403 [05:33<00:00, 333.69s/trial, best loss: -0.20999999999999996]100%|██████████| 403/403 [05:33<00:00, 333.69s/trial, best loss: -0.20999999999999996]
100%|█████████▉| 403/404 [00:00<?, ?trial/s, best loss=?]                                                         Params: {'V_th': 10000, 'alpha': 8.193739188862109, 'decode_potentials': True, 'decoding_method': 'max', 'encoding_method': 'frequency', 'lr': 0.7840098467777623, 'max_features': 1.0, 'max_samples': 0.2, 'mu_minus': 0.56, 'mu_plus': 0.56, 'n_estimators': 1, 'n_fields': None, 'neuron_model': 'iaf_psc_exp', 'ref_seq_interval': 4, 'resolution': 0.1, 'shift_minus': 0.0032133276159955725, 'shift_plus': -0.21807198693064306, 'sigma_w': None, 'synapse_model': 'shifted_nn_restr_stdp_synapse', 't_ref': 0.0, 'tau_m': 10000000.0, 'tau_minus': 241.0, 'tau_plus': 141.0, 'tau_s': 0.0, 'time': 300, 'w_init': 0.0}
Score: 0.1160
100%|█████████▉| 403/404 [05:33<?, ?trial/s, best loss=?]                                                         Deleting files related to the current optimization iteration...
100%|█████████▉| 403/404 [05:33<?, ?trial/s, best loss=?]100%|██████████| 404/404 [05:33<00:00, 333.72s/trial, best loss: -0.20999999999999996]100%|██████████| 404/404 [05:33<00:00, 333.72s/trial, best loss: -0.20999999999999996]
100%|█████████▉| 404/405 [00:00<?, ?trial/s, best loss=?]                                                         Params: {'V_th': 10000, 'alpha': 7.2101410077614645, 'decode_potentials': True, 'decoding_method': 'max', 'encoding_method': 'frequency', 'lr': 0.8170844598013232, 'max_features': 1.0, 'max_samples': 0.2, 'mu_minus': 0.56, 'mu_plus': 0.56, 'n_estimators': 1, 'n_fields': None, 'neuron_model': 'iaf_psc_exp', 'ref_seq_interval': 4, 'resolution': 0.1, 'shift_minus': 0.024432408999025684, 'shift_plus': -0.2718470531439469, 'sigma_w': None, 'synapse_model': 'shifted_nn_restr_stdp_synapse', 't_ref': 0.0, 'tau_m': 10000000.0, 'tau_minus': 241.0, 'tau_plus': 141.0, 'tau_s': 0.0, 'time': 300, 'w_init': 0.0}
Score: 0.1090
100%|█████████▉| 404/405 [05:33<?, ?trial/s, best loss=?]                                                         Deleting files related to the current optimization iteration...
100%|█████████▉| 404/405 [05:33<?, ?trial/s, best loss=?]100%|██████████| 405/405 [05:33<00:00, 333.48s/trial, best loss: -0.20999999999999996]100%|██████████| 405/405 [05:33<00:00, 333.48s/trial, best loss: -0.20999999999999996]
100%|█████████▉| 405/406 [00:00<?, ?trial/s, best loss=?]                                                         Params: {'V_th': 10000, 'alpha': 8.997023023055128, 'decode_potentials': True, 'decoding_method': 'max', 'encoding_method': 'frequency', 'lr': 0.8419988969324284, 'max_features': 1.0, 'max_samples': 0.2, 'mu_minus': 0.56, 'mu_plus': 0.56, 'n_estimators': 1, 'n_fields': None, 'neuron_model': 'iaf_psc_exp', 'ref_seq_interval': 4, 'resolution': 0.1, 'shift_minus': 0.008322241947275292, 'shift_plus': -0.17619312310322566, 'sigma_w': None, 'synapse_model': 'shifted_nn_restr_stdp_synapse', 't_ref': 0.0, 'tau_m': 10000000.0, 'tau_minus': 241.0, 'tau_plus': 141.0, 'tau_s': 0.0, 'time': 300, 'w_init': 0.0}
Score: 0.0910
100%|█████████▉| 405/406 [05:33<?, ?trial/s, best loss=?]                                                         Deleting files related to the current optimization iteration...
100%|█████████▉| 405/406 [05:33<?, ?trial/s, best loss=?]100%|██████████| 406/406 [05:33<00:00, 333.90s/trial, best loss: -0.20999999999999996]100%|██████████| 406/406 [05:33<00:00, 333.90s/trial, best loss: -0.20999999999999996]
100%|█████████▉| 406/407 [00:00<?, ?trial/s, best loss=?]                                                         Params: {'V_th': 10000, 'alpha': 9.724045504041534, 'decode_potentials': True, 'decoding_method': 'max', 'encoding_method': 'frequency', 'lr': 0.7339946401992283, 'max_features': 1.0, 'max_samples': 0.2, 'mu_minus': 0.56, 'mu_plus': 0.56, 'n_estimators': 1, 'n_fields': None, 'neuron_model': 'iaf_psc_exp', 'ref_seq_interval': 4, 'resolution': 0.1, 'shift_minus': 0.0008959843080461963, 'shift_plus': -0.18966542284164423, 'sigma_w': None, 'synapse_model': 'shifted_nn_restr_stdp_synapse', 't_ref': 0.0, 'tau_m': 10000000.0, 'tau_minus': 241.0, 'tau_plus': 141.0, 'tau_s': 0.0, 'time': 300, 'w_init': 0.0}
Score: 0.1180
100%|█████████▉| 406/407 [05:33<?, ?trial/s, best loss=?]                                                         Deleting files related to the current optimization iteration...
100%|█████████▉| 406/407 [05:33<?, ?trial/s, best loss=?]100%|██████████| 407/407 [05:33<00:00, 333.61s/trial, best loss: -0.20999999999999996]100%|██████████| 407/407 [05:33<00:00, 333.61s/trial, best loss: -0.20999999999999996]
100%|█████████▉| 407/408 [00:00<?, ?trial/s, best loss=?]                                                         Params: {'V_th': 10000, 'alpha': 8.00923112416747, 'decode_potentials': True, 'decoding_method': 'max', 'encoding_method': 'frequency', 'lr': 0.8073504517958352, 'max_features': 1.0, 'max_samples': 0.2, 'mu_minus': 0.56, 'mu_plus': 0.56, 'n_estimators': 1, 'n_fields': None, 'neuron_model': 'iaf_psc_exp', 'ref_seq_interval': 4, 'resolution': 0.1, 'shift_minus': 0.03224226629019301, 'shift_plus': -0.24508398951453886, 'sigma_w': None, 'synapse_model': 'shifted_nn_restr_stdp_synapse', 't_ref': 0.0, 'tau_m': 10000000.0, 'tau_minus': 241.0, 'tau_plus': 141.0, 'tau_s': 0.0, 'time': 300, 'w_init': 0.0}
Score: 0.1000
100%|█████████▉| 407/408 [05:33<?, ?trial/s, best loss=?]                                                         Deleting files related to the current optimization iteration...
100%|█████████▉| 407/408 [05:33<?, ?trial/s, best loss=?]100%|██████████| 408/408 [05:33<00:00, 333.34s/trial, best loss: -0.20999999999999996]100%|██████████| 408/408 [05:33<00:00, 333.34s/trial, best loss: -0.20999999999999996]
100%|█████████▉| 408/409 [00:00<?, ?trial/s, best loss=?]                                                         Params: {'V_th': 10000, 'alpha': 7.717315606237091, 'decode_potentials': True, 'decoding_method': 'max', 'encoding_method': 'frequency', 'lr': 0.7661704800348655, 'max_features': 1.0, 'max_samples': 0.2, 'mu_minus': 0.56, 'mu_plus': 0.56, 'n_estimators': 1, 'n_fields': None, 'neuron_model': 'iaf_psc_exp', 'ref_seq_interval': 4, 'resolution': 0.1, 'shift_minus': 0.016416764659153656, 'shift_plus': -0.14556929432346072, 'sigma_w': None, 'synapse_model': 'shifted_nn_restr_stdp_synapse', 't_ref': 0.0, 'tau_m': 10000000.0, 'tau_minus': 241.0, 'tau_plus': 141.0, 'tau_s': 0.0, 'time': 300, 'w_init': 0.0}
Score: 0.0940
100%|█████████▉| 408/409 [05:33<?, ?trial/s, best loss=?]                                                         Deleting files related to the current optimization iteration...
100%|█████████▉| 408/409 [05:33<?, ?trial/s, best loss=?]100%|██████████| 409/409 [05:33<00:00, 333.31s/trial, best loss: -0.20999999999999996]100%|██████████| 409/409 [05:33<00:00, 333.31s/trial, best loss: -0.20999999999999996]
100%|█████████▉| 409/410 [00:00<?, ?trial/s, best loss=?]                                                         Params: {'V_th': 10000, 'alpha': 7.858701545085333, 'decode_potentials': True, 'decoding_method': 'max', 'encoding_method': 'frequency', 'lr': 0.8760625346467599, 'max_features': 1.0, 'max_samples': 0.2, 'mu_minus': 0.31000000000000005, 'mu_plus': 0.76, 'n_estimators': 1, 'n_fields': None, 'neuron_model': 'iaf_psc_exp', 'ref_seq_interval': 4, 'resolution': 0.1, 'shift_minus': 0.00011044654237537816, 'shift_plus': -0.29508522527425624, 'sigma_w': None, 'synapse_model': 'shifted_nn_restr_stdp_synapse', 't_ref': 0.0, 'tau_m': 10000000.0, 'tau_minus': 241.0, 'tau_plus': 141.0, 'tau_s': 0.0, 'time': 300, 'w_init': 0.0}
Score: 0.1840
100%|█████████▉| 409/410 [05:34<?, ?trial/s, best loss=?]                                                         Deleting files related to the current optimization iteration...
100%|█████████▉| 409/410 [05:34<?, ?trial/s, best loss=?]100%|██████████| 410/410 [05:34<00:00, 334.03s/trial, best loss: -0.20999999999999996]100%|██████████| 410/410 [05:34<00:00, 334.03s/trial, best loss: -0.20999999999999996]
100%|█████████▉| 410/411 [00:00<?, ?trial/s, best loss=?]                                                         Params: {'V_th': 10000, 'alpha': 8.420788440313927, 'decode_potentials': True, 'decoding_method': 'max', 'encoding_method': 'frequency', 'lr': 0.7960888391518613, 'max_features': 1.0, 'max_samples': 0.2, 'mu_minus': 0.31000000000000005, 'mu_plus': 0.76, 'n_estimators': 1, 'n_fields': None, 'neuron_model': 'iaf_psc_exp', 'ref_seq_interval': 4, 'resolution': 0.1, 'shift_minus': 0.042229441384622014, 'shift_plus': -0.2901441298232462, 'sigma_w': None, 'synapse_model': 'shifted_nn_restr_stdp_synapse', 't_ref': 0.0, 'tau_m': 10000000.0, 'tau_minus': 241.0, 'tau_plus': 141.0, 'tau_s': 0.0, 'time': 300, 'w_init': 0.0}
Score: 0.1020
100%|█████████▉| 410/411 [05:33<?, ?trial/s, best loss=?]                                                         Deleting files related to the current optimization iteration...
100%|█████████▉| 410/411 [05:33<?, ?trial/s, best loss=?]100%|██████████| 411/411 [05:33<00:00, 333.27s/trial, best loss: -0.20999999999999996]100%|██████████| 411/411 [05:33<00:00, 333.27s/trial, best loss: -0.20999999999999996]
100%|█████████▉| 411/412 [00:00<?, ?trial/s, best loss=?]                                                         Params: {'V_th': 10000, 'alpha': 8.52834417930471, 'decode_potentials': True, 'decoding_method': 'max', 'encoding_method': 'frequency', 'lr': 0.8654560857193694, 'max_features': 1.0, 'max_samples': 0.2, 'mu_minus': 0.31000000000000005, 'mu_plus': 0.76, 'n_estimators': 1, 'n_fields': None, 'neuron_model': 'iaf_psc_exp', 'ref_seq_interval': 4, 'resolution': 0.1, 'shift_minus': 0.020772659107714697, 'shift_plus': -0.30244474956858713, 'sigma_w': None, 'synapse_model': 'shifted_nn_restr_stdp_synapse', 't_ref': 0.0, 'tau_m': 10000000.0, 'tau_minus': 241.0, 'tau_plus': 141.0, 'tau_s': 0.0, 'time': 300, 'w_init': 0.0}
Score: 0.1110
100%|█████████▉| 411/412 [05:33<?, ?trial/s, best loss=?]                                                         Deleting files related to the current optimization iteration...
100%|█████████▉| 411/412 [05:33<?, ?trial/s, best loss=?]100%|██████████| 412/412 [05:33<00:00, 333.24s/trial, best loss: -0.20999999999999996]100%|██████████| 412/412 [05:33<00:00, 333.24s/trial, best loss: -0.20999999999999996]
100%|█████████▉| 412/413 [00:00<?, ?trial/s, best loss=?]                                                         Params: {'V_th': 10000, 'alpha': 7.910428572367329, 'decode_potentials': True, 'decoding_method': 'max', 'encoding_method': 'frequency', 'lr': 0.7148304168808564, 'max_features': 1.0, 'max_samples': 0.2, 'mu_minus': 0.31000000000000005, 'mu_plus': 0.76, 'n_estimators': 1, 'n_fields': None, 'neuron_model': 'iaf_psc_exp', 'ref_seq_interval': 4, 'resolution': 0.1, 'shift_minus': 0.058691353488788615, 'shift_plus': -0.32833988640579415, 'sigma_w': None, 'synapse_model': 'shifted_nn_restr_stdp_synapse', 't_ref': 0.0, 'tau_m': 10000000.0, 'tau_minus': 241.0, 'tau_plus': 141.0, 'tau_s': 0.0, 'time': 300, 'w_init': 0.0}
Score: 0.0940
100%|█████████▉| 412/413 [05:33<?, ?trial/s, best loss=?]                                                         Deleting files related to the current optimization iteration...
100%|█████████▉| 412/413 [05:33<?, ?trial/s, best loss=?]100%|██████████| 413/413 [05:33<00:00, 333.28s/trial, best loss: -0.20999999999999996]100%|██████████| 413/413 [05:33<00:00, 333.28s/trial, best loss: -0.20999999999999996]
100%|█████████▉| 413/414 [00:00<?, ?trial/s, best loss=?]                                                         Params: {'V_th': 10000, 'alpha': 7.361376793926048, 'decode_potentials': True, 'decoding_method': 'max', 'encoding_method': 'frequency', 'lr': 0.5910490339148965, 'max_features': 1.0, 'max_samples': 0.2, 'mu_minus': 0.31000000000000005, 'mu_plus': 0.76, 'n_estimators': 1, 'n_fields': None, 'neuron_model': 'iaf_psc_exp', 'ref_seq_interval': 4, 'resolution': 0.1, 'shift_minus': 0.048336977712239465, 'shift_plus': -0.3460318733270687, 'sigma_w': None, 'synapse_model': 'shifted_nn_restr_stdp_synapse', 't_ref': 0.0, 'tau_m': 10000000.0, 'tau_minus': 241.0, 'tau_plus': 141.0, 'tau_s': 0.0, 'time': 300, 'w_init': 0.0}
Score: 0.1060
100%|█████████▉| 413/414 [05:33<?, ?trial/s, best loss=?]                                                         Deleting files related to the current optimization iteration...
100%|█████████▉| 413/414 [05:33<?, ?trial/s, best loss=?]100%|██████████| 414/414 [05:33<00:00, 333.26s/trial, best loss: -0.20999999999999996]100%|██████████| 414/414 [05:33<00:00, 333.26s/trial, best loss: -0.20999999999999996]
100%|█████████▉| 414/415 [00:00<?, ?trial/s, best loss=?]                                                         Params: {'V_th': 10000, 'alpha': 9.250697238816327, 'decode_potentials': True, 'decoding_method': 'max', 'encoding_method': 'frequency', 'lr': 0.6795141164659405, 'max_features': 1.0, 'max_samples': 0.2, 'mu_minus': 0.31000000000000005, 'mu_plus': 0.76, 'n_estimators': 1, 'n_fields': None, 'neuron_model': 'iaf_psc_exp', 'ref_seq_interval': 4, 'resolution': 0.1, 'shift_minus': 0.0333041490714897, 'shift_plus': -0.26721636947660754, 'sigma_w': None, 'synapse_model': 'shifted_nn_restr_stdp_synapse', 't_ref': 0.0, 'tau_m': 10000000.0, 'tau_minus': 241.0, 'tau_plus': 141.0, 'tau_s': 0.0, 'time': 300, 'w_init': 0.0}
Score: 0.0910
100%|█████████▉| 414/415 [05:33<?, ?trial/s, best loss=?]                                                         Deleting files related to the current optimization iteration...
100%|█████████▉| 414/415 [05:33<?, ?trial/s, best loss=?]100%|██████████| 415/415 [05:33<00:00, 333.50s/trial, best loss: -0.20999999999999996]100%|██████████| 415/415 [05:33<00:00, 333.50s/trial, best loss: -0.20999999999999996]
100%|█████████▉| 415/416 [00:00<?, ?trial/s, best loss=?]                                                         Params: {'V_th': 10000, 'alpha': 8.264319608917303, 'decode_potentials': True, 'decoding_method': 'max', 'encoding_method': 'frequency', 'lr': 0.7615168011996057, 'max_features': 1.0, 'max_samples': 0.2, 'mu_minus': 0.31000000000000005, 'mu_plus': 0.76, 'n_estimators': 1, 'n_fields': None, 'neuron_model': 'iaf_psc_exp', 'ref_seq_interval': 4, 'resolution': 0.1, 'shift_minus': 0.0019520387472536545, 'shift_plus': -0.3742223401205522, 'sigma_w': None, 'synapse_model': 'shifted_nn_restr_stdp_synapse', 't_ref': 0.0, 'tau_m': 10000000.0, 'tau_minus': 241.0, 'tau_plus': 141.0, 'tau_s': 0.0, 'time': 300, 'w_init': 0.0}
Score: 0.1210
100%|█████████▉| 415/416 [05:33<?, ?trial/s, best loss=?]                                                         Deleting files related to the current optimization iteration...
100%|█████████▉| 415/416 [05:33<?, ?trial/s, best loss=?]100%|██████████| 416/416 [05:33<00:00, 333.50s/trial, best loss: -0.20999999999999996]100%|██████████| 416/416 [05:33<00:00, 333.50s/trial, best loss: -0.20999999999999996]
100%|█████████▉| 416/417 [00:00<?, ?trial/s, best loss=?]                                                         Params: {'V_th': 10000, 'alpha': 8.653328179369806, 'decode_potentials': True, 'decoding_method': 'max', 'encoding_method': 'frequency', 'lr': 0.8930831630573696, 'max_features': 1.0, 'max_samples': 0.2, 'mu_minus': 0.31000000000000005, 'mu_plus': 0.76, 'n_estimators': 1, 'n_fields': None, 'neuron_model': 'iaf_psc_exp', 'ref_seq_interval': 9, 'resolution': 0.1, 'shift_minus': 0.0006355222862092988, 'shift_plus': -0.2856279965306179, 'sigma_w': None, 'synapse_model': 'shifted_nn_restr_stdp_synapse', 't_ref': 0.0, 'tau_m': 10000000.0, 'tau_minus': 241.0, 'tau_plus': 141.0, 'tau_s': 0.0, 'time': 300, 'w_init': 0.0}
Score: 0.1390
100%|█████████▉| 416/417 [05:33<?, ?trial/s, best loss=?]                                                         Deleting files related to the current optimization iteration...
100%|█████████▉| 416/417 [05:33<?, ?trial/s, best loss=?]100%|██████████| 417/417 [05:33<00:00, 333.56s/trial, best loss: -0.20999999999999996]100%|██████████| 417/417 [05:33<00:00, 333.56s/trial, best loss: -0.20999999999999996]
100%|█████████▉| 417/418 [00:00<?, ?trial/s, best loss=?]                                                         Params: {'V_th': 10000, 'alpha': 6.785405718316683, 'decode_potentials': True, 'decoding_method': 'max', 'encoding_method': 'frequency', 'lr': 0.8333590187327578, 'max_features': 1.0, 'max_samples': 0.2, 'mu_minus': 0.31000000000000005, 'mu_plus': 0.76, 'n_estimators': 1, 'n_fields': None, 'neuron_model': 'iaf_psc_exp', 'ref_seq_interval': 10, 'resolution': 0.1, 'shift_minus': 0.07579797692126851, 'shift_plus': -0.23466016304072332, 'sigma_w': None, 'synapse_model': 'shifted_nn_restr_stdp_synapse', 't_ref': 0.0, 'tau_m': 10000000.0, 'tau_minus': 241.0, 'tau_plus': 141.0, 'tau_s': 0.0, 'time': 300, 'w_init': 0.0}
Score: 0.1030
100%|█████████▉| 417/418 [05:33<?, ?trial/s, best loss=?]                                                         Deleting files related to the current optimization iteration...
100%|█████████▉| 417/418 [05:33<?, ?trial/s, best loss=?]100%|██████████| 418/418 [05:33<00:00, 333.83s/trial, best loss: -0.20999999999999996]100%|██████████| 418/418 [05:33<00:00, 333.83s/trial, best loss: -0.20999999999999996]
100%|█████████▉| 418/419 [00:00<?, ?trial/s, best loss=?]                                                         Params: {'V_th': 10000, 'alpha': 7.727771302405848, 'decode_potentials': True, 'decoding_method': 'max', 'encoding_method': 'frequency', 'lr': 0.8509637353402375, 'max_features': 1.0, 'max_samples': 0.2, 'mu_minus': 0.11, 'mu_plus': 0.76, 'n_estimators': 1, 'n_fields': None, 'neuron_model': 'iaf_psc_exp', 'ref_seq_interval': 4, 'resolution': 0.1, 'shift_minus': 0.012336213555168361, 'shift_plus': -0.3118960048357922, 'sigma_w': None, 'synapse_model': 'shifted_nn_restr_stdp_synapse', 't_ref': 0.0, 'tau_m': 10000000.0, 'tau_minus': 241.0, 'tau_plus': 141.0, 'tau_s': 0.0, 'time': 300, 'w_init': 0.0}
Score: 0.0960
100%|█████████▉| 418/419 [05:33<?, ?trial/s, best loss=?]                                                         Deleting files related to the current optimization iteration...
100%|█████████▉| 418/419 [05:33<?, ?trial/s, best loss=?]100%|██████████| 419/419 [05:33<00:00, 333.75s/trial, best loss: -0.20999999999999996]100%|██████████| 419/419 [05:33<00:00, 333.75s/trial, best loss: -0.20999999999999996]
100%|█████████▉| 419/420 [00:00<?, ?trial/s, best loss=?]                                                         Params: {'V_th': 10000, 'alpha': 7.541619043913831, 'decode_potentials': True, 'decoding_method': 'max', 'encoding_method': 'frequency', 'lr': 0.7438876295888475, 'max_features': 1.0, 'max_samples': 0.2, 'mu_minus': 0.31000000000000005, 'mu_plus': 0.7100000000000001, 'n_estimators': 1, 'n_fields': None, 'neuron_model': 'iaf_psc_exp', 'ref_seq_interval': 4, 'resolution': 0.1, 'shift_minus': 0.0226717728151308, 'shift_plus': -0.1948439092974666, 'sigma_w': None, 'synapse_model': 'shifted_nn_restr_stdp_synapse', 't_ref': 0.0, 'tau_m': 10000000.0, 'tau_minus': 241.0, 'tau_plus': 141.0, 'tau_s': 0.0, 'time': 300, 'w_init': 0.0}
Score: 0.0890
100%|█████████▉| 419/420 [05:33<?, ?trial/s, best loss=?]                                                         Deleting files related to the current optimization iteration...
100%|█████████▉| 419/420 [05:33<?, ?trial/s, best loss=?]100%|██████████| 420/420 [05:33<00:00, 333.55s/trial, best loss: -0.20999999999999996]100%|██████████| 420/420 [05:33<00:00, 333.55s/trial, best loss: -0.20999999999999996]
100%|█████████▉| 420/421 [00:00<?, ?trial/s, best loss=?]                                                         Params: {'V_th': 10000, 'alpha': 6.921987060248688, 'decode_potentials': True, 'decoding_method': 'max', 'encoding_method': 'frequency', 'lr': 0.6617275190326602, 'max_features': 1.0, 'max_samples': 0.2, 'mu_minus': 0.6100000000000001, 'mu_plus': 0.46, 'n_estimators': 1, 'n_fields': None, 'neuron_model': 'iaf_psc_exp', 'ref_seq_interval': 8, 'resolution': 0.1, 'shift_minus': 0.040177187369875356, 'shift_plus': -0.8289035417269182, 'sigma_w': None, 'synapse_model': 'shifted_nn_restr_stdp_synapse', 't_ref': 0.0, 'tau_m': 10000000.0, 'tau_minus': 241.0, 'tau_plus': 141.0, 'tau_s': 0.0, 'time': 300, 'w_init': 0.0}
Score: 0.0990
100%|█████████▉| 420/421 [05:33<?, ?trial/s, best loss=?]                                                         Deleting files related to the current optimization iteration...
100%|█████████▉| 420/421 [05:33<?, ?trial/s, best loss=?]100%|██████████| 421/421 [05:33<00:00, 333.42s/trial, best loss: -0.20999999999999996]100%|██████████| 421/421 [05:33<00:00, 333.42s/trial, best loss: -0.20999999999999996]
100%|█████████▉| 421/422 [00:00<?, ?trial/s, best loss=?]                                                         Params: {'V_th': 10000, 'alpha': 9.061405003285648, 'decode_potentials': True, 'decoding_method': 'max', 'encoding_method': 'frequency', 'lr': 0.9300633529086119, 'max_features': 1.0, 'max_samples': 0.2, 'mu_minus': 0.36000000000000004, 'mu_plus': 0.9600000000000001, 'n_estimators': 1, 'n_fields': None, 'neuron_model': 'iaf_psc_exp', 'ref_seq_interval': 4, 'resolution': 0.1, 'shift_minus': 0.062158776671885366, 'shift_plus': -0.39176138203963495, 'sigma_w': None, 'synapse_model': 'shifted_nn_restr_stdp_synapse', 't_ref': 0.0, 'tau_m': 10000000.0, 'tau_minus': 241.0, 'tau_plus': 141.0, 'tau_s': 0.0, 'time': 300, 'w_init': 0.0}
Score: 0.1000
100%|█████████▉| 421/422 [05:33<?, ?trial/s, best loss=?]                                                         Deleting files related to the current optimization iteration...
100%|█████████▉| 421/422 [05:34<?, ?trial/s, best loss=?]100%|██████████| 422/422 [05:34<00:00, 334.29s/trial, best loss: -0.20999999999999996]100%|██████████| 422/422 [05:34<00:00, 334.31s/trial, best loss: -0.20999999999999996]
100%|█████████▉| 422/423 [00:00<?, ?trial/s, best loss=?]                                                         Params: {'V_th': 10000, 'alpha': 9.540438665051175, 'decode_potentials': True, 'decoding_method': 'max', 'encoding_method': 'frequency', 'lr': 0.6364673695959993, 'max_features': 1.0, 'max_samples': 0.2, 'mu_minus': 0.16000000000000003, 'mu_plus': 0.56, 'n_estimators': 1, 'n_fields': None, 'neuron_model': 'iaf_psc_exp', 'ref_seq_interval': 4, 'resolution': 0.1, 'shift_minus': 0.02551272632773269, 'shift_plus': -0.2541335055040131, 'sigma_w': None, 'synapse_model': 'shifted_nn_restr_stdp_synapse', 't_ref': 0.0, 'tau_m': 10000000.0, 'tau_minus': 241.0, 'tau_plus': 141.0, 'tau_s': 0.0, 'time': 300, 'w_init': 0.0}
Score: 0.0920
100%|█████████▉| 422/423 [05:33<?, ?trial/s, best loss=?]                                                         Deleting files related to the current optimization iteration...
100%|█████████▉| 422/423 [05:33<?, ?trial/s, best loss=?]100%|██████████| 423/423 [05:33<00:00, 333.35s/trial, best loss: -0.20999999999999996]100%|██████████| 423/423 [05:33<00:00, 333.35s/trial, best loss: -0.20999999999999996]
100%|█████████▉| 423/424 [00:00<?, ?trial/s, best loss=?]                                                         Params: {'V_th': 10000, 'alpha': 8.785899283802623, 'decode_potentials': True, 'decoding_method': 'max', 'encoding_method': 'frequency', 'lr': 0.876939498187008, 'max_features': 1.0, 'max_samples': 0.2, 'mu_minus': 0.7100000000000001, 'mu_plus': 0.36000000000000004, 'n_estimators': 1, 'n_fields': None, 'neuron_model': 'iaf_psc_exp', 'ref_seq_interval': 7, 'resolution': 0.1, 'shift_minus': 0.0891889552226644, 'shift_plus': -0.353575751703049, 'sigma_w': None, 'synapse_model': 'shifted_nn_restr_stdp_synapse', 't_ref': 0.0, 'tau_m': 10000000.0, 'tau_minus': 201.0, 'tau_plus': 101.0, 'tau_s': 0.0, 'time': 300, 'w_init': 0.0}
Score: 0.1110
100%|█████████▉| 423/424 [05:33<?, ?trial/s, best loss=?]                                                         Deleting files related to the current optimization iteration...
100%|█████████▉| 423/424 [05:33<?, ?trial/s, best loss=?]100%|██████████| 424/424 [05:33<00:00, 333.23s/trial, best loss: -0.20999999999999996]100%|██████████| 424/424 [05:33<00:00, 333.23s/trial, best loss: -0.20999999999999996]
100%|█████████▉| 424/425 [00:00<?, ?trial/s, best loss=?]                                                         Params: {'V_th': 10000, 'alpha': 7.564061105204062, 'decode_potentials': True, 'decoding_method': 'max', 'encoding_method': 'frequency', 'lr': 0.803799229686356, 'max_features': 1.0, 'max_samples': 0.2, 'mu_minus': 0.21000000000000002, 'mu_plus': 0.31000000000000005, 'n_estimators': 1, 'n_fields': None, 'neuron_model': 'iaf_psc_exp', 'ref_seq_interval': 6, 'resolution': 0.1, 'shift_minus': 0.0007865878906480524, 'shift_plus': -0.16642854223070233, 'sigma_w': None, 'synapse_model': 'shifted_nn_restr_stdp_synapse', 't_ref': 0.0, 'tau_m': 10000000.0, 'tau_minus': 261.0, 'tau_plus': 21.0, 'tau_s': 0.0, 'time': 300, 'w_init': 0.0}
Score: 0.1580
100%|█████████▉| 424/425 [05:33<?, ?trial/s, best loss=?]                                                         Deleting files related to the current optimization iteration...
100%|█████████▉| 424/425 [05:33<?, ?trial/s, best loss=?]100%|██████████| 425/425 [05:33<00:00, 333.24s/trial, best loss: -0.20999999999999996]100%|██████████| 425/425 [05:33<00:00, 333.24s/trial, best loss: -0.20999999999999996]
100%|█████████▉| 425/426 [00:00<?, ?trial/s, best loss=?]                                                         Params: {'V_th': 10000, 'alpha': 9.433210918542171, 'decode_potentials': True, 'decoding_method': 'max', 'encoding_method': 'frequency', 'lr': 0.697787369669606, 'max_features': 1.0, 'max_samples': 0.2, 'mu_minus': 0.56, 'mu_plus': 0.060000000000000005, 'n_estimators': 1, 'n_fields': None, 'neuron_model': 'iaf_psc_exp', 'ref_seq_interval': 4, 'resolution': 0.1, 'shift_minus': 0.012784121747955913, 'shift_plus': -0.06492674384206472, 'sigma_w': None, 'synapse_model': 'shifted_nn_restr_stdp_synapse', 't_ref': 0.0, 'tau_m': 10000000.0, 'tau_minus': 21.0, 'tau_plus': 221.0, 'tau_s': 0.0, 'time': 300, 'w_init': 0.0}
Score: 0.1190
100%|█████████▉| 425/426 [05:33<?, ?trial/s, best loss=?]                                                         Deleting files related to the current optimization iteration...
100%|█████████▉| 425/426 [05:33<?, ?trial/s, best loss=?]100%|██████████| 426/426 [05:33<00:00, 333.34s/trial, best loss: -0.20999999999999996]100%|██████████| 426/426 [05:33<00:00, 333.34s/trial, best loss: -0.20999999999999996]
100%|█████████▉| 426/427 [00:00<?, ?trial/s, best loss=?]                                                         Params: {'V_th': 10000, 'alpha': 7.3668597868378765, 'decode_potentials': True, 'decoding_method': 'max', 'encoding_method': 'frequency', 'lr': 0.9167822771871953, 'max_features': 1.0, 'max_samples': 0.2, 'mu_minus': 0.31000000000000005, 'mu_plus': 0.91, 'n_estimators': 1, 'n_fields': None, 'neuron_model': 'iaf_psc_exp', 'ref_seq_interval': 8, 'resolution': 0.1, 'shift_minus': 0.050178172953613896, 'shift_plus': -0.26871659598806974, 'sigma_w': None, 'synapse_model': 'shifted_nn_restr_stdp_synapse', 't_ref': 0.0, 'tau_m': 10000000.0, 'tau_minus': 41.0, 'tau_plus': 141.0, 'tau_s': 0.0, 'time': 300, 'w_init': 0.0}
Score: 0.1050
100%|█████████▉| 426/427 [05:33<?, ?trial/s, best loss=?]                                                         Deleting files related to the current optimization iteration...
100%|█████████▉| 426/427 [05:33<?, ?trial/s, best loss=?]100%|██████████| 427/427 [05:33<00:00, 333.39s/trial, best loss: -0.20999999999999996]100%|██████████| 427/427 [05:33<00:00, 333.39s/trial, best loss: -0.20999999999999996]
100%|█████████▉| 427/428 [00:00<?, ?trial/s, best loss=?]                                                         Params: {'V_th': 10000, 'alpha': 7.856589351700518, 'decode_potentials': True, 'decoding_method': 'max', 'encoding_method': 'frequency', 'lr': 0.7822928179108087, 'max_features': 1.0, 'max_samples': 0.2, 'mu_minus': 0.81, 'mu_plus': 0.6100000000000001, 'n_estimators': 1, 'n_fields': None, 'neuron_model': 'iaf_psc_exp', 'ref_seq_interval': 2, 'resolution': 0.1, 'shift_minus': 0.03323996184665281, 'shift_plus': -0.20993978031867525, 'sigma_w': None, 'synapse_model': 'shifted_nn_restr_stdp_synapse', 't_ref': 0.0, 'tau_m': 10000000.0, 'tau_minus': 241.0, 'tau_plus': 81.0, 'tau_s': 0.0, 'time': 300, 'w_init': 0.0}
Score: 0.0970
100%|█████████▉| 427/428 [06:03<?, ?trial/s, best loss=?]                                                         Deleting files related to the current optimization iteration...
100%|█████████▉| 427/428 [06:03<?, ?trial/s, best loss=?]100%|██████████| 428/428 [06:03<00:00, 363.64s/trial, best loss: -0.20999999999999996]100%|██████████| 428/428 [06:03<00:00, 363.64s/trial, best loss: -0.20999999999999996]
100%|█████████▉| 428/429 [00:00<?, ?trial/s, best loss=?]                                                         Params: {'V_th': 10000, 'alpha': 9.937935355774666, 'decode_potentials': True, 'decoding_method': 'max', 'encoding_method': 'frequency', 'lr': 0.8298309642396644, 'max_features': 1.0, 'max_samples': 0.2, 'mu_minus': 0.91, 'mu_plus': 0.8600000000000001, 'n_estimators': 1, 'n_fields': None, 'neuron_model': 'iaf_psc_exp', 'ref_seq_interval': 9, 'resolution': 0.1, 'shift_minus': 0.0696318752132559, 'shift_plus': -0.33535233446961565, 'sigma_w': None, 'synapse_model': 'shifted_nn_restr_stdp_synapse', 't_ref': 0.0, 'tau_m': 10000000.0, 'tau_minus': 161.0, 'tau_plus': 241.0, 'tau_s': 0.0, 'time': 300, 'w_init': 0.0}
Score: 0.0820
100%|█████████▉| 428/429 [05:33<?, ?trial/s, best loss=?]                                                         Deleting files related to the current optimization iteration...
100%|█████████▉| 428/429 [05:33<?, ?trial/s, best loss=?]100%|██████████| 429/429 [05:33<00:00, 333.48s/trial, best loss: -0.20999999999999996]100%|██████████| 429/429 [05:33<00:00, 333.48s/trial, best loss: -0.20999999999999996]
100%|█████████▉| 429/430 [00:00<?, ?trial/s, best loss=?]                                                         Params: {'V_th': 10000, 'alpha': 6.907343992571681, 'decode_potentials': True, 'decoding_method': 'max', 'encoding_method': 'frequency', 'lr': 0.9685793096828448, 'max_features': 1.0, 'max_samples': 0.2, 'mu_minus': 0.6100000000000001, 'mu_plus': 0.7100000000000001, 'n_estimators': 1, 'n_fields': None, 'neuron_model': 'iaf_psc_exp', 'ref_seq_interval': 4, 'resolution': 0.1, 'shift_minus': 4.516158766741711e-05, 'shift_plus': -0.28697643275515655, 'sigma_w': None, 'synapse_model': 'shifted_nn_restr_stdp_synapse', 't_ref': 0.0, 'tau_m': 10000000.0, 'tau_minus': 61.0, 'tau_plus': 181.0, 'tau_s': 0.0, 'time': 300, 'w_init': 0.0}
Score: 0.1810
100%|█████████▉| 429/430 [05:33<?, ?trial/s, best loss=?]                                                         Deleting files related to the current optimization iteration...
100%|█████████▉| 429/430 [05:33<?, ?trial/s, best loss=?]100%|██████████| 430/430 [05:33<00:00, 333.87s/trial, best loss: -0.20999999999999996]100%|██████████| 430/430 [05:33<00:00, 333.87s/trial, best loss: -0.20999999999999996]
100%|█████████▉| 430/431 [00:00<?, ?trial/s, best loss=?]                                                         Params: {'V_th': 10000, 'alpha': 7.081063413010966, 'decode_potentials': True, 'decoding_method': 'max', 'encoding_method': 'frequency', 'lr': 0.9587406442413636, 'max_features': 1.0, 'max_samples': 0.2, 'mu_minus': 0.01, 'mu_plus': 0.76, 'n_estimators': 1, 'n_fields': None, 'neuron_model': 'iaf_psc_exp', 'ref_seq_interval': 10, 'resolution': 0.1, 'shift_minus': 0.012115633990977313, 'shift_plus': -0.30462831050720074, 'sigma_w': None, 'synapse_model': 'shifted_nn_restr_stdp_synapse', 't_ref': 0.0, 'tau_m': 10000000.0, 'tau_minus': 261.0, 'tau_plus': 181.0, 'tau_s': 0.0, 'time': 300, 'w_init': 0.0}
Score: 0.1070
100%|█████████▉| 430/431 [05:33<?, ?trial/s, best loss=?]                                                         Deleting files related to the current optimization iteration...
100%|█████████▉| 430/431 [05:33<?, ?trial/s, best loss=?]100%|██████████| 431/431 [05:33<00:00, 333.63s/trial, best loss: -0.20999999999999996]100%|██████████| 431/431 [05:33<00:00, 333.63s/trial, best loss: -0.20999999999999996]
100%|█████████▉| 431/432 [00:00<?, ?trial/s, best loss=?]                                                         Params: {'V_th': 10000, 'alpha': 6.507483596527944, 'decode_potentials': True, 'decoding_method': 'max', 'encoding_method': 'frequency', 'lr': 0.9021222946677202, 'max_features': 1.0, 'max_samples': 0.2, 'mu_minus': 0.6100000000000001, 'mu_plus': 0.01, 'n_estimators': 1, 'n_fields': None, 'neuron_model': 'iaf_psc_exp', 'ref_seq_interval': 4, 'resolution': 0.1, 'shift_minus': 0.025089526812816496, 'shift_plus': -0.43468217832783596, 'sigma_w': None, 'synapse_model': 'shifted_nn_restr_stdp_synapse', 't_ref': 0.0, 'tau_m': 10000000.0, 'tau_minus': 61.0, 'tau_plus': 181.0, 'tau_s': 0.0, 'time': 300, 'w_init': 0.0}
Score: 0.0900
100%|█████████▉| 431/432 [05:33<?, ?trial/s, best loss=?]                                                         Deleting files related to the current optimization iteration...
100%|█████████▉| 431/432 [05:33<?, ?trial/s, best loss=?]100%|██████████| 432/432 [05:33<00:00, 333.39s/trial, best loss: -0.20999999999999996]100%|██████████| 432/432 [05:33<00:00, 333.39s/trial, best loss: -0.20999999999999996]
100%|█████████▉| 432/433 [00:00<?, ?trial/s, best loss=?]                                                         Params: {'V_th': 10000, 'alpha': 8.466896499959393, 'decode_potentials': True, 'decoding_method': 'max', 'encoding_method': 'frequency', 'lr': 0.8636515566007806, 'max_features': 1.0, 'max_samples': 0.2, 'mu_minus': 0.6100000000000001, 'mu_plus': 0.41000000000000003, 'n_estimators': 1, 'n_fields': None, 'neuron_model': 'iaf_psc_exp', 'ref_seq_interval': 4, 'resolution': 0.1, 'shift_minus': 0.04362178232888482, 'shift_plus': -0.3547282544564921, 'sigma_w': None, 'synapse_model': 'shifted_nn_restr_stdp_synapse', 't_ref': 0.0, 'tau_m': 10000000.0, 'tau_minus': 61.0, 'tau_plus': 181.0, 'tau_s': 0.0, 'time': 300, 'w_init': 0.0}
Score: 0.0970
100%|█████████▉| 432/433 [05:33<?, ?trial/s, best loss=?]                                                         Deleting files related to the current optimization iteration...
100%|█████████▉| 432/433 [05:33<?, ?trial/s, best loss=?]100%|██████████| 433/433 [05:33<00:00, 333.37s/trial, best loss: -0.20999999999999996]100%|██████████| 433/433 [05:33<00:00, 333.37s/trial, best loss: -0.20999999999999996]
100%|█████████▉| 433/434 [00:00<?, ?trial/s, best loss=?]                                                         Params: {'V_th': 10000, 'alpha': 7.230614949126808, 'decode_potentials': True, 'decoding_method': 'max', 'encoding_method': 'frequency', 'lr': 0.7317834376721096, 'max_features': 1.0, 'max_samples': 0.2, 'mu_minus': 0.6100000000000001, 'mu_plus': 0.56, 'n_estimators': 1, 'n_fields': None, 'neuron_model': 'iaf_psc_exp', 'ref_seq_interval': 8, 'resolution': 0.1, 'shift_minus': 0.05163648726220645, 'shift_plus': -0.3942429307752557, 'sigma_w': None, 'synapse_model': 'shifted_nn_restr_stdp_synapse', 't_ref': 0.0, 'tau_m': 10000000.0, 'tau_minus': 61.0, 'tau_plus': 181.0, 'tau_s': 0.0, 'time': 300, 'w_init': 0.0}
Score: 0.1010
100%|█████████▉| 433/434 [05:33<?, ?trial/s, best loss=?]                                                         Deleting files related to the current optimization iteration...
100%|█████████▉| 433/434 [05:33<?, ?trial/s, best loss=?]100%|██████████| 434/434 [05:33<00:00, 333.98s/trial, best loss: -0.20999999999999996]100%|██████████| 434/434 [05:33<00:00, 333.98s/trial, best loss: -0.20999999999999996]
100%|█████████▉| 434/435 [00:00<?, ?trial/s, best loss=?]                                                         Params: {'V_th': 10000, 'alpha': 8.296719722320542, 'decode_potentials': True, 'decoding_method': 'max', 'encoding_method': 'frequency', 'lr': 0.7604046212816681, 'max_features': 1.0, 'max_samples': 0.2, 'mu_minus': 0.6100000000000001, 'mu_plus': 0.21000000000000002, 'n_estimators': 1, 'n_fields': None, 'neuron_model': 'iaf_psc_exp', 'ref_seq_interval': 7, 'resolution': 0.1, 'shift_minus': 0.00041188413419304866, 'shift_plus': -0.47383225137678586, 'sigma_w': None, 'synapse_model': 'shifted_nn_restr_stdp_synapse', 't_ref': 0.0, 'tau_m': 10000000.0, 'tau_minus': 61.0, 'tau_plus': 181.0, 'tau_s': 0.0, 'time': 300, 'w_init': 0.0}
Score: 0.1380
100%|█████████▉| 434/435 [05:33<?, ?trial/s, best loss=?]                                                         Deleting files related to the current optimization iteration...
100%|█████████▉| 434/435 [05:33<?, ?trial/s, best loss=?]100%|██████████| 435/435 [05:33<00:00, 333.28s/trial, best loss: -0.20999999999999996]100%|██████████| 435/435 [05:33<00:00, 333.28s/trial, best loss: -0.20999999999999996]
100%|█████████▉| 435/436 [00:00<?, ?trial/s, best loss=?]                                                         Params: {'V_th': 10000, 'alpha': 6.2661866633897185, 'decode_potentials': True, 'decoding_method': 'max', 'encoding_method': 'frequency', 'lr': 0.8006435113824212, 'max_features': 1.0, 'max_samples': 0.2, 'mu_minus': 0.6100000000000001, 'mu_plus': 0.66, 'n_estimators': 1, 'n_fields': None, 'neuron_model': 'iaf_psc_exp', 'ref_seq_interval': 4, 'resolution': 0.1, 'shift_minus': 0.07767366250064744, 'shift_plus': -0.4142539087875971, 'sigma_w': None, 'synapse_model': 'shifted_nn_restr_stdp_synapse', 't_ref': 0.0, 'tau_m': 10000000.0, 'tau_minus': 61.0, 'tau_plus': 181.0, 'tau_s': 0.0, 'time': 300, 'w_init': 0.0}
Score: 0.1060
100%|█████████▉| 435/436 [05:33<?, ?trial/s, best loss=?]                                                         Deleting files related to the current optimization iteration...
100%|█████████▉| 435/436 [05:33<?, ?trial/s, best loss=?]100%|██████████| 436/436 [05:33<00:00, 333.29s/trial, best loss: -0.20999999999999996]100%|██████████| 436/436 [05:33<00:00, 333.29s/trial, best loss: -0.20999999999999996]
100%|█████████▉| 436/437 [00:00<?, ?trial/s, best loss=?]                                                         Params: {'V_th': 10000, 'alpha': 196.9574065375654, 'decode_potentials': True, 'decoding_method': 'max', 'encoding_method': 'frequency', 'lr': 0.841346732838063, 'max_features': 1.0, 'max_samples': 0.2, 'mu_minus': 0.26, 'mu_plus': 0.7100000000000001, 'n_estimators': 1, 'n_fields': None, 'neuron_model': 'iaf_psc_exp', 'ref_seq_interval': 4, 'resolution': 0.1, 'shift_minus': 0.059121215898336535, 'shift_plus': -0.37008237315656367, 'sigma_w': None, 'synapse_model': 'shifted_nn_restr_stdp_synapse', 't_ref': 0.0, 'tau_m': 10000000.0, 'tau_minus': 61.0, 'tau_plus': 181.0, 'tau_s': 0.0, 'time': 300, 'w_init': 0.0}
Score: 0.1020
100%|█████████▉| 436/437 [05:33<?, ?trial/s, best loss=?]                                                         Deleting files related to the current optimization iteration...
100%|█████████▉| 436/437 [05:33<?, ?trial/s, best loss=?]100%|██████████| 437/437 [05:33<00:00, 333.28s/trial, best loss: -0.20999999999999996]100%|██████████| 437/437 [05:33<00:00, 333.28s/trial, best loss: -0.20999999999999996]
100%|█████████▉| 437/438 [00:00<?, ?trial/s, best loss=?]                                                         Params: {'V_th': 10000, 'alpha': 6.72227045326351, 'decode_potentials': True, 'decoding_method': 'max', 'encoding_method': 'frequency', 'lr': 0.7127760130339814, 'max_features': 1.0, 'max_samples': 0.2, 'mu_minus': 0.6100000000000001, 'mu_plus': 0.46, 'n_estimators': 1, 'n_fields': None, 'neuron_model': 'iaf_psc_exp', 'ref_seq_interval': 6, 'resolution': 0.1, 'shift_minus': 7.8464790929286e-05, 'shift_plus': -0.29354626781874765, 'sigma_w': None, 'synapse_model': 'shifted_nn_restr_stdp_synapse', 't_ref': 0.0, 'tau_m': 10000000.0, 'tau_minus': 61.0, 'tau_plus': 181.0, 'tau_s': 0.0, 'time': 300, 'w_init': 0.0}
Score: 0.1440
100%|█████████▉| 437/438 [05:33<?, ?trial/s, best loss=?]                                                         Deleting files related to the current optimization iteration...
100%|█████████▉| 437/438 [05:33<?, ?trial/s, best loss=?]100%|██████████| 438/438 [05:33<00:00, 333.43s/trial, best loss: -0.20999999999999996]100%|██████████| 438/438 [05:33<00:00, 333.43s/trial, best loss: -0.20999999999999996]
100%|█████████▉| 438/439 [00:00<?, ?trial/s, best loss=?]                                                         Params: {'V_th': 10000, 'alpha': 5.9611021024996305, 'decode_potentials': True, 'decoding_method': 'max', 'encoding_method': 'frequency', 'lr': 0.4615097752153936, 'max_features': 1.0, 'max_samples': 0.2, 'mu_minus': 0.6100000000000001, 'mu_plus': 0.51, 'n_estimators': 1, 'n_fields': None, 'neuron_model': 'iaf_psc_exp', 'ref_seq_interval': 4, 'resolution': 0.1, 'shift_minus': 0.4155736092959449, 'shift_plus': -0.1509382675850925, 'sigma_w': None, 'synapse_model': 'shifted_nn_restr_stdp_synapse', 't_ref': 0.0, 'tau_m': 10000000.0, 'tau_minus': 61.0, 'tau_plus': 261.0, 'tau_s': 0.0, 'time': 300, 'w_init': 0.0}
Score: 0.0990
100%|█████████▉| 438/439 [05:33<?, ?trial/s, best loss=?]                                                         Deleting files related to the current optimization iteration...
100%|█████████▉| 438/439 [05:33<?, ?trial/s, best loss=?]100%|██████████| 439/439 [05:33<00:00, 333.64s/trial, best loss: -0.20999999999999996]100%|██████████| 439/439 [05:33<00:00, 333.64s/trial, best loss: -0.20999999999999996]
100%|█████████▉| 439/440 [00:00<?, ?trial/s, best loss=?]                                                         Params: {'V_th': 10000, 'alpha': 6.869331902881391, 'decode_potentials': True, 'decoding_method': 'max', 'encoding_method': 'frequency', 'lr': 0.8878826690149839, 'max_features': 1.0, 'max_samples': 0.2, 'mu_minus': 0.6100000000000001, 'mu_plus': 0.16000000000000003, 'n_estimators': 1, 'n_fields': None, 'neuron_model': 'iaf_psc_exp', 'ref_seq_interval': 8, 'resolution': 0.1, 'shift_minus': 0.03573212764803183, 'shift_plus': -0.2352215468378531, 'sigma_w': None, 'synapse_model': 'shifted_nn_restr_stdp_synapse', 't_ref': 0.0, 'tau_m': 10000000.0, 'tau_minus': 61.0, 'tau_plus': 181.0, 'tau_s': 0.0, 'time': 300, 'w_init': 0.0}
Score: 0.1030
100%|█████████▉| 439/440 [05:33<?, ?trial/s, best loss=?]                                                         Deleting files related to the current optimization iteration...
100%|█████████▉| 439/440 [05:33<?, ?trial/s, best loss=?]100%|██████████| 440/440 [05:33<00:00, 333.45s/trial, best loss: -0.20999999999999996]100%|██████████| 440/440 [05:33<00:00, 333.45s/trial, best loss: -0.20999999999999996]
100%|█████████▉| 440/441 [00:00<?, ?trial/s, best loss=?]                                                         Params: {'V_th': 10000, 'alpha': 7.5299679938125905, 'decode_potentials': True, 'decoding_method': 'max', 'encoding_method': 'frequency', 'lr': 0.96679897934847, 'max_features': 1.0, 'max_samples': 0.2, 'mu_minus': 0.6100000000000001, 'mu_plus': 0.56, 'n_estimators': 1, 'n_fields': None, 'neuron_model': 'iaf_psc_exp', 'ref_seq_interval': 2, 'resolution': 0.1, 'shift_minus': 0.01907838640709835, 'shift_plus': -0.12446194148131667, 'sigma_w': None, 'synapse_model': 'shifted_nn_restr_stdp_synapse', 't_ref': 0.0, 'tau_m': 10000000.0, 'tau_minus': 61.0, 'tau_plus': 201.0, 'tau_s': 0.0, 'time': 300, 'w_init': 0.0}
Score: 0.1040
100%|█████████▉| 440/441 [06:03<?, ?trial/s, best loss=?]                                                         Deleting files related to the current optimization iteration...
100%|█████████▉| 440/441 [06:03<?, ?trial/s, best loss=?]100%|██████████| 441/441 [06:03<00:00, 363.46s/trial, best loss: -0.20999999999999996]100%|██████████| 441/441 [06:03<00:00, 363.46s/trial, best loss: -0.20999999999999996]
100%|█████████▉| 441/442 [00:00<?, ?trial/s, best loss=?]                                                         Params: {'V_th': 10000, 'alpha': 8.860214357066479, 'decode_potentials': True, 'decoding_method': 'max', 'encoding_method': 'frequency', 'lr': 0.6127145714414799, 'max_features': 1.0, 'max_samples': 0.2, 'mu_minus': 0.9600000000000001, 'mu_plus': 0.76, 'n_estimators': 1, 'n_fields': None, 'neuron_model': 'iaf_psc_exp', 'ref_seq_interval': 4, 'resolution': 0.1, 'shift_minus': 0.0001453705683454708, 'shift_plus': -0.2829031499890913, 'sigma_w': None, 'synapse_model': 'shifted_nn_restr_stdp_synapse', 't_ref': 0.0, 'tau_m': 10000000.0, 'tau_minus': 61.0, 'tau_plus': 181.0, 'tau_s': 0.0, 'time': 300, 'w_init': 0.0}
Score: 0.1710
100%|█████████▉| 441/442 [05:33<?, ?trial/s, best loss=?]                                                         Deleting files related to the current optimization iteration...
100%|█████████▉| 441/442 [05:33<?, ?trial/s, best loss=?]100%|██████████| 442/442 [05:34<00:00, 334.00s/trial, best loss: -0.20999999999999996]100%|██████████| 442/442 [05:34<00:00, 334.00s/trial, best loss: -0.20999999999999996]
100%|█████████▉| 442/443 [00:00<?, ?trial/s, best loss=?]                                                         Params: {'V_th': 10000, 'alpha': 8.802498998064198, 'decode_potentials': True, 'decoding_method': 'max', 'encoding_method': 'frequency', 'lr': 0.580749946759126, 'max_features': 1.0, 'max_samples': 0.2, 'mu_minus': 0.51, 'mu_plus': 0.76, 'n_estimators': 1, 'n_fields': None, 'neuron_model': 'iaf_psc_exp', 'ref_seq_interval': 4, 'resolution': 0.1, 'shift_minus': 0.10069762011602858, 'shift_plus': -0.17936527061071278, 'sigma_w': None, 'synapse_model': 'shifted_nn_restr_stdp_synapse', 't_ref': 0.0, 'tau_m': 10000000.0, 'tau_minus': 61.0, 'tau_plus': 181.0, 'tau_s': 0.0, 'time': 300, 'w_init': 0.0}
Score: 0.1010
100%|█████████▉| 442/443 [05:33<?, ?trial/s, best loss=?]                                                         Deleting files related to the current optimization iteration...
100%|█████████▉| 442/443 [05:33<?, ?trial/s, best loss=?]100%|██████████| 443/443 [05:33<00:00, 333.44s/trial, best loss: -0.20999999999999996]100%|██████████| 443/443 [05:33<00:00, 333.44s/trial, best loss: -0.20999999999999996]
100%|█████████▉| 443/444 [00:00<?, ?trial/s, best loss=?]                                                         Params: {'V_th': 10000, 'alpha': 8.013435210545019, 'decode_potentials': True, 'decoding_method': 'max', 'encoding_method': 'frequency', 'lr': 0.6102531499088438, 'max_features': 1.0, 'max_samples': 0.2, 'mu_minus': 0.9600000000000001, 'mu_plus': 0.76, 'n_estimators': 1, 'n_fields': None, 'neuron_model': 'iaf_psc_exp', 'ref_seq_interval': 4, 'resolution': 0.1, 'shift_minus': 0.09093568306630254, 'shift_plus': -0.28109699861957316, 'sigma_w': None, 'synapse_model': 'shifted_nn_restr_stdp_synapse', 't_ref': 0.0, 'tau_m': 10000000.0, 'tau_minus': 61.0, 'tau_plus': 181.0, 'tau_s': 0.0, 'time': 300, 'w_init': 0.0}
Score: 0.0970
100%|█████████▉| 443/444 [05:33<?, ?trial/s, best loss=?]                                                         Deleting files related to the current optimization iteration...
100%|█████████▉| 443/444 [05:33<?, ?trial/s, best loss=?]100%|██████████| 444/444 [05:33<00:00, 333.38s/trial, best loss: -0.20999999999999996]100%|██████████| 444/444 [05:33<00:00, 333.38s/trial, best loss: -0.20999999999999996]
100%|█████████▉| 444/445 [00:00<?, ?trial/s, best loss=?]                                                         Params: {'V_th': 10000, 'alpha': 2777.8365950365246, 'decode_potentials': True, 'decoding_method': 'max', 'encoding_method': 'frequency', 'lr': 0.5428148790403389, 'max_features': 1.0, 'max_samples': 0.2, 'mu_minus': 0.9600000000000001, 'mu_plus': 0.76, 'n_estimators': 1, 'n_fields': None, 'neuron_model': 'iaf_psc_exp', 'ref_seq_interval': 4, 'resolution': 0.1, 'shift_minus': 0.009075609324729937, 'shift_plus': -0.08988161731827332, 'sigma_w': None, 'synapse_model': 'shifted_nn_restr_stdp_synapse', 't_ref': 0.0, 'tau_m': 10000000.0, 'tau_minus': 61.0, 'tau_plus': 181.0, 'tau_s': 0.0, 'time': 300, 'w_init': 0.0}
Score: 0.0980
100%|█████████▉| 444/445 [05:33<?, ?trial/s, best loss=?]                                                         Deleting files related to the current optimization iteration...
100%|█████████▉| 444/445 [05:33<?, ?trial/s, best loss=?]100%|██████████| 445/445 [05:33<00:00, 333.28s/trial, best loss: -0.20999999999999996]100%|██████████| 445/445 [05:33<00:00, 333.28s/trial, best loss: -0.20999999999999996]
100%|█████████▉| 445/446 [00:00<?, ?trial/s, best loss=?]                                                         Params: {'V_th': 10000, 'alpha': 6.30265704236496, 'decode_potentials': True, 'decoding_method': 'max', 'encoding_method': 'frequency', 'lr': 0.6855281296312947, 'max_features': 1.0, 'max_samples': 0.2, 'mu_minus': 0.36000000000000004, 'mu_plus': 0.36000000000000004, 'n_estimators': 1, 'n_fields': None, 'neuron_model': 'iaf_psc_exp', 'ref_seq_interval': 9, 'resolution': 0.1, 'shift_minus': 0.06797547846487201, 'shift_plus': -0.3431774645884103, 'sigma_w': None, 'synapse_model': 'shifted_nn_restr_stdp_synapse', 't_ref': 0.0, 'tau_m': 10000000.0, 'tau_minus': 121.0, 'tau_plus': 221.0, 'tau_s': 0.0, 'time': 300, 'w_init': 0.0}
Score: 0.0990
100%|█████████▉| 445/446 [05:33<?, ?trial/s, best loss=?]                                                         Deleting files related to the current optimization iteration...
100%|█████████▉| 445/446 [05:33<?, ?trial/s, best loss=?]100%|██████████| 446/446 [05:33<00:00, 333.32s/trial, best loss: -0.20999999999999996]100%|██████████| 446/446 [05:33<00:00, 333.33s/trial, best loss: -0.20999999999999996]
100%|█████████▉| 446/447 [00:00<?, ?trial/s, best loss=?]                                                         Params: {'V_th': 10000, 'alpha': 9.76044645682515, 'decode_potentials': True, 'decoding_method': 'max', 'encoding_method': 'frequency', 'lr': 0.5569663242811044, 'max_features': 1.0, 'max_samples': 0.2, 'mu_minus': 0.9600000000000001, 'mu_plus': 0.76, 'n_estimators': 1, 'n_fields': None, 'neuron_model': 'iaf_psc_exp', 'ref_seq_interval': 4, 'resolution': 0.1, 'shift_minus': 0.031217153929321687, 'shift_plus': -0.2256386034658336, 'sigma_w': None, 'synapse_model': 'shifted_nn_restr_stdp_synapse', 't_ref': 0.0, 'tau_m': 10000000.0, 'tau_minus': 61.0, 'tau_plus': 181.0, 'tau_s': 0.0, 'time': 300, 'w_init': 0.0}
Score: 0.1000
100%|█████████▉| 446/447 [05:33<?, ?trial/s, best loss=?]                                                         Deleting files related to the current optimization iteration...
100%|█████████▉| 446/447 [05:33<?, ?trial/s, best loss=?]100%|██████████| 447/447 [05:33<00:00, 333.30s/trial, best loss: -0.20999999999999996]100%|██████████| 447/447 [05:33<00:00, 333.30s/trial, best loss: -0.20999999999999996]
100%|█████████▉| 447/448 [00:00<?, ?trial/s, best loss=?]                                                         Params: {'V_th': 10000, 'alpha': 9.212371218194466, 'decode_potentials': True, 'decoding_method': 'max', 'encoding_method': 'frequency', 'lr': 0.4815779358130757, 'max_features': 1.0, 'max_samples': 0.2, 'mu_minus': 0.9600000000000001, 'mu_plus': 0.76, 'n_estimators': 1, 'n_fields': None, 'neuron_model': 'iaf_psc_exp', 'ref_seq_interval': 4, 'resolution': 0.1, 'shift_minus': 0.04249674380676304, 'shift_plus': -0.3210134914369718, 'sigma_w': None, 'synapse_model': 'shifted_nn_restr_stdp_synapse', 't_ref': 0.0, 'tau_m': 10000000.0, 'tau_minus': 61.0, 'tau_plus': 181.0, 'tau_s': 0.0, 'time': 300, 'w_init': 0.0}
Score: 0.1020
100%|█████████▉| 447/448 [05:33<?, ?trial/s, best loss=?]                                                         Deleting files related to the current optimization iteration...
100%|█████████▉| 447/448 [05:33<?, ?trial/s, best loss=?]100%|██████████| 448/448 [05:33<00:00, 333.62s/trial, best loss: -0.20999999999999996]100%|██████████| 448/448 [05:33<00:00, 333.62s/trial, best loss: -0.20999999999999996]
100%|█████████▉| 448/449 [00:00<?, ?trial/s, best loss=?]                                                         Params: {'V_th': 10000, 'alpha': 8.636502835224633, 'decode_potentials': True, 'decoding_method': 'max', 'encoding_method': 'frequency', 'lr': 0.6235376157379426, 'max_features': 1.0, 'max_samples': 0.2, 'mu_minus': 0.9600000000000001, 'mu_plus': 0.76, 'n_estimators': 1, 'n_fields': None, 'neuron_model': 'iaf_psc_exp', 'ref_seq_interval': 4, 'resolution': 0.1, 'shift_minus': 0.016167678496721554, 'shift_plus': -0.4553279592582615, 'sigma_w': None, 'synapse_model': 'shifted_nn_restr_stdp_synapse', 't_ref': 0.0, 'tau_m': 10000000.0, 'tau_minus': 61.0, 'tau_plus': 181.0, 'tau_s': 0.0, 'time': 300, 'w_init': 0.0}
Score: 0.1060
100%|█████████▉| 448/449 [05:33<?, ?trial/s, best loss=?]                                                         Deleting files related to the current optimization iteration...
100%|█████████▉| 448/449 [05:33<?, ?trial/s, best loss=?]100%|██████████| 449/449 [05:33<00:00, 333.44s/trial, best loss: -0.20999999999999996]100%|██████████| 449/449 [05:33<00:00, 333.44s/trial, best loss: -0.20999999999999996]
100%|█████████▉| 449/450 [00:00<?, ?trial/s, best loss=?]                                                         Params: {'V_th': 10000, 'alpha': 9.0125542238383, 'decode_potentials': True, 'decoding_method': 'max', 'encoding_method': 'frequency', 'lr': 0.5909078064393817, 'max_features': 1.0, 'max_samples': 0.2, 'mu_minus': 0.9600000000000001, 'mu_plus': 0.76, 'n_estimators': 1, 'n_fields': None, 'neuron_model': 'iaf_psc_exp', 'ref_seq_interval': 4, 'resolution': 0.1, 'shift_minus': 0.0557185883771666, 'shift_plus': -0.20534040495970607, 'sigma_w': None, 'synapse_model': 'shifted_nn_restr_stdp_synapse', 't_ref': 0.0, 'tau_m': 10000000.0, 'tau_minus': 61.0, 'tau_plus': 181.0, 'tau_s': 0.0, 'time': 300, 'w_init': 0.0}
Score: 0.1030
100%|█████████▉| 449/450 [05:33<?, ?trial/s, best loss=?]                                                         Deleting files related to the current optimization iteration...
100%|█████████▉| 449/450 [05:33<?, ?trial/s, best loss=?]100%|██████████| 450/450 [05:33<00:00, 333.40s/trial, best loss: -0.20999999999999996]100%|██████████| 450/450 [05:33<00:00, 333.40s/trial, best loss: -0.20999999999999996]
100%|█████████▉| 450/451 [00:00<?, ?trial/s, best loss=?]                                                         Params: {'V_th': 10000, 'alpha': 6.565749938727851, 'decode_potentials': True, 'decoding_method': 'max', 'encoding_method': 'frequency', 'lr': 0.7822781401260156, 'max_features': 1.0, 'max_samples': 0.2, 'mu_minus': 0.66, 'mu_plus': 0.9600000000000001, 'n_estimators': 1, 'n_fields': None, 'neuron_model': 'iaf_psc_exp', 'ref_seq_interval': 10, 'resolution': 0.1, 'shift_minus': 0.1096264274749607, 'shift_plus': -0.3848107654116232, 'sigma_w': None, 'synapse_model': 'shifted_nn_restr_stdp_synapse', 't_ref': 0.0, 'tau_m': 10000000.0, 'tau_minus': 1.0, 'tau_plus': 121.0, 'tau_s': 0.0, 'time': 300, 'w_init': 0.0}
Score: 0.1000
100%|█████████▉| 450/451 [05:33<?, ?trial/s, best loss=?]                                                         Deleting files related to the current optimization iteration...
100%|█████████▉| 450/451 [05:33<?, ?trial/s, best loss=?]100%|██████████| 451/451 [05:33<00:00, 333.46s/trial, best loss: -0.20999999999999996]100%|██████████| 451/451 [05:33<00:00, 333.46s/trial, best loss: -0.20999999999999996]
100%|█████████▉| 451/452 [00:00<?, ?trial/s, best loss=?]                                                         Params: {'V_th': 10000, 'alpha': 13.646559372366005, 'decode_potentials': True, 'decoding_method': 'max', 'encoding_method': 'frequency', 'lr': 0.9327769713599688, 'max_features': 1.0, 'max_samples': 0.2, 'mu_minus': 0.46, 'mu_plus': 0.7100000000000001, 'n_estimators': 1, 'n_fields': None, 'neuron_model': 'iaf_psc_exp', 'ref_seq_interval': 8, 'resolution': 0.1, 'shift_minus': 0.07837067981061722, 'shift_plus': -0.10473928965322471, 'sigma_w': None, 'synapse_model': 'shifted_nn_restr_stdp_synapse', 't_ref': 0.0, 'tau_m': 10000000.0, 'tau_minus': 241.0, 'tau_plus': 141.0, 'tau_s': 0.0, 'time': 300, 'w_init': 0.0}
Score: 0.1010
100%|█████████▉| 451/452 [05:33<?, ?trial/s, best loss=?]                                                         Deleting files related to the current optimization iteration...
100%|█████████▉| 451/452 [05:33<?, ?trial/s, best loss=?]100%|██████████| 452/452 [05:33<00:00, 333.36s/trial, best loss: -0.20999999999999996]100%|██████████| 452/452 [05:33<00:00, 333.36s/trial, best loss: -0.20999999999999996]
100%|█████████▉| 452/453 [00:00<?, ?trial/s, best loss=?]                                                         Params: {'V_th': 10000, 'alpha': 7.781276265862366, 'decode_potentials': True, 'decoding_method': 'max', 'encoding_method': 'frequency', 'lr': 0.8209667704534209, 'max_features': 1.0, 'max_samples': 0.2, 'mu_minus': 0.41000000000000003, 'mu_plus': 0.31000000000000005, 'n_estimators': 1, 'n_fields': None, 'neuron_model': 'iaf_psc_exp', 'ref_seq_interval': 3, 'resolution': 0.1, 'shift_minus': 0.026495380253420592, 'shift_plus': -0.42795284592742555, 'sigma_w': None, 'synapse_model': 'shifted_nn_restr_stdp_synapse', 't_ref': 0.0, 'tau_m': 10000000.0, 'tau_minus': 221.0, 'tau_plus': 161.0, 'tau_s': 0.0, 'time': 300, 'w_init': 0.0}
Score: 0.0880
100%|█████████▉| 452/453 [05:33<?, ?trial/s, best loss=?]                                                         Deleting files related to the current optimization iteration...
100%|█████████▉| 452/453 [05:33<?, ?trial/s, best loss=?]100%|██████████| 453/453 [05:33<00:00, 333.35s/trial, best loss: -0.20999999999999996]100%|██████████| 453/453 [05:33<00:00, 333.35s/trial, best loss: -0.20999999999999996]
100%|█████████▉| 453/454 [00:00<?, ?trial/s, best loss=?]                                                         Params: {'V_th': 10000, 'alpha': 8.09060636649268, 'decode_potentials': True, 'decoding_method': 'max', 'encoding_method': 'frequency', 'lr': 0.863143058395683, 'max_features': 1.0, 'max_samples': 0.2, 'mu_minus': 0.6100000000000001, 'mu_plus': 0.56, 'n_estimators': 1, 'n_fields': None, 'neuron_model': 'iaf_psc_exp', 'ref_seq_interval': 7, 'resolution': 0.1, 'shift_minus': 0.009531906718865134, 'shift_plus': -0.2553342147227923, 'sigma_w': None, 'synapse_model': 'shifted_nn_restr_stdp_synapse', 't_ref': 0.0, 'tau_m': 10000000.0, 'tau_minus': 81.0, 'tau_plus': 1.0, 'tau_s': 0.0, 'time': 300, 'w_init': 0.0}
Score: 0.0990
100%|█████████▉| 453/454 [05:33<?, ?trial/s, best loss=?]                                                         Deleting files related to the current optimization iteration...
100%|█████████▉| 453/454 [05:33<?, ?trial/s, best loss=?]100%|██████████| 454/454 [05:33<00:00, 333.79s/trial, best loss: -0.20999999999999996]100%|██████████| 454/454 [05:33<00:00, 333.79s/trial, best loss: -0.20999999999999996]
100%|█████████▉| 454/455 [00:00<?, ?trial/s, best loss=?]                                                         Params: {'V_th': 10000, 'alpha': 8.259499179843363, 'decode_potentials': True, 'decoding_method': 'max', 'encoding_method': 'frequency', 'lr': 0.43734434331956895, 'max_features': 1.0, 'max_samples': 0.2, 'mu_minus': 0.11, 'mu_plus': 0.6100000000000001, 'n_estimators': 1, 'n_fields': None, 'neuron_model': 'iaf_psc_exp', 'ref_seq_interval': 4, 'resolution': 0.1, 'shift_minus': 0.0003596243230255565, 'shift_plus': -0.014728537958053733, 'sigma_w': None, 'synapse_model': 'shifted_nn_restr_stdp_synapse', 't_ref': 0.0, 'tau_m': 10000000.0, 'tau_minus': 61.0, 'tau_plus': 181.0, 'tau_s': 0.0, 'time': 300, 'w_init': 0.0}
Score: 0.3080
100%|█████████▉| 454/455 [05:33<?, ?trial/s, best loss=?]                                                         Deleting files related to the current optimization iteration...
100%|█████████▉| 454/455 [05:33<?, ?trial/s, best loss=?]100%|██████████| 455/455 [05:33<00:00, 333.58s/trial, best loss: -0.308]100%|██████████| 455/455 [05:33<00:00, 333.59s/trial, best loss: -0.308]
100%|█████████▉| 455/456 [00:00<?, ?trial/s, best loss=?]                                                         Params: {'V_th': 10000, 'alpha': 8.446876421665781, 'decode_potentials': True, 'decoding_method': 'max', 'encoding_method': 'frequency', 'lr': 0.42937146791966746, 'max_features': 1.0, 'max_samples': 0.2, 'mu_minus': 0.11, 'mu_plus': 0.6100000000000001, 'n_estimators': 1, 'n_fields': None, 'neuron_model': 'iaf_psc_exp', 'ref_seq_interval': 4, 'resolution': 0.1, 'shift_minus': 0.1866518823179549, 'shift_plus': -0.026036973321475115, 'sigma_w': None, 'synapse_model': 'shifted_nn_restr_stdp_synapse', 't_ref': 0.0, 'tau_m': 10000000.0, 'tau_minus': 61.0, 'tau_plus': 181.0, 'tau_s': 0.0, 'time': 300, 'w_init': 0.0}
Score: 0.1090
100%|█████████▉| 455/456 [05:33<?, ?trial/s, best loss=?]                                                         Deleting files related to the current optimization iteration...
100%|█████████▉| 455/456 [05:33<?, ?trial/s, best loss=?]100%|██████████| 456/456 [05:33<00:00, 333.33s/trial, best loss: -0.308]100%|██████████| 456/456 [05:33<00:00, 333.33s/trial, best loss: -0.308]
100%|█████████▉| 456/457 [00:00<?, ?trial/s, best loss=?]                                                         Params: {'V_th': 10000, 'alpha': 7.241451827462868, 'decode_potentials': True, 'decoding_method': 'max', 'encoding_method': 'frequency', 'lr': 0.3749356190025965, 'max_features': 1.0, 'max_samples': 0.2, 'mu_minus': 0.11, 'mu_plus': 0.6100000000000001, 'n_estimators': 1, 'n_fields': None, 'neuron_model': 'iaf_psc_exp', 'ref_seq_interval': 4, 'resolution': 0.1, 'shift_minus': 0.3339001465080683, 'shift_plus': -0.050642405367721216, 'sigma_w': None, 'synapse_model': 'shifted_nn_restr_stdp_synapse', 't_ref': 0.0, 'tau_m': 10000000.0, 'tau_minus': 61.0, 'tau_plus': 181.0, 'tau_s': 0.0, 'time': 300, 'w_init': 0.0}
Score: 0.1000
100%|█████████▉| 456/457 [05:33<?, ?trial/s, best loss=?]                                                         Deleting files related to the current optimization iteration...
100%|█████████▉| 456/457 [05:33<?, ?trial/s, best loss=?]100%|██████████| 457/457 [05:34<00:00, 334.02s/trial, best loss: -0.308]100%|██████████| 457/457 [05:34<00:00, 334.02s/trial, best loss: -0.308]
100%|█████████▉| 457/458 [00:00<?, ?trial/s, best loss=?]                                                         Params: {'V_th': 10000, 'alpha': 7.418845599425848, 'decode_potentials': True, 'decoding_method': 'max', 'encoding_method': 'frequency', 'lr': 0.3932701963923289, 'max_features': 1.0, 'max_samples': 0.2, 'mu_minus': 0.56, 'mu_plus': 0.8600000000000001, 'n_estimators': 1, 'n_fields': None, 'neuron_model': 'iaf_psc_exp', 'ref_seq_interval': 4, 'resolution': 0.1, 'shift_minus': 0.17469497650981966, 'shift_plus': -0.06315818374988572, 'sigma_w': None, 'synapse_model': 'shifted_nn_restr_stdp_synapse', 't_ref': 0.0, 'tau_m': 10000000.0, 'tau_minus': 61.0, 'tau_plus': 181.0, 'tau_s': 0.0, 'time': 300, 'w_init': 0.0}
Score: 0.1020
100%|█████████▉| 457/458 [05:34<?, ?trial/s, best loss=?]                                                         Deleting files related to the current optimization iteration...
100%|█████████▉| 457/458 [05:34<?, ?trial/s, best loss=?]100%|██████████| 458/458 [05:34<00:00, 334.81s/trial, best loss: -0.308]100%|██████████| 458/458 [05:34<00:00, 334.82s/trial, best loss: -0.308]
100%|█████████▉| 458/459 [00:00<?, ?trial/s, best loss=?]                                                         Params: {'V_th': 10000, 'alpha': 7.957385686393748, 'decode_potentials': True, 'decoding_method': 'max', 'encoding_method': 'frequency', 'lr': 0.3372646629148731, 'max_features': 1.0, 'max_samples': 0.2, 'mu_minus': 0.11, 'mu_plus': 0.060000000000000005, 'n_estimators': 1, 'n_fields': None, 'neuron_model': 'iaf_psc_exp', 'ref_seq_interval': 4, 'resolution': 0.1, 'shift_minus': 0.040985056850720215, 'shift_plus': -0.008439511281231373, 'sigma_w': None, 'synapse_model': 'shifted_nn_restr_stdp_synapse', 't_ref': 0.0, 'tau_m': 10000000.0, 'tau_minus': 141.0, 'tau_plus': 181.0, 'tau_s': 0.0, 'time': 300, 'w_init': 0.0}
Score: 0.1010
100%|█████████▉| 458/459 [05:33<?, ?trial/s, best loss=?]                                                         Deleting files related to the current optimization iteration...
100%|█████████▉| 458/459 [05:33<?, ?trial/s, best loss=?]100%|██████████| 459/459 [05:33<00:00, 333.44s/trial, best loss: -0.308]100%|██████████| 459/459 [05:33<00:00, 333.44s/trial, best loss: -0.308]
100%|█████████▉| 459/460 [00:00<?, ?trial/s, best loss=?]                                                         Params: {'V_th': 10000, 'alpha': 6.9388149687345875, 'decode_potentials': True, 'decoding_method': 'max', 'encoding_method': 'frequency', 'lr': 0.3575765716417647, 'max_features': 1.0, 'max_samples': 0.2, 'mu_minus': 0.11, 'mu_plus': 0.6100000000000001, 'n_estimators': 1, 'n_fields': None, 'neuron_model': 'iaf_psc_exp', 'ref_seq_interval': 4, 'resolution': 0.1, 'shift_minus': 0.027396594857199252, 'shift_plus': -0.014573145149716998, 'sigma_w': None, 'synapse_model': 'shifted_nn_restr_stdp_synapse', 't_ref': 0.0, 'tau_m': 10000000.0, 'tau_minus': 241.0, 'tau_plus': 141.0, 'tau_s': 0.0, 'time': 300, 'w_init': 0.0}
Score: 0.1170
100%|█████████▉| 459/460 [05:33<?, ?trial/s, best loss=?]                                                         Deleting files related to the current optimization iteration...
100%|█████████▉| 459/460 [05:33<?, ?trial/s, best loss=?]100%|██████████| 460/460 [05:33<00:00, 333.56s/trial, best loss: -0.308]100%|██████████| 460/460 [05:33<00:00, 333.56s/trial, best loss: -0.308]
100%|█████████▉| 460/461 [00:00<?, ?trial/s, best loss=?]                                                         Params: {'V_th': 10000, 'alpha': 83.01403520579892, 'decode_potentials': True, 'decoding_method': 'max', 'encoding_method': 'frequency', 'lr': 0.29825478835728575, 'max_features': 1.0, 'max_samples': 0.2, 'mu_minus': 0.11, 'mu_plus': 0.6100000000000001, 'n_estimators': 1, 'n_fields': None, 'neuron_model': 'iaf_psc_exp', 'ref_seq_interval': 4, 'resolution': 0.1, 'shift_minus': 0.43493859888851527, 'shift_plus': -0.03841425590213187, 'sigma_w': None, 'synapse_model': 'shifted_nn_restr_stdp_synapse', 't_ref': 0.0, 'tau_m': 10000000.0, 'tau_minus': 61.0, 'tau_plus': 181.0, 'tau_s': 0.0, 'time': 300, 'w_init': 0.0}
Score: 0.0990
100%|█████████▉| 460/461 [05:33<?, ?trial/s, best loss=?]                                                         Deleting files related to the current optimization iteration...
100%|█████████▉| 460/461 [05:33<?, ?trial/s, best loss=?]100%|██████████| 461/461 [05:33<00:00, 333.49s/trial, best loss: -0.308]100%|██████████| 461/461 [05:33<00:00, 333.49s/trial, best loss: -0.308]
100%|█████████▉| 461/462 [00:00<?, ?trial/s, best loss=?]                                                         Params: {'V_th': 10000, 'alpha': 7.589266932704655, 'decode_potentials': True, 'decoding_method': 'max', 'encoding_method': 'frequency', 'lr': 0.25939406257787706, 'max_features': 1.0, 'max_samples': 0.2, 'mu_minus': 0.11, 'mu_plus': 0.6100000000000001, 'n_estimators': 1, 'n_fields': None, 'neuron_model': 'iaf_psc_exp', 'ref_seq_interval': 4, 'resolution': 0.1, 'shift_minus': 0.22714120197912346, 'shift_plus': -0.0750823003420355, 'sigma_w': None, 'synapse_model': 'shifted_nn_restr_stdp_synapse', 't_ref': 0.0, 'tau_m': 10000000.0, 'tau_minus': 201.0, 'tau_plus': 21.0, 'tau_s': 0.0, 'time': 300, 'w_init': 0.0}
Score: 0.1010
100%|█████████▉| 461/462 [05:33<?, ?trial/s, best loss=?]                                                         Deleting files related to the current optimization iteration...
100%|█████████▉| 461/462 [05:33<?, ?trial/s, best loss=?]100%|██████████| 462/462 [05:33<00:00, 333.29s/trial, best loss: -0.308]100%|██████████| 462/462 [05:33<00:00, 333.29s/trial, best loss: -0.308]
100%|█████████▉| 462/463 [00:00<?, ?trial/s, best loss=?]                                                         Params: {'V_th': 10000, 'alpha': 8.156683565382345, 'decode_potentials': True, 'decoding_method': 'max', 'encoding_method': 'frequency', 'lr': 0.40908322102445127, 'max_features': 1.0, 'max_samples': 0.2, 'mu_minus': 0.11, 'mu_plus': 0.6100000000000001, 'n_estimators': 1, 'n_fields': None, 'neuron_model': 'iaf_psc_exp', 'ref_seq_interval': 4, 'resolution': 0.1, 'shift_minus': 0.06953503474399512, 'shift_plus': -0.1321570728151282, 'sigma_w': None, 'synapse_model': 'shifted_nn_restr_stdp_synapse', 't_ref': 0.0, 'tau_m': 10000000.0, 'tau_minus': 241.0, 'tau_plus': 141.0, 'tau_s': 0.0, 'time': 300, 'w_init': 0.0}
Score: 0.0990
100%|█████████▉| 462/463 [05:33<?, ?trial/s, best loss=?]                                                         Deleting files related to the current optimization iteration...
100%|█████████▉| 462/463 [05:33<?, ?trial/s, best loss=?]100%|██████████| 463/463 [05:33<00:00, 333.38s/trial, best loss: -0.308]100%|██████████| 463/463 [05:33<00:00, 333.38s/trial, best loss: -0.308]
100%|█████████▉| 463/464 [00:00<?, ?trial/s, best loss=?]                                                         Params: {'V_th': 10000, 'alpha': 8.2645552958754, 'decode_potentials': True, 'decoding_method': 'max', 'encoding_method': 'frequency', 'lr': 0.4281447758203448, 'max_features': 1.0, 'max_samples': 0.2, 'mu_minus': 0.11, 'mu_plus': 0.6100000000000001, 'n_estimators': 1, 'n_fields': None, 'neuron_model': 'iaf_psc_exp', 'ref_seq_interval': 4, 'resolution': 0.1, 'shift_minus': 0.3474070819386087, 'shift_plus': -0.002781415231967621, 'sigma_w': None, 'synapse_model': 'shifted_nn_restr_stdp_synapse', 't_ref': 0.0, 'tau_m': 10000000.0, 'tau_minus': 41.0, 'tau_plus': 241.0, 'tau_s': 0.0, 'time': 300, 'w_init': 0.0}
Score: 0.1080
100%|█████████▉| 463/464 [05:33<?, ?trial/s, best loss=?]                                                         Deleting files related to the current optimization iteration...
100%|█████████▉| 463/464 [05:33<?, ?trial/s, best loss=?]100%|██████████| 464/464 [05:33<00:00, 333.30s/trial, best loss: -0.308]100%|██████████| 464/464 [05:33<00:00, 333.30s/trial, best loss: -0.308]
100%|█████████▉| 464/465 [00:00<?, ?trial/s, best loss=?]                                                         Params: {'V_th': 10000, 'alpha': 7.102015067386127, 'decode_potentials': True, 'decoding_method': 'max', 'encoding_method': 'frequency', 'lr': 0.4725686288138653, 'max_features': 1.0, 'max_samples': 0.2, 'mu_minus': 0.11, 'mu_plus': 0.6100000000000001, 'n_estimators': 1, 'n_fields': None, 'neuron_model': 'iaf_psc_exp', 'ref_seq_interval': 4, 'resolution': 0.1, 'shift_minus': 0.00024179404788851177, 'shift_plus': -0.09110796503180245, 'sigma_w': None, 'synapse_model': 'shifted_nn_restr_stdp_synapse', 't_ref': 0.0, 'tau_m': 10000000.0, 'tau_minus': 61.0, 'tau_plus': 81.0, 'tau_s': 0.0, 'time': 300, 'w_init': 0.0}
Score: 0.2190
100%|█████████▉| 464/465 [05:33<?, ?trial/s, best loss=?]                                                         Deleting files related to the current optimization iteration...
100%|█████████▉| 464/465 [05:33<?, ?trial/s, best loss=?]100%|██████████| 465/465 [05:33<00:00, 333.23s/trial, best loss: -0.308]100%|██████████| 465/465 [05:33<00:00, 333.23s/trial, best loss: -0.308]
100%|█████████▉| 465/466 [00:00<?, ?trial/s, best loss=?]                                                         Params: {'V_th': 10000, 'alpha': 9.512050563540733, 'decode_potentials': True, 'decoding_method': 'max', 'encoding_method': 'frequency', 'lr': 0.44084535291260174, 'max_features': 1.0, 'max_samples': 0.2, 'mu_minus': 0.11, 'mu_plus': 0.6100000000000001, 'n_estimators': 1, 'n_fields': None, 'neuron_model': 'iaf_psc_exp', 'ref_seq_interval': 4, 'resolution': 0.1, 'shift_minus': 0.0953319817724094, 'shift_plus': -0.02884346476303125, 'sigma_w': None, 'synapse_model': 'shifted_nn_restr_stdp_synapse', 't_ref': 0.0, 'tau_m': 10000000.0, 'tau_minus': 241.0, 'tau_plus': 81.0, 'tau_s': 0.0, 'time': 300, 'w_init': 0.0}
Score: 0.1030
100%|█████████▉| 465/466 [05:33<?, ?trial/s, best loss=?]                                                         Deleting files related to the current optimization iteration...
100%|█████████▉| 465/466 [05:33<?, ?trial/s, best loss=?]100%|██████████| 466/466 [05:33<00:00, 333.52s/trial, best loss: -0.308]100%|██████████| 466/466 [05:33<00:00, 333.52s/trial, best loss: -0.308]
100%|█████████▉| 466/467 [00:00<?, ?trial/s, best loss=?]                                                         Params: {'V_th': 10000, 'alpha': 7.795053575863821, 'decode_potentials': True, 'decoding_method': 'max', 'encoding_method': 'frequency', 'lr': 0.4952085417509829, 'max_features': 1.0, 'max_samples': 0.2, 'mu_minus': 0.11, 'mu_plus': 0.6100000000000001, 'n_estimators': 1, 'n_fields': None, 'neuron_model': 'iaf_psc_exp', 'ref_seq_interval': 4, 'resolution': 0.1, 'shift_minus': 0.052653329422361665, 'shift_plus': -0.08697937030056849, 'sigma_w': None, 'synapse_model': 'shifted_nn_restr_stdp_synapse', 't_ref': 0.0, 'tau_m': 10000000.0, 'tau_minus': 121.0, 'tau_plus': 81.0, 'tau_s': 0.0, 'time': 300, 'w_init': 0.0}
Score: 0.0980
100%|█████████▉| 466/467 [05:33<?, ?trial/s, best loss=?]                                                         Deleting files related to the current optimization iteration...
100%|█████████▉| 466/467 [05:33<?, ?trial/s, best loss=?]100%|██████████| 467/467 [05:33<00:00, 333.41s/trial, best loss: -0.308]100%|██████████| 467/467 [05:33<00:00, 333.41s/trial, best loss: -0.308]
100%|█████████▉| 467/468 [00:00<?, ?trial/s, best loss=?]                                                         Params: {'V_th': 10000, 'alpha': 7.086478565145226, 'decode_potentials': True, 'decoding_method': 'max', 'encoding_method': 'frequency', 'lr': 0.5192209410877587, 'max_features': 1.0, 'max_samples': 0.2, 'mu_minus': 0.11, 'mu_plus': 0.6100000000000001, 'n_estimators': 1, 'n_fields': None, 'neuron_model': 'iaf_psc_exp', 'ref_seq_interval': 4, 'resolution': 0.1, 'shift_minus': 0.017732551206700625, 'shift_plus': -0.026077589217121833, 'sigma_w': None, 'synapse_model': 'shifted_nn_restr_stdp_synapse', 't_ref': 0.0, 'tau_m': 10000000.0, 'tau_minus': 161.0, 'tau_plus': 81.0, 'tau_s': 0.0, 'time': 300, 'w_init': 0.0}
Score: 0.1000
100%|█████████▉| 467/468 [05:33<?, ?trial/s, best loss=?]                                                         Deleting files related to the current optimization iteration...
100%|█████████▉| 467/468 [05:33<?, ?trial/s, best loss=?]100%|██████████| 468/468 [05:33<00:00, 333.44s/trial, best loss: -0.308]100%|██████████| 468/468 [05:33<00:00, 333.44s/trial, best loss: -0.308]
100%|█████████▉| 468/469 [00:00<?, ?trial/s, best loss=?]                                                         Params: {'V_th': 10000, 'alpha': 28.71223409551588, 'decode_potentials': True, 'decoding_method': 'max', 'encoding_method': 'frequency', 'lr': 0.475144782430517, 'max_features': 1.0, 'max_samples': 0.2, 'mu_minus': 0.11, 'mu_plus': 0.6100000000000001, 'n_estimators': 1, 'n_fields': None, 'neuron_model': 'iaf_psc_exp', 'ref_seq_interval': 6, 'resolution': 0.1, 'shift_minus': 0.298849807867015, 'shift_plus': -0.052305679502574705, 'sigma_w': None, 'synapse_model': 'shifted_nn_restr_stdp_synapse', 't_ref': 0.0, 'tau_m': 10000000.0, 'tau_minus': 1.0, 'tau_plus': 81.0, 'tau_s': 0.0, 'time': 300, 'w_init': 0.0}
Score: 0.1010
100%|█████████▉| 468/469 [05:33<?, ?trial/s, best loss=?]                                                         Deleting files related to the current optimization iteration...
100%|█████████▉| 468/469 [05:33<?, ?trial/s, best loss=?]100%|██████████| 469/469 [05:33<00:00, 333.47s/trial, best loss: -0.308]100%|██████████| 469/469 [05:33<00:00, 333.47s/trial, best loss: -0.308]
100%|█████████▉| 469/470 [00:00<?, ?trial/s, best loss=?]                                                         Params: {'V_th': 10000, 'alpha': 8.442513670828236, 'decode_potentials': True, 'decoding_method': 'max', 'encoding_method': 'frequency', 'lr': 0.45101820660128616, 'max_features': 1.0, 'max_samples': 0.2, 'mu_minus': 0.11, 'mu_plus': 0.6100000000000001, 'n_estimators': 1, 'n_fields': None, 'neuron_model': 'iaf_psc_exp', 'ref_seq_interval': 4, 'resolution': 0.1, 'shift_minus': 0.036911829561097856, 'shift_plus': -0.1052218801046109, 'sigma_w': None, 'synapse_model': 'shifted_nn_restr_stdp_synapse', 't_ref': 0.0, 'tau_m': 10000000.0, 'tau_minus': 241.0, 'tau_plus': 81.0, 'tau_s': 0.0, 'time': 300, 'w_init': 0.0}
Score: 0.0990
100%|█████████▉| 469/470 [05:33<?, ?trial/s, best loss=?]                                                         Deleting files related to the current optimization iteration...
100%|█████████▉| 469/470 [05:33<?, ?trial/s, best loss=?]100%|██████████| 470/470 [05:33<00:00, 333.81s/trial, best loss: -0.308]100%|██████████| 470/470 [05:33<00:00, 333.82s/trial, best loss: -0.308]
100%|█████████▉| 470/471 [00:00<?, ?trial/s, best loss=?]                                                         Params: {'V_th': 10000, 'alpha': 9.100857938284934, 'decode_potentials': True, 'decoding_method': 'max', 'encoding_method': 'frequency', 'lr': 0.4641885293606919, 'max_features': 1.0, 'max_samples': 0.2, 'mu_minus': 0.11, 'mu_plus': 0.6100000000000001, 'n_estimators': 1, 'n_fields': None, 'neuron_model': 'iaf_psc_exp', 'ref_seq_interval': 2, 'resolution': 0.1, 'shift_minus': 0.009333752396711656, 'shift_plus': -0.0014516525545791737, 'sigma_w': None, 'synapse_model': 'shifted_nn_restr_stdp_synapse', 't_ref': 0.0, 'tau_m': 10000000.0, 'tau_minus': 221.0, 'tau_plus': 81.0, 'tau_s': 0.0, 'time': 300, 'w_init': 0.0}
Score: 0.1600
100%|█████████▉| 470/471 [06:03<?, ?trial/s, best loss=?]                                                         Deleting files related to the current optimization iteration...
100%|█████████▉| 470/471 [06:03<?, ?trial/s, best loss=?]100%|██████████| 471/471 [06:03<00:00, 363.39s/trial, best loss: -0.308]100%|██████████| 471/471 [06:03<00:00, 363.39s/trial, best loss: -0.308]
100%|█████████▉| 471/472 [00:00<?, ?trial/s, best loss=?]                                                         Params: {'V_th': 10000, 'alpha': 8.564411343619627, 'decode_potentials': True, 'decoding_method': 'max', 'encoding_method': 'frequency', 'lr': 0.38706972431826014, 'max_features': 1.0, 'max_samples': 0.2, 'mu_minus': 0.11, 'mu_plus': 0.6100000000000001, 'n_estimators': 1, 'n_fields': None, 'neuron_model': 'iaf_psc_exp', 'ref_seq_interval': 9, 'resolution': 0.1, 'shift_minus': 0.06074668079994984, 'shift_plus': -0.06488128802225886, 'sigma_w': None, 'synapse_model': 'shifted_nn_restr_stdp_synapse', 't_ref': 0.0, 'tau_m': 10000000.0, 'tau_minus': 61.0, 'tau_plus': 81.0, 'tau_s': 0.0, 'time': 300, 'w_init': 0.0}
Score: 0.1030
100%|█████████▉| 471/472 [05:33<?, ?trial/s, best loss=?]                                                         Deleting files related to the current optimization iteration...
100%|█████████▉| 471/472 [05:33<?, ?trial/s, best loss=?]100%|██████████| 472/472 [05:33<00:00, 333.39s/trial, best loss: -0.308]100%|██████████| 472/472 [05:33<00:00, 333.39s/trial, best loss: -0.308]
100%|█████████▉| 472/473 [00:00<?, ?trial/s, best loss=?]                                                         Params: {'V_th': 10000, 'alpha': 7.42946668255041, 'decode_potentials': True, 'decoding_method': 'max', 'encoding_method': 'frequency', 'lr': 0.41326201430423326, 'max_features': 1.0, 'max_samples': 0.2, 'mu_minus': 0.11, 'mu_plus': 0.01, 'n_estimators': 1, 'n_fields': None, 'neuron_model': 'iaf_psc_exp', 'ref_seq_interval': 4, 'resolution': 0.1, 'shift_minus': 0.12006105482176664, 'shift_plus': -0.11512248697315436, 'sigma_w': None, 'synapse_model': 'shifted_nn_restr_stdp_synapse', 't_ref': 0.0, 'tau_m': 10000000.0, 'tau_minus': 141.0, 'tau_plus': 81.0, 'tau_s': 0.0, 'time': 300, 'w_init': 0.0}
Score: 0.1090
100%|█████████▉| 472/473 [05:33<?, ?trial/s, best loss=?]                                                         Deleting files related to the current optimization iteration...
100%|█████████▉| 472/473 [05:33<?, ?trial/s, best loss=?]100%|██████████| 473/473 [05:33<00:00, 333.32s/trial, best loss: -0.308]100%|██████████| 473/473 [05:33<00:00, 333.32s/trial, best loss: -0.308]
100%|█████████▉| 473/474 [00:00<?, ?trial/s, best loss=?]                                                         Params: {'V_th': 10000, 'alpha': 8.697546306547112, 'decode_potentials': True, 'decoding_method': 'max', 'encoding_method': 'frequency', 'lr': 0.32085370425734605, 'max_features': 1.0, 'max_samples': 0.2, 'mu_minus': 0.11, 'mu_plus': 0.6100000000000001, 'n_estimators': 1, 'n_fields': None, 'neuron_model': 'iaf_psc_exp', 'ref_seq_interval': 10, 'resolution': 0.1, 'shift_minus': 0.08485637140027216, 'shift_plus': -0.0013413373907867898, 'sigma_w': None, 'synapse_model': 'shifted_nn_restr_stdp_synapse', 't_ref': 0.0, 'tau_m': 10000000.0, 'tau_minus': 81.0, 'tau_plus': 81.0, 'tau_s': 0.0, 'time': 300, 'w_init': 0.0}
Score: 0.1080
100%|█████████▉| 473/474 [05:33<?, ?trial/s, best loss=?]                                                         Deleting files related to the current optimization iteration...
100%|█████████▉| 473/474 [05:33<?, ?trial/s, best loss=?]100%|██████████| 474/474 [05:33<00:00, 333.32s/trial, best loss: -0.308]100%|██████████| 474/474 [05:33<00:00, 333.32s/trial, best loss: -0.308]
100%|█████████▉| 474/475 [00:00<?, ?trial/s, best loss=?]                                                         Params: {'V_th': 10000, 'alpha': 6.480417081945151, 'decode_potentials': True, 'decoding_method': 'max', 'encoding_method': 'frequency', 'lr': 0.5110179139447691, 'max_features': 1.0, 'max_samples': 0.2, 'mu_minus': 0.31000000000000005, 'mu_plus': 0.91, 'n_estimators': 1, 'n_fields': None, 'neuron_model': 'iaf_psc_exp', 'ref_seq_interval': 4, 'resolution': 0.1, 'shift_minus': 0.0001732108448299379, 'shift_plus': -0.0915702165731366, 'sigma_w': None, 'synapse_model': 'shifted_nn_restr_stdp_synapse', 't_ref': 0.0, 'tau_m': 10000000.0, 'tau_minus': 241.0, 'tau_plus': 81.0, 'tau_s': 0.0, 'time': 300, 'w_init': 0.0}
Score: 0.2210
100%|█████████▉| 474/475 [05:33<?, ?trial/s, best loss=?]                                                         Deleting files related to the current optimization iteration...
100%|█████████▉| 474/475 [05:33<?, ?trial/s, best loss=?]100%|██████████| 475/475 [05:33<00:00, 333.34s/trial, best loss: -0.308]100%|██████████| 475/475 [05:33<00:00, 333.34s/trial, best loss: -0.308]
100%|█████████▉| 475/476 [00:00<?, ?trial/s, best loss=?]                                                         Params: {'V_th': 10000, 'alpha': 6.125645860648545, 'decode_potentials': True, 'decoding_method': 'max', 'encoding_method': 'frequency', 'lr': 0.2152960281637038, 'max_features': 1.0, 'max_samples': 0.2, 'mu_minus': 0.11, 'mu_plus': 0.91, 'n_estimators': 1, 'n_fields': None, 'neuron_model': 'iaf_psc_exp', 'ref_seq_interval': 4, 'resolution': 0.1, 'shift_minus': 0.046391305830362446, 'shift_plus': -0.04127861571782353, 'sigma_w': None, 'synapse_model': 'shifted_nn_restr_stdp_synapse', 't_ref': 0.0, 'tau_m': 10000000.0, 'tau_minus': 201.0, 'tau_plus': 81.0, 'tau_s': 0.0, 'time': 300, 'w_init': 0.0}
Score: 0.0930
100%|█████████▉| 475/476 [05:33<?, ?trial/s, best loss=?]                                                         Deleting files related to the current optimization iteration...
100%|█████████▉| 475/476 [05:33<?, ?trial/s, best loss=?]100%|██████████| 476/476 [05:33<00:00, 333.32s/trial, best loss: -0.308]100%|██████████| 476/476 [05:33<00:00, 333.32s/trial, best loss: -0.308]
100%|█████████▉| 476/477 [00:00<?, ?trial/s, best loss=?]                                                         Params: {'V_th': 10000, 'alpha': 2207.4979346954965, 'decode_potentials': True, 'decoding_method': 'max', 'encoding_method': 'frequency', 'lr': 0.5052882625749872, 'max_features': 1.0, 'max_samples': 0.2, 'mu_minus': 0.7100000000000001, 'mu_plus': 0.91, 'n_estimators': 1, 'n_fields': None, 'neuron_model': 'iaf_psc_exp', 'ref_seq_interval': 3, 'resolution': 0.1, 'shift_minus': 0.14524002916976117, 'shift_plus': -0.06683568291687733, 'sigma_w': None, 'synapse_model': 'shifted_nn_restr_stdp_synapse', 't_ref': 0.0, 'tau_m': 10000000.0, 'tau_minus': 241.0, 'tau_plus': 81.0, 'tau_s': 0.0, 'time': 300, 'w_init': 0.0}
Score: 0.1070
100%|█████████▉| 476/477 [05:33<?, ?trial/s, best loss=?]                                                         Deleting files related to the current optimization iteration...
100%|█████████▉| 476/477 [05:33<?, ?trial/s, best loss=?]100%|██████████| 477/477 [05:33<00:00, 333.57s/trial, best loss: -0.308]100%|██████████| 477/477 [05:33<00:00, 333.57s/trial, best loss: -0.308]
100%|█████████▉| 477/478 [00:00<?, ?trial/s, best loss=?]                                                         Params: {'V_th': 10000, 'alpha': 5.9070862362238215, 'decode_potentials': True, 'decoding_method': 'max', 'encoding_method': 'frequency', 'lr': 0.34580749789132426, 'max_features': 1.0, 'max_samples': 0.2, 'mu_minus': 0.91, 'mu_plus': 0.91, 'n_estimators': 1, 'n_fields': None, 'neuron_model': 'iaf_psc_exp', 'ref_seq_interval': 7, 'resolution': 0.1, 'shift_minus': 0.20754138744572076, 'shift_plus': -0.10162673657529842, 'sigma_w': None, 'synapse_model': 'shifted_nn_restr_stdp_synapse', 't_ref': 0.0, 'tau_m': 10000000.0, 'tau_minus': 61.0, 'tau_plus': 81.0, 'tau_s': 0.0, 'time': 300, 'w_init': 0.0}
Score: 0.1030
100%|█████████▉| 477/478 [05:33<?, ?trial/s, best loss=?]                                                         Deleting files related to the current optimization iteration...
100%|█████████▉| 477/478 [05:33<?, ?trial/s, best loss=?]100%|██████████| 478/478 [05:33<00:00, 333.52s/trial, best loss: -0.308]100%|██████████| 478/478 [05:33<00:00, 333.52s/trial, best loss: -0.308]
100%|█████████▉| 478/479 [00:00<?, ?trial/s, best loss=?]                                                         Params: {'V_th': 10000, 'alpha': 6.342070421185466, 'decode_potentials': True, 'decoding_method': 'max', 'encoding_method': 'frequency', 'lr': 0.4878750443642743, 'max_features': 1.0, 'max_samples': 0.2, 'mu_minus': 0.56, 'mu_plus': 0.91, 'n_estimators': 1, 'n_fields': None, 'neuron_model': 'iaf_psc_exp', 'ref_seq_interval': 4, 'resolution': 0.1, 'shift_minus': 0.026393272433929072, 'shift_plus': -0.09127071040669704, 'sigma_w': None, 'synapse_model': 'shifted_nn_restr_stdp_synapse', 't_ref': 0.0, 'tau_m': 10000000.0, 'tau_minus': 41.0, 'tau_plus': 81.0, 'tau_s': 0.0, 'time': 300, 'w_init': 0.0}
Score: 0.0960
100%|█████████▉| 478/479 [05:33<?, ?trial/s, best loss=?]                                                         Deleting files related to the current optimization iteration...
100%|█████████▉| 478/479 [05:33<?, ?trial/s, best loss=?]100%|██████████| 479/479 [05:33<00:00, 333.46s/trial, best loss: -0.308]100%|██████████| 479/479 [05:33<00:00, 333.46s/trial, best loss: -0.308]
100%|█████████▉| 479/480 [00:00<?, ?trial/s, best loss=?]                                                         Params: {'V_th': 10000, 'alpha': 5.473002085168323, 'decode_potentials': True, 'decoding_method': 'max', 'encoding_method': 'frequency', 'lr': 0.2789708556650682, 'max_features': 1.0, 'max_samples': 0.2, 'mu_minus': 0.16000000000000003, 'mu_plus': 0.91, 'n_estimators': 1, 'n_fields': None, 'neuron_model': 'iaf_psc_exp', 'ref_seq_interval': 4, 'resolution': 0.1, 'shift_minus': 0.240670335102256, 'shift_plus': -0.026804176036704444, 'sigma_w': None, 'synapse_model': 'shifted_nn_restr_stdp_synapse', 't_ref': 0.0, 'tau_m': 10000000.0, 'tau_minus': 241.0, 'tau_plus': 81.0, 'tau_s': 0.0, 'time': 300, 'w_init': 0.0}
Score: 0.1000
100%|█████████▉| 479/480 [05:33<?, ?trial/s, best loss=?]                                                         Deleting files related to the current optimization iteration...
100%|█████████▉| 479/480 [05:33<?, ?trial/s, best loss=?]100%|██████████| 480/480 [05:33<00:00, 333.35s/trial, best loss: -0.308]100%|██████████| 480/480 [05:33<00:00, 333.35s/trial, best loss: -0.308]
100%|█████████▉| 480/481 [00:00<?, ?trial/s, best loss=?]                                                         Params: {'V_th': 10000, 'alpha': 5.701638695533351, 'decode_potentials': True, 'decoding_method': 'max', 'encoding_method': 'frequency', 'lr': 0.3724575173448488, 'max_features': 1.0, 'max_samples': 0.2, 'mu_minus': 0.81, 'mu_plus': 0.91, 'n_estimators': 1, 'n_fields': None, 'neuron_model': 'iaf_psc_exp', 'ref_seq_interval': 6, 'resolution': 0.1, 'shift_minus': 0.01577179260038554, 'shift_plus': -0.9327011275858523, 'sigma_w': None, 'synapse_model': 'shifted_nn_restr_stdp_synapse', 't_ref': 0.0, 'tau_m': 10000000.0, 'tau_minus': 101.0, 'tau_plus': 81.0, 'tau_s': 0.0, 'time': 300, 'w_init': 0.0}
Score: 0.1250
100%|█████████▉| 480/481 [05:33<?, ?trial/s, best loss=?]                                                         Deleting files related to the current optimization iteration...
100%|█████████▉| 480/481 [05:33<?, ?trial/s, best loss=?]100%|██████████| 481/481 [05:33<00:00, 333.30s/trial, best loss: -0.308]100%|██████████| 481/481 [05:33<00:00, 333.30s/trial, best loss: -0.308]
100%|█████████▉| 481/482 [00:00<?, ?trial/s, best loss=?]                                                         Params: {'V_th': 10000, 'alpha': 6.672086491164383, 'decode_potentials': True, 'decoding_method': 'max', 'encoding_method': 'frequency', 'lr': 0.5316058937008856, 'max_features': 1.0, 'max_samples': 0.2, 'mu_minus': 0.21000000000000002, 'mu_plus': 0.91, 'n_estimators': 1, 'n_fields': None, 'neuron_model': 'iaf_psc_exp', 'ref_seq_interval': 4, 'resolution': 0.1, 'shift_minus': 0.4853662211002953, 'shift_plus': -0.07784720407015377, 'sigma_w': None, 'synapse_model': 'shifted_nn_restr_stdp_synapse', 't_ref': 0.0, 'tau_m': 10000000.0, 'tau_minus': 161.0, 'tau_plus': 81.0, 'tau_s': 0.0, 'time': 300, 'w_init': 0.0}
Score: 0.1040
100%|█████████▉| 481/482 [06:03<?, ?trial/s, best loss=?]                                                         Deleting files related to the current optimization iteration...
100%|█████████▉| 481/482 [06:03<?, ?trial/s, best loss=?]100%|██████████| 482/482 [06:03<00:00, 363.39s/trial, best loss: -0.308]100%|██████████| 482/482 [06:03<00:00, 363.39s/trial, best loss: -0.308]
100%|█████████▉| 482/483 [00:00<?, ?trial/s, best loss=?]                                                         Params: {'V_th': 10000, 'alpha': 6.559519980837801, 'decode_potentials': True, 'decoding_method': 'max', 'encoding_method': 'frequency', 'lr': 0.4636013870977864, 'max_features': 1.0, 'max_samples': 0.2, 'mu_minus': 0.11, 'mu_plus': 0.91, 'n_estimators': 1, 'n_fields': None, 'neuron_model': 'iaf_psc_exp', 'ref_seq_interval': 2, 'resolution': 0.1, 'shift_minus': 0.07173087277451168, 'shift_plus': -0.13941899112490852, 'sigma_w': None, 'synapse_model': 'shifted_nn_restr_stdp_synapse', 't_ref': 0.0, 'tau_m': 10000000.0, 'tau_minus': 61.0, 'tau_plus': 81.0, 'tau_s': 0.0, 'time': 300, 'w_init': 0.0}
Score: 0.0960
100%|█████████▉| 482/483 [06:03<?, ?trial/s, best loss=?]                                                         Deleting files related to the current optimization iteration...
100%|█████████▉| 482/483 [06:03<?, ?trial/s, best loss=?]100%|██████████| 483/483 [06:03<00:00, 363.26s/trial, best loss: -0.308]100%|██████████| 483/483 [06:03<00:00, 363.26s/trial, best loss: -0.308]
100%|█████████▉| 483/484 [00:00<?, ?trial/s, best loss=?]                                                         Params: {'V_th': 10000, 'alpha': 6.059379963973004, 'decode_potentials': True, 'decoding_method': 'max', 'encoding_method': 'frequency', 'lr': 0.4448627900974059, 'max_features': 1.0, 'max_samples': 0.2, 'mu_minus': 0.31000000000000005, 'mu_plus': 0.6100000000000001, 'n_estimators': 1, 'n_fields': None, 'neuron_model': 'iaf_psc_exp', 'ref_seq_interval': 4, 'resolution': 0.1, 'shift_minus': 0.03473913747404089, 'shift_plus': -0.15017578804113382, 'sigma_w': None, 'synapse_model': 'shifted_nn_restr_stdp_synapse', 't_ref': 0.0, 'tau_m': 10000000.0, 'tau_minus': 121.0, 'tau_plus': 81.0, 'tau_s': 0.0, 'time': 300, 'w_init': 0.0}
Score: 0.1060
100%|█████████▉| 483/484 [05:33<?, ?trial/s, best loss=?]                                                         Deleting files related to the current optimization iteration...
100%|█████████▉| 483/484 [05:33<?, ?trial/s, best loss=?]100%|██████████| 484/484 [05:33<00:00, 333.36s/trial, best loss: -0.308]100%|██████████| 484/484 [05:33<00:00, 333.36s/trial, best loss: -0.308]
100%|█████████▉| 484/485 [00:00<?, ?trial/s, best loss=?]                                                         Params: {'V_th': 10000, 'alpha': 315.03379981021874, 'decode_potentials': True, 'decoding_method': 'max', 'encoding_method': 'frequency', 'lr': 0.4146578578436969, 'max_features': 1.0, 'max_samples': 0.2, 'mu_minus': 0.26, 'mu_plus': 0.6100000000000001, 'n_estimators': 1, 'n_fields': None, 'neuron_model': 'iaf_psc_exp', 'ref_seq_interval': 9, 'resolution': 0.1, 'shift_minus': 0.06321563709696623, 'shift_plus': -0.05242195656492878, 'sigma_w': None, 'synapse_model': 'shifted_nn_restr_stdp_synapse', 't_ref': 0.0, 'tau_m': 10000000.0, 'tau_minus': 241.0, 'tau_plus': 81.0, 'tau_s': 0.0, 'time': 300, 'w_init': 0.0}
Score: 0.1000
100%|█████████▉| 484/485 [05:33<?, ?trial/s, best loss=?]                                                         Deleting files related to the current optimization iteration...
100%|█████████▉| 484/485 [05:33<?, ?trial/s, best loss=?]100%|██████████| 485/485 [05:33<00:00, 333.47s/trial, best loss: -0.308]100%|██████████| 485/485 [05:33<00:00, 333.47s/trial, best loss: -0.308]
100%|█████████▉| 485/486 [00:00<?, ?trial/s, best loss=?]                                                         Params: {'V_th': 10000, 'alpha': 5.6575894659146515, 'decode_potentials': True, 'decoding_method': 'max', 'encoding_method': 'frequency', 'lr': 0.5593225481582657, 'max_features': 1.0, 'max_samples': 0.2, 'mu_minus': 0.51, 'mu_plus': 0.91, 'n_estimators': 1, 'n_fields': None, 'neuron_model': 'iaf_psc_exp', 'ref_seq_interval': 4, 'resolution': 0.1, 'shift_minus': 0.052638018025672834, 'shift_plus': -0.005685661612549048, 'sigma_w': None, 'synapse_model': 'shifted_nn_restr_stdp_synapse', 't_ref': 0.0, 'tau_m': 10000000.0, 'tau_minus': 221.0, 'tau_plus': 81.0, 'tau_s': 0.0, 'time': 300, 'w_init': 0.0}
Score: 0.1160
100%|█████████▉| 485/486 [05:33<?, ?trial/s, best loss=?]                                                         Deleting files related to the current optimization iteration...
100%|█████████▉| 485/486 [05:33<?, ?trial/s, best loss=?]100%|██████████| 486/486 [05:33<00:00, 333.40s/trial, best loss: -0.308]100%|██████████| 486/486 [05:33<00:00, 333.40s/trial, best loss: -0.308]
100%|█████████▉| 486/487 [00:00<?, ?trial/s, best loss=?]                                                         Params: {'V_th': 10000, 'alpha': 7.119958034120718, 'decode_potentials': True, 'decoding_method': 'max', 'encoding_method': 'frequency', 'lr': 0.3035423757168185, 'max_features': 1.0, 'max_samples': 0.2, 'mu_minus': 0.01, 'mu_plus': 0.6100000000000001, 'n_estimators': 1, 'n_fields': None, 'neuron_model': 'iaf_psc_exp', 'ref_seq_interval': 10, 'resolution': 0.1, 'shift_minus': 0.008981404212731981, 'shift_plus': -0.11868725755200038, 'sigma_w': None, 'synapse_model': 'shifted_nn_restr_stdp_synapse', 't_ref': 0.0, 'tau_m': 10000000.0, 'tau_minus': 1.0, 'tau_plus': 81.0, 'tau_s': 0.0, 'time': 300, 'w_init': 0.0}
Score: 0.0980
100%|█████████▉| 486/487 [05:33<?, ?trial/s, best loss=?]                                                         Deleting files related to the current optimization iteration...
100%|█████████▉| 486/487 [05:33<?, ?trial/s, best loss=?]100%|██████████| 487/487 [05:33<00:00, 333.42s/trial, best loss: -0.308]100%|██████████| 487/487 [05:33<00:00, 333.42s/trial, best loss: -0.308]
100%|█████████▉| 487/488 [00:00<?, ?trial/s, best loss=?]                                                         Params: {'V_th': 10000, 'alpha': 6.40617880142706, 'decode_potentials': True, 'decoding_method': 'max', 'encoding_method': 'frequency', 'lr': 0.512884805637915, 'max_features': 1.0, 'max_samples': 0.2, 'mu_minus': 0.66, 'mu_plus': 0.56, 'n_estimators': 1, 'n_fields': None, 'neuron_model': 'iaf_psc_exp', 'ref_seq_interval': 4, 'resolution': 0.1, 'shift_minus': 0.00037006721966824363, 'shift_plus': -0.08732784994511952, 'sigma_w': None, 'synapse_model': 'shifted_nn_restr_stdp_synapse', 't_ref': 0.0, 'tau_m': 10000000.0, 'tau_minus': 81.0, 'tau_plus': 261.0, 'tau_s': 0.0, 'time': 300, 'w_init': 0.0}
Score: 0.1330
100%|█████████▉| 487/488 [05:33<?, ?trial/s, best loss=?]                                                         Deleting files related to the current optimization iteration...
100%|█████████▉| 487/488 [05:33<?, ?trial/s, best loss=?]100%|██████████| 488/488 [05:33<00:00, 333.35s/trial, best loss: -0.308]100%|██████████| 488/488 [05:33<00:00, 333.35s/trial, best loss: -0.308]
100%|█████████▉| 488/489 [00:00<?, ?trial/s, best loss=?]                                                         Params: {'V_th': 10000, 'alpha': 5.9189787733754065, 'decode_potentials': True, 'decoding_method': 'max', 'encoding_method': 'frequency', 'lr': 0.5341510476621684, 'max_features': 1.0, 'max_samples': 0.2, 'mu_minus': 0.56, 'mu_plus': 0.41000000000000003, 'n_estimators': 1, 'n_fields': None, 'neuron_model': 'iaf_psc_exp', 'ref_seq_interval': 4, 'resolution': 0.1, 'shift_minus': 0.018477957753333937, 'shift_plus': -0.02022711122733184, 'sigma_w': None, 'synapse_model': 'shifted_nn_restr_stdp_synapse', 't_ref': 0.0, 'tau_m': 10000000.0, 'tau_minus': 61.0, 'tau_plus': 201.0, 'tau_s': 0.0, 'time': 300, 'w_init': 0.0}
Score: 0.1060
100%|█████████▉| 488/489 [05:33<?, ?trial/s, best loss=?]                                                         Deleting files related to the current optimization iteration...
100%|█████████▉| 488/489 [05:33<?, ?trial/s, best loss=?]100%|██████████| 489/489 [05:33<00:00, 333.35s/trial, best loss: -0.308]100%|██████████| 489/489 [05:33<00:00, 333.35s/trial, best loss: -0.308]
100%|█████████▉| 489/490 [00:00<?, ?trial/s, best loss=?]                                                         Params: {'V_th': 10000, 'alpha': 6.9186332163792725, 'decode_potentials': True, 'decoding_method': 'max', 'encoding_method': 'frequency', 'lr': 0.3909657475408099, 'max_features': 1.0, 'max_samples': 0.2, 'mu_minus': 0.46, 'mu_plus': 0.21000000000000002, 'n_estimators': 1, 'n_fields': None, 'neuron_model': 'iaf_psc_exp', 'ref_seq_interval': 3, 'resolution': 0.1, 'shift_minus': 0.00015436506871419742, 'shift_plus': -0.0002967953446623237, 'sigma_w': None, 'synapse_model': 'shifted_nn_restr_stdp_synapse', 't_ref': 0.0, 'tau_m': 10000000.0, 'tau_minus': 141.0, 'tau_plus': 81.0, 'tau_s': 0.0, 'time': 300, 'w_init': 0.0}
Score: 0.4310
100%|█████████▉| 489/490 [05:33<?, ?trial/s, best loss=?]                                                         Deleting files related to the current optimization iteration...
100%|█████████▉| 489/490 [05:33<?, ?trial/s, best loss=?]100%|██████████| 490/490 [05:33<00:00, 333.35s/trial, best loss: -0.43099999999999994]100%|██████████| 490/490 [05:33<00:00, 333.35s/trial, best loss: -0.43099999999999994]
100%|█████████▉| 490/491 [00:00<?, ?trial/s, best loss=?]                                                         Params: {'V_th': 10000, 'alpha': 5.257353262870732, 'decode_potentials': True, 'decoding_method': 'max', 'encoding_method': 'frequency', 'lr': 0.32810158208220197, 'max_features': 1.0, 'max_samples': 0.2, 'mu_minus': 0.46, 'mu_plus': 0.21000000000000002, 'n_estimators': 1, 'n_fields': None, 'neuron_model': 'iaf_psc_exp', 'ref_seq_interval': 3, 'resolution': 0.1, 'shift_minus': 0.0980398781528922, 'shift_plus': -0.03872451013636985, 'sigma_w': None, 'synapse_model': 'shifted_nn_restr_stdp_synapse', 't_ref': 0.0, 'tau_m': 10000000.0, 'tau_minus': 141.0, 'tau_plus': 81.0, 'tau_s': 0.0, 'time': 300, 'w_init': 0.0}
Score: 0.1090
100%|█████████▉| 490/491 [05:33<?, ?trial/s, best loss=?]                                                         Deleting files related to the current optimization iteration...
100%|█████████▉| 490/491 [05:33<?, ?trial/s, best loss=?]100%|██████████| 491/491 [05:33<00:00, 333.35s/trial, best loss: -0.43099999999999994]100%|██████████| 491/491 [05:33<00:00, 333.35s/trial, best loss: -0.43099999999999994]
100%|█████████▉| 491/492 [00:00<?, ?trial/s, best loss=?]                                                         Params: {'V_th': 10000, 'alpha': 6.781372575768756, 'decode_potentials': True, 'decoding_method': 'max', 'encoding_method': 'frequency', 'lr': 0.36458557366571875, 'max_features': 1.0, 'max_samples': 0.2, 'mu_minus': 0.46, 'mu_plus': 0.21000000000000002, 'n_estimators': 1, 'n_fields': None, 'neuron_model': 'iaf_psc_exp', 'ref_seq_interval': 3, 'resolution': 0.1, 'shift_minus': 0.08146577324022236, 'shift_plus': -0.0002222207924285069, 'sigma_w': None, 'synapse_model': 'shifted_nn_restr_stdp_synapse', 't_ref': 0.0, 'tau_m': 10000000.0, 'tau_minus': 141.0, 'tau_plus': 81.0, 'tau_s': 0.0, 'time': 300, 'w_init': 0.0}
Score: 0.1040
100%|█████████▉| 491/492 [05:33<?, ?trial/s, best loss=?]                                                         Deleting files related to the current optimization iteration...
100%|█████████▉| 491/492 [05:33<?, ?trial/s, best loss=?]100%|██████████| 492/492 [05:33<00:00, 333.24s/trial, best loss: -0.43099999999999994]100%|██████████| 492/492 [05:33<00:00, 333.24s/trial, best loss: -0.43099999999999994]
100%|█████████▉| 492/493 [00:00<?, ?trial/s, best loss=?]                                                         Params: {'V_th': 10000, 'alpha': 135.5039782629701, 'decode_potentials': True, 'decoding_method': 'max', 'encoding_method': 'frequency', 'lr': 0.3439736908044647, 'max_features': 1.0, 'max_samples': 0.2, 'mu_minus': 0.46, 'mu_plus': 0.21000000000000002, 'n_estimators': 1, 'n_fields': None, 'neuron_model': 'iaf_psc_exp', 'ref_seq_interval': 3, 'resolution': 0.1, 'shift_minus': 0.036635395688374615, 'shift_plus': -0.023385783982091277, 'sigma_w': None, 'synapse_model': 'shifted_nn_restr_stdp_synapse', 't_ref': 0.0, 'tau_m': 10000000.0, 'tau_minus': 141.0, 'tau_plus': 81.0, 'tau_s': 0.0, 'time': 300, 'w_init': 0.0}
Score: 0.1010
100%|█████████▉| 492/493 [06:03<?, ?trial/s, best loss=?]                                                         Deleting files related to the current optimization iteration...
100%|█████████▉| 492/493 [06:03<?, ?trial/s, best loss=?]100%|██████████| 493/493 [06:03<00:00, 363.37s/trial, best loss: -0.43099999999999994]100%|██████████| 493/493 [06:03<00:00, 363.37s/trial, best loss: -0.43099999999999994]
100%|█████████▉| 493/494 [00:00<?, ?trial/s, best loss=?]                                                         Params: {'V_th': 10000, 'alpha': 6.124116275079004, 'decode_potentials': True, 'decoding_method': 'max', 'encoding_method': 'frequency', 'lr': 0.23852977417416818, 'max_features': 1.0, 'max_samples': 0.2, 'mu_minus': 0.46, 'mu_plus': 0.91, 'n_estimators': 1, 'n_fields': None, 'neuron_model': 'iaf_psc_exp', 'ref_seq_interval': 3, 'resolution': 0.1, 'shift_minus': 0.11248733417991438, 'shift_plus': -0.06941668245574499, 'sigma_w': None, 'synapse_model': 'shifted_nn_restr_stdp_synapse', 't_ref': 0.0, 'tau_m': 10000000.0, 'tau_minus': 141.0, 'tau_plus': 81.0, 'tau_s': 0.0, 'time': 300, 'w_init': 0.0}
Score: 0.0970
100%|█████████▉| 493/494 [06:03<?, ?trial/s, best loss=?]                                                         Deleting files related to the current optimization iteration...
100%|█████████▉| 493/494 [06:03<?, ?trial/s, best loss=?]100%|██████████| 494/494 [06:03<00:00, 363.69s/trial, best loss: -0.43099999999999994]100%|██████████| 494/494 [06:03<00:00, 363.69s/trial, best loss: -0.43099999999999994]
100%|█████████▉| 494/495 [00:00<?, ?trial/s, best loss=?]                                                         Params: {'V_th': 10000, 'alpha': 5.615995035658819, 'decode_potentials': True, 'decoding_method': 'max', 'encoding_method': 'frequency', 'lr': 0.3987790382027033, 'max_features': 1.0, 'max_samples': 0.2, 'mu_minus': 0.46, 'mu_plus': 0.21000000000000002, 'n_estimators': 1, 'n_fields': None, 'neuron_model': 'iaf_psc_exp', 'ref_seq_interval': 3, 'resolution': 0.1, 'shift_minus': 0.02826963013961723, 'shift_plus': -0.006006761948011327, 'sigma_w': None, 'synapse_model': 'shifted_nn_restr_stdp_synapse', 't_ref': 0.0, 'tau_m': 10000000.0, 'tau_minus': 141.0, 'tau_plus': 81.0, 'tau_s': 0.0, 'time': 300, 'w_init': 0.0}
Score: 0.1080
100%|█████████▉| 494/495 [06:03<?, ?trial/s, best loss=?]                                                         Deleting files related to the current optimization iteration...
100%|█████████▉| 494/495 [06:03<?, ?trial/s, best loss=?]100%|██████████| 495/495 [06:03<00:00, 363.44s/trial, best loss: -0.43099999999999994]100%|██████████| 495/495 [06:03<00:00, 363.44s/trial, best loss: -0.43099999999999994]
100%|█████████▉| 495/496 [00:00<?, ?trial/s, best loss=?]                                                         Params: {'V_th': 10000, 'alpha': 5.3754212755575415, 'decode_potentials': True, 'decoding_method': 'max', 'encoding_method': 'frequency', 'lr': 0.281706298139797, 'max_features': 1.0, 'max_samples': 0.2, 'mu_minus': 0.46, 'mu_plus': 0.21000000000000002, 'n_estimators': 1, 'n_fields': None, 'neuron_model': 'iaf_psc_exp', 'ref_seq_interval': 3, 'resolution': 0.1, 'shift_minus': 0.1292276306849244, 'shift_plus': -0.053731055423399364, 'sigma_w': None, 'synapse_model': 'shifted_nn_restr_stdp_synapse', 't_ref': 0.0, 'tau_m': 10000000.0, 'tau_minus': 141.0, 'tau_plus': 81.0, 'tau_s': 0.0, 'time': 300, 'w_init': 0.0}
Score: 0.0980
100%|█████████▉| 495/496 [06:03<?, ?trial/s, best loss=?]                                                         Deleting files related to the current optimization iteration...
100%|█████████▉| 495/496 [06:03<?, ?trial/s, best loss=?]100%|██████████| 496/496 [06:03<00:00, 363.53s/trial, best loss: -0.43099999999999994]100%|██████████| 496/496 [06:03<00:00, 363.53s/trial, best loss: -0.43099999999999994]
100%|█████████▉| 496/497 [00:00<?, ?trial/s, best loss=?]                                                         Params: {'V_th': 10000, 'alpha': 6.978499069074342, 'decode_potentials': True, 'decoding_method': 'max', 'encoding_method': 'frequency', 'lr': 0.17652689438340824, 'max_features': 1.0, 'max_samples': 0.2, 'mu_minus': 0.46, 'mu_plus': 0.21000000000000002, 'n_estimators': 1, 'n_fields': None, 'neuron_model': 'iaf_psc_exp', 'ref_seq_interval': 3, 'resolution': 0.1, 'shift_minus': 0.04771651401524887, 'shift_plus': -0.03540274699092053, 'sigma_w': None, 'synapse_model': 'shifted_nn_restr_stdp_synapse', 't_ref': 0.0, 'tau_m': 10000000.0, 'tau_minus': 141.0, 'tau_plus': 81.0, 'tau_s': 0.0, 'time': 300, 'w_init': 0.0}
Score: 0.0970
100%|█████████▉| 496/497 [05:33<?, ?trial/s, best loss=?]                                                         Deleting files related to the current optimization iteration...
100%|█████████▉| 496/497 [05:33<?, ?trial/s, best loss=?]100%|██████████| 497/497 [05:33<00:00, 333.84s/trial, best loss: -0.43099999999999994]100%|██████████| 497/497 [05:33<00:00, 333.84s/trial, best loss: -0.43099999999999994]
100%|█████████▉| 497/498 [00:00<?, ?trial/s, best loss=?]                                                         Params: {'V_th': 10000, 'alpha': 7.27498924378492, 'decode_potentials': True, 'decoding_method': 'max', 'encoding_method': 'frequency', 'lr': 0.4371965900235832, 'max_features': 1.0, 'max_samples': 0.2, 'mu_minus': 0.41000000000000003, 'mu_plus': 0.21000000000000002, 'n_estimators': 1, 'n_fields': None, 'neuron_model': 'iaf_psc_exp', 'ref_seq_interval': 3, 'resolution': 0.1, 'shift_minus': 0.021424229781568806, 'shift_plus': -0.08173697415598118, 'sigma_w': None, 'synapse_model': 'shifted_nn_restr_stdp_synapse', 't_ref': 0.0, 'tau_m': 10000000.0, 'tau_minus': 141.0, 'tau_plus': 81.0, 'tau_s': 0.0, 'time': 300, 'w_init': 0.0}
Score: 0.1080
100%|█████████▉| 497/498 [06:03<?, ?trial/s, best loss=?]                                                         Deleting files related to the current optimization iteration...
100%|█████████▉| 497/498 [06:03<?, ?trial/s, best loss=?]100%|██████████| 498/498 [06:03<00:00, 363.44s/trial, best loss: -0.43099999999999994]100%|██████████| 498/498 [06:03<00:00, 363.44s/trial, best loss: -0.43099999999999994]
100%|█████████▉| 498/499 [00:00<?, ?trial/s, best loss=?]                                                         Params: {'V_th': 10000, 'alpha': 6.517945619388505, 'decode_potentials': True, 'decoding_method': 'max', 'encoding_method': 'frequency', 'lr': 0.38179648077627426, 'max_features': 1.0, 'max_samples': 0.2, 'mu_minus': 0.31000000000000005, 'mu_plus': 0.21000000000000002, 'n_estimators': 1, 'n_fields': None, 'neuron_model': 'iaf_psc_exp', 'ref_seq_interval': 3, 'resolution': 0.1, 'shift_minus': 0.06691986442969923, 'shift_plus': -0.0007357634317320615, 'sigma_w': None, 'synapse_model': 'shifted_nn_restr_stdp_synapse', 't_ref': 0.0, 'tau_m': 10000000.0, 'tau_minus': 141.0, 'tau_plus': 81.0, 'tau_s': 0.0, 'time': 300, 'w_init': 0.0}
Score: 0.1140
100%|█████████▉| 498/499 [05:33<?, ?trial/s, best loss=?]                                                         Deleting files related to the current optimization iteration...
100%|█████████▉| 498/499 [05:33<?, ?trial/s, best loss=?]100%|██████████| 499/499 [05:33<00:00, 333.21s/trial, best loss: -0.43099999999999994]100%|██████████| 499/499 [05:33<00:00, 333.22s/trial, best loss: -0.43099999999999994]
100%|█████████▉| 499/500 [00:00<?, ?trial/s, best loss=?]                                                         Params: {'V_th': 10000, 'alpha': 6.183132706002338, 'decode_potentials': True, 'decoding_method': 'max', 'encoding_method': 'frequency', 'lr': 0.4224461650697069, 'max_features': 1.0, 'max_samples': 0.2, 'mu_minus': 0.46, 'mu_plus': 0.21000000000000002, 'n_estimators': 1, 'n_fields': None, 'neuron_model': 'iaf_psc_exp', 'ref_seq_interval': 3, 'resolution': 0.1, 'shift_minus': 0.3777087893591174, 'shift_plus': -0.12081352097300319, 'sigma_w': None, 'synapse_model': 'shifted_nn_restr_stdp_synapse', 't_ref': 0.0, 'tau_m': 10000000.0, 'tau_minus': 141.0, 'tau_plus': 81.0, 'tau_s': 0.0, 'time': 300, 'w_init': 0.0}
Score: 0.1040
100%|█████████▉| 499/500 [05:33<?, ?trial/s, best loss=?]                                                         Deleting files related to the current optimization iteration...
100%|█████████▉| 499/500 [05:33<?, ?trial/s, best loss=?]100%|██████████| 500/500 [05:33<00:00, 333.35s/trial, best loss: -0.43099999999999994]100%|██████████| 500/500 [05:33<00:00, 333.35s/trial, best loss: -0.43099999999999994]
100%|█████████▉| 500/501 [00:00<?, ?trial/s, best loss=?]                                                         Params: {'V_th': 10000, 'alpha': 603.9663547217817, 'decode_potentials': True, 'decoding_method': 'max', 'encoding_method': 'frequency', 'lr': 0.44766548616406865, 'max_features': 1.0, 'max_samples': 0.2, 'mu_minus': 0.11, 'mu_plus': 0.51, 'n_estimators': 1, 'n_fields': None, 'neuron_model': 'iaf_psc_exp', 'ref_seq_interval': 3, 'resolution': 0.1, 'shift_minus': 0.08734750483559761, 'shift_plus': -0.05057636372344246, 'sigma_w': None, 'synapse_model': 'shifted_nn_restr_stdp_synapse', 't_ref': 0.0, 'tau_m': 10000000.0, 'tau_minus': 141.0, 'tau_plus': 121.0, 'tau_s': 0.0, 'time': 300, 'w_init': 0.0}
Score: 0.1010
100%|█████████▉| 500/501 [05:33<?, ?trial/s, best loss=?]                                                         Deleting files related to the current optimization iteration...
100%|█████████▉| 500/501 [05:33<?, ?trial/s, best loss=?]100%|██████████| 501/501 [05:33<00:00, 333.43s/trial, best loss: -0.43099999999999994]100%|██████████| 501/501 [05:33<00:00, 333.43s/trial, best loss: -0.43099999999999994]
100%|█████████▉| 501/502 [00:00<?, ?trial/s, best loss=?]                                                         Params: {'V_th': 10000, 'alpha': 5.87595449515075, 'decode_potentials': True, 'decoding_method': 'max', 'encoding_method': 'frequency', 'lr': 0.4691133842780403, 'max_features': 1.0, 'max_samples': 0.2, 'mu_minus': 0.46, 'mu_plus': 0.66, 'n_estimators': 1, 'n_fields': None, 'neuron_model': 'iaf_psc_exp', 'ref_seq_interval': 3, 'resolution': 0.1, 'shift_minus': 0.0421082709468266, 'shift_plus': -0.10105380127880292, 'sigma_w': None, 'synapse_model': 'shifted_nn_restr_stdp_synapse', 't_ref': 0.0, 'tau_m': 10000000.0, 'tau_minus': 141.0, 'tau_plus': 1.0, 'tau_s': 0.0, 'time': 300, 'w_init': 0.0}
Score: 0.1020
100%|█████████▉| 501/502 [05:33<?, ?trial/s, best loss=?]                                                         Deleting files related to the current optimization iteration...
100%|█████████▉| 501/502 [05:33<?, ?trial/s, best loss=?]100%|██████████| 502/502 [05:33<00:00, 333.43s/trial, best loss: -0.43099999999999994]100%|██████████| 502/502 [05:33<00:00, 333.43s/trial, best loss: -0.43099999999999994]
100%|█████████▉| 502/503 [00:00<?, ?trial/s, best loss=?]                                                         Params: {'V_th': 10000, 'alpha': 7.617417681385381, 'decode_potentials': True, 'decoding_method': 'max', 'encoding_method': 'frequency', 'lr': 0.5025501206794176, 'max_features': 1.0, 'max_samples': 0.2, 'mu_minus': 0.46, 'mu_plus': 0.16000000000000003, 'n_estimators': 1, 'n_fields': None, 'neuron_model': 'iaf_psc_exp', 'ref_seq_interval': 3, 'resolution': 0.1, 'shift_minus': 0.3217188983261537, 'shift_plus': -0.05892827524881076, 'sigma_w': None, 'synapse_model': 'shifted_nn_restr_stdp_synapse', 't_ref': 0.0, 'tau_m': 10000000.0, 'tau_minus': 201.0, 'tau_plus': 81.0, 'tau_s': 0.0, 'time': 300, 'w_init': 0.0}
Score: 0.1070
100%|█████████▉| 502/503 [06:03<?, ?trial/s, best loss=?]                                                         Deleting files related to the current optimization iteration...
100%|█████████▉| 502/503 [06:03<?, ?trial/s, best loss=?]100%|██████████| 503/503 [06:03<00:00, 363.40s/trial, best loss: -0.43099999999999994]100%|██████████| 503/503 [06:03<00:00, 363.40s/trial, best loss: -0.43099999999999994]
100%|█████████▉| 503/504 [00:00<?, ?trial/s, best loss=?]                                                         Params: {'V_th': 10000, 'alpha': 6.752366127008112, 'decode_potentials': True, 'decoding_method': 'max', 'encoding_method': 'frequency', 'lr': 0.3042761935697742, 'max_features': 1.0, 'max_samples': 0.2, 'mu_minus': 0.76, 'mu_plus': 0.6100000000000001, 'n_estimators': 1, 'n_fields': None, 'neuron_model': 'iaf_psc_exp', 'ref_seq_interval': 3, 'resolution': 0.1, 'shift_minus': 0.16110179589043236, 'shift_plus': -0.00031427884107806947, 'sigma_w': None, 'synapse_model': 'shifted_nn_restr_stdp_synapse', 't_ref': 0.0, 'tau_m': 10000000.0, 'tau_minus': 61.0, 'tau_plus': 161.0, 'tau_s': 0.0, 'time': 300, 'w_init': 0.0}
Score: 0.1010
100%|█████████▉| 503/504 [06:03<?, ?trial/s, best loss=?]                                                         Deleting files related to the current optimization iteration...
100%|█████████▉| 503/504 [06:03<?, ?trial/s, best loss=?]100%|██████████| 504/504 [06:03<00:00, 363.38s/trial, best loss: -0.43099999999999994]100%|██████████| 504/504 [06:03<00:00, 363.38s/trial, best loss: -0.43099999999999994]
100%|█████████▉| 504/505 [00:00<?, ?trial/s, best loss=?]                                                         Params: {'V_th': 10000, 'alpha': 6.472131641261965, 'decode_potentials': True, 'decoding_method': 'max', 'encoding_method': 'frequency', 'lr': 0.40154830252599355, 'max_features': 1.0, 'max_samples': 0.2, 'mu_minus': 0.7100000000000001, 'mu_plus': 0.26, 'n_estimators': 1, 'n_fields': None, 'neuron_model': 'iaf_psc_exp', 'ref_seq_interval': 3, 'resolution': 0.1, 'shift_minus': 1.7928211126948398e-05, 'shift_plus': -0.01668366502773859, 'sigma_w': None, 'synapse_model': 'shifted_nn_restr_stdp_synapse', 't_ref': 0.0, 'tau_m': 10000000.0, 'tau_minus': 41.0, 'tau_plus': 81.0, 'tau_s': 0.0, 'time': 300, 'w_init': 0.0}
Score: 0.2350
100%|█████████▉| 504/505 [06:03<?, ?trial/s, best loss=?]                                                         Deleting files related to the current optimization iteration...
100%|█████████▉| 504/505 [06:03<?, ?trial/s, best loss=?]100%|██████████| 505/505 [06:03<00:00, 363.33s/trial, best loss: -0.43099999999999994]100%|██████████| 505/505 [06:03<00:00, 363.33s/trial, best loss: -0.43099999999999994]
100%|█████████▉| 505/506 [00:00<?, ?trial/s, best loss=?]                                                         Params: {'V_th': 10000, 'alpha': 7.171618880999098, 'decode_potentials': True, 'decoding_method': 'max', 'encoding_method': 'frequency', 'lr': 0.1578743953183206, 'max_features': 1.0, 'max_samples': 0.2, 'mu_minus': 0.7100000000000001, 'mu_plus': 0.9600000000000001, 'n_estimators': 1, 'n_fields': None, 'neuron_model': 'iaf_psc_exp', 'ref_seq_interval': 3, 'resolution': 0.1, 'shift_minus': 0.011301780944857065, 'shift_plus': -0.016741737877385178, 'sigma_w': None, 'synapse_model': 'shifted_nn_restr_stdp_synapse', 't_ref': 0.0, 'tau_m': 10000000.0, 'tau_minus': 101.0, 'tau_plus': 81.0, 'tau_s': 0.0, 'time': 300, 'w_init': 0.0}
Score: 0.1060
100%|█████████▉| 505/506 [05:33<?, ?trial/s, best loss=?]                                                         Deleting files related to the current optimization iteration...
100%|█████████▉| 505/506 [05:33<?, ?trial/s, best loss=?]100%|██████████| 506/506 [05:33<00:00, 333.28s/trial, best loss: -0.43099999999999994]100%|██████████| 506/506 [05:33<00:00, 333.28s/trial, best loss: -0.43099999999999994]
100%|█████████▉| 506/507 [00:00<?, ?trial/s, best loss=?]                                                         Params: {'V_th': 10000, 'alpha': 6.430355424615746, 'decode_potentials': True, 'decoding_method': 'max', 'encoding_method': 'frequency', 'lr': 0.21464351225152245, 'max_features': 1.0, 'max_samples': 0.2, 'mu_minus': 0.7100000000000001, 'mu_plus': 0.26, 'n_estimators': 1, 'n_fields': None, 'neuron_model': 'iaf_psc_exp', 'ref_seq_interval': 3, 'resolution': 0.1, 'shift_minus': 0.05786725849019668, 'shift_plus': -0.02054143979395298, 'sigma_w': None, 'synapse_model': 'shifted_nn_restr_stdp_synapse', 't_ref': 0.0, 'tau_m': 10000000.0, 'tau_minus': 41.0, 'tau_plus': 81.0, 'tau_s': 0.0, 'time': 300, 'w_init': 0.0}
Score: 0.0970
100%|█████████▉| 506/507 [05:33<?, ?trial/s, best loss=?]                                                         Deleting files related to the current optimization iteration...
100%|█████████▉| 506/507 [05:33<?, ?trial/s, best loss=?]100%|██████████| 507/507 [05:33<00:00, 333.20s/trial, best loss: -0.43099999999999994]100%|██████████| 507/507 [05:33<00:00, 333.20s/trial, best loss: -0.43099999999999994]
100%|█████████▉| 507/508 [00:00<?, ?trial/s, best loss=?]                                                         Params: {'V_th': 10000, 'alpha': 7.342027346576896, 'decode_potentials': True, 'decoding_method': 'max', 'encoding_method': 'frequency', 'lr': 0.2541926582000259, 'max_features': 1.0, 'max_samples': 0.2, 'mu_minus': 0.7100000000000001, 'mu_plus': 0.26, 'n_estimators': 1, 'n_fields': None, 'neuron_model': 'iaf_psc_exp', 'ref_seq_interval': 3, 'resolution': 0.1, 'shift_minus': 0.028478499652289584, 'shift_plus': -0.050041618458449955, 'sigma_w': None, 'synapse_model': 'shifted_nn_restr_stdp_synapse', 't_ref': 0.0, 'tau_m': 10000000.0, 'tau_minus': 41.0, 'tau_plus': 81.0, 'tau_s': 0.0, 'time': 300, 'w_init': 0.0}
Score: 0.0870
100%|█████████▉| 507/508 [06:03<?, ?trial/s, best loss=?]                                                         Deleting files related to the current optimization iteration...
100%|█████████▉| 507/508 [06:03<?, ?trial/s, best loss=?]100%|██████████| 508/508 [06:03<00:00, 363.37s/trial, best loss: -0.43099999999999994]100%|██████████| 508/508 [06:03<00:00, 363.37s/trial, best loss: -0.43099999999999994]
100%|█████████▉| 508/509 [00:00<?, ?trial/s, best loss=?]                                                         Params: {'V_th': 10000, 'alpha': 45.83838909842062, 'decode_potentials': True, 'decoding_method': 'max', 'encoding_method': 'frequency', 'lr': 0.35578510004313124, 'max_features': 1.0, 'max_samples': 0.2, 'mu_minus': 0.7100000000000001, 'mu_plus': 0.26, 'n_estimators': 1, 'n_fields': None, 'neuron_model': 'iaf_psc_exp', 'ref_seq_interval': 3, 'resolution': 0.1, 'shift_minus': 0.010895843326890541, 'shift_plus': -0.7815801393072708, 'sigma_w': None, 'synapse_model': 'shifted_nn_restr_stdp_synapse', 't_ref': 0.0, 'tau_m': 10000000.0, 'tau_minus': 41.0, 'tau_plus': 81.0, 'tau_s': 0.0, 'time': 300, 'w_init': 0.0}
Score: 0.0920
100%|█████████▉| 508/509 [06:03<?, ?trial/s, best loss=?]                                                         Deleting files related to the current optimization iteration...
100%|█████████▉| 508/509 [06:03<?, ?trial/s, best loss=?]100%|██████████| 509/509 [06:03<00:00, 363.55s/trial, best loss: -0.43099999999999994]100%|██████████| 509/509 [06:03<00:00, 363.55s/trial, best loss: -0.43099999999999994]
100%|█████████▉| 509/510 [00:00<?, ?trial/s, best loss=?]                                                         Params: {'V_th': 10000, 'alpha': 6.9282994122875055, 'decode_potentials': True, 'decoding_method': 'max', 'encoding_method': 'frequency', 'lr': 0.3189984970715143, 'max_features': 1.0, 'max_samples': 0.2, 'mu_minus': 0.7100000000000001, 'mu_plus': 0.26, 'n_estimators': 1, 'n_fields': None, 'neuron_model': 'iaf_psc_exp', 'ref_seq_interval': 3, 'resolution': 0.1, 'shift_minus': 0.1970698145437262, 'shift_plus': -0.03544054734256578, 'sigma_w': None, 'synapse_model': 'shifted_nn_restr_stdp_synapse', 't_ref': 0.0, 'tau_m': 10000000.0, 'tau_minus': 41.0, 'tau_plus': 81.0, 'tau_s': 0.0, 'time': 300, 'w_init': 0.0}
Score: 0.1050
100%|█████████▉| 509/510 [06:03<?, ?trial/s, best loss=?]                                                         Deleting files related to the current optimization iteration...
100%|█████████▉| 509/510 [06:03<?, ?trial/s, best loss=?]100%|██████████| 510/510 [06:03<00:00, 363.47s/trial, best loss: -0.43099999999999994]100%|██████████| 510/510 [06:03<00:00, 363.47s/trial, best loss: -0.43099999999999994]
100%|█████████▉| 510/511 [00:00<?, ?trial/s, best loss=?]                                                         Params: {'V_th': 10000, 'alpha': 6.701837507491408, 'decode_potentials': True, 'decoding_method': 'max', 'encoding_method': 'frequency', 'lr': 0.2314185407960136, 'max_features': 1.0, 'max_samples': 0.2, 'mu_minus': 0.7100000000000001, 'mu_plus': 0.26, 'n_estimators': 1, 'n_fields': None, 'neuron_model': 'iaf_psc_exp', 'ref_seq_interval': 3, 'resolution': 0.1, 'shift_minus': 0.048917914480179785, 'shift_plus': -0.0691856934436964, 'sigma_w': None, 'synapse_model': 'shifted_nn_restr_stdp_synapse', 't_ref': 0.0, 'tau_m': 10000000.0, 'tau_minus': 41.0, 'tau_plus': 81.0, 'tau_s': 0.0, 'time': 300, 'w_init': 0.0}
Score: 0.1010
100%|█████████▉| 510/511 [06:03<?, ?trial/s, best loss=?]                                                         Deleting files related to the current optimization iteration...
100%|█████████▉| 510/511 [06:03<?, ?trial/s, best loss=?]100%|██████████| 511/511 [06:03<00:00, 363.48s/trial, best loss: -0.43099999999999994]100%|██████████| 511/511 [06:03<00:00, 363.48s/trial, best loss: -0.43099999999999994]
100%|█████████▉| 511/512 [00:00<?, ?trial/s, best loss=?]                                                         Params: {'V_th': 10000, 'alpha': 7.578170429004562, 'decode_potentials': True, 'decoding_method': 'max', 'encoding_method': 'frequency', 'lr': 0.1947685877851435, 'max_features': 1.0, 'max_samples': 0.2, 'mu_minus': 0.7100000000000001, 'mu_plus': 0.26, 'n_estimators': 1, 'n_fields': None, 'neuron_model': 'iaf_psc_exp', 'ref_seq_interval': 3, 'resolution': 0.1, 'shift_minus': 0.00041288710789391957, 'shift_plus': -0.0032275421752176268, 'sigma_w': None, 'synapse_model': 'shifted_nn_restr_stdp_synapse', 't_ref': 0.0, 'tau_m': 10000000.0, 'tau_minus': 41.0, 'tau_plus': 81.0, 'tau_s': 0.0, 'time': 300, 'w_init': 0.0}
Score: 0.3460
100%|█████████▉| 511/512 [06:03<?, ?trial/s, best loss=?]                                                         Deleting files related to the current optimization iteration...
100%|█████████▉| 511/512 [06:03<?, ?trial/s, best loss=?]100%|██████████| 512/512 [06:03<00:00, 363.34s/trial, best loss: -0.43099999999999994]100%|██████████| 512/512 [06:03<00:00, 363.34s/trial, best loss: -0.43099999999999994]
100%|█████████▉| 512/513 [00:00<?, ?trial/s, best loss=?]                                                         Params: {'V_th': 10000, 'alpha': 7.556187276287719, 'decode_potentials': True, 'decoding_method': 'max', 'encoding_method': 'frequency', 'lr': 0.11235005354077543, 'max_features': 1.0, 'max_samples': 0.2, 'mu_minus': 0.7100000000000001, 'mu_plus': 0.26, 'n_estimators': 1, 'n_fields': None, 'neuron_model': 'iaf_psc_exp', 'ref_seq_interval': 3, 'resolution': 0.1, 'shift_minus': 0.018985527856016128, 'shift_plus': -0.018663039793370986, 'sigma_w': None, 'synapse_model': 'shifted_nn_restr_stdp_synapse', 't_ref': 0.0, 'tau_m': 10000000.0, 'tau_minus': 41.0, 'tau_plus': 81.0, 'tau_s': 0.0, 'time': 300, 'w_init': 0.0}
Score: 0.0940
100%|█████████▉| 512/513 [05:33<?, ?trial/s, best loss=?]                                                         Deleting files related to the current optimization iteration...
100%|█████████▉| 512/513 [05:33<?, ?trial/s, best loss=?]100%|██████████| 513/513 [05:33<00:00, 333.44s/trial, best loss: -0.43099999999999994]100%|██████████| 513/513 [05:33<00:00, 333.44s/trial, best loss: -0.43099999999999994]
100%|█████████▉| 513/514 [00:00<?, ?trial/s, best loss=?]                                                         Params: {'V_th': 10000, 'alpha': 8.200382414121059, 'decode_potentials': True, 'decoding_method': 'max', 'encoding_method': 'frequency', 'lr': 0.1353710378354383, 'max_features': 1.0, 'max_samples': 0.2, 'mu_minus': 0.7100000000000001, 'mu_plus': 0.26, 'n_estimators': 1, 'n_fields': None, 'neuron_model': 'iaf_psc_exp', 'ref_seq_interval': 3, 'resolution': 0.1, 'shift_minus': 0.037742919285440504, 'shift_plus': -0.7587732440516773, 'sigma_w': None, 'synapse_model': 'shifted_nn_restr_stdp_synapse', 't_ref': 0.0, 'tau_m': 10000000.0, 'tau_minus': 41.0, 'tau_plus': 81.0, 'tau_s': 0.0, 'time': 300, 'w_init': 0.0}
Score: 0.1040
100%|█████████▉| 513/514 [06:03<?, ?trial/s, best loss=?]                                                         Deleting files related to the current optimization iteration...
100%|█████████▉| 513/514 [06:03<?, ?trial/s, best loss=?]100%|██████████| 514/514 [06:03<00:00, 363.28s/trial, best loss: -0.43099999999999994]100%|██████████| 514/514 [06:03<00:00, 363.28s/trial, best loss: -0.43099999999999994]
100%|█████████▉| 514/515 [00:00<?, ?trial/s, best loss=?]                                                         Params: {'V_th': 10000, 'alpha': 7.745207273889014, 'decode_potentials': True, 'decoding_method': 'max', 'encoding_method': 'frequency', 'lr': 0.052264432672655126, 'max_features': 1.0, 'max_samples': 0.2, 'mu_minus': 0.7100000000000001, 'mu_plus': 0.26, 'n_estimators': 1, 'n_fields': None, 'neuron_model': 'iaf_psc_exp', 'ref_seq_interval': 3, 'resolution': 0.1, 'shift_minus': 0.07726968403602238, 'shift_plus': -0.0009960965866085947, 'sigma_w': None, 'synapse_model': 'shifted_nn_restr_stdp_synapse', 't_ref': 0.0, 'tau_m': 10000000.0, 'tau_minus': 41.0, 'tau_plus': 81.0, 'tau_s': 0.0, 'time': 300, 'w_init': 0.0}
Score: 0.1040
100%|█████████▉| 514/515 [05:33<?, ?trial/s, best loss=?]                                                         Deleting files related to the current optimization iteration...
100%|█████████▉| 514/515 [05:33<?, ?trial/s, best loss=?]100%|██████████| 515/515 [05:33<00:00, 333.33s/trial, best loss: -0.43099999999999994]100%|██████████| 515/515 [05:33<00:00, 333.33s/trial, best loss: -0.43099999999999994]
100%|█████████▉| 515/516 [00:00<?, ?trial/s, best loss=?]                                                         Params: {'V_th': 10000, 'alpha': 7.429587989082195, 'decode_potentials': True, 'decoding_method': 'max', 'encoding_method': 'frequency', 'lr': 0.1821003554021977, 'max_features': 1.0, 'max_samples': 0.2, 'mu_minus': 0.7100000000000001, 'mu_plus': 0.26, 'n_estimators': 1, 'n_fields': None, 'neuron_model': 'iaf_psc_exp', 'ref_seq_interval': 3, 'resolution': 0.1, 'shift_minus': 0.061658261170204384, 'shift_plus': -0.0845405388457082, 'sigma_w': None, 'synapse_model': 'shifted_nn_restr_stdp_synapse', 't_ref': 0.0, 'tau_m': 10000000.0, 'tau_minus': 41.0, 'tau_plus': 81.0, 'tau_s': 0.0, 'time': 300, 'w_init': 0.0}
Score: 0.0980
100%|█████████▉| 515/516 [06:03<?, ?trial/s, best loss=?]                                                         Deleting files related to the current optimization iteration...
100%|█████████▉| 515/516 [06:03<?, ?trial/s, best loss=?]100%|██████████| 516/516 [06:03<00:00, 363.47s/trial, best loss: -0.43099999999999994]100%|██████████| 516/516 [06:03<00:00, 363.47s/trial, best loss: -0.43099999999999994]
100%|█████████▉| 516/517 [00:00<?, ?trial/s, best loss=?]                                                         Params: {'V_th': 10000, 'alpha': 6.304519946163611, 'decode_potentials': True, 'decoding_method': 'max', 'encoding_method': 'frequency', 'lr': 0.011247987939697307, 'max_features': 1.0, 'max_samples': 0.2, 'mu_minus': 0.7100000000000001, 'mu_plus': 0.26, 'n_estimators': 1, 'n_fields': None, 'neuron_model': 'iaf_psc_exp', 'ref_seq_interval': 3, 'resolution': 0.1, 'shift_minus': 0.10091071220860903, 'shift_plus': -0.03499451014994777, 'sigma_w': None, 'synapse_model': 'shifted_nn_restr_stdp_synapse', 't_ref': 0.0, 'tau_m': 10000000.0, 'tau_minus': 41.0, 'tau_plus': 81.0, 'tau_s': 0.0, 'time': 300, 'w_init': 0.0}
Score: 0.0970
100%|█████████▉| 516/517 [05:33<?, ?trial/s, best loss=?]                                                         Deleting files related to the current optimization iteration...
100%|█████████▉| 516/517 [05:33<?, ?trial/s, best loss=?]100%|██████████| 517/517 [05:33<00:00, 333.49s/trial, best loss: -0.43099999999999994]100%|██████████| 517/517 [05:33<00:00, 333.49s/trial, best loss: -0.43099999999999994]
100%|█████████▉| 517/518 [00:00<?, ?trial/s, best loss=?]                                                         Params: {'V_th': 10000, 'alpha': 1133.2958155486544, 'decode_potentials': True, 'decoding_method': 'max', 'encoding_method': 'frequency', 'lr': 0.2695701600484303, 'max_features': 1.0, 'max_samples': 0.2, 'mu_minus': 0.7100000000000001, 'mu_plus': 0.26, 'n_estimators': 1, 'n_fields': None, 'neuron_model': 'iaf_psc_exp', 'ref_seq_interval': 3, 'resolution': 0.1, 'shift_minus': 0.0005755101835840952, 'shift_plus': -0.9699775349126039, 'sigma_w': None, 'synapse_model': 'shifted_nn_restr_stdp_synapse', 't_ref': 0.0, 'tau_m': 10000000.0, 'tau_minus': 41.0, 'tau_plus': 81.0, 'tau_s': 0.0, 'time': 300, 'w_init': 0.0}
Score: 0.0860
100%|█████████▉| 517/518 [05:33<?, ?trial/s, best loss=?]                                                         Deleting files related to the current optimization iteration...
100%|█████████▉| 517/518 [05:33<?, ?trial/s, best loss=?]100%|██████████| 518/518 [05:33<00:00, 333.49s/trial, best loss: -0.43099999999999994]100%|██████████| 518/518 [05:33<00:00, 333.50s/trial, best loss: -0.43099999999999994]
100%|█████████▉| 518/519 [00:00<?, ?trial/s, best loss=?]                                                         Params: {'V_th': 10000, 'alpha': 7.096081662039722, 'decode_potentials': True, 'decoding_method': 'max', 'encoding_method': 'frequency', 'lr': 0.07950803118898085, 'max_features': 1.0, 'max_samples': 0.2, 'mu_minus': 0.7100000000000001, 'mu_plus': 0.26, 'n_estimators': 1, 'n_fields': None, 'neuron_model': 'iaf_psc_exp', 'ref_seq_interval': 3, 'resolution': 0.1, 'shift_minus': 0.027477609728995822, 'shift_plus': -0.015697342169355, 'sigma_w': None, 'synapse_model': 'shifted_nn_restr_stdp_synapse', 't_ref': 0.0, 'tau_m': 10000000.0, 'tau_minus': 41.0, 'tau_plus': 81.0, 'tau_s': 0.0, 'time': 300, 'w_init': 0.0}
Score: 0.0870
100%|█████████▉| 518/519 [06:03<?, ?trial/s, best loss=?]                                                         Deleting files related to the current optimization iteration...
100%|█████████▉| 518/519 [06:03<?, ?trial/s, best loss=?]100%|██████████| 519/519 [06:03<00:00, 363.42s/trial, best loss: -0.43099999999999994]100%|██████████| 519/519 [06:03<00:00, 363.42s/trial, best loss: -0.43099999999999994]
100%|█████████▉| 519/520 [00:00<?, ?trial/s, best loss=?]                                                         Params: {'V_th': 10000, 'alpha': 8.277506085071412, 'decode_potentials': True, 'decoding_method': 'max', 'encoding_method': 'frequency', 'lr': 0.20604033143996842, 'max_features': 1.0, 'max_samples': 0.2, 'mu_minus': 0.7100000000000001, 'mu_plus': 0.46, 'n_estimators': 1, 'n_fields': None, 'neuron_model': 'iaf_psc_exp', 'ref_seq_interval': 3, 'resolution': 0.1, 'shift_minus': 0.009867038285922058, 'shift_plus': -0.0022271858395185584, 'sigma_w': None, 'synapse_model': 'shifted_nn_restr_stdp_synapse', 't_ref': 0.0, 'tau_m': 10000000.0, 'tau_minus': 41.0, 'tau_plus': 81.0, 'tau_s': 0.0, 'time': 300, 'w_init': 0.0}
Score: 0.1640
100%|█████████▉| 519/520 [06:03<?, ?trial/s, best loss=?]                                                         Deleting files related to the current optimization iteration...
100%|█████████▉| 519/520 [06:03<?, ?trial/s, best loss=?]100%|██████████| 520/520 [06:03<00:00, 363.38s/trial, best loss: -0.43099999999999994]100%|██████████| 520/520 [06:03<00:00, 363.38s/trial, best loss: -0.43099999999999994]
100%|█████████▉| 520/521 [00:00<?, ?trial/s, best loss=?]                                                         Params: {'V_th': 10000, 'alpha': 7.912241856578234, 'decode_potentials': True, 'decoding_method': 'max', 'encoding_method': 'frequency', 'lr': 0.3972237281988671, 'max_features': 1.0, 'max_samples': 0.2, 'mu_minus': 0.7100000000000001, 'mu_plus': 0.26, 'n_estimators': 1, 'n_fields': None, 'neuron_model': 'iaf_psc_exp', 'ref_seq_interval': 3, 'resolution': 0.1, 'shift_minus': 0.0741658037328584, 'shift_plus': -0.893485320905113, 'sigma_w': None, 'synapse_model': 'shifted_nn_restr_stdp_synapse', 't_ref': 0.0, 'tau_m': 10000000.0, 'tau_minus': 41.0, 'tau_plus': 81.0, 'tau_s': 0.0, 'time': 300, 'w_init': 0.0}
Score: 0.1050
100%|█████████▉| 520/521 [05:33<?, ?trial/s, best loss=?]                                                         Deleting files related to the current optimization iteration...
100%|█████████▉| 520/521 [05:33<?, ?trial/s, best loss=?]100%|██████████| 521/521 [05:33<00:00, 333.18s/trial, best loss: -0.43099999999999994]100%|██████████| 521/521 [05:33<00:00, 333.18s/trial, best loss: -0.43099999999999994]
100%|█████████▉| 521/522 [00:00<?, ?trial/s, best loss=?]                                                         Params: {'V_th': 10000, 'alpha': 7.563194908199246, 'decode_potentials': True, 'decoding_method': 'max', 'encoding_method': 'frequency', 'lr': 0.48267121566814747, 'max_features': 1.0, 'max_samples': 0.2, 'mu_minus': 0.7100000000000001, 'mu_plus': 0.26, 'n_estimators': 1, 'n_fields': None, 'neuron_model': 'iaf_psc_exp', 'ref_seq_interval': 3, 'resolution': 0.1, 'shift_minus': 0.04671614602366905, 'shift_plus': -0.0682867881025413, 'sigma_w': None, 'synapse_model': 'shifted_nn_restr_stdp_synapse', 't_ref': 0.0, 'tau_m': 10000000.0, 'tau_minus': 41.0, 'tau_plus': 81.0, 'tau_s': 0.0, 'time': 300, 'w_init': 0.0}
Score: 0.1040
100%|█████████▉| 521/522 [06:03<?, ?trial/s, best loss=?]                                                         Deleting files related to the current optimization iteration...
100%|█████████▉| 521/522 [06:03<?, ?trial/s, best loss=?]100%|██████████| 522/522 [06:03<00:00, 363.29s/trial, best loss: -0.43099999999999994]100%|██████████| 522/522 [06:03<00:00, 363.29s/trial, best loss: -0.43099999999999994]
100%|█████████▉| 522/523 [00:00<?, ?trial/s, best loss=?]                                                         Params: {'V_th': 10000, 'alpha': 6.920105482890742, 'decode_potentials': True, 'decoding_method': 'max', 'encoding_method': 'frequency', 'lr': 0.37641066643223, 'max_features': 1.0, 'max_samples': 0.2, 'mu_minus': 0.7100000000000001, 'mu_plus': 0.26, 'n_estimators': 1, 'n_fields': None, 'neuron_model': 'iaf_psc_exp', 'ref_seq_interval': 3, 'resolution': 0.1, 'shift_minus': 0.01989942241497254, 'shift_plus': -0.10323071389130248, 'sigma_w': None, 'synapse_model': 'shifted_nn_restr_stdp_synapse', 't_ref': 0.0, 'tau_m': 10000000.0, 'tau_minus': 41.0, 'tau_plus': 81.0, 'tau_s': 0.0, 'time': 300, 'w_init': 0.0}
Score: 0.0910
100%|█████████▉| 522/523 [06:03<?, ?trial/s, best loss=?]                                                         Deleting files related to the current optimization iteration...
100%|█████████▉| 522/523 [06:03<?, ?trial/s, best loss=?]100%|██████████| 523/523 [06:03<00:00, 363.32s/trial, best loss: -0.43099999999999994]100%|██████████| 523/523 [06:03<00:00, 363.32s/trial, best loss: -0.43099999999999994]
100%|█████████▉| 523/524 [00:00<?, ?trial/s, best loss=?]                                                         Params: {'V_th': 10000, 'alpha': 6.5956748112546855, 'decode_potentials': True, 'decoding_method': 'max', 'encoding_method': 'frequency', 'lr': 0.41469968476391056, 'max_features': 1.0, 'max_samples': 0.2, 'mu_minus': 0.16000000000000003, 'mu_plus': 0.26, 'n_estimators': 1, 'n_fields': None, 'neuron_model': 'iaf_psc_exp', 'ref_seq_interval': 3, 'resolution': 0.1, 'shift_minus': 0.10872729139736688, 'shift_plus': -0.042708846294032404, 'sigma_w': None, 'synapse_model': 'shifted_nn_restr_stdp_synapse', 't_ref': 0.0, 'tau_m': 10000000.0, 'tau_minus': 41.0, 'tau_plus': 81.0, 'tau_s': 0.0, 'time': 300, 'w_init': 0.0}
Score: 0.1110
100%|█████████▉| 523/524 [05:33<?, ?trial/s, best loss=?]                                                         Deleting files related to the current optimization iteration...
100%|█████████▉| 523/524 [05:33<?, ?trial/s, best loss=?]100%|██████████| 524/524 [05:33<00:00, 333.48s/trial, best loss: -0.43099999999999994]100%|██████████| 524/524 [05:33<00:00, 333.48s/trial, best loss: -0.43099999999999994]
100%|█████████▉| 524/525 [00:00<?, ?trial/s, best loss=?]                                                         Params: {'V_th': 10000, 'alpha': 7.185119541881415, 'decode_potentials': True, 'decoding_method': 'max', 'encoding_method': 'frequency', 'lr': 0.3412592068181266, 'max_features': 1.0, 'max_samples': 0.2, 'mu_minus': 0.7100000000000001, 'mu_plus': 0.26, 'n_estimators': 1, 'n_fields': None, 'neuron_model': 'iaf_psc_exp', 'ref_seq_interval': 3, 'resolution': 0.1, 'shift_minus': 0.4583496656359226, 'shift_plus': -0.6956161289446426, 'sigma_w': None, 'synapse_model': 'shifted_nn_restr_stdp_synapse', 't_ref': 0.0, 'tau_m': 10000000.0, 'tau_minus': 41.0, 'tau_plus': 81.0, 'tau_s': 0.0, 'time': 300, 'w_init': 0.0}
Score: 0.0970
100%|█████████▉| 524/525 [05:33<?, ?trial/s, best loss=?]                                                         Deleting files related to the current optimization iteration...
100%|█████████▉| 524/525 [05:33<?, ?trial/s, best loss=?]100%|██████████| 525/525 [05:33<00:00, 333.49s/trial, best loss: -0.43099999999999994]100%|██████████| 525/525 [05:33<00:00, 333.49s/trial, best loss: -0.43099999999999994]
100%|█████████▉| 525/526 [00:00<?, ?trial/s, best loss=?]                                                         Params: {'V_th': 10000, 'alpha': 8.874654858889494, 'decode_potentials': True, 'decoding_method': 'max', 'encoding_method': 'frequency', 'lr': 0.29792633024637455, 'max_features': 1.0, 'max_samples': 0.2, 'mu_minus': 0.21000000000000002, 'mu_plus': 0.26, 'n_estimators': 1, 'n_fields': None, 'neuron_model': 'iaf_psc_exp', 'ref_seq_interval': 3, 'resolution': 0.1, 'shift_minus': 0.13808389820106717, 'shift_plus': -0.867561111282926, 'sigma_w': None, 'synapse_model': 'shifted_nn_restr_stdp_synapse', 't_ref': 0.0, 'tau_m': 10000000.0, 'tau_minus': 41.0, 'tau_plus': 81.0, 'tau_s': 0.0, 'time': 300, 'w_init': 0.0}
Score: 0.1030
100%|█████████▉| 525/526 [05:33<?, ?trial/s, best loss=?]                                                         Deleting files related to the current optimization iteration...
100%|█████████▉| 525/526 [05:33<?, ?trial/s, best loss=?]100%|██████████| 526/526 [05:33<00:00, 333.44s/trial, best loss: -0.43099999999999994]100%|██████████| 526/526 [05:33<00:00, 333.44s/trial, best loss: -0.43099999999999994]
100%|█████████▉| 526/527 [00:00<?, ?trial/s, best loss=?]                                                         Params: {'V_th': 10000, 'alpha': 272.87315187726836, 'decode_potentials': True, 'decoding_method': 'max', 'encoding_method': 'frequency', 'lr': 0.24275176443635899, 'max_features': 1.0, 'max_samples': 0.2, 'mu_minus': 0.11, 'mu_plus': 0.21000000000000002, 'n_estimators': 1, 'n_fields': None, 'neuron_model': 'iaf_psc_exp', 'ref_seq_interval': 3, 'resolution': 0.1, 'shift_minus': 0.09067217554028371, 'shift_plus': -0.08507914904863677, 'sigma_w': None, 'synapse_model': 'shifted_nn_restr_stdp_synapse', 't_ref': 0.0, 'tau_m': 10000000.0, 'tau_minus': 41.0, 'tau_plus': 21.0, 'tau_s': 0.0, 'time': 300, 'w_init': 0.0}
Score: 0.0920
100%|█████████▉| 526/527 [06:03<?, ?trial/s, best loss=?]                                                         Deleting files related to the current optimization iteration...
100%|█████████▉| 526/527 [06:03<?, ?trial/s, best loss=?]100%|██████████| 527/527 [06:03<00:00, 363.38s/trial, best loss: -0.43099999999999994]100%|██████████| 527/527 [06:03<00:00, 363.38s/trial, best loss: -0.43099999999999994]
100%|█████████▉| 527/528 [00:00<?, ?trial/s, best loss=?]                                                         Params: {'V_th': 10000, 'alpha': 6.3029292881183805, 'decode_potentials': True, 'decoding_method': 'max', 'encoding_method': 'frequency', 'lr': 0.5252517229080487, 'max_features': 1.0, 'max_samples': 0.2, 'mu_minus': 0.81, 'mu_plus': 0.36000000000000004, 'n_estimators': 1, 'n_fields': None, 'neuron_model': 'iaf_psc_exp', 'ref_seq_interval': 3, 'resolution': 0.1, 'shift_minus': 0.03427348368062096, 'shift_plus': -0.020884658667091306, 'sigma_w': None, 'synapse_model': 'shifted_nn_restr_stdp_synapse', 't_ref': 0.0, 'tau_m': 10000000.0, 'tau_minus': 41.0, 'tau_plus': 81.0, 'tau_s': 0.0, 'time': 300, 'w_init': 0.0}
Score: 0.0900
100%|█████████▉| 527/528 [06:03<?, ?trial/s, best loss=?]                                                         Deleting files related to the current optimization iteration...
100%|█████████▉| 527/528 [06:03<?, ?trial/s, best loss=?]100%|██████████| 528/528 [06:03<00:00, 363.35s/trial, best loss: -0.43099999999999994]100%|██████████| 528/528 [06:03<00:00, 363.35s/trial, best loss: -0.43099999999999994]
100%|█████████▉| 528/529 [00:00<?, ?trial/s, best loss=?]                                                         Params: {'V_th': 10000, 'alpha': 6.059338161542462, 'decode_potentials': True, 'decoding_method': 'max', 'encoding_method': 'frequency', 'lr': 0.4351887091399996, 'max_features': 1.0, 'max_samples': 0.2, 'mu_minus': 0.91, 'mu_plus': 0.6100000000000001, 'n_estimators': 1, 'n_fields': None, 'neuron_model': 'iaf_psc_exp', 'ref_seq_interval': 3, 'resolution': 0.1, 'shift_minus': 0.06247862207437326, 'shift_plus': -0.06859922121472997, 'sigma_w': None, 'synapse_model': 'shifted_nn_restr_stdp_synapse', 't_ref': 0.0, 'tau_m': 10000000.0, 'tau_minus': 41.0, 'tau_plus': 81.0, 'tau_s': 0.0, 'time': 300, 'w_init': 0.0}
Score: 0.1040
100%|█████████▉| 528/529 [05:33<?, ?trial/s, best loss=?]                                                         Deleting files related to the current optimization iteration...
100%|█████████▉| 528/529 [05:33<?, ?trial/s, best loss=?]100%|██████████| 529/529 [05:33<00:00, 333.25s/trial, best loss: -0.43099999999999994]100%|██████████| 529/529 [05:33<00:00, 333.25s/trial, best loss: -0.43099999999999994]
100%|█████████▉| 529/530 [00:00<?, ?trial/s, best loss=?]                                                         Params: {'V_th': 10000, 'alpha': 7.760255411505078, 'decode_potentials': True, 'decoding_method': 'max', 'encoding_method': 'frequency', 'lr': 0.28039122639441044, 'max_features': 1.0, 'max_samples': 0.2, 'mu_minus': 0.7100000000000001, 'mu_plus': 0.060000000000000005, 'n_estimators': 1, 'n_fields': None, 'neuron_model': 'iaf_psc_exp', 'ref_seq_interval': 3, 'resolution': 0.1, 'shift_minus': 0.05204221752917775, 'shift_plus': -0.11282897155500451, 'sigma_w': None, 'synapse_model': 'shifted_nn_restr_stdp_synapse', 't_ref': 0.0, 'tau_m': 10000000.0, 'tau_minus': 41.0, 'tau_plus': 41.0, 'tau_s': 0.0, 'time': 300, 'w_init': 0.0}
Score: 0.0980
100%|█████████▉| 529/530 [06:03<?, ?trial/s, best loss=?]                                                         Deleting files related to the current optimization iteration...
100%|█████████▉| 529/530 [06:03<?, ?trial/s, best loss=?]100%|██████████| 530/530 [06:03<00:00, 363.39s/trial, best loss: -0.43099999999999994]100%|██████████| 530/530 [06:03<00:00, 363.39s/trial, best loss: -0.43099999999999994]
100%|█████████▉| 530/531 [00:00<?, ?trial/s, best loss=?]                                                         Params: {'V_th': 10000, 'alpha': 8.050885724364733, 'decode_potentials': True, 'decoding_method': 'max', 'encoding_method': 'frequency', 'lr': 0.1924666232497837, 'max_features': 1.0, 'max_samples': 0.2, 'mu_minus': 0.26, 'mu_plus': 0.31000000000000005, 'n_estimators': 1, 'n_fields': None, 'neuron_model': 'iaf_psc_exp', 'ref_seq_interval': 3, 'resolution': 0.1, 'shift_minus': 0.007612690345555827, 'shift_plus': -0.037927576194317705, 'sigma_w': None, 'synapse_model': 'shifted_nn_restr_stdp_synapse', 't_ref': 0.0, 'tau_m': 10000000.0, 'tau_minus': 161.0, 'tau_plus': 81.0, 'tau_s': 0.0, 'time': 300, 'w_init': 0.0}
Score: 0.0860
100%|█████████▉| 530/531 [05:33<?, ?trial/s, best loss=?]                                                         Deleting files related to the current optimization iteration...
100%|█████████▉| 530/531 [05:33<?, ?trial/s, best loss=?]100%|██████████| 531/531 [05:33<00:00, 333.47s/trial, best loss: -0.43099999999999994]100%|██████████| 531/531 [05:33<00:00, 333.47s/trial, best loss: -0.43099999999999994]
100%|█████████▉| 531/532 [00:00<?, ?trial/s, best loss=?]                                                         Params: {'V_th': 10000, 'alpha': 8.332688411740477, 'decode_potentials': True, 'decoding_method': 'max', 'encoding_method': 'frequency', 'lr': 0.12553380066574105, 'max_features': 1.0, 'max_samples': 0.2, 'mu_minus': 0.31000000000000005, 'mu_plus': 0.8600000000000001, 'n_estimators': 1, 'n_fields': None, 'neuron_model': 'iaf_psc_exp', 'ref_seq_interval': 3, 'resolution': 0.1, 'shift_minus': 0.02191428638987036, 'shift_plus': -0.004734734761802695, 'sigma_w': None, 'synapse_model': 'shifted_nn_restr_stdp_synapse', 't_ref': 0.0, 'tau_m': 10000000.0, 'tau_minus': 61.0, 'tau_plus': 241.0, 'tau_s': 0.0, 'time': 300, 'w_init': 0.0}
Score: 0.0920
100%|█████████▉| 531/532 [06:03<?, ?trial/s, best loss=?]                                                         Deleting files related to the current optimization iteration...
100%|█████████▉| 531/532 [06:03<?, ?trial/s, best loss=?]100%|██████████| 532/532 [06:03<00:00, 363.39s/trial, best loss: -0.43099999999999994]100%|██████████| 532/532 [06:03<00:00, 363.39s/trial, best loss: -0.43099999999999994]
100%|█████████▉| 532/533 [00:00<?, ?trial/s, best loss=?]                                                         Params: {'V_th': 10000, 'alpha': 5.78893261279392, 'decode_potentials': True, 'decoding_method': 'max', 'encoding_method': 'frequency', 'lr': 0.4584743508293971, 'max_features': 1.0, 'max_samples': 0.2, 'mu_minus': 0.01, 'mu_plus': 0.91, 'n_estimators': 1, 'n_fields': None, 'neuron_model': 'iaf_psc_exp', 'ref_seq_interval': 3, 'resolution': 0.1, 'shift_minus': 0.03857288256412795, 'shift_plus': -0.13909032858070441, 'sigma_w': None, 'synapse_model': 'shifted_nn_restr_stdp_synapse', 't_ref': 0.0, 'tau_m': 10000000.0, 'tau_minus': 141.0, 'tau_plus': 261.0, 'tau_s': 0.0, 'time': 300, 'w_init': 0.0}
Score: 0.0940
100%|█████████▉| 532/533 [06:03<?, ?trial/s, best loss=?]                                                         Deleting files related to the current optimization iteration...
100%|█████████▉| 532/533 [06:03<?, ?trial/s, best loss=?]100%|██████████| 533/533 [06:03<00:00, 363.36s/trial, best loss: -0.43099999999999994]100%|██████████| 533/533 [06:03<00:00, 363.36s/trial, best loss: -0.43099999999999994]
100%|█████████▉| 533/534 [00:00<?, ?trial/s, best loss=?]                                                         Params: {'V_th': 10000, 'alpha': 768.0022119839223, 'decode_potentials': True, 'decoding_method': 'max', 'encoding_method': 'frequency', 'lr': 0.026155380888936153, 'max_features': 1.0, 'max_samples': 0.2, 'mu_minus': 0.46, 'mu_plus': 0.01, 'n_estimators': 1, 'n_fields': None, 'neuron_model': 'iaf_psc_exp', 'ref_seq_interval': 3, 'resolution': 0.1, 'shift_minus': 0.12150353416646373, 'shift_plus': -0.00029473319742328, 'sigma_w': None, 'synapse_model': 'shifted_nn_restr_stdp_synapse', 't_ref': 0.0, 'tau_m': 10000000.0, 'tau_minus': 121.0, 'tau_plus': 201.0, 'tau_s': 0.0, 'time': 300, 'w_init': 0.0}
Score: 0.1030
100%|█████████▉| 533/534 [06:03<?, ?trial/s, best loss=?]                                                         Deleting files related to the current optimization iteration...
100%|█████████▉| 533/534 [06:03<?, ?trial/s, best loss=?]100%|██████████| 534/534 [06:03<00:00, 363.32s/trial, best loss: -0.43099999999999994]100%|██████████| 534/534 [06:03<00:00, 363.32s/trial, best loss: -0.43099999999999994]
100%|█████████▉| 534/535 [00:00<?, ?trial/s, best loss=?]                                                         Params: {'V_th': 10000, 'alpha': 7.299757188611694, 'decode_potentials': True, 'decoding_method': 'max', 'encoding_method': 'frequency', 'lr': 0.3928905281398915, 'max_features': 1.0, 'max_samples': 0.2, 'mu_minus': 0.51, 'mu_plus': 0.6100000000000001, 'n_estimators': 1, 'n_fields': None, 'neuron_model': 'iaf_psc_exp', 'ref_seq_interval': 3, 'resolution': 0.1, 'shift_minus': 0.07254416882362864, 'shift_plus': -0.04988513077720298, 'sigma_w': None, 'synapse_model': 'shifted_nn_restr_stdp_synapse', 't_ref': 0.0, 'tau_m': 10000000.0, 'tau_minus': 41.0, 'tau_plus': 121.0, 'tau_s': 0.0, 'time': 300, 'w_init': 0.0}
Score: 0.1080
100%|█████████▉| 534/535 [06:03<?, ?trial/s, best loss=?]                                                         Deleting files related to the current optimization iteration...
100%|█████████▉| 534/535 [06:03<?, ?trial/s, best loss=?]100%|██████████| 535/535 [06:03<00:00, 363.30s/trial, best loss: -0.43099999999999994]100%|██████████| 535/535 [06:03<00:00, 363.30s/trial, best loss: -0.43099999999999994]
100%|█████████▉| 535/536 [00:00<?, ?trial/s, best loss=?]                                                         Params: {'V_th': 10000, 'alpha': 6.695739495429103, 'decode_potentials': True, 'decoding_method': 'max', 'encoding_method': 'frequency', 'lr': 0.36815060117063336, 'max_features': 1.0, 'max_samples': 0.2, 'mu_minus': 0.11, 'mu_plus': 0.26, 'n_estimators': 1, 'n_fields': None, 'neuron_model': 'iaf_psc_exp', 'ref_seq_interval': 3, 'resolution': 0.1, 'shift_minus': 0.3616715740145717, 'shift_plus': -0.08850422735972975, 'sigma_w': None, 'synapse_model': 'shifted_nn_restr_stdp_synapse', 't_ref': 0.0, 'tau_m': 10000000.0, 'tau_minus': 1.0, 'tau_plus': 81.0, 'tau_s': 0.0, 'time': 300, 'w_init': 0.0}
Score: 0.0970
100%|█████████▉| 535/536 [06:03<?, ?trial/s, best loss=?]                                                         Deleting files related to the current optimization iteration...
100%|█████████▉| 535/536 [06:03<?, ?trial/s, best loss=?]100%|██████████| 536/536 [06:03<00:00, 363.40s/trial, best loss: -0.43099999999999994]100%|██████████| 536/536 [06:03<00:00, 363.40s/trial, best loss: -0.43099999999999994]
100%|█████████▉| 536/537 [00:00<?, ?trial/s, best loss=?]                                                         Params: {'V_th': 10000, 'alpha': 6.484167472919556, 'decode_potentials': True, 'decoding_method': 'max', 'encoding_method': 'frequency', 'lr': 0.31963844750483406, 'max_features': 1.0, 'max_samples': 0.2, 'mu_minus': 0.66, 'mu_plus': 0.21000000000000002, 'n_estimators': 1, 'n_fields': None, 'neuron_model': 'iaf_psc_exp', 'ref_seq_interval': 3, 'resolution': 0.1, 'shift_minus': 0.39093187729245926, 'shift_plus': -0.06315877886047289, 'sigma_w': None, 'synapse_model': 'shifted_nn_restr_stdp_synapse', 't_ref': 0.0, 'tau_m': 10000000.0, 'tau_minus': 81.0, 'tau_plus': 1.0, 'tau_s': 0.0, 'time': 300, 'w_init': 0.0}
Score: 0.1030
100%|█████████▉| 536/537 [06:03<?, ?trial/s, best loss=?]                                                         Deleting files related to the current optimization iteration...
100%|█████████▉| 536/537 [06:03<?, ?trial/s, best loss=?]100%|██████████| 537/537 [06:03<00:00, 363.37s/trial, best loss: -0.43099999999999994]100%|██████████| 537/537 [06:03<00:00, 363.37s/trial, best loss: -0.43099999999999994]
100%|█████████▉| 537/538 [00:00<?, ?trial/s, best loss=?]                                                         Params: {'V_th': 10000, 'alpha': 9.341477674469703, 'decode_potentials': True, 'decoding_method': 'max', 'encoding_method': 'frequency', 'lr': 0.4786939715952843, 'max_features': 1.0, 'max_samples': 0.2, 'mu_minus': 0.41000000000000003, 'mu_plus': 0.41000000000000003, 'n_estimators': 1, 'n_fields': None, 'neuron_model': 'iaf_psc_exp', 'ref_seq_interval': 7, 'resolution': 0.1, 'shift_minus': 0.012603900912448755, 'shift_plus': -0.1572152808138078, 'sigma_w': None, 'synapse_model': 'shifted_nn_restr_stdp_synapse', 't_ref': 0.0, 'tau_m': 10000000.0, 'tau_minus': 221.0, 'tau_plus': 81.0, 'tau_s': 0.0, 'time': 300, 'w_init': 0.0}
Score: 0.1180
100%|█████████▉| 537/538 [05:33<?, ?trial/s, best loss=?]                                                         Deleting files related to the current optimization iteration...
100%|█████████▉| 537/538 [05:33<?, ?trial/s, best loss=?]100%|██████████| 538/538 [05:33<00:00, 333.40s/trial, best loss: -0.43099999999999994]100%|██████████| 538/538 [05:33<00:00, 333.41s/trial, best loss: -0.43099999999999994]
100%|█████████▉| 538/539 [00:00<?, ?trial/s, best loss=?]                                                         Params: {'V_th': 10000, 'alpha': 8.641063601883376, 'decode_potentials': True, 'decoding_method': 'max', 'encoding_method': 'frequency', 'lr': 0.5513878979869318, 'max_features': 1.0, 'max_samples': 0.2, 'mu_minus': 0.7100000000000001, 'mu_plus': 0.66, 'n_estimators': 1, 'n_fields': None, 'neuron_model': 'iaf_psc_exp', 'ref_seq_interval': 3, 'resolution': 0.1, 'shift_minus': 0.15299915765984518, 'shift_plus': -0.09985477207422014, 'sigma_w': None, 'synapse_model': 'shifted_nn_restr_stdp_synapse', 't_ref': 0.0, 'tau_m': 10000000.0, 'tau_minus': 61.0, 'tau_plus': 161.0, 'tau_s': 0.0, 'time': 300, 'w_init': 0.0}
Score: 0.1020
100%|█████████▉| 538/539 [06:03<?, ?trial/s, best loss=?]                                                         Deleting files related to the current optimization iteration...
100%|█████████▉| 538/539 [06:03<?, ?trial/s, best loss=?]100%|██████████| 539/539 [06:03<00:00, 363.40s/trial, best loss: -0.43099999999999994]100%|██████████| 539/539 [06:03<00:00, 363.40s/trial, best loss: -0.43099999999999994]
100%|█████████▉| 539/540 [00:00<?, ?trial/s, best loss=?]                                                         Params: {'V_th': 10000, 'alpha': 6.9591007962723435, 'decode_potentials': True, 'decoding_method': 'max', 'encoding_method': 'frequency', 'lr': 0.4268181121033138, 'max_features': 1.0, 'max_samples': 0.2, 'mu_minus': 0.11, 'mu_plus': 0.51, 'n_estimators': 1, 'n_fields': None, 'neuron_model': 'iaf_psc_exp', 'ref_seq_interval': 6, 'resolution': 0.1, 'shift_minus': 0.001722519565539384, 'shift_plus': -0.125809461844618, 'sigma_w': None, 'synapse_model': 'shifted_nn_restr_stdp_synapse', 't_ref': 0.0, 'tau_m': 10000000.0, 'tau_minus': 201.0, 'tau_plus': 81.0, 'tau_s': 0.0, 'time': 300, 'w_init': 0.0}
Score: 0.1230
100%|█████████▉| 539/540 [05:33<?, ?trial/s, best loss=?]                                                         Deleting files related to the current optimization iteration...
100%|█████████▉| 539/540 [05:33<?, ?trial/s, best loss=?]100%|██████████| 540/540 [05:33<00:00, 333.40s/trial, best loss: -0.43099999999999994]100%|██████████| 540/540 [05:33<00:00, 333.40s/trial, best loss: -0.43099999999999994]
100%|█████████▉| 540/541 [00:00<?, ?trial/s, best loss=?]                                                         Params: {'V_th': 10000, 'alpha': 7.3522422718152765, 'decode_potentials': True, 'decoding_method': 'max', 'encoding_method': 'frequency', 'lr': 0.15575727800284891, 'max_features': 1.0, 'max_samples': 0.2, 'mu_minus': 0.31000000000000005, 'mu_plus': 0.6100000000000001, 'n_estimators': 1, 'n_fields': None, 'neuron_model': 'iaf_psc_exp', 'ref_seq_interval': 3, 'resolution': 0.1, 'shift_minus': 0.03045691776555097, 'shift_plus': -0.027667199812280004, 'sigma_w': None, 'synapse_model': 'shifted_nn_restr_stdp_synapse', 't_ref': 0.0, 'tau_m': 10000000.0, 'tau_minus': 141.0, 'tau_plus': 41.0, 'tau_s': 0.0, 'time': 300, 'w_init': 0.0}
Score: 0.1010
100%|█████████▉| 540/541 [05:33<?, ?trial/s, best loss=?]                                                         Deleting files related to the current optimization iteration...
100%|█████████▉| 540/541 [05:33<?, ?trial/s, best loss=?]100%|██████████| 541/541 [05:33<00:00, 333.44s/trial, best loss: -0.43099999999999994]100%|██████████| 541/541 [05:33<00:00, 333.44s/trial, best loss: -0.43099999999999994]
100%|█████████▉| 541/542 [00:00<?, ?trial/s, best loss=?]                                                         Params: {'V_th': 10000, 'alpha': 7.63270676778495, 'decode_potentials': True, 'decoding_method': 'max', 'encoding_method': 'frequency', 'lr': 0.3580198535650707, 'max_features': 1.0, 'max_samples': 0.2, 'mu_minus': 0.46, 'mu_plus': 0.16000000000000003, 'n_estimators': 1, 'n_fields': None, 'neuron_model': 'iaf_psc_exp', 'ref_seq_interval': 2, 'resolution': 0.1, 'shift_minus': 0.2576159161216585, 'shift_plus': -0.04839978748405178, 'sigma_w': None, 'synapse_model': 'shifted_nn_restr_stdp_synapse', 't_ref': 0.0, 'tau_m': 10000000.0, 'tau_minus': 41.0, 'tau_plus': 21.0, 'tau_s': 0.0, 'time': 300, 'w_init': 0.0}
Score: 0.0960
100%|█████████▉| 541/542 [06:03<?, ?trial/s, best loss=?]                                                         Deleting files related to the current optimization iteration...
100%|█████████▉| 541/542 [06:03<?, ?trial/s, best loss=?]100%|██████████| 542/542 [06:03<00:00, 363.23s/trial, best loss: -0.43099999999999994]100%|██████████| 542/542 [06:03<00:00, 363.23s/trial, best loss: -0.43099999999999994]
100%|█████████▉| 542/543 [00:00<?, ?trial/s, best loss=?]                                                         Params: {'V_th': 10000, 'alpha': 5.394852252972578, 'decode_potentials': True, 'decoding_method': 'max', 'encoding_method': 'frequency', 'lr': 0.49583263142341955, 'max_features': 1.0, 'max_samples': 0.2, 'mu_minus': 0.76, 'mu_plus': 0.91, 'n_estimators': 1, 'n_fields': None, 'neuron_model': 'iaf_psc_exp', 'ref_seq_interval': 9, 'resolution': 0.1, 'shift_minus': 0.08763345317631557, 'shift_plus': -0.00014677545822572302, 'sigma_w': None, 'synapse_model': 'shifted_nn_restr_stdp_synapse', 't_ref': 0.0, 'tau_m': 10000000.0, 'tau_minus': 61.0, 'tau_plus': 81.0, 'tau_s': 0.0, 'time': 300, 'w_init': 0.0}
Score: 0.1130
100%|█████████▉| 542/543 [05:33<?, ?trial/s, best loss=?]                                                         Deleting files related to the current optimization iteration...
100%|█████████▉| 542/543 [05:33<?, ?trial/s, best loss=?]100%|██████████| 543/543 [05:33<00:00, 333.39s/trial, best loss: -0.43099999999999994]100%|██████████| 543/543 [05:33<00:00, 333.39s/trial, best loss: -0.43099999999999994]
100%|█████████▉| 543/544 [00:00<?, ?trial/s, best loss=?]                                                         Params: {'V_th': 10000, 'alpha': 7.895597468093916, 'decode_potentials': True, 'decoding_method': 'max', 'encoding_method': 'frequency', 'lr': 0.26046203272578206, 'max_features': 1.0, 'max_samples': 0.2, 'mu_minus': 0.16000000000000003, 'mu_plus': 0.26, 'n_estimators': 1, 'n_fields': None, 'neuron_model': 'iaf_psc_exp', 'ref_seq_interval': 3, 'resolution': 0.1, 'shift_minus': 0.056191018932030226, 'shift_plus': -0.11291728461348058, 'sigma_w': None, 'synapse_model': 'shifted_nn_restr_stdp_synapse', 't_ref': 0.0, 'tau_m': 10000000.0, 'tau_minus': 101.0, 'tau_plus': 241.0, 'tau_s': 0.0, 'time': 300, 'w_init': 0.0}
Score: 0.1000
100%|█████████▉| 543/544 [06:03<?, ?trial/s, best loss=?]                                                         Deleting files related to the current optimization iteration...
100%|█████████▉| 543/544 [06:03<?, ?trial/s, best loss=?]100%|██████████| 544/544 [06:03<00:00, 363.48s/trial, best loss: -0.43099999999999994]100%|██████████| 544/544 [06:03<00:00, 363.49s/trial, best loss: -0.43099999999999994]
100%|█████████▉| 544/545 [00:00<?, ?trial/s, best loss=?]                                                         Params: {'V_th': 10000, 'alpha': 6.166805443350876, 'decode_potentials': True, 'decoding_method': 'max', 'encoding_method': 'frequency', 'lr': 0.5718103885876595, 'max_features': 1.0, 'max_samples': 0.2, 'mu_minus': 0.7100000000000001, 'mu_plus': 0.46, 'n_estimators': 1, 'n_fields': None, 'neuron_model': 'iaf_psc_exp', 'ref_seq_interval': 3, 'resolution': 0.1, 'shift_minus': 0.043099972382562246, 'shift_plus': -0.8098543975503906, 'sigma_w': None, 'synapse_model': 'shifted_nn_restr_stdp_synapse', 't_ref': 0.0, 'tau_m': 10000000.0, 'tau_minus': 41.0, 'tau_plus': 81.0, 'tau_s': 0.0, 'time': 300, 'w_init': 0.0}
Score: 0.0950
100%|█████████▉| 544/545 [06:03<?, ?trial/s, best loss=?]                                                         Deleting files related to the current optimization iteration...
100%|█████████▉| 544/545 [06:03<?, ?trial/s, best loss=?]100%|██████████| 545/545 [06:03<00:00, 363.42s/trial, best loss: -0.43099999999999994]100%|██████████| 545/545 [06:03<00:00, 363.42s/trial, best loss: -0.43099999999999994]
100%|█████████▉| 545/546 [00:00<?, ?trial/s, best loss=?]                                                         Params: {'V_th': 10000, 'alpha': 7.695594171145859, 'decode_potentials': True, 'decoding_method': 'max', 'encoding_method': 'frequency', 'lr': 0.4555968750715788, 'max_features': 1.0, 'max_samples': 0.2, 'mu_minus': 0.21000000000000002, 'mu_plus': 0.9600000000000001, 'n_estimators': 1, 'n_fields': None, 'neuron_model': 'iaf_psc_exp', 'ref_seq_interval': 3, 'resolution': 0.1, 'shift_minus': 0.0006382627488878681, 'shift_plus': -0.0018861379993167435, 'sigma_w': None, 'synapse_model': 'shifted_nn_restr_stdp_synapse', 't_ref': 0.0, 'tau_m': 10000000.0, 'tau_minus': 61.0, 'tau_plus': 261.0, 'tau_s': 0.0, 'time': 300, 'w_init': 0.0}
Score: 0.4390
100%|█████████▉| 545/546 [06:03<?, ?trial/s, best loss=?]                                                         Deleting files related to the current optimization iteration...
100%|█████████▉| 545/546 [06:03<?, ?trial/s, best loss=?]100%|██████████| 546/546 [06:03<00:00, 363.39s/trial, best loss: -0.439]100%|██████████| 546/546 [06:03<00:00, 363.39s/trial, best loss: -0.439]
100%|█████████▉| 546/547 [00:00<?, ?trial/s, best loss=?]                                                         Params: {'V_th': 10000, 'alpha': 8.925124526735177, 'decode_potentials': True, 'decoding_method': 'max', 'encoding_method': 'frequency', 'lr': 0.40267696049810653, 'max_features': 1.0, 'max_samples': 0.2, 'mu_minus': 0.21000000000000002, 'mu_plus': 0.9600000000000001, 'n_estimators': 1, 'n_fields': None, 'neuron_model': 'iaf_psc_exp', 'ref_seq_interval': 3, 'resolution': 0.1, 'shift_minus': 0.22156988094647187, 'shift_plus': -0.05951650085383425, 'sigma_w': None, 'synapse_model': 'shifted_nn_restr_stdp_synapse', 't_ref': 0.0, 'tau_m': 10000000.0, 'tau_minus': 141.0, 'tau_plus': 261.0, 'tau_s': 0.0, 'time': 300, 'w_init': 0.0}
Score: 0.1070
100%|█████████▉| 546/547 [06:03<?, ?trial/s, best loss=?]                                                         Deleting files related to the current optimization iteration...
100%|█████████▉| 546/547 [06:03<?, ?trial/s, best loss=?]100%|██████████| 547/547 [06:03<00:00, 363.34s/trial, best loss: -0.439]100%|██████████| 547/547 [06:03<00:00, 363.34s/trial, best loss: -0.439]
100%|█████████▉| 547/548 [00:00<?, ?trial/s, best loss=?]                                                         Params: {'V_th': 10000, 'alpha': 8.480754635580597, 'decode_potentials': True, 'decoding_method': 'max', 'encoding_method': 'frequency', 'lr': 0.34674885740059885, 'max_features': 1.0, 'max_samples': 0.2, 'mu_minus': 0.21000000000000002, 'mu_plus': 0.9600000000000001, 'n_estimators': 1, 'n_fields': None, 'neuron_model': 'iaf_psc_exp', 'ref_seq_interval': 3, 'resolution': 0.1, 'shift_minus': 0.019383115266262147, 'shift_plus': -0.022810376489524463, 'sigma_w': None, 'synapse_model': 'shifted_nn_restr_stdp_synapse', 't_ref': 0.0, 'tau_m': 10000000.0, 'tau_minus': 161.0, 'tau_plus': 201.0, 'tau_s': 0.0, 'time': 300, 'w_init': 0.0}
Score: 0.1180
100%|█████████▉| 547/548 [06:03<?, ?trial/s, best loss=?]                                                         Deleting files related to the current optimization iteration...
100%|█████████▉| 547/548 [06:03<?, ?trial/s, best loss=?]100%|██████████| 548/548 [06:03<00:00, 363.46s/trial, best loss: -0.439]100%|██████████| 548/548 [06:03<00:00, 363.47s/trial, best loss: -0.439]
100%|█████████▉| 548/549 [00:00<?, ?trial/s, best loss=?]                                                         Params: {'V_th': 10000, 'alpha': 9.795957450298683, 'decode_potentials': True, 'decoding_method': 'max', 'encoding_method': 'frequency', 'lr': 0.32523519998458705, 'max_features': 1.0, 'max_samples': 0.2, 'mu_minus': 0.21000000000000002, 'mu_plus': 0.9600000000000001, 'n_estimators': 1, 'n_fields': None, 'neuron_model': 'iaf_psc_exp', 'ref_seq_interval': 3, 'resolution': 0.1, 'shift_minus': 0.2788701514294776, 'shift_plus': -0.001461633538911192, 'sigma_w': None, 'synapse_model': 'shifted_nn_restr_stdp_synapse', 't_ref': 0.0, 'tau_m': 10000000.0, 'tau_minus': 121.0, 'tau_plus': 261.0, 'tau_s': 0.0, 'time': 300, 'w_init': 0.0}
Score: 0.1020
100%|█████████▉| 548/549 [06:03<?, ?trial/s, best loss=?]                                                         Deleting files related to the current optimization iteration...
100%|█████████▉| 548/549 [06:03<?, ?trial/s, best loss=?]100%|██████████| 549/549 [06:03<00:00, 363.37s/trial, best loss: -0.439]100%|██████████| 549/549 [06:03<00:00, 363.37s/trial, best loss: -0.439]
100%|█████████▉| 549/550 [00:00<?, ?trial/s, best loss=?]                                                         Params: {'V_th': 10000, 'alpha': 1675.1284024237304, 'decode_potentials': True, 'decoding_method': 'max', 'encoding_method': 'frequency', 'lr': 0.5107926227455826, 'max_features': 1.0, 'max_samples': 0.2, 'mu_minus': 0.21000000000000002, 'mu_plus': 0.9600000000000001, 'n_estimators': 1, 'n_fields': None, 'neuron_model': 'iaf_psc_exp', 'ref_seq_interval': 3, 'resolution': 0.1, 'shift_minus': 0.00016055404133849828, 'shift_plus': -0.031219992748021723, 'sigma_w': None, 'synapse_model': 'shifted_nn_restr_stdp_synapse', 't_ref': 0.0, 'tau_m': 10000000.0, 'tau_minus': 1.0, 'tau_plus': 261.0, 'tau_s': 0.0, 'time': 300, 'w_init': 0.0}
Score: 0.2220
100%|█████████▉| 549/550 [06:03<?, ?trial/s, best loss=?]                                                         Deleting files related to the current optimization iteration...
100%|█████████▉| 549/550 [06:03<?, ?trial/s, best loss=?]100%|██████████| 550/550 [06:03<00:00, 363.34s/trial, best loss: -0.439]100%|██████████| 550/550 [06:03<00:00, 363.34s/trial, best loss: -0.439]
100%|█████████▉| 550/551 [00:00<?, ?trial/s, best loss=?]                                                         Params: {'V_th': 10000, 'alpha': 1666.4812794216054, 'decode_potentials': True, 'decoding_method': 'max', 'encoding_method': 'frequency', 'lr': 0.44769418743154576, 'max_features': 1.0, 'max_samples': 0.2, 'mu_minus': 0.21000000000000002, 'mu_plus': 0.9600000000000001, 'n_estimators': 1, 'n_fields': None, 'neuron_model': 'iaf_psc_exp', 'ref_seq_interval': 3, 'resolution': 0.1, 'shift_minus': 0.07886789034399871, 'shift_plus': -0.01965267969618703, 'sigma_w': None, 'synapse_model': 'shifted_nn_restr_stdp_synapse', 't_ref': 0.0, 'tau_m': 10000000.0, 'tau_minus': 1.0, 'tau_plus': 261.0, 'tau_s': 0.0, 'time': 300, 'w_init': 0.0}
Score: 0.0950
100%|█████████▉| 550/551 [06:03<?, ?trial/s, best loss=?]                                                         Deleting files related to the current optimization iteration...
100%|█████████▉| 550/551 [06:03<?, ?trial/s, best loss=?]100%|██████████| 551/551 [06:03<00:00, 363.57s/trial, best loss: -0.439]100%|██████████| 551/551 [06:03<00:00, 363.57s/trial, best loss: -0.439]
100%|█████████▉| 551/552 [00:00<?, ?trial/s, best loss=?]                                                         Params: {'V_th': 10000, 'alpha': 410.69083709780836, 'decode_potentials': True, 'decoding_method': 'max', 'encoding_method': 'frequency', 'lr': 0.2270077369384491, 'max_features': 1.0, 'max_samples': 0.2, 'mu_minus': 0.21000000000000002, 'mu_plus': 0.9600000000000001, 'n_estimators': 1, 'n_fields': None, 'neuron_model': 'iaf_psc_exp', 'ref_seq_interval': 3, 'resolution': 0.1, 'shift_minus': 0.03087697787659564, 'shift_plus': -0.03547344089848383, 'sigma_w': None, 'synapse_model': 'shifted_nn_restr_stdp_synapse', 't_ref': 0.0, 'tau_m': 10000000.0, 'tau_minus': 1.0, 'tau_plus': 261.0, 'tau_s': 0.0, 'time': 300, 'w_init': 0.0}
Score: 0.1040
100%|█████████▉| 551/552 [06:03<?, ?trial/s, best loss=?]                                                         Deleting files related to the current optimization iteration...
100%|█████████▉| 551/552 [06:03<?, ?trial/s, best loss=?]100%|██████████| 552/552 [06:03<00:00, 363.55s/trial, best loss: -0.439]100%|██████████| 552/552 [06:03<00:00, 363.55s/trial, best loss: -0.439]
100%|█████████▉| 552/553 [00:00<?, ?trial/s, best loss=?]                                                         Params: {'V_th': 10000, 'alpha': 2977.1612132824207, 'decode_potentials': True, 'decoding_method': 'max', 'encoding_method': 'frequency', 'lr': 0.2957792269488796, 'max_features': 1.0, 'max_samples': 0.2, 'mu_minus': 0.21000000000000002, 'mu_plus': 0.9600000000000001, 'n_estimators': 1, 'n_fields': None, 'neuron_model': 'iaf_psc_exp', 'ref_seq_interval': 3, 'resolution': 0.1, 'shift_minus': 0.0004715784769941776, 'shift_plus': -0.002982926600685115, 'sigma_w': None, 'synapse_model': 'shifted_nn_restr_stdp_synapse', 't_ref': 0.0, 'tau_m': 10000000.0, 'tau_minus': 1.0, 'tau_plus': 261.0, 'tau_s': 0.0, 'time': 300, 'w_init': 0.0}
Score: 0.3340
100%|█████████▉| 552/553 [06:03<?, ?trial/s, best loss=?]                                                         Deleting files related to the current optimization iteration...
100%|█████████▉| 552/553 [06:03<?, ?trial/s, best loss=?]100%|██████████| 553/553 [06:03<00:00, 363.31s/trial, best loss: -0.439]100%|██████████| 553/553 [06:03<00:00, 363.31s/trial, best loss: -0.439]
100%|█████████▉| 553/554 [00:00<?, ?trial/s, best loss=?]                                                         Params: {'V_th': 10000, 'alpha': 1404.6491454920967, 'decode_potentials': True, 'decoding_method': 'max', 'encoding_method': 'frequency', 'lr': 0.10325535994517471, 'max_features': 1.0, 'max_samples': 0.2, 'mu_minus': 0.21000000000000002, 'mu_plus': 0.9600000000000001, 'n_estimators': 1, 'n_fields': None, 'neuron_model': 'iaf_psc_exp', 'ref_seq_interval': 3, 'resolution': 0.1, 'shift_minus': 0.012813801828458652, 'shift_plus': -0.06789413940579225, 'sigma_w': None, 'synapse_model': 'shifted_nn_restr_stdp_synapse', 't_ref': 0.0, 'tau_m': 10000000.0, 'tau_minus': 1.0, 'tau_plus': 261.0, 'tau_s': 0.0, 'time': 300, 'w_init': 0.0}
Score: 0.1080
100%|█████████▉| 553/554 [06:03<?, ?trial/s, best loss=?]                                                         Deleting files related to the current optimization iteration...
100%|█████████▉| 553/554 [06:03<?, ?trial/s, best loss=?]100%|██████████| 554/554 [06:03<00:00, 363.43s/trial, best loss: -0.439]100%|██████████| 554/554 [06:03<00:00, 363.43s/trial, best loss: -0.439]
100%|█████████▉| 554/555 [00:00<?, ?trial/s, best loss=?]                                                         Params: {'V_th': 10000, 'alpha': 2568.6959202681073, 'decode_potentials': True, 'decoding_method': 'max', 'encoding_method': 'frequency', 'lr': 0.06377265410147964, 'max_features': 1.0, 'max_samples': 0.2, 'mu_minus': 0.21000000000000002, 'mu_plus': 0.9600000000000001, 'n_estimators': 1, 'n_fields': None, 'neuron_model': 'iaf_psc_exp', 'ref_seq_interval': 3, 'resolution': 0.1, 'shift_minus': 0.104331363538447, 'shift_plus': -0.7352903101643956, 'sigma_w': None, 'synapse_model': 'shifted_nn_restr_stdp_synapse', 't_ref': 0.0, 'tau_m': 10000000.0, 'tau_minus': 1.0, 'tau_plus': 261.0, 'tau_s': 0.0, 'time': 300, 'w_init': 0.0}
Score: 0.0970
100%|█████████▉| 554/555 [05:33<?, ?trial/s, best loss=?]                                                         Deleting files related to the current optimization iteration...
100%|█████████▉| 554/555 [05:33<?, ?trial/s, best loss=?]100%|██████████| 555/555 [05:33<00:00, 333.25s/trial, best loss: -0.439]100%|██████████| 555/555 [05:33<00:00, 333.25s/trial, best loss: -0.439]
100%|█████████▉| 555/556 [00:00<?, ?trial/s, best loss=?]                                                         Params: {'V_th': 10000, 'alpha': 1076.7236433301307, 'decode_potentials': True, 'decoding_method': 'max', 'encoding_method': 'frequency', 'lr': 0.2881814170999462, 'max_features': 1.0, 'max_samples': 0.2, 'mu_minus': 0.21000000000000002, 'mu_plus': 0.9600000000000001, 'n_estimators': 1, 'n_fields': None, 'neuron_model': 'iaf_psc_exp', 'ref_seq_interval': 3, 'resolution': 0.1, 'shift_minus': 0.05351112923941018, 'shift_plus': -0.001492022750964207, 'sigma_w': None, 'synapse_model': 'shifted_nn_restr_stdp_synapse', 't_ref': 0.0, 'tau_m': 10000000.0, 'tau_minus': 1.0, 'tau_plus': 261.0, 'tau_s': 0.0, 'time': 300, 'w_init': 0.0}
Score: 0.1130
100%|█████████▉| 555/556 [06:03<?, ?trial/s, best loss=?]                                                         Deleting files related to the current optimization iteration...
100%|█████████▉| 555/556 [06:03<?, ?trial/s, best loss=?]100%|██████████| 556/556 [06:03<00:00, 363.44s/trial, best loss: -0.439]100%|██████████| 556/556 [06:03<00:00, 363.44s/trial, best loss: -0.439]
100%|█████████▉| 556/557 [00:00<?, ?trial/s, best loss=?]                                                         Params: {'V_th': 10000, 'alpha': 100.25935989800638, 'decode_potentials': True, 'decoding_method': 'max', 'encoding_method': 'frequency', 'lr': 0.16701390801805968, 'max_features': 1.0, 'max_samples': 0.2, 'mu_minus': 0.21000000000000002, 'mu_plus': 0.9600000000000001, 'n_estimators': 1, 'n_fields': None, 'neuron_model': 'iaf_psc_exp', 'ref_seq_interval': 3, 'resolution': 0.1, 'shift_minus': 0.0664475705306993, 'shift_plus': -0.01760144851742436, 'sigma_w': None, 'synapse_model': 'shifted_nn_restr_stdp_synapse', 't_ref': 0.0, 'tau_m': 10000000.0, 'tau_minus': 1.0, 'tau_plus': 261.0, 'tau_s': 0.0, 'time': 300, 'w_init': 0.0}
Score: 0.0960
100%|█████████▉| 556/557 [06:03<?, ?trial/s, best loss=?]                                                         Deleting files related to the current optimization iteration...
100%|█████████▉| 556/557 [06:03<?, ?trial/s, best loss=?]100%|██████████| 557/557 [06:03<00:00, 363.81s/trial, best loss: -0.439]100%|██████████| 557/557 [06:03<00:00, 363.81s/trial, best loss: -0.439]
100%|█████████▉| 557/558 [00:00<?, ?trial/s, best loss=?]                                                         Params: {'V_th': 10000, 'alpha': 843.6004925972788, 'decode_potentials': True, 'decoding_method': 'max', 'encoding_method': 'frequency', 'lr': 0.18835194578232012, 'max_features': 1.0, 'max_samples': 0.2, 'mu_minus': 0.21000000000000002, 'mu_plus': 0.9600000000000001, 'n_estimators': 1, 'n_fields': None, 'neuron_model': 'iaf_psc_exp', 'ref_seq_interval': 3, 'resolution': 0.1, 'shift_minus': 0.04264793455556052, 'shift_plus': -0.04802707761180895, 'sigma_w': None, 'synapse_model': 'shifted_nn_restr_stdp_synapse', 't_ref': 0.0, 'tau_m': 10000000.0, 'tau_minus': 1.0, 'tau_plus': 261.0, 'tau_s': 0.0, 'time': 300, 'w_init': 0.0}
Score: 0.0920
100%|█████████▉| 557/558 [06:03<?, ?trial/s, best loss=?]                                                         Deleting files related to the current optimization iteration...
100%|█████████▉| 557/558 [06:03<?, ?trial/s, best loss=?]100%|██████████| 558/558 [06:03<00:00, 363.73s/trial, best loss: -0.439]100%|██████████| 558/558 [06:03<00:00, 363.74s/trial, best loss: -0.439]
100%|█████████▉| 558/559 [00:00<?, ?trial/s, best loss=?]                                                         Params: {'V_th': 10000, 'alpha': 204.8565147415839, 'decode_potentials': True, 'decoding_method': 'max', 'encoding_method': 'frequency', 'lr': 0.2038446867074023, 'max_features': 1.0, 'max_samples': 0.2, 'mu_minus': 0.21000000000000002, 'mu_plus': 0.9600000000000001, 'n_estimators': 1, 'n_fields': None, 'neuron_model': 'iaf_psc_exp', 'ref_seq_interval': 3, 'resolution': 0.1, 'shift_minus': 0.021925359183523122, 'shift_plus': -0.0005990727745792124, 'sigma_w': None, 'synapse_model': 'shifted_nn_restr_stdp_synapse', 't_ref': 0.0, 'tau_m': 10000000.0, 'tau_minus': 1.0, 'tau_plus': 121.0, 'tau_s': 0.0, 'time': 300, 'w_init': 0.0}
Score: 0.1400
100%|█████████▉| 558/559 [06:03<?, ?trial/s, best loss=?]                                                         Deleting files related to the current optimization iteration...
100%|█████████▉| 558/559 [06:03<?, ?trial/s, best loss=?]100%|██████████| 559/559 [06:03<00:00, 363.39s/trial, best loss: -0.439]100%|██████████| 559/559 [06:03<00:00, 363.39s/trial, best loss: -0.439]
100%|█████████▉| 559/560 [00:00<?, ?trial/s, best loss=?]                                                         Params: {'V_th': 10000, 'alpha': 650.4793957424902, 'decode_potentials': True, 'decoding_method': 'max', 'encoding_method': 'frequency', 'lr': 0.26235786928463306, 'max_features': 1.0, 'max_samples': 0.2, 'mu_minus': 0.21000000000000002, 'mu_plus': 0.9600000000000001, 'n_estimators': 1, 'n_fields': None, 'neuron_model': 'iaf_psc_exp', 'ref_seq_interval': 3, 'resolution': 0.1, 'shift_minus': 0.09388137665964333, 'shift_plus': -0.0746977912782742, 'sigma_w': None, 'synapse_model': 'shifted_nn_restr_stdp_synapse', 't_ref': 0.0, 'tau_m': 10000000.0, 'tau_minus': 1.0, 'tau_plus': 261.0, 'tau_s': 0.0, 'time': 300, 'w_init': 0.0}
Score: 0.0980
100%|█████████▉| 559/560 [06:03<?, ?trial/s, best loss=?]                                                         Deleting files related to the current optimization iteration...
100%|█████████▉| 559/560 [06:03<?, ?trial/s, best loss=?]100%|██████████| 560/560 [06:03<00:00, 363.38s/trial, best loss: -0.439]100%|██████████| 560/560 [06:03<00:00, 363.39s/trial, best loss: -0.439]
100%|█████████▉| 560/561 [00:00<?, ?trial/s, best loss=?]                                                         Params: {'V_th': 10000, 'alpha': 363.7536054823572, 'decode_potentials': True, 'decoding_method': 'max', 'encoding_method': 'frequency', 'lr': 0.24225583038284645, 'max_features': 1.0, 'max_samples': 0.2, 'mu_minus': 0.21000000000000002, 'mu_plus': 0.9600000000000001, 'n_estimators': 1, 'n_fields': None, 'neuron_model': 'iaf_psc_exp', 'ref_seq_interval': 3, 'resolution': 0.1, 'shift_minus': 0.009433975979657025, 'shift_plus': -0.12004213346429161, 'sigma_w': None, 'synapse_model': 'shifted_nn_restr_stdp_synapse', 't_ref': 0.0, 'tau_m': 10000000.0, 'tau_minus': 1.0, 'tau_plus': 261.0, 'tau_s': 0.0, 'time': 300, 'w_init': 0.0}
Score: 0.1060
100%|█████████▉| 560/561 [06:03<?, ?trial/s, best loss=?]                                                         Deleting files related to the current optimization iteration...
100%|█████████▉| 560/561 [06:03<?, ?trial/s, best loss=?]100%|██████████| 561/561 [06:03<00:00, 363.25s/trial, best loss: -0.439]100%|██████████| 561/561 [06:03<00:00, 363.25s/trial, best loss: -0.439]
100%|█████████▉| 561/562 [00:00<?, ?trial/s, best loss=?]                                                         Params: {'V_th': 10000, 'alpha': 63.71222299697002, 'decode_potentials': True, 'decoding_method': 'max', 'encoding_method': 'frequency', 'lr': 0.3047081946844611, 'max_features': 1.0, 'max_samples': 0.2, 'mu_minus': 0.21000000000000002, 'mu_plus': 0.9600000000000001, 'n_estimators': 1, 'n_fields': None, 'neuron_model': 'iaf_psc_exp', 'ref_seq_interval': 3, 'resolution': 0.1, 'shift_minus': 0.030946735344524214, 'shift_plus': -0.04540598812724185, 'sigma_w': None, 'synapse_model': 'shifted_nn_restr_stdp_synapse', 't_ref': 0.0, 'tau_m': 10000000.0, 'tau_minus': 1.0, 'tau_plus': 261.0, 'tau_s': 0.0, 'time': 300, 'w_init': 0.0}
Score: 0.0920
100%|█████████▉| 561/562 [06:03<?, ?trial/s, best loss=?]                                                         Deleting files related to the current optimization iteration...
100%|█████████▉| 561/562 [06:03<?, ?trial/s, best loss=?]100%|██████████| 562/562 [06:03<00:00, 363.29s/trial, best loss: -0.439]100%|██████████| 562/562 [06:03<00:00, 363.29s/trial, best loss: -0.439]
100%|█████████▉| 562/563 [00:00<?, ?trial/s, best loss=?]                                                         Params: {'V_th': 10000, 'alpha': 2058.7710815598434, 'decode_potentials': True, 'decoding_method': 'max', 'encoding_method': 'frequency', 'lr': 0.3302683259853547, 'max_features': 1.0, 'max_samples': 0.2, 'mu_minus': 0.21000000000000002, 'mu_plus': 0.36000000000000004, 'n_estimators': 1, 'n_fields': None, 'neuron_model': 'iaf_psc_exp', 'ref_seq_interval': 3, 'resolution': 0.1, 'shift_minus': 0.06147650259804316, 'shift_plus': -0.13886675106796478, 'sigma_w': None, 'synapse_model': 'shifted_nn_restr_stdp_synapse', 't_ref': 0.0, 'tau_m': 10000000.0, 'tau_minus': 221.0, 'tau_plus': 261.0, 'tau_s': 0.0, 'time': 300, 'w_init': 0.0}
Score: 0.0910
100%|█████████▉| 562/563 [06:03<?, ?trial/s, best loss=?]                                                         Deleting files related to the current optimization iteration...
100%|█████████▉| 562/563 [06:03<?, ?trial/s, best loss=?]100%|██████████| 563/563 [06:03<00:00, 363.51s/trial, best loss: -0.439]100%|██████████| 563/563 [06:03<00:00, 363.51s/trial, best loss: -0.439]
100%|█████████▉| 563/564 [00:00<?, ?trial/s, best loss=?]                                                         Params: {'V_th': 10000, 'alpha': 448.18857513704995, 'decode_potentials': True, 'decoding_method': 'max', 'encoding_method': 'frequency', 'lr': 0.2181704798296468, 'max_features': 1.0, 'max_samples': 0.2, 'mu_minus': 0.21000000000000002, 'mu_plus': 0.9600000000000001, 'n_estimators': 1, 'n_fields': None, 'neuron_model': 'iaf_psc_exp', 'ref_seq_interval': 3, 'resolution': 0.1, 'shift_minus': 0.12978760024861846, 'shift_plus': -0.0052685883472705225, 'sigma_w': None, 'synapse_model': 'shifted_nn_restr_stdp_synapse', 't_ref': 0.0, 'tau_m': 10000000.0, 'tau_minus': 61.0, 'tau_plus': 261.0, 'tau_s': 0.0, 'time': 300, 'w_init': 0.0}
Score: 0.1170
100%|█████████▉| 563/564 [06:03<?, ?trial/s, best loss=?]                                                         Deleting files related to the current optimization iteration...
100%|█████████▉| 563/564 [06:03<?, ?trial/s, best loss=?]100%|██████████| 564/564 [06:03<00:00, 363.61s/trial, best loss: -0.439]100%|██████████| 564/564 [06:03<00:00, 363.61s/trial, best loss: -0.439]
100%|█████████▉| 564/565 [00:00<?, ?trial/s, best loss=?]                                                         Params: {'V_th': 10000, 'alpha': 156.7509112368177, 'decode_potentials': True, 'decoding_method': 'max', 'encoding_method': 'frequency', 'lr': 0.28114166292644416, 'max_features': 1.0, 'max_samples': 0.2, 'mu_minus': 0.21000000000000002, 'mu_plus': 0.9600000000000001, 'n_estimators': 1, 'n_fields': None, 'neuron_model': 'iaf_psc_exp', 'ref_seq_interval': 3, 'resolution': 0.1, 'shift_minus': 0.08046840660419953, 'shift_plus': -0.0010911119761256752, 'sigma_w': None, 'synapse_model': 'shifted_nn_restr_stdp_synapse', 't_ref': 0.0, 'tau_m': 10000000.0, 'tau_minus': 81.0, 'tau_plus': 261.0, 'tau_s': 0.0, 'time': 300, 'w_init': 0.0}
Score: 0.1220
100%|█████████▉| 564/565 [06:03<?, ?trial/s, best loss=?]                                                         Deleting files related to the current optimization iteration...
100%|█████████▉| 564/565 [06:03<?, ?trial/s, best loss=?]100%|██████████| 565/565 [06:03<00:00, 363.47s/trial, best loss: -0.439]100%|██████████| 565/565 [06:03<00:00, 363.47s/trial, best loss: -0.439]
100%|█████████▉| 565/566 [00:00<?, ?trial/s, best loss=?]                                                         Params: {'V_th': 10000, 'alpha': 527.6181689184914, 'decode_potentials': True, 'decoding_method': 'max', 'encoding_method': 'frequency', 'lr': 0.37811006125835384, 'max_features': 1.0, 'max_samples': 0.2, 'mu_minus': 0.21000000000000002, 'mu_plus': 0.9600000000000001, 'n_estimators': 1, 'n_fields': None, 'neuron_model': 'iaf_psc_exp', 'ref_seq_interval': 3, 'resolution': 0.1, 'shift_minus': 0.16861605344172204, 'shift_plus': -0.669731332106329, 'sigma_w': None, 'synapse_model': 'shifted_nn_restr_stdp_synapse', 't_ref': 0.0, 'tau_m': 10000000.0, 'tau_minus': 41.0, 'tau_plus': 261.0, 'tau_s': 0.0, 'time': 300, 'w_init': 0.0}
Score: 0.1000
100%|█████████▉| 565/566 [06:03<?, ?trial/s, best loss=?]                                                         Deleting files related to the current optimization iteration...
100%|█████████▉| 565/566 [06:03<?, ?trial/s, best loss=?]100%|██████████| 566/566 [06:03<00:00, 363.36s/trial, best loss: -0.439]100%|██████████| 566/566 [06:03<00:00, 363.36s/trial, best loss: -0.439]
100%|█████████▉| 566/567 [00:00<?, ?trial/s, best loss=?]                                                         Params: {'V_th': 10000, 'alpha': 1298.6277213127216, 'decode_potentials': True, 'decoding_method': 'max', 'encoding_method': 'frequency', 'lr': 0.1418977973404272, 'max_features': 1.0, 'max_samples': 0.2, 'mu_minus': 0.91, 'mu_plus': 0.21000000000000002, 'n_estimators': 1, 'n_fields': None, 'neuron_model': 'iaf_psc_exp', 'ref_seq_interval': 3, 'resolution': 0.1, 'shift_minus': 0.11245519356173585, 'shift_plus': -0.16253989467313018, 'sigma_w': None, 'synapse_model': 'shifted_nn_restr_stdp_synapse', 't_ref': 0.0, 'tau_m': 10000000.0, 'tau_minus': 1.0, 'tau_plus': 261.0, 'tau_s': 0.0, 'time': 300, 'w_init': 0.0}
Score: 0.1090
100%|█████████▉| 566/567 [06:03<?, ?trial/s, best loss=?]                                                         Deleting files related to the current optimization iteration...
100%|█████████▉| 566/567 [06:03<?, ?trial/s, best loss=?]100%|██████████| 567/567 [06:03<00:00, 363.29s/trial, best loss: -0.439]100%|██████████| 567/567 [06:03<00:00, 363.29s/trial, best loss: -0.439]
100%|█████████▉| 567/568 [00:00<?, ?trial/s, best loss=?]                                                         Params: {'V_th': 10000, 'alpha': 125.86056231059877, 'decode_potentials': True, 'decoding_method': 'max', 'encoding_method': 'frequency', 'lr': 0.29601223979733593, 'max_features': 1.0, 'max_samples': 0.2, 'mu_minus': 0.81, 'mu_plus': 0.9600000000000001, 'n_estimators': 1, 'n_fields': None, 'neuron_model': 'iaf_psc_exp', 'ref_seq_interval': 3, 'resolution': 0.1, 'shift_minus': 0.04605363682356244, 'shift_plus': -0.0010778626911163384, 'sigma_w': None, 'synapse_model': 'shifted_nn_restr_stdp_synapse', 't_ref': 0.0, 'tau_m': 10000000.0, 'tau_minus': 201.0, 'tau_plus': 261.0, 'tau_s': 0.0, 'time': 300, 'w_init': 0.0}
Score: 0.1140
100%|█████████▉| 567/568 [06:03<?, ?trial/s, best loss=?]                                                         Deleting files related to the current optimization iteration...
100%|█████████▉| 567/568 [06:03<?, ?trial/s, best loss=?]100%|██████████| 568/568 [06:03<00:00, 363.26s/trial, best loss: -0.439]100%|██████████| 568/568 [06:03<00:00, 363.26s/trial, best loss: -0.439]
100%|█████████▉| 568/569 [00:00<?, ?trial/s, best loss=?]                                                         Params: {'V_th': 10000, 'alpha': 52.608985552565784, 'decode_potentials': True, 'decoding_method': 'max', 'encoding_method': 'frequency', 'lr': 0.3594461892616986, 'max_features': 1.0, 'max_samples': 0.2, 'mu_minus': 0.26, 'mu_plus': 0.31000000000000005, 'n_estimators': 1, 'n_fields': None, 'neuron_model': 'iaf_psc_exp', 'ref_seq_interval': 3, 'resolution': 0.1, 'shift_minus': 0.02272730142391456, 'shift_plus': -0.07743702455015863, 'sigma_w': None, 'synapse_model': 'shifted_nn_restr_stdp_synapse', 't_ref': 0.0, 'tau_m': 10000000.0, 'tau_minus': 141.0, 'tau_plus': 261.0, 'tau_s': 0.0, 'time': 300, 'w_init': 0.0}
Score: 0.0940
100%|█████████▉| 568/569 [06:03<?, ?trial/s, best loss=?]                                                         Deleting files related to the current optimization iteration...
100%|█████████▉| 568/569 [06:03<?, ?trial/s, best loss=?]100%|██████████| 569/569 [06:03<00:00, 363.44s/trial, best loss: -0.439]100%|██████████| 569/569 [06:03<00:00, 363.44s/trial, best loss: -0.439]
100%|█████████▉| 569/570 [00:00<?, ?trial/s, best loss=?]                                                         Params: {'V_th': 10000, 'alpha': 2910.46973740642, 'decode_potentials': True, 'decoding_method': 'max', 'encoding_method': 'frequency', 'lr': 0.2514155106706612, 'max_features': 1.0, 'max_samples': 0.2, 'mu_minus': 0.7100000000000001, 'mu_plus': 0.26, 'n_estimators': 1, 'n_fields': None, 'neuron_model': 'iaf_psc_exp', 'ref_seq_interval': 3, 'resolution': 0.1, 'shift_minus': 0.0356751143703529, 'shift_plus': -0.10024850539824136, 'sigma_w': None, 'synapse_model': 'shifted_nn_restr_stdp_synapse', 't_ref': 0.0, 'tau_m': 10000000.0, 'tau_minus': 61.0, 'tau_plus': 261.0, 'tau_s': 0.0, 'time': 300, 'w_init': 0.0}
Score: 0.0890
100%|█████████▉| 569/570 [06:03<?, ?trial/s, best loss=?]                                                         Deleting files related to the current optimization iteration...
100%|█████████▉| 569/570 [06:03<?, ?trial/s, best loss=?]100%|██████████| 570/570 [06:03<00:00, 363.57s/trial, best loss: -0.439]100%|██████████| 570/570 [06:03<00:00, 363.57s/trial, best loss: -0.439]
100%|█████████▉| 570/571 [00:00<?, ?trial/s, best loss=?]                                                         Params: {'V_th': 10000, 'alpha': 33.69829131870311, 'decode_potentials': True, 'decoding_method': 'max', 'encoding_method': 'frequency', 'lr': 0.40801835139789655, 'max_features': 1.0, 'max_samples': 0.2, 'mu_minus': 0.21000000000000002, 'mu_plus': 0.060000000000000005, 'n_estimators': 1, 'n_fields': None, 'neuron_model': 'iaf_psc_exp', 'ref_seq_interval': 3, 'resolution': 0.1, 'shift_minus': 0.00041437529809735363, 'shift_plus': -0.058148355042674044, 'sigma_w': None, 'synapse_model': 'shifted_nn_restr_stdp_synapse', 't_ref': 0.0, 'tau_m': 10000000.0, 'tau_minus': 41.0, 'tau_plus': 261.0, 'tau_s': 0.0, 'time': 300, 'w_init': 0.0}
Score: 0.2040
100%|█████████▉| 570/571 [06:03<?, ?trial/s, best loss=?]                                                         Deleting files related to the current optimization iteration...
100%|█████████▉| 570/571 [06:03<?, ?trial/s, best loss=?]100%|██████████| 571/571 [06:03<00:00, 363.51s/trial, best loss: -0.439]100%|██████████| 571/571 [06:03<00:00, 363.51s/trial, best loss: -0.439]
100%|█████████▉| 571/572 [00:00<?, ?trial/s, best loss=?]                                                         Params: {'V_th': 10000, 'alpha': 271.0382309377979, 'decode_potentials': True, 'decoding_method': 'max', 'encoding_method': 'frequency', 'lr': 0.3906098565033542, 'max_features': 1.0, 'max_samples': 0.2, 'mu_minus': 0.01, 'mu_plus': 0.01, 'n_estimators': 1, 'n_fields': None, 'neuron_model': 'iaf_psc_exp', 'ref_seq_interval': 3, 'resolution': 0.1, 'shift_minus': 0.4993217494547031, 'shift_plus': -0.030352987308483008, 'sigma_w': None, 'synapse_model': 'shifted_nn_restr_stdp_synapse', 't_ref': 0.0, 'tau_m': 10000000.0, 'tau_minus': 101.0, 'tau_plus': 261.0, 'tau_s': 0.0, 'time': 300, 'w_init': 0.0}
Score: 0.0980
100%|█████████▉| 571/572 [06:03<?, ?trial/s, best loss=?]                                                         Deleting files related to the current optimization iteration...
100%|█████████▉| 571/572 [06:03<?, ?trial/s, best loss=?]100%|██████████| 572/572 [06:03<00:00, 363.47s/trial, best loss: -0.439]100%|██████████| 572/572 [06:03<00:00, 363.47s/trial, best loss: -0.439]
100%|█████████▉| 572/573 [00:00<?, ?trial/s, best loss=?]                                                         Params: {'V_th': 10000, 'alpha': 77.2234121946513, 'decode_potentials': True, 'decoding_method': 'max', 'encoding_method': 'frequency', 'lr': 0.34479381703702056, 'max_features': 1.0, 'max_samples': 0.2, 'mu_minus': 0.51, 'mu_plus': 0.8600000000000001, 'n_estimators': 1, 'n_fields': None, 'neuron_model': 'iaf_psc_exp', 'ref_seq_interval': 3, 'resolution': 0.1, 'shift_minus': 0.012724690501596057, 'shift_plus': -0.6305414716377421, 'sigma_w': None, 'synapse_model': 'shifted_nn_restr_stdp_synapse', 't_ref': 0.0, 'tau_m': 10000000.0, 'tau_minus': 61.0, 'tau_plus': 1.0, 'tau_s': 0.0, 'time': 300, 'w_init': 0.0}
Score: 0.1020
100%|█████████▉| 572/573 [06:03<?, ?trial/s, best loss=?]                                                         Deleting files related to the current optimization iteration...
100%|█████████▉| 572/573 [06:03<?, ?trial/s, best loss=?]100%|██████████| 573/573 [06:03<00:00, 363.35s/trial, best loss: -0.439]100%|██████████| 573/573 [06:03<00:00, 363.35s/trial, best loss: -0.439]
100%|█████████▉| 573/574 [00:00<?, ?trial/s, best loss=?]                                                         Params: {'V_th': 10000, 'alpha': 10.373148868801998, 'decode_potentials': True, 'decoding_method': 'max', 'encoding_method': 'frequency', 'lr': 0.3145171428303565, 'max_features': 1.0, 'max_samples': 0.2, 'mu_minus': 0.66, 'mu_plus': 0.26, 'n_estimators': 1, 'n_fields': None, 'neuron_model': 'iaf_psc_exp', 'ref_seq_interval': 3, 'resolution': 0.1, 'shift_minus': 0.053358838305489376, 'shift_plus': -0.8386611821484335, 'sigma_w': None, 'synapse_model': 'shifted_nn_restr_stdp_synapse', 't_ref': 0.0, 'tau_m': 10000000.0, 'tau_minus': 1.0, 'tau_plus': 161.0, 'tau_s': 0.0, 'time': 300, 'w_init': 0.0}
Score: 0.0930
100%|█████████▉| 573/574 [06:03<?, ?trial/s, best loss=?]                                                         Deleting files related to the current optimization iteration...
100%|█████████▉| 573/574 [06:03<?, ?trial/s, best loss=?]100%|██████████| 574/574 [06:03<00:00, 363.32s/trial, best loss: -0.439]100%|██████████| 574/574 [06:03<00:00, 363.32s/trial, best loss: -0.439]
100%|█████████▉| 574/575 [00:00<?, ?trial/s, best loss=?]                                                         Params: {'V_th': 10000, 'alpha': 1835.5369369068046, 'decode_potentials': True, 'decoding_method': 'max', 'encoding_method': 'frequency', 'lr': 0.2315301628465198, 'max_features': 1.0, 'max_samples': 0.2, 'mu_minus': 0.46, 'mu_plus': 0.9600000000000001, 'n_estimators': 1, 'n_fields': None, 'neuron_model': 'iaf_psc_exp', 'ref_seq_interval': 3, 'resolution': 0.1, 'shift_minus': 0.06884712578004587, 'shift_plus': -0.0008132924253916717, 'sigma_w': None, 'synapse_model': 'shifted_nn_restr_stdp_synapse', 't_ref': 0.0, 'tau_m': 10000000.0, 'tau_minus': 41.0, 'tau_plus': 261.0, 'tau_s': 0.0, 'time': 300, 'w_init': 0.0}
Score: 0.1030
100%|█████████▉| 574/575 [06:03<?, ?trial/s, best loss=?]                                                         Deleting files related to the current optimization iteration...
100%|█████████▉| 574/575 [06:03<?, ?trial/s, best loss=?]100%|██████████| 575/575 [06:03<00:00, 363.36s/trial, best loss: -0.439]100%|██████████| 575/575 [06:03<00:00, 363.36s/trial, best loss: -0.439]
100%|█████████▉| 575/576 [00:00<?, ?trial/s, best loss=?]                                                         Params: {'V_th': 10000, 'alpha': 177.26806228199115, 'decode_potentials': True, 'decoding_method': 'max', 'encoding_method': 'frequency', 'lr': 0.26785931196249824, 'max_features': 1.0, 'max_samples': 0.2, 'mu_minus': 0.41000000000000003, 'mu_plus': 0.21000000000000002, 'n_estimators': 1, 'n_fields': None, 'neuron_model': 'iaf_psc_exp', 'ref_seq_interval': 10, 'resolution': 0.1, 'shift_minus': 0.00902690761846851, 'shift_plus': -0.13853341106928166, 'sigma_w': None, 'synapse_model': 'shifted_nn_restr_stdp_synapse', 't_ref': 0.0, 'tau_m': 10000000.0, 'tau_minus': 161.0, 'tau_plus': 21.0, 'tau_s': 0.0, 'time': 300, 'w_init': 0.0}
Score: 0.0980
100%|█████████▉| 575/576 [05:33<?, ?trial/s, best loss=?]                                                         Deleting files related to the current optimization iteration...
100%|█████████▉| 575/576 [05:33<?, ?trial/s, best loss=?]100%|██████████| 576/576 [05:33<00:00, 333.49s/trial, best loss: -0.439]100%|██████████| 576/576 [05:33<00:00, 333.49s/trial, best loss: -0.439]
100%|█████████▉| 576/577 [00:00<?, ?trial/s, best loss=?]                                                         Params: {'V_th': 10000, 'alpha': 2414.0063034355517, 'decode_potentials': True, 'decoding_method': 'max', 'encoding_method': 'frequency', 'lr': 0.4236151504198401, 'max_features': 1.0, 'max_samples': 0.2, 'mu_minus': 0.7100000000000001, 'mu_plus': 0.51, 'n_estimators': 1, 'n_fields': None, 'neuron_model': 'iaf_psc_exp', 'ref_seq_interval': 3, 'resolution': 0.1, 'shift_minus': 0.28969907003384976, 'shift_plus': -0.00031400233621948007, 'sigma_w': None, 'synapse_model': 'shifted_nn_restr_stdp_synapse', 't_ref': 0.0, 'tau_m': 10000000.0, 'tau_minus': 141.0, 'tau_plus': 41.0, 'tau_s': 0.0, 'time': 300, 'w_init': 0.0}
Score: 0.0960
100%|█████████▉| 576/577 [06:03<?, ?trial/s, best loss=?]                                                         Deleting files related to the current optimization iteration...
100%|█████████▉| 576/577 [06:03<?, ?trial/s, best loss=?]100%|██████████| 577/577 [06:03<00:00, 363.46s/trial, best loss: -0.439]100%|██████████| 577/577 [06:03<00:00, 363.46s/trial, best loss: -0.439]
100%|█████████▉| 577/578 [00:00<?, ?trial/s, best loss=?]                                                         Params: {'V_th': 10000, 'alpha': 1494.9698662451124, 'decode_potentials': True, 'decoding_method': 'max', 'encoding_method': 'frequency', 'lr': 0.48986845339197477, 'max_features': 1.0, 'max_samples': 0.2, 'mu_minus': 0.21000000000000002, 'mu_plus': 0.9600000000000001, 'n_estimators': 1, 'n_fields': None, 'neuron_model': 'iaf_psc_exp', 'ref_seq_interval': 3, 'resolution': 0.1, 'shift_minus': 0.0017189675949106403, 'shift_plus': -0.04414137505983412, 'sigma_w': None, 'synapse_model': 'shifted_nn_restr_stdp_synapse', 't_ref': 0.0, 'tau_m': 10000000.0, 'tau_minus': 1.0, 'tau_plus': 261.0, 'tau_s': 0.0, 'time': 300, 'w_init': 0.0}
Score: 0.1630
100%|█████████▉| 577/578 [06:03<?, ?trial/s, best loss=?]                                                         Deleting files related to the current optimization iteration...
100%|█████████▉| 577/578 [06:03<?, ?trial/s, best loss=?]100%|██████████| 578/578 [06:03<00:00, 363.37s/trial, best loss: -0.439]100%|██████████| 578/578 [06:03<00:00, 363.37s/trial, best loss: -0.439]
100%|█████████▉| 578/579 [00:00<?, ?trial/s, best loss=?]                                                         Params: {'V_th': 10000, 'alpha': 997.1316734563367, 'decode_potentials': True, 'decoding_method': 'max', 'encoding_method': 'frequency', 'lr': 0.43435182692892915, 'max_features': 1.0, 'max_samples': 0.2, 'mu_minus': 0.21000000000000002, 'mu_plus': 0.9600000000000001, 'n_estimators': 1, 'n_fields': None, 'neuron_model': 'iaf_psc_exp', 'ref_seq_interval': 3, 'resolution': 0.1, 'shift_minus': 0.02184199308267495, 'shift_plus': -0.02517504158004575, 'sigma_w': None, 'synapse_model': 'shifted_nn_restr_stdp_synapse', 't_ref': 0.0, 'tau_m': 10000000.0, 'tau_minus': 1.0, 'tau_plus': 261.0, 'tau_s': 0.0, 'time': 300, 'w_init': 0.0}
Score: 0.1050
100%|█████████▉| 578/579 [06:03<?, ?trial/s, best loss=?]                                                         Deleting files related to the current optimization iteration...
100%|█████████▉| 578/579 [06:03<?, ?trial/s, best loss=?]100%|██████████| 579/579 [06:03<00:00, 363.34s/trial, best loss: -0.439]100%|██████████| 579/579 [06:03<00:00, 363.34s/trial, best loss: -0.439]
100%|█████████▉| 579/580 [00:00<?, ?trial/s, best loss=?]                                                         Params: {'V_th': 10000, 'alpha': 1644.1253122432881, 'decode_potentials': True, 'decoding_method': 'max', 'encoding_method': 'frequency', 'lr': 0.46296278347192754, 'max_features': 1.0, 'max_samples': 0.2, 'mu_minus': 0.21000000000000002, 'mu_plus': 0.9600000000000001, 'n_estimators': 1, 'n_fields': None, 'neuron_model': 'iaf_psc_exp', 'ref_seq_interval': 3, 'resolution': 0.1, 'shift_minus': 0.002007484366982118, 'shift_plus': -0.02942661832074773, 'sigma_w': None, 'synapse_model': 'shifted_nn_restr_stdp_synapse', 't_ref': 0.0, 'tau_m': 10000000.0, 'tau_minus': 1.0, 'tau_plus': 261.0, 'tau_s': 0.0, 'time': 300, 'w_init': 0.0}
Score: 0.1590
100%|█████████▉| 579/580 [06:03<?, ?trial/s, best loss=?]                                                         Deleting files related to the current optimization iteration...
100%|█████████▉| 579/580 [06:03<?, ?trial/s, best loss=?]100%|██████████| 580/580 [06:03<00:00, 363.20s/trial, best loss: -0.439]100%|██████████| 580/580 [06:03<00:00, 363.20s/trial, best loss: -0.439]
100%|█████████▉| 580/581 [00:00<?, ?trial/s, best loss=?]                                                         Params: {'V_th': 10000, 'alpha': 835.9933954549557, 'decode_potentials': True, 'decoding_method': 'max', 'encoding_method': 'frequency', 'lr': 0.3790980384083138, 'max_features': 1.0, 'max_samples': 0.2, 'mu_minus': 0.21000000000000002, 'mu_plus': 0.9600000000000001, 'n_estimators': 1, 'n_fields': None, 'neuron_model': 'iaf_psc_exp', 'ref_seq_interval': 3, 'resolution': 0.1, 'shift_minus': 0.0004484653698596424, 'shift_plus': -0.07511991250366243, 'sigma_w': None, 'synapse_model': 'shifted_nn_restr_stdp_synapse', 't_ref': 0.0, 'tau_m': 10000000.0, 'tau_minus': 1.0, 'tau_plus': 261.0, 'tau_s': 0.0, 'time': 300, 'w_init': 0.0}
Score: 0.1610
100%|█████████▉| 580/581 [05:33<?, ?trial/s, best loss=?]                                                         Deleting files related to the current optimization iteration...
100%|█████████▉| 580/581 [05:33<?, ?trial/s, best loss=?]100%|██████████| 581/581 [05:33<00:00, 333.43s/trial, best loss: -0.439]100%|██████████| 581/581 [05:33<00:00, 333.43s/trial, best loss: -0.439]
100%|█████████▉| 581/582 [00:00<?, ?trial/s, best loss=?]                                                         Params: {'V_th': 10000, 'alpha': 2316.5840166933003, 'decode_potentials': True, 'decoding_method': 'max', 'encoding_method': 'frequency', 'lr': 0.45089863541663794, 'max_features': 1.0, 'max_samples': 0.2, 'mu_minus': 0.21000000000000002, 'mu_plus': 0.9600000000000001, 'n_estimators': 1, 'n_fields': None, 'neuron_model': 'iaf_psc_exp', 'ref_seq_interval': 3, 'resolution': 0.1, 'shift_minus': 0.0005140505273446903, 'shift_plus': -0.05505278905404558, 'sigma_w': None, 'synapse_model': 'shifted_nn_restr_stdp_synapse', 't_ref': 0.0, 'tau_m': 10000000.0, 'tau_minus': 1.0, 'tau_plus': 261.0, 'tau_s': 0.0, 'time': 300, 'w_init': 0.0}
Score: 0.1890
100%|█████████▉| 581/582 [06:03<?, ?trial/s, best loss=?]                                                         Deleting files related to the current optimization iteration...
100%|█████████▉| 581/582 [06:03<?, ?trial/s, best loss=?]100%|██████████| 582/582 [06:03<00:00, 363.47s/trial, best loss: -0.439]100%|██████████| 582/582 [06:03<00:00, 363.47s/trial, best loss: -0.439]
100%|█████████▉| 582/583 [00:00<?, ?trial/s, best loss=?]                                                         Params: {'V_th': 10000, 'alpha': 608.230644430512, 'decode_potentials': True, 'decoding_method': 'max', 'encoding_method': 'frequency', 'lr': 0.4113845389000483, 'max_features': 1.0, 'max_samples': 0.2, 'mu_minus': 0.21000000000000002, 'mu_plus': 0.9600000000000001, 'n_estimators': 1, 'n_fields': None, 'neuron_model': 'iaf_psc_exp', 'ref_seq_interval': 3, 'resolution': 0.1, 'shift_minus': 0.017159009223583727, 'shift_plus': -0.019913038467327726, 'sigma_w': None, 'synapse_model': 'shifted_nn_restr_stdp_synapse', 't_ref': 0.0, 'tau_m': 10000000.0, 'tau_minus': 1.0, 'tau_plus': 261.0, 'tau_s': 0.0, 'time': 300, 'w_init': 0.0}
Score: 0.1070
100%|█████████▉| 582/583 [06:03<?, ?trial/s, best loss=?]                                                         Deleting files related to the current optimization iteration...
100%|█████████▉| 582/583 [06:03<?, ?trial/s, best loss=?]100%|██████████| 583/583 [06:03<00:00, 363.48s/trial, best loss: -0.439]100%|██████████| 583/583 [06:03<00:00, 363.48s/trial, best loss: -0.439]
100%|█████████▉| 583/584 [00:00<?, ?trial/s, best loss=?]                                                         Params: {'V_th': 10000, 'alpha': 2718.6442592685553, 'decode_potentials': True, 'decoding_method': 'max', 'encoding_method': 'frequency', 'lr': 0.5108000679936004, 'max_features': 1.0, 'max_samples': 0.2, 'mu_minus': 0.21000000000000002, 'mu_plus': 0.9600000000000001, 'n_estimators': 1, 'n_fields': None, 'neuron_model': 'iaf_psc_exp', 'ref_seq_interval': 3, 'resolution': 0.1, 'shift_minus': 0.03110869095638525, 'shift_plus': -0.10915613648645238, 'sigma_w': None, 'synapse_model': 'shifted_nn_restr_stdp_synapse', 't_ref': 0.0, 'tau_m': 10000000.0, 'tau_minus': 1.0, 'tau_plus': 261.0, 'tau_s': 0.0, 'time': 300, 'w_init': 0.0}
Score: 0.0880
100%|█████████▉| 583/584 [06:03<?, ?trial/s, best loss=?]                                                         Deleting files related to the current optimization iteration...
100%|█████████▉| 583/584 [06:03<?, ?trial/s, best loss=?]100%|██████████| 584/584 [06:03<00:00, 363.49s/trial, best loss: -0.439]100%|██████████| 584/584 [06:03<00:00, 363.49s/trial, best loss: -0.439]
100%|█████████▉| 584/585 [00:00<?, ?trial/s, best loss=?]                                                         Params: {'V_th': 10000, 'alpha': 701.6332542464811, 'decode_potentials': True, 'decoding_method': 'max', 'encoding_method': 'frequency', 'lr': 0.3327458690125645, 'max_features': 1.0, 'max_samples': 0.2, 'mu_minus': 0.21000000000000002, 'mu_plus': 0.9600000000000001, 'n_estimators': 1, 'n_fields': None, 'neuron_model': 'iaf_psc_exp', 'ref_seq_interval': 3, 'resolution': 0.1, 'shift_minus': 0.04042744049393745, 'shift_plus': -0.03835980776460677, 'sigma_w': None, 'synapse_model': 'shifted_nn_restr_stdp_synapse', 't_ref': 0.0, 'tau_m': 10000000.0, 'tau_minus': 1.0, 'tau_plus': 261.0, 'tau_s': 0.0, 'time': 300, 'w_init': 0.0}
Score: 0.0830
100%|█████████▉| 584/585 [06:03<?, ?trial/s, best loss=?]                                                         Deleting files related to the current optimization iteration...
100%|█████████▉| 584/585 [06:03<?, ?trial/s, best loss=?]100%|██████████| 585/585 [06:03<00:00, 363.30s/trial, best loss: -0.439]100%|██████████| 585/585 [06:03<00:00, 363.30s/trial, best loss: -0.439]
100%|█████████▉| 585/586 [00:00<?, ?trial/s, best loss=?]                                                         Params: {'V_th': 10000, 'alpha': 506.85889238584025, 'decode_potentials': True, 'decoding_method': 'max', 'encoding_method': 'frequency', 'lr': 0.5317244929324879, 'max_features': 1.0, 'max_samples': 0.2, 'mu_minus': 0.21000000000000002, 'mu_plus': 0.9600000000000001, 'n_estimators': 1, 'n_fields': None, 'neuron_model': 'iaf_psc_exp', 'ref_seq_interval': 3, 'resolution': 0.1, 'shift_minus': 0.01128903704731308, 'shift_plus': -0.08526482817098928, 'sigma_w': None, 'synapse_model': 'shifted_nn_restr_stdp_synapse', 't_ref': 0.0, 'tau_m': 10000000.0, 'tau_minus': 1.0, 'tau_plus': 261.0, 'tau_s': 0.0, 'time': 300, 'w_init': 0.0}
Score: 0.0880
100%|█████████▉| 585/586 [06:03<?, ?trial/s, best loss=?]                                                         Deleting files related to the current optimization iteration...
100%|█████████▉| 585/586 [06:03<?, ?trial/s, best loss=?]100%|██████████| 586/586 [06:03<00:00, 363.33s/trial, best loss: -0.439]100%|██████████| 586/586 [06:03<00:00, 363.33s/trial, best loss: -0.439]
100%|█████████▉| 586/587 [00:00<?, ?trial/s, best loss=?]                                                         Params: {'V_th': 10000, 'alpha': 925.2560788529709, 'decode_potentials': True, 'decoding_method': 'max', 'encoding_method': 'frequency', 'lr': 0.3660699087201881, 'max_features': 1.0, 'max_samples': 0.2, 'mu_minus': 0.21000000000000002, 'mu_plus': 0.9600000000000001, 'n_estimators': 1, 'n_fields': None, 'neuron_model': 'iaf_psc_exp', 'ref_seq_interval': 3, 'resolution': 0.1, 'shift_minus': 0.0003079212372016922, 'shift_plus': -0.05914710039348287, 'sigma_w': None, 'synapse_model': 'shifted_nn_restr_stdp_synapse', 't_ref': 0.0, 'tau_m': 10000000.0, 'tau_minus': 1.0, 'tau_plus': 261.0, 'tau_s': 0.0, 'time': 300, 'w_init': 0.0}
Score: 0.2040
100%|█████████▉| 586/587 [06:03<?, ?trial/s, best loss=?]                                                         Deleting files related to the current optimization iteration...
100%|█████████▉| 586/587 [06:03<?, ?trial/s, best loss=?]100%|██████████| 587/587 [06:03<00:00, 363.36s/trial, best loss: -0.439]100%|██████████| 587/587 [06:03<00:00, 363.36s/trial, best loss: -0.439]
100%|█████████▉| 587/588 [00:00<?, ?trial/s, best loss=?]                                                         Params: {'V_th': 10000, 'alpha': 2950.0432229303333, 'decode_potentials': True, 'decoding_method': 'max', 'encoding_method': 'frequency', 'lr': 0.3871460842961457, 'max_features': 1.0, 'max_samples': 0.2, 'mu_minus': 0.21000000000000002, 'mu_plus': 0.66, 'n_estimators': 1, 'n_fields': None, 'neuron_model': 'iaf_psc_exp', 'ref_seq_interval': 3, 'resolution': 0.1, 'shift_minus': 0.02582785438612975, 'shift_plus': -0.01751832238350375, 'sigma_w': None, 'synapse_model': 'shifted_nn_restr_stdp_synapse', 't_ref': 0.0, 'tau_m': 10000000.0, 'tau_minus': 1.0, 'tau_plus': 261.0, 'tau_s': 0.0, 'time': 300, 'w_init': 0.0}
Score: 0.0890
100%|█████████▉| 587/588 [06:03<?, ?trial/s, best loss=?]                                                         Deleting files related to the current optimization iteration...
100%|█████████▉| 587/588 [06:03<?, ?trial/s, best loss=?]100%|██████████| 588/588 [06:03<00:00, 363.68s/trial, best loss: -0.439]100%|██████████| 588/588 [06:03<00:00, 363.68s/trial, best loss: -0.439]
100%|█████████▉| 588/589 [00:00<?, ?trial/s, best loss=?]                                                         Params: {'V_th': 10000, 'alpha': 1946.666628596154, 'decode_potentials': True, 'decoding_method': 'max', 'encoding_method': 'frequency', 'lr': 0.4796291765731685, 'max_features': 1.0, 'max_samples': 0.2, 'mu_minus': 0.76, 'mu_plus': 0.41000000000000003, 'n_estimators': 1, 'n_fields': None, 'neuron_model': 'iaf_psc_exp', 'ref_seq_interval': 3, 'resolution': 0.1, 'shift_minus': 0.00011229590988500458, 'shift_plus': -0.03657619759614445, 'sigma_w': None, 'synapse_model': 'shifted_nn_restr_stdp_synapse', 't_ref': 0.0, 'tau_m': 10000000.0, 'tau_minus': 121.0, 'tau_plus': 201.0, 'tau_s': 0.0, 'time': 300, 'w_init': 0.0}
Score: 0.1520
100%|█████████▉| 588/589 [06:03<?, ?trial/s, best loss=?]                                                         Deleting files related to the current optimization iteration...
100%|█████████▉| 588/589 [06:03<?, ?trial/s, best loss=?]100%|██████████| 589/589 [06:03<00:00, 363.43s/trial, best loss: -0.439]100%|██████████| 589/589 [06:03<00:00, 363.43s/trial, best loss: -0.439]
100%|█████████▉| 589/590 [00:00<?, ?trial/s, best loss=?]                                                         Params: {'V_th': 10000, 'alpha': 1236.4998094822595, 'decode_potentials': True, 'decoding_method': 'max', 'encoding_method': 'frequency', 'lr': 0.4251066040618153, 'max_features': 1.0, 'max_samples': 0.2, 'mu_minus': 0.46, 'mu_plus': 0.16000000000000003, 'n_estimators': 1, 'n_fields': None, 'neuron_model': 'iaf_psc_exp', 'ref_seq_interval': 3, 'resolution': 0.1, 'shift_minus': 0.017850187350991316, 'shift_plus': -0.0015948754529377315, 'sigma_w': None, 'synapse_model': 'shifted_nn_restr_stdp_synapse', 't_ref': 0.0, 'tau_m': 10000000.0, 'tau_minus': 1.0, 'tau_plus': 261.0, 'tau_s': 0.0, 'time': 300, 'w_init': 0.0}
Score: 0.1480
100%|█████████▉| 589/590 [06:03<?, ?trial/s, best loss=?]                                                         Deleting files related to the current optimization iteration...
100%|█████████▉| 589/590 [06:03<?, ?trial/s, best loss=?]100%|██████████| 590/590 [06:03<00:00, 363.38s/trial, best loss: -0.439]100%|██████████| 590/590 [06:03<00:00, 363.38s/trial, best loss: -0.439]
100%|█████████▉| 590/591 [00:00<?, ?trial/s, best loss=?]                                                         Params: {'V_th': 10000, 'alpha': 1480.496777285897, 'decode_potentials': True, 'decoding_method': 'max', 'encoding_method': 'frequency', 'lr': 0.3153658223702491, 'max_features': 1.0, 'max_samples': 0.2, 'mu_minus': 0.16000000000000003, 'mu_plus': 0.9600000000000001, 'n_estimators': 1, 'n_fields': None, 'neuron_model': 'iaf_psc_exp', 'ref_seq_interval': 3, 'resolution': 0.1, 'shift_minus': 0.03531212433759101, 'shift_plus': -0.001152507075652169, 'sigma_w': None, 'synapse_model': 'shifted_nn_restr_stdp_synapse', 't_ref': 0.0, 'tau_m': 10000000.0, 'tau_minus': 1.0, 'tau_plus': 241.0, 'tau_s': 0.0, 'time': 300, 'w_init': 0.0}
Score: 0.1020
100%|█████████▉| 590/591 [06:03<?, ?trial/s, best loss=?]                                                         Deleting files related to the current optimization iteration...
100%|█████████▉| 590/591 [06:03<?, ?trial/s, best loss=?]100%|██████████| 591/591 [06:03<00:00, 363.35s/trial, best loss: -0.439]100%|██████████| 591/591 [06:03<00:00, 363.36s/trial, best loss: -0.439]
100%|█████████▉| 591/592 [00:00<?, ?trial/s, best loss=?]                                                         Params: {'V_th': 10000, 'alpha': 1772.4562603173135, 'decode_potentials': True, 'decoding_method': 'max', 'encoding_method': 'frequency', 'lr': 0.5469520642250376, 'max_features': 1.0, 'max_samples': 0.2, 'mu_minus': 0.21000000000000002, 'mu_plus': 0.26, 'n_estimators': 1, 'n_fields': None, 'neuron_model': 'iaf_psc_exp', 'ref_seq_interval': 3, 'resolution': 0.1, 'shift_minus': 0.009962277198568592, 'shift_plus': -0.07427620621475442, 'sigma_w': None, 'synapse_model': 'shifted_nn_restr_stdp_synapse', 't_ref': 0.0, 'tau_m': 10000000.0, 'tau_minus': 61.0, 'tau_plus': 261.0, 'tau_s': 0.0, 'time': 300, 'w_init': 0.0}
Score: 0.1400
100%|█████████▉| 591/592 [06:03<?, ?trial/s, best loss=?]                                                         Deleting files related to the current optimization iteration...
100%|█████████▉| 591/592 [06:03<?, ?trial/s, best loss=?]100%|██████████| 592/592 [06:03<00:00, 363.43s/trial, best loss: -0.439]100%|██████████| 592/592 [06:03<00:00, 363.43s/trial, best loss: -0.439]
100%|█████████▉| 592/593 [00:00<?, ?trial/s, best loss=?]                                                         Params: {'V_th': 10000, 'alpha': 351.0226789303957, 'decode_potentials': True, 'decoding_method': 'max', 'encoding_method': 'frequency', 'lr': 0.4581740488987602, 'max_features': 1.0, 'max_samples': 0.2, 'mu_minus': 0.7100000000000001, 'mu_plus': 0.46, 'n_estimators': 1, 'n_fields': None, 'neuron_model': 'iaf_psc_exp', 'ref_seq_interval': 7, 'resolution': 0.1, 'shift_minus': 0.04916767500945554, 'shift_plus': -0.09955864079619825, 'sigma_w': None, 'synapse_model': 'shifted_nn_restr_stdp_synapse', 't_ref': 0.0, 'tau_m': 10000000.0, 'tau_minus': 221.0, 'tau_plus': 121.0, 'tau_s': 0.0, 'time': 300, 'w_init': 0.0}
Score: 0.0880
100%|█████████▉| 592/593 [05:33<?, ?trial/s, best loss=?]                                                         Deleting files related to the current optimization iteration...
100%|█████████▉| 592/593 [05:33<?, ?trial/s, best loss=?]100%|██████████| 593/593 [05:33<00:00, 333.31s/trial, best loss: -0.439]100%|██████████| 593/593 [05:33<00:00, 333.31s/trial, best loss: -0.439]
100%|█████████▉| 593/594 [00:00<?, ?trial/s, best loss=?]                                                         Params: {'V_th': 10000, 'alpha': 2184.353645221607, 'decode_potentials': True, 'decoding_method': 'max', 'encoding_method': 'frequency', 'lr': 0.1977480676909506, 'max_features': 1.0, 'max_samples': 0.2, 'mu_minus': 0.21000000000000002, 'mu_plus': 0.21000000000000002, 'n_estimators': 1, 'n_fields': None, 'neuron_model': 'iaf_psc_exp', 'ref_seq_interval': 3, 'resolution': 0.1, 'shift_minus': 0.022199193127370405, 'shift_plus': -0.11927129828331429, 'sigma_w': None, 'synapse_model': 'shifted_nn_restr_stdp_synapse', 't_ref': 0.0, 'tau_m': 10000000.0, 'tau_minus': 41.0, 'tau_plus': 261.0, 'tau_s': 0.0, 'time': 300, 'w_init': 0.0}
Score: 0.0860
100%|█████████▉| 593/594 [06:03<?, ?trial/s, best loss=?]                                                         Deleting files related to the current optimization iteration...
100%|█████████▉| 593/594 [06:03<?, ?trial/s, best loss=?]100%|██████████| 594/594 [06:03<00:00, 363.45s/trial, best loss: -0.439]100%|██████████| 594/594 [06:03<00:00, 363.45s/trial, best loss: -0.439]
100%|█████████▉| 594/595 [00:00<?, ?trial/s, best loss=?]                                                         Params: {'V_th': 10000, 'alpha': 304.09562641208095, 'decode_potentials': True, 'decoding_method': 'max', 'encoding_method': 'frequency', 'lr': 0.29495217756558045, 'max_features': 1.0, 'max_samples': 0.2, 'mu_minus': 0.91, 'mu_plus': 0.36000000000000004, 'n_estimators': 1, 'n_fields': None, 'neuron_model': 'iaf_psc_exp', 'ref_seq_interval': 6, 'resolution': 0.1, 'shift_minus': 0.0004857577161945189, 'shift_plus': -0.0589299360138574, 'sigma_w': None, 'synapse_model': 'shifted_nn_restr_stdp_synapse', 't_ref': 0.0, 'tau_m': 10000000.0, 'tau_minus': 1.0, 'tau_plus': 1.0, 'tau_s': 0.0, 'time': 300, 'w_init': 0.0}
Score: 0.1280
100%|█████████▉| 594/595 [05:33<?, ?trial/s, best loss=?]                                                         Deleting files related to the current optimization iteration...
100%|█████████▉| 594/595 [05:33<?, ?trial/s, best loss=?]100%|██████████| 595/595 [05:33<00:00, 333.61s/trial, best loss: -0.439]100%|██████████| 595/595 [05:33<00:00, 333.61s/trial, best loss: -0.439]
100%|█████████▉| 595/596 [00:00<?, ?trial/s, best loss=?]                                                         Params: {'V_th': 10000, 'alpha': 225.88448249035062, 'decode_potentials': True, 'decoding_method': 'max', 'encoding_method': 'frequency', 'lr': 0.4005126971024795, 'max_features': 1.0, 'max_samples': 0.2, 'mu_minus': 0.81, 'mu_plus': 0.9600000000000001, 'n_estimators': 1, 'n_fields': None, 'neuron_model': 'iaf_psc_exp', 'ref_seq_interval': 3, 'resolution': 0.1, 'shift_minus': 0.040022281620053723, 'shift_plus': -0.024777073050607036, 'sigma_w': None, 'synapse_model': 'shifted_nn_restr_stdp_synapse', 't_ref': 0.0, 'tau_m': 10000000.0, 'tau_minus': 81.0, 'tau_plus': 261.0, 'tau_s': 0.0, 'time': 300, 'w_init': 0.0}
Score: 0.1020
100%|█████████▉| 595/596 [06:03<?, ?trial/s, best loss=?]                                                         Deleting files related to the current optimization iteration...
100%|█████████▉| 595/596 [06:03<?, ?trial/s, best loss=?]100%|██████████| 596/596 [06:03<00:00, 363.36s/trial, best loss: -0.439]100%|██████████| 596/596 [06:03<00:00, 363.36s/trial, best loss: -0.439]
100%|█████████▉| 596/597 [00:00<?, ?trial/s, best loss=?]                                                         Params: {'V_th': 10000, 'alpha': 1027.707137704137, 'decode_potentials': True, 'decoding_method': 'max', 'encoding_method': 'frequency', 'lr': 0.34153589141571433, 'max_features': 1.0, 'max_samples': 0.2, 'mu_minus': 0.7100000000000001, 'mu_plus': 0.31000000000000005, 'n_estimators': 1, 'n_fields': None, 'neuron_model': 'iaf_psc_exp', 'ref_seq_interval': 3, 'resolution': 0.1, 'shift_minus': 0.0002763581163391536, 'shift_plus': -0.07815237817775124, 'sigma_w': None, 'synapse_model': 'shifted_nn_restr_stdp_synapse', 't_ref': 0.0, 'tau_m': 10000000.0, 'tau_minus': 201.0, 'tau_plus': 161.0, 'tau_s': 0.0, 'time': 300, 'w_init': 0.0}
Score: 0.1400
100%|█████████▉| 596/597 [06:03<?, ?trial/s, best loss=?]                                                         Deleting files related to the current optimization iteration...
100%|█████████▉| 596/597 [06:03<?, ?trial/s, best loss=?]100%|██████████| 597/597 [06:03<00:00, 363.28s/trial, best loss: -0.439]100%|██████████| 597/597 [06:03<00:00, 363.28s/trial, best loss: -0.439]
100%|█████████▉| 597/598 [00:00<?, ?trial/s, best loss=?]                                                         Params: {'V_th': 10000, 'alpha': 400.24273931525005, 'decode_potentials': True, 'decoding_method': 'max', 'encoding_method': 'frequency', 'lr': 0.1247120809813094, 'max_features': 1.0, 'max_samples': 0.2, 'mu_minus': 0.01, 'mu_plus': 0.26, 'n_estimators': 1, 'n_fields': None, 'neuron_model': 'iaf_psc_exp', 'ref_seq_interval': 2, 'resolution': 0.1, 'shift_minus': 0.028883164977263114, 'shift_plus': -0.09763619738605464, 'sigma_w': None, 'synapse_model': 'shifted_nn_restr_stdp_synapse', 't_ref': 0.0, 'tau_m': 10000000.0, 'tau_minus': 141.0, 'tau_plus': 21.0, 'tau_s': 0.0, 'time': 300, 'w_init': 0.0}
Score: 0.1080
100%|█████████▉| 597/598 [06:03<?, ?trial/s, best loss=?]                                                         Deleting files related to the current optimization iteration...
100%|█████████▉| 597/598 [06:03<?, ?trial/s, best loss=?]100%|██████████| 598/598 [06:03<00:00, 363.23s/trial, best loss: -0.439]100%|██████████| 598/598 [06:03<00:00, 363.23s/trial, best loss: -0.439]
100%|█████████▉| 598/599 [00:00<?, ?trial/s, best loss=?]                                                         Params: {'V_th': 10000, 'alpha': 1303.5342641607238, 'decode_potentials': True, 'decoding_method': 'max', 'encoding_method': 'frequency', 'lr': 0.16174291508941663, 'max_features': 1.0, 'max_samples': 0.2, 'mu_minus': 0.46, 'mu_plus': 0.060000000000000005, 'n_estimators': 1, 'n_fields': None, 'neuron_model': 'iaf_psc_exp', 'ref_seq_interval': 3, 'resolution': 0.1, 'shift_minus': 0.012844114205131792, 'shift_plus': -0.04230788046255507, 'sigma_w': None, 'synapse_model': 'shifted_nn_restr_stdp_synapse', 't_ref': 0.0, 'tau_m': 10000000.0, 'tau_minus': 41.0, 'tau_plus': 41.0, 'tau_s': 0.0, 'time': 300, 'w_init': 0.0}
Score: 0.0980
100%|█████████▉| 598/599 [06:03<?, ?trial/s, best loss=?]                                                         Deleting files related to the current optimization iteration...
100%|█████████▉| 598/599 [06:03<?, ?trial/s, best loss=?]100%|██████████| 599/599 [06:03<00:00, 363.57s/trial, best loss: -0.439]100%|██████████| 599/599 [06:03<00:00, 363.57s/trial, best loss: -0.439]
100%|█████████▉| 599/600 [00:00<?, ?trial/s, best loss=?]                                                         Params: {'V_th': 10000, 'alpha': 854.2386246853051, 'decode_potentials': True, 'decoding_method': 'max', 'encoding_method': 'frequency', 'lr': 0.44145825906168423, 'max_features': 1.0, 'max_samples': 0.2, 'mu_minus': 0.21000000000000002, 'mu_plus': 0.8600000000000001, 'n_estimators': 1, 'n_fields': None, 'neuron_model': 'iaf_psc_exp', 'ref_seq_interval': 9, 'resolution': 0.1, 'shift_minus': 0.054866294752347805, 'shift_plus': -0.15004761191709065, 'sigma_w': None, 'synapse_model': 'shifted_nn_restr_stdp_synapse', 't_ref': 0.0, 'tau_m': 10000000.0, 'tau_minus': 61.0, 'tau_plus': 261.0, 'tau_s': 0.0, 'time': 300, 'w_init': 0.0}
Score: 0.0990
100%|█████████▉| 599/600 [05:33<?, ?trial/s, best loss=?]                                                         Deleting files related to the current optimization iteration...
100%|█████████▉| 599/600 [05:33<?, ?trial/s, best loss=?]100%|██████████| 600/600 [05:33<00:00, 333.51s/trial, best loss: -0.439]100%|██████████| 600/600 [05:33<00:00, 333.51s/trial, best loss: -0.439]
100%|█████████▉| 600/601 [00:00<?, ?trial/s, best loss=?]                                                         Params: {'V_th': 10000, 'alpha': 114.64549805101093, 'decode_potentials': True, 'decoding_method': 'max', 'encoding_method': 'frequency', 'lr': 0.09164096807025741, 'max_features': 1.0, 'max_samples': 0.2, 'mu_minus': 0.26, 'mu_plus': 0.9600000000000001, 'n_estimators': 1, 'n_fields': None, 'neuron_model': 'iaf_psc_exp', 'ref_seq_interval': 3, 'resolution': 0.1, 'shift_minus': 0.04151718292249567, 'shift_plus': -0.0007613477996235678, 'sigma_w': None, 'synapse_model': 'shifted_nn_restr_stdp_synapse', 't_ref': 0.0, 'tau_m': 10000000.0, 'tau_minus': 1.0, 'tau_plus': 241.0, 'tau_s': 0.0, 'time': 300, 'w_init': 0.0}
Score: 0.1190
100%|█████████▉| 600/601 [06:03<?, ?trial/s, best loss=?]                                                         Deleting files related to the current optimization iteration...
100%|█████████▉| 600/601 [06:03<?, ?trial/s, best loss=?]100%|██████████| 601/601 [06:03<00:00, 363.64s/trial, best loss: -0.439]100%|██████████| 601/601 [06:03<00:00, 363.64s/trial, best loss: -0.439]
100%|█████████▉| 601/602 [00:00<?, ?trial/s, best loss=?]                                                         Params: {'V_th': 10000, 'alpha': 720.0942520082642, 'decode_potentials': True, 'decoding_method': 'max', 'encoding_method': 'frequency', 'lr': 0.27121262128077084, 'max_features': 1.0, 'max_samples': 0.2, 'mu_minus': 0.51, 'mu_plus': 0.26, 'n_estimators': 1, 'n_fields': None, 'neuron_model': 'iaf_psc_exp', 'ref_seq_interval': 3, 'resolution': 0.1, 'shift_minus': 0.009499348486068995, 'shift_plus': -0.01645470225486661, 'sigma_w': None, 'synapse_model': 'shifted_nn_restr_stdp_synapse', 't_ref': 0.0, 'tau_m': 10000000.0, 'tau_minus': 101.0, 'tau_plus': 201.0, 'tau_s': 0.0, 'time': 300, 'w_init': 0.0}
Score: 0.1110
100%|█████████▉| 601/602 [06:03<?, ?trial/s, best loss=?]                                                         Deleting files related to the current optimization iteration...
100%|█████████▉| 601/602 [06:03<?, ?trial/s, best loss=?]100%|██████████| 602/602 [06:03<00:00, 363.43s/trial, best loss: -0.439]100%|██████████| 602/602 [06:03<00:00, 363.43s/trial, best loss: -0.439]
100%|█████████▉| 602/603 [00:00<?, ?trial/s, best loss=?]                                                         Params: {'V_th': 10000, 'alpha': 89.19451688456442, 'decode_potentials': True, 'decoding_method': 'max', 'encoding_method': 'frequency', 'lr': 0.36165203997265166, 'max_features': 1.0, 'max_samples': 0.2, 'mu_minus': 0.41000000000000003, 'mu_plus': 0.01, 'n_estimators': 1, 'n_fields': None, 'neuron_model': 'iaf_psc_exp', 'ref_seq_interval': 3, 'resolution': 0.1, 'shift_minus': 0.027332158445494917, 'shift_plus': -0.11839673358105586, 'sigma_w': None, 'synapse_model': 'shifted_nn_restr_stdp_synapse', 't_ref': 0.0, 'tau_m': 10000000.0, 'tau_minus': 61.0, 'tau_plus': 261.0, 'tau_s': 0.0, 'time': 300, 'w_init': 0.0}
Score: 0.0900
100%|█████████▉| 602/603 [06:03<?, ?trial/s, best loss=?]                                                         Deleting files related to the current optimization iteration...
100%|█████████▉| 602/603 [06:03<?, ?trial/s, best loss=?]100%|██████████| 603/603 [06:03<00:00, 363.29s/trial, best loss: -0.439]100%|██████████| 603/603 [06:03<00:00, 363.29s/trial, best loss: -0.439]
100%|█████████▉| 603/604 [00:00<?, ?trial/s, best loss=?]                                                         Params: {'V_th': 10000, 'alpha': 552.4283183403678, 'decode_potentials': True, 'decoding_method': 'max', 'encoding_method': 'frequency', 'lr': 0.4881716537958087, 'max_features': 1.0, 'max_samples': 0.2, 'mu_minus': 0.66, 'mu_plus': 0.21000000000000002, 'n_estimators': 1, 'n_fields': None, 'neuron_model': 'iaf_psc_exp', 'ref_seq_interval': 10, 'resolution': 0.1, 'shift_minus': 0.06048577545960622, 'shift_plus': -0.06527335001985901, 'sigma_w': None, 'synapse_model': 'shifted_nn_restr_stdp_synapse', 't_ref': 0.0, 'tau_m': 10000000.0, 'tau_minus': 41.0, 'tau_plus': 121.0, 'tau_s': 0.0, 'time': 300, 'w_init': 0.0}
Score: 0.0980
100%|█████████▉| 603/604 [05:33<?, ?trial/s, best loss=?]                                                         Deleting files related to the current optimization iteration...
100%|█████████▉| 603/604 [05:33<?, ?trial/s, best loss=?]100%|██████████| 604/604 [05:33<00:00, 333.38s/trial, best loss: -0.439]100%|██████████| 604/604 [05:33<00:00, 333.38s/trial, best loss: -0.439]
100%|█████████▉| 604/605 [00:00<?, ?trial/s, best loss=?]                                                         Params: {'V_th': 10000, 'alpha': 23.44108771137993, 'decode_potentials': True, 'decoding_method': 'max', 'encoding_method': 'frequency', 'lr': 0.5156677594581573, 'max_features': 1.0, 'max_samples': 0.2, 'mu_minus': 0.7100000000000001, 'mu_plus': 0.9600000000000001, 'n_estimators': 1, 'n_fields': None, 'neuron_model': 'iaf_psc_exp', 'ref_seq_interval': 3, 'resolution': 0.1, 'shift_minus': 0.016892539327237423, 'shift_plus': -0.039618100116262905, 'sigma_w': None, 'synapse_model': 'shifted_nn_restr_stdp_synapse', 't_ref': 0.0, 'tau_m': 10000000.0, 'tau_minus': 161.0, 'tau_plus': 1.0, 'tau_s': 0.0, 'time': 300, 'w_init': 0.0}
Score: 0.0950
100%|█████████▉| 604/605 [06:03<?, ?trial/s, best loss=?]                                                         Deleting files related to the current optimization iteration...
100%|█████████▉| 604/605 [06:03<?, ?trial/s, best loss=?]100%|██████████| 605/605 [06:03<00:00, 363.46s/trial, best loss: -0.439]100%|██████████| 605/605 [06:03<00:00, 363.46s/trial, best loss: -0.439]
100%|█████████▉| 605/606 [00:00<?, ?trial/s, best loss=?]                                                         Params: {'V_th': 10000, 'alpha': 1119.8517807028004, 'decode_potentials': True, 'decoding_method': 'max', 'encoding_method': 'frequency', 'lr': 0.5671163316909728, 'max_features': 1.0, 'max_samples': 0.2, 'mu_minus': 0.21000000000000002, 'mu_plus': 0.41000000000000003, 'n_estimators': 1, 'n_fields': None, 'neuron_model': 'iaf_psc_exp', 'ref_seq_interval': 7, 'resolution': 0.1, 'shift_minus': 0.034334493932548615, 'shift_plus': -0.1673384713859282, 'sigma_w': None, 'synapse_model': 'shifted_nn_restr_stdp_synapse', 't_ref': 0.0, 'tau_m': 10000000.0, 'tau_minus': 141.0, 'tau_plus': 261.0, 'tau_s': 0.0, 'time': 300, 'w_init': 0.0}
Score: 0.1120
100%|█████████▉| 605/606 [05:33<?, ?trial/s, best loss=?]                                                         Deleting files related to the current optimization iteration...
100%|█████████▉| 605/606 [05:33<?, ?trial/s, best loss=?]100%|██████████| 606/606 [05:33<00:00, 333.66s/trial, best loss: -0.439]100%|██████████| 606/606 [05:33<00:00, 333.66s/trial, best loss: -0.439]
100%|█████████▉| 606/607 [00:00<?, ?trial/s, best loss=?]                                                         Params: {'V_th': 10000, 'alpha': 2644.4071628267584, 'decode_potentials': True, 'decoding_method': 'max', 'encoding_method': 'frequency', 'lr': 0.42080123771041955, 'max_features': 1.0, 'max_samples': 0.2, 'mu_minus': 0.76, 'mu_plus': 0.51, 'n_estimators': 1, 'n_fields': None, 'neuron_model': 'iaf_psc_exp', 'ref_seq_interval': 6, 'resolution': 0.1, 'shift_minus': 0.04644394681770082, 'shift_plus': -0.09099669785044782, 'sigma_w': None, 'synapse_model': 'shifted_nn_restr_stdp_synapse', 't_ref': 0.0, 'tau_m': 10000000.0, 'tau_minus': 1.0, 'tau_plus': 261.0, 'tau_s': 0.0, 'time': 300, 'w_init': 0.0}
Score: 0.0980
100%|█████████▉| 606/607 [05:33<?, ?trial/s, best loss=?]                                                         Deleting files related to the current optimization iteration...
100%|█████████▉| 606/607 [05:33<?, ?trial/s, best loss=?]100%|██████████| 607/607 [05:33<00:00, 333.42s/trial, best loss: -0.439]100%|██████████| 607/607 [05:33<00:00, 333.42s/trial, best loss: -0.439]
100%|█████████▉| 607/608 [00:00<?, ?trial/s, best loss=?]                                                         Params: {'V_th': 10000, 'alpha': 39.71494738697253, 'decode_potentials': True, 'decoding_method': 'max', 'encoding_method': 'frequency', 'lr': 0.38719667900780275, 'max_features': 1.0, 'max_samples': 0.2, 'mu_minus': 0.46, 'mu_plus': 0.66, 'n_estimators': 1, 'n_fields': None, 'neuron_model': 'iaf_psc_exp', 'ref_seq_interval': 3, 'resolution': 0.1, 'shift_minus': 0.00012815585416688818, 'shift_plus': -0.018060612585592332, 'sigma_w': None, 'synapse_model': 'shifted_nn_restr_stdp_synapse', 't_ref': 0.0, 'tau_m': 10000000.0, 'tau_minus': 61.0, 'tau_plus': 161.0, 'tau_s': 0.0, 'time': 300, 'w_init': 0.0}
Score: 0.2440
100%|█████████▉| 607/608 [06:03<?, ?trial/s, best loss=?]                                                         Deleting files related to the current optimization iteration...
100%|█████████▉| 607/608 [06:03<?, ?trial/s, best loss=?]100%|██████████| 608/608 [06:03<00:00, 363.32s/trial, best loss: -0.439]100%|██████████| 608/608 [06:03<00:00, 363.32s/trial, best loss: -0.439]
100%|█████████▉| 608/609 [00:00<?, ?trial/s, best loss=?]                                                         Params: {'V_th': 10000, 'alpha': 15.805841693459598, 'decode_potentials': True, 'decoding_method': 'max', 'encoding_method': 'frequency', 'lr': 0.3171464238302818, 'max_features': 1.0, 'max_samples': 0.2, 'mu_minus': 0.46, 'mu_plus': 0.66, 'n_estimators': 1, 'n_fields': None, 'neuron_model': 'iaf_psc_exp', 'ref_seq_interval': 3, 'resolution': 0.1, 'shift_minus': 0.02254535896715965, 'shift_plus': -0.12740548670607302, 'sigma_w': None, 'synapse_model': 'shifted_nn_restr_stdp_synapse', 't_ref': 0.0, 'tau_m': 10000000.0, 'tau_minus': 61.0, 'tau_plus': 161.0, 'tau_s': 0.0, 'time': 300, 'w_init': 0.0}
Score: 0.1060
100%|█████████▉| 608/609 [06:03<?, ?trial/s, best loss=?]                                                         Deleting files related to the current optimization iteration...
100%|█████████▉| 608/609 [06:03<?, ?trial/s, best loss=?]100%|██████████| 609/609 [06:03<00:00, 363.46s/trial, best loss: -0.439]100%|██████████| 609/609 [06:03<00:00, 363.46s/trial, best loss: -0.439]
100%|█████████▉| 609/610 [00:00<?, ?trial/s, best loss=?]                                                         Params: {'V_th': 10000, 'alpha': 40.91016685566953, 'decode_potentials': True, 'decoding_method': 'max', 'encoding_method': 'frequency', 'lr': 0.24090887702564107, 'max_features': 1.0, 'max_samples': 0.2, 'mu_minus': 0.46, 'mu_plus': 0.66, 'n_estimators': 1, 'n_fields': None, 'neuron_model': 'iaf_psc_exp', 'ref_seq_interval': 2, 'resolution': 0.1, 'shift_minus': 0.07002283054687673, 'shift_plus': -0.0026534736190323635, 'sigma_w': None, 'synapse_model': 'shifted_nn_restr_stdp_synapse', 't_ref': 0.0, 'tau_m': 10000000.0, 'tau_minus': 61.0, 'tau_plus': 161.0, 'tau_s': 0.0, 'time': 300, 'w_init': 0.0}
Score: 0.1040
100%|█████████▉| 609/610 [06:03<?, ?trial/s, best loss=?]                                                         Deleting files related to the current optimization iteration...
100%|█████████▉| 609/610 [06:03<?, ?trial/s, best loss=?]100%|██████████| 610/610 [06:03<00:00, 363.55s/trial, best loss: -0.439]100%|██████████| 610/610 [06:03<00:00, 363.55s/trial, best loss: -0.439]
100%|█████████▉| 610/611 [00:00<?, ?trial/s, best loss=?]                                                         Params: {'V_th': 10000, 'alpha': 31.10456556712264, 'decode_potentials': True, 'decoding_method': 'max', 'encoding_method': 'frequency', 'lr': 0.28867580913723595, 'max_features': 1.0, 'max_samples': 0.2, 'mu_minus': 0.46, 'mu_plus': 0.66, 'n_estimators': 1, 'n_fields': None, 'neuron_model': 'iaf_psc_exp', 'ref_seq_interval': 9, 'resolution': 0.1, 'shift_minus': 0.00905731300290449, 'shift_plus': -0.06313546988998098, 'sigma_w': None, 'synapse_model': 'shifted_nn_restr_stdp_synapse', 't_ref': 0.0, 'tau_m': 10000000.0, 'tau_minus': 61.0, 'tau_plus': 161.0, 'tau_s': 0.0, 'time': 300, 'w_init': 0.0}
Score: 0.1090
100%|█████████▉| 610/611 [05:33<?, ?trial/s, best loss=?]                                                         Deleting files related to the current optimization iteration...
100%|█████████▉| 610/611 [05:33<?, ?trial/s, best loss=?]100%|██████████| 611/611 [05:33<00:00, 333.38s/trial, best loss: -0.439]100%|██████████| 611/611 [05:33<00:00, 333.38s/trial, best loss: -0.439]
100%|█████████▉| 611/612 [00:00<?, ?trial/s, best loss=?]                                                         Params: {'V_th': 10000, 'alpha': 21.660380574614663, 'decode_potentials': True, 'decoding_method': 'max', 'encoding_method': 'frequency', 'lr': 0.38494410215745606, 'max_features': 1.0, 'max_samples': 0.2, 'mu_minus': 0.46, 'mu_plus': 0.66, 'n_estimators': 1, 'n_fields': None, 'neuron_model': 'iaf_psc_exp', 'ref_seq_interval': 3, 'resolution': 0.1, 'shift_minus': 0.00019615666273482002, 'shift_plus': -0.0013206525479469004, 'sigma_w': None, 'synapse_model': 'shifted_nn_restr_stdp_synapse', 't_ref': 0.0, 'tau_m': 10000000.0, 'tau_minus': 61.0, 'tau_plus': 161.0, 'tau_s': 0.0, 'time': 300, 'w_init': 0.0}
Score: 0.5880
100%|█████████▉| 611/612 [06:03<?, ?trial/s, best loss=?]                                                         Deleting files related to the current optimization iteration...
100%|█████████▉| 611/612 [06:03<?, ?trial/s, best loss=?]100%|██████████| 612/612 [06:03<00:00, 363.42s/trial, best loss: -0.588]100%|██████████| 612/612 [06:03<00:00, 363.42s/trial, best loss: -0.588]
100%|█████████▉| 612/613 [00:00<?, ?trial/s, best loss=?]                                                         Params: {'V_th': 10000, 'alpha': 13.742222187013688, 'decode_potentials': True, 'decoding_method': 'max', 'encoding_method': 'frequency', 'lr': 0.3382634594686019, 'max_features': 1.0, 'max_samples': 0.2, 'mu_minus': 0.46, 'mu_plus': 0.66, 'n_estimators': 1, 'n_fields': None, 'neuron_model': 'iaf_psc_exp', 'ref_seq_interval': 10, 'resolution': 0.1, 'shift_minus': 0.05406731512072943, 'shift_plus': -0.0009692940479966109, 'sigma_w': None, 'synapse_model': 'shifted_nn_restr_stdp_synapse', 't_ref': 0.0, 'tau_m': 10000000.0, 'tau_minus': 61.0, 'tau_plus': 161.0, 'tau_s': 0.0, 'time': 300, 'w_init': 0.0}
Score: 0.1150
100%|█████████▉| 612/613 [05:33<?, ?trial/s, best loss=?]                                                         Deleting files related to the current optimization iteration...
100%|█████████▉| 612/613 [05:33<?, ?trial/s, best loss=?]100%|██████████| 613/613 [05:33<00:00, 333.43s/trial, best loss: -0.588]100%|██████████| 613/613 [05:33<00:00, 333.43s/trial, best loss: -0.588]
100%|█████████▉| 613/614 [00:00<?, ?trial/s, best loss=?]                                                         Params: {'V_th': 10000, 'alpha': 22.494776942863936, 'decode_potentials': True, 'decoding_method': 'max', 'encoding_method': 'frequency', 'lr': 0.37413175616001126, 'max_features': 1.0, 'max_samples': 0.2, 'mu_minus': 0.46, 'mu_plus': 0.66, 'n_estimators': 1, 'n_fields': None, 'neuron_model': 'iaf_psc_exp', 'ref_seq_interval': 3, 'resolution': 0.1, 'shift_minus': 0.028538102325455676, 'shift_plus': -0.049733385935733745, 'sigma_w': None, 'synapse_model': 'shifted_nn_restr_stdp_synapse', 't_ref': 0.0, 'tau_m': 10000000.0, 'tau_minus': 61.0, 'tau_plus': 161.0, 'tau_s': 0.0, 'time': 300, 'w_init': 0.0}
Score: 0.1090
100%|█████████▉| 613/614 [06:03<?, ?trial/s, best loss=?]                                                         Deleting files related to the current optimization iteration...
100%|█████████▉| 613/614 [06:03<?, ?trial/s, best loss=?]100%|██████████| 614/614 [06:03<00:00, 363.29s/trial, best loss: -0.588]100%|██████████| 614/614 [06:03<00:00, 363.29s/trial, best loss: -0.588]
100%|█████████▉| 614/615 [00:00<?, ?trial/s, best loss=?]                                                         Params: {'V_th': 10000, 'alpha': 18.839754461131104, 'decode_potentials': True, 'decoding_method': 'max', 'encoding_method': 'frequency', 'lr': 0.22000633998268623, 'max_features': 1.0, 'max_samples': 0.2, 'mu_minus': 0.46, 'mu_plus': 0.66, 'n_estimators': 1, 'n_fields': None, 'neuron_model': 'iaf_psc_exp', 'ref_seq_interval': 3, 'resolution': 0.1, 'shift_minus': 0.04453686640470051, 'shift_plus': -0.085438908236683, 'sigma_w': None, 'synapse_model': 'shifted_nn_restr_stdp_synapse', 't_ref': 0.0, 'tau_m': 10000000.0, 'tau_minus': 61.0, 'tau_plus': 161.0, 'tau_s': 0.0, 'time': 300, 'w_init': 0.0}
Score: 0.0810
100%|█████████▉| 614/615 [06:03<?, ?trial/s, best loss=?]                                                         Deleting files related to the current optimization iteration...
100%|█████████▉| 614/615 [06:03<?, ?trial/s, best loss=?]100%|██████████| 615/615 [06:03<00:00, 363.98s/trial, best loss: -0.588]100%|██████████| 615/615 [06:03<00:00, 363.98s/trial, best loss: -0.588]
100%|█████████▉| 615/616 [00:00<?, ?trial/s, best loss=?]                                                         Params: {'V_th': 10000, 'alpha': 72.96224227680936, 'decode_potentials': True, 'decoding_method': 'max', 'encoding_method': 'frequency', 'lr': 0.31114237954782714, 'max_features': 1.0, 'max_samples': 0.2, 'mu_minus': 0.46, 'mu_plus': 0.66, 'n_estimators': 1, 'n_fields': None, 'neuron_model': 'iaf_psc_exp', 'ref_seq_interval': 3, 'resolution': 0.1, 'shift_minus': 0.009152863960751404, 'shift_plus': -0.02034077307044927, 'sigma_w': None, 'synapse_model': 'shifted_nn_restr_stdp_synapse', 't_ref': 0.0, 'tau_m': 10000000.0, 'tau_minus': 61.0, 'tau_plus': 161.0, 'tau_s': 0.0, 'time': 300, 'w_init': 0.0}
Score: 0.1230
100%|█████████▉| 615/616 [06:03<?, ?trial/s, best loss=?]                                                         Deleting files related to the current optimization iteration...
100%|█████████▉| 615/616 [06:03<?, ?trial/s, best loss=?]100%|██████████| 616/616 [06:03<00:00, 363.68s/trial, best loss: -0.588]100%|██████████| 616/616 [06:03<00:00, 363.68s/trial, best loss: -0.588]
100%|█████████▉| 616/617 [00:00<?, ?trial/s, best loss=?]                                                         Params: {'V_th': 10000, 'alpha': 26.934743318248508, 'decode_potentials': True, 'decoding_method': 'max', 'encoding_method': 'frequency', 'lr': 0.34756696601859777, 'max_features': 1.0, 'max_samples': 0.2, 'mu_minus': 0.46, 'mu_plus': 0.66, 'n_estimators': 1, 'n_fields': None, 'neuron_model': 'iaf_psc_exp', 'ref_seq_interval': 7, 'resolution': 0.1, 'shift_minus': 0.033723691530358285, 'shift_plus': -0.10483460109904919, 'sigma_w': None, 'synapse_model': 'shifted_nn_restr_stdp_synapse', 't_ref': 0.0, 'tau_m': 10000000.0, 'tau_minus': 61.0, 'tau_plus': 161.0, 'tau_s': 0.0, 'time': 300, 'w_init': 0.0}
Score: 0.1030
100%|█████████▉| 616/617 [05:33<?, ?trial/s, best loss=?]                                                         Deleting files related to the current optimization iteration...
100%|█████████▉| 616/617 [05:33<?, ?trial/s, best loss=?]100%|██████████| 617/617 [05:33<00:00, 333.41s/trial, best loss: -0.588]100%|██████████| 617/617 [05:33<00:00, 333.41s/trial, best loss: -0.588]
100%|█████████▉| 617/618 [00:00<?, ?trial/s, best loss=?]                                                         Params: {'V_th': 10000, 'alpha': 61.18356398045654, 'decode_potentials': True, 'decoding_method': 'max', 'encoding_method': 'frequency', 'lr': 0.2682107338225225, 'max_features': 1.0, 'max_samples': 0.2, 'mu_minus': 0.91, 'mu_plus': 0.66, 'n_estimators': 1, 'n_fields': None, 'neuron_model': 'iaf_psc_exp', 'ref_seq_interval': 3, 'resolution': 0.1, 'shift_minus': 0.06783450023151262, 'shift_plus': -0.14422143398075363, 'sigma_w': None, 'synapse_model': 'shifted_nn_restr_stdp_synapse', 't_ref': 0.0, 'tau_m': 10000000.0, 'tau_minus': 61.0, 'tau_plus': 161.0, 'tau_s': 0.0, 'time': 300, 'w_init': 0.0}
Score: 0.1150
100%|█████████▉| 617/618 [06:03<?, ?trial/s, best loss=?]                                                         Deleting files related to the current optimization iteration...
100%|█████████▉| 617/618 [06:03<?, ?trial/s, best loss=?]100%|██████████| 618/618 [06:03<00:00, 363.39s/trial, best loss: -0.588]100%|██████████| 618/618 [06:03<00:00, 363.40s/trial, best loss: -0.588]
100%|█████████▉| 618/619 [00:00<?, ?trial/s, best loss=?]                                                         Params: {'V_th': 10000, 'alpha': 39.53171126115415, 'decode_potentials': True, 'decoding_method': 'max', 'encoding_method': 'frequency', 'lr': 0.19853908121161482, 'max_features': 1.0, 'max_samples': 0.2, 'mu_minus': 0.46, 'mu_plus': 0.66, 'n_estimators': 1, 'n_fields': None, 'neuron_model': 'iaf_psc_exp', 'ref_seq_interval': 6, 'resolution': 0.1, 'shift_minus': 0.02035869972403895, 'shift_plus': -0.054620992807153046, 'sigma_w': None, 'synapse_model': 'shifted_nn_restr_stdp_synapse', 't_ref': 0.0, 'tau_m': 10000000.0, 'tau_minus': 61.0, 'tau_plus': 161.0, 'tau_s': 0.0, 'time': 300, 'w_init': 0.0}
Score: 0.0940
100%|█████████▉| 618/619 [05:33<?, ?trial/s, best loss=?]                                                         Deleting files related to the current optimization iteration...
100%|█████████▉| 618/619 [05:33<?, ?trial/s, best loss=?]100%|██████████| 619/619 [05:33<00:00, 333.25s/trial, best loss: -0.588]100%|██████████| 619/619 [05:33<00:00, 333.25s/trial, best loss: -0.588]
100%|█████████▉| 619/620 [00:00<?, ?trial/s, best loss=?]                                                         Params: {'V_th': 10000, 'alpha': 7.418993089543132, 'decode_potentials': True, 'decoding_method': 'max', 'encoding_method': 'frequency', 'lr': 0.39546226113004385, 'max_features': 1.0, 'max_samples': 0.2, 'mu_minus': 0.46, 'mu_plus': 0.66, 'n_estimators': 1, 'n_fields': None, 'neuron_model': 'iaf_psc_exp', 'ref_seq_interval': 3, 'resolution': 0.1, 'shift_minus': 0.08301581121278889, 'shift_plus': -0.03701473554995007, 'sigma_w': None, 'synapse_model': 'shifted_nn_restr_stdp_synapse', 't_ref': 0.0, 'tau_m': 10000000.0, 'tau_minus': 61.0, 'tau_plus': 161.0, 'tau_s': 0.0, 'time': 300, 'w_init': 0.0}
Score: 0.1030
100%|█████████▉| 619/620 [06:03<?, ?trial/s, best loss=?]                                                         Deleting files related to the current optimization iteration...
100%|█████████▉| 619/620 [06:03<?, ?trial/s, best loss=?]100%|██████████| 620/620 [06:03<00:00, 363.37s/trial, best loss: -0.588]100%|██████████| 620/620 [06:03<00:00, 363.37s/trial, best loss: -0.588]
100%|█████████▉| 620/621 [00:00<?, ?trial/s, best loss=?]                                                         Params: {'V_th': 10000, 'alpha': 47.95032599725008, 'decode_potentials': True, 'decoding_method': 'max', 'encoding_method': 'frequency', 'lr': 0.18292162076791912, 'max_features': 1.0, 'max_samples': 0.2, 'mu_minus': 0.46, 'mu_plus': 0.66, 'n_estimators': 1, 'n_fields': None, 'neuron_model': 'iaf_psc_exp', 'ref_seq_interval': 3, 'resolution': 0.1, 'shift_minus': 0.017790231420320636, 'shift_plus': -0.0731164629835525, 'sigma_w': None, 'synapse_model': 'shifted_nn_restr_stdp_synapse', 't_ref': 0.0, 'tau_m': 10000000.0, 'tau_minus': 61.0, 'tau_plus': 161.0, 'tau_s': 0.0, 'time': 300, 'w_init': 0.0}
Score: 0.1070
100%|█████████▉| 620/621 [06:03<?, ?trial/s, best loss=?]                                                         Deleting files related to the current optimization iteration...
100%|█████████▉| 620/621 [06:03<?, ?trial/s, best loss=?]100%|██████████| 621/621 [06:03<00:00, 363.51s/trial, best loss: -0.588]100%|██████████| 621/621 [06:03<00:00, 363.51s/trial, best loss: -0.588]
100%|█████████▉| 621/622 [00:00<?, ?trial/s, best loss=?]                                                         Params: {'V_th': 10000, 'alpha': 10.54808658853127, 'decode_potentials': True, 'decoding_method': 'max', 'encoding_method': 'frequency', 'lr': 0.2556447428592625, 'max_features': 1.0, 'max_samples': 0.2, 'mu_minus': 0.46, 'mu_plus': 0.66, 'n_estimators': 1, 'n_fields': None, 'neuron_model': 'iaf_psc_exp', 'ref_seq_interval': 2, 'resolution': 0.1, 'shift_minus': 0.04019730568688734, 'shift_plus': -0.0029111243172442207, 'sigma_w': None, 'synapse_model': 'shifted_nn_restr_stdp_synapse', 't_ref': 0.0, 'tau_m': 10000000.0, 'tau_minus': 61.0, 'tau_plus': 161.0, 'tau_s': 0.0, 'time': 300, 'w_init': 0.0}
Score: 0.1110
100%|█████████▉| 621/622 [06:03<?, ?trial/s, best loss=?]                                                         Deleting files related to the current optimization iteration...
100%|█████████▉| 621/622 [06:03<?, ?trial/s, best loss=?]100%|██████████| 622/622 [06:03<00:00, 363.50s/trial, best loss: -0.588]100%|██████████| 622/622 [06:03<00:00, 363.50s/trial, best loss: -0.588]
100%|█████████▉| 622/623 [00:00<?, ?trial/s, best loss=?]                                                         Params: {'V_th': 10000, 'alpha': 16.05253570540025, 'decode_potentials': True, 'decoding_method': 'max', 'encoding_method': 'frequency', 'lr': 0.35825724938096176, 'max_features': 1.0, 'max_samples': 0.2, 'mu_minus': 0.46, 'mu_plus': 0.66, 'n_estimators': 1, 'n_fields': None, 'neuron_model': 'iaf_psc_exp', 'ref_seq_interval': 9, 'resolution': 0.1, 'shift_minus': 0.057124464716892434, 'shift_plus': -0.019661690363064324, 'sigma_w': None, 'synapse_model': 'shifted_nn_restr_stdp_synapse', 't_ref': 0.0, 'tau_m': 10000000.0, 'tau_minus': 61.0, 'tau_plus': 161.0, 'tau_s': 0.0, 'time': 300, 'w_init': 0.0}
Score: 0.1070
100%|█████████▉| 622/623 [05:33<?, ?trial/s, best loss=?]                                                         Deleting files related to the current optimization iteration...
100%|█████████▉| 622/623 [05:33<?, ?trial/s, best loss=?]100%|██████████| 623/623 [05:33<00:00, 333.40s/trial, best loss: -0.588]100%|██████████| 623/623 [05:33<00:00, 333.40s/trial, best loss: -0.588]
100%|█████████▉| 623/624 [00:00<?, ?trial/s, best loss=?]                                                         Params: {'V_th': 10000, 'alpha': 12.921695339480035, 'decode_potentials': True, 'decoding_method': 'max', 'encoding_method': 'frequency', 'lr': 0.13656553868552918, 'max_features': 1.0, 'max_samples': 0.2, 'mu_minus': 0.46, 'mu_plus': 0.66, 'n_estimators': 1, 'n_fields': None, 'neuron_model': 'iaf_psc_exp', 'ref_seq_interval': 3, 'resolution': 0.1, 'shift_minus': 0.00736707427992269, 'shift_plus': -0.1272676168583306, 'sigma_w': None, 'synapse_model': 'shifted_nn_restr_stdp_synapse', 't_ref': 0.0, 'tau_m': 10000000.0, 'tau_minus': 61.0, 'tau_plus': 161.0, 'tau_s': 0.0, 'time': 300, 'w_init': 0.0}
Score: 0.1160
100%|█████████▉| 623/624 [06:03<?, ?trial/s, best loss=?]                                                         Deleting files related to the current optimization iteration...
100%|█████████▉| 623/624 [06:03<?, ?trial/s, best loss=?]100%|██████████| 624/624 [06:03<00:00, 363.41s/trial, best loss: -0.588]100%|██████████| 624/624 [06:03<00:00, 363.41s/trial, best loss: -0.588]
100%|█████████▉| 624/625 [00:00<?, ?trial/s, best loss=?]                                                         Params: {'V_th': 10000, 'alpha': 31.614713555697314, 'decode_potentials': True, 'decoding_method': 'max', 'encoding_method': 'frequency', 'lr': 0.4635909495218952, 'max_features': 1.0, 'max_samples': 0.2, 'mu_minus': 0.46, 'mu_plus': 0.66, 'n_estimators': 1, 'n_fields': None, 'neuron_model': 'iaf_psc_exp', 'ref_seq_interval': 10, 'resolution': 0.1, 'shift_minus': 0.00038485656010141457, 'shift_plus': -0.8890189969085188, 'sigma_w': None, 'synapse_model': 'shifted_nn_restr_stdp_synapse', 't_ref': 0.0, 'tau_m': 10000000.0, 'tau_minus': 61.0, 'tau_plus': 161.0, 'tau_s': 0.0, 'time': 300, 'w_init': 0.0}
Score: 0.1180
100%|█████████▉| 624/625 [05:33<?, ?trial/s, best loss=?]                                                         Deleting files related to the current optimization iteration...
100%|█████████▉| 624/625 [05:33<?, ?trial/s, best loss=?]100%|██████████| 625/625 [05:33<00:00, 333.26s/trial, best loss: -0.588]100%|██████████| 625/625 [05:33<00:00, 333.26s/trial, best loss: -0.588]
100%|█████████▉| 625/626 [00:00<?, ?trial/s, best loss=?]                                                         Params: {'V_th': 10000, 'alpha': 18.332158695204694, 'decode_potentials': True, 'decoding_method': 'max', 'encoding_method': 'frequency', 'lr': 0.32786806561902837, 'max_features': 1.0, 'max_samples': 0.2, 'mu_minus': 0.46, 'mu_plus': 0.66, 'n_estimators': 1, 'n_fields': None, 'neuron_model': 'iaf_psc_exp', 'ref_seq_interval': 3, 'resolution': 0.1, 'shift_minus': 0.029506777229922003, 'shift_plus': -0.0011271542071380441, 'sigma_w': None, 'synapse_model': 'shifted_nn_restr_stdp_synapse', 't_ref': 0.0, 'tau_m': 10000000.0, 'tau_minus': 61.0, 'tau_plus': 161.0, 'tau_s': 0.0, 'time': 300, 'w_init': 0.0}
Score: 0.1130
100%|█████████▉| 625/626 [06:03<?, ?trial/s, best loss=?]                                                         Deleting files related to the current optimization iteration...
100%|█████████▉| 625/626 [06:03<?, ?trial/s, best loss=?]100%|██████████| 626/626 [06:03<00:00, 363.55s/trial, best loss: -0.588]100%|██████████| 626/626 [06:03<00:00, 363.55s/trial, best loss: -0.588]
100%|█████████▉| 626/627 [00:00<?, ?trial/s, best loss=?]                                                         Params: {'V_th': 10000, 'alpha': 57.08998892009944, 'decode_potentials': True, 'decoding_method': 'max', 'encoding_method': 'frequency', 'lr': 0.29042095489658015, 'max_features': 1.0, 'max_samples': 0.2, 'mu_minus': 0.46, 'mu_plus': 0.66, 'n_estimators': 1, 'n_fields': None, 'neuron_model': 'iaf_psc_exp', 'ref_seq_interval': 3, 'resolution': 0.1, 'shift_minus': 0.07455415412934989, 'shift_plus': -0.16739351546022063, 'sigma_w': None, 'synapse_model': 'shifted_nn_restr_stdp_synapse', 't_ref': 0.0, 'tau_m': 10000000.0, 'tau_minus': 61.0, 'tau_plus': 181.0, 'tau_s': 0.0, 'time': 300, 'w_init': 0.0}
Score: 0.1080
100%|█████████▉| 626/627 [06:03<?, ?trial/s, best loss=?]                                                         Deleting files related to the current optimization iteration...
100%|█████████▉| 626/627 [06:03<?, ?trial/s, best loss=?]100%|██████████| 627/627 [06:03<00:00, 363.57s/trial, best loss: -0.588]100%|██████████| 627/627 [06:03<00:00, 363.57s/trial, best loss: -0.588]
100%|█████████▉| 627/628 [00:00<?, ?trial/s, best loss=?]                                                         Params: {'V_th': 10000, 'alpha': 8.533654287179274, 'decode_potentials': True, 'decoding_method': 'max', 'encoding_method': 'frequency', 'lr': 0.387899070653224, 'max_features': 1.0, 'max_samples': 0.2, 'mu_minus': 0.46, 'mu_plus': 0.66, 'n_estimators': 1, 'n_fields': None, 'neuron_model': 'iaf_psc_exp', 'ref_seq_interval': 3, 'resolution': 0.1, 'shift_minus': 0.04853810078345639, 'shift_plus': -0.10715523511249163, 'sigma_w': None, 'synapse_model': 'shifted_nn_restr_stdp_synapse', 't_ref': 0.0, 'tau_m': 10000000.0, 'tau_minus': 61.0, 'tau_plus': 161.0, 'tau_s': 0.0, 'time': 300, 'w_init': 0.0}
Score: 0.1010
100%|█████████▉| 627/628 [06:03<?, ?trial/s, best loss=?]                                                         Deleting files related to the current optimization iteration...
100%|█████████▉| 627/628 [06:03<?, ?trial/s, best loss=?]100%|██████████| 628/628 [06:03<00:00, 363.46s/trial, best loss: -0.588]100%|██████████| 628/628 [06:03<00:00, 363.46s/trial, best loss: -0.588]
100%|█████████▉| 628/629 [00:00<?, ?trial/s, best loss=?]                                                         Params: {'V_th': 10000, 'alpha': 69.39534277289057, 'decode_potentials': True, 'decoding_method': 'max', 'encoding_method': 'frequency', 'lr': 0.413765714273855, 'max_features': 1.0, 'max_samples': 0.2, 'mu_minus': 0.46, 'mu_plus': 0.46, 'n_estimators': 1, 'n_fields': None, 'neuron_model': 'iaf_psc_exp', 'ref_seq_interval': 7, 'resolution': 0.1, 'shift_minus': 0.000685001422739839, 'shift_plus': -0.04366695472606516, 'sigma_w': None, 'synapse_model': 'shifted_nn_restr_stdp_synapse', 't_ref': 0.0, 'tau_m': 10000000.0, 'tau_minus': 61.0, 'tau_plus': 161.0, 'tau_s': 0.0, 'time': 300, 'w_init': 0.0}
Score: 0.1500
100%|█████████▉| 628/629 [05:33<?, ?trial/s, best loss=?]                                                         Deleting files related to the current optimization iteration...
100%|█████████▉| 628/629 [05:33<?, ?trial/s, best loss=?]100%|██████████| 629/629 [05:33<00:00, 333.74s/trial, best loss: -0.588]100%|██████████| 629/629 [05:33<00:00, 333.74s/trial, best loss: -0.588]
100%|█████████▉| 629/630 [00:00<?, ?trial/s, best loss=?]                                                         Params: {'V_th': 10000, 'alpha': 21.188293624728377, 'decode_potentials': True, 'decoding_method': 'max', 'encoding_method': 'frequency', 'lr': 0.44635821839089873, 'max_features': 1.0, 'max_samples': 0.2, 'mu_minus': 0.46, 'mu_plus': 0.66, 'n_estimators': 1, 'n_fields': None, 'neuron_model': 'iaf_psc_exp', 'ref_seq_interval': 3, 'resolution': 0.1, 'shift_minus': 0.09512083123718264, 'shift_plus': -0.08222502278963058, 'sigma_w': None, 'synapse_model': 'shifted_nn_restr_stdp_synapse', 't_ref': 0.0, 'tau_m': 10000000.0, 'tau_minus': 61.0, 'tau_plus': 161.0, 'tau_s': 0.0, 'time': 300, 'w_init': 0.0}
Score: 0.1090
100%|█████████▉| 629/630 [05:33<?, ?trial/s, best loss=?]                                                         Deleting files related to the current optimization iteration...
100%|█████████▉| 629/630 [05:33<?, ?trial/s, best loss=?]100%|██████████| 630/630 [05:33<00:00, 333.23s/trial, best loss: -0.588]100%|██████████| 630/630 [05:33<00:00, 333.23s/trial, best loss: -0.588]
100%|█████████▉| 630/631 [00:00<?, ?trial/s, best loss=?]                                                         Params: {'V_th': 10000, 'alpha': 93.61214727495938, 'decode_potentials': True, 'decoding_method': 'max', 'encoding_method': 'frequency', 'lr': 0.3719657464035813, 'max_features': 1.0, 'max_samples': 0.2, 'mu_minus': 0.46, 'mu_plus': 0.66, 'n_estimators': 1, 'n_fields': None, 'neuron_model': 'iaf_psc_exp', 'ref_seq_interval': 6, 'resolution': 0.1, 'shift_minus': 0.016233978258956495, 'shift_plus': -0.054659473074537245, 'sigma_w': None, 'synapse_model': 'shifted_nn_restr_stdp_synapse', 't_ref': 0.0, 'tau_m': 10000000.0, 'tau_minus': 61.0, 'tau_plus': 161.0, 'tau_s': 0.0, 'time': 300, 'w_init': 0.0}
Score: 0.1140
100%|█████████▉| 630/631 [05:33<?, ?trial/s, best loss=?]                                                         Deleting files related to the current optimization iteration...
100%|█████████▉| 630/631 [05:33<?, ?trial/s, best loss=?]100%|██████████| 631/631 [05:33<00:00, 333.47s/trial, best loss: -0.588]100%|██████████| 631/631 [05:33<00:00, 333.47s/trial, best loss: -0.588]
100%|█████████▉| 631/632 [00:00<?, ?trial/s, best loss=?]                                                         Params: {'V_th': 10000, 'alpha': 26.295519509607786, 'decode_potentials': True, 'decoding_method': 'max', 'encoding_method': 'frequency', 'lr': 0.30228995586512625, 'max_features': 1.0, 'max_samples': 0.2, 'mu_minus': 0.16000000000000003, 'mu_plus': 0.16000000000000003, 'n_estimators': 1, 'n_fields': None, 'neuron_model': 'iaf_psc_exp', 'ref_seq_interval': 3, 'resolution': 0.1, 'shift_minus': 0.0657929565106533, 'shift_plus': -0.000975805909419137, 'sigma_w': None, 'synapse_model': 'shifted_nn_restr_stdp_synapse', 't_ref': 0.0, 'tau_m': 10000000.0, 'tau_minus': 61.0, 'tau_plus': 161.0, 'tau_s': 0.0, 'time': 300, 'w_init': 0.0}
Score: 0.1020
100%|█████████▉| 631/632 [06:03<?, ?trial/s, best loss=?]                                                         Deleting files related to the current optimization iteration...
100%|█████████▉| 631/632 [06:03<?, ?trial/s, best loss=?]100%|██████████| 632/632 [06:03<00:00, 363.42s/trial, best loss: -0.588]100%|██████████| 632/632 [06:03<00:00, 363.42s/trial, best loss: -0.588]
100%|█████████▉| 632/633 [00:00<?, ?trial/s, best loss=?]                                                         Params: {'V_th': 10000, 'alpha': 37.764266194647256, 'decode_potentials': True, 'decoding_method': 'max', 'encoding_method': 'frequency', 'lr': 0.32883941179112064, 'max_features': 1.0, 'max_samples': 0.2, 'mu_minus': 0.46, 'mu_plus': 0.31000000000000005, 'n_estimators': 1, 'n_fields': None, 'neuron_model': 'iaf_psc_exp', 'ref_seq_interval': 3, 'resolution': 0.1, 'shift_minus': 0.03455272194896265, 'shift_plus': -6.534868778777445e-05, 'sigma_w': None, 'synapse_model': 'shifted_nn_restr_stdp_synapse', 't_ref': 0.0, 'tau_m': 10000000.0, 'tau_minus': 61.0, 'tau_plus': 161.0, 'tau_s': 0.0, 'time': 300, 'w_init': 0.0}
Score: 0.1030
100%|█████████▉| 632/633 [06:03<?, ?trial/s, best loss=?]                                                         Deleting files related to the current optimization iteration...
100%|█████████▉| 632/633 [06:03<?, ?trial/s, best loss=?]100%|██████████| 633/633 [06:03<00:00, 363.35s/trial, best loss: -0.588]100%|██████████| 633/633 [06:03<00:00, 363.35s/trial, best loss: -0.588]
100%|█████████▉| 633/634 [00:00<?, ?trial/s, best loss=?]                                                         Params: {'V_th': 10000, 'alpha': 45.060997023973634, 'decode_potentials': True, 'decoding_method': 'max', 'encoding_method': 'frequency', 'lr': 0.350722240669305, 'max_features': 1.0, 'max_samples': 0.2, 'mu_minus': 0.81, 'mu_plus': 0.21000000000000002, 'n_estimators': 1, 'n_fields': None, 'neuron_model': 'iaf_psc_exp', 'ref_seq_interval': 2, 'resolution': 0.1, 'shift_minus': 0.0002950778567588337, 'shift_plus': -0.023987164319966336, 'sigma_w': None, 'synapse_model': 'shifted_nn_restr_stdp_synapse', 't_ref': 0.0, 'tau_m': 10000000.0, 'tau_minus': 61.0, 'tau_plus': 161.0, 'tau_s': 0.0, 'time': 300, 'w_init': 0.0}
Score: 0.2000
100%|█████████▉| 633/634 [06:03<?, ?trial/s, best loss=?]                                                         Deleting files related to the current optimization iteration...
100%|█████████▉| 633/634 [06:03<?, ?trial/s, best loss=?]100%|██████████| 634/634 [06:03<00:00, 363.45s/trial, best loss: -0.588]100%|██████████| 634/634 [06:03<00:00, 363.45s/trial, best loss: -0.588]
100%|█████████▉| 634/635 [00:00<?, ?trial/s, best loss=?]                                                         Params: {'V_th': 10000, 'alpha': 9.335069505704416, 'decode_potentials': True, 'decoding_method': 'max', 'encoding_method': 'frequency', 'lr': 0.23329214561310196, 'max_features': 1.0, 'max_samples': 0.2, 'mu_minus': 0.26, 'mu_plus': 0.060000000000000005, 'n_estimators': 1, 'n_fields': None, 'neuron_model': 'iaf_psc_exp', 'ref_seq_interval': 9, 'resolution': 0.1, 'shift_minus': 0.02388331749084985, 'shift_plus': -0.09812452017658145, 'sigma_w': None, 'synapse_model': 'shifted_nn_restr_stdp_synapse', 't_ref': 0.0, 'tau_m': 10000000.0, 'tau_minus': 121.0, 'tau_plus': 161.0, 'tau_s': 0.0, 'time': 300, 'w_init': 0.0}
Score: 0.0910
100%|█████████▉| 634/635 [05:33<?, ?trial/s, best loss=?]                                                         Deleting files related to the current optimization iteration...
100%|█████████▉| 634/635 [05:33<?, ?trial/s, best loss=?]100%|██████████| 635/635 [05:33<00:00, 333.27s/trial, best loss: -0.588]100%|██████████| 635/635 [05:33<00:00, 333.27s/trial, best loss: -0.588]
100%|█████████▉| 635/636 [00:00<?, ?trial/s, best loss=?]                                                         Params: {'V_th': 10000, 'alpha': 146.7728833115983, 'decode_potentials': True, 'decoding_method': 'max', 'encoding_method': 'frequency', 'lr': 0.4306622516675211, 'max_features': 1.0, 'max_samples': 0.2, 'mu_minus': 0.46, 'mu_plus': 0.8600000000000001, 'n_estimators': 1, 'n_fields': None, 'neuron_model': 'iaf_psc_exp', 'ref_seq_interval': 3, 'resolution': 0.1, 'shift_minus': 0.043541085172771464, 'shift_plus': -0.06991845682650469, 'sigma_w': None, 'synapse_model': 'shifted_nn_restr_stdp_synapse', 't_ref': 0.0, 'tau_m': 10000000.0, 'tau_minus': 61.0, 'tau_plus': 21.0, 'tau_s': 0.0, 'time': 300, 'w_init': 0.0}
Score: 0.1000
100%|█████████▉| 635/636 [06:03<?, ?trial/s, best loss=?]                                                         Deleting files related to the current optimization iteration...
100%|█████████▉| 635/636 [06:03<?, ?trial/s, best loss=?]100%|██████████| 636/636 [06:03<00:00, 363.52s/trial, best loss: -0.588]100%|██████████| 636/636 [06:03<00:00, 363.52s/trial, best loss: -0.588]
100%|█████████▉| 636/637 [00:00<?, ?trial/s, best loss=?]                                                         Params: {'V_th': 10000, 'alpha': 106.23572203535106, 'decode_potentials': True, 'decoding_method': 'max', 'encoding_method': 'frequency', 'lr': 0.21478544913463632, 'max_features': 1.0, 'max_samples': 0.2, 'mu_minus': 0.01, 'mu_plus': 0.66, 'n_estimators': 1, 'n_fields': None, 'neuron_model': 'iaf_psc_exp', 'ref_seq_interval': 3, 'resolution': 0.1, 'shift_minus': 0.012944113698569843, 'shift_plus': -0.1540076348452434, 'sigma_w': None, 'synapse_model': 'shifted_nn_restr_stdp_synapse', 't_ref': 0.0, 'tau_m': 10000000.0, 'tau_minus': 221.0, 'tau_plus': 161.0, 'tau_s': 0.0, 'time': 300, 'w_init': 0.0}
Score: 0.1070
100%|█████████▉| 636/637 [06:03<?, ?trial/s, best loss=?]                                                         Deleting files related to the current optimization iteration...
100%|█████████▉| 636/637 [06:03<?, ?trial/s, best loss=?]100%|██████████| 637/637 [06:03<00:00, 363.43s/trial, best loss: -0.588]100%|██████████| 637/637 [06:03<00:00, 363.43s/trial, best loss: -0.588]
100%|█████████▉| 637/638 [00:00<?, ?trial/s, best loss=?]                                                         Params: {'V_th': 10000, 'alpha': 14.466607364728373, 'decode_potentials': True, 'decoding_method': 'max', 'encoding_method': 'frequency', 'lr': 0.17617423854239989, 'max_features': 1.0, 'max_samples': 0.2, 'mu_minus': 0.51, 'mu_plus': 0.36000000000000004, 'n_estimators': 1, 'n_fields': None, 'neuron_model': 'iaf_psc_exp', 'ref_seq_interval': 10, 'resolution': 0.1, 'shift_minus': 0.08243033444400649, 'shift_plus': -0.9826957971688197, 'sigma_w': None, 'synapse_model': 'shifted_nn_restr_stdp_synapse', 't_ref': 0.0, 'tau_m': 10000000.0, 'tau_minus': 61.0, 'tau_plus': 41.0, 'tau_s': 0.0, 'time': 300, 'w_init': 0.0}
Score: 0.0990
100%|█████████▉| 637/638 [05:33<?, ?trial/s, best loss=?]                                                         Deleting files related to the current optimization iteration...
100%|█████████▉| 637/638 [05:33<?, ?trial/s, best loss=?]100%|██████████| 638/638 [05:33<00:00, 333.36s/trial, best loss: -0.588]100%|██████████| 638/638 [05:33<00:00, 333.36s/trial, best loss: -0.588]
100%|█████████▉| 638/639 [00:00<?, ?trial/s, best loss=?]                                                         Params: {'V_th': 10000, 'alpha': 52.51201540311984, 'decode_potentials': True, 'decoding_method': 'max', 'encoding_method': 'frequency', 'lr': 0.2792053927440365, 'max_features': 1.0, 'max_samples': 0.2, 'mu_minus': 0.66, 'mu_plus': 0.01, 'n_estimators': 1, 'n_fields': None, 'neuron_model': 'iaf_psc_exp', 'ref_seq_interval': 3, 'resolution': 0.1, 'shift_minus': 0.05712740366850232, 'shift_plus': -0.12377213893268367, 'sigma_w': None, 'synapse_model': 'shifted_nn_restr_stdp_synapse', 't_ref': 0.0, 'tau_m': 10000000.0, 'tau_minus': 81.0, 'tau_plus': 241.0, 'tau_s': 0.0, 'time': 300, 'w_init': 0.0}
Score: 0.0980
100%|█████████▉| 638/639 [06:03<?, ?trial/s, best loss=?]                                                         Deleting files related to the current optimization iteration...
100%|█████████▉| 638/639 [06:03<?, ?trial/s, best loss=?]100%|██████████| 639/639 [06:03<00:00, 363.33s/trial, best loss: -0.588]100%|██████████| 639/639 [06:03<00:00, 363.33s/trial, best loss: -0.588]
100%|█████████▉| 639/640 [00:00<?, ?trial/s, best loss=?]                                                         Params: {'V_th': 10000, 'alpha': 128.4221926411331, 'decode_potentials': True, 'decoding_method': 'max', 'encoding_method': 'frequency', 'lr': 0.25373465682318397, 'max_features': 1.0, 'max_samples': 0.2, 'mu_minus': 0.46, 'mu_plus': 0.21000000000000002, 'n_estimators': 1, 'n_fields': None, 'neuron_model': 'iaf_psc_exp', 'ref_seq_interval': 3, 'resolution': 0.1, 'shift_minus': 0.02894670535727694, 'shift_plus': -0.034370037159306664, 'sigma_w': None, 'synapse_model': 'shifted_nn_restr_stdp_synapse', 't_ref': 0.0, 'tau_m': 10000000.0, 'tau_minus': 181.0, 'tau_plus': 201.0, 'tau_s': 0.0, 'time': 300, 'w_init': 0.0}
Score: 0.0990
100%|█████████▉| 639/640 [06:03<?, ?trial/s, best loss=?]                                                         Deleting files related to the current optimization iteration...
100%|█████████▉| 639/640 [06:03<?, ?trial/s, best loss=?]100%|██████████| 640/640 [06:03<00:00, 363.24s/trial, best loss: -0.588]100%|██████████| 640/640 [06:03<00:00, 363.24s/trial, best loss: -0.588]
100%|█████████▉| 640/641 [00:00<?, ?trial/s, best loss=?]                                                         Params: {'V_th': 10000, 'alpha': 30.39781297155242, 'decode_potentials': True, 'decoding_method': 'max', 'encoding_method': 'frequency', 'lr': 0.38427169561908614, 'max_features': 1.0, 'max_samples': 0.2, 'mu_minus': 0.41000000000000003, 'mu_plus': 0.41000000000000003, 'n_estimators': 1, 'n_fields': None, 'neuron_model': 'iaf_psc_exp', 'ref_seq_interval': 7, 'resolution': 0.1, 'shift_minus': 0.00958255715008152, 'shift_plus': -0.17360950636614, 'sigma_w': None, 'synapse_model': 'shifted_nn_restr_stdp_synapse', 't_ref': 0.0, 'tau_m': 10000000.0, 'tau_minus': 141.0, 'tau_plus': 181.0, 'tau_s': 0.0, 'time': 300, 'w_init': 0.0}
Score: 0.1100
100%|█████████▉| 640/641 [05:33<?, ?trial/s, best loss=?]                                                         Deleting files related to the current optimization iteration...
100%|█████████▉| 640/641 [05:33<?, ?trial/s, best loss=?]100%|██████████| 641/641 [05:33<00:00, 333.48s/trial, best loss: -0.588]100%|██████████| 641/641 [05:33<00:00, 333.48s/trial, best loss: -0.588]
100%|█████████▉| 641/642 [00:00<?, ?trial/s, best loss=?]                                                         Params: {'V_th': 10000, 'alpha': 12.470593849156907, 'decode_potentials': True, 'decoding_method': 'max', 'encoding_method': 'frequency', 'lr': 0.47384034251117474, 'max_features': 1.0, 'max_samples': 0.2, 'mu_minus': 0.16000000000000003, 'mu_plus': 0.66, 'n_estimators': 1, 'n_fields': None, 'neuron_model': 'iaf_psc_exp', 'ref_seq_interval': 3, 'resolution': 0.1, 'shift_minus': 0.04707636798105831, 'shift_plus': -0.07327297636055907, 'sigma_w': None, 'synapse_model': 'shifted_nn_restr_stdp_synapse', 't_ref': 0.0, 'tau_m': 10000000.0, 'tau_minus': 201.0, 'tau_plus': 61.0, 'tau_s': 0.0, 'time': 300, 'w_init': 0.0}
Score: 0.1090
100%|█████████▉| 641/642 [06:03<?, ?trial/s, best loss=?]                                                         Deleting files related to the current optimization iteration...
100%|█████████▉| 641/642 [06:03<?, ?trial/s, best loss=?]100%|██████████| 642/642 [06:03<00:00, 363.44s/trial, best loss: -0.588]100%|██████████| 642/642 [06:03<00:00, 363.44s/trial, best loss: -0.588]
100%|█████████▉| 642/643 [00:00<?, ?trial/s, best loss=?]                                                         Params: {'V_th': 10000, 'alpha': 34.39006037125738, 'decode_potentials': True, 'decoding_method': 'max', 'encoding_method': 'frequency', 'lr': 0.41009245067083033, 'max_features': 1.0, 'max_samples': 0.2, 'mu_minus': 0.46, 'mu_plus': 0.46, 'n_estimators': 1, 'n_fields': None, 'neuron_model': 'iaf_psc_exp', 'ref_seq_interval': 6, 'resolution': 0.1, 'shift_minus': 0.23265657627110303, 'shift_plus': -0.9429125508333372, 'sigma_w': None, 'synapse_model': 'shifted_nn_restr_stdp_synapse', 't_ref': 0.0, 'tau_m': 10000000.0, 'tau_minus': 61.0, 'tau_plus': 121.0, 'tau_s': 0.0, 'time': 300, 'w_init': 0.0}
Score: 0.1030
100%|█████████▉| 642/643 [05:33<?, ?trial/s, best loss=?]                                                         Deleting files related to the current optimization iteration...
100%|█████████▉| 642/643 [05:33<?, ?trial/s, best loss=?]100%|██████████| 643/643 [05:33<00:00, 333.46s/trial, best loss: -0.588]100%|██████████| 643/643 [05:33<00:00, 333.46s/trial, best loss: -0.588]
100%|█████████▉| 643/644 [00:00<?, ?trial/s, best loss=?]                                                         Params: {'V_th': 10000, 'alpha': 191.25917563710405, 'decode_potentials': True, 'decoding_method': 'max', 'encoding_method': 'frequency', 'lr': 0.4394480952603544, 'max_features': 1.0, 'max_samples': 0.2, 'mu_minus': 0.8600000000000001, 'mu_plus': 0.51, 'n_estimators': 1, 'n_fields': None, 'neuron_model': 'iaf_psc_exp', 'ref_seq_interval': 3, 'resolution': 0.1, 'shift_minus': 0.019799729088589336, 'shift_plus': -0.0496292208063233, 'sigma_w': None, 'synapse_model': 'shifted_nn_restr_stdp_synapse', 't_ref': 0.0, 'tau_m': 10000000.0, 'tau_minus': 101.0, 'tau_plus': 161.0, 'tau_s': 0.0, 'time': 300, 'w_init': 0.0}
Score: 0.1020
100%|█████████▉| 643/644 [06:03<?, ?trial/s, best loss=?]                                                         Deleting files related to the current optimization iteration...
100%|█████████▉| 643/644 [06:03<?, ?trial/s, best loss=?]100%|██████████| 644/644 [06:03<00:00, 363.32s/trial, best loss: -0.588]100%|██████████| 644/644 [06:03<00:00, 363.32s/trial, best loss: -0.588]
100%|█████████▉| 644/645 [00:00<?, ?trial/s, best loss=?]                                                         Params: {'V_th': 10000, 'alpha': 67.44735347094444, 'decode_potentials': True, 'decoding_method': 'max', 'encoding_method': 'frequency', 'lr': 0.15040484107477847, 'max_features': 1.0, 'max_samples': 0.2, 'mu_minus': 0.76, 'mu_plus': 0.16000000000000003, 'n_estimators': 1, 'n_fields': None, 'neuron_model': 'iaf_psc_exp', 'ref_seq_interval': 5, 'resolution': 0.1, 'shift_minus': 0.06148523921859523, 'shift_plus': -0.13642605344037761, 'sigma_w': None, 'synapse_model': 'shifted_nn_restr_stdp_synapse', 't_ref': 0.0, 'tau_m': 10000000.0, 'tau_minus': 61.0, 'tau_plus': 1.0, 'tau_s': 0.0, 'time': 300, 'w_init': 0.0}
Score: 0.1010
100%|█████████▉| 644/645 [05:33<?, ?trial/s, best loss=?]                                                         Deleting files related to the current optimization iteration...
100%|█████████▉| 644/645 [05:33<?, ?trial/s, best loss=?]100%|██████████| 645/645 [05:33<00:00, 333.32s/trial, best loss: -0.588]100%|██████████| 645/645 [05:33<00:00, 333.32s/trial, best loss: -0.588]
100%|█████████▉| 645/646 [00:00<?, ?trial/s, best loss=?]                                                         Params: {'V_th': 10000, 'alpha': 23.714283766680786, 'decode_potentials': True, 'decoding_method': 'max', 'encoding_method': 'frequency', 'lr': 0.4978249998175606, 'max_features': 1.0, 'max_samples': 0.2, 'mu_minus': 0.91, 'mu_plus': 0.11, 'n_estimators': 1, 'n_fields': None, 'neuron_model': 'iaf_psc_exp', 'ref_seq_interval': 3, 'resolution': 0.1, 'shift_minus': 0.038725993391466464, 'shift_plus': -0.020747266766012608, 'sigma_w': None, 'synapse_model': 'shifted_nn_restr_stdp_synapse', 't_ref': 0.0, 'tau_m': 10000000.0, 'tau_minus': 161.0, 'tau_plus': 161.0, 'tau_s': 0.0, 'time': 300, 'w_init': 0.0}
Score: 0.1090
100%|█████████▉| 645/646 [06:03<?, ?trial/s, best loss=?]                                                         Deleting files related to the current optimization iteration...
100%|█████████▉| 645/646 [06:03<?, ?trial/s, best loss=?]100%|██████████| 646/646 [06:03<00:00, 363.59s/trial, best loss: -0.588]100%|██████████| 646/646 [06:03<00:00, 363.59s/trial, best loss: -0.588]
100%|█████████▉| 646/647 [00:00<?, ?trial/s, best loss=?]                                                         Params: {'V_th': 10000, 'alpha': 9.321777110633443, 'decode_potentials': True, 'decoding_method': 'max', 'encoding_method': 'frequency', 'lr': 0.30760383526403157, 'max_features': 1.0, 'max_samples': 0.2, 'mu_minus': 0.81, 'mu_plus': 0.21000000000000002, 'n_estimators': 1, 'n_fields': None, 'neuron_model': 'iaf_psc_exp', 'ref_seq_interval': 2, 'resolution': 0.1, 'shift_minus': 0.2139574840068193, 'shift_plus': -0.5953604272740555, 'sigma_w': None, 'synapse_model': 'shifted_nn_restr_stdp_synapse', 't_ref': 0.0, 'tau_m': 10000000.0, 'tau_minus': 141.0, 'tau_plus': 181.0, 'tau_s': 0.0, 'time': 300, 'w_init': 0.0}
Score: 0.0980
100%|█████████▉| 646/647 [06:03<?, ?trial/s, best loss=?]                                                         Deleting files related to the current optimization iteration...
100%|█████████▉| 646/647 [06:03<?, ?trial/s, best loss=?]100%|██████████| 647/647 [06:03<00:00, 363.48s/trial, best loss: -0.588]100%|██████████| 647/647 [06:03<00:00, 363.48s/trial, best loss: -0.588]
100%|█████████▉| 647/648 [00:00<?, ?trial/s, best loss=?]                                                         Params: {'V_th': 10000, 'alpha': 18.306414049883752, 'decode_potentials': True, 'decoding_method': 'max', 'encoding_method': 'frequency', 'lr': 0.35702765456883306, 'max_features': 1.0, 'max_samples': 0.2, 'mu_minus': 0.46, 'mu_plus': 0.36000000000000004, 'n_estimators': 1, 'n_fields': None, 'neuron_model': 'iaf_psc_exp', 'ref_seq_interval': 3, 'resolution': 0.1, 'shift_minus': 0.00913902328806586, 'shift_plus': -0.000569242241992804, 'sigma_w': None, 'synapse_model': 'shifted_nn_restr_stdp_synapse', 't_ref': 0.0, 'tau_m': 10000000.0, 'tau_minus': 121.0, 'tau_plus': 241.0, 'tau_s': 0.0, 'time': 300, 'w_init': 0.0}
Score: 0.1710
100%|█████████▉| 647/648 [06:03<?, ?trial/s, best loss=?]                                                         Deleting files related to the current optimization iteration...
100%|█████████▉| 647/648 [06:03<?, ?trial/s, best loss=?]100%|██████████| 648/648 [06:03<00:00, 363.35s/trial, best loss: -0.588]100%|██████████| 648/648 [06:03<00:00, 363.35s/trial, best loss: -0.588]
100%|█████████▉| 648/649 [00:00<?, ?trial/s, best loss=?]                                                         Params: {'V_th': 10000, 'alpha': 82.98007651263195, 'decode_potentials': True, 'decoding_method': 'max', 'encoding_method': 'frequency', 'lr': 0.2748933181153965, 'max_features': 1.0, 'max_samples': 0.2, 'mu_minus': 0.26, 'mu_plus': 0.66, 'n_estimators': 1, 'n_fields': None, 'neuron_model': 'iaf_psc_exp', 'ref_seq_interval': 9, 'resolution': 0.1, 'shift_minus': 0.18158965964917465, 'shift_plus': -0.08977729916800961, 'sigma_w': None, 'synapse_model': 'shifted_nn_restr_stdp_synapse', 't_ref': 0.0, 'tau_m': 10000000.0, 'tau_minus': 61.0, 'tau_plus': 21.0, 'tau_s': 0.0, 'time': 300, 'w_init': 0.0}
Score: 0.1060
100%|█████████▉| 648/649 [05:33<?, ?trial/s, best loss=?]                                                         Deleting files related to the current optimization iteration...
100%|█████████▉| 648/649 [05:33<?, ?trial/s, best loss=?]100%|██████████| 649/649 [05:33<00:00, 333.94s/trial, best loss: -0.588]100%|██████████| 649/649 [05:33<00:00, 333.94s/trial, best loss: -0.588]
100%|█████████▉| 649/650 [00:00<?, ?trial/s, best loss=?]                                                         Params: {'V_th': 10000, 'alpha': 11.885943130995562, 'decode_potentials': True, 'decoding_method': 'max', 'encoding_method': 'frequency', 'lr': 0.37331926186063236, 'max_features': 1.0, 'max_samples': 0.2, 'mu_minus': 0.01, 'mu_plus': 0.31000000000000005, 'n_estimators': 1, 'n_fields': None, 'neuron_model': 'iaf_psc_exp', 'ref_seq_interval': 3, 'resolution': 0.1, 'shift_minus': 0.2702191846671592, 'shift_plus': -0.7090644522711052, 'sigma_w': None, 'synapse_model': 'shifted_nn_restr_stdp_synapse', 't_ref': 0.0, 'tau_m': 10000000.0, 'tau_minus': 221.0, 'tau_plus': 41.0, 'tau_s': 0.0, 'time': 300, 'w_init': 0.0}
Score: 0.0940
100%|█████████▉| 649/650 [06:03<?, ?trial/s, best loss=?]                                                         Deleting files related to the current optimization iteration...
100%|█████████▉| 649/650 [06:03<?, ?trial/s, best loss=?]100%|██████████| 650/650 [06:03<00:00, 363.33s/trial, best loss: -0.588]100%|██████████| 650/650 [06:03<00:00, 363.33s/trial, best loss: -0.588]
100%|█████████▉| 650/651 [00:00<?, ?trial/s, best loss=?]                                                         Params: {'V_th': 10000, 'alpha': 27.59479921862361, 'decode_potentials': True, 'decoding_method': 'max', 'encoding_method': 'frequency', 'lr': 0.3328535599401351, 'max_features': 1.0, 'max_samples': 0.2, 'mu_minus': 0.51, 'mu_plus': 0.060000000000000005, 'n_estimators': 1, 'n_fields': None, 'neuron_model': 'iaf_psc_exp', 'ref_seq_interval': 10, 'resolution': 0.1, 'shift_minus': 0.4104786508115783, 'shift_plus': -0.0009449431196736618, 'sigma_w': None, 'synapse_model': 'shifted_nn_restr_stdp_synapse', 't_ref': 0.0, 'tau_m': 10000000.0, 'tau_minus': 61.0, 'tau_plus': 161.0, 'tau_s': 0.0, 'time': 300, 'w_init': 0.0}
Score: 0.1010
100%|█████████▉| 650/651 [05:33<?, ?trial/s, best loss=?]                                                         Deleting files related to the current optimization iteration...
100%|█████████▉| 650/651 [05:33<?, ?trial/s, best loss=?]100%|██████████| 651/651 [05:33<00:00, 333.44s/trial, best loss: -0.588]100%|██████████| 651/651 [05:33<00:00, 333.44s/trial, best loss: -0.588]
100%|█████████▉| 651/652 [00:00<?, ?trial/s, best loss=?]                                                         Params: {'V_th': 10000, 'alpha': 42.17037326835562, 'decode_potentials': True, 'decoding_method': 'max', 'encoding_method': 'frequency', 'lr': 0.39636500931707763, 'max_features': 1.0, 'max_samples': 0.2, 'mu_minus': 0.9600000000000001, 'mu_plus': 0.8600000000000001, 'n_estimators': 1, 'n_fields': None, 'neuron_model': 'iaf_psc_exp', 'ref_seq_interval': 3, 'resolution': 0.1, 'shift_minus': 0.0011706352479413963, 'shift_plus': -0.11059146968153256, 'sigma_w': None, 'synapse_model': 'shifted_nn_restr_stdp_synapse', 't_ref': 0.0, 'tau_m': 10000000.0, 'tau_minus': 81.0, 'tau_plus': 201.0, 'tau_s': 0.0, 'time': 300, 'w_init': 0.0}
Score: 0.1570
100%|█████████▉| 651/652 [06:03<?, ?trial/s, best loss=?]                                                         Deleting files related to the current optimization iteration...
100%|█████████▉| 651/652 [06:03<?, ?trial/s, best loss=?]100%|██████████| 652/652 [06:03<00:00, 363.45s/trial, best loss: -0.588]100%|██████████| 652/652 [06:03<00:00, 363.45s/trial, best loss: -0.588]
100%|█████████▉| 652/653 [00:00<?, ?trial/s, best loss=?]                                                         Params: {'V_th': 10000, 'alpha': 7.987985680325671, 'decode_potentials': True, 'decoding_method': 'max', 'encoding_method': 'frequency', 'lr': 0.44978415892628343, 'max_features': 1.0, 'max_samples': 0.2, 'mu_minus': 0.46, 'mu_plus': 0.01, 'n_estimators': 1, 'n_fields': None, 'neuron_model': 'iaf_psc_exp', 'ref_seq_interval': 3, 'resolution': 0.1, 'shift_minus': 0.07570281172204853, 'shift_plus': -0.1879625190351756, 'sigma_w': None, 'synapse_model': 'shifted_nn_restr_stdp_synapse', 't_ref': 0.0, 'tau_m': 10000000.0, 'tau_minus': 141.0, 'tau_plus': 181.0, 'tau_s': 0.0, 'time': 300, 'w_init': 0.0}
Score: 0.0940
100%|█████████▉| 652/653 [06:03<?, ?trial/s, best loss=?]                                                         Deleting files related to the current optimization iteration...
100%|█████████▉| 652/653 [06:03<?, ?trial/s, best loss=?]100%|██████████| 653/653 [06:03<00:00, 363.38s/trial, best loss: -0.588]100%|██████████| 653/653 [06:03<00:00, 363.38s/trial, best loss: -0.588]
100%|█████████▉| 653/654 [00:00<?, ?trial/s, best loss=?]                                                         Params: {'V_th': 10000, 'alpha': 20.76388026207682, 'decode_potentials': True, 'decoding_method': 'max', 'encoding_method': 'frequency', 'lr': 0.10980285168176201, 'max_features': 1.0, 'max_samples': 0.2, 'mu_minus': 0.41000000000000003, 'mu_plus': 0.66, 'n_estimators': 1, 'n_fields': None, 'neuron_model': 'iaf_psc_exp', 'ref_seq_interval': 7, 'resolution': 0.1, 'shift_minus': 0.026829751182959764, 'shift_plus': -0.00013944560883495552, 'sigma_w': None, 'synapse_model': 'shifted_nn_restr_stdp_synapse', 't_ref': 0.0, 'tau_m': 10000000.0, 'tau_minus': 61.0, 'tau_plus': 61.0, 'tau_s': 0.0, 'time': 300, 'w_init': 0.0}
Score: 0.1060
100%|█████████▉| 653/654 [05:33<?, ?trial/s, best loss=?]                                                         Deleting files related to the current optimization iteration...
100%|█████████▉| 653/654 [05:33<?, ?trial/s, best loss=?]100%|██████████| 654/654 [05:33<00:00, 333.30s/trial, best loss: -0.588]100%|██████████| 654/654 [05:33<00:00, 333.30s/trial, best loss: -0.588]
100%|█████████▉| 654/655 [00:00<?, ?trial/s, best loss=?]                                                         Params: {'V_th': 10000, 'alpha': 54.873582491845134, 'decode_potentials': True, 'decoding_method': 'max', 'encoding_method': 'frequency', 'lr': 0.4195787552474402, 'max_features': 1.0, 'max_samples': 0.2, 'mu_minus': 0.8600000000000001, 'mu_plus': 0.21000000000000002, 'n_estimators': 1, 'n_fields': None, 'neuron_model': 'iaf_psc_exp', 'ref_seq_interval': 3, 'resolution': 0.1, 'shift_minus': 0.09859468532947019, 'shift_plus': -0.05297875881132214, 'sigma_w': None, 'synapse_model': 'shifted_nn_restr_stdp_synapse', 't_ref': 0.0, 'tau_m': 10000000.0, 'tau_minus': 201.0, 'tau_plus': 121.0, 'tau_s': 0.0, 'time': 300, 'w_init': 0.0}
Score: 0.0950
100%|█████████▉| 654/655 [06:03<?, ?trial/s, best loss=?]                                                         Deleting files related to the current optimization iteration...
100%|█████████▉| 654/655 [06:03<?, ?trial/s, best loss=?]100%|██████████| 655/655 [06:03<00:00, 363.37s/trial, best loss: -0.588]100%|██████████| 655/655 [06:03<00:00, 363.37s/trial, best loss: -0.588]
100%|█████████▉| 655/656 [00:00<?, ?trial/s, best loss=?]                                                         Params: {'V_th': 10000, 'alpha': 15.194351626640698, 'decode_potentials': True, 'decoding_method': 'max', 'encoding_method': 'frequency', 'lr': 0.5332106070389293, 'max_features': 1.0, 'max_samples': 0.2, 'mu_minus': 0.66, 'mu_plus': 0.41000000000000003, 'n_estimators': 1, 'n_fields': None, 'neuron_model': 'iaf_psc_exp', 'ref_seq_interval': 5, 'resolution': 0.1, 'shift_minus': 0.0541443110307885, 'shift_plus': -0.9155181652099366, 'sigma_w': None, 'synapse_model': 'shifted_nn_restr_stdp_synapse', 't_ref': 0.0, 'tau_m': 10000000.0, 'tau_minus': 61.0, 'tau_plus': 161.0, 'tau_s': 0.0, 'time': 300, 'w_init': 0.0}
Score: 0.1010
100%|█████████▉| 655/656 [05:33<?, ?trial/s, best loss=?]                                                         Deleting files related to the current optimization iteration...
100%|█████████▉| 655/656 [05:33<?, ?trial/s, best loss=?]100%|██████████| 656/656 [05:33<00:00, 333.43s/trial, best loss: -0.588]100%|██████████| 656/656 [05:33<00:00, 333.43s/trial, best loss: -0.588]
100%|█████████▉| 656/657 [00:00<?, ?trial/s, best loss=?]                                                         Params: {'V_th': 10000, 'alpha': 10.741881172524241, 'decode_potentials': True, 'decoding_method': 'max', 'encoding_method': 'frequency', 'lr': 0.07325827646817566, 'max_features': 1.0, 'max_samples': 0.2, 'mu_minus': 0.46, 'mu_plus': 0.51, 'n_estimators': 1, 'n_fields': None, 'neuron_model': 'iaf_psc_exp', 'ref_seq_interval': 6, 'resolution': 0.1, 'shift_minus': 0.0010555116925469064, 'shift_plus': -0.02542039205101429, 'sigma_w': None, 'synapse_model': 'shifted_nn_restr_stdp_synapse', 't_ref': 0.0, 'tau_m': 10000000.0, 'tau_minus': 101.0, 'tau_plus': 1.0, 'tau_s': 0.0, 'time': 300, 'w_init': 0.0}
Score: 0.0960
100%|█████████▉| 656/657 [05:33<?, ?trial/s, best loss=?]                                                         Deleting files related to the current optimization iteration...
100%|█████████▉| 656/657 [05:33<?, ?trial/s, best loss=?]100%|██████████| 657/657 [05:33<00:00, 333.49s/trial, best loss: -0.588]100%|██████████| 657/657 [05:33<00:00, 333.49s/trial, best loss: -0.588]
100%|█████████▉| 657/658 [00:00<?, ?trial/s, best loss=?]                                                         Params: {'V_th': 10000, 'alpha': 17.393702230470847, 'decode_potentials': True, 'decoding_method': 'max', 'encoding_method': 'frequency', 'lr': 0.46870324099599464, 'max_features': 1.0, 'max_samples': 0.2, 'mu_minus': 0.76, 'mu_plus': 0.66, 'n_estimators': 1, 'n_fields': None, 'neuron_model': 'iaf_psc_exp', 'ref_seq_interval': 3, 'resolution': 0.1, 'shift_minus': 0.03586145211215946, 'shift_plus': -0.14579744945799372, 'sigma_w': None, 'synapse_model': 'shifted_nn_restr_stdp_synapse', 't_ref': 0.0, 'tau_m': 10000000.0, 'tau_minus': 181.0, 'tau_plus': 181.0, 'tau_s': 0.0, 'time': 300, 'w_init': 0.0}
Score: 0.0820
100%|█████████▉| 657/658 [06:03<?, ?trial/s, best loss=?]                                                         Deleting files related to the current optimization iteration...
100%|█████████▉| 657/658 [06:03<?, ?trial/s, best loss=?]100%|██████████| 658/658 [06:03<00:00, 363.44s/trial, best loss: -0.588]100%|██████████| 658/658 [06:03<00:00, 363.44s/trial, best loss: -0.588]
100%|█████████▉| 658/659 [00:00<?, ?trial/s, best loss=?]                                                         Params: {'V_th': 10000, 'alpha': 249.22738483645838, 'decode_potentials': True, 'decoding_method': 'max', 'encoding_method': 'frequency', 'lr': 0.3114474917277595, 'max_features': 1.0, 'max_samples': 0.2, 'mu_minus': 0.46, 'mu_plus': 0.16000000000000003, 'n_estimators': 1, 'n_fields': None, 'neuron_model': 'iaf_psc_exp', 'ref_seq_interval': 3, 'resolution': 0.1, 'shift_minus': 0.013086981918765957, 'shift_plus': -0.08353253736088245, 'sigma_w': None, 'synapse_model': 'shifted_nn_restr_stdp_synapse', 't_ref': 0.0, 'tau_m': 10000000.0, 'tau_minus': 61.0, 'tau_plus': 21.0, 'tau_s': 0.0, 'time': 300, 'w_init': 0.0}
Score: 0.1060
100%|█████████▉| 658/659 [06:03<?, ?trial/s, best loss=?]                                                         Deleting files related to the current optimization iteration...
100%|█████████▉| 658/659 [06:03<?, ?trial/s, best loss=?]100%|██████████| 659/659 [06:03<00:00, 363.32s/trial, best loss: -0.588]100%|██████████| 659/659 [06:03<00:00, 363.32s/trial, best loss: -0.588]
100%|█████████▉| 659/660 [00:00<?, ?trial/s, best loss=?]                                                         Params: {'V_th': 10000, 'alpha': 116.75287927426069, 'decode_potentials': True, 'decoding_method': 'max', 'encoding_method': 'frequency', 'lr': 0.21000351911812098, 'max_features': 1.0, 'max_samples': 0.2, 'mu_minus': 0.91, 'mu_plus': 0.46, 'n_estimators': 1, 'n_fields': None, 'neuron_model': 'iaf_psc_exp', 'ref_seq_interval': 9, 'resolution': 0.1, 'shift_minus': 0.019511001318179587, 'shift_plus': -0.03864385859062036, 'sigma_w': None, 'synapse_model': 'shifted_nn_restr_stdp_synapse', 't_ref': 0.0, 'tau_m': 10000000.0, 'tau_minus': 141.0, 'tau_plus': 161.0, 'tau_s': 0.0, 'time': 300, 'w_init': 0.0}
Score: 0.1020
100%|█████████▉| 659/660 [05:33<?, ?trial/s, best loss=?]                                                         Deleting files related to the current optimization iteration...
100%|█████████▉| 659/660 [05:33<?, ?trial/s, best loss=?]100%|██████████| 660/660 [05:33<00:00, 333.36s/trial, best loss: -0.588]100%|██████████| 660/660 [05:33<00:00, 333.36s/trial, best loss: -0.588]
100%|█████████▉| 660/661 [00:00<?, ?trial/s, best loss=?]                                                         Params: {'V_th': 10000, 'alpha': 162.97351177850825, 'decode_potentials': True, 'decoding_method': 'max', 'encoding_method': 'frequency', 'lr': 0.24901198128923546, 'max_features': 1.0, 'max_samples': 0.2, 'mu_minus': 0.9600000000000001, 'mu_plus': 0.21000000000000002, 'n_estimators': 1, 'n_fields': None, 'neuron_model': 'iaf_psc_exp', 'ref_seq_interval': 2, 'resolution': 0.1, 'shift_minus': 0.4725645597706351, 'shift_plus': -0.06099239511416822, 'sigma_w': None, 'synapse_model': 'shifted_nn_restr_stdp_synapse', 't_ref': 0.0, 'tau_m': 10000000.0, 'tau_minus': 161.0, 'tau_plus': 41.0, 'tau_s': 0.0, 'time': 300, 'w_init': 0.0}
Score: 0.1020
100%|█████████▉| 660/661 [06:03<?, ?trial/s, best loss=?]                                                         Deleting files related to the current optimization iteration...
100%|█████████▉| 660/661 [06:03<?, ?trial/s, best loss=?]100%|██████████| 661/661 [06:03<00:00, 363.51s/trial, best loss: -0.588]100%|██████████| 661/661 [06:03<00:00, 363.51s/trial, best loss: -0.588]
100%|█████████▉| 661/662 [00:00<?, ?trial/s, best loss=?]                                                         Params: {'V_th': 10000, 'alpha': 36.49985389169191, 'decode_potentials': True, 'decoding_method': 'max', 'encoding_method': 'frequency', 'lr': 0.3505157973650808, 'max_features': 1.0, 'max_samples': 0.2, 'mu_minus': 0.16000000000000003, 'mu_plus': 0.11, 'n_estimators': 1, 'n_fields': None, 'neuron_model': 'iaf_psc_exp', 'ref_seq_interval': 3, 'resolution': 0.1, 'shift_minus': 0.06765199299200168, 'shift_plus': -0.019348084947937303, 'sigma_w': None, 'synapse_model': 'shifted_nn_restr_stdp_synapse', 't_ref': 0.0, 'tau_m': 10000000.0, 'tau_minus': 121.0, 'tau_plus': 241.0, 'tau_s': 0.0, 'time': 300, 'w_init': 0.0}
Score: 0.0950
100%|█████████▉| 661/662 [06:03<?, ?trial/s, best loss=?]                                                         Deleting files related to the current optimization iteration...
100%|█████████▉| 661/662 [06:03<?, ?trial/s, best loss=?]100%|██████████| 662/662 [06:03<00:00, 363.37s/trial, best loss: -0.588]100%|██████████| 662/662 [06:03<00:00, 363.37s/trial, best loss: -0.588]
100%|█████████▉| 662/663 [00:00<?, ?trial/s, best loss=?]                                                         Params: {'V_th': 10000, 'alpha': 99.36312309788909, 'decode_potentials': True, 'decoding_method': 'max', 'encoding_method': 'frequency', 'lr': 0.28174612313655456, 'max_features': 1.0, 'max_samples': 0.2, 'mu_minus': 0.81, 'mu_plus': 0.36000000000000004, 'n_estimators': 1, 'n_fields': None, 'neuron_model': 'iaf_psc_exp', 'ref_seq_interval': 10, 'resolution': 0.1, 'shift_minus': 0.08842885869583983, 'shift_plus': -0.1169271772560423, 'sigma_w': None, 'synapse_model': 'shifted_nn_restr_stdp_synapse', 't_ref': 0.0, 'tau_m': 10000000.0, 'tau_minus': 61.0, 'tau_plus': 161.0, 'tau_s': 0.0, 'time': 300, 'w_init': 0.0}
Score: 0.0940
100%|█████████▉| 662/663 [05:33<?, ?trial/s, best loss=?]                                                         Deleting files related to the current optimization iteration...
100%|█████████▉| 662/663 [05:33<?, ?trial/s, best loss=?]100%|██████████| 663/663 [05:33<00:00, 333.43s/trial, best loss: -0.588]100%|██████████| 663/663 [05:33<00:00, 333.43s/trial, best loss: -0.588]
100%|█████████▉| 663/664 [00:00<?, ?trial/s, best loss=?]                                                         Params: {'V_th': 10000, 'alpha': 49.09542517380582, 'decode_potentials': True, 'decoding_method': 'max', 'encoding_method': 'frequency', 'lr': 0.48513587637815025, 'max_features': 1.0, 'max_samples': 0.2, 'mu_minus': 0.46, 'mu_plus': 0.66, 'n_estimators': 1, 'n_fields': None, 'neuron_model': 'iaf_psc_exp', 'ref_seq_interval': 3, 'resolution': 0.1, 'shift_minus': 2.4466384838292695e-05, 'shift_plus': -0.00012621281067870874, 'sigma_w': None, 'synapse_model': 'shifted_nn_restr_stdp_synapse', 't_ref': 0.0, 'tau_m': 10000000.0, 'tau_minus': 81.0, 'tau_plus': 181.0, 'tau_s': 0.0, 'time': 300, 'w_init': 0.0}
Score: 0.5060
100%|█████████▉| 663/664 [06:03<?, ?trial/s, best loss=?]                                                         Deleting files related to the current optimization iteration...
100%|█████████▉| 663/664 [06:03<?, ?trial/s, best loss=?]100%|██████████| 664/664 [06:03<00:00, 363.23s/trial, best loss: -0.588]100%|██████████| 664/664 [06:03<00:00, 363.23s/trial, best loss: -0.588]
100%|█████████▉| 664/665 [00:00<?, ?trial/s, best loss=?]                                                         Params: {'V_th': 10000, 'alpha': 80.73980591914113, 'decode_potentials': True, 'decoding_method': 'max', 'encoding_method': 'frequency', 'lr': 0.5807337086375345, 'max_features': 1.0, 'max_samples': 0.2, 'mu_minus': 0.26, 'mu_plus': 0.060000000000000005, 'n_estimators': 1, 'n_fields': None, 'neuron_model': 'iaf_psc_exp', 'ref_seq_interval': 3, 'resolution': 0.1, 'shift_minus': 0.04811579626999827, 'shift_plus': -0.089322444283202, 'sigma_w': None, 'synapse_model': 'shifted_nn_restr_stdp_synapse', 't_ref': 0.0, 'tau_m': 10000000.0, 'tau_minus': 81.0, 'tau_plus': 181.0, 'tau_s': 0.0, 'time': 300, 'w_init': 0.0}
Score: 0.0940
100%|█████████▉| 664/665 [06:03<?, ?trial/s, best loss=?]                                                         Deleting files related to the current optimization iteration...
100%|█████████▉| 664/665 [06:03<?, ?trial/s, best loss=?]100%|██████████| 665/665 [06:03<00:00, 363.40s/trial, best loss: -0.588]100%|██████████| 665/665 [06:03<00:00, 363.40s/trial, best loss: -0.588]
100%|█████████▉| 665/666 [00:00<?, ?trial/s, best loss=?]                                                         Params: {'V_th': 10000, 'alpha': 47.36372788819847, 'decode_potentials': True, 'decoding_method': 'max', 'encoding_method': 'frequency', 'lr': 0.5530134287180065, 'max_features': 1.0, 'max_samples': 0.2, 'mu_minus': 0.01, 'mu_plus': 0.31000000000000005, 'n_estimators': 1, 'n_fields': None, 'neuron_model': 'iaf_psc_exp', 'ref_seq_interval': 3, 'resolution': 0.1, 'shift_minus': 0.3162471200499311, 'shift_plus': -0.06882511478769514, 'sigma_w': None, 'synapse_model': 'shifted_nn_restr_stdp_synapse', 't_ref': 0.0, 'tau_m': 10000000.0, 'tau_minus': 81.0, 'tau_plus': 181.0, 'tau_s': 0.0, 'time': 300, 'w_init': 0.0}
Score: 0.0980
100%|█████████▉| 665/666 [06:03<?, ?trial/s, best loss=?]                                                         Deleting files related to the current optimization iteration...
100%|█████████▉| 665/666 [06:03<?, ?trial/s, best loss=?]100%|██████████| 666/666 [06:03<00:00, 363.48s/trial, best loss: -0.588]100%|██████████| 666/666 [06:03<00:00, 363.48s/trial, best loss: -0.588]
100%|█████████▉| 666/667 [00:00<?, ?trial/s, best loss=?]                                                         Params: {'V_th': 10000, 'alpha': 62.89955075918094, 'decode_potentials': True, 'decoding_method': 'max', 'encoding_method': 'frequency', 'lr': 0.5317226957700285, 'max_features': 1.0, 'max_samples': 0.2, 'mu_minus': 0.51, 'mu_plus': 0.8600000000000001, 'n_estimators': 1, 'n_fields': None, 'neuron_model': 'iaf_psc_exp', 'ref_seq_interval': 7, 'resolution': 0.1, 'shift_minus': 0.03110320402597586, 'shift_plus': -0.051828292626372056, 'sigma_w': None, 'synapse_model': 'shifted_nn_restr_stdp_synapse', 't_ref': 0.0, 'tau_m': 10000000.0, 'tau_minus': 81.0, 'tau_plus': 181.0, 'tau_s': 0.0, 'time': 300, 'w_init': 0.0}
Score: 0.0960
100%|█████████▉| 666/667 [05:34<?, ?trial/s, best loss=?]                                                         Deleting files related to the current optimization iteration...
100%|█████████▉| 666/667 [05:34<?, ?trial/s, best loss=?]100%|██████████| 667/667 [05:34<00:00, 334.31s/trial, best loss: -0.588]100%|██████████| 667/667 [05:34<00:00, 334.31s/trial, best loss: -0.588]
100%|█████████▉| 667/668 [00:00<?, ?trial/s, best loss=?]                                                         Params: {'V_th': 10000, 'alpha': 23.32367673875668, 'decode_potentials': True, 'decoding_method': 'max', 'encoding_method': 'frequency', 'lr': 0.4913767425108621, 'max_features': 1.0, 'max_samples': 0.2, 'mu_minus': 0.66, 'mu_plus': 0.6100000000000001, 'n_estimators': 1, 'n_fields': None, 'neuron_model': 'iaf_psc_exp', 'ref_seq_interval': 3, 'resolution': 0.1, 'shift_minus': 0.01896657298198907, 'shift_plus': -0.035736836736073814, 'sigma_w': None, 'synapse_model': 'shifted_nn_restr_stdp_synapse', 't_ref': 0.0, 'tau_m': 10000000.0, 'tau_minus': 81.0, 'tau_plus': 181.0, 'tau_s': 0.0, 'time': 300, 'w_init': 0.0}
Score: 0.1100
100%|█████████▉| 667/668 [06:03<?, ?trial/s, best loss=?]                                                         Deleting files related to the current optimization iteration...
100%|█████████▉| 667/668 [06:03<?, ?trial/s, best loss=?]100%|██████████| 668/668 [06:03<00:00, 363.33s/trial, best loss: -0.588]100%|██████████| 668/668 [06:03<00:00, 363.33s/trial, best loss: -0.588]
100%|█████████▉| 668/669 [00:00<?, ?trial/s, best loss=?]                                                         Params: {'V_th': 10000, 'alpha': 28.94361348195987, 'decode_potentials': True, 'decoding_method': 'max', 'encoding_method': 'frequency', 'lr': 0.5121523195878016, 'max_features': 1.0, 'max_samples': 0.2, 'mu_minus': 0.11, 'mu_plus': 0.21000000000000002, 'n_estimators': 1, 'n_fields': None, 'neuron_model': 'iaf_psc_exp', 'ref_seq_interval': 5, 'resolution': 0.1, 'shift_minus': 0.00996378698354355, 'shift_plus': -0.10742492631234063, 'sigma_w': None, 'synapse_model': 'shifted_nn_restr_stdp_synapse', 't_ref': 0.0, 'tau_m': 10000000.0, 'tau_minus': 81.0, 'tau_plus': 181.0, 'tau_s': 0.0, 'time': 300, 'w_init': 0.0}
Score: 0.1060
100%|█████████▉| 668/669 [05:33<?, ?trial/s, best loss=?]                                                         Deleting files related to the current optimization iteration...
100%|█████████▉| 668/669 [05:33<?, ?trial/s, best loss=?]100%|██████████| 669/669 [05:33<00:00, 333.33s/trial, best loss: -0.588]100%|██████████| 669/669 [05:33<00:00, 333.33s/trial, best loss: -0.588]
100%|█████████▉| 669/670 [00:00<?, ?trial/s, best loss=?]                                                         Params: {'V_th': 10000, 'alpha': 220.45285889768587, 'decode_potentials': True, 'decoding_method': 'max', 'encoding_method': 'frequency', 'lr': 0.03651915955096366, 'max_features': 1.0, 'max_samples': 0.2, 'mu_minus': 0.46, 'mu_plus': 0.66, 'n_estimators': 1, 'n_fields': None, 'neuron_model': 'iaf_psc_exp', 'ref_seq_interval': 3, 'resolution': 0.1, 'shift_minus': 0.0008214298637151825, 'shift_plus': -0.1585315404403919, 'sigma_w': None, 'synapse_model': 'shifted_nn_restr_stdp_synapse', 't_ref': 0.0, 'tau_m': 10000000.0, 'tau_minus': 81.0, 'tau_plus': 181.0, 'tau_s': 0.0, 'time': 300, 'w_init': 0.0}
Score: 0.0980
100%|█████████▉| 669/670 [06:03<?, ?trial/s, best loss=?]                                                         Deleting files related to the current optimization iteration...
100%|█████████▉| 669/670 [06:03<?, ?trial/s, best loss=?]100%|██████████| 670/670 [06:03<00:00, 363.34s/trial, best loss: -0.588]100%|██████████| 670/670 [06:03<00:00, 363.34s/trial, best loss: -0.588]
100%|█████████▉| 670/671 [00:00<?, ?trial/s, best loss=?]                                                         Params: {'V_th': 10000, 'alpha': 74.0106788719016, 'decode_potentials': True, 'decoding_method': 'max', 'encoding_method': 'frequency', 'lr': 0.4821282948571529, 'max_features': 1.0, 'max_samples': 0.2, 'mu_minus': 0.41000000000000003, 'mu_plus': 0.01, 'n_estimators': 1, 'n_fields': None, 'neuron_model': 'iaf_psc_exp', 'ref_seq_interval': 6, 'resolution': 0.1, 'shift_minus': 0.03966224938940753, 'shift_plus': -0.019509779732281053, 'sigma_w': None, 'synapse_model': 'shifted_nn_restr_stdp_synapse', 't_ref': 0.0, 'tau_m': 10000000.0, 'tau_minus': 81.0, 'tau_plus': 181.0, 'tau_s': 0.0, 'time': 300, 'w_init': 0.0}
Score: 0.1100
100%|█████████▉| 670/671 [05:33<?, ?trial/s, best loss=?]                                                         Deleting files related to the current optimization iteration...
100%|█████████▉| 670/671 [05:33<?, ?trial/s, best loss=?]100%|██████████| 671/671 [05:33<00:00, 333.99s/trial, best loss: -0.588]100%|██████████| 671/671 [05:33<00:00, 333.99s/trial, best loss: -0.588]
100%|█████████▉| 671/672 [00:00<?, ?trial/s, best loss=?]                                                         Params: {'V_th': 10000, 'alpha': 33.81693807202542, 'decode_potentials': True, 'decoding_method': 'max', 'encoding_method': 'frequency', 'lr': 0.45607864967248235, 'max_features': 1.0, 'max_samples': 0.2, 'mu_minus': 0.8600000000000001, 'mu_plus': 0.41000000000000003, 'n_estimators': 1, 'n_fields': None, 'neuron_model': 'iaf_psc_exp', 'ref_seq_interval': 3, 'resolution': 0.1, 'shift_minus': 0.060269984654005175, 'shift_plus': -0.129851228629493, 'sigma_w': None, 'synapse_model': 'shifted_nn_restr_stdp_synapse', 't_ref': 0.0, 'tau_m': 10000000.0, 'tau_minus': 81.0, 'tau_plus': 181.0, 'tau_s': 0.0, 'time': 300, 'w_init': 0.0}
Score: 0.0990
100%|█████████▉| 671/672 [06:03<?, ?trial/s, best loss=?]                                                         Deleting files related to the current optimization iteration...
100%|█████████▉| 671/672 [06:03<?, ?trial/s, best loss=?]100%|██████████| 672/672 [06:03<00:00, 363.41s/trial, best loss: -0.588]100%|██████████| 672/672 [06:03<00:00, 363.41s/trial, best loss: -0.588]
100%|█████████▉| 672/673 [00:00<?, ?trial/s, best loss=?]                                                         Params: {'V_th': 10000, 'alpha': 51.05381441205788, 'decode_potentials': True, 'decoding_method': 'max', 'encoding_method': 'frequency', 'lr': 0.4257264831813941, 'max_features': 1.0, 'max_samples': 0.2, 'mu_minus': 0.46, 'mu_plus': 0.66, 'n_estimators': 1, 'n_fields': None, 'neuron_model': 'iaf_psc_exp', 'ref_seq_interval': 2, 'resolution': 0.1, 'shift_minus': 0.07593000862820819, 'shift_plus': -0.0767808908750661, 'sigma_w': None, 'synapse_model': 'shifted_nn_restr_stdp_synapse', 't_ref': 0.0, 'tau_m': 10000000.0, 'tau_minus': 81.0, 'tau_plus': 181.0, 'tau_s': 0.0, 'time': 300, 'w_init': 0.0}
Score: 0.1130
100%|█████████▉| 672/673 [06:03<?, ?trial/s, best loss=?]                                                         Deleting files related to the current optimization iteration...
100%|█████████▉| 672/673 [06:03<?, ?trial/s, best loss=?]100%|██████████| 673/673 [06:03<00:00, 363.31s/trial, best loss: -0.588]100%|██████████| 673/673 [06:03<00:00, 363.32s/trial, best loss: -0.588]
100%|█████████▉| 673/674 [00:00<?, ?trial/s, best loss=?]                                                         Params: {'V_th': 10000, 'alpha': 91.67300987687692, 'decode_potentials': True, 'decoding_method': 'max', 'encoding_method': 'frequency', 'lr': 0.5486028319990162, 'max_features': 1.0, 'max_samples': 0.2, 'mu_minus': 0.76, 'mu_plus': 0.51, 'n_estimators': 1, 'n_fields': None, 'neuron_model': 'iaf_psc_exp', 'ref_seq_interval': 9, 'resolution': 0.1, 'shift_minus': 0.02368064669773702, 'shift_plus': -0.18381888488743217, 'sigma_w': None, 'synapse_model': 'shifted_nn_restr_stdp_synapse', 't_ref': 0.0, 'tau_m': 10000000.0, 'tau_minus': 81.0, 'tau_plus': 181.0, 'tau_s': 0.0, 'time': 300, 'w_init': 0.0}
Score: 0.0990
100%|█████████▉| 673/674 [05:33<?, ?trial/s, best loss=?]                                                         Deleting files related to the current optimization iteration...
100%|█████████▉| 673/674 [05:33<?, ?trial/s, best loss=?]100%|██████████| 674/674 [05:33<00:00, 333.21s/trial, best loss: -0.588]100%|██████████| 674/674 [05:33<00:00, 333.21s/trial, best loss: -0.588]
100%|█████████▉| 674/675 [00:00<?, ?trial/s, best loss=?]                                                         Params: {'V_th': 10000, 'alpha': 150.42607197430453, 'decode_potentials': True, 'decoding_method': 'max', 'encoding_method': 'frequency', 'lr': 0.5895048541452055, 'max_features': 1.0, 'max_samples': 0.2, 'mu_minus': 0.36000000000000004, 'mu_plus': 0.6100000000000001, 'n_estimators': 1, 'n_fields': None, 'neuron_model': 'iaf_psc_exp', 'ref_seq_interval': 3, 'resolution': 0.1, 'shift_minus': 0.11489626723240758, 'shift_plus': -0.0017922176746085938, 'sigma_w': None, 'synapse_model': 'shifted_nn_restr_stdp_synapse', 't_ref': 0.0, 'tau_m': 10000000.0, 'tau_minus': 81.0, 'tau_plus': 181.0, 'tau_s': 0.0, 'time': 300, 'w_init': 0.0}
Score: 0.1110
100%|█████████▉| 674/675 [06:03<?, ?trial/s, best loss=?]                                                         Deleting files related to the current optimization iteration...
100%|█████████▉| 674/675 [06:03<?, ?trial/s, best loss=?]100%|██████████| 675/675 [06:03<00:00, 363.61s/trial, best loss: -0.588]100%|██████████| 675/675 [06:03<00:00, 363.62s/trial, best loss: -0.588]
100%|█████████▉| 675/676 [00:00<?, ?trial/s, best loss=?]                                                         Params: {'V_th': 10000, 'alpha': 326.02004506703946, 'decode_potentials': True, 'decoding_method': 'max', 'encoding_method': 'frequency', 'lr': 0.4998409513687664, 'max_features': 1.0, 'max_samples': 0.2, 'mu_minus': 0.11, 'mu_plus': 0.21000000000000002, 'n_estimators': 1, 'n_fields': None, 'neuron_model': 'iaf_psc_exp', 'ref_seq_interval': 10, 'resolution': 0.1, 'shift_minus': 0.42605061566930613, 'shift_plus': -0.04235660814808009, 'sigma_w': None, 'synapse_model': 'shifted_nn_restr_stdp_synapse', 't_ref': 0.0, 'tau_m': 10000000.0, 'tau_minus': 81.0, 'tau_plus': 181.0, 'tau_s': 0.0, 'time': 300, 'w_init': 0.0}
Score: 0.1040
100%|█████████▉| 675/676 [05:33<?, ?trial/s, best loss=?]                                                         Deleting files related to the current optimization iteration...
100%|█████████▉| 675/676 [05:33<?, ?trial/s, best loss=?]100%|██████████| 676/676 [05:33<00:00, 333.38s/trial, best loss: -0.588]100%|██████████| 676/676 [05:33<00:00, 333.38s/trial, best loss: -0.588]
100%|█████████▉| 676/677 [00:00<?, ?trial/s, best loss=?]                                                         Params: {'V_th': 10000, 'alpha': 120.90943814267534, 'decode_potentials': True, 'decoding_method': 'max', 'encoding_method': 'frequency', 'lr': 0.4081029979941635, 'max_features': 1.0, 'max_samples': 0.2, 'mu_minus': 0.46, 'mu_plus': 0.16000000000000003, 'n_estimators': 1, 'n_fields': None, 'neuron_model': 'iaf_psc_exp', 'ref_seq_interval': 3, 'resolution': 0.1, 'shift_minus': 6.946401294804353e-05, 'shift_plus': -0.0015615678077971695, 'sigma_w': None, 'synapse_model': 'shifted_nn_restr_stdp_synapse', 't_ref': 0.0, 'tau_m': 10000000.0, 'tau_minus': 81.0, 'tau_plus': 181.0, 'tau_s': 0.0, 'time': 300, 'w_init': 0.0}
Score: 0.5910
100%|█████████▉| 676/677 [06:03<?, ?trial/s, best loss=?]                                                         Deleting files related to the current optimization iteration...
100%|█████████▉| 676/677 [06:03<?, ?trial/s, best loss=?]100%|██████████| 677/677 [06:03<00:00, 363.36s/trial, best loss: -0.591]100%|██████████| 677/677 [06:03<00:00, 363.36s/trial, best loss: -0.591]
100%|█████████▉| 677/678 [00:00<?, ?trial/s, best loss=?]                                                         Params: {'V_th': 10000, 'alpha': 115.94966041375632, 'decode_potentials': True, 'decoding_method': 'max', 'encoding_method': 'frequency', 'lr': 0.17815185415284202, 'max_features': 1.0, 'max_samples': 0.2, 'mu_minus': 0.46, 'mu_plus': 0.16000000000000003, 'n_estimators': 1, 'n_fields': None, 'neuron_model': 'iaf_psc_exp', 'ref_seq_interval': 3, 'resolution': 0.1, 'shift_minus': 0.04689887971183782, 'shift_plus': -0.0625220684871568, 'sigma_w': None, 'synapse_model': 'shifted_nn_restr_stdp_synapse', 't_ref': 0.0, 'tau_m': 10000000.0, 'tau_minus': 81.0, 'tau_plus': 181.0, 'tau_s': 0.0, 'time': 300, 'w_init': 0.0}
Score: 0.0990
100%|█████████▉| 677/678 [06:03<?, ?trial/s, best loss=?]                                                         Deleting files related to the current optimization iteration...
100%|█████████▉| 677/678 [06:03<?, ?trial/s, best loss=?]100%|██████████| 678/678 [06:03<00:00, 363.30s/trial, best loss: -0.591]100%|██████████| 678/678 [06:03<00:00, 363.30s/trial, best loss: -0.591]
100%|█████████▉| 678/679 [00:00<?, ?trial/s, best loss=?]                                                         Params: {'V_th': 10000, 'alpha': 132.74965654618575, 'decode_potentials': True, 'decoding_method': 'max', 'encoding_method': 'frequency', 'lr': 0.4036794142973119, 'max_features': 1.0, 'max_samples': 0.2, 'mu_minus': 0.46, 'mu_plus': 0.46, 'n_estimators': 1, 'n_fields': None, 'neuron_model': 'iaf_psc_exp', 'ref_seq_interval': 3, 'resolution': 0.1, 'shift_minus': 0.2465084139992, 'shift_plus': -0.09579872175286465, 'sigma_w': None, 'synapse_model': 'shifted_nn_restr_stdp_synapse', 't_ref': 0.0, 'tau_m': 10000000.0, 'tau_minus': 81.0, 'tau_plus': 181.0, 'tau_s': 0.0, 'time': 300, 'w_init': 0.0}
Score: 0.1100
100%|█████████▉| 678/679 [06:03<?, ?trial/s, best loss=?]                                                         Deleting files related to the current optimization iteration...
100%|█████████▉| 678/679 [06:03<?, ?trial/s, best loss=?]100%|██████████| 679/679 [06:03<00:00, 363.39s/trial, best loss: -0.591]100%|██████████| 679/679 [06:03<00:00, 363.39s/trial, best loss: -0.591]
100%|█████████▉| 679/680 [00:00<?, ?trial/s, best loss=?]                                                         Params: {'V_th': 10000, 'alpha': 184.08202441607256, 'decode_potentials': True, 'decoding_method': 'max', 'encoding_method': 'frequency', 'lr': 0.3731488718584369, 'max_features': 1.0, 'max_samples': 0.2, 'mu_minus': 0.46, 'mu_plus': 0.16000000000000003, 'n_estimators': 1, 'n_fields': None, 'neuron_model': 'iaf_psc_exp', 'ref_seq_interval': 3, 'resolution': 0.1, 'shift_minus': 0.3458353305552442, 'shift_plus': -0.03605061128329665, 'sigma_w': None, 'synapse_model': 'shifted_nn_restr_stdp_synapse', 't_ref': 0.0, 'tau_m': 10000000.0, 'tau_minus': 81.0, 'tau_plus': 201.0, 'tau_s': 0.0, 'time': 300, 'w_init': 0.0}
Score: 0.1040
100%|█████████▉| 679/680 [06:03<?, ?trial/s, best loss=?]                                                         Deleting files related to the current optimization iteration...
100%|█████████▉| 679/680 [06:03<?, ?trial/s, best loss=?]100%|██████████| 680/680 [06:03<00:00, 363.45s/trial, best loss: -0.591]100%|██████████| 680/680 [06:03<00:00, 363.45s/trial, best loss: -0.591]
100%|█████████▉| 680/681 [00:00<?, ?trial/s, best loss=?]                                                         Params: {'V_th': 10000, 'alpha': 288.33475656685005, 'decode_potentials': True, 'decoding_method': 'max', 'encoding_method': 'frequency', 'lr': 0.24028056781255494, 'max_features': 1.0, 'max_samples': 0.2, 'mu_minus': 0.46, 'mu_plus': 0.16000000000000003, 'n_estimators': 1, 'n_fields': None, 'neuron_model': 'iaf_psc_exp', 'ref_seq_interval': 3, 'resolution': 0.1, 'shift_minus': 0.03365798722608308, 'shift_plus': -0.1365406683987035, 'sigma_w': None, 'synapse_model': 'shifted_nn_restr_stdp_synapse', 't_ref': 0.0, 'tau_m': 10000000.0, 'tau_minus': 81.0, 'tau_plus': 101.0, 'tau_s': 0.0, 'time': 300, 'w_init': 0.0}
Score: 0.0870
100%|█████████▉| 680/681 [06:03<?, ?trial/s, best loss=?]                                                         Deleting files related to the current optimization iteration...
100%|█████████▉| 680/681 [06:03<?, ?trial/s, best loss=?]100%|██████████| 681/681 [06:03<00:00, 363.39s/trial, best loss: -0.591]100%|██████████| 681/681 [06:03<00:00, 363.39s/trial, best loss: -0.591]
100%|█████████▉| 681/682 [00:00<?, ?trial/s, best loss=?]                                                         Params: {'V_th': 10000, 'alpha': 68.61173447273563, 'decode_potentials': True, 'decoding_method': 'max', 'encoding_method': 'frequency', 'lr': 0.3371514907028165, 'max_features': 1.0, 'max_samples': 0.2, 'mu_minus': 0.46, 'mu_plus': 0.16000000000000003, 'n_estimators': 1, 'n_fields': None, 'neuron_model': 'iaf_psc_exp', 'ref_seq_interval': 3, 'resolution': 0.1, 'shift_minus': 0.05456610415820084, 'shift_plus': -0.10941098833318828, 'sigma_w': None, 'synapse_model': 'shifted_nn_restr_stdp_synapse', 't_ref': 0.0, 'tau_m': 10000000.0, 'tau_minus': 81.0, 'tau_plus': 121.0, 'tau_s': 0.0, 'time': 300, 'w_init': 0.0}
Score: 0.1000
100%|█████████▉| 681/682 [06:03<?, ?trial/s, best loss=?]                                                         Deleting files related to the current optimization iteration...
100%|█████████▉| 681/682 [06:03<?, ?trial/s, best loss=?]100%|██████████| 682/682 [06:03<00:00, 363.44s/trial, best loss: -0.591]100%|██████████| 682/682 [06:03<00:00, 363.44s/trial, best loss: -0.591]
100%|█████████▉| 682/683 [00:00<?, ?trial/s, best loss=?]                                                         Params: {'V_th': 10000, 'alpha': 56.82113420124076, 'decode_potentials': True, 'decoding_method': 'max', 'encoding_method': 'frequency', 'lr': 0.2912818714831764, 'max_features': 1.0, 'max_samples': 0.2, 'mu_minus': 0.46, 'mu_plus': 0.16000000000000003, 'n_estimators': 1, 'n_fields': None, 'neuron_model': 'iaf_psc_exp', 'ref_seq_interval': 3, 'resolution': 0.1, 'shift_minus': 0.011973853006361916, 'shift_plus': -0.018041645736950766, 'sigma_w': None, 'synapse_model': 'shifted_nn_restr_stdp_synapse', 't_ref': 0.0, 'tau_m': 10000000.0, 'tau_minus': 81.0, 'tau_plus': 61.0, 'tau_s': 0.0, 'time': 300, 'w_init': 0.0}
Score: 0.1160
100%|█████████▉| 682/683 [06:03<?, ?trial/s, best loss=?]                                                         Deleting files related to the current optimization iteration...
100%|█████████▉| 682/683 [06:03<?, ?trial/s, best loss=?]100%|██████████| 683/683 [06:03<00:00, 363.23s/trial, best loss: -0.591]100%|██████████| 683/683 [06:03<00:00, 363.23s/trial, best loss: -0.591]
100%|█████████▉| 683/684 [00:00<?, ?trial/s, best loss=?]                                                         Params: {'V_th': 10000, 'alpha': 256.86889854244095, 'decode_potentials': True, 'decoding_method': 'max', 'encoding_method': 'frequency', 'lr': 0.46807034089232047, 'max_features': 1.0, 'max_samples': 0.2, 'mu_minus': 0.46, 'mu_plus': 0.16000000000000003, 'n_estimators': 1, 'n_fields': None, 'neuron_model': 'iaf_psc_exp', 'ref_seq_interval': 3, 'resolution': 0.1, 'shift_minus': 0.10642643320128992, 'shift_plus': -0.07081357350213882, 'sigma_w': None, 'synapse_model': 'shifted_nn_restr_stdp_synapse', 't_ref': 0.0, 'tau_m': 10000000.0, 'tau_minus': 81.0, 'tau_plus': 181.0, 'tau_s': 0.0, 'time': 300, 'w_init': 0.0}
Score: 0.1080
100%|█████████▉| 683/684 [06:03<?, ?trial/s, best loss=?]                                                         Deleting files related to the current optimization iteration...
100%|█████████▉| 683/684 [06:03<?, ?trial/s, best loss=?]100%|██████████| 684/684 [06:03<00:00, 363.51s/trial, best loss: -0.591]100%|██████████| 684/684 [06:03<00:00, 363.51s/trial, best loss: -0.591]
100%|█████████▉| 684/685 [00:00<?, ?trial/s, best loss=?]                                                         Params: {'V_th': 10000, 'alpha': 170.888363786345, 'decode_potentials': True, 'decoding_method': 'max', 'encoding_method': 'frequency', 'lr': 0.43724656413782437, 'max_features': 1.0, 'max_samples': 0.2, 'mu_minus': 0.46, 'mu_plus': 0.16000000000000003, 'n_estimators': 1, 'n_fields': None, 'neuron_model': 'iaf_psc_exp', 'ref_seq_interval': 3, 'resolution': 0.1, 'shift_minus': 0.08944843450832227, 'shift_plus': -0.003063844809073249, 'sigma_w': None, 'synapse_model': 'shifted_nn_restr_stdp_synapse', 't_ref': 0.0, 'tau_m': 10000000.0, 'tau_minus': 81.0, 'tau_plus': 1.0, 'tau_s': 0.0, 'time': 300, 'w_init': 0.0}
Score: 0.1120
100%|█████████▉| 684/685 [06:03<?, ?trial/s, best loss=?]                                                         Deleting files related to the current optimization iteration...
100%|█████████▉| 684/685 [06:03<?, ?trial/s, best loss=?]100%|██████████| 685/685 [06:03<00:00, 363.49s/trial, best loss: -0.591]100%|██████████| 685/685 [06:03<00:00, 363.49s/trial, best loss: -0.591]
100%|█████████▉| 685/686 [00:00<?, ?trial/s, best loss=?]                                                         Params: {'V_th': 10000, 'alpha': 439.53912284808854, 'decode_potentials': True, 'decoding_method': 'max', 'encoding_method': 'frequency', 'lr': 0.16304820195756528, 'max_features': 1.0, 'max_samples': 0.2, 'mu_minus': 0.46, 'mu_plus': 0.16000000000000003, 'n_estimators': 1, 'n_fields': None, 'neuron_model': 'iaf_psc_exp', 'ref_seq_interval': 3, 'resolution': 0.1, 'shift_minus': 0.023348407423196688, 'shift_plus': -0.04987574182013256, 'sigma_w': None, 'synapse_model': 'shifted_nn_restr_stdp_synapse', 't_ref': 0.0, 'tau_m': 10000000.0, 'tau_minus': 81.0, 'tau_plus': 41.0, 'tau_s': 0.0, 'time': 300, 'w_init': 0.0}
Score: 0.0960
100%|█████████▉| 685/686 [06:03<?, ?trial/s, best loss=?]                                                         Deleting files related to the current optimization iteration...
100%|█████████▉| 685/686 [06:03<?, ?trial/s, best loss=?]100%|██████████| 686/686 [06:03<00:00, 363.51s/trial, best loss: -0.591]100%|██████████| 686/686 [06:03<00:00, 363.51s/trial, best loss: -0.591]
100%|█████████▉| 686/687 [00:00<?, ?trial/s, best loss=?]                                                         Params: {'V_th': 10000, 'alpha': 103.26802985798973, 'decode_potentials': True, 'decoding_method': 'max', 'encoding_method': 'frequency', 'lr': 0.32251312282646827, 'max_features': 1.0, 'max_samples': 0.2, 'mu_minus': 0.46, 'mu_plus': 0.16000000000000003, 'n_estimators': 1, 'n_fields': None, 'neuron_model': 'iaf_psc_exp', 'ref_seq_interval': 3, 'resolution': 0.1, 'shift_minus': 0.06912643179448211, 'shift_plus': -0.09109283305170804, 'sigma_w': None, 'synapse_model': 'shifted_nn_restr_stdp_synapse', 't_ref': 0.0, 'tau_m': 10000000.0, 'tau_minus': 81.0, 'tau_plus': 181.0, 'tau_s': 0.0, 'time': 300, 'w_init': 0.0}
Score: 0.0940
100%|█████████▉| 686/687 [06:03<?, ?trial/s, best loss=?]                                                         Deleting files related to the current optimization iteration...
100%|█████████▉| 686/687 [06:03<?, ?trial/s, best loss=?]100%|██████████| 687/687 [06:03<00:00, 363.61s/trial, best loss: -0.591]100%|██████████| 687/687 [06:03<00:00, 363.61s/trial, best loss: -0.591]
100%|█████████▉| 687/688 [00:00<?, ?trial/s, best loss=?]                                                         Params: {'V_th': 10000, 'alpha': 204.77087597296432, 'decode_potentials': True, 'decoding_method': 'max', 'encoding_method': 'frequency', 'lr': 0.3992486037476479, 'max_features': 1.0, 'max_samples': 0.2, 'mu_minus': 0.46, 'mu_plus': 0.16000000000000003, 'n_estimators': 1, 'n_fields': None, 'neuron_model': 'iaf_psc_exp', 'ref_seq_interval': 3, 'resolution': 0.1, 'shift_minus': 0.006883411959951009, 'shift_plus': -0.001757409829538911, 'sigma_w': None, 'synapse_model': 'shifted_nn_restr_stdp_synapse', 't_ref': 0.0, 'tau_m': 10000000.0, 'tau_minus': 221.0, 'tau_plus': 21.0, 'tau_s': 0.0, 'time': 300, 'w_init': 0.0}
Score: 0.2000
100%|█████████▉| 687/688 [06:03<?, ?trial/s, best loss=?]                                                         Deleting files related to the current optimization iteration...
100%|█████████▉| 687/688 [06:03<?, ?trial/s, best loss=?]100%|██████████| 688/688 [06:03<00:00, 363.56s/trial, best loss: -0.591]100%|██████████| 688/688 [06:03<00:00, 363.56s/trial, best loss: -0.591]
100%|█████████▉| 688/689 [00:00<?, ?trial/s, best loss=?]                                                         Params: {'V_th': 10000, 'alpha': 42.22558765376095, 'decode_potentials': True, 'decoding_method': 'max', 'encoding_method': 'frequency', 'lr': 0.5257025503397528, 'max_features': 1.0, 'max_samples': 0.2, 'mu_minus': 0.46, 'mu_plus': 0.16000000000000003, 'n_estimators': 1, 'n_fields': None, 'neuron_model': 'iaf_psc_exp', 'ref_seq_interval': 3, 'resolution': 0.1, 'shift_minus': 0.03891274373877494, 'shift_plus': -0.16300634828515428, 'sigma_w': None, 'synapse_model': 'shifted_nn_restr_stdp_synapse', 't_ref': 0.0, 'tau_m': 10000000.0, 'tau_minus': 81.0, 'tau_plus': 221.0, 'tau_s': 0.0, 'time': 300, 'w_init': 0.0}
Score: 0.0930
100%|█████████▉| 688/689 [06:03<?, ?trial/s, best loss=?]                                                         Deleting files related to the current optimization iteration...
100%|█████████▉| 688/689 [06:03<?, ?trial/s, best loss=?]100%|██████████| 689/689 [06:03<00:00, 363.49s/trial, best loss: -0.591]100%|██████████| 689/689 [06:03<00:00, 363.49s/trial, best loss: -0.591]
100%|█████████▉| 689/690 [00:00<?, ?trial/s, best loss=?]                                                         Params: {'V_th': 10000, 'alpha': 84.53992625042352, 'decode_potentials': True, 'decoding_method': 'max', 'encoding_method': 'frequency', 'lr': 0.3742034915136566, 'max_features': 1.0, 'max_samples': 0.2, 'mu_minus': 0.46, 'mu_plus': 0.11, 'n_estimators': 1, 'n_fields': None, 'neuron_model': 'iaf_psc_exp', 'ref_seq_interval': 3, 'resolution': 0.1, 'shift_minus': 0.1411717348181732, 'shift_plus': -0.03875266565653384, 'sigma_w': None, 'synapse_model': 'shifted_nn_restr_stdp_synapse', 't_ref': 0.0, 'tau_m': 10000000.0, 'tau_minus': 81.0, 'tau_plus': 241.0, 'tau_s': 0.0, 'time': 300, 'w_init': 0.0}
Score: 0.1020
100%|█████████▉| 689/690 [06:03<?, ?trial/s, best loss=?]                                                         Deleting files related to the current optimization iteration...
100%|█████████▉| 689/690 [06:03<?, ?trial/s, best loss=?]100%|██████████| 690/690 [06:03<00:00, 363.38s/trial, best loss: -0.591]100%|██████████| 690/690 [06:03<00:00, 363.38s/trial, best loss: -0.591]
100%|█████████▉| 690/691 [00:00<?, ?trial/s, best loss=?]                                                         Params: {'V_th': 10000, 'alpha': 24.625997160708796, 'decode_potentials': True, 'decoding_method': 'max', 'encoding_method': 'frequency', 'lr': 0.22870354631789663, 'max_features': 1.0, 'max_samples': 0.2, 'mu_minus': 0.46, 'mu_plus': 0.16000000000000003, 'n_estimators': 1, 'n_fields': None, 'neuron_model': 'iaf_psc_exp', 'ref_seq_interval': 3, 'resolution': 0.1, 'shift_minus': 0.028620033313773878, 'shift_plus': -0.12793443476696204, 'sigma_w': None, 'synapse_model': 'shifted_nn_restr_stdp_synapse', 't_ref': 0.0, 'tau_m': 10000000.0, 'tau_minus': 81.0, 'tau_plus': 101.0, 'tau_s': 0.0, 'time': 300, 'w_init': 0.0}
Score: 0.1030
100%|█████████▉| 690/691 [06:03<?, ?trial/s, best loss=?]                                                         Deleting files related to the current optimization iteration...
100%|█████████▉| 690/691 [06:03<?, ?trial/s, best loss=?]100%|██████████| 691/691 [06:03<00:00, 363.45s/trial, best loss: -0.591]100%|██████████| 691/691 [06:03<00:00, 363.45s/trial, best loss: -0.591]
100%|█████████▉| 691/692 [00:00<?, ?trial/s, best loss=?]                                                         Params: {'V_th': 10000, 'alpha': 62.34288445188527, 'decode_potentials': True, 'decoding_method': 'max', 'encoding_method': 'frequency', 'lr': 0.4545779148079337, 'max_features': 1.0, 'max_samples': 0.2, 'mu_minus': 0.16000000000000003, 'mu_plus': 0.16000000000000003, 'n_estimators': 1, 'n_fields': None, 'neuron_model': 'iaf_psc_exp', 'ref_seq_interval': 3, 'resolution': 0.1, 'shift_minus': 0.015572466225912136, 'shift_plus': -0.07068043298206514, 'sigma_w': None, 'synapse_model': 'shifted_nn_restr_stdp_synapse', 't_ref': 0.0, 'tau_m': 10000000.0, 'tau_minus': 81.0, 'tau_plus': 201.0, 'tau_s': 0.0, 'time': 300, 'w_init': 0.0}
Score: 0.1140
100%|█████████▉| 691/692 [06:03<?, ?trial/s, best loss=?]                                                         Deleting files related to the current optimization iteration...
100%|█████████▉| 691/692 [06:03<?, ?trial/s, best loss=?]100%|██████████| 692/692 [06:03<00:00, 363.43s/trial, best loss: -0.591]100%|██████████| 692/692 [06:03<00:00, 363.43s/trial, best loss: -0.591]
100%|█████████▉| 692/693 [00:00<?, ?trial/s, best loss=?]                                                         Params: {'V_th': 10000, 'alpha': 135.70369394145538, 'decode_potentials': True, 'decoding_method': 'max', 'encoding_method': 'frequency', 'lr': 0.19788840877712946, 'max_features': 1.0, 'max_samples': 0.2, 'mu_minus': 0.91, 'mu_plus': 0.66, 'n_estimators': 1, 'n_fields': None, 'neuron_model': 'iaf_psc_exp', 'ref_seq_interval': 3, 'resolution': 0.1, 'shift_minus': 0.0009414536652709951, 'shift_plus': -0.5685346679948238, 'sigma_w': None, 'synapse_model': 'shifted_nn_restr_stdp_synapse', 't_ref': 0.0, 'tau_m': 10000000.0, 'tau_minus': 81.0, 'tau_plus': 181.0, 'tau_s': 0.0, 'time': 300, 'w_init': 0.0}
Score: 0.1170
100%|█████████▉| 692/693 [06:03<?, ?trial/s, best loss=?]                                                         Deleting files related to the current optimization iteration...
100%|█████████▉| 692/693 [06:03<?, ?trial/s, best loss=?]100%|██████████| 693/693 [06:03<00:00, 363.56s/trial, best loss: -0.591]100%|██████████| 693/693 [06:03<00:00, 363.56s/trial, best loss: -0.591]
100%|█████████▉| 693/694 [00:00<?, ?trial/s, best loss=?]                                                         Params: {'V_th': 10000, 'alpha': 20.433804705841226, 'decode_potentials': True, 'decoding_method': 'max', 'encoding_method': 'frequency', 'lr': 0.5654964730018659, 'max_features': 1.0, 'max_samples': 0.2, 'mu_minus': 0.9600000000000001, 'mu_plus': 0.9600000000000001, 'n_estimators': 1, 'n_fields': None, 'neuron_model': 'iaf_psc_exp', 'ref_seq_interval': 3, 'resolution': 0.1, 'shift_minus': 0.39729095652384017, 'shift_plus': -0.02171565502966418, 'sigma_w': None, 'synapse_model': 'shifted_nn_restr_stdp_synapse', 't_ref': 0.0, 'tau_m': 10000000.0, 'tau_minus': 21.0, 'tau_plus': 61.0, 'tau_s': 0.0, 'time': 300, 'w_init': 0.0}
Score: 0.1050
100%|█████████▉| 693/694 [06:03<?, ?trial/s, best loss=?]                                                         Deleting files related to the current optimization iteration...
100%|█████████▉| 693/694 [06:03<?, ?trial/s, best loss=?]100%|██████████| 694/694 [06:03<00:00, 363.53s/trial, best loss: -0.591]100%|██████████| 694/694 [06:03<00:00, 363.53s/trial, best loss: -0.591]
100%|█████████▉| 694/695 [00:00<?, ?trial/s, best loss=?]                                                         Params: {'V_th': 10000, 'alpha': 76.47037126206615, 'decode_potentials': True, 'decoding_method': 'max', 'encoding_method': 'frequency', 'lr': 0.2679735610939537, 'max_features': 1.0, 'max_samples': 0.2, 'mu_minus': 0.81, 'mu_plus': 0.36000000000000004, 'n_estimators': 1, 'n_fields': None, 'neuron_model': 'iaf_psc_exp', 'ref_seq_interval': 3, 'resolution': 0.1, 'shift_minus': 0.4443287333467679, 'shift_plus': -0.11320672235875952, 'sigma_w': None, 'synapse_model': 'shifted_nn_restr_stdp_synapse', 't_ref': 0.0, 'tau_m': 10000000.0, 'tau_minus': 81.0, 'tau_plus': 121.0, 'tau_s': 0.0, 'time': 300, 'w_init': 0.0}
Score: 0.1070
100%|█████████▉| 694/695 [06:03<?, ?trial/s, best loss=?]                                                         Deleting files related to the current optimization iteration...
100%|█████████▉| 694/695 [06:03<?, ?trial/s, best loss=?]100%|██████████| 695/695 [06:03<00:00, 363.33s/trial, best loss: -0.591]100%|██████████| 695/695 [06:03<00:00, 363.33s/trial, best loss: -0.591]
100%|█████████▉| 695/696 [00:00<?, ?trial/s, best loss=?]                                                         Params: {'V_th': 10000, 'alpha': 45.913927567247725, 'decode_potentials': True, 'decoding_method': 'max', 'encoding_method': 'frequency', 'lr': 0.4234590951441389, 'max_features': 1.0, 'max_samples': 0.2, 'mu_minus': 0.46, 'mu_plus': 0.31000000000000005, 'n_estimators': 1, 'n_fields': None, 'neuron_model': 'iaf_psc_exp', 'ref_seq_interval': 3, 'resolution': 0.1, 'shift_minus': 0.0003908363308532226, 'shift_plus': -0.7953588165612491, 'sigma_w': None, 'synapse_model': 'shifted_nn_restr_stdp_synapse', 't_ref': 0.0, 'tau_m': 10000000.0, 'tau_minus': 141.0, 'tau_plus': 181.0, 'tau_s': 0.0, 'time': 300, 'w_init': 0.0}
Score: 0.1190
100%|█████████▉| 695/696 [06:03<?, ?trial/s, best loss=?]                                                         Deleting files related to the current optimization iteration...
100%|█████████▉| 695/696 [06:03<?, ?trial/s, best loss=?]100%|██████████| 696/696 [06:03<00:00, 363.27s/trial, best loss: -0.591]100%|██████████| 696/696 [06:03<00:00, 363.27s/trial, best loss: -0.591]
100%|█████████▉| 696/697 [00:00<?, ?trial/s, best loss=?]                                                         Params: {'V_th': 10000, 'alpha': 117.18487231902706, 'decode_potentials': True, 'decoding_method': 'max', 'encoding_method': 'frequency', 'lr': 0.48323131054309754, 'max_features': 1.0, 'max_samples': 0.2, 'mu_minus': 0.26, 'mu_plus': 0.060000000000000005, 'n_estimators': 1, 'n_fields': None, 'neuron_model': 'iaf_psc_exp', 'ref_seq_interval': 3, 'resolution': 0.1, 'shift_minus': 0.08155957817155728, 'shift_plus': -0.18650966985430578, 'sigma_w': None, 'synapse_model': 'shifted_nn_restr_stdp_synapse', 't_ref': 0.0, 'tau_m': 10000000.0, 'tau_minus': 81.0, 'tau_plus': 221.0, 'tau_s': 0.0, 'time': 300, 'w_init': 0.0}
Score: 0.0840
100%|█████████▉| 696/697 [06:03<?, ?trial/s, best loss=?]                                                         Deleting files related to the current optimization iteration...
100%|█████████▉| 696/697 [06:03<?, ?trial/s, best loss=?]100%|██████████| 697/697 [06:03<00:00, 363.61s/trial, best loss: -0.591]100%|██████████| 697/697 [06:03<00:00, 363.61s/trial, best loss: -0.591]
100%|█████████▉| 697/698 [00:00<?, ?trial/s, best loss=?]                                                         Params: {'V_th': 10000, 'alpha': 32.17031082646897, 'decode_potentials': True, 'decoding_method': 'max', 'encoding_method': 'frequency', 'lr': 0.3598509932231475, 'max_features': 1.0, 'max_samples': 0.2, 'mu_minus': 0.21000000000000002, 'mu_plus': 0.8600000000000001, 'n_estimators': 1, 'n_fields': None, 'neuron_model': 'iaf_psc_exp', 'ref_seq_interval': 3, 'resolution': 0.1, 'shift_minus': 0.00031605336263452143, 'shift_plus': -0.0017426414096860577, 'sigma_w': None, 'synapse_model': 'shifted_nn_restr_stdp_synapse', 't_ref': 0.0, 'tau_m': 10000000.0, 'tau_minus': 201.0, 'tau_plus': 41.0, 'tau_s': 0.0, 'time': 300, 'w_init': 0.0}
Score: 0.4790
100%|█████████▉| 697/698 [06:03<?, ?trial/s, best loss=?]                                                         Deleting files related to the current optimization iteration...
100%|█████████▉| 697/698 [06:03<?, ?trial/s, best loss=?]100%|██████████| 698/698 [06:03<00:00, 363.46s/trial, best loss: -0.591]100%|██████████| 698/698 [06:03<00:00, 363.46s/trial, best loss: -0.591]
100%|█████████▉| 698/699 [00:00<?, ?trial/s, best loss=?]                                                         Params: {'V_th': 10000, 'alpha': 30.717004625340184, 'decode_potentials': True, 'decoding_method': 'max', 'encoding_method': 'frequency', 'lr': 0.5987132781534912, 'max_features': 1.0, 'max_samples': 0.2, 'mu_minus': 0.51, 'mu_plus': 0.8600000000000001, 'n_estimators': 1, 'n_fields': None, 'neuron_model': 'iaf_psc_exp', 'ref_seq_interval': 3, 'resolution': 0.1, 'shift_minus': 0.3319011707498507, 'shift_plus': -0.09255154489782423, 'sigma_w': None, 'synapse_model': 'shifted_nn_restr_stdp_synapse', 't_ref': 0.0, 'tau_m': 10000000.0, 'tau_minus': 201.0, 'tau_plus': 1.0, 'tau_s': 0.0, 'time': 300, 'w_init': 0.0}
Score: 0.1070
100%|█████████▉| 698/699 [06:03<?, ?trial/s, best loss=?]                                                         Deleting files related to the current optimization iteration...
100%|█████████▉| 698/699 [06:03<?, ?trial/s, best loss=?]100%|██████████| 699/699 [06:03<00:00, 363.76s/trial, best loss: -0.591]100%|██████████| 699/699 [06:03<00:00, 363.76s/trial, best loss: -0.591]
100%|█████████▉| 699/700 [00:00<?, ?trial/s, best loss=?]                                                         Params: {'V_th': 10000, 'alpha': 36.6853618865711, 'decode_potentials': True, 'decoding_method': 'max', 'encoding_method': 'frequency', 'lr': 0.4800761284945914, 'max_features': 1.0, 'max_samples': 0.2, 'mu_minus': 0.01, 'mu_plus': 0.66, 'n_estimators': 1, 'n_fields': None, 'neuron_model': 'iaf_psc_exp', 'ref_seq_interval': 7, 'resolution': 0.1, 'shift_minus': 0.05191558828536327, 'shift_plus': -0.05947613657963515, 'sigma_w': None, 'synapse_model': 'shifted_nn_restr_stdp_synapse', 't_ref': 0.0, 'tau_m': 10000000.0, 'tau_minus': 201.0, 'tau_plus': 41.0, 'tau_s': 0.0, 'time': 300, 'w_init': 0.0}
Score: 0.1140
100%|█████████▉| 699/700 [05:33<?, ?trial/s, best loss=?]                                                         Deleting files related to the current optimization iteration...
100%|█████████▉| 699/700 [05:33<?, ?trial/s, best loss=?]100%|██████████| 700/700 [05:33<00:00, 333.73s/trial, best loss: -0.591]100%|██████████| 700/700 [05:33<00:00, 333.73s/trial, best loss: -0.591]
100%|█████████▉| 700/701 [00:00<?, ?trial/s, best loss=?]                                                         Params: {'V_th': 10000, 'alpha': 17.153799450058894, 'decode_potentials': True, 'decoding_method': 'max', 'encoding_method': 'frequency', 'lr': 0.5169960807809781, 'max_features': 1.0, 'max_samples': 0.2, 'mu_minus': 0.41000000000000003, 'mu_plus': 0.8600000000000001, 'n_estimators': 1, 'n_fields': None, 'neuron_model': 'iaf_psc_exp', 'ref_seq_interval': 3, 'resolution': 0.1, 'shift_minus': 0.29861338026424017, 'shift_plus': -0.1437342879530874, 'sigma_w': None, 'synapse_model': 'shifted_nn_restr_stdp_synapse', 't_ref': 0.0, 'tau_m': 10000000.0, 'tau_minus': 201.0, 'tau_plus': 41.0, 'tau_s': 0.0, 'time': 300, 'w_init': 0.0}
Score: 0.1100
100%|█████████▉| 700/701 [06:03<?, ?trial/s, best loss=?]                                                         Deleting files related to the current optimization iteration...
100%|█████████▉| 700/701 [06:03<?, ?trial/s, best loss=?]100%|██████████| 701/701 [06:03<00:00, 363.36s/trial, best loss: -0.591]100%|██████████| 701/701 [06:03<00:00, 363.36s/trial, best loss: -0.591]
100%|█████████▉| 701/702 [00:00<?, ?trial/s, best loss=?]                                                         Params: {'V_th': 10000, 'alpha': 13.981738823276807, 'decode_potentials': True, 'decoding_method': 'max', 'encoding_method': 'frequency', 'lr': 0.5453897021074112, 'max_features': 1.0, 'max_samples': 0.2, 'mu_minus': 0.66, 'mu_plus': 0.01, 'n_estimators': 1, 'n_fields': None, 'neuron_model': 'iaf_psc_exp', 'ref_seq_interval': 5, 'resolution': 0.1, 'shift_minus': 0.19388685372105346, 'shift_plus': -0.6470326883293276, 'sigma_w': None, 'synapse_model': 'shifted_nn_restr_stdp_synapse', 't_ref': 0.0, 'tau_m': 10000000.0, 'tau_minus': 201.0, 'tau_plus': 41.0, 'tau_s': 0.0, 'time': 300, 'w_init': 0.0}
Score: 0.1030
100%|█████████▉| 701/702 [05:33<?, ?trial/s, best loss=?]                                                         Deleting files related to the current optimization iteration...
100%|█████████▉| 701/702 [05:33<?, ?trial/s, best loss=?]100%|██████████| 702/702 [05:33<00:00, 333.71s/trial, best loss: -0.591]100%|██████████| 702/702 [05:33<00:00, 333.71s/trial, best loss: -0.591]
100%|█████████▉| 702/703 [00:00<?, ?trial/s, best loss=?]                                                         Params: {'V_th': 10000, 'alpha': 26.469356757958714, 'decode_potentials': True, 'decoding_method': 'max', 'encoding_method': 'frequency', 'lr': 0.500938636689671, 'max_features': 1.0, 'max_samples': 0.2, 'mu_minus': 0.46, 'mu_plus': 0.8600000000000001, 'n_estimators': 1, 'n_fields': None, 'neuron_model': 'iaf_psc_exp', 'ref_seq_interval': 3, 'resolution': 0.1, 'shift_minus': 0.03574538784975428, 'shift_plus': -0.02186424244732658, 'sigma_w': None, 'synapse_model': 'shifted_nn_restr_stdp_synapse', 't_ref': 0.0, 'tau_m': 10000000.0, 'tau_minus': 181.0, 'tau_plus': 21.0, 'tau_s': 0.0, 'time': 300, 'w_init': 0.0}
Score: 0.1000
100%|█████████▉| 702/703 [06:03<?, ?trial/s, best loss=?]                                                         Deleting files related to the current optimization iteration...
100%|█████████▉| 702/703 [06:03<?, ?trial/s, best loss=?]100%|██████████| 703/703 [06:03<00:00, 363.42s/trial, best loss: -0.591]100%|██████████| 703/703 [06:03<00:00, 363.42s/trial, best loss: -0.591]
100%|█████████▉| 703/704 [00:00<?, ?trial/s, best loss=?]                                                         Params: {'V_th': 10000, 'alpha': 50.76761311341616, 'decode_potentials': True, 'decoding_method': 'max', 'encoding_method': 'frequency', 'lr': 0.4101780430622608, 'max_features': 1.0, 'max_samples': 0.2, 'mu_minus': 0.21000000000000002, 'mu_plus': 0.8600000000000001, 'n_estimators': 1, 'n_fields': None, 'neuron_model': 'iaf_psc_exp', 'ref_seq_interval': 6, 'resolution': 0.1, 'shift_minus': 0.062195821378831645, 'shift_plus': -0.03638567631834294, 'sigma_w': None, 'synapse_model': 'shifted_nn_restr_stdp_synapse', 't_ref': 0.0, 'tau_m': 10000000.0, 'tau_minus': 201.0, 'tau_plus': 181.0, 'tau_s': 0.0, 'time': 300, 'w_init': 0.0}
Score: 0.0920
100%|█████████▉| 703/704 [05:33<?, ?trial/s, best loss=?]                                                         Deleting files related to the current optimization iteration...
100%|█████████▉| 703/704 [05:33<?, ?trial/s, best loss=?]100%|██████████| 704/704 [05:33<00:00, 333.28s/trial, best loss: -0.591]100%|██████████| 704/704 [05:33<00:00, 333.28s/trial, best loss: -0.591]
100%|█████████▉| 704/705 [00:00<?, ?trial/s, best loss=?]                                                         Params: {'V_th': 10000, 'alpha': 32.227755071527774, 'decode_potentials': True, 'decoding_method': 'max', 'encoding_method': 'frequency', 'lr': 0.4337674752767703, 'max_features': 1.0, 'max_samples': 0.2, 'mu_minus': 0.8600000000000001, 'mu_plus': 0.16000000000000003, 'n_estimators': 1, 'n_fields': None, 'neuron_model': 'iaf_psc_exp', 'ref_seq_interval': 3, 'resolution': 0.1, 'shift_minus': 0.017112636231901412, 'shift_plus': -0.002445115959344754, 'sigma_w': None, 'synapse_model': 'shifted_nn_restr_stdp_synapse', 't_ref': 0.0, 'tau_m': 10000000.0, 'tau_minus': 201.0, 'tau_plus': 41.0, 'tau_s': 0.0, 'time': 300, 'w_init': 0.0}
Score: 0.1540
100%|█████████▉| 704/705 [06:03<?, ?trial/s, best loss=?]                                                         Deleting files related to the current optimization iteration...
100%|█████████▉| 704/705 [06:03<?, ?trial/s, best loss=?]100%|██████████| 705/705 [06:03<00:00, 363.22s/trial, best loss: -0.591]100%|██████████| 705/705 [06:03<00:00, 363.22s/trial, best loss: -0.591]
100%|█████████▉| 705/706 [00:00<?, ?trial/s, best loss=?]                                                         Params: {'V_th': 10000, 'alpha': 58.750420572217685, 'decode_potentials': True, 'decoding_method': 'max', 'encoding_method': 'frequency', 'lr': 0.4593513326070436, 'max_features': 1.0, 'max_samples': 0.2, 'mu_minus': 0.46, 'mu_plus': 0.21000000000000002, 'n_estimators': 1, 'n_fields': None, 'neuron_model': 'iaf_psc_exp', 'ref_seq_interval': 2, 'resolution': 0.1, 'shift_minus': 0.04614249639125752, 'shift_plus': -0.07718547281253374, 'sigma_w': None, 'synapse_model': 'shifted_nn_restr_stdp_synapse', 't_ref': 0.0, 'tau_m': 10000000.0, 'tau_minus': 201.0, 'tau_plus': 41.0, 'tau_s': 0.0, 'time': 300, 'w_init': 0.0}
Score: 0.0780
100%|█████████▉| 705/706 [06:03<?, ?trial/s, best loss=?]                                                         Deleting files related to the current optimization iteration...
100%|█████████▉| 705/706 [06:03<?, ?trial/s, best loss=?]100%|██████████| 706/706 [06:03<00:00, 363.84s/trial, best loss: -0.591]100%|██████████| 706/706 [06:03<00:00, 363.84s/trial, best loss: -0.591]
100%|█████████▉| 706/707 [00:00<?, ?trial/s, best loss=?]                                                         Params: {'V_th': 10000, 'alpha': 19.60262296143197, 'decode_potentials': True, 'decoding_method': 'max', 'encoding_method': 'frequency', 'lr': 0.3586596113292681, 'max_features': 1.0, 'max_samples': 0.2, 'mu_minus': 0.76, 'mu_plus': 0.8600000000000001, 'n_estimators': 1, 'n_fields': None, 'neuron_model': 'iaf_psc_exp', 'ref_seq_interval': 9, 'resolution': 0.1, 'shift_minus': 0.026673238989509098, 'shift_plus': -0.002227484594457615, 'sigma_w': None, 'synapse_model': 'shifted_nn_restr_stdp_synapse', 't_ref': 0.0, 'tau_m': 10000000.0, 'tau_minus': 201.0, 'tau_plus': 41.0, 'tau_s': 0.0, 'time': 300, 'w_init': 0.0}
Score: 0.1290
100%|█████████▉| 706/707 [05:33<?, ?trial/s, best loss=?]                                                         Deleting files related to the current optimization iteration...
100%|█████████▉| 706/707 [05:33<?, ?trial/s, best loss=?]100%|██████████| 707/707 [05:33<00:00, 333.36s/trial, best loss: -0.591]100%|██████████| 707/707 [05:33<00:00, 333.36s/trial, best loss: -0.591]
100%|█████████▉| 707/708 [00:00<?, ?trial/s, best loss=?]                                                         Params: {'V_th': 10000, 'alpha': 10.271679697006876, 'decode_potentials': True, 'decoding_method': 'max', 'encoding_method': 'frequency', 'lr': 0.3881087887640997, 'max_features': 1.0, 'max_samples': 0.2, 'mu_minus': 0.36000000000000004, 'mu_plus': 0.8600000000000001, 'n_estimators': 1, 'n_fields': None, 'neuron_model': 'iaf_psc_exp', 'ref_seq_interval': 3, 'resolution': 0.1, 'shift_minus': 0.0003298273792083419, 'shift_plus': -0.5447585907176182, 'sigma_w': None, 'synapse_model': 'shifted_nn_restr_stdp_synapse', 't_ref': 0.0, 'tau_m': 10000000.0, 'tau_minus': 201.0, 'tau_plus': 41.0, 'tau_s': 0.0, 'time': 300, 'w_init': 0.0}
Score: 0.0870
100%|█████████▉| 707/708 [06:04<?, ?trial/s, best loss=?]                                                         Deleting files related to the current optimization iteration...
100%|█████████▉| 707/708 [06:04<?, ?trial/s, best loss=?]100%|██████████| 708/708 [06:04<00:00, 364.26s/trial, best loss: -0.591]100%|██████████| 708/708 [06:04<00:00, 364.27s/trial, best loss: -0.591]
100%|█████████▉| 708/709 [00:00<?, ?trial/s, best loss=?]                                                         Params: {'V_th': 10000, 'alpha': 15.649674178030851, 'decode_potentials': True, 'decoding_method': 'max', 'encoding_method': 'frequency', 'lr': 0.5262213928330579, 'max_features': 1.0, 'max_samples': 0.2, 'mu_minus': 0.16000000000000003, 'mu_plus': 0.41000000000000003, 'n_estimators': 1, 'n_fields': None, 'neuron_model': 'iaf_psc_exp', 'ref_seq_interval': 3, 'resolution': 0.1, 'shift_minus': 0.12195042595113685, 'shift_plus': -0.05211812861881049, 'sigma_w': None, 'synapse_model': 'shifted_nn_restr_stdp_synapse', 't_ref': 0.0, 'tau_m': 10000000.0, 'tau_minus': 201.0, 'tau_plus': 41.0, 'tau_s': 0.0, 'time': 300, 'w_init': 0.0}
Score: 0.1120
100%|█████████▉| 708/709 [06:03<?, ?trial/s, best loss=?]                                                         Deleting files related to the current optimization iteration...
100%|█████████▉| 708/709 [06:03<?, ?trial/s, best loss=?]100%|██████████| 709/709 [06:03<00:00, 363.29s/trial, best loss: -0.591]100%|██████████| 709/709 [06:03<00:00, 363.29s/trial, best loss: -0.591]
100%|█████████▉| 709/710 [00:00<?, ?trial/s, best loss=?]                                                         Params: {'V_th': 10000, 'alpha': 22.840212361082564, 'decode_potentials': True, 'decoding_method': 'max', 'encoding_method': 'frequency', 'lr': 0.4155735466714149, 'max_features': 1.0, 'max_samples': 0.2, 'mu_minus': 0.21000000000000002, 'mu_plus': 0.8600000000000001, 'n_estimators': 1, 'n_fields': None, 'neuron_model': 'iaf_psc_exp', 'ref_seq_interval': 10, 'resolution': 0.1, 'shift_minus': 0.06664359253162709, 'shift_plus': -0.10218977022356082, 'sigma_w': None, 'synapse_model': 'shifted_nn_restr_stdp_synapse', 't_ref': 0.0, 'tau_m': 10000000.0, 'tau_minus': 201.0, 'tau_plus': 41.0, 'tau_s': 0.0, 'time': 300, 'w_init': 0.0}
Score: 0.0970
100%|█████████▉| 709/710 [05:33<?, ?trial/s, best loss=?]                                                         Deleting files related to the current optimization iteration...
100%|█████████▉| 709/710 [05:33<?, ?trial/s, best loss=?]100%|██████████| 710/710 [05:33<00:00, 333.47s/trial, best loss: -0.591]100%|██████████| 710/710 [05:33<00:00, 333.47s/trial, best loss: -0.591]
100%|█████████▉| 710/711 [00:00<?, ?trial/s, best loss=?]                                                         Params: {'V_th': 10000, 'alpha': 92.31362000442762, 'decode_potentials': True, 'decoding_method': 'max', 'encoding_method': 'frequency', 'lr': 0.5601095991043781, 'max_features': 1.0, 'max_samples': 0.2, 'mu_minus': 0.46, 'mu_plus': 0.8600000000000001, 'n_estimators': 1, 'n_fields': None, 'neuron_model': 'iaf_psc_exp', 'ref_seq_interval': 3, 'resolution': 0.1, 'shift_minus': 0.10030757261140996, 'shift_plus': -0.1569102390387778, 'sigma_w': None, 'synapse_model': 'shifted_nn_restr_stdp_synapse', 't_ref': 0.0, 'tau_m': 10000000.0, 'tau_minus': 201.0, 'tau_plus': 41.0, 'tau_s': 0.0, 'time': 300, 'w_init': 0.0}
Score: 0.1080
100%|█████████▉| 710/711 [06:03<?, ?trial/s, best loss=?]                                                         Deleting files related to the current optimization iteration...
100%|█████████▉| 710/711 [06:03<?, ?trial/s, best loss=?]100%|██████████| 711/711 [06:03<00:00, 363.53s/trial, best loss: -0.591]100%|██████████| 711/711 [06:03<00:00, 363.53s/trial, best loss: -0.591]
100%|█████████▉| 711/712 [00:00<?, ?trial/s, best loss=?]                                                         Params: {'V_th': 10000, 'alpha': 28.207960766108265, 'decode_potentials': True, 'decoding_method': 'max', 'encoding_method': 'frequency', 'lr': 0.5847052254800504, 'max_features': 1.0, 'max_samples': 0.2, 'mu_minus': 0.46, 'mu_plus': 0.8600000000000001, 'n_estimators': 1, 'n_fields': None, 'neuron_model': 'iaf_psc_exp', 'ref_seq_interval': 3, 'resolution': 0.1, 'shift_minus': 0.00010905567276887175, 'shift_plus': -0.0002804422008727478, 'sigma_w': None, 'synapse_model': 'shifted_nn_restr_stdp_synapse', 't_ref': 0.0, 'tau_m': 10000000.0, 'tau_minus': 201.0, 'tau_plus': 41.0, 'tau_s': 0.0, 'time': 300, 'w_init': 0.0}
Score: 0.4980
100%|█████████▉| 711/712 [06:03<?, ?trial/s, best loss=?]                                                         Deleting files related to the current optimization iteration...
100%|█████████▉| 711/712 [06:03<?, ?trial/s, best loss=?]100%|██████████| 712/712 [06:03<00:00, 363.59s/trial, best loss: -0.591]100%|██████████| 712/712 [06:03<00:00, 363.59s/trial, best loss: -0.591]
100%|█████████▉| 712/713 [00:00<?, ?trial/s, best loss=?]                                                         Params: {'V_th': 10000, 'alpha': 39.718612649091654, 'decode_potentials': True, 'decoding_method': 'max', 'encoding_method': 'frequency', 'lr': 0.6187716155849201, 'max_features': 1.0, 'max_samples': 0.2, 'mu_minus': 0.46, 'mu_plus': 0.8600000000000001, 'n_estimators': 1, 'n_fields': None, 'neuron_model': 'iaf_psc_exp', 'ref_seq_interval': 3, 'resolution': 0.1, 'shift_minus': 0.009547468547373282, 'shift_plus': -0.030818249390157308, 'sigma_w': None, 'synapse_model': 'shifted_nn_restr_stdp_synapse', 't_ref': 0.0, 'tau_m': 10000000.0, 'tau_minus': 201.0, 'tau_plus': 41.0, 'tau_s': 0.0, 'time': 300, 'w_init': 0.0}
Score: 0.1340
100%|█████████▉| 712/713 [06:03<?, ?trial/s, best loss=?]                                                         Deleting files related to the current optimization iteration...
100%|█████████▉| 712/713 [06:03<?, ?trial/s, best loss=?]100%|██████████| 713/713 [06:03<00:00, 363.39s/trial, best loss: -0.591]100%|██████████| 713/713 [06:03<00:00, 363.39s/trial, best loss: -0.591]
100%|█████████▉| 713/714 [00:00<?, ?trial/s, best loss=?]                                                         Params: {'V_th': 10000, 'alpha': 11.857048598621157, 'decode_potentials': True, 'decoding_method': 'max', 'encoding_method': 'frequency', 'lr': 0.5758484317209499, 'max_features': 1.0, 'max_samples': 0.2, 'mu_minus': 0.46, 'mu_plus': 0.8600000000000001, 'n_estimators': 1, 'n_fields': None, 'neuron_model': 'iaf_psc_exp', 'ref_seq_interval': 7, 'resolution': 0.1, 'shift_minus': 0.04081189891185885, 'shift_plus': -0.08015409346285442, 'sigma_w': None, 'synapse_model': 'shifted_nn_restr_stdp_synapse', 't_ref': 0.0, 'tau_m': 10000000.0, 'tau_minus': 201.0, 'tau_plus': 41.0, 'tau_s': 0.0, 'time': 300, 'w_init': 0.0}
Score: 0.1120
100%|█████████▉| 713/714 [05:33<?, ?trial/s, best loss=?]                                                         Deleting files related to the current optimization iteration...
100%|█████████▉| 713/714 [05:33<?, ?trial/s, best loss=?]100%|██████████| 714/714 [05:33<00:00, 333.81s/trial, best loss: -0.591]100%|██████████| 714/714 [05:33<00:00, 333.81s/trial, best loss: -0.591]
100%|█████████▉| 714/715 [00:00<?, ?trial/s, best loss=?]                                                         Params: {'V_th': 10000, 'alpha': 27.434432491312347, 'decode_potentials': True, 'decoding_method': 'max', 'encoding_method': 'frequency', 'lr': 0.5741619454333138, 'max_features': 1.0, 'max_samples': 0.2, 'mu_minus': 0.46, 'mu_plus': 0.8600000000000001, 'n_estimators': 1, 'n_fields': None, 'neuron_model': 'iaf_psc_exp', 'ref_seq_interval': 3, 'resolution': 0.1, 'shift_minus': 0.02234593605856321, 'shift_plus': -0.11724407672400944, 'sigma_w': None, 'synapse_model': 'shifted_nn_restr_stdp_synapse', 't_ref': 0.0, 'tau_m': 10000000.0, 'tau_minus': 201.0, 'tau_plus': 41.0, 'tau_s': 0.0, 'time': 300, 'w_init': 0.0}
Score: 0.1100
100%|█████████▉| 714/715 [06:03<?, ?trial/s, best loss=?]                                                         Deleting files related to the current optimization iteration...
100%|█████████▉| 714/715 [06:03<?, ?trial/s, best loss=?]100%|██████████| 715/715 [06:03<00:00, 363.60s/trial, best loss: -0.591]100%|██████████| 715/715 [06:03<00:00, 363.60s/trial, best loss: -0.591]
100%|█████████▉| 715/716 [00:00<?, ?trial/s, best loss=?]                                                         Params: {'V_th': 10000, 'alpha': 36.78000433626176, 'decode_potentials': True, 'decoding_method': 'max', 'encoding_method': 'frequency', 'lr': 0.647229150082114, 'max_features': 1.0, 'max_samples': 0.2, 'mu_minus': 0.46, 'mu_plus': 0.8600000000000001, 'n_estimators': 1, 'n_fields': None, 'neuron_model': 'iaf_psc_exp', 'ref_seq_interval': 5, 'resolution': 0.1, 'shift_minus': 0.05595110075403737, 'shift_plus': -0.0019040926016402105, 'sigma_w': None, 'synapse_model': 'shifted_nn_restr_stdp_synapse', 't_ref': 0.0, 'tau_m': 10000000.0, 'tau_minus': 201.0, 'tau_plus': 41.0, 'tau_s': 0.0, 'time': 300, 'w_init': 0.0}
Score: 0.1060
100%|█████████▉| 715/716 [06:03<?, ?trial/s, best loss=?]                                                         Deleting files related to the current optimization iteration...
100%|█████████▉| 715/716 [06:03<?, ?trial/s, best loss=?]100%|██████████| 716/716 [06:03<00:00, 363.51s/trial, best loss: -0.591]100%|██████████| 716/716 [06:03<00:00, 363.51s/trial, best loss: -0.591]
100%|█████████▉| 716/717 [00:00<?, ?trial/s, best loss=?]                                                         Params: {'V_th': 10000, 'alpha': 44.46465266242241, 'decode_potentials': True, 'decoding_method': 'max', 'encoding_method': 'frequency', 'lr': 0.6045645019718661, 'max_features': 1.0, 'max_samples': 0.2, 'mu_minus': 0.46, 'mu_plus': 0.8600000000000001, 'n_estimators': 1, 'n_fields': None, 'neuron_model': 'iaf_psc_exp', 'ref_seq_interval': 3, 'resolution': 0.1, 'shift_minus': 0.07548449565505547, 'shift_plus': -0.04838160505770886, 'sigma_w': None, 'synapse_model': 'shifted_nn_restr_stdp_synapse', 't_ref': 0.0, 'tau_m': 10000000.0, 'tau_minus': 201.0, 'tau_plus': 41.0, 'tau_s': 0.0, 'time': 300, 'w_init': 0.0}
Score: 0.1040
100%|█████████▉| 716/717 [06:03<?, ?trial/s, best loss=?]                                                         Deleting files related to the current optimization iteration...
100%|█████████▉| 716/717 [06:03<?, ?trial/s, best loss=?]100%|██████████| 717/717 [06:03<00:00, 363.48s/trial, best loss: -0.591]100%|██████████| 717/717 [06:03<00:00, 363.48s/trial, best loss: -0.591]
100%|█████████▉| 717/718 [00:00<?, ?trial/s, best loss=?]                                                         Params: {'V_th': 10000, 'alpha': 24.631087806887955, 'decode_potentials': True, 'decoding_method': 'max', 'encoding_method': 'frequency', 'lr': 0.5930528563714177, 'max_features': 1.0, 'max_samples': 0.2, 'mu_minus': 0.46, 'mu_plus': 0.8600000000000001, 'n_estimators': 1, 'n_fields': None, 'neuron_model': 'iaf_psc_exp', 'ref_seq_interval': 6, 'resolution': 0.1, 'shift_minus': 0.010614223108222114, 'shift_plus': -0.001425338965573555, 'sigma_w': None, 'synapse_model': 'shifted_nn_restr_stdp_synapse', 't_ref': 0.0, 'tau_m': 10000000.0, 'tau_minus': 201.0, 'tau_plus': 41.0, 'tau_s': 0.0, 'time': 300, 'w_init': 0.0}
Score: 0.1810
100%|█████████▉| 717/718 [05:33<?, ?trial/s, best loss=?]                                                         Deleting files related to the current optimization iteration...
100%|█████████▉| 717/718 [05:33<?, ?trial/s, best loss=?]100%|██████████| 718/718 [05:33<00:00, 333.54s/trial, best loss: -0.591]100%|██████████| 718/718 [05:33<00:00, 333.54s/trial, best loss: -0.591]
100%|█████████▉| 718/719 [00:00<?, ?trial/s, best loss=?]                                                         Params: {'V_th': 10000, 'alpha': 18.20001305920099, 'decode_potentials': True, 'decoding_method': 'max', 'encoding_method': 'frequency', 'lr': 0.5353565479339756, 'max_features': 1.0, 'max_samples': 0.2, 'mu_minus': 0.46, 'mu_plus': 0.8600000000000001, 'n_estimators': 1, 'n_fields': None, 'neuron_model': 'iaf_psc_exp', 'ref_seq_interval': 3, 'resolution': 0.1, 'shift_minus': 0.08765519269820143, 'shift_plus': -0.1391518533967614, 'sigma_w': None, 'synapse_model': 'shifted_nn_restr_stdp_synapse', 't_ref': 0.0, 'tau_m': 10000000.0, 'tau_minus': 201.0, 'tau_plus': 41.0, 'tau_s': 0.0, 'time': 300, 'w_init': 0.0}
Score: 0.0990
100%|█████████▉| 718/719 [06:05<?, ?trial/s, best loss=?]                                                         Deleting files related to the current optimization iteration...
100%|█████████▉| 718/719 [06:05<?, ?trial/s, best loss=?]100%|██████████| 719/719 [06:05<00:00, 365.26s/trial, best loss: -0.591]100%|██████████| 719/719 [06:05<00:00, 365.26s/trial, best loss: -0.591]
100%|█████████▉| 719/720 [00:00<?, ?trial/s, best loss=?]                                                         Params: {'V_th': 10000, 'alpha': 21.238535198519987, 'decode_potentials': True, 'decoding_method': 'max', 'encoding_method': 'frequency', 'lr': 0.4941215194918154, 'max_features': 1.0, 'max_samples': 0.2, 'mu_minus': 0.46, 'mu_plus': 0.8600000000000001, 'n_estimators': 1, 'n_fields': None, 'neuron_model': 'iaf_psc_exp', 'ref_seq_interval': 2, 'resolution': 0.1, 'shift_minus': 0.030362189302119966, 'shift_plus': -0.06196551460305672, 'sigma_w': None, 'synapse_model': 'shifted_nn_restr_stdp_synapse', 't_ref': 0.0, 'tau_m': 10000000.0, 'tau_minus': 201.0, 'tau_plus': 41.0, 'tau_s': 0.0, 'time': 300, 'w_init': 0.0}
Score: 0.0950
100%|█████████▉| 719/720 [06:03<?, ?trial/s, best loss=?]                                                         Deleting files related to the current optimization iteration...
100%|█████████▉| 719/720 [06:03<?, ?trial/s, best loss=?]100%|██████████| 720/720 [06:03<00:00, 363.45s/trial, best loss: -0.591]100%|██████████| 720/720 [06:03<00:00, 363.45s/trial, best loss: -0.591]
100%|█████████▉| 720/721 [00:00<?, ?trial/s, best loss=?]                                                         Params: {'V_th': 10000, 'alpha': 50.1704448856393, 'decode_potentials': True, 'decoding_method': 'max', 'encoding_method': 'frequency', 'lr': 0.5119564082261926, 'max_features': 1.0, 'max_samples': 0.2, 'mu_minus': 0.46, 'mu_plus': 0.8600000000000001, 'n_estimators': 1, 'n_fields': None, 'neuron_model': 'iaf_psc_exp', 'ref_seq_interval': 9, 'resolution': 0.1, 'shift_minus': 0.019152543533442708, 'shift_plus': -0.7478830016121677, 'sigma_w': None, 'synapse_model': 'shifted_nn_restr_stdp_synapse', 't_ref': 0.0, 'tau_m': 10000000.0, 'tau_minus': 201.0, 'tau_plus': 41.0, 'tau_s': 0.0, 'time': 300, 'w_init': 0.0}
Score: 0.1020
100%|█████████▉| 720/721 [05:33<?, ?trial/s, best loss=?]                                                         Deleting files related to the current optimization iteration...
100%|█████████▉| 720/721 [05:33<?, ?trial/s, best loss=?]100%|██████████| 721/721 [05:33<00:00, 333.26s/trial, best loss: -0.591]100%|██████████| 721/721 [05:33<00:00, 333.26s/trial, best loss: -0.591]
100%|█████████▉| 721/722 [00:00<?, ?trial/s, best loss=?]                                                         Params: {'V_th': 10000, 'alpha': 13.106178125434301, 'decode_potentials': True, 'decoding_method': 'max', 'encoding_method': 'frequency', 'lr': 0.6352030272163447, 'max_features': 1.0, 'max_samples': 0.2, 'mu_minus': 0.46, 'mu_plus': 0.8600000000000001, 'n_estimators': 1, 'n_fields': None, 'neuron_model': 'iaf_psc_exp', 'ref_seq_interval': 3, 'resolution': 0.1, 'shift_minus': 0.0424087837192667, 'shift_plus': -0.16961085438791174, 'sigma_w': None, 'synapse_model': 'shifted_nn_restr_stdp_synapse', 't_ref': 0.0, 'tau_m': 10000000.0, 'tau_minus': 201.0, 'tau_plus': 41.0, 'tau_s': 0.0, 'time': 300, 'w_init': 0.0}
Score: 0.1040
100%|█████████▉| 721/722 [06:03<?, ?trial/s, best loss=?]                                                         Deleting files related to the current optimization iteration...
100%|█████████▉| 721/722 [06:03<?, ?trial/s, best loss=?]100%|██████████| 722/722 [06:03<00:00, 363.46s/trial, best loss: -0.591]100%|██████████| 722/722 [06:03<00:00, 363.46s/trial, best loss: -0.591]
100%|█████████▉| 722/723 [00:00<?, ?trial/s, best loss=?]                                                         Params: {'V_th': 10000, 'alpha': 33.32617744218119, 'decode_potentials': True, 'decoding_method': 'max', 'encoding_method': 'frequency', 'lr': 0.5548526329968904, 'max_features': 1.0, 'max_samples': 0.2, 'mu_minus': 0.9600000000000001, 'mu_plus': 0.8600000000000001, 'n_estimators': 1, 'n_fields': None, 'neuron_model': 'iaf_psc_exp', 'ref_seq_interval': 3, 'resolution': 0.1, 'shift_minus': 0.053764651397642034, 'shift_plus': -0.03251446146248717, 'sigma_w': None, 'synapse_model': 'shifted_nn_restr_stdp_synapse', 't_ref': 0.0, 'tau_m': 10000000.0, 'tau_minus': 201.0, 'tau_plus': 41.0, 'tau_s': 0.0, 'time': 300, 'w_init': 0.0}
Score: 0.1070
100%|█████████▉| 722/723 [06:03<?, ?trial/s, best loss=?]                                                         Deleting files related to the current optimization iteration...
100%|█████████▉| 722/723 [06:03<?, ?trial/s, best loss=?]100%|██████████| 723/723 [06:03<00:00, 363.42s/trial, best loss: -0.591]100%|██████████| 723/723 [06:03<00:00, 363.43s/trial, best loss: -0.591]
100%|█████████▉| 723/724 [00:00<?, ?trial/s, best loss=?]                                                         Params: {'V_th': 10000, 'alpha': 69.72221596196161, 'decode_potentials': True, 'decoding_method': 'max', 'encoding_method': 'frequency', 'lr': 0.4730167471809654, 'max_features': 1.0, 'max_samples': 0.2, 'mu_minus': 0.46, 'mu_plus': 0.8600000000000001, 'n_estimators': 1, 'n_fields': None, 'neuron_model': 'iaf_psc_exp', 'ref_seq_interval': 10, 'resolution': 0.1, 'shift_minus': 0.009062412159418705, 'shift_plus': -0.00025481845531151047, 'sigma_w': None, 'synapse_model': 'shifted_nn_restr_stdp_synapse', 't_ref': 0.0, 'tau_m': 10000000.0, 'tau_minus': 201.0, 'tau_plus': 41.0, 'tau_s': 0.0, 'time': 300, 'w_init': 0.0}
Score: 0.1340
100%|█████████▉| 723/724 [05:33<?, ?trial/s, best loss=?]                                                         Deleting files related to the current optimization iteration...
100%|█████████▉| 723/724 [05:33<?, ?trial/s, best loss=?]100%|██████████| 724/724 [05:33<00:00, 333.32s/trial, best loss: -0.591]100%|██████████| 724/724 [05:33<00:00, 333.32s/trial, best loss: -0.591]
100%|█████████▉| 724/725 [00:00<?, ?trial/s, best loss=?]                                                         Params: {'V_th': 10000, 'alpha': 28.652533478594492, 'decode_potentials': True, 'decoding_method': 'max', 'encoding_method': 'frequency', 'lr': 0.4381534359441125, 'max_features': 1.0, 'max_samples': 0.2, 'mu_minus': 0.46, 'mu_plus': 0.8600000000000001, 'n_estimators': 1, 'n_fields': None, 'neuron_model': 'iaf_psc_exp', 'ref_seq_interval': 3, 'resolution': 0.1, 'shift_minus': 0.030572722293229545, 'shift_plus': -0.19772143305704065, 'sigma_w': None, 'synapse_model': 'shifted_nn_restr_stdp_synapse', 't_ref': 0.0, 'tau_m': 10000000.0, 'tau_minus': 201.0, 'tau_plus': 41.0, 'tau_s': 0.0, 'time': 300, 'w_init': 0.0}
Score: 0.1050
100%|█████████▉| 724/725 [06:03<?, ?trial/s, best loss=?]                                                         Deleting files related to the current optimization iteration...
100%|█████████▉| 724/725 [06:03<?, ?trial/s, best loss=?]100%|██████████| 725/725 [06:03<00:00, 363.25s/trial, best loss: -0.591]100%|██████████| 725/725 [06:03<00:00, 363.25s/trial, best loss: -0.591]
100%|█████████▉| 725/726 [00:00<?, ?trial/s, best loss=?]                                                         Params: {'V_th': 10000, 'alpha': 16.573025995898085, 'decode_potentials': True, 'decoding_method': 'max', 'encoding_method': 'frequency', 'lr': 0.45471922932269004, 'max_features': 1.0, 'max_samples': 0.2, 'mu_minus': 0.46, 'mu_plus': 0.8600000000000001, 'n_estimators': 1, 'n_fields': None, 'neuron_model': 'iaf_psc_exp', 'ref_seq_interval': 3, 'resolution': 0.1, 'shift_minus': 0.0010560224894036537, 'shift_plus': -0.08411138425587592, 'sigma_w': None, 'synapse_model': 'shifted_nn_restr_stdp_synapse', 't_ref': 0.0, 'tau_m': 10000000.0, 'tau_minus': 201.0, 'tau_plus': 41.0, 'tau_s': 0.0, 'time': 300, 'w_init': 0.0}
Score: 0.1560
100%|█████████▉| 725/726 [06:03<?, ?trial/s, best loss=?]                                                         Deleting files related to the current optimization iteration...
100%|█████████▉| 725/726 [06:03<?, ?trial/s, best loss=?]100%|██████████| 726/726 [06:03<00:00, 363.39s/trial, best loss: -0.591]100%|██████████| 726/726 [06:03<00:00, 363.39s/trial, best loss: -0.591]
100%|█████████▉| 726/727 [00:00<?, ?trial/s, best loss=?]                                                         Params: {'V_th': 10000, 'alpha': 8.282245233261037, 'decode_potentials': True, 'decoding_method': 'max', 'encoding_method': 'frequency', 'lr': 0.5819403739764067, 'max_features': 1.0, 'max_samples': 0.2, 'mu_minus': 0.91, 'mu_plus': 0.8600000000000001, 'n_estimators': 1, 'n_fields': None, 'neuron_model': 'iaf_psc_exp', 'ref_seq_interval': 3, 'resolution': 0.1, 'shift_minus': 0.017648173798897028, 'shift_plus': -0.1074037269234338, 'sigma_w': None, 'synapse_model': 'shifted_nn_restr_stdp_synapse', 't_ref': 0.0, 'tau_m': 10000000.0, 'tau_minus': 201.0, 'tau_plus': 41.0, 'tau_s': 0.0, 'time': 300, 'w_init': 0.0}
Score: 0.1150
100%|█████████▉| 726/727 [06:03<?, ?trial/s, best loss=?]                                                         Deleting files related to the current optimization iteration...
100%|█████████▉| 726/727 [06:03<?, ?trial/s, best loss=?]100%|██████████| 727/727 [06:03<00:00, 363.50s/trial, best loss: -0.591]100%|██████████| 727/727 [06:03<00:00, 363.50s/trial, best loss: -0.591]
100%|█████████▉| 727/728 [00:00<?, ?trial/s, best loss=?]                                                         Params: {'V_th': 10000, 'alpha': 56.87109570160483, 'decode_potentials': True, 'decoding_method': 'max', 'encoding_method': 'frequency', 'lr': 0.499084656833697, 'max_features': 1.0, 'max_samples': 0.2, 'mu_minus': 0.81, 'mu_plus': 0.8600000000000001, 'n_estimators': 1, 'n_fields': None, 'neuron_model': 'iaf_psc_exp', 'ref_seq_interval': 8, 'resolution': 0.1, 'shift_minus': 0.00010272839536132133, 'shift_plus': -0.021152149951448797, 'sigma_w': None, 'synapse_model': 'shifted_nn_restr_stdp_synapse', 't_ref': 0.0, 'tau_m': 10000000.0, 'tau_minus': 201.0, 'tau_plus': 41.0, 'tau_s': 0.0, 'time': 300, 'w_init': 0.0}
Score: 0.2610
100%|█████████▉| 727/728 [05:33<?, ?trial/s, best loss=?]                                                         Deleting files related to the current optimization iteration...
100%|█████████▉| 727/728 [05:33<?, ?trial/s, best loss=?]100%|██████████| 728/728 [05:33<00:00, 333.38s/trial, best loss: -0.591]100%|██████████| 728/728 [05:33<00:00, 333.38s/trial, best loss: -0.591]
100%|█████████▉| 728/729 [00:00<?, ?trial/s, best loss=?]                                                         Params: {'V_th': 10000, 'alpha': 9.776226391630063, 'decode_potentials': True, 'decoding_method': 'max', 'encoding_method': 'frequency', 'lr': 0.5466070225199628, 'max_features': 1.0, 'max_samples': 0.2, 'mu_minus': 0.46, 'mu_plus': 0.8600000000000001, 'n_estimators': 1, 'n_fields': None, 'neuron_model': 'iaf_psc_exp', 'ref_seq_interval': 7, 'resolution': 0.1, 'shift_minus': 0.06247861495448303, 'shift_plus': -0.054364512514127265, 'sigma_w': None, 'synapse_model': 'shifted_nn_restr_stdp_synapse', 't_ref': 0.0, 'tau_m': 10000000.0, 'tau_minus': 261.0, 'tau_plus': 41.0, 'tau_s': 0.0, 'time': 300, 'w_init': 0.0}
Score: 0.1030
100%|█████████▉| 728/729 [05:33<?, ?trial/s, best loss=?]                                                         Deleting files related to the current optimization iteration...
100%|█████████▉| 728/729 [05:33<?, ?trial/s, best loss=?]100%|██████████| 729/729 [05:33<00:00, 333.41s/trial, best loss: -0.591]100%|██████████| 729/729 [05:33<00:00, 333.41s/trial, best loss: -0.591]
100%|█████████▉| 729/730 [00:00<?, ?trial/s, best loss=?]                                                         Params: {'V_th': 10000, 'alpha': 41.97501178102812, 'decode_potentials': True, 'decoding_method': 'max', 'encoding_method': 'frequency', 'lr': 0.5205668667526855, 'max_features': 1.0, 'max_samples': 0.2, 'mu_minus': 0.21000000000000002, 'mu_plus': 0.66, 'n_estimators': 1, 'n_fields': None, 'neuron_model': 'iaf_psc_exp', 'ref_seq_interval': 3, 'resolution': 0.1, 'shift_minus': 7.583111388245781e-05, 'shift_plus': -0.12792122709639442, 'sigma_w': None, 'synapse_model': 'shifted_nn_restr_stdp_synapse', 't_ref': 0.0, 'tau_m': 10000000.0, 'tau_minus': 141.0, 'tau_plus': 41.0, 'tau_s': 0.0, 'time': 300, 'w_init': 0.0}
Score: 0.1100
100%|█████████▉| 729/730 [06:03<?, ?trial/s, best loss=?]                                                         Deleting files related to the current optimization iteration...
100%|█████████▉| 729/730 [06:03<?, ?trial/s, best loss=?]100%|██████████| 730/730 [06:03<00:00, 363.49s/trial, best loss: -0.591]100%|██████████| 730/730 [06:03<00:00, 363.49s/trial, best loss: -0.591]
100%|█████████▉| 730/731 [00:00<?, ?trial/s, best loss=?]                                                         Params: {'V_th': 10000, 'alpha': 14.54796125011577, 'decode_potentials': True, 'decoding_method': 'max', 'encoding_method': 'frequency', 'lr': 0.47074243754696343, 'max_features': 1.0, 'max_samples': 0.2, 'mu_minus': 0.26, 'mu_plus': 0.8600000000000001, 'n_estimators': 1, 'n_fields': None, 'neuron_model': 'iaf_psc_exp', 'ref_seq_interval': 5, 'resolution': 0.1, 'shift_minus': 0.38205633742572076, 'shift_plus': -0.09442062982139514, 'sigma_w': None, 'synapse_model': 'shifted_nn_restr_stdp_synapse', 't_ref': 0.0, 'tau_m': 10000000.0, 'tau_minus': 161.0, 'tau_plus': 41.0, 'tau_s': 0.0, 'time': 300, 'w_init': 0.0}
Score: 0.0900
100%|█████████▉| 730/731 [06:03<?, ?trial/s, best loss=?]                                                         Deleting files related to the current optimization iteration...
100%|█████████▉| 730/731 [06:03<?, ?trial/s, best loss=?]100%|██████████| 731/731 [06:03<00:00, 363.44s/trial, best loss: -0.591]100%|██████████| 731/731 [06:03<00:00, 363.44s/trial, best loss: -0.591]
100%|█████████▉| 731/732 [00:00<?, ?trial/s, best loss=?]                                                         Params: {'V_th': 10000, 'alpha': 76.4903448955292, 'decode_potentials': True, 'decoding_method': 'max', 'encoding_method': 'frequency', 'lr': 0.3679799832958456, 'max_features': 1.0, 'max_samples': 0.2, 'mu_minus': 0.46, 'mu_plus': 0.51, 'n_estimators': 1, 'n_fields': None, 'neuron_model': 'iaf_psc_exp', 'ref_seq_interval': 3, 'resolution': 0.1, 'shift_minus': 0.047380573552065486, 'shift_plus': -0.031378871500750145, 'sigma_w': None, 'synapse_model': 'shifted_nn_restr_stdp_synapse', 't_ref': 0.0, 'tau_m': 10000000.0, 'tau_minus': 101.0, 'tau_plus': 41.0, 'tau_s': 0.0, 'time': 300, 'w_init': 0.0}
Score: 0.0950
100%|█████████▉| 731/732 [06:03<?, ?trial/s, best loss=?]                                                         Deleting files related to the current optimization iteration...
100%|█████████▉| 731/732 [06:03<?, ?trial/s, best loss=?]100%|██████████| 732/732 [06:03<00:00, 363.37s/trial, best loss: -0.591]100%|██████████| 732/732 [06:03<00:00, 363.37s/trial, best loss: -0.591]
100%|█████████▉| 732/733 [00:00<?, ?trial/s, best loss=?]                                                         Params: {'V_th': 10000, 'alpha': 100.53767891872008, 'decode_potentials': True, 'decoding_method': 'max', 'encoding_method': 'frequency', 'lr': 0.4090780080723908, 'max_features': 1.0, 'max_samples': 0.2, 'mu_minus': 0.01, 'mu_plus': 0.11, 'n_estimators': 1, 'n_fields': None, 'neuron_model': 'iaf_psc_exp', 'ref_seq_interval': 6, 'resolution': 0.1, 'shift_minus': 0.07499789961087153, 'shift_plus': -0.06227460419675598, 'sigma_w': None, 'synapse_model': 'shifted_nn_restr_stdp_synapse', 't_ref': 0.0, 'tau_m': 10000000.0, 'tau_minus': 121.0, 'tau_plus': 61.0, 'tau_s': 0.0, 'time': 300, 'w_init': 0.0}
Score: 0.0970
100%|█████████▉| 732/733 [06:03<?, ?trial/s, best loss=?]                                                         Deleting files related to the current optimization iteration...
100%|█████████▉| 732/733 [06:03<?, ?trial/s, best loss=?]100%|██████████| 733/733 [06:03<00:00, 363.27s/trial, best loss: -0.591]100%|██████████| 733/733 [06:03<00:00, 363.27s/trial, best loss: -0.591]
100%|█████████▉| 733/734 [00:00<?, ?trial/s, best loss=?]                                                         Params: {'V_th': 10000, 'alpha': 25.124315427723268, 'decode_potentials': True, 'decoding_method': 'max', 'encoding_method': 'frequency', 'lr': 0.4404140878740468, 'max_features': 1.0, 'max_samples': 0.2, 'mu_minus': 0.41000000000000003, 'mu_plus': 0.46, 'n_estimators': 1, 'n_fields': None, 'neuron_model': 'iaf_psc_exp', 'ref_seq_interval': 3, 'resolution': 0.1, 'shift_minus': 0.037511335438824525, 'shift_plus': -0.17214692971644646, 'sigma_w': None, 'synapse_model': 'shifted_nn_restr_stdp_synapse', 't_ref': 0.0, 'tau_m': 10000000.0, 'tau_minus': 201.0, 'tau_plus': 241.0, 'tau_s': 0.0, 'time': 300, 'w_init': 0.0}
Score: 0.1110
100%|█████████▉| 733/734 [06:03<?, ?trial/s, best loss=?]                                                         Deleting files related to the current optimization iteration...
100%|█████████▉| 733/734 [06:03<?, ?trial/s, best loss=?]100%|██████████| 734/734 [06:03<00:00, 363.49s/trial, best loss: -0.591]100%|██████████| 734/734 [06:03<00:00, 363.49s/trial, best loss: -0.591]
100%|█████████▉| 734/735 [00:00<?, ?trial/s, best loss=?]                                                         Params: {'V_th': 10000, 'alpha': 67.08318050434069, 'decode_potentials': True, 'decoding_method': 'max', 'encoding_method': 'frequency', 'lr': 0.38553145237860315, 'max_features': 1.0, 'max_samples': 0.2, 'mu_minus': 0.66, 'mu_plus': 0.21000000000000002, 'n_estimators': 1, 'n_fields': None, 'neuron_model': 'iaf_psc_exp', 'ref_seq_interval': 2, 'resolution': 0.1, 'shift_minus': 0.02829889121684996, 'shift_plus': -0.0009307288921505988, 'sigma_w': None, 'synapse_model': 'shifted_nn_restr_stdp_synapse', 't_ref': 0.0, 'tau_m': 10000000.0, 'tau_minus': 81.0, 'tau_plus': 101.0, 'tau_s': 0.0, 'time': 300, 'w_init': 0.0}
Score: 0.1180
100%|█████████▉| 734/735 [06:03<?, ?trial/s, best loss=?]                                                         Deleting files related to the current optimization iteration...
100%|█████████▉| 734/735 [06:03<?, ?trial/s, best loss=?]100%|██████████| 735/735 [06:03<00:00, 363.60s/trial, best loss: -0.591]100%|██████████| 735/735 [06:03<00:00, 363.60s/trial, best loss: -0.591]
100%|█████████▉| 735/736 [00:00<?, ?trial/s, best loss=?]                                                         Params: {'V_th': 10000, 'alpha': 29.61774881983518, 'decode_potentials': True, 'decoding_method': 'max', 'encoding_method': 'frequency', 'lr': 0.6310204310268099, 'max_features': 1.0, 'max_samples': 0.2, 'mu_minus': 0.46, 'mu_plus': 0.7100000000000001, 'n_estimators': 1, 'n_fields': None, 'neuron_model': 'iaf_psc_exp', 'ref_seq_interval': 3, 'resolution': 0.1, 'shift_minus': 0.16070429241072262, 'shift_plus': -0.14723766876383595, 'sigma_w': None, 'synapse_model': 'shifted_nn_restr_stdp_synapse', 't_ref': 0.0, 'tau_m': 10000000.0, 'tau_minus': 21.0, 'tau_plus': 201.0, 'tau_s': 0.0, 'time': 300, 'w_init': 0.0}
Score: 0.1050
100%|█████████▉| 735/736 [06:03<?, ?trial/s, best loss=?]                                                         Deleting files related to the current optimization iteration...
100%|█████████▉| 735/736 [06:03<?, ?trial/s, best loss=?]100%|██████████| 736/736 [06:03<00:00, 363.88s/trial, best loss: -0.591]100%|██████████| 736/736 [06:03<00:00, 363.88s/trial, best loss: -0.591]
100%|█████████▉| 736/737 [00:00<?, ?trial/s, best loss=?]                                                         Params: {'V_th': 10000, 'alpha': 21.54896632130299, 'decode_potentials': True, 'decoding_method': 'max', 'encoding_method': 'frequency', 'lr': 0.3443832525810418, 'max_features': 1.0, 'max_samples': 0.2, 'mu_minus': 0.21000000000000002, 'mu_plus': 0.16000000000000003, 'n_estimators': 1, 'n_fields': None, 'neuron_model': 'iaf_psc_exp', 'ref_seq_interval': 9, 'resolution': 0.1, 'shift_minus': 0.015840057368210016, 'shift_plus': -0.038159089901447535, 'sigma_w': None, 'synapse_model': 'shifted_nn_restr_stdp_synapse', 't_ref': 0.0, 'tau_m': 10000000.0, 'tau_minus': 221.0, 'tau_plus': 181.0, 'tau_s': 0.0, 'time': 300, 'w_init': 0.0}
Score: 0.0910
100%|█████████▉| 736/737 [05:33<?, ?trial/s, best loss=?]                                                         Deleting files related to the current optimization iteration...
100%|█████████▉| 736/737 [05:33<?, ?trial/s, best loss=?]100%|██████████| 737/737 [05:33<00:00, 333.21s/trial, best loss: -0.591]100%|██████████| 737/737 [05:33<00:00, 333.21s/trial, best loss: -0.591]
100%|█████████▉| 737/738 [00:00<?, ?trial/s, best loss=?]                                                         Params: {'V_th': 10000, 'alpha': 47.45796573191145, 'decode_potentials': True, 'decoding_method': 'max', 'encoding_method': 'frequency', 'lr': 0.48594849624740266, 'max_features': 1.0, 'max_samples': 0.2, 'mu_minus': 0.51, 'mu_plus': 0.66, 'n_estimators': 1, 'n_fields': None, 'neuron_model': 'iaf_psc_exp', 'ref_seq_interval': 3, 'resolution': 0.1, 'shift_minus': 0.10687591946572653, 'shift_plus': -0.017988103222683603, 'sigma_w': None, 'synapse_model': 'shifted_nn_restr_stdp_synapse', 't_ref': 0.0, 'tau_m': 10000000.0, 'tau_minus': 141.0, 'tau_plus': 121.0, 'tau_s': 0.0, 'time': 300, 'w_init': 0.0}
Score: 0.1010
100%|█████████▉| 737/738 [06:03<?, ?trial/s, best loss=?]                                                         Deleting files related to the current optimization iteration...
100%|█████████▉| 737/738 [06:03<?, ?trial/s, best loss=?]100%|██████████| 738/738 [06:03<00:00, 363.54s/trial, best loss: -0.591]100%|██████████| 738/738 [06:03<00:00, 363.54s/trial, best loss: -0.591]
100%|█████████▉| 738/739 [00:00<?, ?trial/s, best loss=?]                                                         Params: {'V_th': 10000, 'alpha': 35.253696773820394, 'decode_potentials': True, 'decoding_method': 'max', 'encoding_method': 'frequency', 'lr': 0.610730086758294, 'max_features': 1.0, 'max_samples': 0.2, 'mu_minus': 0.46, 'mu_plus': 0.36000000000000004, 'n_estimators': 1, 'n_fields': None, 'neuron_model': 'iaf_psc_exp', 'ref_seq_interval': 10, 'resolution': 0.1, 'shift_minus': 0.09184961413033708, 'shift_plus': -0.0868271877034755, 'sigma_w': None, 'synapse_model': 'shifted_nn_restr_stdp_synapse', 't_ref': 0.0, 'tau_m': 10000000.0, 'tau_minus': 81.0, 'tau_plus': 41.0, 'tau_s': 0.0, 'time': 300, 'w_init': 0.0}
Score: 0.1000
100%|█████████▉| 738/739 [05:33<?, ?trial/s, best loss=?]                                                         Deleting files related to the current optimization iteration...
100%|█████████▉| 738/739 [05:33<?, ?trial/s, best loss=?]100%|██████████| 739/739 [05:33<00:00, 333.58s/trial, best loss: -0.591]100%|██████████| 739/739 [05:33<00:00, 333.58s/trial, best loss: -0.591]
100%|█████████▉| 739/740 [00:00<?, ?trial/s, best loss=?]                                                         Params: {'V_th': 10000, 'alpha': 143.12099460685775, 'decode_potentials': True, 'decoding_method': 'max', 'encoding_method': 'frequency', 'lr': 0.5360695491773428, 'max_features': 1.0, 'max_samples': 0.2, 'mu_minus': 0.8600000000000001, 'mu_plus': 0.31000000000000005, 'n_estimators': 1, 'n_fields': None, 'neuron_model': 'iaf_psc_exp', 'ref_seq_interval': 3, 'resolution': 0.1, 'shift_minus': 0.009065233188050739, 'shift_plus': -0.07578730394585337, 'sigma_w': None, 'synapse_model': 'shifted_nn_restr_stdp_synapse', 't_ref': 0.0, 'tau_m': 10000000.0, 'tau_minus': 201.0, 'tau_plus': 1.0, 'tau_s': 0.0, 'time': 300, 'w_init': 0.0}
Score: 0.1000
100%|█████████▉| 739/740 [06:03<?, ?trial/s, best loss=?]                                                         Deleting files related to the current optimization iteration...
100%|█████████▉| 739/740 [06:03<?, ?trial/s, best loss=?]100%|██████████| 740/740 [06:03<00:00, 363.38s/trial, best loss: -0.591]100%|██████████| 740/740 [06:03<00:00, 363.38s/trial, best loss: -0.591]
100%|█████████▉| 740/741 [00:00<?, ?trial/s, best loss=?]                                                         Params: {'V_th': 10000, 'alpha': 11.952364453506476, 'decode_potentials': True, 'decoding_method': 'max', 'encoding_method': 'frequency', 'lr': 0.4527686500342949, 'max_features': 1.0, 'max_samples': 0.2, 'mu_minus': 0.56, 'mu_plus': 0.8600000000000001, 'n_estimators': 1, 'n_fields': None, 'neuron_model': 'iaf_psc_exp', 'ref_seq_interval': 8, 'resolution': 0.1, 'shift_minus': 0.049020269566927024, 'shift_plus': -0.11814325311065293, 'sigma_w': None, 'synapse_model': 'shifted_nn_restr_stdp_synapse', 't_ref': 0.0, 'tau_m': 10000000.0, 'tau_minus': 181.0, 'tau_plus': 181.0, 'tau_s': 0.0, 'time': 300, 'w_init': 0.0}
Score: 0.1070
100%|█████████▉| 740/741 [05:33<?, ?trial/s, best loss=?]                                                         Deleting files related to the current optimization iteration...
100%|█████████▉| 740/741 [05:33<?, ?trial/s, best loss=?]100%|██████████| 741/741 [05:33<00:00, 333.36s/trial, best loss: -0.591]100%|██████████| 741/741 [05:33<00:00, 333.36s/trial, best loss: -0.591]
100%|█████████▉| 741/742 [00:00<?, ?trial/s, best loss=?]                                                         Params: {'V_th': 10000, 'alpha': 18.98393887728404, 'decode_potentials': True, 'decoding_method': 'max', 'encoding_method': 'frequency', 'lr': 0.5626480547970603, 'max_features': 1.0, 'max_samples': 0.2, 'mu_minus': 0.76, 'mu_plus': 0.060000000000000005, 'n_estimators': 1, 'n_fields': None, 'neuron_model': 'iaf_psc_exp', 'ref_seq_interval': 3, 'resolution': 0.1, 'shift_minus': 0.13159875923922884, 'shift_plus': -0.0490721617386289, 'sigma_w': None, 'synapse_model': 'shifted_nn_restr_stdp_synapse', 't_ref': 0.0, 'tau_m': 10000000.0, 'tau_minus': 101.0, 'tau_plus': 41.0, 'tau_s': 0.0, 'time': 300, 'w_init': 0.0}
Score: 0.1040
100%|█████████▉| 741/742 [06:03<?, ?trial/s, best loss=?]                                                         Deleting files related to the current optimization iteration...
100%|█████████▉| 741/742 [06:03<?, ?trial/s, best loss=?]100%|██████████| 742/742 [06:03<00:00, 363.63s/trial, best loss: -0.591]100%|██████████| 742/742 [06:03<00:00, 363.63s/trial, best loss: -0.591]
100%|█████████▉| 742/743 [00:00<?, ?trial/s, best loss=?]                                                         Params: {'V_th': 10000, 'alpha': 54.110900817974965, 'decode_potentials': True, 'decoding_method': 'max', 'encoding_method': 'frequency', 'lr': 0.5083882963936266, 'max_features': 1.0, 'max_samples': 0.2, 'mu_minus': 0.36000000000000004, 'mu_plus': 0.66, 'n_estimators': 1, 'n_fields': None, 'neuron_model': 'iaf_psc_exp', 'ref_seq_interval': 3, 'resolution': 0.1, 'shift_minus': 0.06289488468720011, 'shift_plus': -0.018534702355765063, 'sigma_w': None, 'synapse_model': 'shifted_nn_restr_stdp_synapse', 't_ref': 0.0, 'tau_m': 10000000.0, 'tau_minus': 81.0, 'tau_plus': 221.0, 'tau_s': 0.0, 'time': 300, 'w_init': 0.0}
Score: 0.1070
100%|█████████▉| 742/743 [06:03<?, ?trial/s, best loss=?]                                                         Deleting files related to the current optimization iteration...
100%|█████████▉| 742/743 [06:03<?, ?trial/s, best loss=?]100%|██████████| 743/743 [06:03<00:00, 363.52s/trial, best loss: -0.591]100%|██████████| 743/743 [06:03<00:00, 363.53s/trial, best loss: -0.591]
100%|█████████▉| 743/744 [00:00<?, ?trial/s, best loss=?]                                                         Params: {'V_th': 10000, 'alpha': 86.5307163633188, 'decode_potentials': True, 'decoding_method': 'max', 'encoding_method': 'frequency', 'lr': 0.59316455385103, 'max_features': 1.0, 'max_samples': 0.2, 'mu_minus': 0.46, 'mu_plus': 0.01, 'n_estimators': 1, 'n_fields': None, 'neuron_model': 'iaf_psc_exp', 'ref_seq_interval': 7, 'resolution': 0.1, 'shift_minus': 0.024492502322637187, 'shift_plus': -0.097307313498012, 'sigma_w': None, 'synapse_model': 'shifted_nn_restr_stdp_synapse', 't_ref': 0.0, 'tau_m': 10000000.0, 'tau_minus': 141.0, 'tau_plus': 181.0, 'tau_s': 0.0, 'time': 300, 'w_init': 0.0}
Score: 0.0990
100%|█████████▉| 743/744 [06:03<?, ?trial/s, best loss=?]                                                         Deleting files related to the current optimization iteration...
100%|█████████▉| 743/744 [06:03<?, ?trial/s, best loss=?]100%|██████████| 744/744 [06:03<00:00, 363.32s/trial, best loss: -0.591]100%|██████████| 744/744 [06:03<00:00, 363.32s/trial, best loss: -0.591]
100%|█████████▉| 744/745 [00:00<?, ?trial/s, best loss=?]                                                         Params: {'V_th': 10000, 'alpha': 62.20374030411669, 'decode_potentials': True, 'decoding_method': 'max', 'encoding_method': 'frequency', 'lr': 0.4230039368149883, 'max_features': 1.0, 'max_samples': 0.2, 'mu_minus': 0.16000000000000003, 'mu_plus': 0.21000000000000002, 'n_estimators': 1, 'n_fields': None, 'neuron_model': 'iaf_psc_exp', 'ref_seq_interval': 3, 'resolution': 0.1, 'shift_minus': 0.08148017789011837, 'shift_plus': -0.0011009235766061974, 'sigma_w': None, 'synapse_model': 'shifted_nn_restr_stdp_synapse', 't_ref': 0.0, 'tau_m': 10000000.0, 'tau_minus': 261.0, 'tau_plus': 241.0, 'tau_s': 0.0, 'time': 300, 'w_init': 0.0}
Score: 0.1030
100%|█████████▉| 744/745 [06:03<?, ?trial/s, best loss=?]                                                         Deleting files related to the current optimization iteration...
100%|█████████▉| 744/745 [06:03<?, ?trial/s, best loss=?]100%|██████████| 745/745 [06:03<00:00, 363.27s/trial, best loss: -0.591]100%|██████████| 745/745 [06:03<00:00, 363.27s/trial, best loss: -0.591]
100%|█████████▉| 745/746 [00:00<?, ?trial/s, best loss=?]                                                         Params: {'V_th': 10000, 'alpha': 33.62652655426671, 'decode_potentials': True, 'decoding_method': 'max', 'encoding_method': 'frequency', 'lr': 0.3981919027844629, 'max_features': 1.0, 'max_samples': 0.2, 'mu_minus': 0.21000000000000002, 'mu_plus': 0.16000000000000003, 'n_estimators': 1, 'n_fields': None, 'neuron_model': 'iaf_psc_exp', 'ref_seq_interval': 5, 'resolution': 0.1, 'shift_minus': 0.00018539647562363084, 'shift_plus': -0.86045654742961, 'sigma_w': None, 'synapse_model': 'shifted_nn_restr_stdp_synapse', 't_ref': 0.0, 'tau_m': 10000000.0, 'tau_minus': 161.0, 'tau_plus': 41.0, 'tau_s': 0.0, 'time': 300, 'w_init': 0.0}
Score: 0.1010
100%|█████████▉| 745/746 [05:33<?, ?trial/s, best loss=?]                                                         Deleting files related to the current optimization iteration...
100%|█████████▉| 745/746 [05:33<?, ?trial/s, best loss=?]100%|██████████| 746/746 [05:33<00:00, 333.73s/trial, best loss: -0.591]100%|██████████| 746/746 [05:33<00:00, 333.73s/trial, best loss: -0.591]
100%|█████████▉| 746/747 [00:00<?, ?trial/s, best loss=?]                                                         Params: {'V_th': 10000, 'alpha': 39.76022658802777, 'decode_potentials': True, 'decoding_method': 'max', 'encoding_method': 'frequency', 'lr': 0.3553177487333127, 'max_features': 1.0, 'max_samples': 0.2, 'mu_minus': 0.9600000000000001, 'mu_plus': 0.41000000000000003, 'n_estimators': 1, 'n_fields': None, 'neuron_model': 'iaf_psc_exp', 'ref_seq_interval': 3, 'resolution': 0.1, 'shift_minus': 0.15158637544019715, 'shift_plus': -0.061123659836813574, 'sigma_w': None, 'synapse_model': 'shifted_nn_restr_stdp_synapse', 't_ref': 0.0, 'tau_m': 10000000.0, 'tau_minus': 201.0, 'tau_plus': 181.0, 'tau_s': 0.0, 'time': 300, 'w_init': 0.0}
Score: 0.1050
100%|█████████▉| 746/747 [06:03<?, ?trial/s, best loss=?]                                                         Deleting files related to the current optimization iteration...
100%|█████████▉| 746/747 [06:03<?, ?trial/s, best loss=?]100%|██████████| 747/747 [06:03<00:00, 363.56s/trial, best loss: -0.591]100%|██████████| 747/747 [06:03<00:00, 363.56s/trial, best loss: -0.591]
100%|█████████▉| 747/748 [00:00<?, ?trial/s, best loss=?]                                                         Params: {'V_th': 10000, 'alpha': 26.418871031738124, 'decode_potentials': True, 'decoding_method': 'max', 'encoding_method': 'frequency', 'lr': 0.32646895113500335, 'max_features': 1.0, 'max_samples': 0.2, 'mu_minus': 0.46, 'mu_plus': 0.66, 'n_estimators': 1, 'n_fields': None, 'neuron_model': 'iaf_psc_exp', 'ref_seq_interval': 3, 'resolution': 0.1, 'shift_minus': 0.031551197163202586, 'shift_plus': -0.1931978628256015, 'sigma_w': None, 'synapse_model': 'shifted_nn_restr_stdp_synapse', 't_ref': 0.0, 'tau_m': 10000000.0, 'tau_minus': 121.0, 'tau_plus': 101.0, 'tau_s': 0.0, 'time': 300, 'w_init': 0.0}
Score: 0.0900
100%|█████████▉| 747/748 [06:03<?, ?trial/s, best loss=?]                                                         Deleting files related to the current optimization iteration...
100%|█████████▉| 747/748 [06:03<?, ?trial/s, best loss=?]100%|██████████| 748/748 [06:03<00:00, 363.47s/trial, best loss: -0.591]100%|██████████| 748/748 [06:03<00:00, 363.47s/trial, best loss: -0.591]
100%|█████████▉| 748/749 [00:00<?, ?trial/s, best loss=?]                                                         Params: {'V_th': 10000, 'alpha': 120.11835610156582, 'decode_potentials': True, 'decoding_method': 'max', 'encoding_method': 'frequency', 'lr': 0.46791794025846245, 'max_features': 1.0, 'max_samples': 0.2, 'mu_minus': 0.91, 'mu_plus': 0.8600000000000001, 'n_estimators': 1, 'n_fields': None, 'neuron_model': 'iaf_psc_exp', 'ref_seq_interval': 6, 'resolution': 0.1, 'shift_minus': 0.0002677206308654399, 'shift_plus': -0.12808686335452552, 'sigma_w': None, 'synapse_model': 'shifted_nn_restr_stdp_synapse', 't_ref': 0.0, 'tau_m': 10000000.0, 'tau_minus': 81.0, 'tau_plus': 201.0, 'tau_s': 0.0, 'time': 300, 'w_init': 0.0}
Score: 0.2050
100%|█████████▉| 748/749 [05:33<?, ?trial/s, best loss=?]                                                         Deleting files related to the current optimization iteration...
100%|█████████▉| 748/749 [05:33<?, ?trial/s, best loss=?]100%|██████████| 749/749 [05:33<00:00, 333.27s/trial, best loss: -0.591]100%|██████████| 749/749 [05:33<00:00, 333.27s/trial, best loss: -0.591]
100%|█████████▉| 749/750 [00:00<?, ?trial/s, best loss=?]                                                         Params: {'V_th': 10000, 'alpha': 15.345507750981414, 'decode_potentials': True, 'decoding_method': 'max', 'encoding_method': 'frequency', 'lr': 0.4914116573994065, 'max_features': 1.0, 'max_samples': 0.2, 'mu_minus': 0.46, 'mu_plus': 0.8600000000000001, 'n_estimators': 1, 'n_fields': None, 'neuron_model': 'iaf_psc_exp', 'ref_seq_interval': 3, 'resolution': 0.1, 'shift_minus': 0.04076205888559561, 'shift_plus': -0.032237718711443354, 'sigma_w': None, 'synapse_model': 'shifted_nn_restr_stdp_synapse', 't_ref': 0.0, 'tau_m': 10000000.0, 'tau_minus': 221.0, 'tau_plus': 21.0, 'tau_s': 0.0, 'time': 300, 'w_init': 0.0}
Score: 0.0890
100%|█████████▉| 749/750 [06:03<?, ?trial/s, best loss=?]                                                         Deleting files related to the current optimization iteration...
100%|█████████▉| 749/750 [06:03<?, ?trial/s, best loss=?]100%|██████████| 750/750 [06:03<00:00, 363.62s/trial, best loss: -0.591]100%|██████████| 750/750 [06:03<00:00, 363.62s/trial, best loss: -0.591]
100%|█████████▉| 750/751 [00:00<?, ?trial/s, best loss=?]