2025-05-09 20:23:50,775 - INFO - Initialized Neuron trainer
2025-05-09 20:23:50,777 - INFO - Waiting for parameters file: /s/ls4/users/selibrin/spiking_researches/correlation_encoding_and_training/mnist/hpo/mozafari_spk_single_input_multi_out/hpo_data/hpo_iteration_data/4339501/params_1_8.pkl
2025-05-09 20:23:50,846 - INFO - Loaded HPO parameters
2025-05-09 20:23:50,846 - INFO - Preparing datasets...
2025-05-09 20:23:51,904 - INFO - Prepared datasets: 1151 train & 1000 validation samples
2025-05-09 20:23:51,904 - INFO - Initializing model...
2025-05-09 20:23:51,911 - INFO - Fitting model...
2025-05-09 20:30:24,009 - INFO - Saved weights to /s/ls4/users/selibrin/spiking_researches/correlation_encoding_and_training/mnist/hpo/mozafari_spk_single_input_multi_out/hpo_data/hpo_iteration_data/4339501/estimator_1_neuron_8_weights.npy
2025-05-09 20:30:24,009 - INFO - Evaluating model...
2025-05-09 20:36:14,532 - INFO - Saved validation outputs to /s/ls4/users/selibrin/spiking_researches/correlation_encoding_and_training/mnist/hpo/mozafari_spk_single_input_multi_out/hpo_data/hpo_iteration_data/4339501/estimator_1_neuron_8_validation_outputs.npy
2025-05-09 20:36:14,533 - INFO - Waiting for parameters file: /s/ls4/users/selibrin/spiking_researches/correlation_encoding_and_training/mnist/hpo/mozafari_spk_single_input_multi_out/hpo_data/hpo_iteration_data/4339501/params_1_8.pkl
2025-05-09 20:37:44,635 - INFO - Loaded HPO parameters
2025-05-09 20:37:44,636 - INFO - Preparing datasets...
2025-05-09 20:37:45,468 - INFO - Prepared datasets: 287 train & 1000 validation samples
2025-05-09 20:37:45,474 - INFO - Initializing model...
2025-05-09 20:37:45,479 - INFO - Fitting model...
2025-05-09 20:39:30,935 - INFO - Saved weights to /s/ls4/users/selibrin/spiking_researches/correlation_encoding_and_training/mnist/hpo/mozafari_spk_single_input_multi_out/hpo_data/hpo_iteration_data/4339501/estimator_1_neuron_8_weights.npy
2025-05-09 20:39:30,935 - INFO - Evaluating model...
2025-05-09 20:45:33,261 - INFO - Saved validation outputs to /s/ls4/users/selibrin/spiking_researches/correlation_encoding_and_training/mnist/hpo/mozafari_spk_single_input_multi_out/hpo_data/hpo_iteration_data/4339501/estimator_1_neuron_8_validation_outputs.npy
2025-05-09 20:45:33,261 - INFO - Waiting for parameters file: /s/ls4/users/selibrin/spiking_researches/correlation_encoding_and_training/mnist/hpo/mozafari_spk_single_input_multi_out/hpo_data/hpo_iteration_data/4339501/params_1_8.pkl
2025-05-09 20:45:48,304 - INFO - Loaded HPO parameters
2025-05-09 20:45:48,304 - INFO - Preparing datasets...
2025-05-09 20:45:49,319 - INFO - Prepared datasets: 1151 train & 1000 validation samples
2025-05-09 20:45:49,408 - INFO - Initializing model...
2025-05-09 20:45:49,412 - INFO - Fitting model...
2025-05-09 20:52:57,715 - INFO - Saved weights to /s/ls4/users/selibrin/spiking_researches/correlation_encoding_and_training/mnist/hpo/mozafari_spk_single_input_multi_out/hpo_data/hpo_iteration_data/4339501/estimator_1_neuron_8_weights.npy
2025-05-09 20:52:57,715 - INFO - Evaluating model...
2025-05-09 20:58:54,187 - INFO - Saved validation outputs to /s/ls4/users/selibrin/spiking_researches/correlation_encoding_and_training/mnist/hpo/mozafari_spk_single_input_multi_out/hpo_data/hpo_iteration_data/4339501/estimator_1_neuron_8_validation_outputs.npy
2025-05-09 20:58:54,188 - INFO - Waiting for parameters file: /s/ls4/users/selibrin/spiking_researches/correlation_encoding_and_training/mnist/hpo/mozafari_spk_single_input_multi_out/hpo_data/hpo_iteration_data/4339501/params_1_8.pkl
2025-05-09 20:59:54,257 - INFO - Loaded HPO parameters
2025-05-09 20:59:54,257 - INFO - Preparing datasets...
2025-05-09 20:59:55,298 - INFO - Prepared datasets: 287 train & 1000 validation samples
2025-05-09 20:59:55,428 - INFO - Initializing model...
2025-05-09 20:59:55,433 - INFO - Fitting model...
2025-05-09 21:01:32,046 - INFO - Saved weights to /s/ls4/users/selibrin/spiking_researches/correlation_encoding_and_training/mnist/hpo/mozafari_spk_single_input_multi_out/hpo_data/hpo_iteration_data/4339501/estimator_1_neuron_8_weights.npy
2025-05-09 21:01:32,046 - INFO - Evaluating model...
2025-05-09 21:07:24,461 - INFO - Saved validation outputs to /s/ls4/users/selibrin/spiking_researches/correlation_encoding_and_training/mnist/hpo/mozafari_spk_single_input_multi_out/hpo_data/hpo_iteration_data/4339501/estimator_1_neuron_8_validation_outputs.npy
2025-05-09 21:07:24,461 - INFO - Waiting for parameters file: /s/ls4/users/selibrin/spiking_researches/correlation_encoding_and_training/mnist/hpo/mozafari_spk_single_input_multi_out/hpo_data/hpo_iteration_data/4339501/params_1_8.pkl
2025-05-09 21:07:59,503 - INFO - Loaded HPO parameters
2025-05-09 21:07:59,503 - INFO - Preparing datasets...
2025-05-09 21:08:00,360 - INFO - Prepared datasets: 1151 train & 1000 validation samples
2025-05-09 21:08:00,466 - INFO - Initializing model...
2025-05-09 21:08:00,470 - INFO - Fitting model...
2025-05-09 21:14:57,040 - INFO - Saved weights to /s/ls4/users/selibrin/spiking_researches/correlation_encoding_and_training/mnist/hpo/mozafari_spk_single_input_multi_out/hpo_data/hpo_iteration_data/4339501/estimator_1_neuron_8_weights.npy
2025-05-09 21:14:57,040 - INFO - Evaluating model...
2025-05-09 21:20:44,951 - INFO - Saved validation outputs to /s/ls4/users/selibrin/spiking_researches/correlation_encoding_and_training/mnist/hpo/mozafari_spk_single_input_multi_out/hpo_data/hpo_iteration_data/4339501/estimator_1_neuron_8_validation_outputs.npy
2025-05-09 21:20:44,952 - INFO - Waiting for parameters file: /s/ls4/users/selibrin/spiking_researches/correlation_encoding_and_training/mnist/hpo/mozafari_spk_single_input_multi_out/hpo_data/hpo_iteration_data/4339501/params_1_8.pkl
2025-05-09 21:21:40,016 - INFO - Loaded HPO parameters
2025-05-09 21:21:40,016 - INFO - Preparing datasets...
2025-05-09 21:21:40,935 - INFO - Prepared datasets: 1151 train & 1000 validation samples
2025-05-09 21:21:41,011 - INFO - Initializing model...
2025-05-09 21:21:41,016 - INFO - Fitting model...
2025-05-09 21:28:14,396 - INFO - Saved weights to /s/ls4/users/selibrin/spiking_researches/correlation_encoding_and_training/mnist/hpo/mozafari_spk_single_input_multi_out/hpo_data/hpo_iteration_data/4339501/estimator_1_neuron_8_weights.npy
2025-05-09 21:28:14,396 - INFO - Evaluating model...
2025-05-09 21:33:36,458 - INFO - Saved validation outputs to /s/ls4/users/selibrin/spiking_researches/correlation_encoding_and_training/mnist/hpo/mozafari_spk_single_input_multi_out/hpo_data/hpo_iteration_data/4339501/estimator_1_neuron_8_validation_outputs.npy
2025-05-09 21:33:36,459 - INFO - Waiting for parameters file: /s/ls4/users/selibrin/spiking_researches/correlation_encoding_and_training/mnist/hpo/mozafari_spk_single_input_multi_out/hpo_data/hpo_iteration_data/4339501/params_1_8.pkl
2025-05-09 21:35:46,596 - INFO - Loaded HPO parameters
2025-05-09 21:35:46,597 - INFO - Preparing datasets...
2025-05-09 21:35:47,590 - INFO - Prepared datasets: 287 train & 1000 validation samples
2025-05-09 21:35:47,665 - INFO - Initializing model...
2025-05-09 21:35:47,671 - INFO - Fitting model...
2025-05-09 21:37:25,902 - INFO - Saved weights to /s/ls4/users/selibrin/spiking_researches/correlation_encoding_and_training/mnist/hpo/mozafari_spk_single_input_multi_out/hpo_data/hpo_iteration_data/4339501/estimator_1_neuron_8_weights.npy
2025-05-09 21:37:25,902 - INFO - Evaluating model...
2025-05-09 21:43:18,515 - INFO - Saved validation outputs to /s/ls4/users/selibrin/spiking_researches/correlation_encoding_and_training/mnist/hpo/mozafari_spk_single_input_multi_out/hpo_data/hpo_iteration_data/4339501/estimator_1_neuron_8_validation_outputs.npy
2025-05-09 21:43:18,516 - INFO - Waiting for parameters file: /s/ls4/users/selibrin/spiking_researches/correlation_encoding_and_training/mnist/hpo/mozafari_spk_single_input_multi_out/hpo_data/hpo_iteration_data/4339501/params_1_8.pkl
2025-05-09 21:43:48,553 - INFO - Loaded HPO parameters
2025-05-09 21:43:48,554 - INFO - Preparing datasets...
2025-05-09 21:43:49,389 - INFO - Prepared datasets: 287 train & 1000 validation samples
2025-05-09 21:43:49,496 - INFO - Initializing model...
2025-05-09 21:43:49,503 - INFO - Fitting model...
2025-05-09 21:45:36,012 - INFO - Saved weights to /s/ls4/users/selibrin/spiking_researches/correlation_encoding_and_training/mnist/hpo/mozafari_spk_single_input_multi_out/hpo_data/hpo_iteration_data/4339501/estimator_1_neuron_8_weights.npy
2025-05-09 21:45:36,012 - INFO - Evaluating model...
2025-05-09 21:51:25,290 - INFO - Saved validation outputs to /s/ls4/users/selibrin/spiking_researches/correlation_encoding_and_training/mnist/hpo/mozafari_spk_single_input_multi_out/hpo_data/hpo_iteration_data/4339501/estimator_1_neuron_8_validation_outputs.npy
2025-05-09 21:51:25,290 - INFO - Waiting for parameters file: /s/ls4/users/selibrin/spiking_researches/correlation_encoding_and_training/mnist/hpo/mozafari_spk_single_input_multi_out/hpo_data/hpo_iteration_data/4339501/params_1_8.pkl
2025-05-09 21:51:55,344 - INFO - Loaded HPO parameters
2025-05-09 21:51:55,345 - INFO - Preparing datasets...
2025-05-09 21:51:56,474 - INFO - Prepared datasets: 287 train & 1000 validation samples
2025-05-09 21:51:56,540 - INFO - Initializing model...
2025-05-09 21:51:56,545 - INFO - Fitting model...
2025-05-09 21:53:48,007 - INFO - Saved weights to /s/ls4/users/selibrin/spiking_researches/correlation_encoding_and_training/mnist/hpo/mozafari_spk_single_input_multi_out/hpo_data/hpo_iteration_data/4339501/estimator_1_neuron_8_weights.npy
2025-05-09 21:53:48,008 - INFO - Evaluating model...
2025-05-09 21:59:55,038 - INFO - Saved validation outputs to /s/ls4/users/selibrin/spiking_researches/correlation_encoding_and_training/mnist/hpo/mozafari_spk_single_input_multi_out/hpo_data/hpo_iteration_data/4339501/estimator_1_neuron_8_validation_outputs.npy
2025-05-09 21:59:55,039 - INFO - Waiting for parameters file: /s/ls4/users/selibrin/spiking_researches/correlation_encoding_and_training/mnist/hpo/mozafari_spk_single_input_multi_out/hpo_data/hpo_iteration_data/4339501/params_1_8.pkl
2025-05-09 22:00:30,082 - INFO - Loaded HPO parameters
2025-05-09 22:00:30,082 - INFO - Preparing datasets...
2025-05-09 22:00:30,997 - INFO - Prepared datasets: 575 train & 1000 validation samples
2025-05-09 22:00:31,111 - INFO - Initializing model...
2025-05-09 22:00:31,115 - INFO - Fitting model...
2025-05-09 22:03:58,388 - INFO - Saved weights to /s/ls4/users/selibrin/spiking_researches/correlation_encoding_and_training/mnist/hpo/mozafari_spk_single_input_multi_out/hpo_data/hpo_iteration_data/4339501/estimator_1_neuron_8_weights.npy
2025-05-09 22:03:58,389 - INFO - Evaluating model...
2025-05-09 22:09:50,960 - INFO - Saved validation outputs to /s/ls4/users/selibrin/spiking_researches/correlation_encoding_and_training/mnist/hpo/mozafari_spk_single_input_multi_out/hpo_data/hpo_iteration_data/4339501/estimator_1_neuron_8_validation_outputs.npy
2025-05-09 22:09:50,960 - INFO - Waiting for parameters file: /s/ls4/users/selibrin/spiking_researches/correlation_encoding_and_training/mnist/hpo/mozafari_spk_single_input_multi_out/hpo_data/hpo_iteration_data/4339501/params_1_8.pkl
2025-05-09 22:10:36,017 - INFO - Loaded HPO parameters
2025-05-09 22:10:36,017 - INFO - Preparing datasets...
2025-05-09 22:10:37,057 - INFO - Prepared datasets: 1151 train & 1000 validation samples
2025-05-09 22:10:37,153 - INFO - Initializing model...
2025-05-09 22:10:37,158 - INFO - Fitting model...
2025-05-09 22:17:33,658 - INFO - Saved weights to /s/ls4/users/selibrin/spiking_researches/correlation_encoding_and_training/mnist/hpo/mozafari_spk_single_input_multi_out/hpo_data/hpo_iteration_data/4339501/estimator_1_neuron_8_weights.npy
2025-05-09 22:17:33,658 - INFO - Evaluating model...
2025-05-09 22:23:26,068 - INFO - Saved validation outputs to /s/ls4/users/selibrin/spiking_researches/correlation_encoding_and_training/mnist/hpo/mozafari_spk_single_input_multi_out/hpo_data/hpo_iteration_data/4339501/estimator_1_neuron_8_validation_outputs.npy
2025-05-09 22:23:26,069 - INFO - Waiting for parameters file: /s/ls4/users/selibrin/spiking_researches/correlation_encoding_and_training/mnist/hpo/mozafari_spk_single_input_multi_out/hpo_data/hpo_iteration_data/4339501/params_1_8.pkl
2025-05-09 22:24:16,129 - INFO - Loaded HPO parameters
2025-05-09 22:24:16,129 - INFO - Preparing datasets...
2025-05-09 22:24:17,049 - INFO - Prepared datasets: 1151 train & 1000 validation samples
2025-05-09 22:24:17,150 - INFO - Initializing model...
2025-05-09 22:24:17,154 - INFO - Fitting model...
2025-05-09 22:31:34,640 - INFO - Saved weights to /s/ls4/users/selibrin/spiking_researches/correlation_encoding_and_training/mnist/hpo/mozafari_spk_single_input_multi_out/hpo_data/hpo_iteration_data/4339501/estimator_1_neuron_8_weights.npy
2025-05-09 22:31:34,641 - INFO - Evaluating model...
2025-05-09 22:37:36,229 - INFO - Saved validation outputs to /s/ls4/users/selibrin/spiking_researches/correlation_encoding_and_training/mnist/hpo/mozafari_spk_single_input_multi_out/hpo_data/hpo_iteration_data/4339501/estimator_1_neuron_8_validation_outputs.npy
2025-05-09 22:37:36,230 - INFO - Waiting for parameters file: /s/ls4/users/selibrin/spiking_researches/correlation_encoding_and_training/mnist/hpo/mozafari_spk_single_input_multi_out/hpo_data/hpo_iteration_data/4339501/params_1_8.pkl
2025-05-09 22:38:21,312 - INFO - Loaded HPO parameters
2025-05-09 22:38:21,312 - INFO - Preparing datasets...
2025-05-09 22:38:22,461 - INFO - Prepared datasets: 1151 train & 1000 validation samples
2025-05-09 22:38:22,566 - INFO - Initializing model...
2025-05-09 22:38:22,570 - INFO - Fitting model...
2025-05-09 22:45:14,396 - INFO - Saved weights to /s/ls4/users/selibrin/spiking_researches/correlation_encoding_and_training/mnist/hpo/mozafari_spk_single_input_multi_out/hpo_data/hpo_iteration_data/4339501/estimator_1_neuron_8_weights.npy
2025-05-09 22:45:14,397 - INFO - Evaluating model...
2025-05-09 22:51:06,634 - INFO - Saved validation outputs to /s/ls4/users/selibrin/spiking_researches/correlation_encoding_and_training/mnist/hpo/mozafari_spk_single_input_multi_out/hpo_data/hpo_iteration_data/4339501/estimator_1_neuron_8_validation_outputs.npy
2025-05-09 22:51:06,635 - INFO - Waiting for parameters file: /s/ls4/users/selibrin/spiking_researches/correlation_encoding_and_training/mnist/hpo/mozafari_spk_single_input_multi_out/hpo_data/hpo_iteration_data/4339501/params_1_8.pkl
2025-05-09 22:51:56,692 - INFO - Loaded HPO parameters
2025-05-09 22:51:56,692 - INFO - Preparing datasets...
2025-05-09 22:51:57,827 - INFO - Prepared datasets: 287 train & 1000 validation samples
2025-05-09 22:51:57,982 - INFO - Initializing model...
2025-05-09 22:51:57,987 - INFO - Fitting model...
2025-05-09 22:53:45,418 - INFO - Saved weights to /s/ls4/users/selibrin/spiking_researches/correlation_encoding_and_training/mnist/hpo/mozafari_spk_single_input_multi_out/hpo_data/hpo_iteration_data/4339501/estimator_1_neuron_8_weights.npy
2025-05-09 22:53:45,418 - INFO - Evaluating model...
2025-05-09 22:59:44,601 - INFO - Saved validation outputs to /s/ls4/users/selibrin/spiking_researches/correlation_encoding_and_training/mnist/hpo/mozafari_spk_single_input_multi_out/hpo_data/hpo_iteration_data/4339501/estimator_1_neuron_8_validation_outputs.npy
2025-05-09 22:59:44,601 - INFO - Waiting for parameters file: /s/ls4/users/selibrin/spiking_researches/correlation_encoding_and_training/mnist/hpo/mozafari_spk_single_input_multi_out/hpo_data/hpo_iteration_data/4339501/params_1_8.pkl
2025-05-09 23:00:04,630 - INFO - Loaded HPO parameters
2025-05-09 23:00:04,630 - INFO - Preparing datasets...
2025-05-09 23:00:05,443 - INFO - Prepared datasets: 575 train & 1000 validation samples
2025-05-09 23:00:05,578 - INFO - Initializing model...
2025-05-09 23:00:05,583 - INFO - Fitting model...
2025-05-09 23:03:27,832 - INFO - Saved weights to /s/ls4/users/selibrin/spiking_researches/correlation_encoding_and_training/mnist/hpo/mozafari_spk_single_input_multi_out/hpo_data/hpo_iteration_data/4339501/estimator_1_neuron_8_weights.npy
2025-05-09 23:03:27,832 - INFO - Evaluating model...
2025-05-09 23:09:21,289 - INFO - Saved validation outputs to /s/ls4/users/selibrin/spiking_researches/correlation_encoding_and_training/mnist/hpo/mozafari_spk_single_input_multi_out/hpo_data/hpo_iteration_data/4339501/estimator_1_neuron_8_validation_outputs.npy
2025-05-09 23:09:21,289 - INFO - Waiting for parameters file: /s/ls4/users/selibrin/spiking_researches/correlation_encoding_and_training/mnist/hpo/mozafari_spk_single_input_multi_out/hpo_data/hpo_iteration_data/4339501/params_1_8.pkl
2025-05-09 23:10:06,342 - INFO - Loaded HPO parameters
2025-05-09 23:10:06,342 - INFO - Preparing datasets...
2025-05-09 23:10:07,456 - INFO - Prepared datasets: 1151 train & 1000 validation samples
2025-05-09 23:10:07,546 - INFO - Initializing model...
2025-05-09 23:10:07,551 - INFO - Fitting model...
2025-05-09 23:17:12,748 - INFO - Saved weights to /s/ls4/users/selibrin/spiking_researches/correlation_encoding_and_training/mnist/hpo/mozafari_spk_single_input_multi_out/hpo_data/hpo_iteration_data/4339501/estimator_1_neuron_8_weights.npy
2025-05-09 23:17:12,748 - INFO - Evaluating model...
2025-05-09 23:23:18,208 - INFO - Saved validation outputs to /s/ls4/users/selibrin/spiking_researches/correlation_encoding_and_training/mnist/hpo/mozafari_spk_single_input_multi_out/hpo_data/hpo_iteration_data/4339501/estimator_1_neuron_8_validation_outputs.npy
2025-05-09 23:23:18,208 - INFO - Waiting for parameters file: /s/ls4/users/selibrin/spiking_researches/correlation_encoding_and_training/mnist/hpo/mozafari_spk_single_input_multi_out/hpo_data/hpo_iteration_data/4339501/params_1_8.pkl
2025-05-09 23:23:43,243 - INFO - Loaded HPO parameters
2025-05-09 23:23:43,243 - INFO - Preparing datasets...
2025-05-09 23:23:44,176 - INFO - Prepared datasets: 1151 train & 1000 validation samples
2025-05-09 23:23:44,314 - INFO - Initializing model...
2025-05-09 23:23:44,319 - INFO - Fitting model...
2025-05-09 23:30:41,216 - INFO - Saved weights to /s/ls4/users/selibrin/spiking_researches/correlation_encoding_and_training/mnist/hpo/mozafari_spk_single_input_multi_out/hpo_data/hpo_iteration_data/4339501/estimator_1_neuron_8_weights.npy
2025-05-09 23:30:41,216 - INFO - Evaluating model...
2025-05-09 23:36:47,616 - INFO - Saved validation outputs to /s/ls4/users/selibrin/spiking_researches/correlation_encoding_and_training/mnist/hpo/mozafari_spk_single_input_multi_out/hpo_data/hpo_iteration_data/4339501/estimator_1_neuron_8_validation_outputs.npy
2025-05-09 23:36:47,616 - INFO - Waiting for parameters file: /s/ls4/users/selibrin/spiking_researches/correlation_encoding_and_training/mnist/hpo/mozafari_spk_single_input_multi_out/hpo_data/hpo_iteration_data/4339501/params_1_8.pkl
2025-05-09 23:37:52,693 - INFO - Loaded HPO parameters
2025-05-09 23:37:52,693 - INFO - Preparing datasets...
2025-05-09 23:37:53,745 - INFO - Prepared datasets: 1151 train & 1000 validation samples
2025-05-09 23:37:53,877 - INFO - Initializing model...
2025-05-09 23:37:53,881 - INFO - Fitting model...
2025-05-09 23:44:42,768 - INFO - Saved weights to /s/ls4/users/selibrin/spiking_researches/correlation_encoding_and_training/mnist/hpo/mozafari_spk_single_input_multi_out/hpo_data/hpo_iteration_data/4339501/estimator_1_neuron_8_weights.npy
2025-05-09 23:44:42,768 - INFO - Evaluating model...
2025-05-09 23:50:34,034 - INFO - Saved validation outputs to /s/ls4/users/selibrin/spiking_researches/correlation_encoding_and_training/mnist/hpo/mozafari_spk_single_input_multi_out/hpo_data/hpo_iteration_data/4339501/estimator_1_neuron_8_validation_outputs.npy
2025-05-09 23:50:34,035 - INFO - Waiting for parameters file: /s/ls4/users/selibrin/spiking_researches/correlation_encoding_and_training/mnist/hpo/mozafari_spk_single_input_multi_out/hpo_data/hpo_iteration_data/4339501/params_1_8.pkl
2025-05-09 23:51:29,101 - INFO - Loaded HPO parameters
2025-05-09 23:51:29,101 - INFO - Preparing datasets...
2025-05-09 23:51:30,080 - INFO - Prepared datasets: 287 train & 1000 validation samples
2025-05-09 23:51:30,212 - INFO - Initializing model...
2025-05-09 23:51:30,218 - INFO - Fitting model...
2025-05-09 23:53:12,199 - INFO - Saved weights to /s/ls4/users/selibrin/spiking_researches/correlation_encoding_and_training/mnist/hpo/mozafari_spk_single_input_multi_out/hpo_data/hpo_iteration_data/4339501/estimator_1_neuron_8_weights.npy
2025-05-09 23:53:12,199 - INFO - Evaluating model...
2025-05-09 23:59:14,934 - INFO - Saved validation outputs to /s/ls4/users/selibrin/spiking_researches/correlation_encoding_and_training/mnist/hpo/mozafari_spk_single_input_multi_out/hpo_data/hpo_iteration_data/4339501/estimator_1_neuron_8_validation_outputs.npy
2025-05-09 23:59:14,934 - INFO - Waiting for parameters file: /s/ls4/users/selibrin/spiking_researches/correlation_encoding_and_training/mnist/hpo/mozafari_spk_single_input_multi_out/hpo_data/hpo_iteration_data/4339501/params_1_8.pkl
2025-05-09 23:59:34,975 - INFO - Loaded HPO parameters
2025-05-09 23:59:34,975 - INFO - Preparing datasets...
2025-05-09 23:59:35,922 - INFO - Prepared datasets: 1151 train & 1000 validation samples
2025-05-09 23:59:36,041 - INFO - Initializing model...
2025-05-09 23:59:36,046 - INFO - Fitting model...
2025-05-10 00:06:41,253 - INFO - Saved weights to /s/ls4/users/selibrin/spiking_researches/correlation_encoding_and_training/mnist/hpo/mozafari_spk_single_input_multi_out/hpo_data/hpo_iteration_data/4339501/estimator_1_neuron_8_weights.npy
2025-05-10 00:06:41,253 - INFO - Evaluating model...
2025-05-10 00:12:45,391 - INFO - Saved validation outputs to /s/ls4/users/selibrin/spiking_researches/correlation_encoding_and_training/mnist/hpo/mozafari_spk_single_input_multi_out/hpo_data/hpo_iteration_data/4339501/estimator_1_neuron_8_validation_outputs.npy
2025-05-10 00:12:45,392 - INFO - Waiting for parameters file: /s/ls4/users/selibrin/spiking_researches/correlation_encoding_and_training/mnist/hpo/mozafari_spk_single_input_multi_out/hpo_data/hpo_iteration_data/4339501/params_1_8.pkl
2025-05-10 00:13:40,460 - INFO - Loaded HPO parameters
2025-05-10 00:13:40,460 - INFO - Preparing datasets...
2025-05-10 00:13:41,443 - INFO - Prepared datasets: 575 train & 1000 validation samples
2025-05-10 00:13:41,523 - INFO - Initializing model...
2025-05-10 00:13:41,527 - INFO - Fitting model...
2025-05-10 00:17:23,519 - INFO - Saved weights to /s/ls4/users/selibrin/spiking_researches/correlation_encoding_and_training/mnist/hpo/mozafari_spk_single_input_multi_out/hpo_data/hpo_iteration_data/4339501/estimator_1_neuron_8_weights.npy
2025-05-10 00:17:23,519 - INFO - Evaluating model...
2025-05-10 00:23:24,430 - INFO - Saved validation outputs to /s/ls4/users/selibrin/spiking_researches/correlation_encoding_and_training/mnist/hpo/mozafari_spk_single_input_multi_out/hpo_data/hpo_iteration_data/4339501/estimator_1_neuron_8_validation_outputs.npy
2025-05-10 00:23:24,431 - INFO - Waiting for parameters file: /s/ls4/users/selibrin/spiking_researches/correlation_encoding_and_training/mnist/hpo/mozafari_spk_single_input_multi_out/hpo_data/hpo_iteration_data/4339501/params_1_8.pkl
2025-05-10 00:24:14,491 - INFO - Loaded HPO parameters
2025-05-10 00:24:14,492 - INFO - Preparing datasets...
2025-05-10 00:24:15,347 - INFO - Prepared datasets: 287 train & 1000 validation samples
2025-05-10 00:24:15,461 - INFO - Initializing model...
2025-05-10 00:24:15,466 - INFO - Fitting model...
2025-05-10 00:26:00,981 - INFO - Saved weights to /s/ls4/users/selibrin/spiking_researches/correlation_encoding_and_training/mnist/hpo/mozafari_spk_single_input_multi_out/hpo_data/hpo_iteration_data/4339501/estimator_1_neuron_8_weights.npy
2025-05-10 00:26:00,981 - INFO - Evaluating model...
2025-05-10 00:32:13,594 - INFO - Saved validation outputs to /s/ls4/users/selibrin/spiking_researches/correlation_encoding_and_training/mnist/hpo/mozafari_spk_single_input_multi_out/hpo_data/hpo_iteration_data/4339501/estimator_1_neuron_8_validation_outputs.npy
2025-05-10 00:32:13,595 - INFO - Waiting for parameters file: /s/ls4/users/selibrin/spiking_researches/correlation_encoding_and_training/mnist/hpo/mozafari_spk_single_input_multi_out/hpo_data/hpo_iteration_data/4339501/params_1_8.pkl
2025-05-10 00:32:48,637 - INFO - Loaded HPO parameters
2025-05-10 00:32:48,638 - INFO - Preparing datasets...
2025-05-10 00:32:49,672 - INFO - Prepared datasets: 287 train & 1000 validation samples
2025-05-10 00:32:49,750 - INFO - Initializing model...
2025-05-10 00:32:49,755 - INFO - Fitting model...
2025-05-10 00:34:35,191 - INFO - Saved weights to /s/ls4/users/selibrin/spiking_researches/correlation_encoding_and_training/mnist/hpo/mozafari_spk_single_input_multi_out/hpo_data/hpo_iteration_data/4339501/estimator_1_neuron_8_weights.npy
2025-05-10 00:34:35,191 - INFO - Evaluating model...
2025-05-10 00:40:31,087 - INFO - Saved validation outputs to /s/ls4/users/selibrin/spiking_researches/correlation_encoding_and_training/mnist/hpo/mozafari_spk_single_input_multi_out/hpo_data/hpo_iteration_data/4339501/estimator_1_neuron_8_validation_outputs.npy
2025-05-10 00:40:31,087 - INFO - Waiting for parameters file: /s/ls4/users/selibrin/spiking_researches/correlation_encoding_and_training/mnist/hpo/mozafari_spk_single_input_multi_out/hpo_data/hpo_iteration_data/4339501/params_1_8.pkl
2025-05-10 00:41:26,153 - INFO - Loaded HPO parameters
2025-05-10 00:41:26,153 - INFO - Preparing datasets...
2025-05-10 00:41:27,248 - INFO - Prepared datasets: 287 train & 1000 validation samples
2025-05-10 00:41:27,401 - INFO - Initializing model...
2025-05-10 00:41:27,405 - INFO - Fitting model...
2025-05-10 00:43:17,865 - INFO - Saved weights to /s/ls4/users/selibrin/spiking_researches/correlation_encoding_and_training/mnist/hpo/mozafari_spk_single_input_multi_out/hpo_data/hpo_iteration_data/4339501/estimator_1_neuron_8_weights.npy
2025-05-10 00:43:17,865 - INFO - Evaluating model...
2025-05-10 00:49:32,714 - INFO - Saved validation outputs to /s/ls4/users/selibrin/spiking_researches/correlation_encoding_and_training/mnist/hpo/mozafari_spk_single_input_multi_out/hpo_data/hpo_iteration_data/4339501/estimator_1_neuron_8_validation_outputs.npy
2025-05-10 00:49:32,714 - INFO - Waiting for parameters file: /s/ls4/users/selibrin/spiking_researches/correlation_encoding_and_training/mnist/hpo/mozafari_spk_single_input_multi_out/hpo_data/hpo_iteration_data/4339501/params_1_8.pkl
2025-05-10 00:50:02,751 - INFO - Loaded HPO parameters
2025-05-10 00:50:02,751 - INFO - Preparing datasets...
2025-05-10 00:50:03,819 - INFO - Prepared datasets: 287 train & 1000 validation samples
2025-05-10 00:50:03,966 - INFO - Initializing model...
2025-05-10 00:50:03,970 - INFO - Fitting model...
2025-05-10 00:51:50,422 - INFO - Saved weights to /s/ls4/users/selibrin/spiking_researches/correlation_encoding_and_training/mnist/hpo/mozafari_spk_single_input_multi_out/hpo_data/hpo_iteration_data/4339501/estimator_1_neuron_8_weights.npy
2025-05-10 00:51:50,422 - INFO - Evaluating model...
2025-05-10 00:57:41,117 - INFO - Saved validation outputs to /s/ls4/users/selibrin/spiking_researches/correlation_encoding_and_training/mnist/hpo/mozafari_spk_single_input_multi_out/hpo_data/hpo_iteration_data/4339501/estimator_1_neuron_8_validation_outputs.npy
2025-05-10 00:57:41,118 - INFO - Waiting for parameters file: /s/ls4/users/selibrin/spiking_researches/correlation_encoding_and_training/mnist/hpo/mozafari_spk_single_input_multi_out/hpo_data/hpo_iteration_data/4339501/params_1_8.pkl
2025-05-10 00:58:11,156 - INFO - Loaded HPO parameters
2025-05-10 00:58:11,156 - INFO - Preparing datasets...
2025-05-10 00:58:12,120 - INFO - Prepared datasets: 287 train & 1000 validation samples
2025-05-10 00:58:12,267 - INFO - Initializing model...
2025-05-10 00:58:12,272 - INFO - Fitting model...
2025-05-10 00:59:59,656 - INFO - Saved weights to /s/ls4/users/selibrin/spiking_researches/correlation_encoding_and_training/mnist/hpo/mozafari_spk_single_input_multi_out/hpo_data/hpo_iteration_data/4339501/estimator_1_neuron_8_weights.npy
2025-05-10 00:59:59,657 - INFO - Evaluating model...
2025-05-10 01:06:03,962 - INFO - Saved validation outputs to /s/ls4/users/selibrin/spiking_researches/correlation_encoding_and_training/mnist/hpo/mozafari_spk_single_input_multi_out/hpo_data/hpo_iteration_data/4339501/estimator_1_neuron_8_validation_outputs.npy
2025-05-10 01:06:03,962 - INFO - Waiting for parameters file: /s/ls4/users/selibrin/spiking_researches/correlation_encoding_and_training/mnist/hpo/mozafari_spk_single_input_multi_out/hpo_data/hpo_iteration_data/4339501/params_1_8.pkl
2025-05-10 01:06:13,979 - INFO - Loaded HPO parameters
2025-05-10 01:06:13,979 - INFO - Preparing datasets...
2025-05-10 01:06:15,080 - INFO - Prepared datasets: 575 train & 1000 validation samples
2025-05-10 01:06:15,167 - INFO - Initializing model...
2025-05-10 01:06:15,172 - INFO - Fitting model...
2025-05-10 01:09:49,287 - INFO - Saved weights to /s/ls4/users/selibrin/spiking_researches/correlation_encoding_and_training/mnist/hpo/mozafari_spk_single_input_multi_out/hpo_data/hpo_iteration_data/4339501/estimator_1_neuron_8_weights.npy
2025-05-10 01:09:49,287 - INFO - Evaluating model...
2025-05-10 01:16:01,584 - INFO - Saved validation outputs to /s/ls4/users/selibrin/spiking_researches/correlation_encoding_and_training/mnist/hpo/mozafari_spk_single_input_multi_out/hpo_data/hpo_iteration_data/4339501/estimator_1_neuron_8_validation_outputs.npy
2025-05-10 01:16:01,585 - INFO - Waiting for parameters file: /s/ls4/users/selibrin/spiking_researches/correlation_encoding_and_training/mnist/hpo/mozafari_spk_single_input_multi_out/hpo_data/hpo_iteration_data/4339501/params_1_8.pkl
2025-05-10 01:16:21,612 - INFO - Loaded HPO parameters
2025-05-10 01:16:21,613 - INFO - Preparing datasets...
2025-05-10 01:16:22,496 - INFO - Prepared datasets: 575 train & 1000 validation samples
2025-05-10 01:16:22,665 - INFO - Initializing model...
2025-05-10 01:16:22,669 - INFO - Fitting model...
2025-05-10 01:20:04,075 - INFO - Saved weights to /s/ls4/users/selibrin/spiking_researches/correlation_encoding_and_training/mnist/hpo/mozafari_spk_single_input_multi_out/hpo_data/hpo_iteration_data/4339501/estimator_1_neuron_8_weights.npy
2025-05-10 01:20:04,075 - INFO - Evaluating model...
2025-05-10 01:26:10,871 - INFO - Saved validation outputs to /s/ls4/users/selibrin/spiking_researches/correlation_encoding_and_training/mnist/hpo/mozafari_spk_single_input_multi_out/hpo_data/hpo_iteration_data/4339501/estimator_1_neuron_8_validation_outputs.npy
2025-05-10 01:26:10,871 - INFO - Waiting for parameters file: /s/ls4/users/selibrin/spiking_researches/correlation_encoding_and_training/mnist/hpo/mozafari_spk_single_input_multi_out/hpo_data/hpo_iteration_data/4339501/params_1_8.pkl
2025-05-10 01:26:25,892 - INFO - Loaded HPO parameters
2025-05-10 01:26:25,893 - INFO - Preparing datasets...
2025-05-10 01:26:26,935 - INFO - Prepared datasets: 1151 train & 1000 validation samples
2025-05-10 01:26:27,037 - INFO - Initializing model...
2025-05-10 01:26:27,042 - INFO - Fitting model...
2025-05-10 01:33:31,353 - INFO - Saved weights to /s/ls4/users/selibrin/spiking_researches/correlation_encoding_and_training/mnist/hpo/mozafari_spk_single_input_multi_out/hpo_data/hpo_iteration_data/4339501/estimator_1_neuron_8_weights.npy
2025-05-10 01:33:31,354 - INFO - Evaluating model...
2025-05-10 01:39:23,444 - INFO - Saved validation outputs to /s/ls4/users/selibrin/spiking_researches/correlation_encoding_and_training/mnist/hpo/mozafari_spk_single_input_multi_out/hpo_data/hpo_iteration_data/4339501/estimator_1_neuron_8_validation_outputs.npy
2025-05-10 01:39:23,444 - INFO - Waiting for parameters file: /s/ls4/users/selibrin/spiking_researches/correlation_encoding_and_training/mnist/hpo/mozafari_spk_single_input_multi_out/hpo_data/hpo_iteration_data/4339501/params_1_8.pkl
2025-05-10 01:40:33,527 - INFO - Loaded HPO parameters
2025-05-10 01:40:33,528 - INFO - Preparing datasets...
2025-05-10 01:40:34,548 - INFO - Prepared datasets: 1151 train & 1000 validation samples
2025-05-10 01:40:34,665 - INFO - Initializing model...
2025-05-10 01:40:34,670 - INFO - Fitting model...
2025-05-10 01:47:50,146 - INFO - Saved weights to /s/ls4/users/selibrin/spiking_researches/correlation_encoding_and_training/mnist/hpo/mozafari_spk_single_input_multi_out/hpo_data/hpo_iteration_data/4339501/estimator_1_neuron_8_weights.npy
2025-05-10 01:47:50,146 - INFO - Evaluating model...
2025-05-10 01:54:00,512 - INFO - Saved validation outputs to /s/ls4/users/selibrin/spiking_researches/correlation_encoding_and_training/mnist/hpo/mozafari_spk_single_input_multi_out/hpo_data/hpo_iteration_data/4339501/estimator_1_neuron_8_validation_outputs.npy
2025-05-10 01:54:00,512 - INFO - Waiting for parameters file: /s/ls4/users/selibrin/spiking_researches/correlation_encoding_and_training/mnist/hpo/mozafari_spk_single_input_multi_out/hpo_data/hpo_iteration_data/4339501/params_1_8.pkl
2025-05-10 01:54:40,562 - INFO - Loaded HPO parameters
2025-05-10 01:54:40,562 - INFO - Preparing datasets...
2025-05-10 01:54:41,621 - INFO - Prepared datasets: 287 train & 1000 validation samples
2025-05-10 01:54:41,739 - INFO - Initializing model...
2025-05-10 01:54:41,743 - INFO - Fitting model...
2025-05-10 01:56:29,121 - INFO - Saved weights to /s/ls4/users/selibrin/spiking_researches/correlation_encoding_and_training/mnist/hpo/mozafari_spk_single_input_multi_out/hpo_data/hpo_iteration_data/4339501/estimator_1_neuron_8_weights.npy
2025-05-10 01:56:29,121 - INFO - Evaluating model...
2025-05-10 02:02:16,037 - INFO - Saved validation outputs to /s/ls4/users/selibrin/spiking_researches/correlation_encoding_and_training/mnist/hpo/mozafari_spk_single_input_multi_out/hpo_data/hpo_iteration_data/4339501/estimator_1_neuron_8_validation_outputs.npy
2025-05-10 02:02:16,038 - INFO - Waiting for parameters file: /s/ls4/users/selibrin/spiking_researches/correlation_encoding_and_training/mnist/hpo/mozafari_spk_single_input_multi_out/hpo_data/hpo_iteration_data/4339501/params_1_8.pkl
2025-05-10 02:02:46,077 - INFO - Loaded HPO parameters
2025-05-10 02:02:46,078 - INFO - Preparing datasets...
2025-05-10 02:02:47,213 - INFO - Prepared datasets: 287 train & 1000 validation samples
2025-05-10 02:02:47,325 - INFO - Initializing model...
2025-05-10 02:02:47,330 - INFO - Fitting model...
2025-05-10 02:04:38,828 - INFO - Saved weights to /s/ls4/users/selibrin/spiking_researches/correlation_encoding_and_training/mnist/hpo/mozafari_spk_single_input_multi_out/hpo_data/hpo_iteration_data/4339501/estimator_1_neuron_8_weights.npy
2025-05-10 02:04:38,828 - INFO - Evaluating model...
2025-05-10 02:10:46,465 - INFO - Saved validation outputs to /s/ls4/users/selibrin/spiking_researches/correlation_encoding_and_training/mnist/hpo/mozafari_spk_single_input_multi_out/hpo_data/hpo_iteration_data/4339501/estimator_1_neuron_8_validation_outputs.npy
2025-05-10 02:10:46,466 - INFO - Waiting for parameters file: /s/ls4/users/selibrin/spiking_researches/correlation_encoding_and_training/mnist/hpo/mozafari_spk_single_input_multi_out/hpo_data/hpo_iteration_data/4339501/params_1_8.pkl
2025-05-10 02:11:21,511 - INFO - Loaded HPO parameters
2025-05-10 02:11:21,511 - INFO - Preparing datasets...
2025-05-10 02:11:22,504 - INFO - Prepared datasets: 287 train & 1000 validation samples
2025-05-10 02:11:22,649 - INFO - Initializing model...
2025-05-10 02:11:22,655 - INFO - Fitting model...
2025-05-10 02:13:10,847 - INFO - Saved weights to /s/ls4/users/selibrin/spiking_researches/correlation_encoding_and_training/mnist/hpo/mozafari_spk_single_input_multi_out/hpo_data/hpo_iteration_data/4339501/estimator_1_neuron_8_weights.npy
2025-05-10 02:13:10,847 - INFO - Evaluating model...
2025-05-10 02:19:28,174 - INFO - Saved validation outputs to /s/ls4/users/selibrin/spiking_researches/correlation_encoding_and_training/mnist/hpo/mozafari_spk_single_input_multi_out/hpo_data/hpo_iteration_data/4339501/estimator_1_neuron_8_validation_outputs.npy
2025-05-10 02:19:28,175 - INFO - Waiting for parameters file: /s/ls4/users/selibrin/spiking_researches/correlation_encoding_and_training/mnist/hpo/mozafari_spk_single_input_multi_out/hpo_data/hpo_iteration_data/4339501/params_1_8.pkl
2025-05-10 02:19:58,212 - INFO - Loaded HPO parameters
2025-05-10 02:19:58,212 - INFO - Preparing datasets...
2025-05-10 02:19:59,306 - INFO - Prepared datasets: 1151 train & 1000 validation samples
2025-05-10 02:19:59,435 - INFO - Initializing model...
2025-05-10 02:19:59,441 - INFO - Fitting model...
2025-05-10 02:27:19,356 - INFO - Saved weights to /s/ls4/users/selibrin/spiking_researches/correlation_encoding_and_training/mnist/hpo/mozafari_spk_single_input_multi_out/hpo_data/hpo_iteration_data/4339501/estimator_1_neuron_8_weights.npy
2025-05-10 02:27:19,357 - INFO - Evaluating model...
2025-05-10 02:33:20,301 - INFO - Saved validation outputs to /s/ls4/users/selibrin/spiking_researches/correlation_encoding_and_training/mnist/hpo/mozafari_spk_single_input_multi_out/hpo_data/hpo_iteration_data/4339501/estimator_1_neuron_8_validation_outputs.npy
2025-05-10 02:33:20,301 - INFO - Waiting for parameters file: /s/ls4/users/selibrin/spiking_researches/correlation_encoding_and_training/mnist/hpo/mozafari_spk_single_input_multi_out/hpo_data/hpo_iteration_data/4339501/params_1_8.pkl
2025-05-10 02:34:05,357 - INFO - Loaded HPO parameters
2025-05-10 02:34:05,358 - INFO - Preparing datasets...
2025-05-10 02:34:06,401 - INFO - Prepared datasets: 287 train & 1000 validation samples
2025-05-10 02:34:06,546 - INFO - Initializing model...
2025-05-10 02:34:06,551 - INFO - Fitting model...
2025-05-10 02:35:53,117 - INFO - Saved weights to /s/ls4/users/selibrin/spiking_researches/correlation_encoding_and_training/mnist/hpo/mozafari_spk_single_input_multi_out/hpo_data/hpo_iteration_data/4339501/estimator_1_neuron_8_weights.npy
2025-05-10 02:35:53,118 - INFO - Evaluating model...
2025-05-10 02:41:55,316 - INFO - Saved validation outputs to /s/ls4/users/selibrin/spiking_researches/correlation_encoding_and_training/mnist/hpo/mozafari_spk_single_input_multi_out/hpo_data/hpo_iteration_data/4339501/estimator_1_neuron_8_validation_outputs.npy
2025-05-10 02:41:55,317 - INFO - Waiting for parameters file: /s/ls4/users/selibrin/spiking_researches/correlation_encoding_and_training/mnist/hpo/mozafari_spk_single_input_multi_out/hpo_data/hpo_iteration_data/4339501/params_1_8.pkl
2025-05-10 02:42:40,372 - INFO - Loaded HPO parameters
2025-05-10 02:42:40,372 - INFO - Preparing datasets...
2025-05-10 02:42:41,274 - INFO - Prepared datasets: 1151 train & 1000 validation samples
2025-05-10 02:42:41,411 - INFO - Initializing model...
2025-05-10 02:42:41,417 - INFO - Fitting model...
2025-05-10 02:49:52,362 - INFO - Saved weights to /s/ls4/users/selibrin/spiking_researches/correlation_encoding_and_training/mnist/hpo/mozafari_spk_single_input_multi_out/hpo_data/hpo_iteration_data/4339501/estimator_1_neuron_8_weights.npy
2025-05-10 02:49:52,363 - INFO - Evaluating model...
2025-05-10 02:55:48,516 - INFO - Saved validation outputs to /s/ls4/users/selibrin/spiking_researches/correlation_encoding_and_training/mnist/hpo/mozafari_spk_single_input_multi_out/hpo_data/hpo_iteration_data/4339501/estimator_1_neuron_8_validation_outputs.npy
2025-05-10 02:55:48,516 - INFO - Waiting for parameters file: /s/ls4/users/selibrin/spiking_researches/correlation_encoding_and_training/mnist/hpo/mozafari_spk_single_input_multi_out/hpo_data/hpo_iteration_data/4339501/params_1_8.pkl
2025-05-10 02:56:13,548 - INFO - Loaded HPO parameters
2025-05-10 02:56:13,549 - INFO - Preparing datasets...
2025-05-10 02:56:14,652 - INFO - Prepared datasets: 575 train & 1000 validation samples
2025-05-10 02:56:14,781 - INFO - Initializing model...
2025-05-10 02:56:14,786 - INFO - Fitting model...
2025-05-10 02:59:51,793 - INFO - Saved weights to /s/ls4/users/selibrin/spiking_researches/correlation_encoding_and_training/mnist/hpo/mozafari_spk_single_input_multi_out/hpo_data/hpo_iteration_data/4339501/estimator_1_neuron_8_weights.npy
2025-05-10 02:59:51,794 - INFO - Evaluating model...
2025-05-10 03:05:53,798 - INFO - Saved validation outputs to /s/ls4/users/selibrin/spiking_researches/correlation_encoding_and_training/mnist/hpo/mozafari_spk_single_input_multi_out/hpo_data/hpo_iteration_data/4339501/estimator_1_neuron_8_validation_outputs.npy
2025-05-10 03:05:53,799 - INFO - Waiting for parameters file: /s/ls4/users/selibrin/spiking_researches/correlation_encoding_and_training/mnist/hpo/mozafari_spk_single_input_multi_out/hpo_data/hpo_iteration_data/4339501/params_1_8.pkl
2025-05-10 03:06:18,833 - INFO - Loaded HPO parameters
2025-05-10 03:06:18,834 - INFO - Preparing datasets...
2025-05-10 03:06:19,830 - INFO - Prepared datasets: 1151 train & 1000 validation samples
2025-05-10 03:06:19,966 - INFO - Initializing model...
2025-05-10 03:06:19,972 - INFO - Fitting model...
2025-05-10 03:13:33,833 - INFO - Saved weights to /s/ls4/users/selibrin/spiking_researches/correlation_encoding_and_training/mnist/hpo/mozafari_spk_single_input_multi_out/hpo_data/hpo_iteration_data/4339501/estimator_1_neuron_8_weights.npy
2025-05-10 03:13:33,834 - INFO - Evaluating model...
2025-05-10 03:19:52,463 - INFO - Saved validation outputs to /s/ls4/users/selibrin/spiking_researches/correlation_encoding_and_training/mnist/hpo/mozafari_spk_single_input_multi_out/hpo_data/hpo_iteration_data/4339501/estimator_1_neuron_8_validation_outputs.npy
2025-05-10 03:19:52,463 - INFO - Waiting for parameters file: /s/ls4/users/selibrin/spiking_researches/correlation_encoding_and_training/mnist/hpo/mozafari_spk_single_input_multi_out/hpo_data/hpo_iteration_data/4339501/params_1_8.pkl
2025-05-10 03:20:27,502 - INFO - Loaded HPO parameters
2025-05-10 03:20:27,503 - INFO - Preparing datasets...
2025-05-10 03:20:28,547 - INFO - Prepared datasets: 1151 train & 1000 validation samples
2025-05-10 03:20:28,701 - INFO - Initializing model...
2025-05-10 03:20:28,708 - INFO - Fitting model...
2025-05-10 03:27:50,526 - INFO - Saved weights to /s/ls4/users/selibrin/spiking_researches/correlation_encoding_and_training/mnist/hpo/mozafari_spk_single_input_multi_out/hpo_data/hpo_iteration_data/4339501/estimator_1_neuron_8_weights.npy
2025-05-10 03:27:50,526 - INFO - Evaluating model...
2025-05-10 03:34:03,199 - INFO - Saved validation outputs to /s/ls4/users/selibrin/spiking_researches/correlation_encoding_and_training/mnist/hpo/mozafari_spk_single_input_multi_out/hpo_data/hpo_iteration_data/4339501/estimator_1_neuron_8_validation_outputs.npy
2025-05-10 03:34:03,199 - INFO - Waiting for parameters file: /s/ls4/users/selibrin/spiking_researches/correlation_encoding_and_training/mnist/hpo/mozafari_spk_single_input_multi_out/hpo_data/hpo_iteration_data/4339501/params_1_8.pkl
2025-05-10 03:34:33,236 - INFO - Loaded HPO parameters
2025-05-10 03:34:33,236 - INFO - Preparing datasets...
2025-05-10 03:34:34,280 - INFO - Prepared datasets: 287 train & 1000 validation samples
2025-05-10 03:34:34,419 - INFO - Initializing model...
2025-05-10 03:34:34,424 - INFO - Fitting model...
2025-05-10 03:36:26,631 - INFO - Saved weights to /s/ls4/users/selibrin/spiking_researches/correlation_encoding_and_training/mnist/hpo/mozafari_spk_single_input_multi_out/hpo_data/hpo_iteration_data/4339501/estimator_1_neuron_8_weights.npy
2025-05-10 03:36:26,632 - INFO - Evaluating model...
2025-05-10 03:42:28,805 - INFO - Saved validation outputs to /s/ls4/users/selibrin/spiking_researches/correlation_encoding_and_training/mnist/hpo/mozafari_spk_single_input_multi_out/hpo_data/hpo_iteration_data/4339501/estimator_1_neuron_8_validation_outputs.npy
2025-05-10 03:42:28,805 - INFO - Waiting for parameters file: /s/ls4/users/selibrin/spiking_researches/correlation_encoding_and_training/mnist/hpo/mozafari_spk_single_input_multi_out/hpo_data/hpo_iteration_data/4339501/params_1_8.pkl
2025-05-10 03:42:38,822 - INFO - Loaded HPO parameters
2025-05-10 03:42:38,822 - INFO - Preparing datasets...
2025-05-10 03:42:39,879 - INFO - Prepared datasets: 1151 train & 1000 validation samples
2025-05-10 03:42:40,003 - INFO - Initializing model...
2025-05-10 03:42:40,008 - INFO - Fitting model...
2025-05-10 03:49:57,586 - INFO - Saved weights to /s/ls4/users/selibrin/spiking_researches/correlation_encoding_and_training/mnist/hpo/mozafari_spk_single_input_multi_out/hpo_data/hpo_iteration_data/4339501/estimator_1_neuron_8_weights.npy
2025-05-10 03:49:57,587 - INFO - Evaluating model...
2025-05-10 03:56:00,500 - INFO - Saved validation outputs to /s/ls4/users/selibrin/spiking_researches/correlation_encoding_and_training/mnist/hpo/mozafari_spk_single_input_multi_out/hpo_data/hpo_iteration_data/4339501/estimator_1_neuron_8_validation_outputs.npy
2025-05-10 03:56:00,501 - INFO - Waiting for parameters file: /s/ls4/users/selibrin/spiking_researches/correlation_encoding_and_training/mnist/hpo/mozafari_spk_single_input_multi_out/hpo_data/hpo_iteration_data/4339501/params_1_8.pkl
2025-05-10 03:56:15,522 - INFO - Loaded HPO parameters
2025-05-10 03:56:15,523 - INFO - Preparing datasets...
2025-05-10 03:56:16,671 - INFO - Prepared datasets: 1151 train & 1000 validation samples
2025-05-10 03:56:16,828 - INFO - Initializing model...
2025-05-10 03:56:16,833 - INFO - Fitting model...
2025-05-10 04:03:26,192 - INFO - Saved weights to /s/ls4/users/selibrin/spiking_researches/correlation_encoding_and_training/mnist/hpo/mozafari_spk_single_input_multi_out/hpo_data/hpo_iteration_data/4339501/estimator_1_neuron_8_weights.npy
2025-05-10 04:03:26,193 - INFO - Evaluating model...
2025-05-10 04:09:21,755 - INFO - Saved validation outputs to /s/ls4/users/selibrin/spiking_researches/correlation_encoding_and_training/mnist/hpo/mozafari_spk_single_input_multi_out/hpo_data/hpo_iteration_data/4339501/estimator_1_neuron_8_validation_outputs.npy
2025-05-10 04:09:21,755 - INFO - Waiting for parameters file: /s/ls4/users/selibrin/spiking_researches/correlation_encoding_and_training/mnist/hpo/mozafari_spk_single_input_multi_out/hpo_data/hpo_iteration_data/4339501/params_1_8.pkl
2025-05-10 04:10:21,825 - INFO - Loaded HPO parameters
2025-05-10 04:10:21,825 - INFO - Preparing datasets...
2025-05-10 04:10:22,907 - INFO - Prepared datasets: 1151 train & 1000 validation samples
2025-05-10 04:10:23,029 - INFO - Initializing model...
2025-05-10 04:10:23,033 - INFO - Fitting model...
2025-05-10 04:18:07,037 - INFO - Saved weights to /s/ls4/users/selibrin/spiking_researches/correlation_encoding_and_training/mnist/hpo/mozafari_spk_single_input_multi_out/hpo_data/hpo_iteration_data/4339501/estimator_1_neuron_8_weights.npy
2025-05-10 04:18:07,037 - INFO - Evaluating model...
2025-05-10 04:23:57,198 - INFO - Saved validation outputs to /s/ls4/users/selibrin/spiking_researches/correlation_encoding_and_training/mnist/hpo/mozafari_spk_single_input_multi_out/hpo_data/hpo_iteration_data/4339501/estimator_1_neuron_8_validation_outputs.npy
2025-05-10 04:23:57,199 - INFO - Waiting for parameters file: /s/ls4/users/selibrin/spiking_researches/correlation_encoding_and_training/mnist/hpo/mozafari_spk_single_input_multi_out/hpo_data/hpo_iteration_data/4339501/params_1_8.pkl
2025-05-10 04:24:27,250 - INFO - Loaded HPO parameters
2025-05-10 04:24:27,250 - INFO - Preparing datasets...
2025-05-10 04:24:28,371 - INFO - Prepared datasets: 575 train & 1000 validation samples
2025-05-10 04:24:28,530 - INFO - Initializing model...
2025-05-10 04:24:28,535 - INFO - Fitting model...
2025-05-10 04:27:55,937 - INFO - Saved weights to /s/ls4/users/selibrin/spiking_researches/correlation_encoding_and_training/mnist/hpo/mozafari_spk_single_input_multi_out/hpo_data/hpo_iteration_data/4339501/estimator_1_neuron_8_weights.npy
2025-05-10 04:27:55,938 - INFO - Evaluating model...
2025-05-10 04:34:02,856 - INFO - Saved validation outputs to /s/ls4/users/selibrin/spiking_researches/correlation_encoding_and_training/mnist/hpo/mozafari_spk_single_input_multi_out/hpo_data/hpo_iteration_data/4339501/estimator_1_neuron_8_validation_outputs.npy
2025-05-10 04:34:02,856 - INFO - Waiting for parameters file: /s/ls4/users/selibrin/spiking_researches/correlation_encoding_and_training/mnist/hpo/mozafari_spk_single_input_multi_out/hpo_data/hpo_iteration_data/4339501/params_1_8.pkl
2025-05-10 04:34:32,894 - INFO - Loaded HPO parameters
2025-05-10 04:34:32,895 - INFO - Preparing datasets...
2025-05-10 04:34:33,990 - INFO - Prepared datasets: 287 train & 1000 validation samples
2025-05-10 04:34:34,154 - INFO - Initializing model...
2025-05-10 04:34:34,159 - INFO - Fitting model...
2025-05-10 04:36:26,312 - INFO - Saved weights to /s/ls4/users/selibrin/spiking_researches/correlation_encoding_and_training/mnist/hpo/mozafari_spk_single_input_multi_out/hpo_data/hpo_iteration_data/4339501/estimator_1_neuron_8_weights.npy
2025-05-10 04:36:26,313 - INFO - Evaluating model...
2025-05-10 04:42:29,200 - INFO - Saved validation outputs to /s/ls4/users/selibrin/spiking_researches/correlation_encoding_and_training/mnist/hpo/mozafari_spk_single_input_multi_out/hpo_data/hpo_iteration_data/4339501/estimator_1_neuron_8_validation_outputs.npy
2025-05-10 04:42:29,201 - INFO - Waiting for parameters file: /s/ls4/users/selibrin/spiking_researches/correlation_encoding_and_training/mnist/hpo/mozafari_spk_single_input_multi_out/hpo_data/hpo_iteration_data/4339501/params_1_8.pkl
2025-05-10 04:43:09,251 - INFO - Loaded HPO parameters
2025-05-10 04:43:09,251 - INFO - Preparing datasets...
2025-05-10 04:43:10,373 - INFO - Prepared datasets: 1151 train & 1000 validation samples
2025-05-10 04:43:10,492 - INFO - Initializing model...
2025-05-10 04:43:10,497 - INFO - Fitting model...
2025-05-10 04:50:20,233 - INFO - Saved weights to /s/ls4/users/selibrin/spiking_researches/correlation_encoding_and_training/mnist/hpo/mozafari_spk_single_input_multi_out/hpo_data/hpo_iteration_data/4339501/estimator_1_neuron_8_weights.npy
2025-05-10 04:50:20,233 - INFO - Evaluating model...
2025-05-10 04:56:18,634 - INFO - Saved validation outputs to /s/ls4/users/selibrin/spiking_researches/correlation_encoding_and_training/mnist/hpo/mozafari_spk_single_input_multi_out/hpo_data/hpo_iteration_data/4339501/estimator_1_neuron_8_validation_outputs.npy
2025-05-10 04:56:18,635 - INFO - Waiting for parameters file: /s/ls4/users/selibrin/spiking_researches/correlation_encoding_and_training/mnist/hpo/mozafari_spk_single_input_multi_out/hpo_data/hpo_iteration_data/4339501/params_1_8.pkl
2025-05-10 04:57:13,722 - INFO - Loaded HPO parameters
2025-05-10 04:57:13,723 - INFO - Preparing datasets...
2025-05-10 04:57:14,851 - INFO - Prepared datasets: 1151 train & 1000 validation samples
2025-05-10 04:57:14,988 - INFO - Initializing model...
2025-05-10 04:57:14,995 - INFO - Fitting model...
2025-05-10 05:04:18,298 - INFO - Saved weights to /s/ls4/users/selibrin/spiking_researches/correlation_encoding_and_training/mnist/hpo/mozafari_spk_single_input_multi_out/hpo_data/hpo_iteration_data/4339501/estimator_1_neuron_8_weights.npy
2025-05-10 05:04:18,298 - INFO - Evaluating model...
2025-05-10 05:10:23,890 - INFO - Saved validation outputs to /s/ls4/users/selibrin/spiking_researches/correlation_encoding_and_training/mnist/hpo/mozafari_spk_single_input_multi_out/hpo_data/hpo_iteration_data/4339501/estimator_1_neuron_8_validation_outputs.npy
2025-05-10 05:10:23,890 - INFO - Waiting for parameters file: /s/ls4/users/selibrin/spiking_researches/correlation_encoding_and_training/mnist/hpo/mozafari_spk_single_input_multi_out/hpo_data/hpo_iteration_data/4339501/params_1_8.pkl
2025-05-10 05:11:23,955 - INFO - Loaded HPO parameters
2025-05-10 05:11:23,955 - INFO - Preparing datasets...
2025-05-10 05:11:24,941 - INFO - Prepared datasets: 1151 train & 1000 validation samples
2025-05-10 05:11:25,127 - INFO - Initializing model...
2025-05-10 05:11:25,134 - INFO - Fitting model...
2025-05-10 05:18:38,257 - INFO - Saved weights to /s/ls4/users/selibrin/spiking_researches/correlation_encoding_and_training/mnist/hpo/mozafari_spk_single_input_multi_out/hpo_data/hpo_iteration_data/4339501/estimator_1_neuron_8_weights.npy
2025-05-10 05:18:38,258 - INFO - Evaluating model...
2025-05-10 05:24:41,851 - INFO - Saved validation outputs to /s/ls4/users/selibrin/spiking_researches/correlation_encoding_and_training/mnist/hpo/mozafari_spk_single_input_multi_out/hpo_data/hpo_iteration_data/4339501/estimator_1_neuron_8_validation_outputs.npy
2025-05-10 05:24:41,852 - INFO - Waiting for parameters file: /s/ls4/users/selibrin/spiking_researches/correlation_encoding_and_training/mnist/hpo/mozafari_spk_single_input_multi_out/hpo_data/hpo_iteration_data/4339501/params_1_8.pkl
2025-05-10 05:25:26,907 - INFO - Loaded HPO parameters
2025-05-10 05:25:26,907 - INFO - Preparing datasets...
2025-05-10 05:25:27,973 - INFO - Prepared datasets: 1151 train & 1000 validation samples
2025-05-10 05:25:28,104 - INFO - Initializing model...
2025-05-10 05:25:28,109 - INFO - Fitting model...
2025-05-10 05:32:41,168 - INFO - Saved weights to /s/ls4/users/selibrin/spiking_researches/correlation_encoding_and_training/mnist/hpo/mozafari_spk_single_input_multi_out/hpo_data/hpo_iteration_data/4339501/estimator_1_neuron_8_weights.npy
2025-05-10 05:32:41,169 - INFO - Evaluating model...
2025-05-10 05:38:41,656 - INFO - Saved validation outputs to /s/ls4/users/selibrin/spiking_researches/correlation_encoding_and_training/mnist/hpo/mozafari_spk_single_input_multi_out/hpo_data/hpo_iteration_data/4339501/estimator_1_neuron_8_validation_outputs.npy
2025-05-10 05:38:41,656 - INFO - Waiting for parameters file: /s/ls4/users/selibrin/spiking_researches/correlation_encoding_and_training/mnist/hpo/mozafari_spk_single_input_multi_out/hpo_data/hpo_iteration_data/4339501/params_1_8.pkl
2025-05-10 05:39:31,717 - INFO - Loaded HPO parameters
2025-05-10 05:39:31,717 - INFO - Preparing datasets...
2025-05-10 05:39:33,366 - INFO - Prepared datasets: 1151 train & 1000 validation samples
2025-05-10 05:39:33,529 - INFO - Initializing model...
2025-05-10 05:39:33,535 - INFO - Fitting model...
2025-05-10 05:46:58,686 - INFO - Saved weights to /s/ls4/users/selibrin/spiking_researches/correlation_encoding_and_training/mnist/hpo/mozafari_spk_single_input_multi_out/hpo_data/hpo_iteration_data/4339501/estimator_1_neuron_8_weights.npy
2025-05-10 05:46:58,686 - INFO - Evaluating model...
2025-05-10 05:53:17,409 - INFO - Saved validation outputs to /s/ls4/users/selibrin/spiking_researches/correlation_encoding_and_training/mnist/hpo/mozafari_spk_single_input_multi_out/hpo_data/hpo_iteration_data/4339501/estimator_1_neuron_8_validation_outputs.npy
2025-05-10 05:53:17,409 - INFO - Waiting for parameters file: /s/ls4/users/selibrin/spiking_researches/correlation_encoding_and_training/mnist/hpo/mozafari_spk_single_input_multi_out/hpo_data/hpo_iteration_data/4339501/params_1_8.pkl
2025-05-10 05:53:42,445 - INFO - Loaded HPO parameters
2025-05-10 05:53:42,446 - INFO - Preparing datasets...
2025-05-10 05:53:43,563 - INFO - Prepared datasets: 1151 train & 1000 validation samples
2025-05-10 05:53:43,572 - INFO - Initializing model...
2025-05-10 05:53:43,577 - INFO - Fitting model...
2025-05-10 06:00:23,678 - INFO - Saved weights to /s/ls4/users/selibrin/spiking_researches/correlation_encoding_and_training/mnist/hpo/mozafari_spk_single_input_multi_out/hpo_data/hpo_iteration_data/4339501/estimator_1_neuron_8_weights.npy
2025-05-10 06:00:23,678 - INFO - Evaluating model...
2025-05-10 06:06:13,395 - INFO - Saved validation outputs to /s/ls4/users/selibrin/spiking_researches/correlation_encoding_and_training/mnist/hpo/mozafari_spk_single_input_multi_out/hpo_data/hpo_iteration_data/4339501/estimator_1_neuron_8_validation_outputs.npy
2025-05-10 06:06:13,395 - INFO - Waiting for parameters file: /s/ls4/users/selibrin/spiking_researches/correlation_encoding_and_training/mnist/hpo/mozafari_spk_single_input_multi_out/hpo_data/hpo_iteration_data/4339501/params_1_8.pkl
2025-05-10 06:07:48,506 - INFO - Loaded HPO parameters
2025-05-10 06:07:48,506 - INFO - Preparing datasets...
2025-05-10 06:07:49,671 - INFO - Prepared datasets: 1151 train & 1000 validation samples
2025-05-10 06:07:49,819 - INFO - Initializing model...
2025-05-10 06:07:49,823 - INFO - Fitting model...
2025-05-10 06:14:40,288 - INFO - Saved weights to /s/ls4/users/selibrin/spiking_researches/correlation_encoding_and_training/mnist/hpo/mozafari_spk_single_input_multi_out/hpo_data/hpo_iteration_data/4339501/estimator_1_neuron_8_weights.npy
2025-05-10 06:14:40,289 - INFO - Evaluating model...
2025-05-10 06:20:23,469 - INFO - Saved validation outputs to /s/ls4/users/selibrin/spiking_researches/correlation_encoding_and_training/mnist/hpo/mozafari_spk_single_input_multi_out/hpo_data/hpo_iteration_data/4339501/estimator_1_neuron_8_validation_outputs.npy
2025-05-10 06:20:23,469 - INFO - Waiting for parameters file: /s/ls4/users/selibrin/spiking_researches/correlation_encoding_and_training/mnist/hpo/mozafari_spk_single_input_multi_out/hpo_data/hpo_iteration_data/4339501/params_1_8.pkl
2025-05-10 06:21:53,565 - INFO - Loaded HPO parameters
2025-05-10 06:21:53,565 - INFO - Preparing datasets...
2025-05-10 06:21:54,738 - INFO - Prepared datasets: 287 train & 1000 validation samples
2025-05-10 06:21:54,899 - INFO - Initializing model...
2025-05-10 06:21:54,904 - INFO - Fitting model...
2025-05-10 06:23:36,719 - INFO - Saved weights to /s/ls4/users/selibrin/spiking_researches/correlation_encoding_and_training/mnist/hpo/mozafari_spk_single_input_multi_out/hpo_data/hpo_iteration_data/4339501/estimator_1_neuron_8_weights.npy
2025-05-10 06:23:36,720 - INFO - Evaluating model...
2025-05-10 06:29:12,396 - INFO - Saved validation outputs to /s/ls4/users/selibrin/spiking_researches/correlation_encoding_and_training/mnist/hpo/mozafari_spk_single_input_multi_out/hpo_data/hpo_iteration_data/4339501/estimator_1_neuron_8_validation_outputs.npy
2025-05-10 06:29:12,396 - INFO - Waiting for parameters file: /s/ls4/users/selibrin/spiking_researches/correlation_encoding_and_training/mnist/hpo/mozafari_spk_single_input_multi_out/hpo_data/hpo_iteration_data/4339501/params_1_8.pkl
2025-05-10 06:30:27,485 - INFO - Loaded HPO parameters
2025-05-10 06:30:27,485 - INFO - Preparing datasets...
2025-05-10 06:30:28,637 - INFO - Prepared datasets: 1151 train & 1000 validation samples
2025-05-10 06:30:28,766 - INFO - Initializing model...
2025-05-10 06:30:28,771 - INFO - Fitting model...
2025-05-10 06:36:59,751 - INFO - Saved weights to /s/ls4/users/selibrin/spiking_researches/correlation_encoding_and_training/mnist/hpo/mozafari_spk_single_input_multi_out/hpo_data/hpo_iteration_data/4339501/estimator_1_neuron_8_weights.npy
2025-05-10 06:36:59,752 - INFO - Evaluating model...
2025-05-10 06:42:26,018 - INFO - Saved validation outputs to /s/ls4/users/selibrin/spiking_researches/correlation_encoding_and_training/mnist/hpo/mozafari_spk_single_input_multi_out/hpo_data/hpo_iteration_data/4339501/estimator_1_neuron_8_validation_outputs.npy
2025-05-10 06:42:26,019 - INFO - Waiting for parameters file: /s/ls4/users/selibrin/spiking_researches/correlation_encoding_and_training/mnist/hpo/mozafari_spk_single_input_multi_out/hpo_data/hpo_iteration_data/4339501/params_1_8.pkl
2025-05-10 06:44:36,165 - INFO - Loaded HPO parameters
2025-05-10 06:44:36,165 - INFO - Preparing datasets...
2025-05-10 06:44:37,231 - INFO - Prepared datasets: 575 train & 1000 validation samples
2025-05-10 06:44:37,408 - INFO - Initializing model...
2025-05-10 06:44:37,413 - INFO - Fitting model...
2025-05-10 06:48:07,104 - INFO - Saved weights to /s/ls4/users/selibrin/spiking_researches/correlation_encoding_and_training/mnist/hpo/mozafari_spk_single_input_multi_out/hpo_data/hpo_iteration_data/4339501/estimator_1_neuron_8_weights.npy
2025-05-10 06:48:07,105 - INFO - Evaluating model...
2025-05-10 06:53:45,023 - INFO - Saved validation outputs to /s/ls4/users/selibrin/spiking_researches/correlation_encoding_and_training/mnist/hpo/mozafari_spk_single_input_multi_out/hpo_data/hpo_iteration_data/4339501/estimator_1_neuron_8_validation_outputs.npy
2025-05-10 06:53:45,024 - INFO - Waiting for parameters file: /s/ls4/users/selibrin/spiking_researches/correlation_encoding_and_training/mnist/hpo/mozafari_spk_single_input_multi_out/hpo_data/hpo_iteration_data/4339501/params_1_8.pkl
2025-05-10 06:55:10,127 - INFO - Loaded HPO parameters
2025-05-10 06:55:10,128 - INFO - Preparing datasets...
2025-05-10 06:55:11,186 - INFO - Prepared datasets: 1151 train & 1000 validation samples
2025-05-10 06:55:11,328 - INFO - Initializing model...
2025-05-10 06:55:11,332 - INFO - Fitting model...
2025-05-10 07:01:41,721 - INFO - Saved weights to /s/ls4/users/selibrin/spiking_researches/correlation_encoding_and_training/mnist/hpo/mozafari_spk_single_input_multi_out/hpo_data/hpo_iteration_data/4339501/estimator_1_neuron_8_weights.npy
2025-05-10 07:01:41,722 - INFO - Evaluating model...
2025-05-10 07:07:31,312 - INFO - Saved validation outputs to /s/ls4/users/selibrin/spiking_researches/correlation_encoding_and_training/mnist/hpo/mozafari_spk_single_input_multi_out/hpo_data/hpo_iteration_data/4339501/estimator_1_neuron_8_validation_outputs.npy
2025-05-10 07:07:31,313 - INFO - Waiting for parameters file: /s/ls4/users/selibrin/spiking_researches/correlation_encoding_and_training/mnist/hpo/mozafari_spk_single_input_multi_out/hpo_data/hpo_iteration_data/4339501/params_1_8.pkl
2025-05-10 07:08:51,405 - INFO - Loaded HPO parameters
2025-05-10 07:08:51,405 - INFO - Preparing datasets...
2025-05-10 07:08:52,566 - INFO - Prepared datasets: 1151 train & 1000 validation samples
2025-05-10 07:08:52,677 - INFO - Initializing model...
2025-05-10 07:08:52,681 - INFO - Fitting model...
2025-05-10 07:15:39,511 - INFO - Saved weights to /s/ls4/users/selibrin/spiking_researches/correlation_encoding_and_training/mnist/hpo/mozafari_spk_single_input_multi_out/hpo_data/hpo_iteration_data/4339501/estimator_1_neuron_8_weights.npy
2025-05-10 07:15:39,511 - INFO - Evaluating model...
2025-05-10 07:21:31,828 - INFO - Saved validation outputs to /s/ls4/users/selibrin/spiking_researches/correlation_encoding_and_training/mnist/hpo/mozafari_spk_single_input_multi_out/hpo_data/hpo_iteration_data/4339501/estimator_1_neuron_8_validation_outputs.npy
2025-05-10 07:21:31,829 - INFO - Waiting for parameters file: /s/ls4/users/selibrin/spiking_researches/correlation_encoding_and_training/mnist/hpo/mozafari_spk_single_input_multi_out/hpo_data/hpo_iteration_data/4339501/params_1_8.pkl
2025-05-10 07:22:56,926 - INFO - Loaded HPO parameters
2025-05-10 07:22:56,927 - INFO - Preparing datasets...
2025-05-10 07:22:58,052 - INFO - Prepared datasets: 575 train & 1000 validation samples
2025-05-10 07:22:58,245 - INFO - Initializing model...
2025-05-10 07:22:58,250 - INFO - Fitting model...
2025-05-10 07:26:19,563 - INFO - Saved weights to /s/ls4/users/selibrin/spiking_researches/correlation_encoding_and_training/mnist/hpo/mozafari_spk_single_input_multi_out/hpo_data/hpo_iteration_data/4339501/estimator_1_neuron_8_weights.npy
2025-05-10 07:26:19,563 - INFO - Evaluating model...
2025-05-10 07:31:49,367 - INFO - Saved validation outputs to /s/ls4/users/selibrin/spiking_researches/correlation_encoding_and_training/mnist/hpo/mozafari_spk_single_input_multi_out/hpo_data/hpo_iteration_data/4339501/estimator_1_neuron_8_validation_outputs.npy
2025-05-10 07:31:49,367 - INFO - Waiting for parameters file: /s/ls4/users/selibrin/spiking_researches/correlation_encoding_and_training/mnist/hpo/mozafari_spk_single_input_multi_out/hpo_data/hpo_iteration_data/4339501/params_1_8.pkl
2025-05-10 07:32:59,451 - INFO - Loaded HPO parameters
2025-05-10 07:32:59,451 - INFO - Preparing datasets...
2025-05-10 07:33:00,506 - INFO - Prepared datasets: 287 train & 1000 validation samples
2025-05-10 07:33:00,647 - INFO - Initializing model...
2025-05-10 07:33:00,652 - INFO - Fitting model...
2025-05-10 07:34:41,788 - INFO - Saved weights to /s/ls4/users/selibrin/spiking_researches/correlation_encoding_and_training/mnist/hpo/mozafari_spk_single_input_multi_out/hpo_data/hpo_iteration_data/4339501/estimator_1_neuron_8_weights.npy
2025-05-10 07:34:41,789 - INFO - Evaluating model...
2025-05-10 07:40:19,608 - INFO - Saved validation outputs to /s/ls4/users/selibrin/spiking_researches/correlation_encoding_and_training/mnist/hpo/mozafari_spk_single_input_multi_out/hpo_data/hpo_iteration_data/4339501/estimator_1_neuron_8_validation_outputs.npy
2025-05-10 07:40:19,608 - INFO - Waiting for parameters file: /s/ls4/users/selibrin/spiking_researches/correlation_encoding_and_training/mnist/hpo/mozafari_spk_single_input_multi_out/hpo_data/hpo_iteration_data/4339501/params_1_8.pkl
2025-05-10 07:41:39,704 - INFO - Loaded HPO parameters
2025-05-10 07:41:39,704 - INFO - Preparing datasets...
2025-05-10 07:41:40,879 - INFO - Prepared datasets: 1151 train & 1000 validation samples
2025-05-10 07:41:41,025 - INFO - Initializing model...
2025-05-10 07:41:41,029 - INFO - Fitting model...
2025-05-10 07:48:26,104 - INFO - Saved weights to /s/ls4/users/selibrin/spiking_researches/correlation_encoding_and_training/mnist/hpo/mozafari_spk_single_input_multi_out/hpo_data/hpo_iteration_data/4339501/estimator_1_neuron_8_weights.npy
2025-05-10 07:48:26,104 - INFO - Evaluating model...
2025-05-10 07:54:16,420 - INFO - Saved validation outputs to /s/ls4/users/selibrin/spiking_researches/correlation_encoding_and_training/mnist/hpo/mozafari_spk_single_input_multi_out/hpo_data/hpo_iteration_data/4339501/estimator_1_neuron_8_validation_outputs.npy
2025-05-10 07:54:16,421 - INFO - Waiting for parameters file: /s/ls4/users/selibrin/spiking_researches/correlation_encoding_and_training/mnist/hpo/mozafari_spk_single_input_multi_out/hpo_data/hpo_iteration_data/4339501/params_1_8.pkl
2025-05-10 07:55:46,550 - INFO - Loaded HPO parameters
2025-05-10 07:55:46,550 - INFO - Preparing datasets...
2025-05-10 07:55:47,542 - INFO - Prepared datasets: 1151 train & 1000 validation samples
2025-05-10 07:55:47,698 - INFO - Initializing model...
2025-05-10 07:55:47,703 - INFO - Fitting model...
2025-05-10 08:02:45,454 - INFO - Saved weights to /s/ls4/users/selibrin/spiking_researches/correlation_encoding_and_training/mnist/hpo/mozafari_spk_single_input_multi_out/hpo_data/hpo_iteration_data/4339501/estimator_1_neuron_8_weights.npy
2025-05-10 08:02:45,454 - INFO - Evaluating model...
2025-05-10 08:08:28,909 - INFO - Saved validation outputs to /s/ls4/users/selibrin/spiking_researches/correlation_encoding_and_training/mnist/hpo/mozafari_spk_single_input_multi_out/hpo_data/hpo_iteration_data/4339501/estimator_1_neuron_8_validation_outputs.npy
2025-05-10 08:08:28,909 - INFO - Waiting for parameters file: /s/ls4/users/selibrin/spiking_researches/correlation_encoding_and_training/mnist/hpo/mozafari_spk_single_input_multi_out/hpo_data/hpo_iteration_data/4339501/params_1_8.pkl
2025-05-10 08:09:49,002 - INFO - Loaded HPO parameters
2025-05-10 08:09:49,003 - INFO - Preparing datasets...
2025-05-10 08:09:50,207 - INFO - Prepared datasets: 1151 train & 1000 validation samples
2025-05-10 08:09:50,327 - INFO - Initializing model...
2025-05-10 08:09:50,331 - INFO - Fitting model...
2025-05-10 08:16:31,167 - INFO - Saved weights to /s/ls4/users/selibrin/spiking_researches/correlation_encoding_and_training/mnist/hpo/mozafari_spk_single_input_multi_out/hpo_data/hpo_iteration_data/4339501/estimator_1_neuron_8_weights.npy
2025-05-10 08:16:31,168 - INFO - Evaluating model...
2025-05-10 08:22:17,177 - INFO - Saved validation outputs to /s/ls4/users/selibrin/spiking_researches/correlation_encoding_and_training/mnist/hpo/mozafari_spk_single_input_multi_out/hpo_data/hpo_iteration_data/4339501/estimator_1_neuron_8_validation_outputs.npy
2025-05-10 08:22:17,178 - INFO - Waiting for parameters file: /s/ls4/users/selibrin/spiking_researches/correlation_encoding_and_training/mnist/hpo/mozafari_spk_single_input_multi_out/hpo_data/hpo_iteration_data/4339501/params_1_8.pkl
2025-05-10 08:23:57,295 - INFO - Loaded HPO parameters
2025-05-10 08:23:57,295 - INFO - Preparing datasets...
2025-05-10 08:23:58,421 - INFO - Prepared datasets: 287 train & 1000 validation samples
2025-05-10 08:23:58,553 - INFO - Initializing model...
2025-05-10 08:23:58,558 - INFO - Fitting model...
2025-05-10 08:25:44,015 - INFO - Saved weights to /s/ls4/users/selibrin/spiking_researches/correlation_encoding_and_training/mnist/hpo/mozafari_spk_single_input_multi_out/hpo_data/hpo_iteration_data/4339501/estimator_1_neuron_8_weights.npy
2025-05-10 08:25:44,015 - INFO - Evaluating model...
2025-05-10 08:31:35,796 - INFO - Saved validation outputs to /s/ls4/users/selibrin/spiking_researches/correlation_encoding_and_training/mnist/hpo/mozafari_spk_single_input_multi_out/hpo_data/hpo_iteration_data/4339501/estimator_1_neuron_8_validation_outputs.npy
2025-05-10 08:31:35,796 - INFO - Waiting for parameters file: /s/ls4/users/selibrin/spiking_researches/correlation_encoding_and_training/mnist/hpo/mozafari_spk_single_input_multi_out/hpo_data/hpo_iteration_data/4339501/params_1_8.pkl
2025-05-10 08:32:35,868 - INFO - Loaded HPO parameters
2025-05-10 08:32:35,868 - INFO - Preparing datasets...
2025-05-10 08:32:36,898 - INFO - Prepared datasets: 287 train & 1000 validation samples
2025-05-10 08:32:37,061 - INFO - Initializing model...
2025-05-10 08:32:37,065 - INFO - Fitting model...
2025-05-10 08:34:23,567 - INFO - Saved weights to /s/ls4/users/selibrin/spiking_researches/correlation_encoding_and_training/mnist/hpo/mozafari_spk_single_input_multi_out/hpo_data/hpo_iteration_data/4339501/estimator_1_neuron_8_weights.npy
2025-05-10 08:34:23,568 - INFO - Evaluating model...
2025-05-10 08:40:07,358 - INFO - Saved validation outputs to /s/ls4/users/selibrin/spiking_researches/correlation_encoding_and_training/mnist/hpo/mozafari_spk_single_input_multi_out/hpo_data/hpo_iteration_data/4339501/estimator_1_neuron_8_validation_outputs.npy
2025-05-10 08:40:07,359 - INFO - Waiting for parameters file: /s/ls4/users/selibrin/spiking_researches/correlation_encoding_and_training/mnist/hpo/mozafari_spk_single_input_multi_out/hpo_data/hpo_iteration_data/4339501/params_1_8.pkl
2025-05-10 08:41:42,465 - INFO - Loaded HPO parameters
2025-05-10 08:41:42,465 - INFO - Preparing datasets...
2025-05-10 08:41:43,551 - INFO - Prepared datasets: 287 train & 1000 validation samples
2025-05-10 08:41:43,662 - INFO - Initializing model...
2025-05-10 08:41:43,666 - INFO - Fitting model...
2025-05-10 08:43:31,286 - INFO - Saved weights to /s/ls4/users/selibrin/spiking_researches/correlation_encoding_and_training/mnist/hpo/mozafari_spk_single_input_multi_out/hpo_data/hpo_iteration_data/4339501/estimator_1_neuron_8_weights.npy
2025-05-10 08:43:31,286 - INFO - Evaluating model...
2025-05-10 08:49:17,817 - INFO - Saved validation outputs to /s/ls4/users/selibrin/spiking_researches/correlation_encoding_and_training/mnist/hpo/mozafari_spk_single_input_multi_out/hpo_data/hpo_iteration_data/4339501/estimator_1_neuron_8_validation_outputs.npy
2025-05-10 08:49:17,817 - INFO - Waiting for parameters file: /s/ls4/users/selibrin/spiking_researches/correlation_encoding_and_training/mnist/hpo/mozafari_spk_single_input_multi_out/hpo_data/hpo_iteration_data/4339501/params_1_8.pkl
2025-05-10 08:49:47,855 - INFO - Loaded HPO parameters
2025-05-10 08:49:47,856 - INFO - Preparing datasets...
2025-05-10 08:49:48,951 - INFO - Prepared datasets: 1151 train & 1000 validation samples
2025-05-10 08:49:49,087 - INFO - Initializing model...
2025-05-10 08:49:49,093 - INFO - Fitting model...
2025-05-10 08:57:10,635 - INFO - Saved weights to /s/ls4/users/selibrin/spiking_researches/correlation_encoding_and_training/mnist/hpo/mozafari_spk_single_input_multi_out/hpo_data/hpo_iteration_data/4339501/estimator_1_neuron_8_weights.npy
2025-05-10 08:57:10,635 - INFO - Evaluating model...
2025-05-10 09:03:05,744 - INFO - Saved validation outputs to /s/ls4/users/selibrin/spiking_researches/correlation_encoding_and_training/mnist/hpo/mozafari_spk_single_input_multi_out/hpo_data/hpo_iteration_data/4339501/estimator_1_neuron_8_validation_outputs.npy
2025-05-10 09:03:05,745 - INFO - Waiting for parameters file: /s/ls4/users/selibrin/spiking_researches/correlation_encoding_and_training/mnist/hpo/mozafari_spk_single_input_multi_out/hpo_data/hpo_iteration_data/4339501/params_1_8.pkl
2025-05-10 09:04:20,837 - INFO - Loaded HPO parameters
2025-05-10 09:04:20,838 - INFO - Preparing datasets...
2025-05-10 09:04:21,977 - INFO - Prepared datasets: 575 train & 1000 validation samples
2025-05-10 09:04:22,120 - INFO - Initializing model...
2025-05-10 09:04:22,125 - INFO - Fitting model...
2025-05-10 09:07:54,172 - INFO - Saved weights to /s/ls4/users/selibrin/spiking_researches/correlation_encoding_and_training/mnist/hpo/mozafari_spk_single_input_multi_out/hpo_data/hpo_iteration_data/4339501/estimator_1_neuron_8_weights.npy
2025-05-10 09:07:54,173 - INFO - Evaluating model...
2025-05-10 09:13:52,265 - INFO - Saved validation outputs to /s/ls4/users/selibrin/spiking_researches/correlation_encoding_and_training/mnist/hpo/mozafari_spk_single_input_multi_out/hpo_data/hpo_iteration_data/4339501/estimator_1_neuron_8_validation_outputs.npy
2025-05-10 09:13:52,265 - INFO - Waiting for parameters file: /s/ls4/users/selibrin/spiking_researches/correlation_encoding_and_training/mnist/hpo/mozafari_spk_single_input_multi_out/hpo_data/hpo_iteration_data/4339501/params_1_8.pkl
2025-05-10 09:14:57,343 - INFO - Loaded HPO parameters
2025-05-10 09:14:57,343 - INFO - Preparing datasets...
2025-05-10 09:14:58,432 - INFO - Prepared datasets: 287 train & 1000 validation samples
2025-05-10 09:14:58,571 - INFO - Initializing model...
2025-05-10 09:14:58,575 - INFO - Fitting model...
2025-05-10 09:16:49,361 - INFO - Saved weights to /s/ls4/users/selibrin/spiking_researches/correlation_encoding_and_training/mnist/hpo/mozafari_spk_single_input_multi_out/hpo_data/hpo_iteration_data/4339501/estimator_1_neuron_8_weights.npy
2025-05-10 09:16:49,361 - INFO - Evaluating model...
2025-05-10 09:22:33,105 - INFO - Saved validation outputs to /s/ls4/users/selibrin/spiking_researches/correlation_encoding_and_training/mnist/hpo/mozafari_spk_single_input_multi_out/hpo_data/hpo_iteration_data/4339501/estimator_1_neuron_8_validation_outputs.npy
2025-05-10 09:22:33,105 - INFO - Waiting for parameters file: /s/ls4/users/selibrin/spiking_researches/correlation_encoding_and_training/mnist/hpo/mozafari_spk_single_input_multi_out/hpo_data/hpo_iteration_data/4339501/params_1_8.pkl
2025-05-10 09:23:33,178 - INFO - Loaded HPO parameters
2025-05-10 09:23:33,179 - INFO - Preparing datasets...
2025-05-10 09:23:34,274 - INFO - Prepared datasets: 287 train & 1000 validation samples
2025-05-10 09:23:34,438 - INFO - Initializing model...
2025-05-10 09:23:34,442 - INFO - Fitting model...
2025-05-10 09:25:29,130 - INFO - Saved weights to /s/ls4/users/selibrin/spiking_researches/correlation_encoding_and_training/mnist/hpo/mozafari_spk_single_input_multi_out/hpo_data/hpo_iteration_data/4339501/estimator_1_neuron_8_weights.npy
2025-05-10 09:25:29,131 - INFO - Evaluating model...
2025-05-10 09:31:32,326 - INFO - Saved validation outputs to /s/ls4/users/selibrin/spiking_researches/correlation_encoding_and_training/mnist/hpo/mozafari_spk_single_input_multi_out/hpo_data/hpo_iteration_data/4339501/estimator_1_neuron_8_validation_outputs.npy
2025-05-10 09:31:32,327 - INFO - Waiting for parameters file: /s/ls4/users/selibrin/spiking_researches/correlation_encoding_and_training/mnist/hpo/mozafari_spk_single_input_multi_out/hpo_data/hpo_iteration_data/4339501/params_1_8.pkl
2025-05-10 09:32:12,383 - INFO - Loaded HPO parameters
2025-05-10 09:32:12,383 - INFO - Preparing datasets...
2025-05-10 09:32:13,421 - INFO - Prepared datasets: 1151 train & 1000 validation samples
2025-05-10 09:32:13,572 - INFO - Initializing model...
2025-05-10 09:32:13,577 - INFO - Fitting model...
2025-05-10 09:39:08,996 - INFO - Saved weights to /s/ls4/users/selibrin/spiking_researches/correlation_encoding_and_training/mnist/hpo/mozafari_spk_single_input_multi_out/hpo_data/hpo_iteration_data/4339501/estimator_1_neuron_8_weights.npy
2025-05-10 09:39:08,997 - INFO - Evaluating model...
2025-05-10 09:44:53,632 - INFO - Saved validation outputs to /s/ls4/users/selibrin/spiking_researches/correlation_encoding_and_training/mnist/hpo/mozafari_spk_single_input_multi_out/hpo_data/hpo_iteration_data/4339501/estimator_1_neuron_8_validation_outputs.npy
2025-05-10 09:44:53,632 - INFO - Waiting for parameters file: /s/ls4/users/selibrin/spiking_researches/correlation_encoding_and_training/mnist/hpo/mozafari_spk_single_input_multi_out/hpo_data/hpo_iteration_data/4339501/params_1_8.pkl
2025-05-10 09:47:18,790 - INFO - Loaded HPO parameters
2025-05-10 09:47:18,791 - INFO - Preparing datasets...
2025-05-10 09:47:19,913 - INFO - Prepared datasets: 575 train & 1000 validation samples
2025-05-10 09:47:20,074 - INFO - Initializing model...
2025-05-10 09:47:20,081 - INFO - Fitting model...
2025-05-10 09:51:05,599 - INFO - Saved weights to /s/ls4/users/selibrin/spiking_researches/correlation_encoding_and_training/mnist/hpo/mozafari_spk_single_input_multi_out/hpo_data/hpo_iteration_data/4339501/estimator_1_neuron_8_weights.npy
2025-05-10 09:51:05,600 - INFO - Evaluating model...
2025-05-10 09:56:39,612 - INFO - Saved validation outputs to /s/ls4/users/selibrin/spiking_researches/correlation_encoding_and_training/mnist/hpo/mozafari_spk_single_input_multi_out/hpo_data/hpo_iteration_data/4339501/estimator_1_neuron_8_validation_outputs.npy
2025-05-10 09:56:39,613 - INFO - Waiting for parameters file: /s/ls4/users/selibrin/spiking_researches/correlation_encoding_and_training/mnist/hpo/mozafari_spk_single_input_multi_out/hpo_data/hpo_iteration_data/4339501/params_1_8.pkl
2025-05-10 09:58:24,738 - INFO - Loaded HPO parameters
2025-05-10 09:58:24,738 - INFO - Preparing datasets...
2025-05-10 09:58:25,829 - INFO - Prepared datasets: 1151 train & 1000 validation samples
2025-05-10 09:58:25,972 - INFO - Initializing model...
2025-05-10 09:58:25,977 - INFO - Fitting model...
2025-05-10 10:05:05,845 - INFO - Saved weights to /s/ls4/users/selibrin/spiking_researches/correlation_encoding_and_training/mnist/hpo/mozafari_spk_single_input_multi_out/hpo_data/hpo_iteration_data/4339501/estimator_1_neuron_8_weights.npy
2025-05-10 10:05:05,846 - INFO - Evaluating model...
2025-05-10 10:10:46,143 - INFO - Saved validation outputs to /s/ls4/users/selibrin/spiking_researches/correlation_encoding_and_training/mnist/hpo/mozafari_spk_single_input_multi_out/hpo_data/hpo_iteration_data/4339501/estimator_1_neuron_8_validation_outputs.npy
2025-05-10 10:10:46,144 - INFO - Waiting for parameters file: /s/ls4/users/selibrin/spiking_researches/correlation_encoding_and_training/mnist/hpo/mozafari_spk_single_input_multi_out/hpo_data/hpo_iteration_data/4339501/params_1_8.pkl
2025-05-10 10:13:01,299 - INFO - Loaded HPO parameters
2025-05-10 10:13:01,299 - INFO - Preparing datasets...
2025-05-10 10:13:02,320 - INFO - Prepared datasets: 287 train & 1000 validation samples
2025-05-10 10:13:02,485 - INFO - Initializing model...
2025-05-10 10:13:02,489 - INFO - Fitting model...
2025-05-10 10:14:58,910 - INFO - Saved weights to /s/ls4/users/selibrin/spiking_researches/correlation_encoding_and_training/mnist/hpo/mozafari_spk_single_input_multi_out/hpo_data/hpo_iteration_data/4339501/estimator_1_neuron_8_weights.npy
2025-05-10 10:14:58,911 - INFO - Evaluating model...
2025-05-10 10:20:49,924 - INFO - Saved validation outputs to /s/ls4/users/selibrin/spiking_researches/correlation_encoding_and_training/mnist/hpo/mozafari_spk_single_input_multi_out/hpo_data/hpo_iteration_data/4339501/estimator_1_neuron_8_validation_outputs.npy
2025-05-10 10:20:49,924 - INFO - Waiting for parameters file: /s/ls4/users/selibrin/spiking_researches/correlation_encoding_and_training/mnist/hpo/mozafari_spk_single_input_multi_out/hpo_data/hpo_iteration_data/4339501/params_1_8.pkl
2025-05-10 10:21:39,985 - INFO - Loaded HPO parameters
2025-05-10 10:21:39,986 - INFO - Preparing datasets...
2025-05-10 10:21:41,102 - INFO - Prepared datasets: 1151 train & 1000 validation samples
2025-05-10 10:21:41,244 - INFO - Initializing model...
2025-05-10 10:21:41,249 - INFO - Fitting model...
2025-05-10 10:28:19,040 - INFO - Saved weights to /s/ls4/users/selibrin/spiking_researches/correlation_encoding_and_training/mnist/hpo/mozafari_spk_single_input_multi_out/hpo_data/hpo_iteration_data/4339501/estimator_1_neuron_8_weights.npy
2025-05-10 10:28:19,041 - INFO - Evaluating model...
2025-05-10 10:33:54,561 - INFO - Saved validation outputs to /s/ls4/users/selibrin/spiking_researches/correlation_encoding_and_training/mnist/hpo/mozafari_spk_single_input_multi_out/hpo_data/hpo_iteration_data/4339501/estimator_1_neuron_8_validation_outputs.npy
2025-05-10 10:33:54,561 - INFO - Waiting for parameters file: /s/ls4/users/selibrin/spiking_researches/correlation_encoding_and_training/mnist/hpo/mozafari_spk_single_input_multi_out/hpo_data/hpo_iteration_data/4339501/params_1_8.pkl
2025-05-10 10:35:44,690 - INFO - Loaded HPO parameters
2025-05-10 10:35:44,691 - INFO - Preparing datasets...
2025-05-10 10:35:45,843 - INFO - Prepared datasets: 1151 train & 1000 validation samples
2025-05-10 10:35:46,061 - INFO - Initializing model...
2025-05-10 10:35:46,067 - INFO - Fitting model...
2025-05-10 10:42:48,280 - INFO - Saved weights to /s/ls4/users/selibrin/spiking_researches/correlation_encoding_and_training/mnist/hpo/mozafari_spk_single_input_multi_out/hpo_data/hpo_iteration_data/4339501/estimator_1_neuron_8_weights.npy
2025-05-10 10:42:48,281 - INFO - Evaluating model...
2025-05-10 10:48:42,256 - INFO - Saved validation outputs to /s/ls4/users/selibrin/spiking_researches/correlation_encoding_and_training/mnist/hpo/mozafari_spk_single_input_multi_out/hpo_data/hpo_iteration_data/4339501/estimator_1_neuron_8_validation_outputs.npy
2025-05-10 10:48:42,256 - INFO - Waiting for parameters file: /s/ls4/users/selibrin/spiking_researches/correlation_encoding_and_training/mnist/hpo/mozafari_spk_single_input_multi_out/hpo_data/hpo_iteration_data/4339501/params_1_8.pkl
2025-05-10 10:50:22,369 - INFO - Loaded HPO parameters
2025-05-10 10:50:22,369 - INFO - Preparing datasets...
2025-05-10 10:50:23,450 - INFO - Prepared datasets: 287 train & 1000 validation samples
2025-05-10 10:50:23,584 - INFO - Initializing model...
2025-05-10 10:50:23,589 - INFO - Fitting model...
2025-05-10 10:52:10,161 - INFO - Saved weights to /s/ls4/users/selibrin/spiking_researches/correlation_encoding_and_training/mnist/hpo/mozafari_spk_single_input_multi_out/hpo_data/hpo_iteration_data/4339501/estimator_1_neuron_8_weights.npy
2025-05-10 10:52:10,162 - INFO - Evaluating model...
2025-05-10 10:58:09,523 - INFO - Saved validation outputs to /s/ls4/users/selibrin/spiking_researches/correlation_encoding_and_training/mnist/hpo/mozafari_spk_single_input_multi_out/hpo_data/hpo_iteration_data/4339501/estimator_1_neuron_8_validation_outputs.npy
2025-05-10 10:58:09,524 - INFO - Waiting for parameters file: /s/ls4/users/selibrin/spiking_researches/correlation_encoding_and_training/mnist/hpo/mozafari_spk_single_input_multi_out/hpo_data/hpo_iteration_data/4339501/params_1_8.pkl
2025-05-10 10:58:54,578 - INFO - Loaded HPO parameters
2025-05-10 10:58:54,578 - INFO - Preparing datasets...
2025-05-10 10:58:55,689 - INFO - Prepared datasets: 1151 train & 1000 validation samples
2025-05-10 10:58:55,828 - INFO - Initializing model...
2025-05-10 10:58:55,832 - INFO - Fitting model...
2025-05-10 11:05:52,978 - INFO - Saved weights to /s/ls4/users/selibrin/spiking_researches/correlation_encoding_and_training/mnist/hpo/mozafari_spk_single_input_multi_out/hpo_data/hpo_iteration_data/4339501/estimator_1_neuron_8_weights.npy
2025-05-10 11:05:52,978 - INFO - Evaluating model...
2025-05-10 11:11:47,408 - INFO - Saved validation outputs to /s/ls4/users/selibrin/spiking_researches/correlation_encoding_and_training/mnist/hpo/mozafari_spk_single_input_multi_out/hpo_data/hpo_iteration_data/4339501/estimator_1_neuron_8_validation_outputs.npy
2025-05-10 11:11:47,409 - INFO - Waiting for parameters file: /s/ls4/users/selibrin/spiking_researches/correlation_encoding_and_training/mnist/hpo/mozafari_spk_single_input_multi_out/hpo_data/hpo_iteration_data/4339501/params_1_8.pkl
2025-05-10 11:13:32,524 - INFO - Loaded HPO parameters
2025-05-10 11:13:32,524 - INFO - Preparing datasets...
2025-05-10 11:13:33,567 - INFO - Prepared datasets: 1151 train & 1000 validation samples
2025-05-10 11:13:33,750 - INFO - Initializing model...
2025-05-10 11:13:33,754 - INFO - Fitting model...
2025-05-10 11:20:33,325 - INFO - Saved weights to /s/ls4/users/selibrin/spiking_researches/correlation_encoding_and_training/mnist/hpo/mozafari_spk_single_input_multi_out/hpo_data/hpo_iteration_data/4339501/estimator_1_neuron_8_weights.npy
2025-05-10 11:20:33,325 - INFO - Evaluating model...
2025-05-10 11:26:31,387 - INFO - Saved validation outputs to /s/ls4/users/selibrin/spiking_researches/correlation_encoding_and_training/mnist/hpo/mozafari_spk_single_input_multi_out/hpo_data/hpo_iteration_data/4339501/estimator_1_neuron_8_validation_outputs.npy
2025-05-10 11:26:31,388 - INFO - Waiting for parameters file: /s/ls4/users/selibrin/spiking_researches/correlation_encoding_and_training/mnist/hpo/mozafari_spk_single_input_multi_out/hpo_data/hpo_iteration_data/4339501/params_1_8.pkl
2025-05-10 11:28:36,530 - INFO - Loaded HPO parameters
2025-05-10 11:28:36,531 - INFO - Preparing datasets...
2025-05-10 11:28:37,722 - INFO - Prepared datasets: 575 train & 1000 validation samples
2025-05-10 11:28:37,867 - INFO - Initializing model...
2025-05-10 11:28:37,873 - INFO - Fitting model...
2025-05-10 11:32:17,373 - INFO - Saved weights to /s/ls4/users/selibrin/spiking_researches/correlation_encoding_and_training/mnist/hpo/mozafari_spk_single_input_multi_out/hpo_data/hpo_iteration_data/4339501/estimator_1_neuron_8_weights.npy
2025-05-10 11:32:17,374 - INFO - Evaluating model...
2025-05-10 11:38:17,419 - INFO - Saved validation outputs to /s/ls4/users/selibrin/spiking_researches/correlation_encoding_and_training/mnist/hpo/mozafari_spk_single_input_multi_out/hpo_data/hpo_iteration_data/4339501/estimator_1_neuron_8_validation_outputs.npy
2025-05-10 11:38:17,420 - INFO - Waiting for parameters file: /s/ls4/users/selibrin/spiking_researches/correlation_encoding_and_training/mnist/hpo/mozafari_spk_single_input_multi_out/hpo_data/hpo_iteration_data/4339501/params_1_8.pkl
2025-05-10 11:39:12,483 - INFO - Loaded HPO parameters
2025-05-10 11:39:12,484 - INFO - Preparing datasets...
2025-05-10 11:39:13,747 - INFO - Prepared datasets: 287 train & 1000 validation samples
2025-05-10 11:39:13,895 - INFO - Initializing model...
2025-05-10 11:39:13,900 - INFO - Fitting model...
2025-05-10 11:41:13,742 - INFO - Saved weights to /s/ls4/users/selibrin/spiking_researches/correlation_encoding_and_training/mnist/hpo/mozafari_spk_single_input_multi_out/hpo_data/hpo_iteration_data/4339501/estimator_1_neuron_8_weights.npy
2025-05-10 11:41:13,742 - INFO - Evaluating model...
2025-05-10 11:47:07,561 - INFO - Saved validation outputs to /s/ls4/users/selibrin/spiking_researches/correlation_encoding_and_training/mnist/hpo/mozafari_spk_single_input_multi_out/hpo_data/hpo_iteration_data/4339501/estimator_1_neuron_8_validation_outputs.npy
2025-05-10 11:47:07,562 - INFO - Waiting for parameters file: /s/ls4/users/selibrin/spiking_researches/correlation_encoding_and_training/mnist/hpo/mozafari_spk_single_input_multi_out/hpo_data/hpo_iteration_data/4339501/params_1_8.pkl
2025-05-10 11:48:17,637 - INFO - Loaded HPO parameters
2025-05-10 11:48:17,637 - INFO - Preparing datasets...
2025-05-10 11:48:18,783 - INFO - Prepared datasets: 287 train & 1000 validation samples
2025-05-10 11:48:18,954 - INFO - Initializing model...
2025-05-10 11:48:18,959 - INFO - Fitting model...
2025-05-10 11:50:10,758 - INFO - Saved weights to /s/ls4/users/selibrin/spiking_researches/correlation_encoding_and_training/mnist/hpo/mozafari_spk_single_input_multi_out/hpo_data/hpo_iteration_data/4339501/estimator_1_neuron_8_weights.npy
2025-05-10 11:50:10,759 - INFO - Evaluating model...
2025-05-10 11:56:07,784 - INFO - Saved validation outputs to /s/ls4/users/selibrin/spiking_researches/correlation_encoding_and_training/mnist/hpo/mozafari_spk_single_input_multi_out/hpo_data/hpo_iteration_data/4339501/estimator_1_neuron_8_validation_outputs.npy
2025-05-10 11:56:07,784 - INFO - Waiting for parameters file: /s/ls4/users/selibrin/spiking_researches/correlation_encoding_and_training/mnist/hpo/mozafari_spk_single_input_multi_out/hpo_data/hpo_iteration_data/4339501/params_1_8.pkl
2025-05-10 11:56:47,833 - INFO - Loaded HPO parameters
2025-05-10 11:56:47,833 - INFO - Preparing datasets...
2025-05-10 11:56:48,950 - INFO - Prepared datasets: 1151 train & 1000 validation samples
2025-05-10 11:56:49,106 - INFO - Initializing model...
2025-05-10 11:56:49,111 - INFO - Fitting model...
2025-05-10 12:03:53,973 - INFO - Saved weights to /s/ls4/users/selibrin/spiking_researches/correlation_encoding_and_training/mnist/hpo/mozafari_spk_single_input_multi_out/hpo_data/hpo_iteration_data/4339501/estimator_1_neuron_8_weights.npy
2025-05-10 12:03:53,974 - INFO - Evaluating model...
2025-05-10 12:09:58,239 - INFO - Saved validation outputs to /s/ls4/users/selibrin/spiking_researches/correlation_encoding_and_training/mnist/hpo/mozafari_spk_single_input_multi_out/hpo_data/hpo_iteration_data/4339501/estimator_1_neuron_8_validation_outputs.npy
2025-05-10 12:09:58,239 - INFO - Waiting for parameters file: /s/ls4/users/selibrin/spiking_researches/correlation_encoding_and_training/mnist/hpo/mozafari_spk_single_input_multi_out/hpo_data/hpo_iteration_data/4339501/params_1_8.pkl
2025-05-10 12:11:53,371 - INFO - Loaded HPO parameters
2025-05-10 12:11:53,371 - INFO - Preparing datasets...
2025-05-10 12:11:54,489 - INFO - Prepared datasets: 1151 train & 1000 validation samples
2025-05-10 12:11:54,650 - INFO - Initializing model...
2025-05-10 12:11:54,656 - INFO - Fitting model...
2025-05-10 12:18:38,078 - INFO - Saved weights to /s/ls4/users/selibrin/spiking_researches/correlation_encoding_and_training/mnist/hpo/mozafari_spk_single_input_multi_out/hpo_data/hpo_iteration_data/4339501/estimator_1_neuron_8_weights.npy
2025-05-10 12:18:38,079 - INFO - Evaluating model...
2025-05-10 12:24:20,004 - INFO - Saved validation outputs to /s/ls4/users/selibrin/spiking_researches/correlation_encoding_and_training/mnist/hpo/mozafari_spk_single_input_multi_out/hpo_data/hpo_iteration_data/4339501/estimator_1_neuron_8_validation_outputs.npy
2025-05-10 12:24:20,004 - INFO - Waiting for parameters file: /s/ls4/users/selibrin/spiking_researches/correlation_encoding_and_training/mnist/hpo/mozafari_spk_single_input_multi_out/hpo_data/hpo_iteration_data/4339501/params_1_8.pkl
2025-05-10 12:26:25,148 - INFO - Loaded HPO parameters
2025-05-10 12:26:25,148 - INFO - Preparing datasets...
2025-05-10 12:26:30,369 - INFO - Prepared datasets: 575 train & 1000 validation samples
2025-05-10 12:26:30,577 - INFO - Initializing model...
2025-05-10 12:26:30,582 - INFO - Fitting model...
2025-05-10 12:30:12,053 - INFO - Saved weights to /s/ls4/users/selibrin/spiking_researches/correlation_encoding_and_training/mnist/hpo/mozafari_spk_single_input_multi_out/hpo_data/hpo_iteration_data/4339501/estimator_1_neuron_8_weights.npy
2025-05-10 12:30:12,054 - INFO - Evaluating model...
2025-05-10 12:35:58,772 - INFO - Saved validation outputs to /s/ls4/users/selibrin/spiking_researches/correlation_encoding_and_training/mnist/hpo/mozafari_spk_single_input_multi_out/hpo_data/hpo_iteration_data/4339501/estimator_1_neuron_8_validation_outputs.npy
2025-05-10 12:35:58,772 - INFO - Waiting for parameters file: /s/ls4/users/selibrin/spiking_researches/correlation_encoding_and_training/mnist/hpo/mozafari_spk_single_input_multi_out/hpo_data/hpo_iteration_data/4339501/params_1_8.pkl
2025-05-10 12:37:28,873 - INFO - Loaded HPO parameters
2025-05-10 12:37:28,873 - INFO - Preparing datasets...
2025-05-10 12:37:29,978 - INFO - Prepared datasets: 287 train & 1000 validation samples
2025-05-10 12:37:30,105 - INFO - Initializing model...
2025-05-10 12:37:30,109 - INFO - Fitting model...
2025-05-10 12:39:23,053 - INFO - Saved weights to /s/ls4/users/selibrin/spiking_researches/correlation_encoding_and_training/mnist/hpo/mozafari_spk_single_input_multi_out/hpo_data/hpo_iteration_data/4339501/estimator_1_neuron_8_weights.npy
2025-05-10 12:39:23,053 - INFO - Evaluating model...
2025-05-10 12:45:11,883 - INFO - Saved validation outputs to /s/ls4/users/selibrin/spiking_researches/correlation_encoding_and_training/mnist/hpo/mozafari_spk_single_input_multi_out/hpo_data/hpo_iteration_data/4339501/estimator_1_neuron_8_validation_outputs.npy
2025-05-10 12:45:11,884 - INFO - Waiting for parameters file: /s/ls4/users/selibrin/spiking_researches/correlation_encoding_and_training/mnist/hpo/mozafari_spk_single_input_multi_out/hpo_data/hpo_iteration_data/4339501/params_1_8.pkl
2025-05-10 12:46:36,977 - INFO - Loaded HPO parameters
2025-05-10 12:46:36,978 - INFO - Preparing datasets...
2025-05-10 12:46:38,104 - INFO - Prepared datasets: 1151 train & 1000 validation samples
2025-05-10 12:46:38,277 - INFO - Initializing model...
2025-05-10 12:46:38,281 - INFO - Fitting model...
2025-05-10 12:53:22,406 - INFO - Saved weights to /s/ls4/users/selibrin/spiking_researches/correlation_encoding_and_training/mnist/hpo/mozafari_spk_single_input_multi_out/hpo_data/hpo_iteration_data/4339501/estimator_1_neuron_8_weights.npy
2025-05-10 12:53:22,407 - INFO - Evaluating model...
2025-05-10 12:59:33,967 - INFO - Saved validation outputs to /s/ls4/users/selibrin/spiking_researches/correlation_encoding_and_training/mnist/hpo/mozafari_spk_single_input_multi_out/hpo_data/hpo_iteration_data/4339501/estimator_1_neuron_8_validation_outputs.npy
2025-05-10 12:59:33,967 - INFO - Waiting for parameters file: /s/ls4/users/selibrin/spiking_researches/correlation_encoding_and_training/mnist/hpo/mozafari_spk_single_input_multi_out/hpo_data/hpo_iteration_data/4339501/params_1_8.pkl
2025-05-10 13:01:39,107 - INFO - Loaded HPO parameters
2025-05-10 13:01:39,108 - INFO - Preparing datasets...
2025-05-10 13:01:40,257 - INFO - Prepared datasets: 1151 train & 1000 validation samples
2025-05-10 13:01:40,404 - INFO - Initializing model...
2025-05-10 13:01:40,408 - INFO - Fitting model...
2025-05-10 13:08:22,351 - INFO - Saved weights to /s/ls4/users/selibrin/spiking_researches/correlation_encoding_and_training/mnist/hpo/mozafari_spk_single_input_multi_out/hpo_data/hpo_iteration_data/4339501/estimator_1_neuron_8_weights.npy
2025-05-10 13:08:22,351 - INFO - Evaluating model...
2025-05-10 13:14:02,753 - INFO - Saved validation outputs to /s/ls4/users/selibrin/spiking_researches/correlation_encoding_and_training/mnist/hpo/mozafari_spk_single_input_multi_out/hpo_data/hpo_iteration_data/4339501/estimator_1_neuron_8_validation_outputs.npy
2025-05-10 13:14:02,754 - INFO - Waiting for parameters file: /s/ls4/users/selibrin/spiking_researches/correlation_encoding_and_training/mnist/hpo/mozafari_spk_single_input_multi_out/hpo_data/hpo_iteration_data/4339501/params_1_8.pkl
2025-05-10 13:16:12,905 - INFO - Loaded HPO parameters
2025-05-10 13:16:12,905 - INFO - Preparing datasets...
2025-05-10 13:16:14,102 - INFO - Prepared datasets: 1151 train & 1000 validation samples
2025-05-10 13:16:14,266 - INFO - Initializing model...
2025-05-10 13:16:14,272 - INFO - Fitting model...
2025-05-10 13:23:21,247 - INFO - Saved weights to /s/ls4/users/selibrin/spiking_researches/correlation_encoding_and_training/mnist/hpo/mozafari_spk_single_input_multi_out/hpo_data/hpo_iteration_data/4339501/estimator_1_neuron_8_weights.npy
2025-05-10 13:23:21,248 - INFO - Evaluating model...
2025-05-10 13:29:09,084 - INFO - Saved validation outputs to /s/ls4/users/selibrin/spiking_researches/correlation_encoding_and_training/mnist/hpo/mozafari_spk_single_input_multi_out/hpo_data/hpo_iteration_data/4339501/estimator_1_neuron_8_validation_outputs.npy
2025-05-10 13:29:09,084 - INFO - Waiting for parameters file: /s/ls4/users/selibrin/spiking_researches/correlation_encoding_and_training/mnist/hpo/mozafari_spk_single_input_multi_out/hpo_data/hpo_iteration_data/4339501/params_1_8.pkl
2025-05-10 13:31:19,235 - INFO - Loaded HPO parameters
2025-05-10 13:31:19,235 - INFO - Preparing datasets...
2025-05-10 13:31:20,390 - INFO - Prepared datasets: 1151 train & 1000 validation samples
2025-05-10 13:31:20,552 - INFO - Initializing model...
2025-05-10 13:31:20,556 - INFO - Fitting model...
2025-05-10 13:38:11,512 - INFO - Saved weights to /s/ls4/users/selibrin/spiking_researches/correlation_encoding_and_training/mnist/hpo/mozafari_spk_single_input_multi_out/hpo_data/hpo_iteration_data/4339501/estimator_1_neuron_8_weights.npy
2025-05-10 13:38:11,512 - INFO - Evaluating model...
2025-05-10 13:44:05,287 - INFO - Saved validation outputs to /s/ls4/users/selibrin/spiking_researches/correlation_encoding_and_training/mnist/hpo/mozafari_spk_single_input_multi_out/hpo_data/hpo_iteration_data/4339501/estimator_1_neuron_8_validation_outputs.npy
2025-05-10 13:44:05,287 - INFO - Waiting for parameters file: /s/ls4/users/selibrin/spiking_researches/correlation_encoding_and_training/mnist/hpo/mozafari_spk_single_input_multi_out/hpo_data/hpo_iteration_data/4339501/params_1_8.pkl
2025-05-10 13:46:20,506 - INFO - Loaded HPO parameters
2025-05-10 13:46:20,507 - INFO - Preparing datasets...
2025-05-10 13:46:21,549 - INFO - Prepared datasets: 1151 train & 1000 validation samples
2025-05-10 13:46:21,706 - INFO - Initializing model...
2025-05-10 13:46:21,712 - INFO - Fitting model...
2025-05-10 13:53:32,736 - INFO - Saved weights to /s/ls4/users/selibrin/spiking_researches/correlation_encoding_and_training/mnist/hpo/mozafari_spk_single_input_multi_out/hpo_data/hpo_iteration_data/4339501/estimator_1_neuron_8_weights.npy
2025-05-10 13:53:32,736 - INFO - Evaluating model...
2025-05-10 13:59:18,912 - INFO - Saved validation outputs to /s/ls4/users/selibrin/spiking_researches/correlation_encoding_and_training/mnist/hpo/mozafari_spk_single_input_multi_out/hpo_data/hpo_iteration_data/4339501/estimator_1_neuron_8_validation_outputs.npy
2025-05-10 13:59:18,912 - INFO - Waiting for parameters file: /s/ls4/users/selibrin/spiking_researches/correlation_encoding_and_training/mnist/hpo/mozafari_spk_single_input_multi_out/hpo_data/hpo_iteration_data/4339501/params_1_8.pkl
2025-05-10 14:01:54,078 - INFO - Loaded HPO parameters
2025-05-10 14:01:54,078 - INFO - Preparing datasets...
2025-05-10 14:01:55,198 - INFO - Prepared datasets: 1151 train & 1000 validation samples
2025-05-10 14:01:55,345 - INFO - Initializing model...
2025-05-10 14:01:55,350 - INFO - Fitting model...
2025-05-10 14:09:06,435 - INFO - Saved weights to /s/ls4/users/selibrin/spiking_researches/correlation_encoding_and_training/mnist/hpo/mozafari_spk_single_input_multi_out/hpo_data/hpo_iteration_data/4339501/estimator_1_neuron_8_weights.npy
2025-05-10 14:09:06,435 - INFO - Evaluating model...
2025-05-10 14:14:47,914 - INFO - Saved validation outputs to /s/ls4/users/selibrin/spiking_researches/correlation_encoding_and_training/mnist/hpo/mozafari_spk_single_input_multi_out/hpo_data/hpo_iteration_data/4339501/estimator_1_neuron_8_validation_outputs.npy
2025-05-10 14:14:47,915 - INFO - Waiting for parameters file: /s/ls4/users/selibrin/spiking_researches/correlation_encoding_and_training/mnist/hpo/mozafari_spk_single_input_multi_out/hpo_data/hpo_iteration_data/4339501/params_1_8.pkl
2025-05-10 14:16:58,055 - INFO - Loaded HPO parameters
2025-05-10 14:16:58,055 - INFO - Preparing datasets...
2025-05-10 14:16:59,149 - INFO - Prepared datasets: 1151 train & 1000 validation samples
2025-05-10 14:16:59,296 - INFO - Initializing model...
2025-05-10 14:16:59,300 - INFO - Fitting model...
2025-05-10 14:24:13,299 - INFO - Saved weights to /s/ls4/users/selibrin/spiking_researches/correlation_encoding_and_training/mnist/hpo/mozafari_spk_single_input_multi_out/hpo_data/hpo_iteration_data/4339501/estimator_1_neuron_8_weights.npy
2025-05-10 14:24:13,300 - INFO - Evaluating model...
2025-05-10 14:30:06,838 - INFO - Saved validation outputs to /s/ls4/users/selibrin/spiking_researches/correlation_encoding_and_training/mnist/hpo/mozafari_spk_single_input_multi_out/hpo_data/hpo_iteration_data/4339501/estimator_1_neuron_8_validation_outputs.npy
2025-05-10 14:30:06,838 - INFO - Waiting for parameters file: /s/ls4/users/selibrin/spiking_researches/correlation_encoding_and_training/mnist/hpo/mozafari_spk_single_input_multi_out/hpo_data/hpo_iteration_data/4339501/params_1_8.pkl
2025-05-10 14:32:01,970 - INFO - Loaded HPO parameters
2025-05-10 14:32:01,971 - INFO - Preparing datasets...
2025-05-10 14:32:03,116 - INFO - Prepared datasets: 1151 train & 1000 validation samples
2025-05-10 14:32:03,275 - INFO - Initializing model...
2025-05-10 14:32:03,281 - INFO - Fitting model...
2025-05-10 14:39:18,111 - INFO - Saved weights to /s/ls4/users/selibrin/spiking_researches/correlation_encoding_and_training/mnist/hpo/mozafari_spk_single_input_multi_out/hpo_data/hpo_iteration_data/4339501/estimator_1_neuron_8_weights.npy
2025-05-10 14:39:18,112 - INFO - Evaluating model...
2025-05-10 14:45:35,742 - INFO - Saved validation outputs to /s/ls4/users/selibrin/spiking_researches/correlation_encoding_and_training/mnist/hpo/mozafari_spk_single_input_multi_out/hpo_data/hpo_iteration_data/4339501/estimator_1_neuron_8_validation_outputs.npy
2025-05-10 14:45:35,743 - INFO - Waiting for parameters file: /s/ls4/users/selibrin/spiking_researches/correlation_encoding_and_training/mnist/hpo/mozafari_spk_single_input_multi_out/hpo_data/hpo_iteration_data/4339501/params_1_8.pkl
2025-05-10 14:47:05,847 - INFO - Loaded HPO parameters
2025-05-10 14:47:05,848 - INFO - Preparing datasets...
2025-05-10 14:47:06,936 - INFO - Prepared datasets: 1151 train & 1000 validation samples
2025-05-10 14:47:07,081 - INFO - Initializing model...
2025-05-10 14:47:07,086 - INFO - Fitting model...
2025-05-10 14:54:04,102 - INFO - Saved weights to /s/ls4/users/selibrin/spiking_researches/correlation_encoding_and_training/mnist/hpo/mozafari_spk_single_input_multi_out/hpo_data/hpo_iteration_data/4339501/estimator_1_neuron_8_weights.npy
2025-05-10 14:54:04,103 - INFO - Evaluating model...
2025-05-10 15:00:08,689 - INFO - Saved validation outputs to /s/ls4/users/selibrin/spiking_researches/correlation_encoding_and_training/mnist/hpo/mozafari_spk_single_input_multi_out/hpo_data/hpo_iteration_data/4339501/estimator_1_neuron_8_validation_outputs.npy
2025-05-10 15:00:08,689 - INFO - Waiting for parameters file: /s/ls4/users/selibrin/spiking_researches/correlation_encoding_and_training/mnist/hpo/mozafari_spk_single_input_multi_out/hpo_data/hpo_iteration_data/4339501/params_1_8.pkl
2025-05-10 15:02:43,858 - INFO - Loaded HPO parameters
2025-05-10 15:02:43,858 - INFO - Preparing datasets...
2025-05-10 15:02:45,049 - INFO - Prepared datasets: 1151 train & 1000 validation samples
2025-05-10 15:02:45,236 - INFO - Initializing model...
2025-05-10 15:02:45,241 - INFO - Fitting model...
2025-05-10 15:08:21,160 - INFO - Saved weights to /s/ls4/users/selibrin/spiking_researches/correlation_encoding_and_training/mnist/hpo/mozafari_spk_single_input_multi_out/hpo_data/hpo_iteration_data/4339501/estimator_1_neuron_8_weights.npy
2025-05-10 15:08:21,160 - INFO - Evaluating model...
2025-05-10 15:11:29,712 - INFO - Saved validation outputs to /s/ls4/users/selibrin/spiking_researches/correlation_encoding_and_training/mnist/hpo/mozafari_spk_single_input_multi_out/hpo_data/hpo_iteration_data/4339501/estimator_1_neuron_8_validation_outputs.npy
2025-05-10 15:11:29,713 - INFO - Waiting for parameters file: /s/ls4/users/selibrin/spiking_researches/correlation_encoding_and_training/mnist/hpo/mozafari_spk_single_input_multi_out/hpo_data/hpo_iteration_data/4339501/params_1_8.pkl
2025-05-10 15:12:14,764 - INFO - Loaded HPO parameters
2025-05-10 15:12:14,764 - INFO - Preparing datasets...
2025-05-10 15:12:15,263 - INFO - Prepared datasets: 1151 train & 1000 validation samples
2025-05-10 15:12:15,367 - INFO - Initializing model...
2025-05-10 15:12:15,370 - INFO - Fitting model...
