2025-05-09 20:23:50,774 - INFO - Initialized Neuron trainer
2025-05-09 20:23:50,775 - INFO - Waiting for parameters file: /s/ls4/users/selibrin/spiking_researches/correlation_encoding_and_training/mnist/hpo/mozafari_spk_single_input_multi_out/hpo_data/hpo_iteration_data/4339501/params_1_1.pkl
2025-05-09 20:23:50,783 - INFO - Loaded HPO parameters
2025-05-09 20:23:50,783 - INFO - Preparing datasets...
2025-05-09 20:23:52,020 - INFO - Prepared datasets: 1328 train & 1000 validation samples
2025-05-09 20:23:52,021 - INFO - Initializing model...
2025-05-09 20:23:52,023 - INFO - Fitting model...
2025-05-09 20:31:39,690 - INFO - Saved weights to /s/ls4/users/selibrin/spiking_researches/correlation_encoding_and_training/mnist/hpo/mozafari_spk_single_input_multi_out/hpo_data/hpo_iteration_data/4339501/estimator_1_neuron_1_weights.npy
2025-05-09 20:31:39,690 - INFO - Evaluating model...
2025-05-09 20:37:17,697 - INFO - Saved validation outputs to /s/ls4/users/selibrin/spiking_researches/correlation_encoding_and_training/mnist/hpo/mozafari_spk_single_input_multi_out/hpo_data/hpo_iteration_data/4339501/estimator_1_neuron_1_validation_outputs.npy
2025-05-09 20:37:17,698 - INFO - Waiting for parameters file: /s/ls4/users/selibrin/spiking_researches/correlation_encoding_and_training/mnist/hpo/mozafari_spk_single_input_multi_out/hpo_data/hpo_iteration_data/4339501/params_1_1.pkl
2025-05-09 20:37:42,732 - INFO - Loaded HPO parameters
2025-05-09 20:37:42,732 - INFO - Preparing datasets...
2025-05-09 20:37:43,629 - INFO - Prepared datasets: 332 train & 1000 validation samples
2025-05-09 20:37:43,723 - INFO - Initializing model...
2025-05-09 20:37:43,728 - INFO - Fitting model...
2025-05-09 20:39:41,758 - INFO - Saved weights to /s/ls4/users/selibrin/spiking_researches/correlation_encoding_and_training/mnist/hpo/mozafari_spk_single_input_multi_out/hpo_data/hpo_iteration_data/4339501/estimator_1_neuron_1_weights.npy
2025-05-09 20:39:41,759 - INFO - Evaluating model...
2025-05-09 20:45:36,613 - INFO - Saved validation outputs to /s/ls4/users/selibrin/spiking_researches/correlation_encoding_and_training/mnist/hpo/mozafari_spk_single_input_multi_out/hpo_data/hpo_iteration_data/4339501/estimator_1_neuron_1_validation_outputs.npy
2025-05-09 20:45:36,614 - INFO - Waiting for parameters file: /s/ls4/users/selibrin/spiking_researches/correlation_encoding_and_training/mnist/hpo/mozafari_spk_single_input_multi_out/hpo_data/hpo_iteration_data/4339501/params_1_1.pkl
2025-05-09 20:45:51,635 - INFO - Loaded HPO parameters
2025-05-09 20:45:51,635 - INFO - Preparing datasets...
2025-05-09 20:45:52,582 - INFO - Prepared datasets: 1328 train & 1000 validation samples
2025-05-09 20:45:52,686 - INFO - Initializing model...
2025-05-09 20:45:52,691 - INFO - Fitting model...
2025-05-09 20:53:44,445 - INFO - Saved weights to /s/ls4/users/selibrin/spiking_researches/correlation_encoding_and_training/mnist/hpo/mozafari_spk_single_input_multi_out/hpo_data/hpo_iteration_data/4339501/estimator_1_neuron_1_weights.npy
2025-05-09 20:53:44,446 - INFO - Evaluating model...
2025-05-09 20:59:23,509 - INFO - Saved validation outputs to /s/ls4/users/selibrin/spiking_researches/correlation_encoding_and_training/mnist/hpo/mozafari_spk_single_input_multi_out/hpo_data/hpo_iteration_data/4339501/estimator_1_neuron_1_validation_outputs.npy
2025-05-09 20:59:23,510 - INFO - Waiting for parameters file: /s/ls4/users/selibrin/spiking_researches/correlation_encoding_and_training/mnist/hpo/mozafari_spk_single_input_multi_out/hpo_data/hpo_iteration_data/4339501/params_1_1.pkl
2025-05-09 20:59:53,547 - INFO - Loaded HPO parameters
2025-05-09 20:59:53,547 - INFO - Preparing datasets...
2025-05-09 20:59:54,246 - INFO - Prepared datasets: 332 train & 1000 validation samples
2025-05-09 20:59:54,354 - INFO - Initializing model...
2025-05-09 20:59:54,359 - INFO - Fitting model...
2025-05-09 21:01:47,167 - INFO - Saved weights to /s/ls4/users/selibrin/spiking_researches/correlation_encoding_and_training/mnist/hpo/mozafari_spk_single_input_multi_out/hpo_data/hpo_iteration_data/4339501/estimator_1_neuron_1_weights.npy
2025-05-09 21:01:47,167 - INFO - Evaluating model...
2025-05-09 21:07:39,737 - INFO - Saved validation outputs to /s/ls4/users/selibrin/spiking_researches/correlation_encoding_and_training/mnist/hpo/mozafari_spk_single_input_multi_out/hpo_data/hpo_iteration_data/4339501/estimator_1_neuron_1_validation_outputs.npy
2025-05-09 21:07:39,738 - INFO - Waiting for parameters file: /s/ls4/users/selibrin/spiking_researches/correlation_encoding_and_training/mnist/hpo/mozafari_spk_single_input_multi_out/hpo_data/hpo_iteration_data/4339501/params_1_1.pkl
2025-05-09 21:07:59,762 - INFO - Loaded HPO parameters
2025-05-09 21:07:59,763 - INFO - Preparing datasets...
2025-05-09 21:08:00,819 - INFO - Prepared datasets: 1328 train & 1000 validation samples
2025-05-09 21:08:00,839 - INFO - Initializing model...
2025-05-09 21:08:00,844 - INFO - Fitting model...
2025-05-09 21:15:41,425 - INFO - Saved weights to /s/ls4/users/selibrin/spiking_researches/correlation_encoding_and_training/mnist/hpo/mozafari_spk_single_input_multi_out/hpo_data/hpo_iteration_data/4339501/estimator_1_neuron_1_weights.npy
2025-05-09 21:15:41,425 - INFO - Evaluating model...
2025-05-09 21:21:19,322 - INFO - Saved validation outputs to /s/ls4/users/selibrin/spiking_researches/correlation_encoding_and_training/mnist/hpo/mozafari_spk_single_input_multi_out/hpo_data/hpo_iteration_data/4339501/estimator_1_neuron_1_validation_outputs.npy
2025-05-09 21:21:19,322 - INFO - Waiting for parameters file: /s/ls4/users/selibrin/spiking_researches/correlation_encoding_and_training/mnist/hpo/mozafari_spk_single_input_multi_out/hpo_data/hpo_iteration_data/4339501/params_1_1.pkl
2025-05-09 21:21:39,348 - INFO - Loaded HPO parameters
2025-05-09 21:21:39,348 - INFO - Preparing datasets...
2025-05-09 21:21:40,225 - INFO - Prepared datasets: 1328 train & 1000 validation samples
2025-05-09 21:21:40,369 - INFO - Initializing model...
2025-05-09 21:21:40,373 - INFO - Fitting model...
2025-05-09 21:29:21,278 - INFO - Saved weights to /s/ls4/users/selibrin/spiking_researches/correlation_encoding_and_training/mnist/hpo/mozafari_spk_single_input_multi_out/hpo_data/hpo_iteration_data/4339501/estimator_1_neuron_1_weights.npy
2025-05-09 21:29:21,279 - INFO - Evaluating model...
2025-05-09 21:35:20,735 - INFO - Saved validation outputs to /s/ls4/users/selibrin/spiking_researches/correlation_encoding_and_training/mnist/hpo/mozafari_spk_single_input_multi_out/hpo_data/hpo_iteration_data/4339501/estimator_1_neuron_1_validation_outputs.npy
2025-05-09 21:35:20,735 - INFO - Waiting for parameters file: /s/ls4/users/selibrin/spiking_researches/correlation_encoding_and_training/mnist/hpo/mozafari_spk_single_input_multi_out/hpo_data/hpo_iteration_data/4339501/params_1_1.pkl
2025-05-09 21:35:45,768 - INFO - Loaded HPO parameters
2025-05-09 21:35:45,769 - INFO - Preparing datasets...
2025-05-09 21:35:46,545 - INFO - Prepared datasets: 332 train & 1000 validation samples
2025-05-09 21:35:46,645 - INFO - Initializing model...
2025-05-09 21:35:46,653 - INFO - Fitting model...
2025-05-09 21:37:37,466 - INFO - Saved weights to /s/ls4/users/selibrin/spiking_researches/correlation_encoding_and_training/mnist/hpo/mozafari_spk_single_input_multi_out/hpo_data/hpo_iteration_data/4339501/estimator_1_neuron_1_weights.npy
2025-05-09 21:37:37,467 - INFO - Evaluating model...
2025-05-09 21:43:34,983 - INFO - Saved validation outputs to /s/ls4/users/selibrin/spiking_researches/correlation_encoding_and_training/mnist/hpo/mozafari_spk_single_input_multi_out/hpo_data/hpo_iteration_data/4339501/estimator_1_neuron_1_validation_outputs.npy
2025-05-09 21:43:34,984 - INFO - Waiting for parameters file: /s/ls4/users/selibrin/spiking_researches/correlation_encoding_and_training/mnist/hpo/mozafari_spk_single_input_multi_out/hpo_data/hpo_iteration_data/4339501/params_1_1.pkl
2025-05-09 21:43:50,007 - INFO - Loaded HPO parameters
2025-05-09 21:43:50,007 - INFO - Preparing datasets...
2025-05-09 21:43:50,587 - INFO - Prepared datasets: 332 train & 1000 validation samples
2025-05-09 21:43:50,628 - INFO - Initializing model...
2025-05-09 21:43:50,634 - INFO - Fitting model...
2025-05-09 21:45:49,330 - INFO - Saved weights to /s/ls4/users/selibrin/spiking_researches/correlation_encoding_and_training/mnist/hpo/mozafari_spk_single_input_multi_out/hpo_data/hpo_iteration_data/4339501/estimator_1_neuron_1_weights.npy
2025-05-09 21:45:49,330 - INFO - Evaluating model...
2025-05-09 21:51:35,614 - INFO - Saved validation outputs to /s/ls4/users/selibrin/spiking_researches/correlation_encoding_and_training/mnist/hpo/mozafari_spk_single_input_multi_out/hpo_data/hpo_iteration_data/4339501/estimator_1_neuron_1_validation_outputs.npy
2025-05-09 21:51:35,614 - INFO - Waiting for parameters file: /s/ls4/users/selibrin/spiking_researches/correlation_encoding_and_training/mnist/hpo/mozafari_spk_single_input_multi_out/hpo_data/hpo_iteration_data/4339501/params_1_1.pkl
2025-05-09 21:51:55,641 - INFO - Loaded HPO parameters
2025-05-09 21:51:55,641 - INFO - Preparing datasets...
2025-05-09 21:51:56,458 - INFO - Prepared datasets: 332 train & 1000 validation samples
2025-05-09 21:51:56,462 - INFO - Initializing model...
2025-05-09 21:51:56,475 - INFO - Fitting model...
2025-05-09 21:53:52,770 - INFO - Saved weights to /s/ls4/users/selibrin/spiking_researches/correlation_encoding_and_training/mnist/hpo/mozafari_spk_single_input_multi_out/hpo_data/hpo_iteration_data/4339501/estimator_1_neuron_1_weights.npy
2025-05-09 21:53:52,770 - INFO - Evaluating model...
2025-05-09 21:59:49,412 - INFO - Saved validation outputs to /s/ls4/users/selibrin/spiking_researches/correlation_encoding_and_training/mnist/hpo/mozafari_spk_single_input_multi_out/hpo_data/hpo_iteration_data/4339501/estimator_1_neuron_1_validation_outputs.npy
2025-05-09 21:59:49,412 - INFO - Waiting for parameters file: /s/ls4/users/selibrin/spiking_researches/correlation_encoding_and_training/mnist/hpo/mozafari_spk_single_input_multi_out/hpo_data/hpo_iteration_data/4339501/params_1_1.pkl
2025-05-09 22:00:29,463 - INFO - Loaded HPO parameters
2025-05-09 22:00:29,464 - INFO - Preparing datasets...
2025-05-09 22:00:30,077 - INFO - Prepared datasets: 664 train & 1000 validation samples
2025-05-09 22:00:30,153 - INFO - Initializing model...
2025-05-09 22:00:30,164 - INFO - Fitting model...
2025-05-09 22:04:24,796 - INFO - Saved weights to /s/ls4/users/selibrin/spiking_researches/correlation_encoding_and_training/mnist/hpo/mozafari_spk_single_input_multi_out/hpo_data/hpo_iteration_data/4339501/estimator_1_neuron_1_weights.npy
2025-05-09 22:04:24,796 - INFO - Evaluating model...
2025-05-09 22:10:19,193 - INFO - Saved validation outputs to /s/ls4/users/selibrin/spiking_researches/correlation_encoding_and_training/mnist/hpo/mozafari_spk_single_input_multi_out/hpo_data/hpo_iteration_data/4339501/estimator_1_neuron_1_validation_outputs.npy
2025-05-09 22:10:19,193 - INFO - Waiting for parameters file: /s/ls4/users/selibrin/spiking_researches/correlation_encoding_and_training/mnist/hpo/mozafari_spk_single_input_multi_out/hpo_data/hpo_iteration_data/4339501/params_1_1.pkl
2025-05-09 22:10:39,219 - INFO - Loaded HPO parameters
2025-05-09 22:10:39,220 - INFO - Preparing datasets...
2025-05-09 22:10:39,788 - INFO - Prepared datasets: 1328 train & 1000 validation samples
2025-05-09 22:10:39,792 - INFO - Initializing model...
2025-05-09 22:10:39,797 - INFO - Fitting model...
2025-05-09 22:18:08,072 - INFO - Saved weights to /s/ls4/users/selibrin/spiking_researches/correlation_encoding_and_training/mnist/hpo/mozafari_spk_single_input_multi_out/hpo_data/hpo_iteration_data/4339501/estimator_1_neuron_1_weights.npy
2025-05-09 22:18:08,073 - INFO - Evaluating model...
2025-05-09 22:23:35,965 - INFO - Saved validation outputs to /s/ls4/users/selibrin/spiking_researches/correlation_encoding_and_training/mnist/hpo/mozafari_spk_single_input_multi_out/hpo_data/hpo_iteration_data/4339501/estimator_1_neuron_1_validation_outputs.npy
2025-05-09 22:23:35,965 - INFO - Waiting for parameters file: /s/ls4/users/selibrin/spiking_researches/correlation_encoding_and_training/mnist/hpo/mozafari_spk_single_input_multi_out/hpo_data/hpo_iteration_data/4339501/params_1_1.pkl
2025-05-09 22:24:16,015 - INFO - Loaded HPO parameters
2025-05-09 22:24:16,015 - INFO - Preparing datasets...
2025-05-09 22:24:17,003 - INFO - Prepared datasets: 1328 train & 1000 validation samples
2025-05-09 22:24:17,009 - INFO - Initializing model...
2025-05-09 22:24:17,015 - INFO - Fitting model...
2025-05-09 22:31:45,203 - INFO - Saved weights to /s/ls4/users/selibrin/spiking_researches/correlation_encoding_and_training/mnist/hpo/mozafari_spk_single_input_multi_out/hpo_data/hpo_iteration_data/4339501/estimator_1_neuron_1_weights.npy
2025-05-09 22:31:45,204 - INFO - Evaluating model...
2025-05-09 22:37:25,397 - INFO - Saved validation outputs to /s/ls4/users/selibrin/spiking_researches/correlation_encoding_and_training/mnist/hpo/mozafari_spk_single_input_multi_out/hpo_data/hpo_iteration_data/4339501/estimator_1_neuron_1_validation_outputs.npy
2025-05-09 22:37:25,398 - INFO - Waiting for parameters file: /s/ls4/users/selibrin/spiking_researches/correlation_encoding_and_training/mnist/hpo/mozafari_spk_single_input_multi_out/hpo_data/hpo_iteration_data/4339501/params_1_1.pkl
2025-05-09 22:38:20,489 - INFO - Loaded HPO parameters
2025-05-09 22:38:20,489 - INFO - Preparing datasets...
2025-05-09 22:38:21,311 - INFO - Prepared datasets: 1328 train & 1000 validation samples
2025-05-09 22:38:21,423 - INFO - Initializing model...
2025-05-09 22:38:21,429 - INFO - Fitting model...
2025-05-09 22:45:45,789 - INFO - Saved weights to /s/ls4/users/selibrin/spiking_researches/correlation_encoding_and_training/mnist/hpo/mozafari_spk_single_input_multi_out/hpo_data/hpo_iteration_data/4339501/estimator_1_neuron_1_weights.npy
2025-05-09 22:45:45,790 - INFO - Evaluating model...
2025-05-09 22:51:20,401 - INFO - Saved validation outputs to /s/ls4/users/selibrin/spiking_researches/correlation_encoding_and_training/mnist/hpo/mozafari_spk_single_input_multi_out/hpo_data/hpo_iteration_data/4339501/estimator_1_neuron_1_validation_outputs.npy
2025-05-09 22:51:20,402 - INFO - Waiting for parameters file: /s/ls4/users/selibrin/spiking_researches/correlation_encoding_and_training/mnist/hpo/mozafari_spk_single_input_multi_out/hpo_data/hpo_iteration_data/4339501/params_1_1.pkl
2025-05-09 22:51:55,446 - INFO - Loaded HPO parameters
2025-05-09 22:51:55,447 - INFO - Preparing datasets...
2025-05-09 22:51:56,504 - INFO - Prepared datasets: 332 train & 1000 validation samples
2025-05-09 22:51:56,568 - INFO - Initializing model...
2025-05-09 22:51:56,574 - INFO - Fitting model...
2025-05-09 22:53:52,572 - INFO - Saved weights to /s/ls4/users/selibrin/spiking_researches/correlation_encoding_and_training/mnist/hpo/mozafari_spk_single_input_multi_out/hpo_data/hpo_iteration_data/4339501/estimator_1_neuron_1_weights.npy
2025-05-09 22:53:52,573 - INFO - Evaluating model...
2025-05-09 22:59:35,873 - INFO - Saved validation outputs to /s/ls4/users/selibrin/spiking_researches/correlation_encoding_and_training/mnist/hpo/mozafari_spk_single_input_multi_out/hpo_data/hpo_iteration_data/4339501/estimator_1_neuron_1_validation_outputs.npy
2025-05-09 22:59:35,873 - INFO - Waiting for parameters file: /s/ls4/users/selibrin/spiking_researches/correlation_encoding_and_training/mnist/hpo/mozafari_spk_single_input_multi_out/hpo_data/hpo_iteration_data/4339501/params_1_1.pkl
2025-05-09 23:00:00,907 - INFO - Loaded HPO parameters
2025-05-09 23:00:00,907 - INFO - Preparing datasets...
2025-05-09 23:00:01,550 - INFO - Prepared datasets: 664 train & 1000 validation samples
2025-05-09 23:00:01,719 - INFO - Initializing model...
2025-05-09 23:00:01,724 - INFO - Fitting model...
2025-05-09 23:03:51,572 - INFO - Saved weights to /s/ls4/users/selibrin/spiking_researches/correlation_encoding_and_training/mnist/hpo/mozafari_spk_single_input_multi_out/hpo_data/hpo_iteration_data/4339501/estimator_1_neuron_1_weights.npy
2025-05-09 23:03:51,572 - INFO - Evaluating model...
2025-05-09 23:09:46,563 - INFO - Saved validation outputs to /s/ls4/users/selibrin/spiking_researches/correlation_encoding_and_training/mnist/hpo/mozafari_spk_single_input_multi_out/hpo_data/hpo_iteration_data/4339501/estimator_1_neuron_1_validation_outputs.npy
2025-05-09 23:09:46,564 - INFO - Waiting for parameters file: /s/ls4/users/selibrin/spiking_researches/correlation_encoding_and_training/mnist/hpo/mozafari_spk_single_input_multi_out/hpo_data/hpo_iteration_data/4339501/params_1_1.pkl
2025-05-09 23:10:06,591 - INFO - Loaded HPO parameters
2025-05-09 23:10:06,591 - INFO - Preparing datasets...
2025-05-09 23:10:07,361 - INFO - Prepared datasets: 1328 train & 1000 validation samples
2025-05-09 23:10:07,380 - INFO - Initializing model...
2025-05-09 23:10:07,384 - INFO - Fitting model...
2025-05-09 23:17:46,049 - INFO - Saved weights to /s/ls4/users/selibrin/spiking_researches/correlation_encoding_and_training/mnist/hpo/mozafari_spk_single_input_multi_out/hpo_data/hpo_iteration_data/4339501/estimator_1_neuron_1_weights.npy
2025-05-09 23:17:46,050 - INFO - Evaluating model...
2025-05-09 23:23:36,475 - INFO - Saved validation outputs to /s/ls4/users/selibrin/spiking_researches/correlation_encoding_and_training/mnist/hpo/mozafari_spk_single_input_multi_out/hpo_data/hpo_iteration_data/4339501/estimator_1_neuron_1_validation_outputs.npy
2025-05-09 23:23:36,475 - INFO - Waiting for parameters file: /s/ls4/users/selibrin/spiking_researches/correlation_encoding_and_training/mnist/hpo/mozafari_spk_single_input_multi_out/hpo_data/hpo_iteration_data/4339501/params_1_1.pkl
2025-05-09 23:23:46,487 - INFO - Loaded HPO parameters
2025-05-09 23:23:46,487 - INFO - Preparing datasets...
2025-05-09 23:23:47,384 - INFO - Prepared datasets: 1328 train & 1000 validation samples
2025-05-09 23:23:47,433 - INFO - Initializing model...
2025-05-09 23:23:47,438 - INFO - Fitting model...
2025-05-09 23:31:37,405 - INFO - Saved weights to /s/ls4/users/selibrin/spiking_researches/correlation_encoding_and_training/mnist/hpo/mozafari_spk_single_input_multi_out/hpo_data/hpo_iteration_data/4339501/estimator_1_neuron_1_weights.npy
2025-05-09 23:31:37,406 - INFO - Evaluating model...
2025-05-09 23:37:20,512 - INFO - Saved validation outputs to /s/ls4/users/selibrin/spiking_researches/correlation_encoding_and_training/mnist/hpo/mozafari_spk_single_input_multi_out/hpo_data/hpo_iteration_data/4339501/estimator_1_neuron_1_validation_outputs.npy
2025-05-09 23:37:20,512 - INFO - Waiting for parameters file: /s/ls4/users/selibrin/spiking_researches/correlation_encoding_and_training/mnist/hpo/mozafari_spk_single_input_multi_out/hpo_data/hpo_iteration_data/4339501/params_1_1.pkl
2025-05-09 23:37:50,553 - INFO - Loaded HPO parameters
2025-05-09 23:37:50,554 - INFO - Preparing datasets...
2025-05-09 23:37:51,369 - INFO - Prepared datasets: 1328 train & 1000 validation samples
2025-05-09 23:37:51,457 - INFO - Initializing model...
2025-05-09 23:37:51,463 - INFO - Fitting model...
2025-05-09 23:45:59,177 - INFO - Saved weights to /s/ls4/users/selibrin/spiking_researches/correlation_encoding_and_training/mnist/hpo/mozafari_spk_single_input_multi_out/hpo_data/hpo_iteration_data/4339501/estimator_1_neuron_1_weights.npy
2025-05-09 23:45:59,177 - INFO - Evaluating model...
2025-05-09 23:51:16,772 - INFO - Saved validation outputs to /s/ls4/users/selibrin/spiking_researches/correlation_encoding_and_training/mnist/hpo/mozafari_spk_single_input_multi_out/hpo_data/hpo_iteration_data/4339501/estimator_1_neuron_1_validation_outputs.npy
2025-05-09 23:51:16,773 - INFO - Waiting for parameters file: /s/ls4/users/selibrin/spiking_researches/correlation_encoding_and_training/mnist/hpo/mozafari_spk_single_input_multi_out/hpo_data/hpo_iteration_data/4339501/params_1_1.pkl
2025-05-09 23:51:26,789 - INFO - Loaded HPO parameters
2025-05-09 23:51:26,789 - INFO - Preparing datasets...
2025-05-09 23:51:27,410 - INFO - Prepared datasets: 332 train & 1000 validation samples
2025-05-09 23:51:27,472 - INFO - Initializing model...
2025-05-09 23:51:27,479 - INFO - Fitting model...
2025-05-09 23:53:21,228 - INFO - Saved weights to /s/ls4/users/selibrin/spiking_researches/correlation_encoding_and_training/mnist/hpo/mozafari_spk_single_input_multi_out/hpo_data/hpo_iteration_data/4339501/estimator_1_neuron_1_weights.npy
2025-05-09 23:53:21,229 - INFO - Evaluating model...
2025-05-09 23:59:02,624 - INFO - Saved validation outputs to /s/ls4/users/selibrin/spiking_researches/correlation_encoding_and_training/mnist/hpo/mozafari_spk_single_input_multi_out/hpo_data/hpo_iteration_data/4339501/estimator_1_neuron_1_validation_outputs.npy
2025-05-09 23:59:02,624 - INFO - Waiting for parameters file: /s/ls4/users/selibrin/spiking_researches/correlation_encoding_and_training/mnist/hpo/mozafari_spk_single_input_multi_out/hpo_data/hpo_iteration_data/4339501/params_1_1.pkl
2025-05-09 23:59:32,665 - INFO - Loaded HPO parameters
2025-05-09 23:59:32,665 - INFO - Preparing datasets...
2025-05-09 23:59:33,260 - INFO - Prepared datasets: 1328 train & 1000 validation samples
2025-05-09 23:59:33,265 - INFO - Initializing model...
2025-05-09 23:59:33,270 - INFO - Fitting model...
2025-05-10 00:07:21,930 - INFO - Saved weights to /s/ls4/users/selibrin/spiking_researches/correlation_encoding_and_training/mnist/hpo/mozafari_spk_single_input_multi_out/hpo_data/hpo_iteration_data/4339501/estimator_1_neuron_1_weights.npy
2025-05-10 00:07:21,930 - INFO - Evaluating model...
2025-05-10 00:13:01,637 - INFO - Saved validation outputs to /s/ls4/users/selibrin/spiking_researches/correlation_encoding_and_training/mnist/hpo/mozafari_spk_single_input_multi_out/hpo_data/hpo_iteration_data/4339501/estimator_1_neuron_1_validation_outputs.npy
2025-05-10 00:13:01,637 - INFO - Waiting for parameters file: /s/ls4/users/selibrin/spiking_researches/correlation_encoding_and_training/mnist/hpo/mozafari_spk_single_input_multi_out/hpo_data/hpo_iteration_data/4339501/params_1_1.pkl
2025-05-10 00:13:41,688 - INFO - Loaded HPO parameters
2025-05-10 00:13:41,688 - INFO - Preparing datasets...
2025-05-10 00:13:42,322 - INFO - Prepared datasets: 664 train & 1000 validation samples
2025-05-10 00:13:42,326 - INFO - Initializing model...
2025-05-10 00:13:42,330 - INFO - Fitting model...
2025-05-10 00:17:43,031 - INFO - Saved weights to /s/ls4/users/selibrin/spiking_researches/correlation_encoding_and_training/mnist/hpo/mozafari_spk_single_input_multi_out/hpo_data/hpo_iteration_data/4339501/estimator_1_neuron_1_weights.npy
2025-05-10 00:17:43,031 - INFO - Evaluating model...
2025-05-10 00:23:38,571 - INFO - Saved validation outputs to /s/ls4/users/selibrin/spiking_researches/correlation_encoding_and_training/mnist/hpo/mozafari_spk_single_input_multi_out/hpo_data/hpo_iteration_data/4339501/estimator_1_neuron_1_validation_outputs.npy
2025-05-10 00:23:38,572 - INFO - Waiting for parameters file: /s/ls4/users/selibrin/spiking_researches/correlation_encoding_and_training/mnist/hpo/mozafari_spk_single_input_multi_out/hpo_data/hpo_iteration_data/4339501/params_1_1.pkl
2025-05-10 00:24:13,618 - INFO - Loaded HPO parameters
2025-05-10 00:24:13,618 - INFO - Preparing datasets...
2025-05-10 00:24:14,318 - INFO - Prepared datasets: 332 train & 1000 validation samples
2025-05-10 00:24:14,335 - INFO - Initializing model...
2025-05-10 00:24:14,340 - INFO - Fitting model...
2025-05-10 00:26:06,874 - INFO - Saved weights to /s/ls4/users/selibrin/spiking_researches/correlation_encoding_and_training/mnist/hpo/mozafari_spk_single_input_multi_out/hpo_data/hpo_iteration_data/4339501/estimator_1_neuron_1_weights.npy
2025-05-10 00:26:06,874 - INFO - Evaluating model...
2025-05-10 00:31:54,793 - INFO - Saved validation outputs to /s/ls4/users/selibrin/spiking_researches/correlation_encoding_and_training/mnist/hpo/mozafari_spk_single_input_multi_out/hpo_data/hpo_iteration_data/4339501/estimator_1_neuron_1_validation_outputs.npy
2025-05-10 00:31:54,793 - INFO - Waiting for parameters file: /s/ls4/users/selibrin/spiking_researches/correlation_encoding_and_training/mnist/hpo/mozafari_spk_single_input_multi_out/hpo_data/hpo_iteration_data/4339501/params_1_1.pkl
2025-05-10 00:32:49,879 - INFO - Loaded HPO parameters
2025-05-10 00:32:49,880 - INFO - Preparing datasets...
2025-05-10 00:32:50,716 - INFO - Prepared datasets: 332 train & 1000 validation samples
2025-05-10 00:32:50,720 - INFO - Initializing model...
2025-05-10 00:32:50,725 - INFO - Fitting model...
2025-05-10 00:34:47,759 - INFO - Saved weights to /s/ls4/users/selibrin/spiking_researches/correlation_encoding_and_training/mnist/hpo/mozafari_spk_single_input_multi_out/hpo_data/hpo_iteration_data/4339501/estimator_1_neuron_1_weights.npy
2025-05-10 00:34:47,759 - INFO - Evaluating model...
2025-05-10 00:40:56,880 - INFO - Saved validation outputs to /s/ls4/users/selibrin/spiking_researches/correlation_encoding_and_training/mnist/hpo/mozafari_spk_single_input_multi_out/hpo_data/hpo_iteration_data/4339501/estimator_1_neuron_1_validation_outputs.npy
2025-05-10 00:40:56,880 - INFO - Waiting for parameters file: /s/ls4/users/selibrin/spiking_researches/correlation_encoding_and_training/mnist/hpo/mozafari_spk_single_input_multi_out/hpo_data/hpo_iteration_data/4339501/params_1_1.pkl
2025-05-10 00:41:26,923 - INFO - Loaded HPO parameters
2025-05-10 00:41:26,923 - INFO - Preparing datasets...
2025-05-10 00:41:27,592 - INFO - Prepared datasets: 332 train & 1000 validation samples
2025-05-10 00:41:27,654 - INFO - Initializing model...
2025-05-10 00:41:27,660 - INFO - Fitting model...
2025-05-10 00:43:26,706 - INFO - Saved weights to /s/ls4/users/selibrin/spiking_researches/correlation_encoding_and_training/mnist/hpo/mozafari_spk_single_input_multi_out/hpo_data/hpo_iteration_data/4339501/estimator_1_neuron_1_weights.npy
2025-05-10 00:43:26,707 - INFO - Evaluating model...
2025-05-10 00:49:21,488 - INFO - Saved validation outputs to /s/ls4/users/selibrin/spiking_researches/correlation_encoding_and_training/mnist/hpo/mozafari_spk_single_input_multi_out/hpo_data/hpo_iteration_data/4339501/estimator_1_neuron_1_validation_outputs.npy
2025-05-10 00:49:21,489 - INFO - Waiting for parameters file: /s/ls4/users/selibrin/spiking_researches/correlation_encoding_and_training/mnist/hpo/mozafari_spk_single_input_multi_out/hpo_data/hpo_iteration_data/4339501/params_1_1.pkl
2025-05-10 00:50:01,535 - INFO - Loaded HPO parameters
2025-05-10 00:50:01,535 - INFO - Preparing datasets...
2025-05-10 00:50:02,417 - INFO - Prepared datasets: 332 train & 1000 validation samples
2025-05-10 00:50:02,421 - INFO - Initializing model...
2025-05-10 00:50:02,426 - INFO - Fitting model...
2025-05-10 00:51:57,253 - INFO - Saved weights to /s/ls4/users/selibrin/spiking_researches/correlation_encoding_and_training/mnist/hpo/mozafari_spk_single_input_multi_out/hpo_data/hpo_iteration_data/4339501/estimator_1_neuron_1_weights.npy
2025-05-10 00:51:57,254 - INFO - Evaluating model...
2025-05-10 00:57:34,116 - INFO - Saved validation outputs to /s/ls4/users/selibrin/spiking_researches/correlation_encoding_and_training/mnist/hpo/mozafari_spk_single_input_multi_out/hpo_data/hpo_iteration_data/4339501/estimator_1_neuron_1_validation_outputs.npy
2025-05-10 00:57:34,116 - INFO - Waiting for parameters file: /s/ls4/users/selibrin/spiking_researches/correlation_encoding_and_training/mnist/hpo/mozafari_spk_single_input_multi_out/hpo_data/hpo_iteration_data/4339501/params_1_1.pkl
2025-05-10 00:58:09,160 - INFO - Loaded HPO parameters
2025-05-10 00:58:09,160 - INFO - Preparing datasets...
2025-05-10 00:58:09,862 - INFO - Prepared datasets: 332 train & 1000 validation samples
2025-05-10 00:58:09,946 - INFO - Initializing model...
2025-05-10 00:58:09,953 - INFO - Fitting model...
2025-05-10 01:00:06,792 - INFO - Saved weights to /s/ls4/users/selibrin/spiking_researches/correlation_encoding_and_training/mnist/hpo/mozafari_spk_single_input_multi_out/hpo_data/hpo_iteration_data/4339501/estimator_1_neuron_1_weights.npy
2025-05-10 01:00:06,792 - INFO - Evaluating model...
2025-05-10 01:06:03,857 - INFO - Saved validation outputs to /s/ls4/users/selibrin/spiking_researches/correlation_encoding_and_training/mnist/hpo/mozafari_spk_single_input_multi_out/hpo_data/hpo_iteration_data/4339501/estimator_1_neuron_1_validation_outputs.npy
2025-05-10 01:06:03,857 - INFO - Waiting for parameters file: /s/ls4/users/selibrin/spiking_researches/correlation_encoding_and_training/mnist/hpo/mozafari_spk_single_input_multi_out/hpo_data/hpo_iteration_data/4339501/params_1_1.pkl
2025-05-10 01:06:13,873 - INFO - Loaded HPO parameters
2025-05-10 01:06:13,873 - INFO - Preparing datasets...
2025-05-10 01:06:14,681 - INFO - Prepared datasets: 664 train & 1000 validation samples
2025-05-10 01:06:14,686 - INFO - Initializing model...
2025-05-10 01:06:14,691 - INFO - Fitting model...
2025-05-10 01:10:07,931 - INFO - Saved weights to /s/ls4/users/selibrin/spiking_researches/correlation_encoding_and_training/mnist/hpo/mozafari_spk_single_input_multi_out/hpo_data/hpo_iteration_data/4339501/estimator_1_neuron_1_weights.npy
2025-05-10 01:10:07,931 - INFO - Evaluating model...
2025-05-10 01:16:04,699 - INFO - Saved validation outputs to /s/ls4/users/selibrin/spiking_researches/correlation_encoding_and_training/mnist/hpo/mozafari_spk_single_input_multi_out/hpo_data/hpo_iteration_data/4339501/estimator_1_neuron_1_validation_outputs.npy
2025-05-10 01:16:04,699 - INFO - Waiting for parameters file: /s/ls4/users/selibrin/spiking_researches/correlation_encoding_and_training/mnist/hpo/mozafari_spk_single_input_multi_out/hpo_data/hpo_iteration_data/4339501/params_1_1.pkl
2025-05-10 01:16:19,720 - INFO - Loaded HPO parameters
2025-05-10 01:16:19,720 - INFO - Preparing datasets...
2025-05-10 01:16:20,315 - INFO - Prepared datasets: 664 train & 1000 validation samples
2025-05-10 01:16:20,385 - INFO - Initializing model...
2025-05-10 01:16:20,390 - INFO - Fitting model...
2025-05-10 01:20:22,578 - INFO - Saved weights to /s/ls4/users/selibrin/spiking_researches/correlation_encoding_and_training/mnist/hpo/mozafari_spk_single_input_multi_out/hpo_data/hpo_iteration_data/4339501/estimator_1_neuron_1_weights.npy
2025-05-10 01:20:22,578 - INFO - Evaluating model...
2025-05-10 01:26:13,939 - INFO - Saved validation outputs to /s/ls4/users/selibrin/spiking_researches/correlation_encoding_and_training/mnist/hpo/mozafari_spk_single_input_multi_out/hpo_data/hpo_iteration_data/4339501/estimator_1_neuron_1_validation_outputs.npy
2025-05-10 01:26:13,939 - INFO - Waiting for parameters file: /s/ls4/users/selibrin/spiking_researches/correlation_encoding_and_training/mnist/hpo/mozafari_spk_single_input_multi_out/hpo_data/hpo_iteration_data/4339501/params_1_1.pkl
2025-05-10 01:26:28,960 - INFO - Loaded HPO parameters
2025-05-10 01:26:28,961 - INFO - Preparing datasets...
2025-05-10 01:26:29,683 - INFO - Prepared datasets: 1328 train & 1000 validation samples
2025-05-10 01:26:29,687 - INFO - Initializing model...
2025-05-10 01:26:29,692 - INFO - Fitting model...
2025-05-10 01:34:25,090 - INFO - Saved weights to /s/ls4/users/selibrin/spiking_researches/correlation_encoding_and_training/mnist/hpo/mozafari_spk_single_input_multi_out/hpo_data/hpo_iteration_data/4339501/estimator_1_neuron_1_weights.npy
2025-05-10 01:34:25,090 - INFO - Evaluating model...
2025-05-10 01:40:03,478 - INFO - Saved validation outputs to /s/ls4/users/selibrin/spiking_researches/correlation_encoding_and_training/mnist/hpo/mozafari_spk_single_input_multi_out/hpo_data/hpo_iteration_data/4339501/estimator_1_neuron_1_validation_outputs.npy
2025-05-10 01:40:03,479 - INFO - Waiting for parameters file: /s/ls4/users/selibrin/spiking_researches/correlation_encoding_and_training/mnist/hpo/mozafari_spk_single_input_multi_out/hpo_data/hpo_iteration_data/4339501/params_1_1.pkl
2025-05-10 01:40:33,520 - INFO - Loaded HPO parameters
2025-05-10 01:40:33,520 - INFO - Preparing datasets...
2025-05-10 01:40:34,111 - INFO - Prepared datasets: 1328 train & 1000 validation samples
2025-05-10 01:40:34,149 - INFO - Initializing model...
2025-05-10 01:40:34,154 - INFO - Fitting model...
2025-05-10 01:48:22,515 - INFO - Saved weights to /s/ls4/users/selibrin/spiking_researches/correlation_encoding_and_training/mnist/hpo/mozafari_spk_single_input_multi_out/hpo_data/hpo_iteration_data/4339501/estimator_1_neuron_1_weights.npy
2025-05-10 01:48:22,516 - INFO - Evaluating model...
2025-05-10 01:54:14,167 - INFO - Saved validation outputs to /s/ls4/users/selibrin/spiking_researches/correlation_encoding_and_training/mnist/hpo/mozafari_spk_single_input_multi_out/hpo_data/hpo_iteration_data/4339501/estimator_1_neuron_1_validation_outputs.npy
2025-05-10 01:54:14,167 - INFO - Waiting for parameters file: /s/ls4/users/selibrin/spiking_researches/correlation_encoding_and_training/mnist/hpo/mozafari_spk_single_input_multi_out/hpo_data/hpo_iteration_data/4339501/params_1_1.pkl
2025-05-10 01:54:39,200 - INFO - Loaded HPO parameters
2025-05-10 01:54:39,200 - INFO - Preparing datasets...
2025-05-10 01:54:39,880 - INFO - Prepared datasets: 332 train & 1000 validation samples
2025-05-10 01:54:39,884 - INFO - Initializing model...
2025-05-10 01:54:39,890 - INFO - Fitting model...
2025-05-10 01:56:30,337 - INFO - Saved weights to /s/ls4/users/selibrin/spiking_researches/correlation_encoding_and_training/mnist/hpo/mozafari_spk_single_input_multi_out/hpo_data/hpo_iteration_data/4339501/estimator_1_neuron_1_weights.npy
2025-05-10 01:56:30,338 - INFO - Evaluating model...
2025-05-10 02:02:02,159 - INFO - Saved validation outputs to /s/ls4/users/selibrin/spiking_researches/correlation_encoding_and_training/mnist/hpo/mozafari_spk_single_input_multi_out/hpo_data/hpo_iteration_data/4339501/estimator_1_neuron_1_validation_outputs.npy
2025-05-10 02:02:02,160 - INFO - Waiting for parameters file: /s/ls4/users/selibrin/spiking_researches/correlation_encoding_and_training/mnist/hpo/mozafari_spk_single_input_multi_out/hpo_data/hpo_iteration_data/4339501/params_1_1.pkl
2025-05-10 02:02:42,208 - INFO - Loaded HPO parameters
2025-05-10 02:02:42,209 - INFO - Preparing datasets...
2025-05-10 02:02:42,850 - INFO - Prepared datasets: 332 train & 1000 validation samples
2025-05-10 02:02:42,872 - INFO - Initializing model...
2025-05-10 02:02:42,878 - INFO - Fitting model...
2025-05-10 02:04:44,595 - INFO - Saved weights to /s/ls4/users/selibrin/spiking_researches/correlation_encoding_and_training/mnist/hpo/mozafari_spk_single_input_multi_out/hpo_data/hpo_iteration_data/4339501/estimator_1_neuron_1_weights.npy
2025-05-10 02:04:44,595 - INFO - Evaluating model...
2025-05-10 02:10:37,768 - INFO - Saved validation outputs to /s/ls4/users/selibrin/spiking_researches/correlation_encoding_and_training/mnist/hpo/mozafari_spk_single_input_multi_out/hpo_data/hpo_iteration_data/4339501/estimator_1_neuron_1_validation_outputs.npy
2025-05-10 02:10:37,768 - INFO - Waiting for parameters file: /s/ls4/users/selibrin/spiking_researches/correlation_encoding_and_training/mnist/hpo/mozafari_spk_single_input_multi_out/hpo_data/hpo_iteration_data/4339501/params_1_1.pkl
2025-05-10 02:11:22,823 - INFO - Loaded HPO parameters
2025-05-10 02:11:22,823 - INFO - Preparing datasets...
2025-05-10 02:11:23,656 - INFO - Prepared datasets: 332 train & 1000 validation samples
2025-05-10 02:11:23,666 - INFO - Initializing model...
2025-05-10 02:11:23,671 - INFO - Fitting model...
2025-05-10 02:13:22,187 - INFO - Saved weights to /s/ls4/users/selibrin/spiking_researches/correlation_encoding_and_training/mnist/hpo/mozafari_spk_single_input_multi_out/hpo_data/hpo_iteration_data/4339501/estimator_1_neuron_1_weights.npy
2025-05-10 02:13:22,187 - INFO - Evaluating model...
2025-05-10 02:19:18,755 - INFO - Saved validation outputs to /s/ls4/users/selibrin/spiking_researches/correlation_encoding_and_training/mnist/hpo/mozafari_spk_single_input_multi_out/hpo_data/hpo_iteration_data/4339501/estimator_1_neuron_1_validation_outputs.npy
2025-05-10 02:19:18,755 - INFO - Waiting for parameters file: /s/ls4/users/selibrin/spiking_researches/correlation_encoding_and_training/mnist/hpo/mozafari_spk_single_input_multi_out/hpo_data/hpo_iteration_data/4339501/params_1_1.pkl
2025-05-10 02:19:58,804 - INFO - Loaded HPO parameters
2025-05-10 02:19:58,804 - INFO - Preparing datasets...
2025-05-10 02:19:59,598 - INFO - Prepared datasets: 1328 train & 1000 validation samples
2025-05-10 02:19:59,676 - INFO - Initializing model...
2025-05-10 02:19:59,682 - INFO - Fitting model...
2025-05-10 02:27:47,211 - INFO - Saved weights to /s/ls4/users/selibrin/spiking_researches/correlation_encoding_and_training/mnist/hpo/mozafari_spk_single_input_multi_out/hpo_data/hpo_iteration_data/4339501/estimator_1_neuron_1_weights.npy
2025-05-10 02:27:47,211 - INFO - Evaluating model...
2025-05-10 02:33:41,104 - INFO - Saved validation outputs to /s/ls4/users/selibrin/spiking_researches/correlation_encoding_and_training/mnist/hpo/mozafari_spk_single_input_multi_out/hpo_data/hpo_iteration_data/4339501/estimator_1_neuron_1_validation_outputs.npy
2025-05-10 02:33:41,104 - INFO - Waiting for parameters file: /s/ls4/users/selibrin/spiking_researches/correlation_encoding_and_training/mnist/hpo/mozafari_spk_single_input_multi_out/hpo_data/hpo_iteration_data/4339501/params_1_1.pkl
2025-05-10 02:34:01,132 - INFO - Loaded HPO parameters
2025-05-10 02:34:01,132 - INFO - Preparing datasets...
2025-05-10 02:34:02,203 - INFO - Prepared datasets: 332 train & 1000 validation samples
2025-05-10 02:34:02,260 - INFO - Initializing model...
2025-05-10 02:34:02,266 - INFO - Fitting model...
2025-05-10 02:36:03,102 - INFO - Saved weights to /s/ls4/users/selibrin/spiking_researches/correlation_encoding_and_training/mnist/hpo/mozafari_spk_single_input_multi_out/hpo_data/hpo_iteration_data/4339501/estimator_1_neuron_1_weights.npy
2025-05-10 02:36:03,103 - INFO - Evaluating model...
2025-05-10 02:41:45,150 - INFO - Saved validation outputs to /s/ls4/users/selibrin/spiking_researches/correlation_encoding_and_training/mnist/hpo/mozafari_spk_single_input_multi_out/hpo_data/hpo_iteration_data/4339501/estimator_1_neuron_1_validation_outputs.npy
2025-05-10 02:41:45,151 - INFO - Waiting for parameters file: /s/ls4/users/selibrin/spiking_researches/correlation_encoding_and_training/mnist/hpo/mozafari_spk_single_input_multi_out/hpo_data/hpo_iteration_data/4339501/params_1_1.pkl
2025-05-10 02:42:40,215 - INFO - Loaded HPO parameters
2025-05-10 02:42:40,215 - INFO - Preparing datasets...
2025-05-10 02:42:41,076 - INFO - Prepared datasets: 1328 train & 1000 validation samples
2025-05-10 02:42:41,224 - INFO - Initializing model...
2025-05-10 02:42:41,228 - INFO - Fitting model...
2025-05-10 02:50:27,990 - INFO - Saved weights to /s/ls4/users/selibrin/spiking_researches/correlation_encoding_and_training/mnist/hpo/mozafari_spk_single_input_multi_out/hpo_data/hpo_iteration_data/4339501/estimator_1_neuron_1_weights.npy
2025-05-10 02:50:27,991 - INFO - Evaluating model...
2025-05-10 02:56:04,053 - INFO - Saved validation outputs to /s/ls4/users/selibrin/spiking_researches/correlation_encoding_and_training/mnist/hpo/mozafari_spk_single_input_multi_out/hpo_data/hpo_iteration_data/4339501/estimator_1_neuron_1_validation_outputs.npy
2025-05-10 02:56:04,054 - INFO - Waiting for parameters file: /s/ls4/users/selibrin/spiking_researches/correlation_encoding_and_training/mnist/hpo/mozafari_spk_single_input_multi_out/hpo_data/hpo_iteration_data/4339501/params_1_1.pkl
2025-05-10 02:56:14,072 - INFO - Loaded HPO parameters
2025-05-10 02:56:14,072 - INFO - Preparing datasets...
2025-05-10 02:56:14,879 - INFO - Prepared datasets: 664 train & 1000 validation samples
2025-05-10 02:56:14,961 - INFO - Initializing model...
2025-05-10 02:56:14,969 - INFO - Fitting model...
2025-05-10 03:00:14,621 - INFO - Saved weights to /s/ls4/users/selibrin/spiking_researches/correlation_encoding_and_training/mnist/hpo/mozafari_spk_single_input_multi_out/hpo_data/hpo_iteration_data/4339501/estimator_1_neuron_1_weights.npy
2025-05-10 03:00:14,621 - INFO - Evaluating model...
2025-05-10 03:05:54,165 - INFO - Saved validation outputs to /s/ls4/users/selibrin/spiking_researches/correlation_encoding_and_training/mnist/hpo/mozafari_spk_single_input_multi_out/hpo_data/hpo_iteration_data/4339501/estimator_1_neuron_1_validation_outputs.npy
2025-05-10 03:05:54,165 - INFO - Waiting for parameters file: /s/ls4/users/selibrin/spiking_researches/correlation_encoding_and_training/mnist/hpo/mozafari_spk_single_input_multi_out/hpo_data/hpo_iteration_data/4339501/params_1_1.pkl
2025-05-10 03:06:19,198 - INFO - Loaded HPO parameters
2025-05-10 03:06:19,198 - INFO - Preparing datasets...
2025-05-10 03:06:19,950 - INFO - Prepared datasets: 1328 train & 1000 validation samples
2025-05-10 03:06:19,981 - INFO - Initializing model...
2025-05-10 03:06:19,985 - INFO - Fitting model...
2025-05-10 03:14:07,463 - INFO - Saved weights to /s/ls4/users/selibrin/spiking_researches/correlation_encoding_and_training/mnist/hpo/mozafari_spk_single_input_multi_out/hpo_data/hpo_iteration_data/4339501/estimator_1_neuron_1_weights.npy
2025-05-10 03:14:07,463 - INFO - Evaluating model...
2025-05-10 03:20:01,987 - INFO - Saved validation outputs to /s/ls4/users/selibrin/spiking_researches/correlation_encoding_and_training/mnist/hpo/mozafari_spk_single_input_multi_out/hpo_data/hpo_iteration_data/4339501/estimator_1_neuron_1_validation_outputs.npy
2025-05-10 03:20:01,988 - INFO - Waiting for parameters file: /s/ls4/users/selibrin/spiking_researches/correlation_encoding_and_training/mnist/hpo/mozafari_spk_single_input_multi_out/hpo_data/hpo_iteration_data/4339501/params_1_1.pkl
2025-05-10 03:20:27,020 - INFO - Loaded HPO parameters
2025-05-10 03:20:27,021 - INFO - Preparing datasets...
2025-05-10 03:20:28,001 - INFO - Prepared datasets: 1328 train & 1000 validation samples
2025-05-10 03:20:28,023 - INFO - Initializing model...
2025-05-10 03:20:28,029 - INFO - Fitting model...
2025-05-10 03:28:17,362 - INFO - Saved weights to /s/ls4/users/selibrin/spiking_researches/correlation_encoding_and_training/mnist/hpo/mozafari_spk_single_input_multi_out/hpo_data/hpo_iteration_data/4339501/estimator_1_neuron_1_weights.npy
2025-05-10 03:28:17,362 - INFO - Evaluating model...
2025-05-10 03:34:07,424 - INFO - Saved validation outputs to /s/ls4/users/selibrin/spiking_researches/correlation_encoding_and_training/mnist/hpo/mozafari_spk_single_input_multi_out/hpo_data/hpo_iteration_data/4339501/estimator_1_neuron_1_validation_outputs.npy
2025-05-10 03:34:07,425 - INFO - Waiting for parameters file: /s/ls4/users/selibrin/spiking_researches/correlation_encoding_and_training/mnist/hpo/mozafari_spk_single_input_multi_out/hpo_data/hpo_iteration_data/4339501/params_1_1.pkl
2025-05-10 03:34:32,457 - INFO - Loaded HPO parameters
2025-05-10 03:34:32,457 - INFO - Preparing datasets...
2025-05-10 03:34:33,051 - INFO - Prepared datasets: 332 train & 1000 validation samples
2025-05-10 03:34:33,152 - INFO - Initializing model...
2025-05-10 03:34:33,158 - INFO - Fitting model...
2025-05-10 03:36:35,285 - INFO - Saved weights to /s/ls4/users/selibrin/spiking_researches/correlation_encoding_and_training/mnist/hpo/mozafari_spk_single_input_multi_out/hpo_data/hpo_iteration_data/4339501/estimator_1_neuron_1_weights.npy
2025-05-10 03:36:35,286 - INFO - Evaluating model...
2025-05-10 03:42:22,792 - INFO - Saved validation outputs to /s/ls4/users/selibrin/spiking_researches/correlation_encoding_and_training/mnist/hpo/mozafari_spk_single_input_multi_out/hpo_data/hpo_iteration_data/4339501/estimator_1_neuron_1_validation_outputs.npy
2025-05-10 03:42:22,793 - INFO - Waiting for parameters file: /s/ls4/users/selibrin/spiking_researches/correlation_encoding_and_training/mnist/hpo/mozafari_spk_single_input_multi_out/hpo_data/hpo_iteration_data/4339501/params_1_1.pkl
2025-05-10 03:42:37,816 - INFO - Loaded HPO parameters
2025-05-10 03:42:37,817 - INFO - Preparing datasets...
2025-05-10 03:42:38,638 - INFO - Prepared datasets: 1328 train & 1000 validation samples
2025-05-10 03:42:38,643 - INFO - Initializing model...
2025-05-10 03:42:38,648 - INFO - Fitting model...
2025-05-10 03:50:25,138 - INFO - Saved weights to /s/ls4/users/selibrin/spiking_researches/correlation_encoding_and_training/mnist/hpo/mozafari_spk_single_input_multi_out/hpo_data/hpo_iteration_data/4339501/estimator_1_neuron_1_weights.npy
2025-05-10 03:50:25,138 - INFO - Evaluating model...
2025-05-10 03:56:06,192 - INFO - Saved validation outputs to /s/ls4/users/selibrin/spiking_researches/correlation_encoding_and_training/mnist/hpo/mozafari_spk_single_input_multi_out/hpo_data/hpo_iteration_data/4339501/estimator_1_neuron_1_validation_outputs.npy
2025-05-10 03:56:06,192 - INFO - Waiting for parameters file: /s/ls4/users/selibrin/spiking_researches/correlation_encoding_and_training/mnist/hpo/mozafari_spk_single_input_multi_out/hpo_data/hpo_iteration_data/4339501/params_1_1.pkl
2025-05-10 03:56:16,208 - INFO - Loaded HPO parameters
2025-05-10 03:56:16,208 - INFO - Preparing datasets...
2025-05-10 03:56:17,013 - INFO - Prepared datasets: 1328 train & 1000 validation samples
2025-05-10 03:56:17,051 - INFO - Initializing model...
2025-05-10 03:56:17,055 - INFO - Fitting model...
2025-05-10 04:04:06,518 - INFO - Saved weights to /s/ls4/users/selibrin/spiking_researches/correlation_encoding_and_training/mnist/hpo/mozafari_spk_single_input_multi_out/hpo_data/hpo_iteration_data/4339501/estimator_1_neuron_1_weights.npy
2025-05-10 04:04:06,519 - INFO - Evaluating model...
2025-05-10 04:10:03,239 - INFO - Saved validation outputs to /s/ls4/users/selibrin/spiking_researches/correlation_encoding_and_training/mnist/hpo/mozafari_spk_single_input_multi_out/hpo_data/hpo_iteration_data/4339501/estimator_1_neuron_1_validation_outputs.npy
2025-05-10 04:10:03,239 - INFO - Waiting for parameters file: /s/ls4/users/selibrin/spiking_researches/correlation_encoding_and_training/mnist/hpo/mozafari_spk_single_input_multi_out/hpo_data/hpo_iteration_data/4339501/params_1_1.pkl
2025-05-10 04:10:23,287 - INFO - Loaded HPO parameters
2025-05-10 04:10:23,287 - INFO - Preparing datasets...
2025-05-10 04:10:24,088 - INFO - Prepared datasets: 1328 train & 1000 validation samples
2025-05-10 04:10:24,129 - INFO - Initializing model...
2025-05-10 04:10:24,133 - INFO - Fitting model...
2025-05-10 04:18:37,414 - INFO - Saved weights to /s/ls4/users/selibrin/spiking_researches/correlation_encoding_and_training/mnist/hpo/mozafari_spk_single_input_multi_out/hpo_data/hpo_iteration_data/4339501/estimator_1_neuron_1_weights.npy
2025-05-10 04:18:37,414 - INFO - Evaluating model...
2025-05-10 04:24:12,755 - INFO - Saved validation outputs to /s/ls4/users/selibrin/spiking_researches/correlation_encoding_and_training/mnist/hpo/mozafari_spk_single_input_multi_out/hpo_data/hpo_iteration_data/4339501/estimator_1_neuron_1_validation_outputs.npy
2025-05-10 04:24:12,755 - INFO - Waiting for parameters file: /s/ls4/users/selibrin/spiking_researches/correlation_encoding_and_training/mnist/hpo/mozafari_spk_single_input_multi_out/hpo_data/hpo_iteration_data/4339501/params_1_1.pkl
2025-05-10 04:24:27,779 - INFO - Loaded HPO parameters
2025-05-10 04:24:27,779 - INFO - Preparing datasets...
2025-05-10 04:24:28,476 - INFO - Prepared datasets: 664 train & 1000 validation samples
2025-05-10 04:24:28,519 - INFO - Initializing model...
2025-05-10 04:24:28,523 - INFO - Fitting model...
2025-05-10 04:28:15,764 - INFO - Saved weights to /s/ls4/users/selibrin/spiking_researches/correlation_encoding_and_training/mnist/hpo/mozafari_spk_single_input_multi_out/hpo_data/hpo_iteration_data/4339501/estimator_1_neuron_1_weights.npy
2025-05-10 04:28:15,765 - INFO - Evaluating model...
2025-05-10 04:34:05,571 - INFO - Saved validation outputs to /s/ls4/users/selibrin/spiking_researches/correlation_encoding_and_training/mnist/hpo/mozafari_spk_single_input_multi_out/hpo_data/hpo_iteration_data/4339501/estimator_1_neuron_1_validation_outputs.npy
2025-05-10 04:34:05,571 - INFO - Waiting for parameters file: /s/ls4/users/selibrin/spiking_researches/correlation_encoding_and_training/mnist/hpo/mozafari_spk_single_input_multi_out/hpo_data/hpo_iteration_data/4339501/params_1_1.pkl
2025-05-10 04:34:35,611 - INFO - Loaded HPO parameters
2025-05-10 04:34:35,612 - INFO - Preparing datasets...
2025-05-10 04:34:36,394 - INFO - Prepared datasets: 332 train & 1000 validation samples
2025-05-10 04:34:36,400 - INFO - Initializing model...
2025-05-10 04:34:36,406 - INFO - Fitting model...
2025-05-10 04:36:43,817 - INFO - Saved weights to /s/ls4/users/selibrin/spiking_researches/correlation_encoding_and_training/mnist/hpo/mozafari_spk_single_input_multi_out/hpo_data/hpo_iteration_data/4339501/estimator_1_neuron_1_weights.npy
2025-05-10 04:36:43,817 - INFO - Evaluating model...
2025-05-10 04:42:41,866 - INFO - Saved validation outputs to /s/ls4/users/selibrin/spiking_researches/correlation_encoding_and_training/mnist/hpo/mozafari_spk_single_input_multi_out/hpo_data/hpo_iteration_data/4339501/estimator_1_neuron_1_validation_outputs.npy
2025-05-10 04:42:41,866 - INFO - Waiting for parameters file: /s/ls4/users/selibrin/spiking_researches/correlation_encoding_and_training/mnist/hpo/mozafari_spk_single_input_multi_out/hpo_data/hpo_iteration_data/4339501/params_1_1.pkl
2025-05-10 04:43:06,901 - INFO - Loaded HPO parameters
2025-05-10 04:43:06,902 - INFO - Preparing datasets...
2025-05-10 04:43:07,923 - INFO - Prepared datasets: 1328 train & 1000 validation samples
2025-05-10 04:43:07,970 - INFO - Initializing model...
2025-05-10 04:43:07,975 - INFO - Fitting model...
2025-05-10 04:51:07,331 - INFO - Saved weights to /s/ls4/users/selibrin/spiking_researches/correlation_encoding_and_training/mnist/hpo/mozafari_spk_single_input_multi_out/hpo_data/hpo_iteration_data/4339501/estimator_1_neuron_1_weights.npy
2025-05-10 04:51:07,331 - INFO - Evaluating model...
2025-05-10 04:56:58,139 - INFO - Saved validation outputs to /s/ls4/users/selibrin/spiking_researches/correlation_encoding_and_training/mnist/hpo/mozafari_spk_single_input_multi_out/hpo_data/hpo_iteration_data/4339501/estimator_1_neuron_1_validation_outputs.npy
2025-05-10 04:56:58,140 - INFO - Waiting for parameters file: /s/ls4/users/selibrin/spiking_researches/correlation_encoding_and_training/mnist/hpo/mozafari_spk_single_input_multi_out/hpo_data/hpo_iteration_data/4339501/params_1_1.pkl
2025-05-10 04:57:13,162 - INFO - Loaded HPO parameters
2025-05-10 04:57:13,162 - INFO - Preparing datasets...
2025-05-10 04:57:13,792 - INFO - Prepared datasets: 1328 train & 1000 validation samples
2025-05-10 04:57:13,957 - INFO - Initializing model...
2025-05-10 04:57:13,961 - INFO - Fitting model...
2025-05-10 05:05:11,424 - INFO - Saved weights to /s/ls4/users/selibrin/spiking_researches/correlation_encoding_and_training/mnist/hpo/mozafari_spk_single_input_multi_out/hpo_data/hpo_iteration_data/4339501/estimator_1_neuron_1_weights.npy
2025-05-10 05:05:11,425 - INFO - Evaluating model...
2025-05-10 05:10:56,006 - INFO - Saved validation outputs to /s/ls4/users/selibrin/spiking_researches/correlation_encoding_and_training/mnist/hpo/mozafari_spk_single_input_multi_out/hpo_data/hpo_iteration_data/4339501/estimator_1_neuron_1_validation_outputs.npy
2025-05-10 05:10:56,007 - INFO - Waiting for parameters file: /s/ls4/users/selibrin/spiking_researches/correlation_encoding_and_training/mnist/hpo/mozafari_spk_single_input_multi_out/hpo_data/hpo_iteration_data/4339501/params_1_1.pkl
2025-05-10 05:11:21,041 - INFO - Loaded HPO parameters
2025-05-10 05:11:21,041 - INFO - Preparing datasets...
2025-05-10 05:11:21,906 - INFO - Prepared datasets: 1328 train & 1000 validation samples
2025-05-10 05:11:21,931 - INFO - Initializing model...
2025-05-10 05:11:21,937 - INFO - Fitting model...
2025-05-10 05:19:10,456 - INFO - Saved weights to /s/ls4/users/selibrin/spiking_researches/correlation_encoding_and_training/mnist/hpo/mozafari_spk_single_input_multi_out/hpo_data/hpo_iteration_data/4339501/estimator_1_neuron_1_weights.npy
2025-05-10 05:19:10,456 - INFO - Evaluating model...
2025-05-10 05:25:01,114 - INFO - Saved validation outputs to /s/ls4/users/selibrin/spiking_researches/correlation_encoding_and_training/mnist/hpo/mozafari_spk_single_input_multi_out/hpo_data/hpo_iteration_data/4339501/estimator_1_neuron_1_validation_outputs.npy
2025-05-10 05:25:01,114 - INFO - Waiting for parameters file: /s/ls4/users/selibrin/spiking_researches/correlation_encoding_and_training/mnist/hpo/mozafari_spk_single_input_multi_out/hpo_data/hpo_iteration_data/4339501/params_1_1.pkl
2025-05-10 05:25:26,144 - INFO - Loaded HPO parameters
2025-05-10 05:25:26,144 - INFO - Preparing datasets...
2025-05-10 05:25:27,197 - INFO - Prepared datasets: 1328 train & 1000 validation samples
2025-05-10 05:25:27,274 - INFO - Initializing model...
2025-05-10 05:25:27,280 - INFO - Fitting model...
2025-05-10 05:33:20,692 - INFO - Saved weights to /s/ls4/users/selibrin/spiking_researches/correlation_encoding_and_training/mnist/hpo/mozafari_spk_single_input_multi_out/hpo_data/hpo_iteration_data/4339501/estimator_1_neuron_1_weights.npy
2025-05-10 05:33:20,693 - INFO - Evaluating model...
2025-05-10 05:38:59,624 - INFO - Saved validation outputs to /s/ls4/users/selibrin/spiking_researches/correlation_encoding_and_training/mnist/hpo/mozafari_spk_single_input_multi_out/hpo_data/hpo_iteration_data/4339501/estimator_1_neuron_1_validation_outputs.npy
2025-05-10 05:38:59,625 - INFO - Waiting for parameters file: /s/ls4/users/selibrin/spiking_researches/correlation_encoding_and_training/mnist/hpo/mozafari_spk_single_input_multi_out/hpo_data/hpo_iteration_data/4339501/params_1_1.pkl
2025-05-10 05:39:34,668 - INFO - Loaded HPO parameters
2025-05-10 05:39:34,668 - INFO - Preparing datasets...
2025-05-10 05:39:35,632 - INFO - Prepared datasets: 1328 train & 1000 validation samples
2025-05-10 05:39:35,760 - INFO - Initializing model...
2025-05-10 05:39:35,771 - INFO - Fitting model...
2025-05-10 05:47:27,161 - INFO - Saved weights to /s/ls4/users/selibrin/spiking_researches/correlation_encoding_and_training/mnist/hpo/mozafari_spk_single_input_multi_out/hpo_data/hpo_iteration_data/4339501/estimator_1_neuron_1_weights.npy
2025-05-10 05:47:27,162 - INFO - Evaluating model...
2025-05-10 05:53:13,112 - INFO - Saved validation outputs to /s/ls4/users/selibrin/spiking_researches/correlation_encoding_and_training/mnist/hpo/mozafari_spk_single_input_multi_out/hpo_data/hpo_iteration_data/4339501/estimator_1_neuron_1_validation_outputs.npy
2025-05-10 05:53:13,112 - INFO - Waiting for parameters file: /s/ls4/users/selibrin/spiking_researches/correlation_encoding_and_training/mnist/hpo/mozafari_spk_single_input_multi_out/hpo_data/hpo_iteration_data/4339501/params_1_1.pkl
2025-05-10 05:53:38,185 - INFO - Loaded HPO parameters
2025-05-10 05:53:38,185 - INFO - Preparing datasets...
2025-05-10 05:53:38,914 - INFO - Prepared datasets: 1328 train & 1000 validation samples
2025-05-10 05:53:38,997 - INFO - Initializing model...
2025-05-10 05:53:39,068 - INFO - Fitting model...
2025-05-10 06:01:44,709 - INFO - Saved weights to /s/ls4/users/selibrin/spiking_researches/correlation_encoding_and_training/mnist/hpo/mozafari_spk_single_input_multi_out/hpo_data/hpo_iteration_data/4339501/estimator_1_neuron_1_weights.npy
2025-05-10 06:01:44,710 - INFO - Evaluating model...
2025-05-10 06:07:14,829 - INFO - Saved validation outputs to /s/ls4/users/selibrin/spiking_researches/correlation_encoding_and_training/mnist/hpo/mozafari_spk_single_input_multi_out/hpo_data/hpo_iteration_data/4339501/estimator_1_neuron_1_validation_outputs.npy
2025-05-10 06:07:14,829 - INFO - Waiting for parameters file: /s/ls4/users/selibrin/spiking_researches/correlation_encoding_and_training/mnist/hpo/mozafari_spk_single_input_multi_out/hpo_data/hpo_iteration_data/4339501/params_1_1.pkl
2025-05-10 06:07:44,868 - INFO - Loaded HPO parameters
2025-05-10 06:07:44,869 - INFO - Preparing datasets...
2025-05-10 06:07:45,544 - INFO - Prepared datasets: 1328 train & 1000 validation samples
2025-05-10 06:07:45,566 - INFO - Initializing model...
2025-05-10 06:07:45,570 - INFO - Fitting model...
2025-05-10 06:15:35,619 - INFO - Saved weights to /s/ls4/users/selibrin/spiking_researches/correlation_encoding_and_training/mnist/hpo/mozafari_spk_single_input_multi_out/hpo_data/hpo_iteration_data/4339501/estimator_1_neuron_1_weights.npy
2025-05-10 06:15:35,619 - INFO - Evaluating model...
2025-05-10 06:21:28,674 - INFO - Saved validation outputs to /s/ls4/users/selibrin/spiking_researches/correlation_encoding_and_training/mnist/hpo/mozafari_spk_single_input_multi_out/hpo_data/hpo_iteration_data/4339501/estimator_1_neuron_1_validation_outputs.npy
2025-05-10 06:21:28,675 - INFO - Waiting for parameters file: /s/ls4/users/selibrin/spiking_researches/correlation_encoding_and_training/mnist/hpo/mozafari_spk_single_input_multi_out/hpo_data/hpo_iteration_data/4339501/params_1_1.pkl
2025-05-10 06:21:53,708 - INFO - Loaded HPO parameters
2025-05-10 06:21:53,708 - INFO - Preparing datasets...
2025-05-10 06:21:54,760 - INFO - Prepared datasets: 332 train & 1000 validation samples
2025-05-10 06:21:54,782 - INFO - Initializing model...
2025-05-10 06:21:54,788 - INFO - Fitting model...
2025-05-10 06:23:59,746 - INFO - Saved weights to /s/ls4/users/selibrin/spiking_researches/correlation_encoding_and_training/mnist/hpo/mozafari_spk_single_input_multi_out/hpo_data/hpo_iteration_data/4339501/estimator_1_neuron_1_weights.npy
2025-05-10 06:23:59,746 - INFO - Evaluating model...
2025-05-10 06:29:56,058 - INFO - Saved validation outputs to /s/ls4/users/selibrin/spiking_researches/correlation_encoding_and_training/mnist/hpo/mozafari_spk_single_input_multi_out/hpo_data/hpo_iteration_data/4339501/estimator_1_neuron_1_validation_outputs.npy
2025-05-10 06:29:56,059 - INFO - Waiting for parameters file: /s/ls4/users/selibrin/spiking_researches/correlation_encoding_and_training/mnist/hpo/mozafari_spk_single_input_multi_out/hpo_data/hpo_iteration_data/4339501/params_1_1.pkl
2025-05-10 06:30:31,103 - INFO - Loaded HPO parameters
2025-05-10 06:30:31,103 - INFO - Preparing datasets...
2025-05-10 06:30:31,828 - INFO - Prepared datasets: 1328 train & 1000 validation samples
2025-05-10 06:30:32,031 - INFO - Initializing model...
2025-05-10 06:30:32,036 - INFO - Fitting model...
2025-05-10 06:38:36,056 - INFO - Saved weights to /s/ls4/users/selibrin/spiking_researches/correlation_encoding_and_training/mnist/hpo/mozafari_spk_single_input_multi_out/hpo_data/hpo_iteration_data/4339501/estimator_1_neuron_1_weights.npy
2025-05-10 06:38:36,057 - INFO - Evaluating model...
2025-05-10 06:44:16,775 - INFO - Saved validation outputs to /s/ls4/users/selibrin/spiking_researches/correlation_encoding_and_training/mnist/hpo/mozafari_spk_single_input_multi_out/hpo_data/hpo_iteration_data/4339501/estimator_1_neuron_1_validation_outputs.npy
2025-05-10 06:44:16,776 - INFO - Waiting for parameters file: /s/ls4/users/selibrin/spiking_researches/correlation_encoding_and_training/mnist/hpo/mozafari_spk_single_input_multi_out/hpo_data/hpo_iteration_data/4339501/params_1_1.pkl
2025-05-10 06:44:36,805 - INFO - Loaded HPO parameters
2025-05-10 06:44:36,806 - INFO - Preparing datasets...
2025-05-10 06:44:37,645 - INFO - Prepared datasets: 664 train & 1000 validation samples
2025-05-10 06:44:37,668 - INFO - Initializing model...
2025-05-10 06:44:37,673 - INFO - Fitting model...
2025-05-10 06:48:49,005 - INFO - Saved weights to /s/ls4/users/selibrin/spiking_researches/correlation_encoding_and_training/mnist/hpo/mozafari_spk_single_input_multi_out/hpo_data/hpo_iteration_data/4339501/estimator_1_neuron_1_weights.npy
2025-05-10 06:48:49,005 - INFO - Evaluating model...
2025-05-10 06:54:41,074 - INFO - Saved validation outputs to /s/ls4/users/selibrin/spiking_researches/correlation_encoding_and_training/mnist/hpo/mozafari_spk_single_input_multi_out/hpo_data/hpo_iteration_data/4339501/estimator_1_neuron_1_validation_outputs.npy
2025-05-10 06:54:41,075 - INFO - Waiting for parameters file: /s/ls4/users/selibrin/spiking_researches/correlation_encoding_and_training/mnist/hpo/mozafari_spk_single_input_multi_out/hpo_data/hpo_iteration_data/4339501/params_1_1.pkl
2025-05-10 06:55:11,138 - INFO - Loaded HPO parameters
2025-05-10 06:55:11,139 - INFO - Preparing datasets...
2025-05-10 06:55:11,972 - INFO - Prepared datasets: 1328 train & 1000 validation samples
2025-05-10 06:55:12,018 - INFO - Initializing model...
2025-05-10 06:55:12,024 - INFO - Fitting model...
2025-05-10 07:03:04,510 - INFO - Saved weights to /s/ls4/users/selibrin/spiking_researches/correlation_encoding_and_training/mnist/hpo/mozafari_spk_single_input_multi_out/hpo_data/hpo_iteration_data/4339501/estimator_1_neuron_1_weights.npy
2025-05-10 07:03:04,511 - INFO - Evaluating model...
2025-05-10 07:08:37,657 - INFO - Saved validation outputs to /s/ls4/users/selibrin/spiking_researches/correlation_encoding_and_training/mnist/hpo/mozafari_spk_single_input_multi_out/hpo_data/hpo_iteration_data/4339501/estimator_1_neuron_1_validation_outputs.npy
2025-05-10 07:08:37,658 - INFO - Waiting for parameters file: /s/ls4/users/selibrin/spiking_researches/correlation_encoding_and_training/mnist/hpo/mozafari_spk_single_input_multi_out/hpo_data/hpo_iteration_data/4339501/params_1_1.pkl
2025-05-10 07:08:47,672 - INFO - Loaded HPO parameters
2025-05-10 07:08:47,673 - INFO - Preparing datasets...
2025-05-10 07:08:48,595 - INFO - Prepared datasets: 1328 train & 1000 validation samples
2025-05-10 07:08:48,649 - INFO - Initializing model...
2025-05-10 07:08:48,659 - INFO - Fitting model...
2025-05-10 07:17:09,498 - INFO - Saved weights to /s/ls4/users/selibrin/spiking_researches/correlation_encoding_and_training/mnist/hpo/mozafari_spk_single_input_multi_out/hpo_data/hpo_iteration_data/4339501/estimator_1_neuron_1_weights.npy
2025-05-10 07:17:09,499 - INFO - Evaluating model...
2025-05-10 07:22:43,210 - INFO - Saved validation outputs to /s/ls4/users/selibrin/spiking_researches/correlation_encoding_and_training/mnist/hpo/mozafari_spk_single_input_multi_out/hpo_data/hpo_iteration_data/4339501/estimator_1_neuron_1_validation_outputs.npy
2025-05-10 07:22:43,211 - INFO - Waiting for parameters file: /s/ls4/users/selibrin/spiking_researches/correlation_encoding_and_training/mnist/hpo/mozafari_spk_single_input_multi_out/hpo_data/hpo_iteration_data/4339501/params_1_1.pkl
2025-05-10 07:22:53,229 - INFO - Loaded HPO parameters
2025-05-10 07:22:53,229 - INFO - Preparing datasets...
2025-05-10 07:22:54,151 - INFO - Prepared datasets: 664 train & 1000 validation samples
2025-05-10 07:22:54,219 - INFO - Initializing model...
2025-05-10 07:22:54,224 - INFO - Fitting model...
2025-05-10 07:27:06,740 - INFO - Saved weights to /s/ls4/users/selibrin/spiking_researches/correlation_encoding_and_training/mnist/hpo/mozafari_spk_single_input_multi_out/hpo_data/hpo_iteration_data/4339501/estimator_1_neuron_1_weights.npy
2025-05-10 07:27:06,740 - INFO - Evaluating model...
2025-05-10 07:32:38,334 - INFO - Saved validation outputs to /s/ls4/users/selibrin/spiking_researches/correlation_encoding_and_training/mnist/hpo/mozafari_spk_single_input_multi_out/hpo_data/hpo_iteration_data/4339501/estimator_1_neuron_1_validation_outputs.npy
2025-05-10 07:32:38,335 - INFO - Waiting for parameters file: /s/ls4/users/selibrin/spiking_researches/correlation_encoding_and_training/mnist/hpo/mozafari_spk_single_input_multi_out/hpo_data/hpo_iteration_data/4339501/params_1_1.pkl
2025-05-10 07:33:03,367 - INFO - Loaded HPO parameters
2025-05-10 07:33:03,367 - INFO - Preparing datasets...
2025-05-10 07:33:04,186 - INFO - Prepared datasets: 332 train & 1000 validation samples
2025-05-10 07:33:04,285 - INFO - Initializing model...
2025-05-10 07:33:04,291 - INFO - Fitting model...
2025-05-10 07:35:05,166 - INFO - Saved weights to /s/ls4/users/selibrin/spiking_researches/correlation_encoding_and_training/mnist/hpo/mozafari_spk_single_input_multi_out/hpo_data/hpo_iteration_data/4339501/estimator_1_neuron_1_weights.npy
2025-05-10 07:35:05,167 - INFO - Evaluating model...
2025-05-10 07:40:58,178 - INFO - Saved validation outputs to /s/ls4/users/selibrin/spiking_researches/correlation_encoding_and_training/mnist/hpo/mozafari_spk_single_input_multi_out/hpo_data/hpo_iteration_data/4339501/estimator_1_neuron_1_validation_outputs.npy
2025-05-10 07:40:58,178 - INFO - Waiting for parameters file: /s/ls4/users/selibrin/spiking_researches/correlation_encoding_and_training/mnist/hpo/mozafari_spk_single_input_multi_out/hpo_data/hpo_iteration_data/4339501/params_1_1.pkl
2025-05-10 07:41:38,232 - INFO - Loaded HPO parameters
2025-05-10 07:41:38,234 - INFO - Preparing datasets...
2025-05-10 07:41:38,856 - INFO - Prepared datasets: 1328 train & 1000 validation samples
2025-05-10 07:41:38,927 - INFO - Initializing model...
2025-05-10 07:41:38,932 - INFO - Fitting model...
2025-05-10 07:49:42,431 - INFO - Saved weights to /s/ls4/users/selibrin/spiking_researches/correlation_encoding_and_training/mnist/hpo/mozafari_spk_single_input_multi_out/hpo_data/hpo_iteration_data/4339501/estimator_1_neuron_1_weights.npy
2025-05-10 07:49:42,431 - INFO - Evaluating model...
2025-05-10 07:55:35,071 - INFO - Saved validation outputs to /s/ls4/users/selibrin/spiking_researches/correlation_encoding_and_training/mnist/hpo/mozafari_spk_single_input_multi_out/hpo_data/hpo_iteration_data/4339501/estimator_1_neuron_1_validation_outputs.npy
2025-05-10 07:55:35,071 - INFO - Waiting for parameters file: /s/ls4/users/selibrin/spiking_researches/correlation_encoding_and_training/mnist/hpo/mozafari_spk_single_input_multi_out/hpo_data/hpo_iteration_data/4339501/params_1_1.pkl
2025-05-10 07:55:45,110 - INFO - Loaded HPO parameters
2025-05-10 07:55:45,111 - INFO - Preparing datasets...
2025-05-10 07:55:46,019 - INFO - Prepared datasets: 1328 train & 1000 validation samples
2025-05-10 07:55:46,024 - INFO - Initializing model...
2025-05-10 07:55:46,029 - INFO - Fitting model...
2025-05-10 08:03:33,542 - INFO - Saved weights to /s/ls4/users/selibrin/spiking_researches/correlation_encoding_and_training/mnist/hpo/mozafari_spk_single_input_multi_out/hpo_data/hpo_iteration_data/4339501/estimator_1_neuron_1_weights.npy
2025-05-10 08:03:33,542 - INFO - Evaluating model...
2025-05-10 08:09:13,957 - INFO - Saved validation outputs to /s/ls4/users/selibrin/spiking_researches/correlation_encoding_and_training/mnist/hpo/mozafari_spk_single_input_multi_out/hpo_data/hpo_iteration_data/4339501/estimator_1_neuron_1_validation_outputs.npy
2025-05-10 08:09:13,958 - INFO - Waiting for parameters file: /s/ls4/users/selibrin/spiking_researches/correlation_encoding_and_training/mnist/hpo/mozafari_spk_single_input_multi_out/hpo_data/hpo_iteration_data/4339501/params_1_1.pkl
2025-05-10 08:09:49,004 - INFO - Loaded HPO parameters
2025-05-10 08:09:49,004 - INFO - Preparing datasets...
2025-05-10 08:09:50,202 - INFO - Prepared datasets: 1328 train & 1000 validation samples
2025-05-10 08:09:50,265 - INFO - Initializing model...
2025-05-10 08:09:50,270 - INFO - Fitting model...
2025-05-10 08:17:50,469 - INFO - Saved weights to /s/ls4/users/selibrin/spiking_researches/correlation_encoding_and_training/mnist/hpo/mozafari_spk_single_input_multi_out/hpo_data/hpo_iteration_data/4339501/estimator_1_neuron_1_weights.npy
2025-05-10 08:17:50,469 - INFO - Evaluating model...
2025-05-10 08:23:44,228 - INFO - Saved validation outputs to /s/ls4/users/selibrin/spiking_researches/correlation_encoding_and_training/mnist/hpo/mozafari_spk_single_input_multi_out/hpo_data/hpo_iteration_data/4339501/estimator_1_neuron_1_validation_outputs.npy
2025-05-10 08:23:44,229 - INFO - Waiting for parameters file: /s/ls4/users/selibrin/spiking_researches/correlation_encoding_and_training/mnist/hpo/mozafari_spk_single_input_multi_out/hpo_data/hpo_iteration_data/4339501/params_1_1.pkl
2025-05-10 08:23:59,252 - INFO - Loaded HPO parameters
2025-05-10 08:23:59,253 - INFO - Preparing datasets...
2025-05-10 08:24:00,108 - INFO - Prepared datasets: 332 train & 1000 validation samples
2025-05-10 08:24:00,258 - INFO - Initializing model...
2025-05-10 08:24:00,263 - INFO - Fitting model...
2025-05-10 08:26:00,445 - INFO - Saved weights to /s/ls4/users/selibrin/spiking_researches/correlation_encoding_and_training/mnist/hpo/mozafari_spk_single_input_multi_out/hpo_data/hpo_iteration_data/4339501/estimator_1_neuron_1_weights.npy
2025-05-10 08:26:00,445 - INFO - Evaluating model...
2025-05-10 08:32:00,427 - INFO - Saved validation outputs to /s/ls4/users/selibrin/spiking_researches/correlation_encoding_and_training/mnist/hpo/mozafari_spk_single_input_multi_out/hpo_data/hpo_iteration_data/4339501/estimator_1_neuron_1_validation_outputs.npy
2025-05-10 08:32:00,428 - INFO - Waiting for parameters file: /s/ls4/users/selibrin/spiking_researches/correlation_encoding_and_training/mnist/hpo/mozafari_spk_single_input_multi_out/hpo_data/hpo_iteration_data/4339501/params_1_1.pkl
2025-05-10 08:32:35,474 - INFO - Loaded HPO parameters
2025-05-10 08:32:35,474 - INFO - Preparing datasets...
2025-05-10 08:32:36,373 - INFO - Prepared datasets: 332 train & 1000 validation samples
2025-05-10 08:32:36,449 - INFO - Initializing model...
2025-05-10 08:32:36,454 - INFO - Fitting model...
2025-05-10 08:34:46,466 - INFO - Saved weights to /s/ls4/users/selibrin/spiking_researches/correlation_encoding_and_training/mnist/hpo/mozafari_spk_single_input_multi_out/hpo_data/hpo_iteration_data/4339501/estimator_1_neuron_1_weights.npy
2025-05-10 08:34:46,466 - INFO - Evaluating model...
2025-05-10 08:41:02,457 - INFO - Saved validation outputs to /s/ls4/users/selibrin/spiking_researches/correlation_encoding_and_training/mnist/hpo/mozafari_spk_single_input_multi_out/hpo_data/hpo_iteration_data/4339501/estimator_1_neuron_1_validation_outputs.npy
2025-05-10 08:41:02,458 - INFO - Waiting for parameters file: /s/ls4/users/selibrin/spiking_researches/correlation_encoding_and_training/mnist/hpo/mozafari_spk_single_input_multi_out/hpo_data/hpo_iteration_data/4339501/params_1_1.pkl
2025-05-10 08:41:42,536 - INFO - Loaded HPO parameters
2025-05-10 08:41:42,537 - INFO - Preparing datasets...
2025-05-10 08:41:43,536 - INFO - Prepared datasets: 332 train & 1000 validation samples
2025-05-10 08:41:43,602 - INFO - Initializing model...
2025-05-10 08:41:43,607 - INFO - Fitting model...
2025-05-10 08:43:41,825 - INFO - Saved weights to /s/ls4/users/selibrin/spiking_researches/correlation_encoding_and_training/mnist/hpo/mozafari_spk_single_input_multi_out/hpo_data/hpo_iteration_data/4339501/estimator_1_neuron_1_weights.npy
2025-05-10 08:43:41,825 - INFO - Evaluating model...
2025-05-10 08:49:13,731 - INFO - Saved validation outputs to /s/ls4/users/selibrin/spiking_researches/correlation_encoding_and_training/mnist/hpo/mozafari_spk_single_input_multi_out/hpo_data/hpo_iteration_data/4339501/estimator_1_neuron_1_validation_outputs.npy
2025-05-10 08:49:13,731 - INFO - Waiting for parameters file: /s/ls4/users/selibrin/spiking_researches/correlation_encoding_and_training/mnist/hpo/mozafari_spk_single_input_multi_out/hpo_data/hpo_iteration_data/4339501/params_1_1.pkl
2025-05-10 08:49:48,791 - INFO - Loaded HPO parameters
2025-05-10 08:49:48,792 - INFO - Preparing datasets...
2025-05-10 08:49:49,793 - INFO - Prepared datasets: 1328 train & 1000 validation samples
2025-05-10 08:49:49,894 - INFO - Initializing model...
2025-05-10 08:49:49,899 - INFO - Fitting model...
2025-05-10 08:57:56,664 - INFO - Saved weights to /s/ls4/users/selibrin/spiking_researches/correlation_encoding_and_training/mnist/hpo/mozafari_spk_single_input_multi_out/hpo_data/hpo_iteration_data/4339501/estimator_1_neuron_1_weights.npy
2025-05-10 08:57:56,665 - INFO - Evaluating model...
2025-05-10 09:03:49,065 - INFO - Saved validation outputs to /s/ls4/users/selibrin/spiking_researches/correlation_encoding_and_training/mnist/hpo/mozafari_spk_single_input_multi_out/hpo_data/hpo_iteration_data/4339501/estimator_1_neuron_1_validation_outputs.npy
2025-05-10 09:03:49,066 - INFO - Waiting for parameters file: /s/ls4/users/selibrin/spiking_researches/correlation_encoding_and_training/mnist/hpo/mozafari_spk_single_input_multi_out/hpo_data/hpo_iteration_data/4339501/params_1_1.pkl
2025-05-10 09:04:24,110 - INFO - Loaded HPO parameters
2025-05-10 09:04:24,111 - INFO - Preparing datasets...
2025-05-10 09:04:24,875 - INFO - Prepared datasets: 664 train & 1000 validation samples
2025-05-10 09:04:24,958 - INFO - Initializing model...
2025-05-10 09:04:24,963 - INFO - Fitting model...
2025-05-10 09:08:34,546 - INFO - Saved weights to /s/ls4/users/selibrin/spiking_researches/correlation_encoding_and_training/mnist/hpo/mozafari_spk_single_input_multi_out/hpo_data/hpo_iteration_data/4339501/estimator_1_neuron_1_weights.npy
2025-05-10 09:08:34,546 - INFO - Evaluating model...
2025-05-10 09:14:13,537 - INFO - Saved validation outputs to /s/ls4/users/selibrin/spiking_researches/correlation_encoding_and_training/mnist/hpo/mozafari_spk_single_input_multi_out/hpo_data/hpo_iteration_data/4339501/estimator_1_neuron_1_validation_outputs.npy
2025-05-10 09:14:13,538 - INFO - Waiting for parameters file: /s/ls4/users/selibrin/spiking_researches/correlation_encoding_and_training/mnist/hpo/mozafari_spk_single_input_multi_out/hpo_data/hpo_iteration_data/4339501/params_1_1.pkl
2025-05-10 09:14:58,592 - INFO - Loaded HPO parameters
2025-05-10 09:14:58,593 - INFO - Preparing datasets...
2025-05-10 09:14:59,393 - INFO - Prepared datasets: 332 train & 1000 validation samples
2025-05-10 09:14:59,413 - INFO - Initializing model...
2025-05-10 09:14:59,418 - INFO - Fitting model...
2025-05-10 09:17:09,091 - INFO - Saved weights to /s/ls4/users/selibrin/spiking_researches/correlation_encoding_and_training/mnist/hpo/mozafari_spk_single_input_multi_out/hpo_data/hpo_iteration_data/4339501/estimator_1_neuron_1_weights.npy
2025-05-10 09:17:09,091 - INFO - Evaluating model...
2025-05-10 09:23:02,791 - INFO - Saved validation outputs to /s/ls4/users/selibrin/spiking_researches/correlation_encoding_and_training/mnist/hpo/mozafari_spk_single_input_multi_out/hpo_data/hpo_iteration_data/4339501/estimator_1_neuron_1_validation_outputs.npy
2025-05-10 09:23:02,792 - INFO - Waiting for parameters file: /s/ls4/users/selibrin/spiking_researches/correlation_encoding_and_training/mnist/hpo/mozafari_spk_single_input_multi_out/hpo_data/hpo_iteration_data/4339501/params_1_1.pkl
2025-05-10 09:23:32,831 - INFO - Loaded HPO parameters
2025-05-10 09:23:32,832 - INFO - Preparing datasets...
2025-05-10 09:23:33,668 - INFO - Prepared datasets: 332 train & 1000 validation samples
2025-05-10 09:23:33,716 - INFO - Initializing model...
2025-05-10 09:23:33,721 - INFO - Fitting model...
2025-05-10 09:25:37,540 - INFO - Saved weights to /s/ls4/users/selibrin/spiking_researches/correlation_encoding_and_training/mnist/hpo/mozafari_spk_single_input_multi_out/hpo_data/hpo_iteration_data/4339501/estimator_1_neuron_1_weights.npy
2025-05-10 09:25:37,541 - INFO - Evaluating model...
2025-05-10 09:32:00,704 - INFO - Saved validation outputs to /s/ls4/users/selibrin/spiking_researches/correlation_encoding_and_training/mnist/hpo/mozafari_spk_single_input_multi_out/hpo_data/hpo_iteration_data/4339501/estimator_1_neuron_1_validation_outputs.npy
2025-05-10 09:32:00,705 - INFO - Waiting for parameters file: /s/ls4/users/selibrin/spiking_researches/correlation_encoding_and_training/mnist/hpo/mozafari_spk_single_input_multi_out/hpo_data/hpo_iteration_data/4339501/params_1_1.pkl
2025-05-10 09:32:10,742 - INFO - Loaded HPO parameters
2025-05-10 09:32:10,742 - INFO - Preparing datasets...
2025-05-10 09:32:11,825 - INFO - Prepared datasets: 1328 train & 1000 validation samples
2025-05-10 09:32:11,885 - INFO - Initializing model...
2025-05-10 09:32:11,890 - INFO - Fitting model...
2025-05-10 09:40:43,634 - INFO - Saved weights to /s/ls4/users/selibrin/spiking_researches/correlation_encoding_and_training/mnist/hpo/mozafari_spk_single_input_multi_out/hpo_data/hpo_iteration_data/4339501/estimator_1_neuron_1_weights.npy
2025-05-10 09:40:43,635 - INFO - Evaluating model...
2025-05-10 09:46:49,059 - INFO - Saved validation outputs to /s/ls4/users/selibrin/spiking_researches/correlation_encoding_and_training/mnist/hpo/mozafari_spk_single_input_multi_out/hpo_data/hpo_iteration_data/4339501/estimator_1_neuron_1_validation_outputs.npy
2025-05-10 09:46:49,060 - INFO - Waiting for parameters file: /s/ls4/users/selibrin/spiking_researches/correlation_encoding_and_training/mnist/hpo/mozafari_spk_single_input_multi_out/hpo_data/hpo_iteration_data/4339501/params_1_1.pkl
2025-05-10 09:47:19,098 - INFO - Loaded HPO parameters
2025-05-10 09:47:19,098 - INFO - Preparing datasets...
2025-05-10 09:47:20,252 - INFO - Prepared datasets: 664 train & 1000 validation samples
2025-05-10 09:47:20,452 - INFO - Initializing model...
2025-05-10 09:47:20,459 - INFO - Fitting model...
2025-05-10 09:51:43,753 - INFO - Saved weights to /s/ls4/users/selibrin/spiking_researches/correlation_encoding_and_training/mnist/hpo/mozafari_spk_single_input_multi_out/hpo_data/hpo_iteration_data/4339501/estimator_1_neuron_1_weights.npy
2025-05-10 09:51:43,753 - INFO - Evaluating model...
2025-05-10 09:57:46,745 - INFO - Saved validation outputs to /s/ls4/users/selibrin/spiking_researches/correlation_encoding_and_training/mnist/hpo/mozafari_spk_single_input_multi_out/hpo_data/hpo_iteration_data/4339501/estimator_1_neuron_1_validation_outputs.npy
2025-05-10 09:57:46,746 - INFO - Waiting for parameters file: /s/ls4/users/selibrin/spiking_researches/correlation_encoding_and_training/mnist/hpo/mozafari_spk_single_input_multi_out/hpo_data/hpo_iteration_data/4339501/params_1_1.pkl
2025-05-10 09:58:26,796 - INFO - Loaded HPO parameters
2025-05-10 09:58:26,796 - INFO - Preparing datasets...
2025-05-10 09:58:27,908 - INFO - Prepared datasets: 1328 train & 1000 validation samples
2025-05-10 09:58:28,080 - INFO - Initializing model...
2025-05-10 09:58:28,086 - INFO - Fitting model...
2025-05-10 10:06:32,458 - INFO - Saved weights to /s/ls4/users/selibrin/spiking_researches/correlation_encoding_and_training/mnist/hpo/mozafari_spk_single_input_multi_out/hpo_data/hpo_iteration_data/4339501/estimator_1_neuron_1_weights.npy
2025-05-10 10:06:32,459 - INFO - Evaluating model...
2025-05-10 10:12:26,976 - INFO - Saved validation outputs to /s/ls4/users/selibrin/spiking_researches/correlation_encoding_and_training/mnist/hpo/mozafari_spk_single_input_multi_out/hpo_data/hpo_iteration_data/4339501/estimator_1_neuron_1_validation_outputs.npy
2025-05-10 10:12:26,977 - INFO - Waiting for parameters file: /s/ls4/users/selibrin/spiking_researches/correlation_encoding_and_training/mnist/hpo/mozafari_spk_single_input_multi_out/hpo_data/hpo_iteration_data/4339501/params_1_1.pkl
2025-05-10 10:13:02,415 - INFO - Loaded HPO parameters
2025-05-10 10:13:02,415 - INFO - Preparing datasets...
2025-05-10 10:13:03,575 - INFO - Prepared datasets: 332 train & 1000 validation samples
2025-05-10 10:13:03,724 - INFO - Initializing model...
2025-05-10 10:13:03,728 - INFO - Fitting model...
2025-05-10 10:15:15,059 - INFO - Saved weights to /s/ls4/users/selibrin/spiking_researches/correlation_encoding_and_training/mnist/hpo/mozafari_spk_single_input_multi_out/hpo_data/hpo_iteration_data/4339501/estimator_1_neuron_1_weights.npy
2025-05-10 10:15:15,059 - INFO - Evaluating model...
2025-05-10 10:21:13,684 - INFO - Saved validation outputs to /s/ls4/users/selibrin/spiking_researches/correlation_encoding_and_training/mnist/hpo/mozafari_spk_single_input_multi_out/hpo_data/hpo_iteration_data/4339501/estimator_1_neuron_1_validation_outputs.npy
2025-05-10 10:21:13,684 - INFO - Waiting for parameters file: /s/ls4/users/selibrin/spiking_researches/correlation_encoding_and_training/mnist/hpo/mozafari_spk_single_input_multi_out/hpo_data/hpo_iteration_data/4339501/params_1_1.pkl
2025-05-10 10:21:38,716 - INFO - Loaded HPO parameters
2025-05-10 10:21:38,716 - INFO - Preparing datasets...
2025-05-10 10:21:39,935 - INFO - Prepared datasets: 1328 train & 1000 validation samples
2025-05-10 10:21:40,091 - INFO - Initializing model...
2025-05-10 10:21:40,096 - INFO - Fitting model...
2025-05-10 10:29:48,678 - INFO - Saved weights to /s/ls4/users/selibrin/spiking_researches/correlation_encoding_and_training/mnist/hpo/mozafari_spk_single_input_multi_out/hpo_data/hpo_iteration_data/4339501/estimator_1_neuron_1_weights.npy
2025-05-10 10:29:48,679 - INFO - Evaluating model...
2025-05-10 10:35:30,627 - INFO - Saved validation outputs to /s/ls4/users/selibrin/spiking_researches/correlation_encoding_and_training/mnist/hpo/mozafari_spk_single_input_multi_out/hpo_data/hpo_iteration_data/4339501/estimator_1_neuron_1_validation_outputs.npy
2025-05-10 10:35:30,628 - INFO - Waiting for parameters file: /s/ls4/users/selibrin/spiking_researches/correlation_encoding_and_training/mnist/hpo/mozafari_spk_single_input_multi_out/hpo_data/hpo_iteration_data/4339501/params_1_1.pkl
2025-05-10 10:35:45,666 - INFO - Loaded HPO parameters
2025-05-10 10:35:45,666 - INFO - Preparing datasets...
2025-05-10 10:35:46,859 - INFO - Prepared datasets: 1328 train & 1000 validation samples
2025-05-10 10:35:47,025 - INFO - Initializing model...
2025-05-10 10:35:47,031 - INFO - Fitting model...
2025-05-10 10:44:34,584 - INFO - Saved weights to /s/ls4/users/selibrin/spiking_researches/correlation_encoding_and_training/mnist/hpo/mozafari_spk_single_input_multi_out/hpo_data/hpo_iteration_data/4339501/estimator_1_neuron_1_weights.npy
2025-05-10 10:44:34,585 - INFO - Evaluating model...
2025-05-10 10:50:11,461 - INFO - Saved validation outputs to /s/ls4/users/selibrin/spiking_researches/correlation_encoding_and_training/mnist/hpo/mozafari_spk_single_input_multi_out/hpo_data/hpo_iteration_data/4339501/estimator_1_neuron_1_validation_outputs.npy
2025-05-10 10:50:11,461 - INFO - Waiting for parameters file: /s/ls4/users/selibrin/spiking_researches/correlation_encoding_and_training/mnist/hpo/mozafari_spk_single_input_multi_out/hpo_data/hpo_iteration_data/4339501/params_1_1.pkl
2025-05-10 10:50:21,477 - INFO - Loaded HPO parameters
2025-05-10 10:50:21,477 - INFO - Preparing datasets...
2025-05-10 10:50:22,607 - INFO - Prepared datasets: 332 train & 1000 validation samples
2025-05-10 10:50:22,783 - INFO - Initializing model...
2025-05-10 10:50:22,794 - INFO - Fitting model...
2025-05-10 10:52:36,049 - INFO - Saved weights to /s/ls4/users/selibrin/spiking_researches/correlation_encoding_and_training/mnist/hpo/mozafari_spk_single_input_multi_out/hpo_data/hpo_iteration_data/4339501/estimator_1_neuron_1_weights.npy
2025-05-10 10:52:36,049 - INFO - Evaluating model...
2025-05-10 10:58:43,083 - INFO - Saved validation outputs to /s/ls4/users/selibrin/spiking_researches/correlation_encoding_and_training/mnist/hpo/mozafari_spk_single_input_multi_out/hpo_data/hpo_iteration_data/4339501/estimator_1_neuron_1_validation_outputs.npy
2025-05-10 10:58:43,084 - INFO - Waiting for parameters file: /s/ls4/users/selibrin/spiking_researches/correlation_encoding_and_training/mnist/hpo/mozafari_spk_single_input_multi_out/hpo_data/hpo_iteration_data/4339501/params_1_1.pkl
2025-05-10 10:58:58,101 - INFO - Loaded HPO parameters
2025-05-10 10:58:58,101 - INFO - Preparing datasets...
2025-05-10 10:58:59,246 - INFO - Prepared datasets: 1328 train & 1000 validation samples
2025-05-10 10:58:59,386 - INFO - Initializing model...
2025-05-10 10:58:59,391 - INFO - Fitting model...
2025-05-10 11:07:21,627 - INFO - Saved weights to /s/ls4/users/selibrin/spiking_researches/correlation_encoding_and_training/mnist/hpo/mozafari_spk_single_input_multi_out/hpo_data/hpo_iteration_data/4339501/estimator_1_neuron_1_weights.npy
2025-05-10 11:07:21,627 - INFO - Evaluating model...
2025-05-10 11:13:20,919 - INFO - Saved validation outputs to /s/ls4/users/selibrin/spiking_researches/correlation_encoding_and_training/mnist/hpo/mozafari_spk_single_input_multi_out/hpo_data/hpo_iteration_data/4339501/estimator_1_neuron_1_validation_outputs.npy
2025-05-10 11:13:20,920 - INFO - Waiting for parameters file: /s/ls4/users/selibrin/spiking_researches/correlation_encoding_and_training/mnist/hpo/mozafari_spk_single_input_multi_out/hpo_data/hpo_iteration_data/4339501/params_1_1.pkl
2025-05-10 11:13:35,957 - INFO - Loaded HPO parameters
2025-05-10 11:13:35,957 - INFO - Preparing datasets...
2025-05-10 11:13:37,101 - INFO - Prepared datasets: 1328 train & 1000 validation samples
2025-05-10 11:13:37,252 - INFO - Initializing model...
2025-05-10 11:13:37,258 - INFO - Fitting model...
2025-05-10 11:22:00,911 - INFO - Saved weights to /s/ls4/users/selibrin/spiking_researches/correlation_encoding_and_training/mnist/hpo/mozafari_spk_single_input_multi_out/hpo_data/hpo_iteration_data/4339501/estimator_1_neuron_1_weights.npy
2025-05-10 11:22:00,912 - INFO - Evaluating model...
2025-05-10 11:28:02,144 - INFO - Saved validation outputs to /s/ls4/users/selibrin/spiking_researches/correlation_encoding_and_training/mnist/hpo/mozafari_spk_single_input_multi_out/hpo_data/hpo_iteration_data/4339501/estimator_1_neuron_1_validation_outputs.npy
2025-05-10 11:28:02,144 - INFO - Waiting for parameters file: /s/ls4/users/selibrin/spiking_researches/correlation_encoding_and_training/mnist/hpo/mozafari_spk_single_input_multi_out/hpo_data/hpo_iteration_data/4339501/params_1_1.pkl
2025-05-10 11:28:37,187 - INFO - Loaded HPO parameters
2025-05-10 11:28:37,187 - INFO - Preparing datasets...
2025-05-10 11:28:38,391 - INFO - Prepared datasets: 664 train & 1000 validation samples
2025-05-10 11:28:38,552 - INFO - Initializing model...
2025-05-10 11:28:38,557 - INFO - Fitting model...
2025-05-10 11:32:55,964 - INFO - Saved weights to /s/ls4/users/selibrin/spiking_researches/correlation_encoding_and_training/mnist/hpo/mozafari_spk_single_input_multi_out/hpo_data/hpo_iteration_data/4339501/estimator_1_neuron_1_weights.npy
2025-05-10 11:32:55,965 - INFO - Evaluating model...
2025-05-10 11:38:55,011 - INFO - Saved validation outputs to /s/ls4/users/selibrin/spiking_researches/correlation_encoding_and_training/mnist/hpo/mozafari_spk_single_input_multi_out/hpo_data/hpo_iteration_data/4339501/estimator_1_neuron_1_validation_outputs.npy
2025-05-10 11:38:55,012 - INFO - Waiting for parameters file: /s/ls4/users/selibrin/spiking_researches/correlation_encoding_and_training/mnist/hpo/mozafari_spk_single_input_multi_out/hpo_data/hpo_iteration_data/4339501/params_1_1.pkl
2025-05-10 11:39:10,033 - INFO - Loaded HPO parameters
2025-05-10 11:39:10,033 - INFO - Preparing datasets...
2025-05-10 11:39:11,171 - INFO - Prepared datasets: 332 train & 1000 validation samples
2025-05-10 11:39:11,349 - INFO - Initializing model...
2025-05-10 11:39:11,353 - INFO - Fitting model...
2025-05-10 11:41:26,149 - INFO - Saved weights to /s/ls4/users/selibrin/spiking_researches/correlation_encoding_and_training/mnist/hpo/mozafari_spk_single_input_multi_out/hpo_data/hpo_iteration_data/4339501/estimator_1_neuron_1_weights.npy
2025-05-10 11:41:26,149 - INFO - Evaluating model...
2025-05-10 11:47:32,426 - INFO - Saved validation outputs to /s/ls4/users/selibrin/spiking_researches/correlation_encoding_and_training/mnist/hpo/mozafari_spk_single_input_multi_out/hpo_data/hpo_iteration_data/4339501/estimator_1_neuron_1_validation_outputs.npy
2025-05-10 11:47:32,427 - INFO - Waiting for parameters file: /s/ls4/users/selibrin/spiking_researches/correlation_encoding_and_training/mnist/hpo/mozafari_spk_single_input_multi_out/hpo_data/hpo_iteration_data/4339501/params_1_1.pkl
2025-05-10 11:48:17,479 - INFO - Loaded HPO parameters
2025-05-10 11:48:17,479 - INFO - Preparing datasets...
2025-05-10 11:48:18,676 - INFO - Prepared datasets: 332 train & 1000 validation samples
2025-05-10 11:48:18,833 - INFO - Initializing model...
2025-05-10 11:48:18,839 - INFO - Fitting model...
2025-05-10 11:50:35,494 - INFO - Saved weights to /s/ls4/users/selibrin/spiking_researches/correlation_encoding_and_training/mnist/hpo/mozafari_spk_single_input_multi_out/hpo_data/hpo_iteration_data/4339501/estimator_1_neuron_1_weights.npy
2025-05-10 11:50:35,495 - INFO - Evaluating model...
2025-05-10 11:56:28,180 - INFO - Saved validation outputs to /s/ls4/users/selibrin/spiking_researches/correlation_encoding_and_training/mnist/hpo/mozafari_spk_single_input_multi_out/hpo_data/hpo_iteration_data/4339501/estimator_1_neuron_1_validation_outputs.npy
2025-05-10 11:56:28,181 - INFO - Waiting for parameters file: /s/ls4/users/selibrin/spiking_researches/correlation_encoding_and_training/mnist/hpo/mozafari_spk_single_input_multi_out/hpo_data/hpo_iteration_data/4339501/params_1_1.pkl
2025-05-10 11:56:48,209 - INFO - Loaded HPO parameters
2025-05-10 11:56:48,209 - INFO - Preparing datasets...
2025-05-10 11:56:49,353 - INFO - Prepared datasets: 1328 train & 1000 validation samples
2025-05-10 11:56:49,520 - INFO - Initializing model...
2025-05-10 11:56:49,526 - INFO - Fitting model...
2025-05-10 12:05:30,374 - INFO - Saved weights to /s/ls4/users/selibrin/spiking_researches/correlation_encoding_and_training/mnist/hpo/mozafari_spk_single_input_multi_out/hpo_data/hpo_iteration_data/4339501/estimator_1_neuron_1_weights.npy
2025-05-10 12:05:30,374 - INFO - Evaluating model...
2025-05-10 12:11:20,664 - INFO - Saved validation outputs to /s/ls4/users/selibrin/spiking_researches/correlation_encoding_and_training/mnist/hpo/mozafari_spk_single_input_multi_out/hpo_data/hpo_iteration_data/4339501/estimator_1_neuron_1_validation_outputs.npy
2025-05-10 12:11:20,664 - INFO - Waiting for parameters file: /s/ls4/users/selibrin/spiking_researches/correlation_encoding_and_training/mnist/hpo/mozafari_spk_single_input_multi_out/hpo_data/hpo_iteration_data/4339501/params_1_1.pkl
2025-05-10 12:11:50,701 - INFO - Loaded HPO parameters
2025-05-10 12:11:50,701 - INFO - Preparing datasets...
2025-05-10 12:11:51,786 - INFO - Prepared datasets: 1328 train & 1000 validation samples
2025-05-10 12:11:51,941 - INFO - Initializing model...
2025-05-10 12:11:51,950 - INFO - Fitting model...
2025-05-10 12:20:13,593 - INFO - Saved weights to /s/ls4/users/selibrin/spiking_researches/correlation_encoding_and_training/mnist/hpo/mozafari_spk_single_input_multi_out/hpo_data/hpo_iteration_data/4339501/estimator_1_neuron_1_weights.npy
2025-05-10 12:20:13,593 - INFO - Evaluating model...
2025-05-10 12:26:13,662 - INFO - Saved validation outputs to /s/ls4/users/selibrin/spiking_researches/correlation_encoding_and_training/mnist/hpo/mozafari_spk_single_input_multi_out/hpo_data/hpo_iteration_data/4339501/estimator_1_neuron_1_validation_outputs.npy
2025-05-10 12:26:13,662 - INFO - Waiting for parameters file: /s/ls4/users/selibrin/spiking_researches/correlation_encoding_and_training/mnist/hpo/mozafari_spk_single_input_multi_out/hpo_data/hpo_iteration_data/4339501/params_1_1.pkl
2025-05-10 12:26:28,684 - INFO - Loaded HPO parameters
2025-05-10 12:26:28,684 - INFO - Preparing datasets...
2025-05-10 12:26:30,407 - INFO - Prepared datasets: 664 train & 1000 validation samples
2025-05-10 12:26:30,608 - INFO - Initializing model...
2025-05-10 12:26:30,615 - INFO - Fitting model...
2025-05-10 12:30:48,370 - INFO - Saved weights to /s/ls4/users/selibrin/spiking_researches/correlation_encoding_and_training/mnist/hpo/mozafari_spk_single_input_multi_out/hpo_data/hpo_iteration_data/4339501/estimator_1_neuron_1_weights.npy
2025-05-10 12:30:48,371 - INFO - Evaluating model...
2025-05-10 12:37:08,699 - INFO - Saved validation outputs to /s/ls4/users/selibrin/spiking_researches/correlation_encoding_and_training/mnist/hpo/mozafari_spk_single_input_multi_out/hpo_data/hpo_iteration_data/4339501/estimator_1_neuron_1_validation_outputs.npy
2025-05-10 12:37:08,700 - INFO - Waiting for parameters file: /s/ls4/users/selibrin/spiking_researches/correlation_encoding_and_training/mnist/hpo/mozafari_spk_single_input_multi_out/hpo_data/hpo_iteration_data/4339501/params_1_1.pkl
2025-05-10 12:37:28,727 - INFO - Loaded HPO parameters
2025-05-10 12:37:28,728 - INFO - Preparing datasets...
2025-05-10 12:37:30,000 - INFO - Prepared datasets: 332 train & 1000 validation samples
2025-05-10 12:37:30,122 - INFO - Initializing model...
2025-05-10 12:37:30,126 - INFO - Fitting model...
2025-05-10 12:39:48,742 - INFO - Saved weights to /s/ls4/users/selibrin/spiking_researches/correlation_encoding_and_training/mnist/hpo/mozafari_spk_single_input_multi_out/hpo_data/hpo_iteration_data/4339501/estimator_1_neuron_1_weights.npy
2025-05-10 12:39:48,742 - INFO - Evaluating model...
2025-05-10 12:46:08,919 - INFO - Saved validation outputs to /s/ls4/users/selibrin/spiking_researches/correlation_encoding_and_training/mnist/hpo/mozafari_spk_single_input_multi_out/hpo_data/hpo_iteration_data/4339501/estimator_1_neuron_1_validation_outputs.npy
2025-05-10 12:46:08,919 - INFO - Waiting for parameters file: /s/ls4/users/selibrin/spiking_researches/correlation_encoding_and_training/mnist/hpo/mozafari_spk_single_input_multi_out/hpo_data/hpo_iteration_data/4339501/params_1_1.pkl
2025-05-10 12:46:33,965 - INFO - Loaded HPO parameters
2025-05-10 12:46:33,965 - INFO - Preparing datasets...
2025-05-10 12:46:35,086 - INFO - Prepared datasets: 1328 train & 1000 validation samples
2025-05-10 12:46:35,272 - INFO - Initializing model...
2025-05-10 12:46:35,279 - INFO - Fitting model...
2025-05-10 12:54:54,141 - INFO - Saved weights to /s/ls4/users/selibrin/spiking_researches/correlation_encoding_and_training/mnist/hpo/mozafari_spk_single_input_multi_out/hpo_data/hpo_iteration_data/4339501/estimator_1_neuron_1_weights.npy
2025-05-10 12:54:54,142 - INFO - Evaluating model...
2025-05-10 13:01:29,730 - INFO - Saved validation outputs to /s/ls4/users/selibrin/spiking_researches/correlation_encoding_and_training/mnist/hpo/mozafari_spk_single_input_multi_out/hpo_data/hpo_iteration_data/4339501/estimator_1_neuron_1_validation_outputs.npy
2025-05-10 13:01:29,730 - INFO - Waiting for parameters file: /s/ls4/users/selibrin/spiking_researches/correlation_encoding_and_training/mnist/hpo/mozafari_spk_single_input_multi_out/hpo_data/hpo_iteration_data/4339501/params_1_1.pkl
2025-05-10 13:01:39,746 - INFO - Loaded HPO parameters
2025-05-10 13:01:39,747 - INFO - Preparing datasets...
2025-05-10 13:01:40,944 - INFO - Prepared datasets: 1328 train & 1000 validation samples
2025-05-10 13:01:41,127 - INFO - Initializing model...
2025-05-10 13:01:41,132 - INFO - Fitting model...
2025-05-10 13:10:00,381 - INFO - Saved weights to /s/ls4/users/selibrin/spiking_researches/correlation_encoding_and_training/mnist/hpo/mozafari_spk_single_input_multi_out/hpo_data/hpo_iteration_data/4339501/estimator_1_neuron_1_weights.npy
2025-05-10 13:10:00,381 - INFO - Evaluating model...
2025-05-10 13:16:06,234 - INFO - Saved validation outputs to /s/ls4/users/selibrin/spiking_researches/correlation_encoding_and_training/mnist/hpo/mozafari_spk_single_input_multi_out/hpo_data/hpo_iteration_data/4339501/estimator_1_neuron_1_validation_outputs.npy
2025-05-10 13:16:06,234 - INFO - Waiting for parameters file: /s/ls4/users/selibrin/spiking_researches/correlation_encoding_and_training/mnist/hpo/mozafari_spk_single_input_multi_out/hpo_data/hpo_iteration_data/4339501/params_1_1.pkl
2025-05-10 13:16:11,242 - INFO - Loaded HPO parameters
2025-05-10 13:16:11,249 - INFO - Preparing datasets...
2025-05-10 13:16:12,358 - INFO - Prepared datasets: 1328 train & 1000 validation samples
2025-05-10 13:16:12,524 - INFO - Initializing model...
2025-05-10 13:16:12,528 - INFO - Fitting model...
2025-05-10 13:24:59,284 - INFO - Saved weights to /s/ls4/users/selibrin/spiking_researches/correlation_encoding_and_training/mnist/hpo/mozafari_spk_single_input_multi_out/hpo_data/hpo_iteration_data/4339501/estimator_1_neuron_1_weights.npy
2025-05-10 13:24:59,284 - INFO - Evaluating model...
2025-05-10 13:31:06,598 - INFO - Saved validation outputs to /s/ls4/users/selibrin/spiking_researches/correlation_encoding_and_training/mnist/hpo/mozafari_spk_single_input_multi_out/hpo_data/hpo_iteration_data/4339501/estimator_1_neuron_1_validation_outputs.npy
2025-05-10 13:31:06,599 - INFO - Waiting for parameters file: /s/ls4/users/selibrin/spiking_researches/correlation_encoding_and_training/mnist/hpo/mozafari_spk_single_input_multi_out/hpo_data/hpo_iteration_data/4339501/params_1_1.pkl
2025-05-10 13:31:16,615 - INFO - Loaded HPO parameters
2025-05-10 13:31:16,615 - INFO - Preparing datasets...
2025-05-10 13:31:17,739 - INFO - Prepared datasets: 1328 train & 1000 validation samples
2025-05-10 13:31:17,914 - INFO - Initializing model...
2025-05-10 13:31:17,918 - INFO - Fitting model...
2025-05-10 13:39:52,980 - INFO - Saved weights to /s/ls4/users/selibrin/spiking_researches/correlation_encoding_and_training/mnist/hpo/mozafari_spk_single_input_multi_out/hpo_data/hpo_iteration_data/4339501/estimator_1_neuron_1_weights.npy
2025-05-10 13:39:52,980 - INFO - Evaluating model...
2025-05-10 13:45:58,104 - INFO - Saved validation outputs to /s/ls4/users/selibrin/spiking_researches/correlation_encoding_and_training/mnist/hpo/mozafari_spk_single_input_multi_out/hpo_data/hpo_iteration_data/4339501/estimator_1_neuron_1_validation_outputs.npy
2025-05-10 13:45:58,105 - INFO - Waiting for parameters file: /s/ls4/users/selibrin/spiking_researches/correlation_encoding_and_training/mnist/hpo/mozafari_spk_single_input_multi_out/hpo_data/hpo_iteration_data/4339501/params_1_1.pkl
2025-05-10 13:46:23,136 - INFO - Loaded HPO parameters
2025-05-10 13:46:23,136 - INFO - Preparing datasets...
2025-05-10 13:46:24,417 - INFO - Prepared datasets: 1328 train & 1000 validation samples
2025-05-10 13:46:24,590 - INFO - Initializing model...
2025-05-10 13:46:24,595 - INFO - Fitting model...
2025-05-10 13:55:18,476 - INFO - Saved weights to /s/ls4/users/selibrin/spiking_researches/correlation_encoding_and_training/mnist/hpo/mozafari_spk_single_input_multi_out/hpo_data/hpo_iteration_data/4339501/estimator_1_neuron_1_weights.npy
2025-05-10 13:55:18,477 - INFO - Evaluating model...
2025-05-10 14:01:26,994 - INFO - Saved validation outputs to /s/ls4/users/selibrin/spiking_researches/correlation_encoding_and_training/mnist/hpo/mozafari_spk_single_input_multi_out/hpo_data/hpo_iteration_data/4339501/estimator_1_neuron_1_validation_outputs.npy
2025-05-10 14:01:26,995 - INFO - Waiting for parameters file: /s/ls4/users/selibrin/spiking_researches/correlation_encoding_and_training/mnist/hpo/mozafari_spk_single_input_multi_out/hpo_data/hpo_iteration_data/4339501/params_1_1.pkl
2025-05-10 14:01:57,031 - INFO - Loaded HPO parameters
2025-05-10 14:01:57,032 - INFO - Preparing datasets...
2025-05-10 14:01:58,206 - INFO - Prepared datasets: 1328 train & 1000 validation samples
2025-05-10 14:01:58,367 - INFO - Initializing model...
2025-05-10 14:01:58,373 - INFO - Fitting model...
2025-05-10 14:10:50,231 - INFO - Saved weights to /s/ls4/users/selibrin/spiking_researches/correlation_encoding_and_training/mnist/hpo/mozafari_spk_single_input_multi_out/hpo_data/hpo_iteration_data/4339501/estimator_1_neuron_1_weights.npy
2025-05-10 14:10:50,232 - INFO - Evaluating model...
2025-05-10 14:16:37,763 - INFO - Saved validation outputs to /s/ls4/users/selibrin/spiking_researches/correlation_encoding_and_training/mnist/hpo/mozafari_spk_single_input_multi_out/hpo_data/hpo_iteration_data/4339501/estimator_1_neuron_1_validation_outputs.npy
2025-05-10 14:16:37,763 - INFO - Waiting for parameters file: /s/ls4/users/selibrin/spiking_researches/correlation_encoding_and_training/mnist/hpo/mozafari_spk_single_input_multi_out/hpo_data/hpo_iteration_data/4339501/params_1_1.pkl
2025-05-10 14:16:57,814 - INFO - Loaded HPO parameters
2025-05-10 14:16:57,815 - INFO - Preparing datasets...
2025-05-10 14:16:58,934 - INFO - Prepared datasets: 1328 train & 1000 validation samples
2025-05-10 14:16:59,088 - INFO - Initializing model...
2025-05-10 14:16:59,094 - INFO - Fitting model...
2025-05-10 14:25:52,470 - INFO - Saved weights to /s/ls4/users/selibrin/spiking_researches/correlation_encoding_and_training/mnist/hpo/mozafari_spk_single_input_multi_out/hpo_data/hpo_iteration_data/4339501/estimator_1_neuron_1_weights.npy
2025-05-10 14:25:52,470 - INFO - Evaluating model...
2025-05-10 14:31:51,065 - INFO - Saved validation outputs to /s/ls4/users/selibrin/spiking_researches/correlation_encoding_and_training/mnist/hpo/mozafari_spk_single_input_multi_out/hpo_data/hpo_iteration_data/4339501/estimator_1_neuron_1_validation_outputs.npy
2025-05-10 14:31:51,065 - INFO - Waiting for parameters file: /s/ls4/users/selibrin/spiking_researches/correlation_encoding_and_training/mnist/hpo/mozafari_spk_single_input_multi_out/hpo_data/hpo_iteration_data/4339501/params_1_1.pkl
2025-05-10 14:32:01,084 - INFO - Loaded HPO parameters
2025-05-10 14:32:01,085 - INFO - Preparing datasets...
2025-05-10 14:32:02,235 - INFO - Prepared datasets: 1328 train & 1000 validation samples
2025-05-10 14:32:02,435 - INFO - Initializing model...
2025-05-10 14:32:02,441 - INFO - Fitting model...
2025-05-10 14:40:43,520 - INFO - Saved weights to /s/ls4/users/selibrin/spiking_researches/correlation_encoding_and_training/mnist/hpo/mozafari_spk_single_input_multi_out/hpo_data/hpo_iteration_data/4339501/estimator_1_neuron_1_weights.npy
2025-05-10 14:40:43,521 - INFO - Evaluating model...
2025-05-10 14:46:48,840 - INFO - Saved validation outputs to /s/ls4/users/selibrin/spiking_researches/correlation_encoding_and_training/mnist/hpo/mozafari_spk_single_input_multi_out/hpo_data/hpo_iteration_data/4339501/estimator_1_neuron_1_validation_outputs.npy
2025-05-10 14:46:48,840 - INFO - Waiting for parameters file: /s/ls4/users/selibrin/spiking_researches/correlation_encoding_and_training/mnist/hpo/mozafari_spk_single_input_multi_out/hpo_data/hpo_iteration_data/4339501/params_1_1.pkl
2025-05-10 14:47:08,869 - INFO - Loaded HPO parameters
2025-05-10 14:47:08,869 - INFO - Preparing datasets...
2025-05-10 14:47:10,067 - INFO - Prepared datasets: 1328 train & 1000 validation samples
2025-05-10 14:47:10,245 - INFO - Initializing model...
2025-05-10 14:47:10,251 - INFO - Fitting model...
2025-05-10 14:55:43,826 - INFO - Saved weights to /s/ls4/users/selibrin/spiking_researches/correlation_encoding_and_training/mnist/hpo/mozafari_spk_single_input_multi_out/hpo_data/hpo_iteration_data/4339501/estimator_1_neuron_1_weights.npy
2025-05-10 14:55:43,826 - INFO - Evaluating model...
2025-05-10 15:02:07,367 - INFO - Saved validation outputs to /s/ls4/users/selibrin/spiking_researches/correlation_encoding_and_training/mnist/hpo/mozafari_spk_single_input_multi_out/hpo_data/hpo_iteration_data/4339501/estimator_1_neuron_1_validation_outputs.npy
2025-05-10 15:02:07,367 - INFO - Waiting for parameters file: /s/ls4/users/selibrin/spiking_researches/correlation_encoding_and_training/mnist/hpo/mozafari_spk_single_input_multi_out/hpo_data/hpo_iteration_data/4339501/params_1_1.pkl
2025-05-10 15:02:42,408 - INFO - Loaded HPO parameters
2025-05-10 15:02:42,408 - INFO - Preparing datasets...
2025-05-10 15:02:43,578 - INFO - Prepared datasets: 1328 train & 1000 validation samples
2025-05-10 15:02:43,757 - INFO - Initializing model...
2025-05-10 15:02:43,762 - INFO - Fitting model...
2025-05-10 15:08:42,498 - INFO - Saved weights to /s/ls4/users/selibrin/spiking_researches/correlation_encoding_and_training/mnist/hpo/mozafari_spk_single_input_multi_out/hpo_data/hpo_iteration_data/4339501/estimator_1_neuron_1_weights.npy
2025-05-10 15:08:42,498 - INFO - Evaluating model...
2025-05-10 15:11:48,062 - INFO - Saved validation outputs to /s/ls4/users/selibrin/spiking_researches/correlation_encoding_and_training/mnist/hpo/mozafari_spk_single_input_multi_out/hpo_data/hpo_iteration_data/4339501/estimator_1_neuron_1_validation_outputs.npy
2025-05-10 15:11:48,062 - INFO - Waiting for parameters file: /s/ls4/users/selibrin/spiking_researches/correlation_encoding_and_training/mnist/hpo/mozafari_spk_single_input_multi_out/hpo_data/hpo_iteration_data/4339501/params_1_1.pkl
2025-05-10 15:12:13,092 - INFO - Loaded HPO parameters
2025-05-10 15:12:13,092 - INFO - Preparing datasets...
2025-05-10 15:12:13,601 - INFO - Prepared datasets: 1328 train & 1000 validation samples
2025-05-10 15:12:13,701 - INFO - Initializing model...
2025-05-10 15:12:13,706 - INFO - Fitting model...
