2025-05-09 20:23:50,777 - INFO - Initialized Neuron trainer
2025-05-09 20:23:50,778 - INFO - Waiting for parameters file: /s/ls4/users/selibrin/spiking_researches/correlation_encoding_and_training/mnist/hpo/mozafari_spk_single_input_multi_out/hpo_data/hpo_iteration_data/4339501/params_1_9.pkl
2025-05-09 20:23:50,802 - INFO - Loaded HPO parameters
2025-05-09 20:23:50,803 - INFO - Preparing datasets...
2025-05-09 20:23:51,997 - INFO - Prepared datasets: 1170 train & 1000 validation samples
2025-05-09 20:23:51,997 - INFO - Initializing model...
2025-05-09 20:23:52,000 - INFO - Fitting model...
2025-05-09 20:30:27,193 - INFO - Saved weights to /s/ls4/users/selibrin/spiking_researches/correlation_encoding_and_training/mnist/hpo/mozafari_spk_single_input_multi_out/hpo_data/hpo_iteration_data/4339501/estimator_1_neuron_9_weights.npy
2025-05-09 20:30:27,194 - INFO - Evaluating model...
2025-05-09 20:36:04,948 - INFO - Saved validation outputs to /s/ls4/users/selibrin/spiking_researches/correlation_encoding_and_training/mnist/hpo/mozafari_spk_single_input_multi_out/hpo_data/hpo_iteration_data/4339501/estimator_1_neuron_9_validation_outputs.npy
2025-05-09 20:36:04,948 - INFO - Waiting for parameters file: /s/ls4/users/selibrin/spiking_researches/correlation_encoding_and_training/mnist/hpo/mozafari_spk_single_input_multi_out/hpo_data/hpo_iteration_data/4339501/params_1_9.pkl
2025-05-09 20:37:45,064 - INFO - Loaded HPO parameters
2025-05-09 20:37:45,064 - INFO - Preparing datasets...
2025-05-09 20:37:46,023 - INFO - Prepared datasets: 292 train & 1000 validation samples
2025-05-09 20:37:46,112 - INFO - Initializing model...
2025-05-09 20:37:46,117 - INFO - Fitting model...
2025-05-09 20:39:30,015 - INFO - Saved weights to /s/ls4/users/selibrin/spiking_researches/correlation_encoding_and_training/mnist/hpo/mozafari_spk_single_input_multi_out/hpo_data/hpo_iteration_data/4339501/estimator_1_neuron_9_weights.npy
2025-05-09 20:39:30,016 - INFO - Evaluating model...
2025-05-09 20:45:15,370 - INFO - Saved validation outputs to /s/ls4/users/selibrin/spiking_researches/correlation_encoding_and_training/mnist/hpo/mozafari_spk_single_input_multi_out/hpo_data/hpo_iteration_data/4339501/estimator_1_neuron_9_validation_outputs.npy
2025-05-09 20:45:15,371 - INFO - Waiting for parameters file: /s/ls4/users/selibrin/spiking_researches/correlation_encoding_and_training/mnist/hpo/mozafari_spk_single_input_multi_out/hpo_data/hpo_iteration_data/4339501/params_1_9.pkl
2025-05-09 20:45:50,412 - INFO - Loaded HPO parameters
2025-05-09 20:45:50,412 - INFO - Preparing datasets...
2025-05-09 20:45:51,451 - INFO - Prepared datasets: 1170 train & 1000 validation samples
2025-05-09 20:45:51,548 - INFO - Initializing model...
2025-05-09 20:45:51,552 - INFO - Fitting model...
2025-05-09 20:52:51,725 - INFO - Saved weights to /s/ls4/users/selibrin/spiking_researches/correlation_encoding_and_training/mnist/hpo/mozafari_spk_single_input_multi_out/hpo_data/hpo_iteration_data/4339501/estimator_1_neuron_9_weights.npy
2025-05-09 20:52:51,725 - INFO - Evaluating model...
2025-05-09 20:58:39,265 - INFO - Saved validation outputs to /s/ls4/users/selibrin/spiking_researches/correlation_encoding_and_training/mnist/hpo/mozafari_spk_single_input_multi_out/hpo_data/hpo_iteration_data/4339501/estimator_1_neuron_9_validation_outputs.npy
2025-05-09 20:58:39,266 - INFO - Waiting for parameters file: /s/ls4/users/selibrin/spiking_researches/correlation_encoding_and_training/mnist/hpo/mozafari_spk_single_input_multi_out/hpo_data/hpo_iteration_data/4339501/params_1_9.pkl
2025-05-09 20:59:54,353 - INFO - Loaded HPO parameters
2025-05-09 20:59:54,353 - INFO - Preparing datasets...
2025-05-09 20:59:55,358 - INFO - Prepared datasets: 292 train & 1000 validation samples
2025-05-09 20:59:55,476 - INFO - Initializing model...
2025-05-09 20:59:55,481 - INFO - Fitting model...
2025-05-09 21:01:35,794 - INFO - Saved weights to /s/ls4/users/selibrin/spiking_researches/correlation_encoding_and_training/mnist/hpo/mozafari_spk_single_input_multi_out/hpo_data/hpo_iteration_data/4339501/estimator_1_neuron_9_weights.npy
2025-05-09 21:01:35,794 - INFO - Evaluating model...
2025-05-09 21:07:32,597 - INFO - Saved validation outputs to /s/ls4/users/selibrin/spiking_researches/correlation_encoding_and_training/mnist/hpo/mozafari_spk_single_input_multi_out/hpo_data/hpo_iteration_data/4339501/estimator_1_neuron_9_validation_outputs.npy
2025-05-09 21:07:32,598 - INFO - Waiting for parameters file: /s/ls4/users/selibrin/spiking_researches/correlation_encoding_and_training/mnist/hpo/mozafari_spk_single_input_multi_out/hpo_data/hpo_iteration_data/4339501/params_1_9.pkl
2025-05-09 21:08:02,636 - INFO - Loaded HPO parameters
2025-05-09 21:08:02,637 - INFO - Preparing datasets...
2025-05-09 21:08:03,276 - INFO - Prepared datasets: 1170 train & 1000 validation samples
2025-05-09 21:08:03,385 - INFO - Initializing model...
2025-05-09 21:08:03,391 - INFO - Fitting model...
2025-05-09 21:14:55,916 - INFO - Saved weights to /s/ls4/users/selibrin/spiking_researches/correlation_encoding_and_training/mnist/hpo/mozafari_spk_single_input_multi_out/hpo_data/hpo_iteration_data/4339501/estimator_1_neuron_9_weights.npy
2025-05-09 21:14:55,916 - INFO - Evaluating model...
2025-05-09 21:20:33,758 - INFO - Saved validation outputs to /s/ls4/users/selibrin/spiking_researches/correlation_encoding_and_training/mnist/hpo/mozafari_spk_single_input_multi_out/hpo_data/hpo_iteration_data/4339501/estimator_1_neuron_9_validation_outputs.npy
2025-05-09 21:20:33,758 - INFO - Waiting for parameters file: /s/ls4/users/selibrin/spiking_researches/correlation_encoding_and_training/mnist/hpo/mozafari_spk_single_input_multi_out/hpo_data/hpo_iteration_data/4339501/params_1_9.pkl
2025-05-09 21:21:38,830 - INFO - Loaded HPO parameters
2025-05-09 21:21:38,831 - INFO - Preparing datasets...
2025-05-09 21:21:39,869 - INFO - Prepared datasets: 1170 train & 1000 validation samples
2025-05-09 21:21:39,888 - INFO - Initializing model...
2025-05-09 21:21:39,894 - INFO - Fitting model...
2025-05-09 21:28:30,535 - INFO - Saved weights to /s/ls4/users/selibrin/spiking_researches/correlation_encoding_and_training/mnist/hpo/mozafari_spk_single_input_multi_out/hpo_data/hpo_iteration_data/4339501/estimator_1_neuron_9_weights.npy
2025-05-09 21:28:30,535 - INFO - Evaluating model...
2025-05-09 21:34:05,830 - INFO - Saved validation outputs to /s/ls4/users/selibrin/spiking_researches/correlation_encoding_and_training/mnist/hpo/mozafari_spk_single_input_multi_out/hpo_data/hpo_iteration_data/4339501/estimator_1_neuron_9_validation_outputs.npy
2025-05-09 21:34:05,831 - INFO - Waiting for parameters file: /s/ls4/users/selibrin/spiking_researches/correlation_encoding_and_training/mnist/hpo/mozafari_spk_single_input_multi_out/hpo_data/hpo_iteration_data/4339501/params_1_9.pkl
2025-05-09 21:35:45,947 - INFO - Loaded HPO parameters
2025-05-09 21:35:45,947 - INFO - Preparing datasets...
2025-05-09 21:35:46,992 - INFO - Prepared datasets: 292 train & 1000 validation samples
2025-05-09 21:35:47,125 - INFO - Initializing model...
2025-05-09 21:35:47,131 - INFO - Fitting model...
2025-05-09 21:37:26,344 - INFO - Saved weights to /s/ls4/users/selibrin/spiking_researches/correlation_encoding_and_training/mnist/hpo/mozafari_spk_single_input_multi_out/hpo_data/hpo_iteration_data/4339501/estimator_1_neuron_9_weights.npy
2025-05-09 21:37:26,344 - INFO - Evaluating model...
2025-05-09 21:43:24,236 - INFO - Saved validation outputs to /s/ls4/users/selibrin/spiking_researches/correlation_encoding_and_training/mnist/hpo/mozafari_spk_single_input_multi_out/hpo_data/hpo_iteration_data/4339501/estimator_1_neuron_9_validation_outputs.npy
2025-05-09 21:43:24,237 - INFO - Waiting for parameters file: /s/ls4/users/selibrin/spiking_researches/correlation_encoding_and_training/mnist/hpo/mozafari_spk_single_input_multi_out/hpo_data/hpo_iteration_data/4339501/params_1_9.pkl
2025-05-09 21:43:49,264 - INFO - Loaded HPO parameters
2025-05-09 21:43:49,265 - INFO - Preparing datasets...
2025-05-09 21:43:50,303 - INFO - Prepared datasets: 292 train & 1000 validation samples
2025-05-09 21:43:50,414 - INFO - Initializing model...
2025-05-09 21:43:50,419 - INFO - Fitting model...
2025-05-09 21:45:36,046 - INFO - Saved weights to /s/ls4/users/selibrin/spiking_researches/correlation_encoding_and_training/mnist/hpo/mozafari_spk_single_input_multi_out/hpo_data/hpo_iteration_data/4339501/estimator_1_neuron_9_weights.npy
2025-05-09 21:45:36,047 - INFO - Evaluating model...
2025-05-09 21:51:35,299 - INFO - Saved validation outputs to /s/ls4/users/selibrin/spiking_researches/correlation_encoding_and_training/mnist/hpo/mozafari_spk_single_input_multi_out/hpo_data/hpo_iteration_data/4339501/estimator_1_neuron_9_validation_outputs.npy
2025-05-09 21:51:35,299 - INFO - Waiting for parameters file: /s/ls4/users/selibrin/spiking_researches/correlation_encoding_and_training/mnist/hpo/mozafari_spk_single_input_multi_out/hpo_data/hpo_iteration_data/4339501/params_1_9.pkl
2025-05-09 21:51:55,325 - INFO - Loaded HPO parameters
2025-05-09 21:51:55,325 - INFO - Preparing datasets...
2025-05-09 21:51:56,424 - INFO - Prepared datasets: 292 train & 1000 validation samples
2025-05-09 21:51:56,560 - INFO - Initializing model...
2025-05-09 21:51:56,565 - INFO - Fitting model...
2025-05-09 21:53:46,275 - INFO - Saved weights to /s/ls4/users/selibrin/spiking_researches/correlation_encoding_and_training/mnist/hpo/mozafari_spk_single_input_multi_out/hpo_data/hpo_iteration_data/4339501/estimator_1_neuron_9_weights.npy
2025-05-09 21:53:46,276 - INFO - Evaluating model...
2025-05-09 21:59:45,619 - INFO - Saved validation outputs to /s/ls4/users/selibrin/spiking_researches/correlation_encoding_and_training/mnist/hpo/mozafari_spk_single_input_multi_out/hpo_data/hpo_iteration_data/4339501/estimator_1_neuron_9_validation_outputs.npy
2025-05-09 21:59:45,619 - INFO - Waiting for parameters file: /s/ls4/users/selibrin/spiking_researches/correlation_encoding_and_training/mnist/hpo/mozafari_spk_single_input_multi_out/hpo_data/hpo_iteration_data/4339501/params_1_9.pkl
2025-05-09 22:00:30,675 - INFO - Loaded HPO parameters
2025-05-09 22:00:30,675 - INFO - Preparing datasets...
2025-05-09 22:00:31,653 - INFO - Prepared datasets: 585 train & 1000 validation samples
2025-05-09 22:00:31,775 - INFO - Initializing model...
2025-05-09 22:00:31,780 - INFO - Fitting model...
2025-05-09 22:03:51,228 - INFO - Saved weights to /s/ls4/users/selibrin/spiking_researches/correlation_encoding_and_training/mnist/hpo/mozafari_spk_single_input_multi_out/hpo_data/hpo_iteration_data/4339501/estimator_1_neuron_9_weights.npy
2025-05-09 22:03:51,228 - INFO - Evaluating model...
2025-05-09 22:09:43,360 - INFO - Saved validation outputs to /s/ls4/users/selibrin/spiking_researches/correlation_encoding_and_training/mnist/hpo/mozafari_spk_single_input_multi_out/hpo_data/hpo_iteration_data/4339501/estimator_1_neuron_9_validation_outputs.npy
2025-05-09 22:09:43,361 - INFO - Waiting for parameters file: /s/ls4/users/selibrin/spiking_researches/correlation_encoding_and_training/mnist/hpo/mozafari_spk_single_input_multi_out/hpo_data/hpo_iteration_data/4339501/params_1_9.pkl
2025-05-09 22:10:38,449 - INFO - Loaded HPO parameters
2025-05-09 22:10:38,449 - INFO - Preparing datasets...
2025-05-09 22:10:39,251 - INFO - Prepared datasets: 1170 train & 1000 validation samples
2025-05-09 22:10:39,390 - INFO - Initializing model...
2025-05-09 22:10:39,395 - INFO - Fitting model...
2025-05-09 22:17:30,798 - INFO - Saved weights to /s/ls4/users/selibrin/spiking_researches/correlation_encoding_and_training/mnist/hpo/mozafari_spk_single_input_multi_out/hpo_data/hpo_iteration_data/4339501/estimator_1_neuron_9_weights.npy
2025-05-09 22:17:30,798 - INFO - Evaluating model...
2025-05-09 22:23:35,684 - INFO - Saved validation outputs to /s/ls4/users/selibrin/spiking_researches/correlation_encoding_and_training/mnist/hpo/mozafari_spk_single_input_multi_out/hpo_data/hpo_iteration_data/4339501/estimator_1_neuron_9_validation_outputs.npy
2025-05-09 22:23:35,684 - INFO - Waiting for parameters file: /s/ls4/users/selibrin/spiking_researches/correlation_encoding_and_training/mnist/hpo/mozafari_spk_single_input_multi_out/hpo_data/hpo_iteration_data/4339501/params_1_9.pkl
2025-05-09 22:24:15,735 - INFO - Loaded HPO parameters
2025-05-09 22:24:15,735 - INFO - Preparing datasets...
2025-05-09 22:24:16,370 - INFO - Prepared datasets: 1170 train & 1000 validation samples
2025-05-09 22:24:16,432 - INFO - Initializing model...
2025-05-09 22:24:16,437 - INFO - Fitting model...
2025-05-09 22:31:15,430 - INFO - Saved weights to /s/ls4/users/selibrin/spiking_researches/correlation_encoding_and_training/mnist/hpo/mozafari_spk_single_input_multi_out/hpo_data/hpo_iteration_data/4339501/estimator_1_neuron_9_weights.npy
2025-05-09 22:31:15,430 - INFO - Evaluating model...
2025-05-09 22:37:18,412 - INFO - Saved validation outputs to /s/ls4/users/selibrin/spiking_researches/correlation_encoding_and_training/mnist/hpo/mozafari_spk_single_input_multi_out/hpo_data/hpo_iteration_data/4339501/estimator_1_neuron_9_validation_outputs.npy
2025-05-09 22:37:18,412 - INFO - Waiting for parameters file: /s/ls4/users/selibrin/spiking_researches/correlation_encoding_and_training/mnist/hpo/mozafari_spk_single_input_multi_out/hpo_data/hpo_iteration_data/4339501/params_1_9.pkl
2025-05-09 22:38:18,490 - INFO - Loaded HPO parameters
2025-05-09 22:38:18,490 - INFO - Preparing datasets...
2025-05-09 22:38:19,247 - INFO - Prepared datasets: 1170 train & 1000 validation samples
2025-05-09 22:38:19,265 - INFO - Initializing model...
2025-05-09 22:38:19,274 - INFO - Fitting model...
2025-05-09 22:44:59,226 - INFO - Saved weights to /s/ls4/users/selibrin/spiking_researches/correlation_encoding_and_training/mnist/hpo/mozafari_spk_single_input_multi_out/hpo_data/hpo_iteration_data/4339501/estimator_1_neuron_9_weights.npy
2025-05-09 22:44:59,227 - INFO - Evaluating model...
2025-05-09 22:50:37,758 - INFO - Saved validation outputs to /s/ls4/users/selibrin/spiking_researches/correlation_encoding_and_training/mnist/hpo/mozafari_spk_single_input_multi_out/hpo_data/hpo_iteration_data/4339501/estimator_1_neuron_9_validation_outputs.npy
2025-05-09 22:50:37,759 - INFO - Waiting for parameters file: /s/ls4/users/selibrin/spiking_researches/correlation_encoding_and_training/mnist/hpo/mozafari_spk_single_input_multi_out/hpo_data/hpo_iteration_data/4339501/params_1_9.pkl
2025-05-09 22:51:57,852 - INFO - Loaded HPO parameters
2025-05-09 22:51:57,853 - INFO - Preparing datasets...
2025-05-09 22:51:58,489 - INFO - Prepared datasets: 292 train & 1000 validation samples
2025-05-09 22:51:58,530 - INFO - Initializing model...
2025-05-09 22:51:58,537 - INFO - Fitting model...
2025-05-09 22:53:40,475 - INFO - Saved weights to /s/ls4/users/selibrin/spiking_researches/correlation_encoding_and_training/mnist/hpo/mozafari_spk_single_input_multi_out/hpo_data/hpo_iteration_data/4339501/estimator_1_neuron_9_weights.npy
2025-05-09 22:53:40,476 - INFO - Evaluating model...
2025-05-09 22:59:28,380 - INFO - Saved validation outputs to /s/ls4/users/selibrin/spiking_researches/correlation_encoding_and_training/mnist/hpo/mozafari_spk_single_input_multi_out/hpo_data/hpo_iteration_data/4339501/estimator_1_neuron_9_validation_outputs.npy
2025-05-09 22:59:28,380 - INFO - Waiting for parameters file: /s/ls4/users/selibrin/spiking_researches/correlation_encoding_and_training/mnist/hpo/mozafari_spk_single_input_multi_out/hpo_data/hpo_iteration_data/4339501/params_1_9.pkl
2025-05-09 23:00:03,424 - INFO - Loaded HPO parameters
2025-05-09 23:00:03,424 - INFO - Preparing datasets...
2025-05-09 23:00:04,238 - INFO - Prepared datasets: 585 train & 1000 validation samples
2025-05-09 23:00:04,273 - INFO - Initializing model...
2025-05-09 23:00:04,278 - INFO - Fitting model...
2025-05-09 23:03:33,596 - INFO - Saved weights to /s/ls4/users/selibrin/spiking_researches/correlation_encoding_and_training/mnist/hpo/mozafari_spk_single_input_multi_out/hpo_data/hpo_iteration_data/4339501/estimator_1_neuron_9_weights.npy
2025-05-09 23:03:33,596 - INFO - Evaluating model...
2025-05-09 23:09:28,238 - INFO - Saved validation outputs to /s/ls4/users/selibrin/spiking_researches/correlation_encoding_and_training/mnist/hpo/mozafari_spk_single_input_multi_out/hpo_data/hpo_iteration_data/4339501/estimator_1_neuron_9_validation_outputs.npy
2025-05-09 23:09:28,238 - INFO - Waiting for parameters file: /s/ls4/users/selibrin/spiking_researches/correlation_encoding_and_training/mnist/hpo/mozafari_spk_single_input_multi_out/hpo_data/hpo_iteration_data/4339501/params_1_9.pkl
2025-05-09 23:10:08,288 - INFO - Loaded HPO parameters
2025-05-09 23:10:08,289 - INFO - Preparing datasets...
2025-05-09 23:10:09,151 - INFO - Prepared datasets: 1170 train & 1000 validation samples
2025-05-09 23:10:09,210 - INFO - Initializing model...
2025-05-09 23:10:09,215 - INFO - Fitting model...
2025-05-09 23:17:19,672 - INFO - Saved weights to /s/ls4/users/selibrin/spiking_researches/correlation_encoding_and_training/mnist/hpo/mozafari_spk_single_input_multi_out/hpo_data/hpo_iteration_data/4339501/estimator_1_neuron_9_weights.npy
2025-05-09 23:17:19,673 - INFO - Evaluating model...
2025-05-09 23:23:07,917 - INFO - Saved validation outputs to /s/ls4/users/selibrin/spiking_researches/correlation_encoding_and_training/mnist/hpo/mozafari_spk_single_input_multi_out/hpo_data/hpo_iteration_data/4339501/estimator_1_neuron_9_validation_outputs.npy
2025-05-09 23:23:07,918 - INFO - Waiting for parameters file: /s/ls4/users/selibrin/spiking_researches/correlation_encoding_and_training/mnist/hpo/mozafari_spk_single_input_multi_out/hpo_data/hpo_iteration_data/4339501/params_1_9.pkl
2025-05-09 23:23:42,963 - INFO - Loaded HPO parameters
2025-05-09 23:23:42,963 - INFO - Preparing datasets...
2025-05-09 23:23:44,017 - INFO - Prepared datasets: 1170 train & 1000 validation samples
2025-05-09 23:23:44,086 - INFO - Initializing model...
2025-05-09 23:23:44,091 - INFO - Fitting model...
2025-05-09 23:30:36,849 - INFO - Saved weights to /s/ls4/users/selibrin/spiking_researches/correlation_encoding_and_training/mnist/hpo/mozafari_spk_single_input_multi_out/hpo_data/hpo_iteration_data/4339501/estimator_1_neuron_9_weights.npy
2025-05-09 23:30:36,850 - INFO - Evaluating model...
2025-05-09 23:36:23,391 - INFO - Saved validation outputs to /s/ls4/users/selibrin/spiking_researches/correlation_encoding_and_training/mnist/hpo/mozafari_spk_single_input_multi_out/hpo_data/hpo_iteration_data/4339501/estimator_1_neuron_9_validation_outputs.npy
2025-05-09 23:36:23,391 - INFO - Waiting for parameters file: /s/ls4/users/selibrin/spiking_researches/correlation_encoding_and_training/mnist/hpo/mozafari_spk_single_input_multi_out/hpo_data/hpo_iteration_data/4339501/params_1_9.pkl
2025-05-09 23:37:48,487 - INFO - Loaded HPO parameters
2025-05-09 23:37:48,487 - INFO - Preparing datasets...
2025-05-09 23:37:49,226 - INFO - Prepared datasets: 1170 train & 1000 validation samples
2025-05-09 23:37:49,344 - INFO - Initializing model...
2025-05-09 23:37:49,350 - INFO - Fitting model...
2025-05-09 23:44:46,100 - INFO - Saved weights to /s/ls4/users/selibrin/spiking_researches/correlation_encoding_and_training/mnist/hpo/mozafari_spk_single_input_multi_out/hpo_data/hpo_iteration_data/4339501/estimator_1_neuron_9_weights.npy
2025-05-09 23:44:46,101 - INFO - Evaluating model...
2025-05-09 23:50:28,847 - INFO - Saved validation outputs to /s/ls4/users/selibrin/spiking_researches/correlation_encoding_and_training/mnist/hpo/mozafari_spk_single_input_multi_out/hpo_data/hpo_iteration_data/4339501/estimator_1_neuron_9_validation_outputs.npy
2025-05-09 23:50:28,848 - INFO - Waiting for parameters file: /s/ls4/users/selibrin/spiking_researches/correlation_encoding_and_training/mnist/hpo/mozafari_spk_single_input_multi_out/hpo_data/hpo_iteration_data/4339501/params_1_9.pkl
2025-05-09 23:51:28,916 - INFO - Loaded HPO parameters
2025-05-09 23:51:28,917 - INFO - Preparing datasets...
2025-05-09 23:51:29,983 - INFO - Prepared datasets: 292 train & 1000 validation samples
2025-05-09 23:51:30,056 - INFO - Initializing model...
2025-05-09 23:51:30,061 - INFO - Fitting model...
2025-05-09 23:53:12,895 - INFO - Saved weights to /s/ls4/users/selibrin/spiking_researches/correlation_encoding_and_training/mnist/hpo/mozafari_spk_single_input_multi_out/hpo_data/hpo_iteration_data/4339501/estimator_1_neuron_9_weights.npy
2025-05-09 23:53:12,895 - INFO - Evaluating model...
2025-05-09 23:58:59,905 - INFO - Saved validation outputs to /s/ls4/users/selibrin/spiking_researches/correlation_encoding_and_training/mnist/hpo/mozafari_spk_single_input_multi_out/hpo_data/hpo_iteration_data/4339501/estimator_1_neuron_9_validation_outputs.npy
2025-05-09 23:58:59,905 - INFO - Waiting for parameters file: /s/ls4/users/selibrin/spiking_researches/correlation_encoding_and_training/mnist/hpo/mozafari_spk_single_input_multi_out/hpo_data/hpo_iteration_data/4339501/params_1_9.pkl
2025-05-09 23:59:34,949 - INFO - Loaded HPO parameters
2025-05-09 23:59:34,949 - INFO - Preparing datasets...
2025-05-09 23:59:35,904 - INFO - Prepared datasets: 1170 train & 1000 validation samples
2025-05-09 23:59:36,038 - INFO - Initializing model...
2025-05-09 23:59:36,043 - INFO - Fitting model...
2025-05-10 00:06:36,361 - INFO - Saved weights to /s/ls4/users/selibrin/spiking_researches/correlation_encoding_and_training/mnist/hpo/mozafari_spk_single_input_multi_out/hpo_data/hpo_iteration_data/4339501/estimator_1_neuron_9_weights.npy
2025-05-10 00:06:36,362 - INFO - Evaluating model...
2025-05-10 00:12:42,345 - INFO - Saved validation outputs to /s/ls4/users/selibrin/spiking_researches/correlation_encoding_and_training/mnist/hpo/mozafari_spk_single_input_multi_out/hpo_data/hpo_iteration_data/4339501/estimator_1_neuron_9_validation_outputs.npy
2025-05-10 00:12:42,346 - INFO - Waiting for parameters file: /s/ls4/users/selibrin/spiking_researches/correlation_encoding_and_training/mnist/hpo/mozafari_spk_single_input_multi_out/hpo_data/hpo_iteration_data/4339501/params_1_9.pkl
2025-05-10 00:13:37,411 - INFO - Loaded HPO parameters
2025-05-10 00:13:37,411 - INFO - Preparing datasets...
2025-05-10 00:13:38,499 - INFO - Prepared datasets: 585 train & 1000 validation samples
2025-05-10 00:13:38,597 - INFO - Initializing model...
2025-05-10 00:13:38,602 - INFO - Fitting model...
2025-05-10 00:17:09,012 - INFO - Saved weights to /s/ls4/users/selibrin/spiking_researches/correlation_encoding_and_training/mnist/hpo/mozafari_spk_single_input_multi_out/hpo_data/hpo_iteration_data/4339501/estimator_1_neuron_9_weights.npy
2025-05-10 00:17:09,013 - INFO - Evaluating model...
2025-05-10 00:23:10,893 - INFO - Saved validation outputs to /s/ls4/users/selibrin/spiking_researches/correlation_encoding_and_training/mnist/hpo/mozafari_spk_single_input_multi_out/hpo_data/hpo_iteration_data/4339501/estimator_1_neuron_9_validation_outputs.npy
2025-05-10 00:23:10,893 - INFO - Waiting for parameters file: /s/ls4/users/selibrin/spiking_researches/correlation_encoding_and_training/mnist/hpo/mozafari_spk_single_input_multi_out/hpo_data/hpo_iteration_data/4339501/params_1_9.pkl
2025-05-10 00:24:15,973 - INFO - Loaded HPO parameters
2025-05-10 00:24:15,974 - INFO - Preparing datasets...
2025-05-10 00:24:16,999 - INFO - Prepared datasets: 292 train & 1000 validation samples
2025-05-10 00:24:17,167 - INFO - Initializing model...
2025-05-10 00:24:17,173 - INFO - Fitting model...
2025-05-10 00:26:02,544 - INFO - Saved weights to /s/ls4/users/selibrin/spiking_researches/correlation_encoding_and_training/mnist/hpo/mozafari_spk_single_input_multi_out/hpo_data/hpo_iteration_data/4339501/estimator_1_neuron_9_weights.npy
2025-05-10 00:26:02,545 - INFO - Evaluating model...
2025-05-10 00:32:00,901 - INFO - Saved validation outputs to /s/ls4/users/selibrin/spiking_researches/correlation_encoding_and_training/mnist/hpo/mozafari_spk_single_input_multi_out/hpo_data/hpo_iteration_data/4339501/estimator_1_neuron_9_validation_outputs.npy
2025-05-10 00:32:00,901 - INFO - Waiting for parameters file: /s/ls4/users/selibrin/spiking_researches/correlation_encoding_and_training/mnist/hpo/mozafari_spk_single_input_multi_out/hpo_data/hpo_iteration_data/4339501/params_1_9.pkl
2025-05-10 00:32:50,960 - INFO - Loaded HPO parameters
2025-05-10 00:32:50,960 - INFO - Preparing datasets...
2025-05-10 00:32:51,969 - INFO - Prepared datasets: 292 train & 1000 validation samples
2025-05-10 00:32:52,071 - INFO - Initializing model...
2025-05-10 00:32:52,076 - INFO - Fitting model...
2025-05-10 00:34:36,428 - INFO - Saved weights to /s/ls4/users/selibrin/spiking_researches/correlation_encoding_and_training/mnist/hpo/mozafari_spk_single_input_multi_out/hpo_data/hpo_iteration_data/4339501/estimator_1_neuron_9_weights.npy
2025-05-10 00:34:36,428 - INFO - Evaluating model...
2025-05-10 00:40:35,950 - INFO - Saved validation outputs to /s/ls4/users/selibrin/spiking_researches/correlation_encoding_and_training/mnist/hpo/mozafari_spk_single_input_multi_out/hpo_data/hpo_iteration_data/4339501/estimator_1_neuron_9_validation_outputs.npy
2025-05-10 00:40:35,951 - INFO - Waiting for parameters file: /s/ls4/users/selibrin/spiking_researches/correlation_encoding_and_training/mnist/hpo/mozafari_spk_single_input_multi_out/hpo_data/hpo_iteration_data/4339501/params_1_9.pkl
2025-05-10 00:41:26,029 - INFO - Loaded HPO parameters
2025-05-10 00:41:26,030 - INFO - Preparing datasets...
2025-05-10 00:41:27,142 - INFO - Prepared datasets: 292 train & 1000 validation samples
2025-05-10 00:41:27,285 - INFO - Initializing model...
2025-05-10 00:41:27,290 - INFO - Fitting model...
2025-05-10 00:43:12,577 - INFO - Saved weights to /s/ls4/users/selibrin/spiking_researches/correlation_encoding_and_training/mnist/hpo/mozafari_spk_single_input_multi_out/hpo_data/hpo_iteration_data/4339501/estimator_1_neuron_9_weights.npy
2025-05-10 00:43:12,577 - INFO - Evaluating model...
2025-05-10 00:49:14,975 - INFO - Saved validation outputs to /s/ls4/users/selibrin/spiking_researches/correlation_encoding_and_training/mnist/hpo/mozafari_spk_single_input_multi_out/hpo_data/hpo_iteration_data/4339501/estimator_1_neuron_9_validation_outputs.npy
2025-05-10 00:49:14,975 - INFO - Waiting for parameters file: /s/ls4/users/selibrin/spiking_researches/correlation_encoding_and_training/mnist/hpo/mozafari_spk_single_input_multi_out/hpo_data/hpo_iteration_data/4339501/params_1_9.pkl
2025-05-10 00:50:05,031 - INFO - Loaded HPO parameters
2025-05-10 00:50:05,032 - INFO - Preparing datasets...
2025-05-10 00:50:05,947 - INFO - Prepared datasets: 292 train & 1000 validation samples
2025-05-10 00:50:06,093 - INFO - Initializing model...
2025-05-10 00:50:06,098 - INFO - Fitting model...
2025-05-10 00:51:49,844 - INFO - Saved weights to /s/ls4/users/selibrin/spiking_researches/correlation_encoding_and_training/mnist/hpo/mozafari_spk_single_input_multi_out/hpo_data/hpo_iteration_data/4339501/estimator_1_neuron_9_weights.npy
2025-05-10 00:51:49,844 - INFO - Evaluating model...
2025-05-10 00:57:25,487 - INFO - Saved validation outputs to /s/ls4/users/selibrin/spiking_researches/correlation_encoding_and_training/mnist/hpo/mozafari_spk_single_input_multi_out/hpo_data/hpo_iteration_data/4339501/estimator_1_neuron_9_validation_outputs.npy
2025-05-10 00:57:25,487 - INFO - Waiting for parameters file: /s/ls4/users/selibrin/spiking_researches/correlation_encoding_and_training/mnist/hpo/mozafari_spk_single_input_multi_out/hpo_data/hpo_iteration_data/4339501/params_1_9.pkl
2025-05-10 00:58:10,540 - INFO - Loaded HPO parameters
2025-05-10 00:58:10,540 - INFO - Preparing datasets...
2025-05-10 00:58:11,487 - INFO - Prepared datasets: 292 train & 1000 validation samples
2025-05-10 00:58:11,579 - INFO - Initializing model...
2025-05-10 00:58:11,584 - INFO - Fitting model...
2025-05-10 00:59:55,782 - INFO - Saved weights to /s/ls4/users/selibrin/spiking_researches/correlation_encoding_and_training/mnist/hpo/mozafari_spk_single_input_multi_out/hpo_data/hpo_iteration_data/4339501/estimator_1_neuron_9_weights.npy
2025-05-10 00:59:55,783 - INFO - Evaluating model...
2025-05-10 01:06:02,135 - INFO - Saved validation outputs to /s/ls4/users/selibrin/spiking_researches/correlation_encoding_and_training/mnist/hpo/mozafari_spk_single_input_multi_out/hpo_data/hpo_iteration_data/4339501/estimator_1_neuron_9_validation_outputs.npy
2025-05-10 01:06:02,135 - INFO - Waiting for parameters file: /s/ls4/users/selibrin/spiking_researches/correlation_encoding_and_training/mnist/hpo/mozafari_spk_single_input_multi_out/hpo_data/hpo_iteration_data/4339501/params_1_9.pkl
2025-05-10 01:06:17,155 - INFO - Loaded HPO parameters
2025-05-10 01:06:17,155 - INFO - Preparing datasets...
2025-05-10 01:06:18,112 - INFO - Prepared datasets: 585 train & 1000 validation samples
2025-05-10 01:06:18,223 - INFO - Initializing model...
2025-05-10 01:06:18,229 - INFO - Fitting model...
2025-05-10 01:09:50,975 - INFO - Saved weights to /s/ls4/users/selibrin/spiking_researches/correlation_encoding_and_training/mnist/hpo/mozafari_spk_single_input_multi_out/hpo_data/hpo_iteration_data/4339501/estimator_1_neuron_9_weights.npy
2025-05-10 01:09:50,975 - INFO - Evaluating model...
2025-05-10 01:15:54,452 - INFO - Saved validation outputs to /s/ls4/users/selibrin/spiking_researches/correlation_encoding_and_training/mnist/hpo/mozafari_spk_single_input_multi_out/hpo_data/hpo_iteration_data/4339501/estimator_1_neuron_9_validation_outputs.npy
2025-05-10 01:15:54,452 - INFO - Waiting for parameters file: /s/ls4/users/selibrin/spiking_researches/correlation_encoding_and_training/mnist/hpo/mozafari_spk_single_input_multi_out/hpo_data/hpo_iteration_data/4339501/params_1_9.pkl
2025-05-10 01:16:19,484 - INFO - Loaded HPO parameters
2025-05-10 01:16:19,485 - INFO - Preparing datasets...
2025-05-10 01:16:20,440 - INFO - Prepared datasets: 585 train & 1000 validation samples
2025-05-10 01:16:20,577 - INFO - Initializing model...
2025-05-10 01:16:20,582 - INFO - Fitting model...
2025-05-10 01:20:03,637 - INFO - Saved weights to /s/ls4/users/selibrin/spiking_researches/correlation_encoding_and_training/mnist/hpo/mozafari_spk_single_input_multi_out/hpo_data/hpo_iteration_data/4339501/estimator_1_neuron_9_weights.npy
2025-05-10 01:20:03,638 - INFO - Evaluating model...
2025-05-10 01:26:05,643 - INFO - Saved validation outputs to /s/ls4/users/selibrin/spiking_researches/correlation_encoding_and_training/mnist/hpo/mozafari_spk_single_input_multi_out/hpo_data/hpo_iteration_data/4339501/estimator_1_neuron_9_validation_outputs.npy
2025-05-10 01:26:05,644 - INFO - Waiting for parameters file: /s/ls4/users/selibrin/spiking_researches/correlation_encoding_and_training/mnist/hpo/mozafari_spk_single_input_multi_out/hpo_data/hpo_iteration_data/4339501/params_1_9.pkl
2025-05-10 01:26:25,674 - INFO - Loaded HPO parameters
2025-05-10 01:26:25,674 - INFO - Preparing datasets...
2025-05-10 01:26:26,774 - INFO - Prepared datasets: 1170 train & 1000 validation samples
2025-05-10 01:26:26,880 - INFO - Initializing model...
2025-05-10 01:26:26,889 - INFO - Fitting model...
2025-05-10 01:33:20,640 - INFO - Saved weights to /s/ls4/users/selibrin/spiking_researches/correlation_encoding_and_training/mnist/hpo/mozafari_spk_single_input_multi_out/hpo_data/hpo_iteration_data/4339501/estimator_1_neuron_9_weights.npy
2025-05-10 01:33:20,640 - INFO - Evaluating model...
2025-05-10 01:39:12,393 - INFO - Saved validation outputs to /s/ls4/users/selibrin/spiking_researches/correlation_encoding_and_training/mnist/hpo/mozafari_spk_single_input_multi_out/hpo_data/hpo_iteration_data/4339501/estimator_1_neuron_9_validation_outputs.npy
2025-05-10 01:39:12,393 - INFO - Waiting for parameters file: /s/ls4/users/selibrin/spiking_researches/correlation_encoding_and_training/mnist/hpo/mozafari_spk_single_input_multi_out/hpo_data/hpo_iteration_data/4339501/params_1_9.pkl
2025-05-10 01:40:32,486 - INFO - Loaded HPO parameters
2025-05-10 01:40:32,486 - INFO - Preparing datasets...
2025-05-10 01:40:33,689 - INFO - Prepared datasets: 1170 train & 1000 validation samples
2025-05-10 01:40:33,816 - INFO - Initializing model...
2025-05-10 01:40:33,821 - INFO - Fitting model...
2025-05-10 01:47:21,242 - INFO - Saved weights to /s/ls4/users/selibrin/spiking_researches/correlation_encoding_and_training/mnist/hpo/mozafari_spk_single_input_multi_out/hpo_data/hpo_iteration_data/4339501/estimator_1_neuron_9_weights.npy
2025-05-10 01:47:21,242 - INFO - Evaluating model...
2025-05-10 01:53:29,560 - INFO - Saved validation outputs to /s/ls4/users/selibrin/spiking_researches/correlation_encoding_and_training/mnist/hpo/mozafari_spk_single_input_multi_out/hpo_data/hpo_iteration_data/4339501/estimator_1_neuron_9_validation_outputs.npy
2025-05-10 01:53:29,560 - INFO - Waiting for parameters file: /s/ls4/users/selibrin/spiking_researches/correlation_encoding_and_training/mnist/hpo/mozafari_spk_single_input_multi_out/hpo_data/hpo_iteration_data/4339501/params_1_9.pkl
2025-05-10 01:54:39,641 - INFO - Loaded HPO parameters
2025-05-10 01:54:39,641 - INFO - Preparing datasets...
2025-05-10 01:54:40,549 - INFO - Prepared datasets: 292 train & 1000 validation samples
2025-05-10 01:54:40,700 - INFO - Initializing model...
2025-05-10 01:54:40,705 - INFO - Fitting model...
2025-05-10 01:56:28,909 - INFO - Saved weights to /s/ls4/users/selibrin/spiking_researches/correlation_encoding_and_training/mnist/hpo/mozafari_spk_single_input_multi_out/hpo_data/hpo_iteration_data/4339501/estimator_1_neuron_9_weights.npy
2025-05-10 01:56:28,910 - INFO - Evaluating model...
2025-05-10 02:02:21,946 - INFO - Saved validation outputs to /s/ls4/users/selibrin/spiking_researches/correlation_encoding_and_training/mnist/hpo/mozafari_spk_single_input_multi_out/hpo_data/hpo_iteration_data/4339501/estimator_1_neuron_9_validation_outputs.npy
2025-05-10 02:02:21,947 - INFO - Waiting for parameters file: /s/ls4/users/selibrin/spiking_researches/correlation_encoding_and_training/mnist/hpo/mozafari_spk_single_input_multi_out/hpo_data/hpo_iteration_data/4339501/params_1_9.pkl
2025-05-10 02:02:46,977 - INFO - Loaded HPO parameters
2025-05-10 02:02:46,978 - INFO - Preparing datasets...
2025-05-10 02:02:48,011 - INFO - Prepared datasets: 292 train & 1000 validation samples
2025-05-10 02:02:48,102 - INFO - Initializing model...
2025-05-10 02:02:48,107 - INFO - Fitting model...
2025-05-10 02:04:33,081 - INFO - Saved weights to /s/ls4/users/selibrin/spiking_researches/correlation_encoding_and_training/mnist/hpo/mozafari_spk_single_input_multi_out/hpo_data/hpo_iteration_data/4339501/estimator_1_neuron_9_weights.npy
2025-05-10 02:04:33,081 - INFO - Evaluating model...
2025-05-10 02:10:33,144 - INFO - Saved validation outputs to /s/ls4/users/selibrin/spiking_researches/correlation_encoding_and_training/mnist/hpo/mozafari_spk_single_input_multi_out/hpo_data/hpo_iteration_data/4339501/estimator_1_neuron_9_validation_outputs.npy
2025-05-10 02:10:33,144 - INFO - Waiting for parameters file: /s/ls4/users/selibrin/spiking_researches/correlation_encoding_and_training/mnist/hpo/mozafari_spk_single_input_multi_out/hpo_data/hpo_iteration_data/4339501/params_1_9.pkl
2025-05-10 02:11:23,204 - INFO - Loaded HPO parameters
2025-05-10 02:11:23,204 - INFO - Preparing datasets...
2025-05-10 02:11:24,346 - INFO - Prepared datasets: 292 train & 1000 validation samples
2025-05-10 02:11:24,469 - INFO - Initializing model...
2025-05-10 02:11:24,474 - INFO - Fitting model...
2025-05-10 02:13:12,630 - INFO - Saved weights to /s/ls4/users/selibrin/spiking_researches/correlation_encoding_and_training/mnist/hpo/mozafari_spk_single_input_multi_out/hpo_data/hpo_iteration_data/4339501/estimator_1_neuron_9_weights.npy
2025-05-10 02:13:12,631 - INFO - Evaluating model...
2025-05-10 02:19:14,747 - INFO - Saved validation outputs to /s/ls4/users/selibrin/spiking_researches/correlation_encoding_and_training/mnist/hpo/mozafari_spk_single_input_multi_out/hpo_data/hpo_iteration_data/4339501/estimator_1_neuron_9_validation_outputs.npy
2025-05-10 02:19:14,748 - INFO - Waiting for parameters file: /s/ls4/users/selibrin/spiking_researches/correlation_encoding_and_training/mnist/hpo/mozafari_spk_single_input_multi_out/hpo_data/hpo_iteration_data/4339501/params_1_9.pkl
2025-05-10 02:19:54,800 - INFO - Loaded HPO parameters
2025-05-10 02:19:54,801 - INFO - Preparing datasets...
2025-05-10 02:19:56,625 - INFO - Prepared datasets: 1170 train & 1000 validation samples
2025-05-10 02:19:56,815 - INFO - Initializing model...
2025-05-10 02:19:56,820 - INFO - Fitting model...
2025-05-10 02:26:55,325 - INFO - Saved weights to /s/ls4/users/selibrin/spiking_researches/correlation_encoding_and_training/mnist/hpo/mozafari_spk_single_input_multi_out/hpo_data/hpo_iteration_data/4339501/estimator_1_neuron_9_weights.npy
2025-05-10 02:26:55,326 - INFO - Evaluating model...
2025-05-10 02:32:50,190 - INFO - Saved validation outputs to /s/ls4/users/selibrin/spiking_researches/correlation_encoding_and_training/mnist/hpo/mozafari_spk_single_input_multi_out/hpo_data/hpo_iteration_data/4339501/estimator_1_neuron_9_validation_outputs.npy
2025-05-10 02:32:50,190 - INFO - Waiting for parameters file: /s/ls4/users/selibrin/spiking_researches/correlation_encoding_and_training/mnist/hpo/mozafari_spk_single_input_multi_out/hpo_data/hpo_iteration_data/4339501/params_1_9.pkl
2025-05-10 02:34:05,276 - INFO - Loaded HPO parameters
2025-05-10 02:34:05,277 - INFO - Preparing datasets...
2025-05-10 02:34:06,338 - INFO - Prepared datasets: 292 train & 1000 validation samples
2025-05-10 02:34:06,467 - INFO - Initializing model...
2025-05-10 02:34:06,472 - INFO - Fitting model...
2025-05-10 02:35:56,474 - INFO - Saved weights to /s/ls4/users/selibrin/spiking_researches/correlation_encoding_and_training/mnist/hpo/mozafari_spk_single_input_multi_out/hpo_data/hpo_iteration_data/4339501/estimator_1_neuron_9_weights.npy
2025-05-10 02:35:56,475 - INFO - Evaluating model...
2025-05-10 02:41:53,162 - INFO - Saved validation outputs to /s/ls4/users/selibrin/spiking_researches/correlation_encoding_and_training/mnist/hpo/mozafari_spk_single_input_multi_out/hpo_data/hpo_iteration_data/4339501/estimator_1_neuron_9_validation_outputs.npy
2025-05-10 02:41:53,163 - INFO - Waiting for parameters file: /s/ls4/users/selibrin/spiking_researches/correlation_encoding_and_training/mnist/hpo/mozafari_spk_single_input_multi_out/hpo_data/hpo_iteration_data/4339501/params_1_9.pkl
2025-05-10 02:42:38,213 - INFO - Loaded HPO parameters
2025-05-10 02:42:38,214 - INFO - Preparing datasets...
2025-05-10 02:42:39,279 - INFO - Prepared datasets: 1170 train & 1000 validation samples
2025-05-10 02:42:39,512 - INFO - Initializing model...
2025-05-10 02:42:39,519 - INFO - Fitting model...
2025-05-10 02:49:38,818 - INFO - Saved weights to /s/ls4/users/selibrin/spiking_researches/correlation_encoding_and_training/mnist/hpo/mozafari_spk_single_input_multi_out/hpo_data/hpo_iteration_data/4339501/estimator_1_neuron_9_weights.npy
2025-05-10 02:49:38,818 - INFO - Evaluating model...
2025-05-10 02:55:38,633 - INFO - Saved validation outputs to /s/ls4/users/selibrin/spiking_researches/correlation_encoding_and_training/mnist/hpo/mozafari_spk_single_input_multi_out/hpo_data/hpo_iteration_data/4339501/estimator_1_neuron_9_validation_outputs.npy
2025-05-10 02:55:38,633 - INFO - Waiting for parameters file: /s/ls4/users/selibrin/spiking_researches/correlation_encoding_and_training/mnist/hpo/mozafari_spk_single_input_multi_out/hpo_data/hpo_iteration_data/4339501/params_1_9.pkl
2025-05-10 02:56:13,677 - INFO - Loaded HPO parameters
2025-05-10 02:56:13,677 - INFO - Preparing datasets...
2025-05-10 02:56:14,725 - INFO - Prepared datasets: 585 train & 1000 validation samples
2025-05-10 02:56:14,876 - INFO - Initializing model...
2025-05-10 02:56:14,882 - INFO - Fitting model...
2025-05-10 02:59:50,602 - INFO - Saved weights to /s/ls4/users/selibrin/spiking_researches/correlation_encoding_and_training/mnist/hpo/mozafari_spk_single_input_multi_out/hpo_data/hpo_iteration_data/4339501/estimator_1_neuron_9_weights.npy
2025-05-10 02:59:50,602 - INFO - Evaluating model...
2025-05-10 03:05:47,280 - INFO - Saved validation outputs to /s/ls4/users/selibrin/spiking_researches/correlation_encoding_and_training/mnist/hpo/mozafari_spk_single_input_multi_out/hpo_data/hpo_iteration_data/4339501/estimator_1_neuron_9_validation_outputs.npy
2025-05-10 03:05:47,281 - INFO - Waiting for parameters file: /s/ls4/users/selibrin/spiking_researches/correlation_encoding_and_training/mnist/hpo/mozafari_spk_single_input_multi_out/hpo_data/hpo_iteration_data/4339501/params_1_9.pkl
2025-05-10 03:06:22,325 - INFO - Loaded HPO parameters
2025-05-10 03:06:22,325 - INFO - Preparing datasets...
2025-05-10 03:06:23,349 - INFO - Prepared datasets: 1170 train & 1000 validation samples
2025-05-10 03:06:23,493 - INFO - Initializing model...
2025-05-10 03:06:23,499 - INFO - Fitting model...
2025-05-10 03:13:23,619 - INFO - Saved weights to /s/ls4/users/selibrin/spiking_researches/correlation_encoding_and_training/mnist/hpo/mozafari_spk_single_input_multi_out/hpo_data/hpo_iteration_data/4339501/estimator_1_neuron_9_weights.npy
2025-05-10 03:13:23,619 - INFO - Evaluating model...
2025-05-10 03:19:34,643 - INFO - Saved validation outputs to /s/ls4/users/selibrin/spiking_researches/correlation_encoding_and_training/mnist/hpo/mozafari_spk_single_input_multi_out/hpo_data/hpo_iteration_data/4339501/estimator_1_neuron_9_validation_outputs.npy
2025-05-10 03:19:34,644 - INFO - Waiting for parameters file: /s/ls4/users/selibrin/spiking_researches/correlation_encoding_and_training/mnist/hpo/mozafari_spk_single_input_multi_out/hpo_data/hpo_iteration_data/4339501/params_1_9.pkl
2025-05-10 03:20:29,706 - INFO - Loaded HPO parameters
2025-05-10 03:20:29,707 - INFO - Preparing datasets...
2025-05-10 03:20:30,706 - INFO - Prepared datasets: 1170 train & 1000 validation samples
2025-05-10 03:20:30,853 - INFO - Initializing model...
2025-05-10 03:20:30,860 - INFO - Fitting model...
2025-05-10 03:27:38,585 - INFO - Saved weights to /s/ls4/users/selibrin/spiking_researches/correlation_encoding_and_training/mnist/hpo/mozafari_spk_single_input_multi_out/hpo_data/hpo_iteration_data/4339501/estimator_1_neuron_9_weights.npy
2025-05-10 03:27:38,586 - INFO - Evaluating model...
2025-05-10 03:33:39,928 - INFO - Saved validation outputs to /s/ls4/users/selibrin/spiking_researches/correlation_encoding_and_training/mnist/hpo/mozafari_spk_single_input_multi_out/hpo_data/hpo_iteration_data/4339501/estimator_1_neuron_9_validation_outputs.npy
2025-05-10 03:33:39,928 - INFO - Waiting for parameters file: /s/ls4/users/selibrin/spiking_researches/correlation_encoding_and_training/mnist/hpo/mozafari_spk_single_input_multi_out/hpo_data/hpo_iteration_data/4339501/params_1_9.pkl
2025-05-10 03:34:34,995 - INFO - Loaded HPO parameters
2025-05-10 03:34:34,996 - INFO - Preparing datasets...
2025-05-10 03:34:36,035 - INFO - Prepared datasets: 292 train & 1000 validation samples
2025-05-10 03:34:36,178 - INFO - Initializing model...
2025-05-10 03:34:36,183 - INFO - Fitting model...
2025-05-10 03:36:26,590 - INFO - Saved weights to /s/ls4/users/selibrin/spiking_researches/correlation_encoding_and_training/mnist/hpo/mozafari_spk_single_input_multi_out/hpo_data/hpo_iteration_data/4339501/estimator_1_neuron_9_weights.npy
2025-05-10 03:36:26,590 - INFO - Evaluating model...
2025-05-10 03:42:29,031 - INFO - Saved validation outputs to /s/ls4/users/selibrin/spiking_researches/correlation_encoding_and_training/mnist/hpo/mozafari_spk_single_input_multi_out/hpo_data/hpo_iteration_data/4339501/estimator_1_neuron_9_validation_outputs.npy
2025-05-10 03:42:29,031 - INFO - Waiting for parameters file: /s/ls4/users/selibrin/spiking_researches/correlation_encoding_and_training/mnist/hpo/mozafari_spk_single_input_multi_out/hpo_data/hpo_iteration_data/4339501/params_1_9.pkl
2025-05-10 03:42:39,047 - INFO - Loaded HPO parameters
2025-05-10 03:42:39,047 - INFO - Preparing datasets...
2025-05-10 03:42:40,012 - INFO - Prepared datasets: 1170 train & 1000 validation samples
2025-05-10 03:42:40,155 - INFO - Initializing model...
2025-05-10 03:42:40,161 - INFO - Fitting model...
2025-05-10 03:49:42,522 - INFO - Saved weights to /s/ls4/users/selibrin/spiking_researches/correlation_encoding_and_training/mnist/hpo/mozafari_spk_single_input_multi_out/hpo_data/hpo_iteration_data/4339501/estimator_1_neuron_9_weights.npy
2025-05-10 03:49:42,523 - INFO - Evaluating model...
2025-05-10 03:55:47,101 - INFO - Saved validation outputs to /s/ls4/users/selibrin/spiking_researches/correlation_encoding_and_training/mnist/hpo/mozafari_spk_single_input_multi_out/hpo_data/hpo_iteration_data/4339501/estimator_1_neuron_9_validation_outputs.npy
2025-05-10 03:55:47,102 - INFO - Waiting for parameters file: /s/ls4/users/selibrin/spiking_researches/correlation_encoding_and_training/mnist/hpo/mozafari_spk_single_input_multi_out/hpo_data/hpo_iteration_data/4339501/params_1_9.pkl
2025-05-10 03:56:17,144 - INFO - Loaded HPO parameters
2025-05-10 03:56:17,144 - INFO - Preparing datasets...
2025-05-10 03:56:18,212 - INFO - Prepared datasets: 1170 train & 1000 validation samples
2025-05-10 03:56:18,343 - INFO - Initializing model...
2025-05-10 03:56:18,348 - INFO - Fitting model...
2025-05-10 04:03:22,997 - INFO - Saved weights to /s/ls4/users/selibrin/spiking_researches/correlation_encoding_and_training/mnist/hpo/mozafari_spk_single_input_multi_out/hpo_data/hpo_iteration_data/4339501/estimator_1_neuron_9_weights.npy
2025-05-10 04:03:22,998 - INFO - Evaluating model...
2025-05-10 04:09:23,874 - INFO - Saved validation outputs to /s/ls4/users/selibrin/spiking_researches/correlation_encoding_and_training/mnist/hpo/mozafari_spk_single_input_multi_out/hpo_data/hpo_iteration_data/4339501/estimator_1_neuron_9_validation_outputs.npy
2025-05-10 04:09:23,875 - INFO - Waiting for parameters file: /s/ls4/users/selibrin/spiking_researches/correlation_encoding_and_training/mnist/hpo/mozafari_spk_single_input_multi_out/hpo_data/hpo_iteration_data/4339501/params_1_9.pkl
2025-05-10 04:10:23,947 - INFO - Loaded HPO parameters
2025-05-10 04:10:23,947 - INFO - Preparing datasets...
2025-05-10 04:10:25,076 - INFO - Prepared datasets: 1170 train & 1000 validation samples
2025-05-10 04:10:25,210 - INFO - Initializing model...
2025-05-10 04:10:25,215 - INFO - Fitting model...
2025-05-10 04:17:46,025 - INFO - Saved weights to /s/ls4/users/selibrin/spiking_researches/correlation_encoding_and_training/mnist/hpo/mozafari_spk_single_input_multi_out/hpo_data/hpo_iteration_data/4339501/estimator_1_neuron_9_weights.npy
2025-05-10 04:17:46,025 - INFO - Evaluating model...
2025-05-10 04:23:33,509 - INFO - Saved validation outputs to /s/ls4/users/selibrin/spiking_researches/correlation_encoding_and_training/mnist/hpo/mozafari_spk_single_input_multi_out/hpo_data/hpo_iteration_data/4339501/estimator_1_neuron_9_validation_outputs.npy
2025-05-10 04:23:33,510 - INFO - Waiting for parameters file: /s/ls4/users/selibrin/spiking_researches/correlation_encoding_and_training/mnist/hpo/mozafari_spk_single_input_multi_out/hpo_data/hpo_iteration_data/4339501/params_1_9.pkl
2025-05-10 04:24:28,576 - INFO - Loaded HPO parameters
2025-05-10 04:24:28,577 - INFO - Preparing datasets...
2025-05-10 04:24:29,627 - INFO - Prepared datasets: 585 train & 1000 validation samples
2025-05-10 04:24:29,791 - INFO - Initializing model...
2025-05-10 04:24:29,797 - INFO - Fitting model...
2025-05-10 04:28:03,195 - INFO - Saved weights to /s/ls4/users/selibrin/spiking_researches/correlation_encoding_and_training/mnist/hpo/mozafari_spk_single_input_multi_out/hpo_data/hpo_iteration_data/4339501/estimator_1_neuron_9_weights.npy
2025-05-10 04:28:03,195 - INFO - Evaluating model...
2025-05-10 04:34:01,682 - INFO - Saved validation outputs to /s/ls4/users/selibrin/spiking_researches/correlation_encoding_and_training/mnist/hpo/mozafari_spk_single_input_multi_out/hpo_data/hpo_iteration_data/4339501/estimator_1_neuron_9_validation_outputs.npy
2025-05-10 04:34:01,683 - INFO - Waiting for parameters file: /s/ls4/users/selibrin/spiking_researches/correlation_encoding_and_training/mnist/hpo/mozafari_spk_single_input_multi_out/hpo_data/hpo_iteration_data/4339501/params_1_9.pkl
2025-05-10 04:34:31,726 - INFO - Loaded HPO parameters
2025-05-10 04:34:31,727 - INFO - Preparing datasets...
2025-05-10 04:34:32,870 - INFO - Prepared datasets: 292 train & 1000 validation samples
2025-05-10 04:34:33,043 - INFO - Initializing model...
2025-05-10 04:34:33,049 - INFO - Fitting model...
2025-05-10 04:36:28,070 - INFO - Saved weights to /s/ls4/users/selibrin/spiking_researches/correlation_encoding_and_training/mnist/hpo/mozafari_spk_single_input_multi_out/hpo_data/hpo_iteration_data/4339501/estimator_1_neuron_9_weights.npy
2025-05-10 04:36:28,071 - INFO - Evaluating model...
2025-05-10 04:42:32,662 - INFO - Saved validation outputs to /s/ls4/users/selibrin/spiking_researches/correlation_encoding_and_training/mnist/hpo/mozafari_spk_single_input_multi_out/hpo_data/hpo_iteration_data/4339501/estimator_1_neuron_9_validation_outputs.npy
2025-05-10 04:42:32,662 - INFO - Waiting for parameters file: /s/ls4/users/selibrin/spiking_researches/correlation_encoding_and_training/mnist/hpo/mozafari_spk_single_input_multi_out/hpo_data/hpo_iteration_data/4339501/params_1_9.pkl
2025-05-10 04:43:07,731 - INFO - Loaded HPO parameters
2025-05-10 04:43:07,731 - INFO - Preparing datasets...
2025-05-10 04:43:08,790 - INFO - Prepared datasets: 1170 train & 1000 validation samples
2025-05-10 04:43:08,933 - INFO - Initializing model...
2025-05-10 04:43:08,938 - INFO - Fitting model...
2025-05-10 04:50:33,160 - INFO - Saved weights to /s/ls4/users/selibrin/spiking_researches/correlation_encoding_and_training/mnist/hpo/mozafari_spk_single_input_multi_out/hpo_data/hpo_iteration_data/4339501/estimator_1_neuron_9_weights.npy
2025-05-10 04:50:33,160 - INFO - Evaluating model...
2025-05-10 04:56:26,190 - INFO - Saved validation outputs to /s/ls4/users/selibrin/spiking_researches/correlation_encoding_and_training/mnist/hpo/mozafari_spk_single_input_multi_out/hpo_data/hpo_iteration_data/4339501/estimator_1_neuron_9_validation_outputs.npy
2025-05-10 04:56:26,191 - INFO - Waiting for parameters file: /s/ls4/users/selibrin/spiking_researches/correlation_encoding_and_training/mnist/hpo/mozafari_spk_single_input_multi_out/hpo_data/hpo_iteration_data/4339501/params_1_9.pkl
2025-05-10 04:57:16,247 - INFO - Loaded HPO parameters
2025-05-10 04:57:16,247 - INFO - Preparing datasets...
2025-05-10 04:57:17,251 - INFO - Prepared datasets: 1170 train & 1000 validation samples
2025-05-10 04:57:17,383 - INFO - Initializing model...
2025-05-10 04:57:17,388 - INFO - Fitting model...
2025-05-10 05:04:34,730 - INFO - Saved weights to /s/ls4/users/selibrin/spiking_researches/correlation_encoding_and_training/mnist/hpo/mozafari_spk_single_input_multi_out/hpo_data/hpo_iteration_data/4339501/estimator_1_neuron_9_weights.npy
2025-05-10 05:04:34,731 - INFO - Evaluating model...
2025-05-10 05:10:35,221 - INFO - Saved validation outputs to /s/ls4/users/selibrin/spiking_researches/correlation_encoding_and_training/mnist/hpo/mozafari_spk_single_input_multi_out/hpo_data/hpo_iteration_data/4339501/estimator_1_neuron_9_validation_outputs.npy
2025-05-10 05:10:35,221 - INFO - Waiting for parameters file: /s/ls4/users/selibrin/spiking_researches/correlation_encoding_and_training/mnist/hpo/mozafari_spk_single_input_multi_out/hpo_data/hpo_iteration_data/4339501/params_1_9.pkl
2025-05-10 05:11:20,277 - INFO - Loaded HPO parameters
2025-05-10 05:11:20,277 - INFO - Preparing datasets...
2025-05-10 05:11:21,349 - INFO - Prepared datasets: 1170 train & 1000 validation samples
2025-05-10 05:11:21,468 - INFO - Initializing model...
2025-05-10 05:11:21,474 - INFO - Fitting model...
2025-05-10 05:18:41,002 - INFO - Saved weights to /s/ls4/users/selibrin/spiking_researches/correlation_encoding_and_training/mnist/hpo/mozafari_spk_single_input_multi_out/hpo_data/hpo_iteration_data/4339501/estimator_1_neuron_9_weights.npy
2025-05-10 05:18:41,003 - INFO - Evaluating model...
2025-05-10 05:24:37,477 - INFO - Saved validation outputs to /s/ls4/users/selibrin/spiking_researches/correlation_encoding_and_training/mnist/hpo/mozafari_spk_single_input_multi_out/hpo_data/hpo_iteration_data/4339501/estimator_1_neuron_9_validation_outputs.npy
2025-05-10 05:24:37,477 - INFO - Waiting for parameters file: /s/ls4/users/selibrin/spiking_researches/correlation_encoding_and_training/mnist/hpo/mozafari_spk_single_input_multi_out/hpo_data/hpo_iteration_data/4339501/params_1_9.pkl
2025-05-10 05:25:27,530 - INFO - Loaded HPO parameters
2025-05-10 05:25:27,530 - INFO - Preparing datasets...
2025-05-10 05:25:28,481 - INFO - Prepared datasets: 1170 train & 1000 validation samples
2025-05-10 05:25:28,622 - INFO - Initializing model...
2025-05-10 05:25:28,627 - INFO - Fitting model...
2025-05-10 05:32:43,026 - INFO - Saved weights to /s/ls4/users/selibrin/spiking_researches/correlation_encoding_and_training/mnist/hpo/mozafari_spk_single_input_multi_out/hpo_data/hpo_iteration_data/4339501/estimator_1_neuron_9_weights.npy
2025-05-10 05:32:43,027 - INFO - Evaluating model...
2025-05-10 05:38:43,549 - INFO - Saved validation outputs to /s/ls4/users/selibrin/spiking_researches/correlation_encoding_and_training/mnist/hpo/mozafari_spk_single_input_multi_out/hpo_data/hpo_iteration_data/4339501/estimator_1_neuron_9_validation_outputs.npy
2025-05-10 05:38:43,549 - INFO - Waiting for parameters file: /s/ls4/users/selibrin/spiking_researches/correlation_encoding_and_training/mnist/hpo/mozafari_spk_single_input_multi_out/hpo_data/hpo_iteration_data/4339501/params_1_9.pkl
2025-05-10 05:39:33,610 - INFO - Loaded HPO parameters
2025-05-10 05:39:33,610 - INFO - Preparing datasets...
2025-05-10 05:39:34,748 - INFO - Prepared datasets: 1170 train & 1000 validation samples
2025-05-10 05:39:34,899 - INFO - Initializing model...
2025-05-10 05:39:34,905 - INFO - Fitting model...
2025-05-10 05:46:58,717 - INFO - Saved weights to /s/ls4/users/selibrin/spiking_researches/correlation_encoding_and_training/mnist/hpo/mozafari_spk_single_input_multi_out/hpo_data/hpo_iteration_data/4339501/estimator_1_neuron_9_weights.npy
2025-05-10 05:46:58,718 - INFO - Evaluating model...
2025-05-10 05:53:05,518 - INFO - Saved validation outputs to /s/ls4/users/selibrin/spiking_researches/correlation_encoding_and_training/mnist/hpo/mozafari_spk_single_input_multi_out/hpo_data/hpo_iteration_data/4339501/estimator_1_neuron_9_validation_outputs.npy
2025-05-10 05:53:05,519 - INFO - Waiting for parameters file: /s/ls4/users/selibrin/spiking_researches/correlation_encoding_and_training/mnist/hpo/mozafari_spk_single_input_multi_out/hpo_data/hpo_iteration_data/4339501/params_1_9.pkl
2025-05-10 05:53:40,562 - INFO - Loaded HPO parameters
2025-05-10 05:53:40,563 - INFO - Preparing datasets...
2025-05-10 05:53:41,696 - INFO - Prepared datasets: 1170 train & 1000 validation samples
2025-05-10 05:53:41,872 - INFO - Initializing model...
2025-05-10 05:53:41,878 - INFO - Fitting model...
2025-05-10 06:01:02,992 - INFO - Saved weights to /s/ls4/users/selibrin/spiking_researches/correlation_encoding_and_training/mnist/hpo/mozafari_spk_single_input_multi_out/hpo_data/hpo_iteration_data/4339501/estimator_1_neuron_9_weights.npy
2025-05-10 06:01:02,992 - INFO - Evaluating model...
2025-05-10 06:06:47,918 - INFO - Saved validation outputs to /s/ls4/users/selibrin/spiking_researches/correlation_encoding_and_training/mnist/hpo/mozafari_spk_single_input_multi_out/hpo_data/hpo_iteration_data/4339501/estimator_1_neuron_9_validation_outputs.npy
2025-05-10 06:06:47,918 - INFO - Waiting for parameters file: /s/ls4/users/selibrin/spiking_researches/correlation_encoding_and_training/mnist/hpo/mozafari_spk_single_input_multi_out/hpo_data/hpo_iteration_data/4339501/params_1_9.pkl
2025-05-10 06:07:47,992 - INFO - Loaded HPO parameters
2025-05-10 06:07:47,992 - INFO - Preparing datasets...
2025-05-10 06:07:49,177 - INFO - Prepared datasets: 1170 train & 1000 validation samples
2025-05-10 06:07:49,419 - INFO - Initializing model...
2025-05-10 06:07:49,426 - INFO - Fitting model...
2025-05-10 06:15:25,019 - INFO - Saved weights to /s/ls4/users/selibrin/spiking_researches/correlation_encoding_and_training/mnist/hpo/mozafari_spk_single_input_multi_out/hpo_data/hpo_iteration_data/4339501/estimator_1_neuron_9_weights.npy
2025-05-10 06:15:25,020 - INFO - Evaluating model...
2025-05-10 06:21:33,095 - INFO - Saved validation outputs to /s/ls4/users/selibrin/spiking_researches/correlation_encoding_and_training/mnist/hpo/mozafari_spk_single_input_multi_out/hpo_data/hpo_iteration_data/4339501/estimator_1_neuron_9_validation_outputs.npy
2025-05-10 06:21:33,096 - INFO - Waiting for parameters file: /s/ls4/users/selibrin/spiking_researches/correlation_encoding_and_training/mnist/hpo/mozafari_spk_single_input_multi_out/hpo_data/hpo_iteration_data/4339501/params_1_9.pkl
2025-05-10 06:21:53,122 - INFO - Loaded HPO parameters
2025-05-10 06:21:53,122 - INFO - Preparing datasets...
2025-05-10 06:21:54,256 - INFO - Prepared datasets: 292 train & 1000 validation samples
2025-05-10 06:21:54,410 - INFO - Initializing model...
2025-05-10 06:21:54,415 - INFO - Fitting model...
2025-05-10 06:23:50,727 - INFO - Saved weights to /s/ls4/users/selibrin/spiking_researches/correlation_encoding_and_training/mnist/hpo/mozafari_spk_single_input_multi_out/hpo_data/hpo_iteration_data/4339501/estimator_1_neuron_9_weights.npy
2025-05-10 06:23:50,728 - INFO - Evaluating model...
2025-05-10 06:30:06,175 - INFO - Saved validation outputs to /s/ls4/users/selibrin/spiking_researches/correlation_encoding_and_training/mnist/hpo/mozafari_spk_single_input_multi_out/hpo_data/hpo_iteration_data/4339501/estimator_1_neuron_9_validation_outputs.npy
2025-05-10 06:30:06,176 - INFO - Waiting for parameters file: /s/ls4/users/selibrin/spiking_researches/correlation_encoding_and_training/mnist/hpo/mozafari_spk_single_input_multi_out/hpo_data/hpo_iteration_data/4339501/params_1_9.pkl
2025-05-10 06:30:31,212 - INFO - Loaded HPO parameters
2025-05-10 06:30:31,212 - INFO - Preparing datasets...
2025-05-10 06:30:32,330 - INFO - Prepared datasets: 1170 train & 1000 validation samples
2025-05-10 06:30:32,480 - INFO - Initializing model...
2025-05-10 06:30:32,485 - INFO - Fitting model...
2025-05-10 06:37:57,236 - INFO - Saved weights to /s/ls4/users/selibrin/spiking_researches/correlation_encoding_and_training/mnist/hpo/mozafari_spk_single_input_multi_out/hpo_data/hpo_iteration_data/4339501/estimator_1_neuron_9_weights.npy
2025-05-10 06:37:57,236 - INFO - Evaluating model...
2025-05-10 06:43:57,277 - INFO - Saved validation outputs to /s/ls4/users/selibrin/spiking_researches/correlation_encoding_and_training/mnist/hpo/mozafari_spk_single_input_multi_out/hpo_data/hpo_iteration_data/4339501/estimator_1_neuron_9_validation_outputs.npy
2025-05-10 06:43:57,277 - INFO - Waiting for parameters file: /s/ls4/users/selibrin/spiking_researches/correlation_encoding_and_training/mnist/hpo/mozafari_spk_single_input_multi_out/hpo_data/hpo_iteration_data/4339501/params_1_9.pkl
2025-05-10 06:44:37,328 - INFO - Loaded HPO parameters
2025-05-10 06:44:37,328 - INFO - Preparing datasets...
2025-05-10 06:44:38,533 - INFO - Prepared datasets: 585 train & 1000 validation samples
2025-05-10 06:44:38,674 - INFO - Initializing model...
2025-05-10 06:44:38,680 - INFO - Fitting model...
2025-05-10 06:48:26,859 - INFO - Saved weights to /s/ls4/users/selibrin/spiking_researches/correlation_encoding_and_training/mnist/hpo/mozafari_spk_single_input_multi_out/hpo_data/hpo_iteration_data/4339501/estimator_1_neuron_9_weights.npy
2025-05-10 06:48:26,860 - INFO - Evaluating model...
2025-05-10 06:54:35,732 - INFO - Saved validation outputs to /s/ls4/users/selibrin/spiking_researches/correlation_encoding_and_training/mnist/hpo/mozafari_spk_single_input_multi_out/hpo_data/hpo_iteration_data/4339501/estimator_1_neuron_9_validation_outputs.npy
2025-05-10 06:54:35,732 - INFO - Waiting for parameters file: /s/ls4/users/selibrin/spiking_researches/correlation_encoding_and_training/mnist/hpo/mozafari_spk_single_input_multi_out/hpo_data/hpo_iteration_data/4339501/params_1_9.pkl
2025-05-10 06:55:10,777 - INFO - Loaded HPO parameters
2025-05-10 06:55:10,777 - INFO - Preparing datasets...
2025-05-10 06:55:11,848 - INFO - Prepared datasets: 1170 train & 1000 validation samples
2025-05-10 06:55:12,009 - INFO - Initializing model...
2025-05-10 06:55:12,016 - INFO - Fitting model...
2025-05-10 07:02:09,544 - INFO - Saved weights to /s/ls4/users/selibrin/spiking_researches/correlation_encoding_and_training/mnist/hpo/mozafari_spk_single_input_multi_out/hpo_data/hpo_iteration_data/4339501/estimator_1_neuron_9_weights.npy
2025-05-10 07:02:09,545 - INFO - Evaluating model...
2025-05-10 07:08:19,868 - INFO - Saved validation outputs to /s/ls4/users/selibrin/spiking_researches/correlation_encoding_and_training/mnist/hpo/mozafari_spk_single_input_multi_out/hpo_data/hpo_iteration_data/4339501/estimator_1_neuron_9_validation_outputs.npy
2025-05-10 07:08:19,869 - INFO - Waiting for parameters file: /s/ls4/users/selibrin/spiking_researches/correlation_encoding_and_training/mnist/hpo/mozafari_spk_single_input_multi_out/hpo_data/hpo_iteration_data/4339501/params_1_9.pkl
2025-05-10 07:08:49,906 - INFO - Loaded HPO parameters
2025-05-10 07:08:49,906 - INFO - Preparing datasets...
2025-05-10 07:08:50,975 - INFO - Prepared datasets: 1170 train & 1000 validation samples
2025-05-10 07:08:51,117 - INFO - Initializing model...
2025-05-10 07:08:51,122 - INFO - Fitting model...
2025-05-10 07:16:10,933 - INFO - Saved weights to /s/ls4/users/selibrin/spiking_researches/correlation_encoding_and_training/mnist/hpo/mozafari_spk_single_input_multi_out/hpo_data/hpo_iteration_data/4339501/estimator_1_neuron_9_weights.npy
2025-05-10 07:16:10,933 - INFO - Evaluating model...
2025-05-10 07:22:26,817 - INFO - Saved validation outputs to /s/ls4/users/selibrin/spiking_researches/correlation_encoding_and_training/mnist/hpo/mozafari_spk_single_input_multi_out/hpo_data/hpo_iteration_data/4339501/estimator_1_neuron_9_validation_outputs.npy
2025-05-10 07:22:26,818 - INFO - Waiting for parameters file: /s/ls4/users/selibrin/spiking_researches/correlation_encoding_and_training/mnist/hpo/mozafari_spk_single_input_multi_out/hpo_data/hpo_iteration_data/4339501/params_1_9.pkl
2025-05-10 07:22:56,856 - INFO - Loaded HPO parameters
2025-05-10 07:22:56,856 - INFO - Preparing datasets...
2025-05-10 07:22:58,004 - INFO - Prepared datasets: 585 train & 1000 validation samples
2025-05-10 07:22:58,185 - INFO - Initializing model...
2025-05-10 07:22:58,192 - INFO - Fitting model...
2025-05-10 07:26:41,207 - INFO - Saved weights to /s/ls4/users/selibrin/spiking_researches/correlation_encoding_and_training/mnist/hpo/mozafari_spk_single_input_multi_out/hpo_data/hpo_iteration_data/4339501/estimator_1_neuron_9_weights.npy
2025-05-10 07:26:41,207 - INFO - Evaluating model...
2025-05-10 07:32:33,452 - INFO - Saved validation outputs to /s/ls4/users/selibrin/spiking_researches/correlation_encoding_and_training/mnist/hpo/mozafari_spk_single_input_multi_out/hpo_data/hpo_iteration_data/4339501/estimator_1_neuron_9_validation_outputs.npy
2025-05-10 07:32:33,453 - INFO - Waiting for parameters file: /s/ls4/users/selibrin/spiking_researches/correlation_encoding_and_training/mnist/hpo/mozafari_spk_single_input_multi_out/hpo_data/hpo_iteration_data/4339501/params_1_9.pkl
2025-05-10 07:33:03,490 - INFO - Loaded HPO parameters
2025-05-10 07:33:03,490 - INFO - Preparing datasets...
2025-05-10 07:33:04,594 - INFO - Prepared datasets: 292 train & 1000 validation samples
2025-05-10 07:33:04,739 - INFO - Initializing model...
2025-05-10 07:33:04,745 - INFO - Fitting model...
2025-05-10 07:35:00,486 - INFO - Saved weights to /s/ls4/users/selibrin/spiking_researches/correlation_encoding_and_training/mnist/hpo/mozafari_spk_single_input_multi_out/hpo_data/hpo_iteration_data/4339501/estimator_1_neuron_9_weights.npy
2025-05-10 07:35:00,486 - INFO - Evaluating model...
2025-05-10 07:41:12,840 - INFO - Saved validation outputs to /s/ls4/users/selibrin/spiking_researches/correlation_encoding_and_training/mnist/hpo/mozafari_spk_single_input_multi_out/hpo_data/hpo_iteration_data/4339501/estimator_1_neuron_9_validation_outputs.npy
2025-05-10 07:41:12,840 - INFO - Waiting for parameters file: /s/ls4/users/selibrin/spiking_researches/correlation_encoding_and_training/mnist/hpo/mozafari_spk_single_input_multi_out/hpo_data/hpo_iteration_data/4339501/params_1_9.pkl
2025-05-10 07:41:37,875 - INFO - Loaded HPO parameters
2025-05-10 07:41:37,876 - INFO - Preparing datasets...
2025-05-10 07:41:39,024 - INFO - Prepared datasets: 1170 train & 1000 validation samples
2025-05-10 07:41:39,212 - INFO - Initializing model...
2025-05-10 07:41:39,219 - INFO - Fitting model...
2025-05-10 07:49:02,183 - INFO - Saved weights to /s/ls4/users/selibrin/spiking_researches/correlation_encoding_and_training/mnist/hpo/mozafari_spk_single_input_multi_out/hpo_data/hpo_iteration_data/4339501/estimator_1_neuron_9_weights.npy
2025-05-10 07:49:02,184 - INFO - Evaluating model...
2025-05-10 07:55:09,925 - INFO - Saved validation outputs to /s/ls4/users/selibrin/spiking_researches/correlation_encoding_and_training/mnist/hpo/mozafari_spk_single_input_multi_out/hpo_data/hpo_iteration_data/4339501/estimator_1_neuron_9_validation_outputs.npy
2025-05-10 07:55:09,925 - INFO - Waiting for parameters file: /s/ls4/users/selibrin/spiking_researches/correlation_encoding_and_training/mnist/hpo/mozafari_spk_single_input_multi_out/hpo_data/hpo_iteration_data/4339501/params_1_9.pkl
2025-05-10 07:55:44,969 - INFO - Loaded HPO parameters
2025-05-10 07:55:44,969 - INFO - Preparing datasets...
2025-05-10 07:55:46,054 - INFO - Prepared datasets: 1170 train & 1000 validation samples
2025-05-10 07:55:46,288 - INFO - Initializing model...
2025-05-10 07:55:46,296 - INFO - Fitting model...
2025-05-10 08:03:15,371 - INFO - Saved weights to /s/ls4/users/selibrin/spiking_researches/correlation_encoding_and_training/mnist/hpo/mozafari_spk_single_input_multi_out/hpo_data/hpo_iteration_data/4339501/estimator_1_neuron_9_weights.npy
2025-05-10 08:03:15,371 - INFO - Evaluating model...
2025-05-10 08:09:18,471 - INFO - Saved validation outputs to /s/ls4/users/selibrin/spiking_researches/correlation_encoding_and_training/mnist/hpo/mozafari_spk_single_input_multi_out/hpo_data/hpo_iteration_data/4339501/estimator_1_neuron_9_validation_outputs.npy
2025-05-10 08:09:18,471 - INFO - Waiting for parameters file: /s/ls4/users/selibrin/spiking_researches/correlation_encoding_and_training/mnist/hpo/mozafari_spk_single_input_multi_out/hpo_data/hpo_iteration_data/4339501/params_1_9.pkl
2025-05-10 08:09:53,517 - INFO - Loaded HPO parameters
2025-05-10 08:09:53,518 - INFO - Preparing datasets...
2025-05-10 08:09:54,567 - INFO - Prepared datasets: 1170 train & 1000 validation samples
2025-05-10 08:09:54,706 - INFO - Initializing model...
2025-05-10 08:09:54,713 - INFO - Fitting model...
2025-05-10 08:17:10,874 - INFO - Saved weights to /s/ls4/users/selibrin/spiking_researches/correlation_encoding_and_training/mnist/hpo/mozafari_spk_single_input_multi_out/hpo_data/hpo_iteration_data/4339501/estimator_1_neuron_9_weights.npy
2025-05-10 08:17:10,875 - INFO - Evaluating model...
2025-05-10 08:23:14,506 - INFO - Saved validation outputs to /s/ls4/users/selibrin/spiking_researches/correlation_encoding_and_training/mnist/hpo/mozafari_spk_single_input_multi_out/hpo_data/hpo_iteration_data/4339501/estimator_1_neuron_9_validation_outputs.npy
2025-05-10 08:23:14,507 - INFO - Waiting for parameters file: /s/ls4/users/selibrin/spiking_researches/correlation_encoding_and_training/mnist/hpo/mozafari_spk_single_input_multi_out/hpo_data/hpo_iteration_data/4339501/params_1_9.pkl
2025-05-10 08:23:59,563 - INFO - Loaded HPO parameters
2025-05-10 08:23:59,563 - INFO - Preparing datasets...
2025-05-10 08:24:00,574 - INFO - Prepared datasets: 292 train & 1000 validation samples
2025-05-10 08:24:00,722 - INFO - Initializing model...
2025-05-10 08:24:00,728 - INFO - Fitting model...
2025-05-10 08:25:53,959 - INFO - Saved weights to /s/ls4/users/selibrin/spiking_researches/correlation_encoding_and_training/mnist/hpo/mozafari_spk_single_input_multi_out/hpo_data/hpo_iteration_data/4339501/estimator_1_neuron_9_weights.npy
2025-05-10 08:25:53,960 - INFO - Evaluating model...
2025-05-10 08:32:15,389 - INFO - Saved validation outputs to /s/ls4/users/selibrin/spiking_researches/correlation_encoding_and_training/mnist/hpo/mozafari_spk_single_input_multi_out/hpo_data/hpo_iteration_data/4339501/estimator_1_neuron_9_validation_outputs.npy
2025-05-10 08:32:15,389 - INFO - Waiting for parameters file: /s/ls4/users/selibrin/spiking_researches/correlation_encoding_and_training/mnist/hpo/mozafari_spk_single_input_multi_out/hpo_data/hpo_iteration_data/4339501/params_1_9.pkl
2025-05-10 08:32:35,418 - INFO - Loaded HPO parameters
2025-05-10 08:32:35,418 - INFO - Preparing datasets...
2025-05-10 08:32:36,559 - INFO - Prepared datasets: 292 train & 1000 validation samples
2025-05-10 08:32:36,704 - INFO - Initializing model...
2025-05-10 08:32:36,710 - INFO - Fitting model...
2025-05-10 08:34:42,658 - INFO - Saved weights to /s/ls4/users/selibrin/spiking_researches/correlation_encoding_and_training/mnist/hpo/mozafari_spk_single_input_multi_out/hpo_data/hpo_iteration_data/4339501/estimator_1_neuron_9_weights.npy
2025-05-10 08:34:42,658 - INFO - Evaluating model...
2025-05-10 08:40:51,567 - INFO - Saved validation outputs to /s/ls4/users/selibrin/spiking_researches/correlation_encoding_and_training/mnist/hpo/mozafari_spk_single_input_multi_out/hpo_data/hpo_iteration_data/4339501/estimator_1_neuron_9_validation_outputs.npy
2025-05-10 08:40:51,568 - INFO - Waiting for parameters file: /s/ls4/users/selibrin/spiking_researches/correlation_encoding_and_training/mnist/hpo/mozafari_spk_single_input_multi_out/hpo_data/hpo_iteration_data/4339501/params_1_9.pkl
2025-05-10 08:41:41,626 - INFO - Loaded HPO parameters
2025-05-10 08:41:41,627 - INFO - Preparing datasets...
2025-05-10 08:41:42,686 - INFO - Prepared datasets: 292 train & 1000 validation samples
2025-05-10 08:41:42,839 - INFO - Initializing model...
2025-05-10 08:41:42,844 - INFO - Fitting model...
2025-05-10 08:43:35,566 - INFO - Saved weights to /s/ls4/users/selibrin/spiking_researches/correlation_encoding_and_training/mnist/hpo/mozafari_spk_single_input_multi_out/hpo_data/hpo_iteration_data/4339501/estimator_1_neuron_9_weights.npy
2025-05-10 08:43:35,566 - INFO - Evaluating model...
2025-05-10 08:49:32,435 - INFO - Saved validation outputs to /s/ls4/users/selibrin/spiking_researches/correlation_encoding_and_training/mnist/hpo/mozafari_spk_single_input_multi_out/hpo_data/hpo_iteration_data/4339501/estimator_1_neuron_9_validation_outputs.npy
2025-05-10 08:49:32,435 - INFO - Waiting for parameters file: /s/ls4/users/selibrin/spiking_researches/correlation_encoding_and_training/mnist/hpo/mozafari_spk_single_input_multi_out/hpo_data/hpo_iteration_data/4339501/params_1_9.pkl
2025-05-10 08:49:47,460 - INFO - Loaded HPO parameters
2025-05-10 08:49:47,461 - INFO - Preparing datasets...
2025-05-10 08:49:48,522 - INFO - Prepared datasets: 1170 train & 1000 validation samples
2025-05-10 08:49:48,703 - INFO - Initializing model...
2025-05-10 08:49:48,709 - INFO - Fitting model...
2025-05-10 08:57:21,973 - INFO - Saved weights to /s/ls4/users/selibrin/spiking_researches/correlation_encoding_and_training/mnist/hpo/mozafari_spk_single_input_multi_out/hpo_data/hpo_iteration_data/4339501/estimator_1_neuron_9_weights.npy
2025-05-10 08:57:21,974 - INFO - Evaluating model...
2025-05-10 09:03:32,766 - INFO - Saved validation outputs to /s/ls4/users/selibrin/spiking_researches/correlation_encoding_and_training/mnist/hpo/mozafari_spk_single_input_multi_out/hpo_data/hpo_iteration_data/4339501/estimator_1_neuron_9_validation_outputs.npy
2025-05-10 09:03:32,766 - INFO - Waiting for parameters file: /s/ls4/users/selibrin/spiking_researches/correlation_encoding_and_training/mnist/hpo/mozafari_spk_single_input_multi_out/hpo_data/hpo_iteration_data/4339501/params_1_9.pkl
2025-05-10 09:04:22,830 - INFO - Loaded HPO parameters
2025-05-10 09:04:22,830 - INFO - Preparing datasets...
2025-05-10 09:04:23,841 - INFO - Prepared datasets: 585 train & 1000 validation samples
2025-05-10 09:04:24,002 - INFO - Initializing model...
2025-05-10 09:04:24,008 - INFO - Fitting model...
2025-05-10 09:08:16,956 - INFO - Saved weights to /s/ls4/users/selibrin/spiking_researches/correlation_encoding_and_training/mnist/hpo/mozafari_spk_single_input_multi_out/hpo_data/hpo_iteration_data/4339501/estimator_1_neuron_9_weights.npy
2025-05-10 09:08:16,957 - INFO - Evaluating model...
2025-05-10 09:14:23,549 - INFO - Saved validation outputs to /s/ls4/users/selibrin/spiking_researches/correlation_encoding_and_training/mnist/hpo/mozafari_spk_single_input_multi_out/hpo_data/hpo_iteration_data/4339501/estimator_1_neuron_9_validation_outputs.npy
2025-05-10 09:14:23,549 - INFO - Waiting for parameters file: /s/ls4/users/selibrin/spiking_researches/correlation_encoding_and_training/mnist/hpo/mozafari_spk_single_input_multi_out/hpo_data/hpo_iteration_data/4339501/params_1_9.pkl
2025-05-10 09:14:58,592 - INFO - Loaded HPO parameters
2025-05-10 09:14:58,592 - INFO - Preparing datasets...
2025-05-10 09:14:59,659 - INFO - Prepared datasets: 292 train & 1000 validation samples
2025-05-10 09:14:59,813 - INFO - Initializing model...
2025-05-10 09:14:59,829 - INFO - Fitting model...
2025-05-10 09:17:00,656 - INFO - Saved weights to /s/ls4/users/selibrin/spiking_researches/correlation_encoding_and_training/mnist/hpo/mozafari_spk_single_input_multi_out/hpo_data/hpo_iteration_data/4339501/estimator_1_neuron_9_weights.npy
2025-05-10 09:17:00,656 - INFO - Evaluating model...
2025-05-10 09:23:16,530 - INFO - Saved validation outputs to /s/ls4/users/selibrin/spiking_researches/correlation_encoding_and_training/mnist/hpo/mozafari_spk_single_input_multi_out/hpo_data/hpo_iteration_data/4339501/estimator_1_neuron_9_validation_outputs.npy
2025-05-10 09:23:16,531 - INFO - Waiting for parameters file: /s/ls4/users/selibrin/spiking_researches/correlation_encoding_and_training/mnist/hpo/mozafari_spk_single_input_multi_out/hpo_data/hpo_iteration_data/4339501/params_1_9.pkl
2025-05-10 09:23:36,559 - INFO - Loaded HPO parameters
2025-05-10 09:23:36,559 - INFO - Preparing datasets...
2025-05-10 09:23:37,651 - INFO - Prepared datasets: 292 train & 1000 validation samples
2025-05-10 09:23:37,803 - INFO - Initializing model...
2025-05-10 09:23:37,808 - INFO - Fitting model...
2025-05-10 09:25:35,482 - INFO - Saved weights to /s/ls4/users/selibrin/spiking_researches/correlation_encoding_and_training/mnist/hpo/mozafari_spk_single_input_multi_out/hpo_data/hpo_iteration_data/4339501/estimator_1_neuron_9_weights.npy
2025-05-10 09:25:35,483 - INFO - Evaluating model...
2025-05-10 09:31:46,969 - INFO - Saved validation outputs to /s/ls4/users/selibrin/spiking_researches/correlation_encoding_and_training/mnist/hpo/mozafari_spk_single_input_multi_out/hpo_data/hpo_iteration_data/4339501/estimator_1_neuron_9_validation_outputs.npy
2025-05-10 09:31:46,970 - INFO - Waiting for parameters file: /s/ls4/users/selibrin/spiking_researches/correlation_encoding_and_training/mnist/hpo/mozafari_spk_single_input_multi_out/hpo_data/hpo_iteration_data/4339501/params_1_9.pkl
2025-05-10 09:32:12,007 - INFO - Loaded HPO parameters
2025-05-10 09:32:12,007 - INFO - Preparing datasets...
2025-05-10 09:32:13,069 - INFO - Prepared datasets: 1170 train & 1000 validation samples
2025-05-10 09:32:13,203 - INFO - Initializing model...
2025-05-10 09:32:13,208 - INFO - Fitting model...
2025-05-10 09:39:39,324 - INFO - Saved weights to /s/ls4/users/selibrin/spiking_researches/correlation_encoding_and_training/mnist/hpo/mozafari_spk_single_input_multi_out/hpo_data/hpo_iteration_data/4339501/estimator_1_neuron_9_weights.npy
2025-05-10 09:39:39,325 - INFO - Evaluating model...
2025-05-10 09:45:54,210 - INFO - Saved validation outputs to /s/ls4/users/selibrin/spiking_researches/correlation_encoding_and_training/mnist/hpo/mozafari_spk_single_input_multi_out/hpo_data/hpo_iteration_data/4339501/estimator_1_neuron_9_validation_outputs.npy
2025-05-10 09:45:54,210 - INFO - Waiting for parameters file: /s/ls4/users/selibrin/spiking_researches/correlation_encoding_and_training/mnist/hpo/mozafari_spk_single_input_multi_out/hpo_data/hpo_iteration_data/4339501/params_1_9.pkl
2025-05-10 09:47:19,330 - INFO - Loaded HPO parameters
2025-05-10 09:47:19,330 - INFO - Preparing datasets...
2025-05-10 09:47:20,433 - INFO - Prepared datasets: 585 train & 1000 validation samples
2025-05-10 09:47:20,602 - INFO - Initializing model...
2025-05-10 09:47:20,607 - INFO - Fitting model...
2025-05-10 09:51:23,003 - INFO - Saved weights to /s/ls4/users/selibrin/spiking_researches/correlation_encoding_and_training/mnist/hpo/mozafari_spk_single_input_multi_out/hpo_data/hpo_iteration_data/4339501/estimator_1_neuron_9_weights.npy
2025-05-10 09:51:23,003 - INFO - Evaluating model...
2025-05-10 09:57:22,750 - INFO - Saved validation outputs to /s/ls4/users/selibrin/spiking_researches/correlation_encoding_and_training/mnist/hpo/mozafari_spk_single_input_multi_out/hpo_data/hpo_iteration_data/4339501/estimator_1_neuron_9_validation_outputs.npy
2025-05-10 09:57:22,751 - INFO - Waiting for parameters file: /s/ls4/users/selibrin/spiking_researches/correlation_encoding_and_training/mnist/hpo/mozafari_spk_single_input_multi_out/hpo_data/hpo_iteration_data/4339501/params_1_9.pkl
2025-05-10 09:58:22,824 - INFO - Loaded HPO parameters
2025-05-10 09:58:22,825 - INFO - Preparing datasets...
2025-05-10 09:58:23,871 - INFO - Prepared datasets: 1170 train & 1000 validation samples
2025-05-10 09:58:24,009 - INFO - Initializing model...
2025-05-10 09:58:24,016 - INFO - Fitting model...
2025-05-10 10:05:50,374 - INFO - Saved weights to /s/ls4/users/selibrin/spiking_researches/correlation_encoding_and_training/mnist/hpo/mozafari_spk_single_input_multi_out/hpo_data/hpo_iteration_data/4339501/estimator_1_neuron_9_weights.npy
2025-05-10 10:05:50,375 - INFO - Evaluating model...
2025-05-10 10:11:57,540 - INFO - Saved validation outputs to /s/ls4/users/selibrin/spiking_researches/correlation_encoding_and_training/mnist/hpo/mozafari_spk_single_input_multi_out/hpo_data/hpo_iteration_data/4339501/estimator_1_neuron_9_validation_outputs.npy
2025-05-10 10:11:57,541 - INFO - Waiting for parameters file: /s/ls4/users/selibrin/spiking_researches/correlation_encoding_and_training/mnist/hpo/mozafari_spk_single_input_multi_out/hpo_data/hpo_iteration_data/4339501/params_1_9.pkl
2025-05-10 10:13:02,620 - INFO - Loaded HPO parameters
2025-05-10 10:13:02,620 - INFO - Preparing datasets...
2025-05-10 10:13:03,716 - INFO - Prepared datasets: 292 train & 1000 validation samples
2025-05-10 10:13:03,915 - INFO - Initializing model...
2025-05-10 10:13:03,922 - INFO - Fitting model...
2025-05-10 10:15:10,077 - INFO - Saved weights to /s/ls4/users/selibrin/spiking_researches/correlation_encoding_and_training/mnist/hpo/mozafari_spk_single_input_multi_out/hpo_data/hpo_iteration_data/4339501/estimator_1_neuron_9_weights.npy
2025-05-10 10:15:10,077 - INFO - Evaluating model...
2025-05-10 10:21:13,426 - INFO - Saved validation outputs to /s/ls4/users/selibrin/spiking_researches/correlation_encoding_and_training/mnist/hpo/mozafari_spk_single_input_multi_out/hpo_data/hpo_iteration_data/4339501/estimator_1_neuron_9_validation_outputs.npy
2025-05-10 10:21:13,426 - INFO - Waiting for parameters file: /s/ls4/users/selibrin/spiking_researches/correlation_encoding_and_training/mnist/hpo/mozafari_spk_single_input_multi_out/hpo_data/hpo_iteration_data/4339501/params_1_9.pkl
2025-05-10 10:21:38,457 - INFO - Loaded HPO parameters
2025-05-10 10:21:38,457 - INFO - Preparing datasets...
2025-05-10 10:21:39,631 - INFO - Prepared datasets: 1170 train & 1000 validation samples
2025-05-10 10:21:39,784 - INFO - Initializing model...
2025-05-10 10:21:39,789 - INFO - Fitting model...
2025-05-10 10:29:10,804 - INFO - Saved weights to /s/ls4/users/selibrin/spiking_researches/correlation_encoding_and_training/mnist/hpo/mozafari_spk_single_input_multi_out/hpo_data/hpo_iteration_data/4339501/estimator_1_neuron_9_weights.npy
2025-05-10 10:29:10,804 - INFO - Evaluating model...
2025-05-10 10:35:17,330 - INFO - Saved validation outputs to /s/ls4/users/selibrin/spiking_researches/correlation_encoding_and_training/mnist/hpo/mozafari_spk_single_input_multi_out/hpo_data/hpo_iteration_data/4339501/estimator_1_neuron_9_validation_outputs.npy
2025-05-10 10:35:17,331 - INFO - Waiting for parameters file: /s/ls4/users/selibrin/spiking_researches/correlation_encoding_and_training/mnist/hpo/mozafari_spk_single_input_multi_out/hpo_data/hpo_iteration_data/4339501/params_1_9.pkl
2025-05-10 10:35:42,366 - INFO - Loaded HPO parameters
2025-05-10 10:35:42,366 - INFO - Preparing datasets...
2025-05-10 10:35:43,434 - INFO - Prepared datasets: 1170 train & 1000 validation samples
2025-05-10 10:35:43,572 - INFO - Initializing model...
2025-05-10 10:35:43,578 - INFO - Fitting model...
2025-05-10 10:43:20,966 - INFO - Saved weights to /s/ls4/users/selibrin/spiking_researches/correlation_encoding_and_training/mnist/hpo/mozafari_spk_single_input_multi_out/hpo_data/hpo_iteration_data/4339501/estimator_1_neuron_9_weights.npy
2025-05-10 10:43:20,967 - INFO - Evaluating model...
2025-05-10 10:49:28,565 - INFO - Saved validation outputs to /s/ls4/users/selibrin/spiking_researches/correlation_encoding_and_training/mnist/hpo/mozafari_spk_single_input_multi_out/hpo_data/hpo_iteration_data/4339501/estimator_1_neuron_9_validation_outputs.npy
2025-05-10 10:49:28,566 - INFO - Waiting for parameters file: /s/ls4/users/selibrin/spiking_researches/correlation_encoding_and_training/mnist/hpo/mozafari_spk_single_input_multi_out/hpo_data/hpo_iteration_data/4339501/params_1_9.pkl
2025-05-10 10:50:18,629 - INFO - Loaded HPO parameters
2025-05-10 10:50:18,629 - INFO - Preparing datasets...
2025-05-10 10:50:19,697 - INFO - Prepared datasets: 292 train & 1000 validation samples
2025-05-10 10:50:19,840 - INFO - Initializing model...
2025-05-10 10:50:19,845 - INFO - Fitting model...
2025-05-10 10:52:15,742 - INFO - Saved weights to /s/ls4/users/selibrin/spiking_researches/correlation_encoding_and_training/mnist/hpo/mozafari_spk_single_input_multi_out/hpo_data/hpo_iteration_data/4339501/estimator_1_neuron_9_weights.npy
2025-05-10 10:52:15,742 - INFO - Evaluating model...
2025-05-10 10:57:54,840 - INFO - Saved validation outputs to /s/ls4/users/selibrin/spiking_researches/correlation_encoding_and_training/mnist/hpo/mozafari_spk_single_input_multi_out/hpo_data/hpo_iteration_data/4339501/estimator_1_neuron_9_validation_outputs.npy
2025-05-10 10:57:54,840 - INFO - Waiting for parameters file: /s/ls4/users/selibrin/spiking_researches/correlation_encoding_and_training/mnist/hpo/mozafari_spk_single_input_multi_out/hpo_data/hpo_iteration_data/4339501/params_1_9.pkl
2025-05-10 10:58:54,912 - INFO - Loaded HPO parameters
2025-05-10 10:58:54,912 - INFO - Preparing datasets...
2025-05-10 10:58:56,002 - INFO - Prepared datasets: 1170 train & 1000 validation samples
2025-05-10 10:58:56,140 - INFO - Initializing model...
2025-05-10 10:58:56,144 - INFO - Fitting model...
2025-05-10 11:05:31,359 - INFO - Saved weights to /s/ls4/users/selibrin/spiking_researches/correlation_encoding_and_training/mnist/hpo/mozafari_spk_single_input_multi_out/hpo_data/hpo_iteration_data/4339501/estimator_1_neuron_9_weights.npy
2025-05-10 11:05:31,359 - INFO - Evaluating model...
2025-05-10 11:11:08,451 - INFO - Saved validation outputs to /s/ls4/users/selibrin/spiking_researches/correlation_encoding_and_training/mnist/hpo/mozafari_spk_single_input_multi_out/hpo_data/hpo_iteration_data/4339501/estimator_1_neuron_9_validation_outputs.npy
2025-05-10 11:11:08,452 - INFO - Waiting for parameters file: /s/ls4/users/selibrin/spiking_researches/correlation_encoding_and_training/mnist/hpo/mozafari_spk_single_input_multi_out/hpo_data/hpo_iteration_data/4339501/params_1_9.pkl
2025-05-10 11:13:33,616 - INFO - Loaded HPO parameters
2025-05-10 11:13:33,616 - INFO - Preparing datasets...
2025-05-10 11:13:34,787 - INFO - Prepared datasets: 1170 train & 1000 validation samples
2025-05-10 11:13:34,933 - INFO - Initializing model...
2025-05-10 11:13:34,938 - INFO - Fitting model...
2025-05-10 11:20:40,496 - INFO - Saved weights to /s/ls4/users/selibrin/spiking_researches/correlation_encoding_and_training/mnist/hpo/mozafari_spk_single_input_multi_out/hpo_data/hpo_iteration_data/4339501/estimator_1_neuron_9_weights.npy
2025-05-10 11:20:40,496 - INFO - Evaluating model...
2025-05-10 11:26:11,860 - INFO - Saved validation outputs to /s/ls4/users/selibrin/spiking_researches/correlation_encoding_and_training/mnist/hpo/mozafari_spk_single_input_multi_out/hpo_data/hpo_iteration_data/4339501/estimator_1_neuron_9_validation_outputs.npy
2025-05-10 11:26:11,860 - INFO - Waiting for parameters file: /s/ls4/users/selibrin/spiking_researches/correlation_encoding_and_training/mnist/hpo/mozafari_spk_single_input_multi_out/hpo_data/hpo_iteration_data/4339501/params_1_9.pkl
2025-05-10 11:28:37,026 - INFO - Loaded HPO parameters
2025-05-10 11:28:37,026 - INFO - Preparing datasets...
2025-05-10 11:28:38,192 - INFO - Prepared datasets: 585 train & 1000 validation samples
2025-05-10 11:28:38,347 - INFO - Initializing model...
2025-05-10 11:28:38,353 - INFO - Fitting model...
2025-05-10 11:32:17,862 - INFO - Saved weights to /s/ls4/users/selibrin/spiking_researches/correlation_encoding_and_training/mnist/hpo/mozafari_spk_single_input_multi_out/hpo_data/hpo_iteration_data/4339501/estimator_1_neuron_9_weights.npy
2025-05-10 11:32:17,863 - INFO - Evaluating model...
2025-05-10 11:37:59,756 - INFO - Saved validation outputs to /s/ls4/users/selibrin/spiking_researches/correlation_encoding_and_training/mnist/hpo/mozafari_spk_single_input_multi_out/hpo_data/hpo_iteration_data/4339501/estimator_1_neuron_9_validation_outputs.npy
2025-05-10 11:37:59,757 - INFO - Waiting for parameters file: /s/ls4/users/selibrin/spiking_researches/correlation_encoding_and_training/mnist/hpo/mozafari_spk_single_input_multi_out/hpo_data/hpo_iteration_data/4339501/params_1_9.pkl
2025-05-10 11:39:09,836 - INFO - Loaded HPO parameters
2025-05-10 11:39:09,836 - INFO - Preparing datasets...
2025-05-10 11:39:10,958 - INFO - Prepared datasets: 292 train & 1000 validation samples
2025-05-10 11:39:11,123 - INFO - Initializing model...
2025-05-10 11:39:11,134 - INFO - Fitting model...
2025-05-10 11:41:00,948 - INFO - Saved weights to /s/ls4/users/selibrin/spiking_researches/correlation_encoding_and_training/mnist/hpo/mozafari_spk_single_input_multi_out/hpo_data/hpo_iteration_data/4339501/estimator_1_neuron_9_weights.npy
2025-05-10 11:41:00,949 - INFO - Evaluating model...
2025-05-10 11:46:56,569 - INFO - Saved validation outputs to /s/ls4/users/selibrin/spiking_researches/correlation_encoding_and_training/mnist/hpo/mozafari_spk_single_input_multi_out/hpo_data/hpo_iteration_data/4339501/estimator_1_neuron_9_validation_outputs.npy
2025-05-10 11:46:56,570 - INFO - Waiting for parameters file: /s/ls4/users/selibrin/spiking_researches/correlation_encoding_and_training/mnist/hpo/mozafari_spk_single_input_multi_out/hpo_data/hpo_iteration_data/4339501/params_1_9.pkl
2025-05-10 11:48:16,673 - INFO - Loaded HPO parameters
2025-05-10 11:48:16,674 - INFO - Preparing datasets...
2025-05-10 11:48:17,838 - INFO - Prepared datasets: 292 train & 1000 validation samples
2025-05-10 11:48:18,012 - INFO - Initializing model...
2025-05-10 11:48:18,017 - INFO - Fitting model...
2025-05-10 11:50:15,416 - INFO - Saved weights to /s/ls4/users/selibrin/spiking_researches/correlation_encoding_and_training/mnist/hpo/mozafari_spk_single_input_multi_out/hpo_data/hpo_iteration_data/4339501/estimator_1_neuron_9_weights.npy
2025-05-10 11:50:15,416 - INFO - Evaluating model...
2025-05-10 11:55:49,178 - INFO - Saved validation outputs to /s/ls4/users/selibrin/spiking_researches/correlation_encoding_and_training/mnist/hpo/mozafari_spk_single_input_multi_out/hpo_data/hpo_iteration_data/4339501/estimator_1_neuron_9_validation_outputs.npy
2025-05-10 11:55:49,179 - INFO - Waiting for parameters file: /s/ls4/users/selibrin/spiking_researches/correlation_encoding_and_training/mnist/hpo/mozafari_spk_single_input_multi_out/hpo_data/hpo_iteration_data/4339501/params_1_9.pkl
2025-05-10 11:56:49,268 - INFO - Loaded HPO parameters
2025-05-10 11:56:49,268 - INFO - Preparing datasets...
2025-05-10 11:56:50,432 - INFO - Prepared datasets: 1170 train & 1000 validation samples
2025-05-10 11:56:50,614 - INFO - Initializing model...
2025-05-10 11:56:50,619 - INFO - Fitting model...
2025-05-10 12:03:43,826 - INFO - Saved weights to /s/ls4/users/selibrin/spiking_researches/correlation_encoding_and_training/mnist/hpo/mozafari_spk_single_input_multi_out/hpo_data/hpo_iteration_data/4339501/estimator_1_neuron_9_weights.npy
2025-05-10 12:03:43,827 - INFO - Evaluating model...
2025-05-10 12:09:21,958 - INFO - Saved validation outputs to /s/ls4/users/selibrin/spiking_researches/correlation_encoding_and_training/mnist/hpo/mozafari_spk_single_input_multi_out/hpo_data/hpo_iteration_data/4339501/estimator_1_neuron_9_validation_outputs.npy
2025-05-10 12:09:21,959 - INFO - Waiting for parameters file: /s/ls4/users/selibrin/spiking_researches/correlation_encoding_and_training/mnist/hpo/mozafari_spk_single_input_multi_out/hpo_data/hpo_iteration_data/4339501/params_1_9.pkl
2025-05-10 12:11:52,126 - INFO - Loaded HPO parameters
2025-05-10 12:11:52,126 - INFO - Preparing datasets...
2025-05-10 12:11:53,291 - INFO - Prepared datasets: 1170 train & 1000 validation samples
2025-05-10 12:11:53,453 - INFO - Initializing model...
2025-05-10 12:11:53,458 - INFO - Fitting model...
2025-05-10 12:18:32,168 - INFO - Saved weights to /s/ls4/users/selibrin/spiking_researches/correlation_encoding_and_training/mnist/hpo/mozafari_spk_single_input_multi_out/hpo_data/hpo_iteration_data/4339501/estimator_1_neuron_9_weights.npy
2025-05-10 12:18:32,169 - INFO - Evaluating model...
2025-05-10 12:24:11,636 - INFO - Saved validation outputs to /s/ls4/users/selibrin/spiking_researches/correlation_encoding_and_training/mnist/hpo/mozafari_spk_single_input_multi_out/hpo_data/hpo_iteration_data/4339501/estimator_1_neuron_9_validation_outputs.npy
2025-05-10 12:24:11,636 - INFO - Waiting for parameters file: /s/ls4/users/selibrin/spiking_researches/correlation_encoding_and_training/mnist/hpo/mozafari_spk_single_input_multi_out/hpo_data/hpo_iteration_data/4339501/params_1_9.pkl
2025-05-10 12:26:26,789 - INFO - Loaded HPO parameters
2025-05-10 12:26:26,789 - INFO - Preparing datasets...
2025-05-10 12:26:30,372 - INFO - Prepared datasets: 585 train & 1000 validation samples
2025-05-10 12:26:30,571 - INFO - Initializing model...
2025-05-10 12:26:30,577 - INFO - Fitting model...
2025-05-10 12:30:05,233 - INFO - Saved weights to /s/ls4/users/selibrin/spiking_researches/correlation_encoding_and_training/mnist/hpo/mozafari_spk_single_input_multi_out/hpo_data/hpo_iteration_data/4339501/estimator_1_neuron_9_weights.npy
2025-05-10 12:30:05,234 - INFO - Evaluating model...
2025-05-10 12:35:51,467 - INFO - Saved validation outputs to /s/ls4/users/selibrin/spiking_researches/correlation_encoding_and_training/mnist/hpo/mozafari_spk_single_input_multi_out/hpo_data/hpo_iteration_data/4339501/estimator_1_neuron_9_validation_outputs.npy
2025-05-10 12:35:51,468 - INFO - Waiting for parameters file: /s/ls4/users/selibrin/spiking_researches/correlation_encoding_and_training/mnist/hpo/mozafari_spk_single_input_multi_out/hpo_data/hpo_iteration_data/4339501/params_1_9.pkl
2025-05-10 12:37:31,582 - INFO - Loaded HPO parameters
2025-05-10 12:37:31,582 - INFO - Preparing datasets...
2025-05-10 12:37:32,721 - INFO - Prepared datasets: 292 train & 1000 validation samples
2025-05-10 12:37:32,853 - INFO - Initializing model...
2025-05-10 12:37:32,859 - INFO - Fitting model...
2025-05-10 12:39:30,954 - INFO - Saved weights to /s/ls4/users/selibrin/spiking_researches/correlation_encoding_and_training/mnist/hpo/mozafari_spk_single_input_multi_out/hpo_data/hpo_iteration_data/4339501/estimator_1_neuron_9_weights.npy
2025-05-10 12:39:30,954 - INFO - Evaluating model...
2025-05-10 12:45:29,856 - INFO - Saved validation outputs to /s/ls4/users/selibrin/spiking_researches/correlation_encoding_and_training/mnist/hpo/mozafari_spk_single_input_multi_out/hpo_data/hpo_iteration_data/4339501/estimator_1_neuron_9_validation_outputs.npy
2025-05-10 12:45:29,856 - INFO - Waiting for parameters file: /s/ls4/users/selibrin/spiking_researches/correlation_encoding_and_training/mnist/hpo/mozafari_spk_single_input_multi_out/hpo_data/hpo_iteration_data/4339501/params_1_9.pkl
2025-05-10 12:46:34,934 - INFO - Loaded HPO parameters
2025-05-10 12:46:34,934 - INFO - Preparing datasets...
2025-05-10 12:46:36,112 - INFO - Prepared datasets: 1170 train & 1000 validation samples
2025-05-10 12:46:36,239 - INFO - Initializing model...
2025-05-10 12:46:36,246 - INFO - Fitting model...
2025-05-10 12:53:48,867 - INFO - Saved weights to /s/ls4/users/selibrin/spiking_researches/correlation_encoding_and_training/mnist/hpo/mozafari_spk_single_input_multi_out/hpo_data/hpo_iteration_data/4339501/estimator_1_neuron_9_weights.npy
2025-05-10 12:53:48,868 - INFO - Evaluating model...
2025-05-10 12:59:38,017 - INFO - Saved validation outputs to /s/ls4/users/selibrin/spiking_researches/correlation_encoding_and_training/mnist/hpo/mozafari_spk_single_input_multi_out/hpo_data/hpo_iteration_data/4339501/estimator_1_neuron_9_validation_outputs.npy
2025-05-10 12:59:38,018 - INFO - Waiting for parameters file: /s/ls4/users/selibrin/spiking_researches/correlation_encoding_and_training/mnist/hpo/mozafari_spk_single_input_multi_out/hpo_data/hpo_iteration_data/4339501/params_1_9.pkl
2025-05-10 13:01:38,167 - INFO - Loaded HPO parameters
2025-05-10 13:01:38,167 - INFO - Preparing datasets...
2025-05-10 13:01:39,297 - INFO - Prepared datasets: 1170 train & 1000 validation samples
2025-05-10 13:01:39,443 - INFO - Initializing model...
2025-05-10 13:01:39,449 - INFO - Fitting model...
2025-05-10 13:08:43,112 - INFO - Saved weights to /s/ls4/users/selibrin/spiking_researches/correlation_encoding_and_training/mnist/hpo/mozafari_spk_single_input_multi_out/hpo_data/hpo_iteration_data/4339501/estimator_1_neuron_9_weights.npy
2025-05-10 13:08:43,112 - INFO - Evaluating model...
2025-05-10 13:14:25,049 - INFO - Saved validation outputs to /s/ls4/users/selibrin/spiking_researches/correlation_encoding_and_training/mnist/hpo/mozafari_spk_single_input_multi_out/hpo_data/hpo_iteration_data/4339501/estimator_1_neuron_9_validation_outputs.npy
2025-05-10 13:14:25,049 - INFO - Waiting for parameters file: /s/ls4/users/selibrin/spiking_researches/correlation_encoding_and_training/mnist/hpo/mozafari_spk_single_input_multi_out/hpo_data/hpo_iteration_data/4339501/params_1_9.pkl
2025-05-10 13:16:15,173 - INFO - Loaded HPO parameters
2025-05-10 13:16:15,173 - INFO - Preparing datasets...
2025-05-10 13:16:16,346 - INFO - Prepared datasets: 1170 train & 1000 validation samples
2025-05-10 13:16:16,521 - INFO - Initializing model...
2025-05-10 13:16:16,526 - INFO - Fitting model...
2025-05-10 13:23:30,486 - INFO - Saved weights to /s/ls4/users/selibrin/spiking_researches/correlation_encoding_and_training/mnist/hpo/mozafari_spk_single_input_multi_out/hpo_data/hpo_iteration_data/4339501/estimator_1_neuron_9_weights.npy
2025-05-10 13:23:30,487 - INFO - Evaluating model...
2025-05-10 13:29:15,141 - INFO - Saved validation outputs to /s/ls4/users/selibrin/spiking_researches/correlation_encoding_and_training/mnist/hpo/mozafari_spk_single_input_multi_out/hpo_data/hpo_iteration_data/4339501/estimator_1_neuron_9_validation_outputs.npy
2025-05-10 13:29:15,142 - INFO - Waiting for parameters file: /s/ls4/users/selibrin/spiking_researches/correlation_encoding_and_training/mnist/hpo/mozafari_spk_single_input_multi_out/hpo_data/hpo_iteration_data/4339501/params_1_9.pkl
2025-05-10 13:31:15,300 - INFO - Loaded HPO parameters
2025-05-10 13:31:15,300 - INFO - Preparing datasets...
2025-05-10 13:31:16,433 - INFO - Prepared datasets: 1170 train & 1000 validation samples
2025-05-10 13:31:16,579 - INFO - Initializing model...
2025-05-10 13:31:16,584 - INFO - Fitting model...
2025-05-10 13:38:30,509 - INFO - Saved weights to /s/ls4/users/selibrin/spiking_researches/correlation_encoding_and_training/mnist/hpo/mozafari_spk_single_input_multi_out/hpo_data/hpo_iteration_data/4339501/estimator_1_neuron_9_weights.npy
2025-05-10 13:38:30,510 - INFO - Evaluating model...
2025-05-10 13:44:22,154 - INFO - Saved validation outputs to /s/ls4/users/selibrin/spiking_researches/correlation_encoding_and_training/mnist/hpo/mozafari_spk_single_input_multi_out/hpo_data/hpo_iteration_data/4339501/estimator_1_neuron_9_validation_outputs.npy
2025-05-10 13:44:22,154 - INFO - Waiting for parameters file: /s/ls4/users/selibrin/spiking_researches/correlation_encoding_and_training/mnist/hpo/mozafari_spk_single_input_multi_out/hpo_data/hpo_iteration_data/4339501/params_1_9.pkl
2025-05-10 13:46:22,284 - INFO - Loaded HPO parameters
2025-05-10 13:46:22,284 - INFO - Preparing datasets...
2025-05-10 13:46:23,489 - INFO - Prepared datasets: 1170 train & 1000 validation samples
2025-05-10 13:46:23,658 - INFO - Initializing model...
2025-05-10 13:46:23,663 - INFO - Fitting model...
2025-05-10 13:53:21,551 - INFO - Saved weights to /s/ls4/users/selibrin/spiking_researches/correlation_encoding_and_training/mnist/hpo/mozafari_spk_single_input_multi_out/hpo_data/hpo_iteration_data/4339501/estimator_1_neuron_9_weights.npy
2025-05-10 13:53:21,551 - INFO - Evaluating model...
2025-05-10 13:59:02,277 - INFO - Saved validation outputs to /s/ls4/users/selibrin/spiking_researches/correlation_encoding_and_training/mnist/hpo/mozafari_spk_single_input_multi_out/hpo_data/hpo_iteration_data/4339501/estimator_1_neuron_9_validation_outputs.npy
2025-05-10 13:59:02,278 - INFO - Waiting for parameters file: /s/ls4/users/selibrin/spiking_researches/correlation_encoding_and_training/mnist/hpo/mozafari_spk_single_input_multi_out/hpo_data/hpo_iteration_data/4339501/params_1_9.pkl
2025-05-10 14:01:57,471 - INFO - Loaded HPO parameters
2025-05-10 14:01:57,472 - INFO - Preparing datasets...
2025-05-10 14:01:58,645 - INFO - Prepared datasets: 1170 train & 1000 validation samples
2025-05-10 14:01:58,811 - INFO - Initializing model...
2025-05-10 14:01:58,818 - INFO - Fitting model...
2025-05-10 14:08:51,704 - INFO - Saved weights to /s/ls4/users/selibrin/spiking_researches/correlation_encoding_and_training/mnist/hpo/mozafari_spk_single_input_multi_out/hpo_data/hpo_iteration_data/4339501/estimator_1_neuron_9_weights.npy
2025-05-10 14:08:51,705 - INFO - Evaluating model...
2025-05-10 14:14:29,947 - INFO - Saved validation outputs to /s/ls4/users/selibrin/spiking_researches/correlation_encoding_and_training/mnist/hpo/mozafari_spk_single_input_multi_out/hpo_data/hpo_iteration_data/4339501/estimator_1_neuron_9_validation_outputs.npy
2025-05-10 14:14:29,948 - INFO - Waiting for parameters file: /s/ls4/users/selibrin/spiking_researches/correlation_encoding_and_training/mnist/hpo/mozafari_spk_single_input_multi_out/hpo_data/hpo_iteration_data/4339501/params_1_9.pkl
2025-05-10 14:17:00,109 - INFO - Loaded HPO parameters
2025-05-10 14:17:00,109 - INFO - Preparing datasets...
2025-05-10 14:17:01,236 - INFO - Prepared datasets: 1170 train & 1000 validation samples
2025-05-10 14:17:01,403 - INFO - Initializing model...
2025-05-10 14:17:01,409 - INFO - Fitting model...
2025-05-10 14:23:59,991 - INFO - Saved weights to /s/ls4/users/selibrin/spiking_researches/correlation_encoding_and_training/mnist/hpo/mozafari_spk_single_input_multi_out/hpo_data/hpo_iteration_data/4339501/estimator_1_neuron_9_weights.npy
2025-05-10 14:23:59,992 - INFO - Evaluating model...
2025-05-10 14:30:01,224 - INFO - Saved validation outputs to /s/ls4/users/selibrin/spiking_researches/correlation_encoding_and_training/mnist/hpo/mozafari_spk_single_input_multi_out/hpo_data/hpo_iteration_data/4339501/estimator_1_neuron_9_validation_outputs.npy
2025-05-10 14:30:01,224 - INFO - Waiting for parameters file: /s/ls4/users/selibrin/spiking_researches/correlation_encoding_and_training/mnist/hpo/mozafari_spk_single_input_multi_out/hpo_data/hpo_iteration_data/4339501/params_1_9.pkl
2025-05-10 14:32:01,361 - INFO - Loaded HPO parameters
2025-05-10 14:32:01,361 - INFO - Preparing datasets...
2025-05-10 14:32:02,473 - INFO - Prepared datasets: 1170 train & 1000 validation samples
2025-05-10 14:32:02,659 - INFO - Initializing model...
2025-05-10 14:32:02,665 - INFO - Fitting model...
2025-05-10 14:39:30,427 - INFO - Saved weights to /s/ls4/users/selibrin/spiking_researches/correlation_encoding_and_training/mnist/hpo/mozafari_spk_single_input_multi_out/hpo_data/hpo_iteration_data/4339501/estimator_1_neuron_9_weights.npy
2025-05-10 14:39:30,428 - INFO - Evaluating model...
2025-05-10 14:45:24,758 - INFO - Saved validation outputs to /s/ls4/users/selibrin/spiking_researches/correlation_encoding_and_training/mnist/hpo/mozafari_spk_single_input_multi_out/hpo_data/hpo_iteration_data/4339501/estimator_1_neuron_9_validation_outputs.npy
2025-05-10 14:45:24,758 - INFO - Waiting for parameters file: /s/ls4/users/selibrin/spiking_researches/correlation_encoding_and_training/mnist/hpo/mozafari_spk_single_input_multi_out/hpo_data/hpo_iteration_data/4339501/params_1_9.pkl
2025-05-10 14:47:09,877 - INFO - Loaded HPO parameters
2025-05-10 14:47:09,877 - INFO - Preparing datasets...
2025-05-10 14:47:11,078 - INFO - Prepared datasets: 1170 train & 1000 validation samples
2025-05-10 14:47:11,238 - INFO - Initializing model...
2025-05-10 14:47:11,243 - INFO - Fitting model...
2025-05-10 14:54:06,586 - INFO - Saved weights to /s/ls4/users/selibrin/spiking_researches/correlation_encoding_and_training/mnist/hpo/mozafari_spk_single_input_multi_out/hpo_data/hpo_iteration_data/4339501/estimator_1_neuron_9_weights.npy
2025-05-10 14:54:06,587 - INFO - Evaluating model...
2025-05-10 15:00:26,070 - INFO - Saved validation outputs to /s/ls4/users/selibrin/spiking_researches/correlation_encoding_and_training/mnist/hpo/mozafari_spk_single_input_multi_out/hpo_data/hpo_iteration_data/4339501/estimator_1_neuron_9_validation_outputs.npy
2025-05-10 15:00:26,070 - INFO - Waiting for parameters file: /s/ls4/users/selibrin/spiking_researches/correlation_encoding_and_training/mnist/hpo/mozafari_spk_single_input_multi_out/hpo_data/hpo_iteration_data/4339501/params_1_9.pkl
2025-05-10 15:02:41,234 - INFO - Loaded HPO parameters
2025-05-10 15:02:41,235 - INFO - Preparing datasets...
2025-05-10 15:02:42,478 - INFO - Prepared datasets: 1170 train & 1000 validation samples
2025-05-10 15:02:42,648 - INFO - Initializing model...
2025-05-10 15:02:42,654 - INFO - Fitting model...
2025-05-10 15:08:03,642 - INFO - Saved weights to /s/ls4/users/selibrin/spiking_researches/correlation_encoding_and_training/mnist/hpo/mozafari_spk_single_input_multi_out/hpo_data/hpo_iteration_data/4339501/estimator_1_neuron_9_weights.npy
2025-05-10 15:08:03,643 - INFO - Evaluating model...
2025-05-10 15:11:21,175 - INFO - Saved validation outputs to /s/ls4/users/selibrin/spiking_researches/correlation_encoding_and_training/mnist/hpo/mozafari_spk_single_input_multi_out/hpo_data/hpo_iteration_data/4339501/estimator_1_neuron_9_validation_outputs.npy
2025-05-10 15:11:21,175 - INFO - Waiting for parameters file: /s/ls4/users/selibrin/spiking_researches/correlation_encoding_and_training/mnist/hpo/mozafari_spk_single_input_multi_out/hpo_data/hpo_iteration_data/4339501/params_1_9.pkl
2025-05-10 15:12:16,237 - INFO - Loaded HPO parameters
2025-05-10 15:12:16,237 - INFO - Preparing datasets...
2025-05-10 15:12:16,902 - INFO - Prepared datasets: 1170 train & 1000 validation samples
2025-05-10 15:12:17,011 - INFO - Initializing model...
2025-05-10 15:12:17,015 - INFO - Fitting model...
