2025-05-09 20:23:50,777 - INFO - Initialized Neuron trainer
2025-05-09 20:23:50,779 - INFO - Waiting for parameters file: /s/ls4/users/selibrin/spiking_researches/correlation_encoding_and_training/mnist/hpo/mozafari_spk_single_input_multi_out/hpo_data/hpo_iteration_data/4339501/params_1_7.pkl
2025-05-09 20:23:50,784 - INFO - Loaded HPO parameters
2025-05-09 20:23:50,784 - INFO - Preparing datasets...
2025-05-09 20:23:51,910 - INFO - Prepared datasets: 1231 train & 1000 validation samples
2025-05-09 20:23:51,910 - INFO - Initializing model...
2025-05-09 20:23:51,912 - INFO - Fitting model...
2025-05-09 20:30:38,813 - INFO - Saved weights to /s/ls4/users/selibrin/spiking_researches/correlation_encoding_and_training/mnist/hpo/mozafari_spk_single_input_multi_out/hpo_data/hpo_iteration_data/4339501/estimator_1_neuron_7_weights.npy
2025-05-09 20:30:38,813 - INFO - Evaluating model...
2025-05-09 20:36:19,543 - INFO - Saved validation outputs to /s/ls4/users/selibrin/spiking_researches/correlation_encoding_and_training/mnist/hpo/mozafari_spk_single_input_multi_out/hpo_data/hpo_iteration_data/4339501/estimator_1_neuron_7_validation_outputs.npy
2025-05-09 20:36:19,543 - INFO - Waiting for parameters file: /s/ls4/users/selibrin/spiking_researches/correlation_encoding_and_training/mnist/hpo/mozafari_spk_single_input_multi_out/hpo_data/hpo_iteration_data/4339501/params_1_7.pkl
2025-05-09 20:37:44,643 - INFO - Loaded HPO parameters
2025-05-09 20:37:44,643 - INFO - Preparing datasets...
2025-05-09 20:37:45,331 - INFO - Prepared datasets: 307 train & 1000 validation samples
2025-05-09 20:37:45,336 - INFO - Initializing model...
2025-05-09 20:37:45,340 - INFO - Fitting model...
2025-05-09 20:39:33,631 - INFO - Saved weights to /s/ls4/users/selibrin/spiking_researches/correlation_encoding_and_training/mnist/hpo/mozafari_spk_single_input_multi_out/hpo_data/hpo_iteration_data/4339501/estimator_1_neuron_7_weights.npy
2025-05-09 20:39:33,632 - INFO - Evaluating model...
2025-05-09 20:45:27,920 - INFO - Saved validation outputs to /s/ls4/users/selibrin/spiking_researches/correlation_encoding_and_training/mnist/hpo/mozafari_spk_single_input_multi_out/hpo_data/hpo_iteration_data/4339501/estimator_1_neuron_7_validation_outputs.npy
2025-05-09 20:45:27,920 - INFO - Waiting for parameters file: /s/ls4/users/selibrin/spiking_researches/correlation_encoding_and_training/mnist/hpo/mozafari_spk_single_input_multi_out/hpo_data/hpo_iteration_data/4339501/params_1_7.pkl
2025-05-09 20:45:47,947 - INFO - Loaded HPO parameters
2025-05-09 20:45:47,947 - INFO - Preparing datasets...
2025-05-09 20:45:48,497 - INFO - Prepared datasets: 1231 train & 1000 validation samples
2025-05-09 20:45:48,531 - INFO - Initializing model...
2025-05-09 20:45:48,536 - INFO - Fitting model...
2025-05-09 20:52:50,607 - INFO - Saved weights to /s/ls4/users/selibrin/spiking_researches/correlation_encoding_and_training/mnist/hpo/mozafari_spk_single_input_multi_out/hpo_data/hpo_iteration_data/4339501/estimator_1_neuron_7_weights.npy
2025-05-09 20:52:50,608 - INFO - Evaluating model...
2025-05-09 20:58:26,657 - INFO - Saved validation outputs to /s/ls4/users/selibrin/spiking_researches/correlation_encoding_and_training/mnist/hpo/mozafari_spk_single_input_multi_out/hpo_data/hpo_iteration_data/4339501/estimator_1_neuron_7_validation_outputs.npy
2025-05-09 20:58:26,658 - INFO - Waiting for parameters file: /s/ls4/users/selibrin/spiking_researches/correlation_encoding_and_training/mnist/hpo/mozafari_spk_single_input_multi_out/hpo_data/hpo_iteration_data/4339501/params_1_7.pkl
2025-05-09 20:59:57,540 - INFO - Loaded HPO parameters
2025-05-09 20:59:57,541 - INFO - Preparing datasets...
2025-05-09 20:59:58,323 - INFO - Prepared datasets: 307 train & 1000 validation samples
2025-05-09 20:59:58,327 - INFO - Initializing model...
2025-05-09 20:59:58,342 - INFO - Fitting model...
2025-05-09 21:01:41,586 - INFO - Saved weights to /s/ls4/users/selibrin/spiking_researches/correlation_encoding_and_training/mnist/hpo/mozafari_spk_single_input_multi_out/hpo_data/hpo_iteration_data/4339501/estimator_1_neuron_7_weights.npy
2025-05-09 21:01:41,587 - INFO - Evaluating model...
2025-05-09 21:07:28,996 - INFO - Saved validation outputs to /s/ls4/users/selibrin/spiking_researches/correlation_encoding_and_training/mnist/hpo/mozafari_spk_single_input_multi_out/hpo_data/hpo_iteration_data/4339501/estimator_1_neuron_7_validation_outputs.npy
2025-05-09 21:07:28,997 - INFO - Waiting for parameters file: /s/ls4/users/selibrin/spiking_researches/correlation_encoding_and_training/mnist/hpo/mozafari_spk_single_input_multi_out/hpo_data/hpo_iteration_data/4339501/params_1_7.pkl
2025-05-09 21:08:04,051 - INFO - Loaded HPO parameters
2025-05-09 21:08:04,051 - INFO - Preparing datasets...
2025-05-09 21:08:04,610 - INFO - Prepared datasets: 1231 train & 1000 validation samples
2025-05-09 21:08:04,673 - INFO - Initializing model...
2025-05-09 21:08:04,677 - INFO - Fitting model...
2025-05-09 21:15:06,290 - INFO - Saved weights to /s/ls4/users/selibrin/spiking_researches/correlation_encoding_and_training/mnist/hpo/mozafari_spk_single_input_multi_out/hpo_data/hpo_iteration_data/4339501/estimator_1_neuron_7_weights.npy
2025-05-09 21:15:06,291 - INFO - Evaluating model...
2025-05-09 21:20:31,204 - INFO - Saved validation outputs to /s/ls4/users/selibrin/spiking_researches/correlation_encoding_and_training/mnist/hpo/mozafari_spk_single_input_multi_out/hpo_data/hpo_iteration_data/4339501/estimator_1_neuron_7_validation_outputs.npy
2025-05-09 21:20:31,205 - INFO - Waiting for parameters file: /s/ls4/users/selibrin/spiking_researches/correlation_encoding_and_training/mnist/hpo/mozafari_spk_single_input_multi_out/hpo_data/hpo_iteration_data/4339501/params_1_7.pkl
2025-05-09 21:21:36,279 - INFO - Loaded HPO parameters
2025-05-09 21:21:36,280 - INFO - Preparing datasets...
2025-05-09 21:21:36,937 - INFO - Prepared datasets: 1231 train & 1000 validation samples
2025-05-09 21:21:36,941 - INFO - Initializing model...
2025-05-09 21:21:36,945 - INFO - Fitting model...
2025-05-09 21:28:58,382 - INFO - Saved weights to /s/ls4/users/selibrin/spiking_researches/correlation_encoding_and_training/mnist/hpo/mozafari_spk_single_input_multi_out/hpo_data/hpo_iteration_data/4339501/estimator_1_neuron_7_weights.npy
2025-05-09 21:28:58,383 - INFO - Evaluating model...
2025-05-09 21:34:25,634 - INFO - Saved validation outputs to /s/ls4/users/selibrin/spiking_researches/correlation_encoding_and_training/mnist/hpo/mozafari_spk_single_input_multi_out/hpo_data/hpo_iteration_data/4339501/estimator_1_neuron_7_validation_outputs.npy
2025-05-09 21:34:25,635 - INFO - Waiting for parameters file: /s/ls4/users/selibrin/spiking_researches/correlation_encoding_and_training/mnist/hpo/mozafari_spk_single_input_multi_out/hpo_data/hpo_iteration_data/4339501/params_1_7.pkl
2025-05-09 21:35:45,726 - INFO - Loaded HPO parameters
2025-05-09 21:35:45,726 - INFO - Preparing datasets...
2025-05-09 21:35:46,514 - INFO - Prepared datasets: 307 train & 1000 validation samples
2025-05-09 21:35:46,537 - INFO - Initializing model...
2025-05-09 21:35:46,542 - INFO - Fitting model...
2025-05-09 21:37:29,418 - INFO - Saved weights to /s/ls4/users/selibrin/spiking_researches/correlation_encoding_and_training/mnist/hpo/mozafari_spk_single_input_multi_out/hpo_data/hpo_iteration_data/4339501/estimator_1_neuron_7_weights.npy
2025-05-09 21:37:29,419 - INFO - Evaluating model...
2025-05-09 21:43:12,327 - INFO - Saved validation outputs to /s/ls4/users/selibrin/spiking_researches/correlation_encoding_and_training/mnist/hpo/mozafari_spk_single_input_multi_out/hpo_data/hpo_iteration_data/4339501/estimator_1_neuron_7_validation_outputs.npy
2025-05-09 21:43:12,328 - INFO - Waiting for parameters file: /s/ls4/users/selibrin/spiking_researches/correlation_encoding_and_training/mnist/hpo/mozafari_spk_single_input_multi_out/hpo_data/hpo_iteration_data/4339501/params_1_7.pkl
2025-05-09 21:43:52,377 - INFO - Loaded HPO parameters
2025-05-09 21:43:52,377 - INFO - Preparing datasets...
2025-05-09 21:43:52,925 - INFO - Prepared datasets: 307 train & 1000 validation samples
2025-05-09 21:43:52,973 - INFO - Initializing model...
2025-05-09 21:43:52,978 - INFO - Fitting model...
2025-05-09 21:45:40,236 - INFO - Saved weights to /s/ls4/users/selibrin/spiking_researches/correlation_encoding_and_training/mnist/hpo/mozafari_spk_single_input_multi_out/hpo_data/hpo_iteration_data/4339501/estimator_1_neuron_7_weights.npy
2025-05-09 21:45:40,236 - INFO - Evaluating model...
2025-05-09 21:51:24,781 - INFO - Saved validation outputs to /s/ls4/users/selibrin/spiking_researches/correlation_encoding_and_training/mnist/hpo/mozafari_spk_single_input_multi_out/hpo_data/hpo_iteration_data/4339501/estimator_1_neuron_7_validation_outputs.npy
2025-05-09 21:51:24,782 - INFO - Waiting for parameters file: /s/ls4/users/selibrin/spiking_researches/correlation_encoding_and_training/mnist/hpo/mozafari_spk_single_input_multi_out/hpo_data/hpo_iteration_data/4339501/params_1_7.pkl
2025-05-09 21:51:54,819 - INFO - Loaded HPO parameters
2025-05-09 21:51:54,819 - INFO - Preparing datasets...
2025-05-09 21:51:55,427 - INFO - Prepared datasets: 307 train & 1000 validation samples
2025-05-09 21:51:55,430 - INFO - Initializing model...
2025-05-09 21:51:55,435 - INFO - Fitting model...
2025-05-09 21:53:46,458 - INFO - Saved weights to /s/ls4/users/selibrin/spiking_researches/correlation_encoding_and_training/mnist/hpo/mozafari_spk_single_input_multi_out/hpo_data/hpo_iteration_data/4339501/estimator_1_neuron_7_weights.npy
2025-05-09 21:53:46,459 - INFO - Evaluating model...
2025-05-09 21:59:42,805 - INFO - Saved validation outputs to /s/ls4/users/selibrin/spiking_researches/correlation_encoding_and_training/mnist/hpo/mozafari_spk_single_input_multi_out/hpo_data/hpo_iteration_data/4339501/estimator_1_neuron_7_validation_outputs.npy
2025-05-09 21:59:42,805 - INFO - Waiting for parameters file: /s/ls4/users/selibrin/spiking_researches/correlation_encoding_and_training/mnist/hpo/mozafari_spk_single_input_multi_out/hpo_data/hpo_iteration_data/4339501/params_1_7.pkl
2025-05-09 22:00:32,866 - INFO - Loaded HPO parameters
2025-05-09 22:00:32,866 - INFO - Preparing datasets...
2025-05-09 22:00:33,445 - INFO - Prepared datasets: 615 train & 1000 validation samples
2025-05-09 22:00:33,458 - INFO - Initializing model...
2025-05-09 22:00:33,463 - INFO - Fitting model...
2025-05-09 22:04:11,803 - INFO - Saved weights to /s/ls4/users/selibrin/spiking_researches/correlation_encoding_and_training/mnist/hpo/mozafari_spk_single_input_multi_out/hpo_data/hpo_iteration_data/4339501/estimator_1_neuron_7_weights.npy
2025-05-09 22:04:11,803 - INFO - Evaluating model...
2025-05-09 22:09:53,405 - INFO - Saved validation outputs to /s/ls4/users/selibrin/spiking_researches/correlation_encoding_and_training/mnist/hpo/mozafari_spk_single_input_multi_out/hpo_data/hpo_iteration_data/4339501/estimator_1_neuron_7_validation_outputs.npy
2025-05-09 22:09:53,405 - INFO - Waiting for parameters file: /s/ls4/users/selibrin/spiking_researches/correlation_encoding_and_training/mnist/hpo/mozafari_spk_single_input_multi_out/hpo_data/hpo_iteration_data/4339501/params_1_7.pkl
2025-05-09 22:10:38,459 - INFO - Loaded HPO parameters
2025-05-09 22:10:38,459 - INFO - Preparing datasets...
2025-05-09 22:10:39,021 - INFO - Prepared datasets: 1231 train & 1000 validation samples
2025-05-09 22:10:39,031 - INFO - Initializing model...
2025-05-09 22:10:39,036 - INFO - Fitting model...
2025-05-09 22:17:45,264 - INFO - Saved weights to /s/ls4/users/selibrin/spiking_researches/correlation_encoding_and_training/mnist/hpo/mozafari_spk_single_input_multi_out/hpo_data/hpo_iteration_data/4339501/estimator_1_neuron_7_weights.npy
2025-05-09 22:17:45,264 - INFO - Evaluating model...
2025-05-09 22:23:22,136 - INFO - Saved validation outputs to /s/ls4/users/selibrin/spiking_researches/correlation_encoding_and_training/mnist/hpo/mozafari_spk_single_input_multi_out/hpo_data/hpo_iteration_data/4339501/estimator_1_neuron_7_validation_outputs.npy
2025-05-09 22:23:22,137 - INFO - Waiting for parameters file: /s/ls4/users/selibrin/spiking_researches/correlation_encoding_and_training/mnist/hpo/mozafari_spk_single_input_multi_out/hpo_data/hpo_iteration_data/4339501/params_1_7.pkl
2025-05-09 22:24:12,197 - INFO - Loaded HPO parameters
2025-05-09 22:24:12,197 - INFO - Preparing datasets...
2025-05-09 22:24:12,813 - INFO - Prepared datasets: 1231 train & 1000 validation samples
2025-05-09 22:24:12,818 - INFO - Initializing model...
2025-05-09 22:24:12,823 - INFO - Fitting model...
2025-05-09 22:31:30,240 - INFO - Saved weights to /s/ls4/users/selibrin/spiking_researches/correlation_encoding_and_training/mnist/hpo/mozafari_spk_single_input_multi_out/hpo_data/hpo_iteration_data/4339501/estimator_1_neuron_7_weights.npy
2025-05-09 22:31:30,240 - INFO - Evaluating model...
2025-05-09 22:37:07,474 - INFO - Saved validation outputs to /s/ls4/users/selibrin/spiking_researches/correlation_encoding_and_training/mnist/hpo/mozafari_spk_single_input_multi_out/hpo_data/hpo_iteration_data/4339501/estimator_1_neuron_7_validation_outputs.npy
2025-05-09 22:37:07,475 - INFO - Waiting for parameters file: /s/ls4/users/selibrin/spiking_researches/correlation_encoding_and_training/mnist/hpo/mozafari_spk_single_input_multi_out/hpo_data/hpo_iteration_data/4339501/params_1_7.pkl
2025-05-09 22:38:22,561 - INFO - Loaded HPO parameters
2025-05-09 22:38:22,561 - INFO - Preparing datasets...
2025-05-09 22:38:23,274 - INFO - Prepared datasets: 1231 train & 1000 validation samples
2025-05-09 22:38:23,277 - INFO - Initializing model...
2025-05-09 22:38:23,282 - INFO - Fitting model...
2025-05-09 22:45:23,041 - INFO - Saved weights to /s/ls4/users/selibrin/spiking_researches/correlation_encoding_and_training/mnist/hpo/mozafari_spk_single_input_multi_out/hpo_data/hpo_iteration_data/4339501/estimator_1_neuron_7_weights.npy
2025-05-09 22:45:23,042 - INFO - Evaluating model...
2025-05-09 22:50:57,505 - INFO - Saved validation outputs to /s/ls4/users/selibrin/spiking_researches/correlation_encoding_and_training/mnist/hpo/mozafari_spk_single_input_multi_out/hpo_data/hpo_iteration_data/4339501/estimator_1_neuron_7_validation_outputs.npy
2025-05-09 22:50:57,506 - INFO - Waiting for parameters file: /s/ls4/users/selibrin/spiking_researches/correlation_encoding_and_training/mnist/hpo/mozafari_spk_single_input_multi_out/hpo_data/hpo_iteration_data/4339501/params_1_7.pkl
2025-05-09 22:51:57,581 - INFO - Loaded HPO parameters
2025-05-09 22:51:57,581 - INFO - Preparing datasets...
2025-05-09 22:51:58,140 - INFO - Prepared datasets: 307 train & 1000 validation samples
2025-05-09 22:51:58,179 - INFO - Initializing model...
2025-05-09 22:51:58,183 - INFO - Fitting model...
2025-05-09 22:53:47,846 - INFO - Saved weights to /s/ls4/users/selibrin/spiking_researches/correlation_encoding_and_training/mnist/hpo/mozafari_spk_single_input_multi_out/hpo_data/hpo_iteration_data/4339501/estimator_1_neuron_7_weights.npy
2025-05-09 22:53:47,846 - INFO - Evaluating model...
2025-05-09 22:59:37,658 - INFO - Saved validation outputs to /s/ls4/users/selibrin/spiking_researches/correlation_encoding_and_training/mnist/hpo/mozafari_spk_single_input_multi_out/hpo_data/hpo_iteration_data/4339501/estimator_1_neuron_7_validation_outputs.npy
2025-05-09 22:59:37,658 - INFO - Waiting for parameters file: /s/ls4/users/selibrin/spiking_researches/correlation_encoding_and_training/mnist/hpo/mozafari_spk_single_input_multi_out/hpo_data/hpo_iteration_data/4339501/params_1_7.pkl
2025-05-09 23:00:02,690 - INFO - Loaded HPO parameters
2025-05-09 23:00:02,690 - INFO - Preparing datasets...
2025-05-09 23:00:03,308 - INFO - Prepared datasets: 615 train & 1000 validation samples
2025-05-09 23:00:03,312 - INFO - Initializing model...
2025-05-09 23:00:03,317 - INFO - Fitting model...
2025-05-09 23:03:37,192 - INFO - Saved weights to /s/ls4/users/selibrin/spiking_researches/correlation_encoding_and_training/mnist/hpo/mozafari_spk_single_input_multi_out/hpo_data/hpo_iteration_data/4339501/estimator_1_neuron_7_weights.npy
2025-05-09 23:03:37,193 - INFO - Evaluating model...
2025-05-09 23:09:32,461 - INFO - Saved validation outputs to /s/ls4/users/selibrin/spiking_researches/correlation_encoding_and_training/mnist/hpo/mozafari_spk_single_input_multi_out/hpo_data/hpo_iteration_data/4339501/estimator_1_neuron_7_validation_outputs.npy
2025-05-09 23:09:32,462 - INFO - Waiting for parameters file: /s/ls4/users/selibrin/spiking_researches/correlation_encoding_and_training/mnist/hpo/mozafari_spk_single_input_multi_out/hpo_data/hpo_iteration_data/4339501/params_1_7.pkl
2025-05-09 23:10:07,582 - INFO - Loaded HPO parameters
2025-05-09 23:10:07,582 - INFO - Preparing datasets...
2025-05-09 23:10:08,239 - INFO - Prepared datasets: 1231 train & 1000 validation samples
2025-05-09 23:10:08,243 - INFO - Initializing model...
2025-05-09 23:10:08,249 - INFO - Fitting model...
2025-05-09 23:17:33,292 - INFO - Saved weights to /s/ls4/users/selibrin/spiking_researches/correlation_encoding_and_training/mnist/hpo/mozafari_spk_single_input_multi_out/hpo_data/hpo_iteration_data/4339501/estimator_1_neuron_7_weights.npy
2025-05-09 23:17:33,293 - INFO - Evaluating model...
2025-05-09 23:23:12,006 - INFO - Saved validation outputs to /s/ls4/users/selibrin/spiking_researches/correlation_encoding_and_training/mnist/hpo/mozafari_spk_single_input_multi_out/hpo_data/hpo_iteration_data/4339501/estimator_1_neuron_7_validation_outputs.npy
2025-05-09 23:23:12,007 - INFO - Waiting for parameters file: /s/ls4/users/selibrin/spiking_researches/correlation_encoding_and_training/mnist/hpo/mozafari_spk_single_input_multi_out/hpo_data/hpo_iteration_data/4339501/params_1_7.pkl
2025-05-09 23:23:42,045 - INFO - Loaded HPO parameters
2025-05-09 23:23:42,045 - INFO - Preparing datasets...
2025-05-09 23:23:42,613 - INFO - Prepared datasets: 1231 train & 1000 validation samples
2025-05-09 23:23:42,617 - INFO - Initializing model...
2025-05-09 23:23:42,622 - INFO - Fitting model...
2025-05-09 23:30:57,401 - INFO - Saved weights to /s/ls4/users/selibrin/spiking_researches/correlation_encoding_and_training/mnist/hpo/mozafari_spk_single_input_multi_out/hpo_data/hpo_iteration_data/4339501/estimator_1_neuron_7_weights.npy
2025-05-09 23:30:57,402 - INFO - Evaluating model...
2025-05-09 23:36:34,475 - INFO - Saved validation outputs to /s/ls4/users/selibrin/spiking_researches/correlation_encoding_and_training/mnist/hpo/mozafari_spk_single_input_multi_out/hpo_data/hpo_iteration_data/4339501/estimator_1_neuron_7_validation_outputs.npy
2025-05-09 23:36:34,475 - INFO - Waiting for parameters file: /s/ls4/users/selibrin/spiking_researches/correlation_encoding_and_training/mnist/hpo/mozafari_spk_single_input_multi_out/hpo_data/hpo_iteration_data/4339501/params_1_7.pkl
2025-05-09 23:37:49,560 - INFO - Loaded HPO parameters
2025-05-09 23:37:49,560 - INFO - Preparing datasets...
2025-05-09 23:37:50,070 - INFO - Prepared datasets: 1231 train & 1000 validation samples
2025-05-09 23:37:50,074 - INFO - Initializing model...
2025-05-09 23:37:50,078 - INFO - Fitting model...
2025-05-09 23:45:28,260 - INFO - Saved weights to /s/ls4/users/selibrin/spiking_researches/correlation_encoding_and_training/mnist/hpo/mozafari_spk_single_input_multi_out/hpo_data/hpo_iteration_data/4339501/estimator_1_neuron_7_weights.npy
2025-05-09 23:45:28,261 - INFO - Evaluating model...
2025-05-09 23:51:02,352 - INFO - Saved validation outputs to /s/ls4/users/selibrin/spiking_researches/correlation_encoding_and_training/mnist/hpo/mozafari_spk_single_input_multi_out/hpo_data/hpo_iteration_data/4339501/estimator_1_neuron_7_validation_outputs.npy
2025-05-09 23:51:02,352 - INFO - Waiting for parameters file: /s/ls4/users/selibrin/spiking_researches/correlation_encoding_and_training/mnist/hpo/mozafari_spk_single_input_multi_out/hpo_data/hpo_iteration_data/4339501/params_1_7.pkl
2025-05-09 23:51:27,384 - INFO - Loaded HPO parameters
2025-05-09 23:51:27,384 - INFO - Preparing datasets...
2025-05-09 23:51:28,165 - INFO - Prepared datasets: 307 train & 1000 validation samples
2025-05-09 23:51:28,169 - INFO - Initializing model...
2025-05-09 23:51:28,173 - INFO - Fitting model...
2025-05-09 23:53:09,890 - INFO - Saved weights to /s/ls4/users/selibrin/spiking_researches/correlation_encoding_and_training/mnist/hpo/mozafari_spk_single_input_multi_out/hpo_data/hpo_iteration_data/4339501/estimator_1_neuron_7_weights.npy
2025-05-09 23:53:09,891 - INFO - Evaluating model...
2025-05-09 23:58:58,186 - INFO - Saved validation outputs to /s/ls4/users/selibrin/spiking_researches/correlation_encoding_and_training/mnist/hpo/mozafari_spk_single_input_multi_out/hpo_data/hpo_iteration_data/4339501/estimator_1_neuron_7_validation_outputs.npy
2025-05-09 23:58:58,186 - INFO - Waiting for parameters file: /s/ls4/users/selibrin/spiking_researches/correlation_encoding_and_training/mnist/hpo/mozafari_spk_single_input_multi_out/hpo_data/hpo_iteration_data/4339501/params_1_7.pkl
2025-05-09 23:59:33,229 - INFO - Loaded HPO parameters
2025-05-09 23:59:33,229 - INFO - Preparing datasets...
2025-05-09 23:59:33,808 - INFO - Prepared datasets: 1231 train & 1000 validation samples
2025-05-09 23:59:33,852 - INFO - Initializing model...
2025-05-09 23:59:33,857 - INFO - Fitting model...
2025-05-10 00:07:03,440 - INFO - Saved weights to /s/ls4/users/selibrin/spiking_researches/correlation_encoding_and_training/mnist/hpo/mozafari_spk_single_input_multi_out/hpo_data/hpo_iteration_data/4339501/estimator_1_neuron_7_weights.npy
2025-05-10 00:07:03,441 - INFO - Evaluating model...
2025-05-10 00:12:57,657 - INFO - Saved validation outputs to /s/ls4/users/selibrin/spiking_researches/correlation_encoding_and_training/mnist/hpo/mozafari_spk_single_input_multi_out/hpo_data/hpo_iteration_data/4339501/estimator_1_neuron_7_validation_outputs.npy
2025-05-10 00:12:57,658 - INFO - Waiting for parameters file: /s/ls4/users/selibrin/spiking_researches/correlation_encoding_and_training/mnist/hpo/mozafari_spk_single_input_multi_out/hpo_data/hpo_iteration_data/4339501/params_1_7.pkl
2025-05-10 00:13:37,707 - INFO - Loaded HPO parameters
2025-05-10 00:13:37,707 - INFO - Preparing datasets...
2025-05-10 00:13:38,555 - INFO - Prepared datasets: 615 train & 1000 validation samples
2025-05-10 00:13:38,559 - INFO - Initializing model...
2025-05-10 00:13:38,572 - INFO - Fitting model...
2025-05-10 00:17:22,946 - INFO - Saved weights to /s/ls4/users/selibrin/spiking_researches/correlation_encoding_and_training/mnist/hpo/mozafari_spk_single_input_multi_out/hpo_data/hpo_iteration_data/4339501/estimator_1_neuron_7_weights.npy
2025-05-10 00:17:22,947 - INFO - Evaluating model...
2025-05-10 00:23:16,161 - INFO - Saved validation outputs to /s/ls4/users/selibrin/spiking_researches/correlation_encoding_and_training/mnist/hpo/mozafari_spk_single_input_multi_out/hpo_data/hpo_iteration_data/4339501/estimator_1_neuron_7_validation_outputs.npy
2025-05-10 00:23:16,161 - INFO - Waiting for parameters file: /s/ls4/users/selibrin/spiking_researches/correlation_encoding_and_training/mnist/hpo/mozafari_spk_single_input_multi_out/hpo_data/hpo_iteration_data/4339501/params_1_7.pkl
2025-05-10 00:24:16,243 - INFO - Loaded HPO parameters
2025-05-10 00:24:16,243 - INFO - Preparing datasets...
2025-05-10 00:24:17,094 - INFO - Prepared datasets: 307 train & 1000 validation samples
2025-05-10 00:24:17,201 - INFO - Initializing model...
2025-05-10 00:24:17,208 - INFO - Fitting model...
2025-05-10 00:26:07,154 - INFO - Saved weights to /s/ls4/users/selibrin/spiking_researches/correlation_encoding_and_training/mnist/hpo/mozafari_spk_single_input_multi_out/hpo_data/hpo_iteration_data/4339501/estimator_1_neuron_7_weights.npy
2025-05-10 00:26:07,155 - INFO - Evaluating model...
2025-05-10 00:32:03,641 - INFO - Saved validation outputs to /s/ls4/users/selibrin/spiking_researches/correlation_encoding_and_training/mnist/hpo/mozafari_spk_single_input_multi_out/hpo_data/hpo_iteration_data/4339501/estimator_1_neuron_7_validation_outputs.npy
2025-05-10 00:32:03,642 - INFO - Waiting for parameters file: /s/ls4/users/selibrin/spiking_researches/correlation_encoding_and_training/mnist/hpo/mozafari_spk_single_input_multi_out/hpo_data/hpo_iteration_data/4339501/params_1_7.pkl
2025-05-10 00:32:48,696 - INFO - Loaded HPO parameters
2025-05-10 00:32:48,696 - INFO - Preparing datasets...
2025-05-10 00:32:49,290 - INFO - Prepared datasets: 307 train & 1000 validation samples
2025-05-10 00:32:49,346 - INFO - Initializing model...
2025-05-10 00:32:49,351 - INFO - Fitting model...
2025-05-10 00:34:41,091 - INFO - Saved weights to /s/ls4/users/selibrin/spiking_researches/correlation_encoding_and_training/mnist/hpo/mozafari_spk_single_input_multi_out/hpo_data/hpo_iteration_data/4339501/estimator_1_neuron_7_weights.npy
2025-05-10 00:34:41,091 - INFO - Evaluating model...
2025-05-10 00:40:43,409 - INFO - Saved validation outputs to /s/ls4/users/selibrin/spiking_researches/correlation_encoding_and_training/mnist/hpo/mozafari_spk_single_input_multi_out/hpo_data/hpo_iteration_data/4339501/estimator_1_neuron_7_validation_outputs.npy
2025-05-10 00:40:43,410 - INFO - Waiting for parameters file: /s/ls4/users/selibrin/spiking_researches/correlation_encoding_and_training/mnist/hpo/mozafari_spk_single_input_multi_out/hpo_data/hpo_iteration_data/4339501/params_1_7.pkl
2025-05-10 00:41:28,464 - INFO - Loaded HPO parameters
2025-05-10 00:41:28,464 - INFO - Preparing datasets...
2025-05-10 00:41:29,116 - INFO - Prepared datasets: 307 train & 1000 validation samples
2025-05-10 00:41:29,121 - INFO - Initializing model...
2025-05-10 00:41:29,127 - INFO - Fitting model...
2025-05-10 00:43:17,211 - INFO - Saved weights to /s/ls4/users/selibrin/spiking_researches/correlation_encoding_and_training/mnist/hpo/mozafari_spk_single_input_multi_out/hpo_data/hpo_iteration_data/4339501/estimator_1_neuron_7_weights.npy
2025-05-10 00:43:17,212 - INFO - Evaluating model...
2025-05-10 00:49:07,231 - INFO - Saved validation outputs to /s/ls4/users/selibrin/spiking_researches/correlation_encoding_and_training/mnist/hpo/mozafari_spk_single_input_multi_out/hpo_data/hpo_iteration_data/4339501/estimator_1_neuron_7_validation_outputs.npy
2025-05-10 00:49:07,231 - INFO - Waiting for parameters file: /s/ls4/users/selibrin/spiking_researches/correlation_encoding_and_training/mnist/hpo/mozafari_spk_single_input_multi_out/hpo_data/hpo_iteration_data/4339501/params_1_7.pkl
2025-05-10 00:50:02,300 - INFO - Loaded HPO parameters
2025-05-10 00:50:02,301 - INFO - Preparing datasets...
2025-05-10 00:50:02,961 - INFO - Prepared datasets: 307 train & 1000 validation samples
2025-05-10 00:50:02,966 - INFO - Initializing model...
2025-05-10 00:50:02,971 - INFO - Fitting model...
2025-05-10 00:51:56,144 - INFO - Saved weights to /s/ls4/users/selibrin/spiking_researches/correlation_encoding_and_training/mnist/hpo/mozafari_spk_single_input_multi_out/hpo_data/hpo_iteration_data/4339501/estimator_1_neuron_7_weights.npy
2025-05-10 00:51:56,145 - INFO - Evaluating model...
2025-05-10 00:57:28,892 - INFO - Saved validation outputs to /s/ls4/users/selibrin/spiking_researches/correlation_encoding_and_training/mnist/hpo/mozafari_spk_single_input_multi_out/hpo_data/hpo_iteration_data/4339501/estimator_1_neuron_7_validation_outputs.npy
2025-05-10 00:57:28,892 - INFO - Waiting for parameters file: /s/ls4/users/selibrin/spiking_researches/correlation_encoding_and_training/mnist/hpo/mozafari_spk_single_input_multi_out/hpo_data/hpo_iteration_data/4339501/params_1_7.pkl
2025-05-10 00:58:08,939 - INFO - Loaded HPO parameters
2025-05-10 00:58:08,940 - INFO - Preparing datasets...
2025-05-10 00:58:09,580 - INFO - Prepared datasets: 307 train & 1000 validation samples
2025-05-10 00:58:09,599 - INFO - Initializing model...
2025-05-10 00:58:09,605 - INFO - Fitting model...
2025-05-10 00:59:57,788 - INFO - Saved weights to /s/ls4/users/selibrin/spiking_researches/correlation_encoding_and_training/mnist/hpo/mozafari_spk_single_input_multi_out/hpo_data/hpo_iteration_data/4339501/estimator_1_neuron_7_weights.npy
2025-05-10 00:59:57,789 - INFO - Evaluating model...
2025-05-10 01:05:50,320 - INFO - Saved validation outputs to /s/ls4/users/selibrin/spiking_researches/correlation_encoding_and_training/mnist/hpo/mozafari_spk_single_input_multi_out/hpo_data/hpo_iteration_data/4339501/estimator_1_neuron_7_validation_outputs.npy
2025-05-10 01:05:50,321 - INFO - Waiting for parameters file: /s/ls4/users/selibrin/spiking_researches/correlation_encoding_and_training/mnist/hpo/mozafari_spk_single_input_multi_out/hpo_data/hpo_iteration_data/4339501/params_1_7.pkl
2025-05-10 01:06:15,351 - INFO - Loaded HPO parameters
2025-05-10 01:06:15,352 - INFO - Preparing datasets...
2025-05-10 01:06:15,940 - INFO - Prepared datasets: 615 train & 1000 validation samples
2025-05-10 01:06:15,945 - INFO - Initializing model...
2025-05-10 01:06:15,951 - INFO - Fitting model...
2025-05-10 01:09:55,458 - INFO - Saved weights to /s/ls4/users/selibrin/spiking_researches/correlation_encoding_and_training/mnist/hpo/mozafari_spk_single_input_multi_out/hpo_data/hpo_iteration_data/4339501/estimator_1_neuron_7_weights.npy
2025-05-10 01:09:55,459 - INFO - Evaluating model...
2025-05-10 01:15:55,871 - INFO - Saved validation outputs to /s/ls4/users/selibrin/spiking_researches/correlation_encoding_and_training/mnist/hpo/mozafari_spk_single_input_multi_out/hpo_data/hpo_iteration_data/4339501/estimator_1_neuron_7_validation_outputs.npy
2025-05-10 01:15:55,871 - INFO - Waiting for parameters file: /s/ls4/users/selibrin/spiking_researches/correlation_encoding_and_training/mnist/hpo/mozafari_spk_single_input_multi_out/hpo_data/hpo_iteration_data/4339501/params_1_7.pkl
2025-05-10 01:16:20,901 - INFO - Loaded HPO parameters
2025-05-10 01:16:20,902 - INFO - Preparing datasets...
2025-05-10 01:16:21,456 - INFO - Prepared datasets: 615 train & 1000 validation samples
2025-05-10 01:16:21,461 - INFO - Initializing model...
2025-05-10 01:16:21,466 - INFO - Fitting model...
2025-05-10 01:19:59,829 - INFO - Saved weights to /s/ls4/users/selibrin/spiking_researches/correlation_encoding_and_training/mnist/hpo/mozafari_spk_single_input_multi_out/hpo_data/hpo_iteration_data/4339501/estimator_1_neuron_7_weights.npy
2025-05-10 01:19:59,829 - INFO - Evaluating model...
2025-05-10 01:25:42,661 - INFO - Saved validation outputs to /s/ls4/users/selibrin/spiking_researches/correlation_encoding_and_training/mnist/hpo/mozafari_spk_single_input_multi_out/hpo_data/hpo_iteration_data/4339501/estimator_1_neuron_7_validation_outputs.npy
2025-05-10 01:25:42,661 - INFO - Waiting for parameters file: /s/ls4/users/selibrin/spiking_researches/correlation_encoding_and_training/mnist/hpo/mozafari_spk_single_input_multi_out/hpo_data/hpo_iteration_data/4339501/params_1_7.pkl
2025-05-10 01:26:27,718 - INFO - Loaded HPO parameters
2025-05-10 01:26:27,719 - INFO - Preparing datasets...
2025-05-10 01:26:28,500 - INFO - Prepared datasets: 1231 train & 1000 validation samples
2025-05-10 01:26:28,505 - INFO - Initializing model...
2025-05-10 01:26:28,510 - INFO - Fitting model...
2025-05-10 01:33:47,009 - INFO - Saved weights to /s/ls4/users/selibrin/spiking_researches/correlation_encoding_and_training/mnist/hpo/mozafari_spk_single_input_multi_out/hpo_data/hpo_iteration_data/4339501/estimator_1_neuron_7_weights.npy
2025-05-10 01:33:47,009 - INFO - Evaluating model...
2025-05-10 01:39:32,289 - INFO - Saved validation outputs to /s/ls4/users/selibrin/spiking_researches/correlation_encoding_and_training/mnist/hpo/mozafari_spk_single_input_multi_out/hpo_data/hpo_iteration_data/4339501/estimator_1_neuron_7_validation_outputs.npy
2025-05-10 01:39:32,289 - INFO - Waiting for parameters file: /s/ls4/users/selibrin/spiking_researches/correlation_encoding_and_training/mnist/hpo/mozafari_spk_single_input_multi_out/hpo_data/hpo_iteration_data/4339501/params_1_7.pkl
2025-05-10 01:40:32,360 - INFO - Loaded HPO parameters
2025-05-10 01:40:32,360 - INFO - Preparing datasets...
2025-05-10 01:40:33,130 - INFO - Prepared datasets: 1231 train & 1000 validation samples
2025-05-10 01:40:33,199 - INFO - Initializing model...
2025-05-10 01:40:33,203 - INFO - Fitting model...
2025-05-10 01:47:48,706 - INFO - Saved weights to /s/ls4/users/selibrin/spiking_researches/correlation_encoding_and_training/mnist/hpo/mozafari_spk_single_input_multi_out/hpo_data/hpo_iteration_data/4339501/estimator_1_neuron_7_weights.npy
2025-05-10 01:47:48,706 - INFO - Evaluating model...
2025-05-10 01:53:31,111 - INFO - Saved validation outputs to /s/ls4/users/selibrin/spiking_researches/correlation_encoding_and_training/mnist/hpo/mozafari_spk_single_input_multi_out/hpo_data/hpo_iteration_data/4339501/estimator_1_neuron_7_validation_outputs.npy
2025-05-10 01:53:31,112 - INFO - Waiting for parameters file: /s/ls4/users/selibrin/spiking_researches/correlation_encoding_and_training/mnist/hpo/mozafari_spk_single_input_multi_out/hpo_data/hpo_iteration_data/4339501/params_1_7.pkl
2025-05-10 01:54:41,191 - INFO - Loaded HPO parameters
2025-05-10 01:54:41,192 - INFO - Preparing datasets...
2025-05-10 01:54:41,783 - INFO - Prepared datasets: 307 train & 1000 validation samples
2025-05-10 01:54:41,816 - INFO - Initializing model...
2025-05-10 01:54:41,820 - INFO - Fitting model...
2025-05-10 01:56:27,064 - INFO - Saved weights to /s/ls4/users/selibrin/spiking_researches/correlation_encoding_and_training/mnist/hpo/mozafari_spk_single_input_multi_out/hpo_data/hpo_iteration_data/4339501/estimator_1_neuron_7_weights.npy
2025-05-10 01:56:27,065 - INFO - Evaluating model...
2025-05-10 02:02:03,576 - INFO - Saved validation outputs to /s/ls4/users/selibrin/spiking_researches/correlation_encoding_and_training/mnist/hpo/mozafari_spk_single_input_multi_out/hpo_data/hpo_iteration_data/4339501/estimator_1_neuron_7_validation_outputs.npy
2025-05-10 02:02:03,577 - INFO - Waiting for parameters file: /s/ls4/users/selibrin/spiking_researches/correlation_encoding_and_training/mnist/hpo/mozafari_spk_single_input_multi_out/hpo_data/hpo_iteration_data/4339501/params_1_7.pkl
2025-05-10 02:02:43,633 - INFO - Loaded HPO parameters
2025-05-10 02:02:43,633 - INFO - Preparing datasets...
2025-05-10 02:02:44,285 - INFO - Prepared datasets: 307 train & 1000 validation samples
2025-05-10 02:02:44,290 - INFO - Initializing model...
2025-05-10 02:02:44,295 - INFO - Fitting model...
2025-05-10 02:04:35,484 - INFO - Saved weights to /s/ls4/users/selibrin/spiking_researches/correlation_encoding_and_training/mnist/hpo/mozafari_spk_single_input_multi_out/hpo_data/hpo_iteration_data/4339501/estimator_1_neuron_7_weights.npy
2025-05-10 02:04:35,484 - INFO - Evaluating model...
2025-05-10 02:10:27,381 - INFO - Saved validation outputs to /s/ls4/users/selibrin/spiking_researches/correlation_encoding_and_training/mnist/hpo/mozafari_spk_single_input_multi_out/hpo_data/hpo_iteration_data/4339501/estimator_1_neuron_7_validation_outputs.npy
2025-05-10 02:10:27,382 - INFO - Waiting for parameters file: /s/ls4/users/selibrin/spiking_researches/correlation_encoding_and_training/mnist/hpo/mozafari_spk_single_input_multi_out/hpo_data/hpo_iteration_data/4339501/params_1_7.pkl
2025-05-10 02:11:22,447 - INFO - Loaded HPO parameters
2025-05-10 02:11:22,447 - INFO - Preparing datasets...
2025-05-10 02:11:23,315 - INFO - Prepared datasets: 307 train & 1000 validation samples
2025-05-10 02:11:23,336 - INFO - Initializing model...
2025-05-10 02:11:23,343 - INFO - Fitting model...
2025-05-10 02:13:13,650 - INFO - Saved weights to /s/ls4/users/selibrin/spiking_researches/correlation_encoding_and_training/mnist/hpo/mozafari_spk_single_input_multi_out/hpo_data/hpo_iteration_data/4339501/estimator_1_neuron_7_weights.npy
2025-05-10 02:13:13,650 - INFO - Evaluating model...
2025-05-10 02:19:11,179 - INFO - Saved validation outputs to /s/ls4/users/selibrin/spiking_researches/correlation_encoding_and_training/mnist/hpo/mozafari_spk_single_input_multi_out/hpo_data/hpo_iteration_data/4339501/estimator_1_neuron_7_validation_outputs.npy
2025-05-10 02:19:11,180 - INFO - Waiting for parameters file: /s/ls4/users/selibrin/spiking_researches/correlation_encoding_and_training/mnist/hpo/mozafari_spk_single_input_multi_out/hpo_data/hpo_iteration_data/4339501/params_1_7.pkl
2025-05-10 02:19:56,235 - INFO - Loaded HPO parameters
2025-05-10 02:19:56,235 - INFO - Preparing datasets...
2025-05-10 02:19:56,868 - INFO - Prepared datasets: 1231 train & 1000 validation samples
2025-05-10 02:19:56,947 - INFO - Initializing model...
2025-05-10 02:19:56,953 - INFO - Fitting model...
2025-05-10 02:27:15,085 - INFO - Saved weights to /s/ls4/users/selibrin/spiking_researches/correlation_encoding_and_training/mnist/hpo/mozafari_spk_single_input_multi_out/hpo_data/hpo_iteration_data/4339501/estimator_1_neuron_7_weights.npy
2025-05-10 02:27:15,085 - INFO - Evaluating model...
2025-05-10 02:32:58,791 - INFO - Saved validation outputs to /s/ls4/users/selibrin/spiking_researches/correlation_encoding_and_training/mnist/hpo/mozafari_spk_single_input_multi_out/hpo_data/hpo_iteration_data/4339501/estimator_1_neuron_7_validation_outputs.npy
2025-05-10 02:32:58,791 - INFO - Waiting for parameters file: /s/ls4/users/selibrin/spiking_researches/correlation_encoding_and_training/mnist/hpo/mozafari_spk_single_input_multi_out/hpo_data/hpo_iteration_data/4339501/params_1_7.pkl
2025-05-10 02:34:03,870 - INFO - Loaded HPO parameters
2025-05-10 02:34:03,871 - INFO - Preparing datasets...
2025-05-10 02:34:04,559 - INFO - Prepared datasets: 307 train & 1000 validation samples
2025-05-10 02:34:04,563 - INFO - Initializing model...
2025-05-10 02:34:04,570 - INFO - Fitting model...
2025-05-10 02:35:57,385 - INFO - Saved weights to /s/ls4/users/selibrin/spiking_researches/correlation_encoding_and_training/mnist/hpo/mozafari_spk_single_input_multi_out/hpo_data/hpo_iteration_data/4339501/estimator_1_neuron_7_weights.npy
2025-05-10 02:35:57,386 - INFO - Evaluating model...
2025-05-10 02:41:42,158 - INFO - Saved validation outputs to /s/ls4/users/selibrin/spiking_researches/correlation_encoding_and_training/mnist/hpo/mozafari_spk_single_input_multi_out/hpo_data/hpo_iteration_data/4339501/estimator_1_neuron_7_validation_outputs.npy
2025-05-10 02:41:42,158 - INFO - Waiting for parameters file: /s/ls4/users/selibrin/spiking_researches/correlation_encoding_and_training/mnist/hpo/mozafari_spk_single_input_multi_out/hpo_data/hpo_iteration_data/4339501/params_1_7.pkl
2025-05-10 02:42:37,226 - INFO - Loaded HPO parameters
2025-05-10 02:42:37,226 - INFO - Preparing datasets...
2025-05-10 02:42:37,815 - INFO - Prepared datasets: 1231 train & 1000 validation samples
2025-05-10 02:42:37,829 - INFO - Initializing model...
2025-05-10 02:42:37,835 - INFO - Fitting model...
2025-05-10 02:49:59,027 - INFO - Saved weights to /s/ls4/users/selibrin/spiking_researches/correlation_encoding_and_training/mnist/hpo/mozafari_spk_single_input_multi_out/hpo_data/hpo_iteration_data/4339501/estimator_1_neuron_7_weights.npy
2025-05-10 02:49:59,028 - INFO - Evaluating model...
2025-05-10 02:55:44,418 - INFO - Saved validation outputs to /s/ls4/users/selibrin/spiking_researches/correlation_encoding_and_training/mnist/hpo/mozafari_spk_single_input_multi_out/hpo_data/hpo_iteration_data/4339501/estimator_1_neuron_7_validation_outputs.npy
2025-05-10 02:55:44,419 - INFO - Waiting for parameters file: /s/ls4/users/selibrin/spiking_researches/correlation_encoding_and_training/mnist/hpo/mozafari_spk_single_input_multi_out/hpo_data/hpo_iteration_data/4339501/params_1_7.pkl
2025-05-10 02:56:14,455 - INFO - Loaded HPO parameters
2025-05-10 02:56:14,455 - INFO - Preparing datasets...
2025-05-10 02:56:15,413 - INFO - Prepared datasets: 615 train & 1000 validation samples
2025-05-10 02:56:15,418 - INFO - Initializing model...
2025-05-10 02:56:15,422 - INFO - Fitting model...
2025-05-10 02:59:53,258 - INFO - Saved weights to /s/ls4/users/selibrin/spiking_researches/correlation_encoding_and_training/mnist/hpo/mozafari_spk_single_input_multi_out/hpo_data/hpo_iteration_data/4339501/estimator_1_neuron_7_weights.npy
2025-05-10 02:59:53,259 - INFO - Evaluating model...
2025-05-10 03:05:26,402 - INFO - Saved validation outputs to /s/ls4/users/selibrin/spiking_researches/correlation_encoding_and_training/mnist/hpo/mozafari_spk_single_input_multi_out/hpo_data/hpo_iteration_data/4339501/estimator_1_neuron_7_validation_outputs.npy
2025-05-10 03:05:26,403 - INFO - Waiting for parameters file: /s/ls4/users/selibrin/spiking_researches/correlation_encoding_and_training/mnist/hpo/mozafari_spk_single_input_multi_out/hpo_data/hpo_iteration_data/4339501/params_1_7.pkl
2025-05-10 03:06:21,491 - INFO - Loaded HPO parameters
2025-05-10 03:06:21,492 - INFO - Preparing datasets...
2025-05-10 03:06:22,315 - INFO - Prepared datasets: 1231 train & 1000 validation samples
2025-05-10 03:06:22,419 - INFO - Initializing model...
2025-05-10 03:06:22,425 - INFO - Fitting model...
2025-05-10 03:13:36,667 - INFO - Saved weights to /s/ls4/users/selibrin/spiking_researches/correlation_encoding_and_training/mnist/hpo/mozafari_spk_single_input_multi_out/hpo_data/hpo_iteration_data/4339501/estimator_1_neuron_7_weights.npy
2025-05-10 03:13:36,668 - INFO - Evaluating model...
2025-05-10 03:19:20,477 - INFO - Saved validation outputs to /s/ls4/users/selibrin/spiking_researches/correlation_encoding_and_training/mnist/hpo/mozafari_spk_single_input_multi_out/hpo_data/hpo_iteration_data/4339501/estimator_1_neuron_7_validation_outputs.npy
2025-05-10 03:19:20,478 - INFO - Waiting for parameters file: /s/ls4/users/selibrin/spiking_researches/correlation_encoding_and_training/mnist/hpo/mozafari_spk_single_input_multi_out/hpo_data/hpo_iteration_data/4339501/params_1_7.pkl
2025-05-10 03:20:25,553 - INFO - Loaded HPO parameters
2025-05-10 03:20:25,553 - INFO - Preparing datasets...
2025-05-10 03:20:26,581 - INFO - Prepared datasets: 1231 train & 1000 validation samples
2025-05-10 03:20:26,663 - INFO - Initializing model...
2025-05-10 03:20:26,771 - INFO - Fitting model...
2025-05-10 03:27:53,548 - INFO - Saved weights to /s/ls4/users/selibrin/spiking_researches/correlation_encoding_and_training/mnist/hpo/mozafari_spk_single_input_multi_out/hpo_data/hpo_iteration_data/4339501/estimator_1_neuron_7_weights.npy
2025-05-10 03:27:53,548 - INFO - Evaluating model...
2025-05-10 03:33:33,658 - INFO - Saved validation outputs to /s/ls4/users/selibrin/spiking_researches/correlation_encoding_and_training/mnist/hpo/mozafari_spk_single_input_multi_out/hpo_data/hpo_iteration_data/4339501/estimator_1_neuron_7_validation_outputs.npy
2025-05-10 03:33:33,658 - INFO - Waiting for parameters file: /s/ls4/users/selibrin/spiking_researches/correlation_encoding_and_training/mnist/hpo/mozafari_spk_single_input_multi_out/hpo_data/hpo_iteration_data/4339501/params_1_7.pkl
2025-05-10 03:34:33,734 - INFO - Loaded HPO parameters
2025-05-10 03:34:33,735 - INFO - Preparing datasets...
2025-05-10 03:34:34,394 - INFO - Prepared datasets: 307 train & 1000 validation samples
2025-05-10 03:34:34,409 - INFO - Initializing model...
2025-05-10 03:34:34,415 - INFO - Fitting model...
2025-05-10 03:36:27,438 - INFO - Saved weights to /s/ls4/users/selibrin/spiking_researches/correlation_encoding_and_training/mnist/hpo/mozafari_spk_single_input_multi_out/hpo_data/hpo_iteration_data/4339501/estimator_1_neuron_7_weights.npy
2025-05-10 03:36:27,438 - INFO - Evaluating model...
2025-05-10 03:42:27,350 - INFO - Saved validation outputs to /s/ls4/users/selibrin/spiking_researches/correlation_encoding_and_training/mnist/hpo/mozafari_spk_single_input_multi_out/hpo_data/hpo_iteration_data/4339501/estimator_1_neuron_7_validation_outputs.npy
2025-05-10 03:42:27,350 - INFO - Waiting for parameters file: /s/ls4/users/selibrin/spiking_researches/correlation_encoding_and_training/mnist/hpo/mozafari_spk_single_input_multi_out/hpo_data/hpo_iteration_data/4339501/params_1_7.pkl
2025-05-10 03:42:37,368 - INFO - Loaded HPO parameters
2025-05-10 03:42:37,368 - INFO - Preparing datasets...
2025-05-10 03:42:38,092 - INFO - Prepared datasets: 1231 train & 1000 validation samples
2025-05-10 03:42:38,098 - INFO - Initializing model...
2025-05-10 03:42:38,103 - INFO - Fitting model...
2025-05-10 03:50:11,890 - INFO - Saved weights to /s/ls4/users/selibrin/spiking_researches/correlation_encoding_and_training/mnist/hpo/mozafari_spk_single_input_multi_out/hpo_data/hpo_iteration_data/4339501/estimator_1_neuron_7_weights.npy
2025-05-10 03:50:11,891 - INFO - Evaluating model...
2025-05-10 03:56:03,475 - INFO - Saved validation outputs to /s/ls4/users/selibrin/spiking_researches/correlation_encoding_and_training/mnist/hpo/mozafari_spk_single_input_multi_out/hpo_data/hpo_iteration_data/4339501/estimator_1_neuron_7_validation_outputs.npy
2025-05-10 03:56:03,475 - INFO - Waiting for parameters file: /s/ls4/users/selibrin/spiking_researches/correlation_encoding_and_training/mnist/hpo/mozafari_spk_single_input_multi_out/hpo_data/hpo_iteration_data/4339501/params_1_7.pkl
2025-05-10 03:56:13,491 - INFO - Loaded HPO parameters
2025-05-10 03:56:13,491 - INFO - Preparing datasets...
2025-05-10 03:56:14,080 - INFO - Prepared datasets: 1231 train & 1000 validation samples
2025-05-10 03:56:14,085 - INFO - Initializing model...
2025-05-10 03:56:14,090 - INFO - Fitting model...
2025-05-10 04:03:45,726 - INFO - Saved weights to /s/ls4/users/selibrin/spiking_researches/correlation_encoding_and_training/mnist/hpo/mozafari_spk_single_input_multi_out/hpo_data/hpo_iteration_data/4339501/estimator_1_neuron_7_weights.npy
2025-05-10 04:03:45,726 - INFO - Evaluating model...
2025-05-10 04:09:34,346 - INFO - Saved validation outputs to /s/ls4/users/selibrin/spiking_researches/correlation_encoding_and_training/mnist/hpo/mozafari_spk_single_input_multi_out/hpo_data/hpo_iteration_data/4339501/estimator_1_neuron_7_validation_outputs.npy
2025-05-10 04:09:34,347 - INFO - Waiting for parameters file: /s/ls4/users/selibrin/spiking_researches/correlation_encoding_and_training/mnist/hpo/mozafari_spk_single_input_multi_out/hpo_data/hpo_iteration_data/4339501/params_1_7.pkl
2025-05-10 04:10:19,402 - INFO - Loaded HPO parameters
2025-05-10 04:10:19,402 - INFO - Preparing datasets...
2025-05-10 04:10:20,224 - INFO - Prepared datasets: 1231 train & 1000 validation samples
2025-05-10 04:10:20,235 - INFO - Initializing model...
2025-05-10 04:10:20,244 - INFO - Fitting model...
2025-05-10 04:17:50,207 - INFO - Saved weights to /s/ls4/users/selibrin/spiking_researches/correlation_encoding_and_training/mnist/hpo/mozafari_spk_single_input_multi_out/hpo_data/hpo_iteration_data/4339501/estimator_1_neuron_7_weights.npy
2025-05-10 04:17:50,207 - INFO - Evaluating model...
2025-05-10 04:23:35,847 - INFO - Saved validation outputs to /s/ls4/users/selibrin/spiking_researches/correlation_encoding_and_training/mnist/hpo/mozafari_spk_single_input_multi_out/hpo_data/hpo_iteration_data/4339501/estimator_1_neuron_7_validation_outputs.npy
2025-05-10 04:23:35,848 - INFO - Waiting for parameters file: /s/ls4/users/selibrin/spiking_researches/correlation_encoding_and_training/mnist/hpo/mozafari_spk_single_input_multi_out/hpo_data/hpo_iteration_data/4339501/params_1_7.pkl
2025-05-10 04:24:25,907 - INFO - Loaded HPO parameters
2025-05-10 04:24:25,907 - INFO - Preparing datasets...
2025-05-10 04:24:26,572 - INFO - Prepared datasets: 615 train & 1000 validation samples
2025-05-10 04:24:26,599 - INFO - Initializing model...
2025-05-10 04:24:26,604 - INFO - Fitting model...
2025-05-10 04:27:58,289 - INFO - Saved weights to /s/ls4/users/selibrin/spiking_researches/correlation_encoding_and_training/mnist/hpo/mozafari_spk_single_input_multi_out/hpo_data/hpo_iteration_data/4339501/estimator_1_neuron_7_weights.npy
2025-05-10 04:27:58,289 - INFO - Evaluating model...
2025-05-10 04:33:51,183 - INFO - Saved validation outputs to /s/ls4/users/selibrin/spiking_researches/correlation_encoding_and_training/mnist/hpo/mozafari_spk_single_input_multi_out/hpo_data/hpo_iteration_data/4339501/estimator_1_neuron_7_validation_outputs.npy
2025-05-10 04:33:51,183 - INFO - Waiting for parameters file: /s/ls4/users/selibrin/spiking_researches/correlation_encoding_and_training/mnist/hpo/mozafari_spk_single_input_multi_out/hpo_data/hpo_iteration_data/4339501/params_1_7.pkl
2025-05-10 04:34:31,235 - INFO - Loaded HPO parameters
2025-05-10 04:34:31,235 - INFO - Preparing datasets...
2025-05-10 04:34:32,875 - INFO - Prepared datasets: 307 train & 1000 validation samples
2025-05-10 04:34:32,901 - INFO - Initializing model...
2025-05-10 04:34:33,005 - INFO - Fitting model...
2025-05-10 04:36:29,152 - INFO - Saved weights to /s/ls4/users/selibrin/spiking_researches/correlation_encoding_and_training/mnist/hpo/mozafari_spk_single_input_multi_out/hpo_data/hpo_iteration_data/4339501/estimator_1_neuron_7_weights.npy
2025-05-10 04:36:29,153 - INFO - Evaluating model...
2025-05-10 04:42:26,052 - INFO - Saved validation outputs to /s/ls4/users/selibrin/spiking_researches/correlation_encoding_and_training/mnist/hpo/mozafari_spk_single_input_multi_out/hpo_data/hpo_iteration_data/4339501/estimator_1_neuron_7_validation_outputs.npy
2025-05-10 04:42:26,052 - INFO - Waiting for parameters file: /s/ls4/users/selibrin/spiking_researches/correlation_encoding_and_training/mnist/hpo/mozafari_spk_single_input_multi_out/hpo_data/hpo_iteration_data/4339501/params_1_7.pkl
2025-05-10 04:43:11,111 - INFO - Loaded HPO parameters
2025-05-10 04:43:11,111 - INFO - Preparing datasets...
2025-05-10 04:43:11,752 - INFO - Prepared datasets: 1231 train & 1000 validation samples
2025-05-10 04:43:11,855 - INFO - Initializing model...
2025-05-10 04:43:11,859 - INFO - Fitting model...
2025-05-10 04:50:28,810 - INFO - Saved weights to /s/ls4/users/selibrin/spiking_researches/correlation_encoding_and_training/mnist/hpo/mozafari_spk_single_input_multi_out/hpo_data/hpo_iteration_data/4339501/estimator_1_neuron_7_weights.npy
2025-05-10 04:50:28,810 - INFO - Evaluating model...
2025-05-10 04:56:03,691 - INFO - Saved validation outputs to /s/ls4/users/selibrin/spiking_researches/correlation_encoding_and_training/mnist/hpo/mozafari_spk_single_input_multi_out/hpo_data/hpo_iteration_data/4339501/estimator_1_neuron_7_validation_outputs.npy
2025-05-10 04:56:03,692 - INFO - Waiting for parameters file: /s/ls4/users/selibrin/spiking_researches/correlation_encoding_and_training/mnist/hpo/mozafari_spk_single_input_multi_out/hpo_data/hpo_iteration_data/4339501/params_1_7.pkl
2025-05-10 04:57:13,773 - INFO - Loaded HPO parameters
2025-05-10 04:57:13,773 - INFO - Preparing datasets...
2025-05-10 04:57:14,627 - INFO - Prepared datasets: 1231 train & 1000 validation samples
2025-05-10 04:57:14,632 - INFO - Initializing model...
2025-05-10 04:57:14,637 - INFO - Fitting model...
2025-05-10 05:04:34,779 - INFO - Saved weights to /s/ls4/users/selibrin/spiking_researches/correlation_encoding_and_training/mnist/hpo/mozafari_spk_single_input_multi_out/hpo_data/hpo_iteration_data/4339501/estimator_1_neuron_7_weights.npy
2025-05-10 05:04:34,779 - INFO - Evaluating model...
2025-05-10 05:10:19,576 - INFO - Saved validation outputs to /s/ls4/users/selibrin/spiking_researches/correlation_encoding_and_training/mnist/hpo/mozafari_spk_single_input_multi_out/hpo_data/hpo_iteration_data/4339501/estimator_1_neuron_7_validation_outputs.npy
2025-05-10 05:10:19,576 - INFO - Waiting for parameters file: /s/ls4/users/selibrin/spiking_researches/correlation_encoding_and_training/mnist/hpo/mozafari_spk_single_input_multi_out/hpo_data/hpo_iteration_data/4339501/params_1_7.pkl
2025-05-10 05:11:19,646 - INFO - Loaded HPO parameters
2025-05-10 05:11:19,646 - INFO - Preparing datasets...
2025-05-10 05:11:20,213 - INFO - Prepared datasets: 1231 train & 1000 validation samples
2025-05-10 05:11:20,310 - INFO - Initializing model...
2025-05-10 05:11:20,315 - INFO - Fitting model...
2025-05-10 05:18:32,032 - INFO - Saved weights to /s/ls4/users/selibrin/spiking_researches/correlation_encoding_and_training/mnist/hpo/mozafari_spk_single_input_multi_out/hpo_data/hpo_iteration_data/4339501/estimator_1_neuron_7_weights.npy
2025-05-10 05:18:32,033 - INFO - Evaluating model...
2025-05-10 05:24:20,139 - INFO - Saved validation outputs to /s/ls4/users/selibrin/spiking_researches/correlation_encoding_and_training/mnist/hpo/mozafari_spk_single_input_multi_out/hpo_data/hpo_iteration_data/4339501/estimator_1_neuron_7_validation_outputs.npy
2025-05-10 05:24:20,140 - INFO - Waiting for parameters file: /s/ls4/users/selibrin/spiking_researches/correlation_encoding_and_training/mnist/hpo/mozafari_spk_single_input_multi_out/hpo_data/hpo_iteration_data/4339501/params_1_7.pkl
2025-05-10 05:25:30,218 - INFO - Loaded HPO parameters
2025-05-10 05:25:30,218 - INFO - Preparing datasets...
2025-05-10 05:25:30,876 - INFO - Prepared datasets: 1231 train & 1000 validation samples
2025-05-10 05:25:30,880 - INFO - Initializing model...
2025-05-10 05:25:30,884 - INFO - Fitting model...
2025-05-10 05:32:46,713 - INFO - Saved weights to /s/ls4/users/selibrin/spiking_researches/correlation_encoding_and_training/mnist/hpo/mozafari_spk_single_input_multi_out/hpo_data/hpo_iteration_data/4339501/estimator_1_neuron_7_weights.npy
2025-05-10 05:32:46,715 - INFO - Evaluating model...
2025-05-10 05:38:17,787 - INFO - Saved validation outputs to /s/ls4/users/selibrin/spiking_researches/correlation_encoding_and_training/mnist/hpo/mozafari_spk_single_input_multi_out/hpo_data/hpo_iteration_data/4339501/estimator_1_neuron_7_validation_outputs.npy
2025-05-10 05:38:17,788 - INFO - Waiting for parameters file: /s/ls4/users/selibrin/spiking_researches/correlation_encoding_and_training/mnist/hpo/mozafari_spk_single_input_multi_out/hpo_data/hpo_iteration_data/4339501/params_1_7.pkl
2025-05-10 05:39:32,874 - INFO - Loaded HPO parameters
2025-05-10 05:39:32,875 - INFO - Preparing datasets...
2025-05-10 05:39:33,485 - INFO - Prepared datasets: 1231 train & 1000 validation samples
2025-05-10 05:39:33,490 - INFO - Initializing model...
2025-05-10 05:39:33,509 - INFO - Fitting model...
2025-05-10 05:46:57,696 - INFO - Saved weights to /s/ls4/users/selibrin/spiking_researches/correlation_encoding_and_training/mnist/hpo/mozafari_spk_single_input_multi_out/hpo_data/hpo_iteration_data/4339501/estimator_1_neuron_7_weights.npy
2025-05-10 05:46:57,697 - INFO - Evaluating model...
2025-05-10 05:52:44,694 - INFO - Saved validation outputs to /s/ls4/users/selibrin/spiking_researches/correlation_encoding_and_training/mnist/hpo/mozafari_spk_single_input_multi_out/hpo_data/hpo_iteration_data/4339501/estimator_1_neuron_7_validation_outputs.npy
2025-05-10 05:52:44,695 - INFO - Waiting for parameters file: /s/ls4/users/selibrin/spiking_researches/correlation_encoding_and_training/mnist/hpo/mozafari_spk_single_input_multi_out/hpo_data/hpo_iteration_data/4339501/params_1_7.pkl
2025-05-10 05:53:39,759 - INFO - Loaded HPO parameters
2025-05-10 05:53:39,759 - INFO - Preparing datasets...
2025-05-10 05:53:40,485 - INFO - Prepared datasets: 1231 train & 1000 validation samples
2025-05-10 05:53:40,492 - INFO - Initializing model...
2025-05-10 05:53:40,498 - INFO - Fitting model...
2025-05-10 06:01:04,472 - INFO - Saved weights to /s/ls4/users/selibrin/spiking_researches/correlation_encoding_and_training/mnist/hpo/mozafari_spk_single_input_multi_out/hpo_data/hpo_iteration_data/4339501/estimator_1_neuron_7_weights.npy
2025-05-10 06:01:04,472 - INFO - Evaluating model...
2025-05-10 06:06:37,128 - INFO - Saved validation outputs to /s/ls4/users/selibrin/spiking_researches/correlation_encoding_and_training/mnist/hpo/mozafari_spk_single_input_multi_out/hpo_data/hpo_iteration_data/4339501/estimator_1_neuron_7_validation_outputs.npy
2025-05-10 06:06:37,128 - INFO - Waiting for parameters file: /s/ls4/users/selibrin/spiking_researches/correlation_encoding_and_training/mnist/hpo/mozafari_spk_single_input_multi_out/hpo_data/hpo_iteration_data/4339501/params_1_7.pkl
2025-05-10 06:07:47,224 - INFO - Loaded HPO parameters
2025-05-10 06:07:47,225 - INFO - Preparing datasets...
2025-05-10 06:07:48,103 - INFO - Prepared datasets: 1231 train & 1000 validation samples
2025-05-10 06:07:48,123 - INFO - Initializing model...
2025-05-10 06:07:48,128 - INFO - Fitting model...
2025-05-10 06:15:05,405 - INFO - Saved weights to /s/ls4/users/selibrin/spiking_researches/correlation_encoding_and_training/mnist/hpo/mozafari_spk_single_input_multi_out/hpo_data/hpo_iteration_data/4339501/estimator_1_neuron_7_weights.npy
2025-05-10 06:15:05,406 - INFO - Evaluating model...
2025-05-10 06:20:58,249 - INFO - Saved validation outputs to /s/ls4/users/selibrin/spiking_researches/correlation_encoding_and_training/mnist/hpo/mozafari_spk_single_input_multi_out/hpo_data/hpo_iteration_data/4339501/estimator_1_neuron_7_validation_outputs.npy
2025-05-10 06:20:58,249 - INFO - Waiting for parameters file: /s/ls4/users/selibrin/spiking_researches/correlation_encoding_and_training/mnist/hpo/mozafari_spk_single_input_multi_out/hpo_data/hpo_iteration_data/4339501/params_1_7.pkl
2025-05-10 06:21:53,314 - INFO - Loaded HPO parameters
2025-05-10 06:21:53,315 - INFO - Preparing datasets...
2025-05-10 06:21:54,316 - INFO - Prepared datasets: 307 train & 1000 validation samples
2025-05-10 06:21:54,406 - INFO - Initializing model...
2025-05-10 06:21:54,412 - INFO - Fitting model...
2025-05-10 06:23:48,261 - INFO - Saved weights to /s/ls4/users/selibrin/spiking_researches/correlation_encoding_and_training/mnist/hpo/mozafari_spk_single_input_multi_out/hpo_data/hpo_iteration_data/4339501/estimator_1_neuron_7_weights.npy
2025-05-10 06:23:48,262 - INFO - Evaluating model...
2025-05-10 06:29:35,404 - INFO - Saved validation outputs to /s/ls4/users/selibrin/spiking_researches/correlation_encoding_and_training/mnist/hpo/mozafari_spk_single_input_multi_out/hpo_data/hpo_iteration_data/4339501/estimator_1_neuron_7_validation_outputs.npy
2025-05-10 06:29:35,404 - INFO - Waiting for parameters file: /s/ls4/users/selibrin/spiking_researches/correlation_encoding_and_training/mnist/hpo/mozafari_spk_single_input_multi_out/hpo_data/hpo_iteration_data/4339501/params_1_7.pkl
2025-05-10 06:30:30,469 - INFO - Loaded HPO parameters
2025-05-10 06:30:30,469 - INFO - Preparing datasets...
2025-05-10 06:30:31,462 - INFO - Prepared datasets: 1231 train & 1000 validation samples
2025-05-10 06:30:31,546 - INFO - Initializing model...
2025-05-10 06:30:31,551 - INFO - Fitting model...
2025-05-10 06:38:17,910 - INFO - Saved weights to /s/ls4/users/selibrin/spiking_researches/correlation_encoding_and_training/mnist/hpo/mozafari_spk_single_input_multi_out/hpo_data/hpo_iteration_data/4339501/estimator_1_neuron_7_weights.npy
2025-05-10 06:38:17,912 - INFO - Evaluating model...
2025-05-10 06:43:47,523 - INFO - Saved validation outputs to /s/ls4/users/selibrin/spiking_researches/correlation_encoding_and_training/mnist/hpo/mozafari_spk_single_input_multi_out/hpo_data/hpo_iteration_data/4339501/estimator_1_neuron_7_validation_outputs.npy
2025-05-10 06:43:47,523 - INFO - Waiting for parameters file: /s/ls4/users/selibrin/spiking_researches/correlation_encoding_and_training/mnist/hpo/mozafari_spk_single_input_multi_out/hpo_data/hpo_iteration_data/4339501/params_1_7.pkl
2025-05-10 06:44:37,587 - INFO - Loaded HPO parameters
2025-05-10 06:44:37,588 - INFO - Preparing datasets...
2025-05-10 06:44:38,485 - INFO - Prepared datasets: 615 train & 1000 validation samples
2025-05-10 06:44:38,603 - INFO - Initializing model...
2025-05-10 06:44:38,608 - INFO - Fitting model...
2025-05-10 06:48:25,053 - INFO - Saved weights to /s/ls4/users/selibrin/spiking_researches/correlation_encoding_and_training/mnist/hpo/mozafari_spk_single_input_multi_out/hpo_data/hpo_iteration_data/4339501/estimator_1_neuron_7_weights.npy
2025-05-10 06:48:25,054 - INFO - Evaluating model...
2025-05-10 06:54:14,849 - INFO - Saved validation outputs to /s/ls4/users/selibrin/spiking_researches/correlation_encoding_and_training/mnist/hpo/mozafari_spk_single_input_multi_out/hpo_data/hpo_iteration_data/4339501/estimator_1_neuron_7_validation_outputs.npy
2025-05-10 06:54:14,849 - INFO - Waiting for parameters file: /s/ls4/users/selibrin/spiking_researches/correlation_encoding_and_training/mnist/hpo/mozafari_spk_single_input_multi_out/hpo_data/hpo_iteration_data/4339501/params_1_7.pkl
2025-05-10 06:55:09,914 - INFO - Loaded HPO parameters
2025-05-10 06:55:09,914 - INFO - Preparing datasets...
2025-05-10 06:55:11,220 - INFO - Prepared datasets: 1231 train & 1000 validation samples
2025-05-10 06:55:11,269 - INFO - Initializing model...
2025-05-10 06:55:11,280 - INFO - Fitting model...
2025-05-10 07:02:22,084 - INFO - Saved weights to /s/ls4/users/selibrin/spiking_researches/correlation_encoding_and_training/mnist/hpo/mozafari_spk_single_input_multi_out/hpo_data/hpo_iteration_data/4339501/estimator_1_neuron_7_weights.npy
2025-05-10 07:02:22,085 - INFO - Evaluating model...
2025-05-10 07:08:05,439 - INFO - Saved validation outputs to /s/ls4/users/selibrin/spiking_researches/correlation_encoding_and_training/mnist/hpo/mozafari_spk_single_input_multi_out/hpo_data/hpo_iteration_data/4339501/estimator_1_neuron_7_validation_outputs.npy
2025-05-10 07:08:05,439 - INFO - Waiting for parameters file: /s/ls4/users/selibrin/spiking_researches/correlation_encoding_and_training/mnist/hpo/mozafari_spk_single_input_multi_out/hpo_data/hpo_iteration_data/4339501/params_1_7.pkl
2025-05-10 07:08:50,493 - INFO - Loaded HPO parameters
2025-05-10 07:08:50,493 - INFO - Preparing datasets...
2025-05-10 07:08:51,102 - INFO - Prepared datasets: 1231 train & 1000 validation samples
2025-05-10 07:08:51,210 - INFO - Initializing model...
2025-05-10 07:08:51,215 - INFO - Fitting model...
2025-05-10 07:15:53,563 - INFO - Saved weights to /s/ls4/users/selibrin/spiking_researches/correlation_encoding_and_training/mnist/hpo/mozafari_spk_single_input_multi_out/hpo_data/hpo_iteration_data/4339501/estimator_1_neuron_7_weights.npy
2025-05-10 07:15:53,563 - INFO - Evaluating model...
2025-05-10 07:21:47,929 - INFO - Saved validation outputs to /s/ls4/users/selibrin/spiking_researches/correlation_encoding_and_training/mnist/hpo/mozafari_spk_single_input_multi_out/hpo_data/hpo_iteration_data/4339501/estimator_1_neuron_7_validation_outputs.npy
2025-05-10 07:21:47,929 - INFO - Waiting for parameters file: /s/ls4/users/selibrin/spiking_researches/correlation_encoding_and_training/mnist/hpo/mozafari_spk_single_input_multi_out/hpo_data/hpo_iteration_data/4339501/params_1_7.pkl
2025-05-10 07:22:58,011 - INFO - Loaded HPO parameters
2025-05-10 07:22:58,011 - INFO - Preparing datasets...
2025-05-10 07:22:58,703 - INFO - Prepared datasets: 615 train & 1000 validation samples
2025-05-10 07:22:58,708 - INFO - Initializing model...
2025-05-10 07:22:58,712 - INFO - Fitting model...
2025-05-10 07:26:37,657 - INFO - Saved weights to /s/ls4/users/selibrin/spiking_researches/correlation_encoding_and_training/mnist/hpo/mozafari_spk_single_input_multi_out/hpo_data/hpo_iteration_data/4339501/estimator_1_neuron_7_weights.npy
2025-05-10 07:26:37,657 - INFO - Evaluating model...
2025-05-10 07:32:06,406 - INFO - Saved validation outputs to /s/ls4/users/selibrin/spiking_researches/correlation_encoding_and_training/mnist/hpo/mozafari_spk_single_input_multi_out/hpo_data/hpo_iteration_data/4339501/estimator_1_neuron_7_validation_outputs.npy
2025-05-10 07:32:06,406 - INFO - Waiting for parameters file: /s/ls4/users/selibrin/spiking_researches/correlation_encoding_and_training/mnist/hpo/mozafari_spk_single_input_multi_out/hpo_data/hpo_iteration_data/4339501/params_1_7.pkl
2025-05-10 07:33:01,472 - INFO - Loaded HPO parameters
2025-05-10 07:33:01,472 - INFO - Preparing datasets...
2025-05-10 07:33:02,197 - INFO - Prepared datasets: 307 train & 1000 validation samples
2025-05-10 07:33:02,221 - INFO - Initializing model...
2025-05-10 07:33:02,231 - INFO - Fitting model...
2025-05-10 07:34:51,807 - INFO - Saved weights to /s/ls4/users/selibrin/spiking_researches/correlation_encoding_and_training/mnist/hpo/mozafari_spk_single_input_multi_out/hpo_data/hpo_iteration_data/4339501/estimator_1_neuron_7_weights.npy
2025-05-10 07:34:51,807 - INFO - Evaluating model...
2025-05-10 07:40:46,888 - INFO - Saved validation outputs to /s/ls4/users/selibrin/spiking_researches/correlation_encoding_and_training/mnist/hpo/mozafari_spk_single_input_multi_out/hpo_data/hpo_iteration_data/4339501/estimator_1_neuron_7_validation_outputs.npy
2025-05-10 07:40:46,888 - INFO - Waiting for parameters file: /s/ls4/users/selibrin/spiking_researches/correlation_encoding_and_training/mnist/hpo/mozafari_spk_single_input_multi_out/hpo_data/hpo_iteration_data/4339501/params_1_7.pkl
2025-05-10 07:41:36,948 - INFO - Loaded HPO parameters
2025-05-10 07:41:36,948 - INFO - Preparing datasets...
2025-05-10 07:41:37,999 - INFO - Prepared datasets: 1231 train & 1000 validation samples
2025-05-10 07:41:38,004 - INFO - Initializing model...
2025-05-10 07:41:38,008 - INFO - Fitting model...
2025-05-10 07:48:49,827 - INFO - Saved weights to /s/ls4/users/selibrin/spiking_researches/correlation_encoding_and_training/mnist/hpo/mozafari_spk_single_input_multi_out/hpo_data/hpo_iteration_data/4339501/estimator_1_neuron_7_weights.npy
2025-05-10 07:48:49,827 - INFO - Evaluating model...
2025-05-10 07:54:47,527 - INFO - Saved validation outputs to /s/ls4/users/selibrin/spiking_researches/correlation_encoding_and_training/mnist/hpo/mozafari_spk_single_input_multi_out/hpo_data/hpo_iteration_data/4339501/estimator_1_neuron_7_validation_outputs.npy
2025-05-10 07:54:47,528 - INFO - Waiting for parameters file: /s/ls4/users/selibrin/spiking_researches/correlation_encoding_and_training/mnist/hpo/mozafari_spk_single_input_multi_out/hpo_data/hpo_iteration_data/4339501/params_1_7.pkl
2025-05-10 07:55:42,606 - INFO - Loaded HPO parameters
2025-05-10 07:55:42,607 - INFO - Preparing datasets...
2025-05-10 07:55:44,445 - INFO - Prepared datasets: 1231 train & 1000 validation samples
2025-05-10 07:55:44,572 - INFO - Initializing model...
2025-05-10 07:55:44,602 - INFO - Fitting model...
2025-05-10 08:02:43,565 - INFO - Saved weights to /s/ls4/users/selibrin/spiking_researches/correlation_encoding_and_training/mnist/hpo/mozafari_spk_single_input_multi_out/hpo_data/hpo_iteration_data/4339501/estimator_1_neuron_7_weights.npy
2025-05-10 08:02:43,566 - INFO - Evaluating model...
2025-05-10 08:08:27,647 - INFO - Saved validation outputs to /s/ls4/users/selibrin/spiking_researches/correlation_encoding_and_training/mnist/hpo/mozafari_spk_single_input_multi_out/hpo_data/hpo_iteration_data/4339501/estimator_1_neuron_7_validation_outputs.npy
2025-05-10 08:08:27,648 - INFO - Waiting for parameters file: /s/ls4/users/selibrin/spiking_researches/correlation_encoding_and_training/mnist/hpo/mozafari_spk_single_input_multi_out/hpo_data/hpo_iteration_data/4339501/params_1_7.pkl
2025-05-10 08:09:52,750 - INFO - Loaded HPO parameters
2025-05-10 08:09:52,750 - INFO - Preparing datasets...
2025-05-10 08:09:53,355 - INFO - Prepared datasets: 1231 train & 1000 validation samples
2025-05-10 08:09:53,410 - INFO - Initializing model...
2025-05-10 08:09:53,415 - INFO - Fitting model...
2025-05-10 08:16:53,643 - INFO - Saved weights to /s/ls4/users/selibrin/spiking_researches/correlation_encoding_and_training/mnist/hpo/mozafari_spk_single_input_multi_out/hpo_data/hpo_iteration_data/4339501/estimator_1_neuron_7_weights.npy
2025-05-10 08:16:53,643 - INFO - Evaluating model...
2025-05-10 08:22:41,250 - INFO - Saved validation outputs to /s/ls4/users/selibrin/spiking_researches/correlation_encoding_and_training/mnist/hpo/mozafari_spk_single_input_multi_out/hpo_data/hpo_iteration_data/4339501/estimator_1_neuron_7_validation_outputs.npy
2025-05-10 08:22:41,251 - INFO - Waiting for parameters file: /s/ls4/users/selibrin/spiking_researches/correlation_encoding_and_training/mnist/hpo/mozafari_spk_single_input_multi_out/hpo_data/hpo_iteration_data/4339501/params_1_7.pkl
2025-05-10 08:23:56,341 - INFO - Loaded HPO parameters
2025-05-10 08:23:56,341 - INFO - Preparing datasets...
2025-05-10 08:23:56,930 - INFO - Prepared datasets: 307 train & 1000 validation samples
2025-05-10 08:23:56,936 - INFO - Initializing model...
2025-05-10 08:23:57,012 - INFO - Fitting model...
2025-05-10 08:25:47,191 - INFO - Saved weights to /s/ls4/users/selibrin/spiking_researches/correlation_encoding_and_training/mnist/hpo/mozafari_spk_single_input_multi_out/hpo_data/hpo_iteration_data/4339501/estimator_1_neuron_7_weights.npy
2025-05-10 08:25:47,191 - INFO - Evaluating model...
2025-05-10 08:31:45,289 - INFO - Saved validation outputs to /s/ls4/users/selibrin/spiking_researches/correlation_encoding_and_training/mnist/hpo/mozafari_spk_single_input_multi_out/hpo_data/hpo_iteration_data/4339501/estimator_1_neuron_7_validation_outputs.npy
2025-05-10 08:31:45,289 - INFO - Waiting for parameters file: /s/ls4/users/selibrin/spiking_researches/correlation_encoding_and_training/mnist/hpo/mozafari_spk_single_input_multi_out/hpo_data/hpo_iteration_data/4339501/params_1_7.pkl
2025-05-10 08:32:35,349 - INFO - Loaded HPO parameters
2025-05-10 08:32:35,350 - INFO - Preparing datasets...
2025-05-10 08:32:36,263 - INFO - Prepared datasets: 307 train & 1000 validation samples
2025-05-10 08:32:36,268 - INFO - Initializing model...
2025-05-10 08:32:36,275 - INFO - Fitting model...
2025-05-10 08:34:35,812 - INFO - Saved weights to /s/ls4/users/selibrin/spiking_researches/correlation_encoding_and_training/mnist/hpo/mozafari_spk_single_input_multi_out/hpo_data/hpo_iteration_data/4339501/estimator_1_neuron_7_weights.npy
2025-05-10 08:34:35,812 - INFO - Evaluating model...
2025-05-10 08:40:49,138 - INFO - Saved validation outputs to /s/ls4/users/selibrin/spiking_researches/correlation_encoding_and_training/mnist/hpo/mozafari_spk_single_input_multi_out/hpo_data/hpo_iteration_data/4339501/estimator_1_neuron_7_validation_outputs.npy
2025-05-10 08:40:49,139 - INFO - Waiting for parameters file: /s/ls4/users/selibrin/spiking_researches/correlation_encoding_and_training/mnist/hpo/mozafari_spk_single_input_multi_out/hpo_data/hpo_iteration_data/4339501/params_1_7.pkl
2025-05-10 08:41:39,215 - INFO - Loaded HPO parameters
2025-05-10 08:41:39,216 - INFO - Preparing datasets...
2025-05-10 08:41:39,881 - INFO - Prepared datasets: 307 train & 1000 validation samples
2025-05-10 08:41:39,943 - INFO - Initializing model...
2025-05-10 08:41:39,948 - INFO - Fitting model...
2025-05-10 08:43:32,719 - INFO - Saved weights to /s/ls4/users/selibrin/spiking_researches/correlation_encoding_and_training/mnist/hpo/mozafari_spk_single_input_multi_out/hpo_data/hpo_iteration_data/4339501/estimator_1_neuron_7_weights.npy
2025-05-10 08:43:32,719 - INFO - Evaluating model...
2025-05-10 08:49:29,067 - INFO - Saved validation outputs to /s/ls4/users/selibrin/spiking_researches/correlation_encoding_and_training/mnist/hpo/mozafari_spk_single_input_multi_out/hpo_data/hpo_iteration_data/4339501/estimator_1_neuron_7_validation_outputs.npy
2025-05-10 08:49:29,068 - INFO - Waiting for parameters file: /s/ls4/users/selibrin/spiking_researches/correlation_encoding_and_training/mnist/hpo/mozafari_spk_single_input_multi_out/hpo_data/hpo_iteration_data/4339501/params_1_7.pkl
2025-05-10 08:49:49,095 - INFO - Loaded HPO parameters
2025-05-10 08:49:49,096 - INFO - Preparing datasets...
2025-05-10 08:49:50,014 - INFO - Prepared datasets: 1231 train & 1000 validation samples
2025-05-10 08:49:50,023 - INFO - Initializing model...
2025-05-10 08:49:50,029 - INFO - Fitting model...
2025-05-10 08:57:05,196 - INFO - Saved weights to /s/ls4/users/selibrin/spiking_researches/correlation_encoding_and_training/mnist/hpo/mozafari_spk_single_input_multi_out/hpo_data/hpo_iteration_data/4339501/estimator_1_neuron_7_weights.npy
2025-05-10 08:57:05,197 - INFO - Evaluating model...
2025-05-10 09:02:41,712 - INFO - Saved validation outputs to /s/ls4/users/selibrin/spiking_researches/correlation_encoding_and_training/mnist/hpo/mozafari_spk_single_input_multi_out/hpo_data/hpo_iteration_data/4339501/estimator_1_neuron_7_validation_outputs.npy
2025-05-10 09:02:41,713 - INFO - Waiting for parameters file: /s/ls4/users/selibrin/spiking_researches/correlation_encoding_and_training/mnist/hpo/mozafari_spk_single_input_multi_out/hpo_data/hpo_iteration_data/4339501/params_1_7.pkl
2025-05-10 09:04:21,833 - INFO - Loaded HPO parameters
2025-05-10 09:04:21,834 - INFO - Preparing datasets...
2025-05-10 09:04:22,569 - INFO - Prepared datasets: 615 train & 1000 validation samples
2025-05-10 09:04:22,649 - INFO - Initializing model...
2025-05-10 09:04:22,654 - INFO - Fitting model...
2025-05-10 09:08:12,841 - INFO - Saved weights to /s/ls4/users/selibrin/spiking_researches/correlation_encoding_and_training/mnist/hpo/mozafari_spk_single_input_multi_out/hpo_data/hpo_iteration_data/4339501/estimator_1_neuron_7_weights.npy
2025-05-10 09:08:12,842 - INFO - Evaluating model...
2025-05-10 09:14:03,059 - INFO - Saved validation outputs to /s/ls4/users/selibrin/spiking_researches/correlation_encoding_and_training/mnist/hpo/mozafari_spk_single_input_multi_out/hpo_data/hpo_iteration_data/4339501/estimator_1_neuron_7_validation_outputs.npy
2025-05-10 09:14:03,059 - INFO - Waiting for parameters file: /s/ls4/users/selibrin/spiking_researches/correlation_encoding_and_training/mnist/hpo/mozafari_spk_single_input_multi_out/hpo_data/hpo_iteration_data/4339501/params_1_7.pkl
2025-05-10 09:14:58,126 - INFO - Loaded HPO parameters
2025-05-10 09:14:58,126 - INFO - Preparing datasets...
2025-05-10 09:14:58,937 - INFO - Prepared datasets: 307 train & 1000 validation samples
2025-05-10 09:14:58,966 - INFO - Initializing model...
2025-05-10 09:14:58,972 - INFO - Fitting model...
2025-05-10 09:17:02,236 - INFO - Saved weights to /s/ls4/users/selibrin/spiking_researches/correlation_encoding_and_training/mnist/hpo/mozafari_spk_single_input_multi_out/hpo_data/hpo_iteration_data/4339501/estimator_1_neuron_7_weights.npy
2025-05-10 09:17:02,237 - INFO - Evaluating model...
2025-05-10 09:22:43,217 - INFO - Saved validation outputs to /s/ls4/users/selibrin/spiking_researches/correlation_encoding_and_training/mnist/hpo/mozafari_spk_single_input_multi_out/hpo_data/hpo_iteration_data/4339501/estimator_1_neuron_7_validation_outputs.npy
2025-05-10 09:22:43,218 - INFO - Waiting for parameters file: /s/ls4/users/selibrin/spiking_researches/correlation_encoding_and_training/mnist/hpo/mozafari_spk_single_input_multi_out/hpo_data/hpo_iteration_data/4339501/params_1_7.pkl
2025-05-10 09:23:33,280 - INFO - Loaded HPO parameters
2025-05-10 09:23:33,280 - INFO - Preparing datasets...
2025-05-10 09:23:34,093 - INFO - Prepared datasets: 307 train & 1000 validation samples
2025-05-10 09:23:34,131 - INFO - Initializing model...
2025-05-10 09:23:34,136 - INFO - Fitting model...
2025-05-10 09:25:30,419 - INFO - Saved weights to /s/ls4/users/selibrin/spiking_researches/correlation_encoding_and_training/mnist/hpo/mozafari_spk_single_input_multi_out/hpo_data/hpo_iteration_data/4339501/estimator_1_neuron_7_weights.npy
2025-05-10 09:25:30,420 - INFO - Evaluating model...
2025-05-10 09:31:21,682 - INFO - Saved validation outputs to /s/ls4/users/selibrin/spiking_researches/correlation_encoding_and_training/mnist/hpo/mozafari_spk_single_input_multi_out/hpo_data/hpo_iteration_data/4339501/estimator_1_neuron_7_validation_outputs.npy
2025-05-10 09:31:21,682 - INFO - Waiting for parameters file: /s/ls4/users/selibrin/spiking_researches/correlation_encoding_and_training/mnist/hpo/mozafari_spk_single_input_multi_out/hpo_data/hpo_iteration_data/4339501/params_1_7.pkl
2025-05-10 09:32:11,747 - INFO - Loaded HPO parameters
2025-05-10 09:32:11,748 - INFO - Preparing datasets...
2025-05-10 09:32:12,674 - INFO - Prepared datasets: 1231 train & 1000 validation samples
2025-05-10 09:32:12,756 - INFO - Initializing model...
2025-05-10 09:32:12,763 - INFO - Fitting model...
2025-05-10 09:39:30,611 - INFO - Saved weights to /s/ls4/users/selibrin/spiking_researches/correlation_encoding_and_training/mnist/hpo/mozafari_spk_single_input_multi_out/hpo_data/hpo_iteration_data/4339501/estimator_1_neuron_7_weights.npy
2025-05-10 09:39:30,612 - INFO - Evaluating model...
2025-05-10 09:45:23,497 - INFO - Saved validation outputs to /s/ls4/users/selibrin/spiking_researches/correlation_encoding_and_training/mnist/hpo/mozafari_spk_single_input_multi_out/hpo_data/hpo_iteration_data/4339501/estimator_1_neuron_7_validation_outputs.npy
2025-05-10 09:45:23,498 - INFO - Waiting for parameters file: /s/ls4/users/selibrin/spiking_researches/correlation_encoding_and_training/mnist/hpo/mozafari_spk_single_input_multi_out/hpo_data/hpo_iteration_data/4339501/params_1_7.pkl
2025-05-10 09:47:18,626 - INFO - Loaded HPO parameters
2025-05-10 09:47:18,626 - INFO - Preparing datasets...
2025-05-10 09:47:19,387 - INFO - Prepared datasets: 615 train & 1000 validation samples
2025-05-10 09:47:19,524 - INFO - Initializing model...
2025-05-10 09:47:19,531 - INFO - Fitting model...
2025-05-10 09:51:13,273 - INFO - Saved weights to /s/ls4/users/selibrin/spiking_researches/correlation_encoding_and_training/mnist/hpo/mozafari_spk_single_input_multi_out/hpo_data/hpo_iteration_data/4339501/estimator_1_neuron_7_weights.npy
2025-05-10 09:51:13,273 - INFO - Evaluating model...
2025-05-10 09:56:52,626 - INFO - Saved validation outputs to /s/ls4/users/selibrin/spiking_researches/correlation_encoding_and_training/mnist/hpo/mozafari_spk_single_input_multi_out/hpo_data/hpo_iteration_data/4339501/estimator_1_neuron_7_validation_outputs.npy
2025-05-10 09:56:52,626 - INFO - Waiting for parameters file: /s/ls4/users/selibrin/spiking_researches/correlation_encoding_and_training/mnist/hpo/mozafari_spk_single_input_multi_out/hpo_data/hpo_iteration_data/4339501/params_1_7.pkl
2025-05-10 09:58:22,728 - INFO - Loaded HPO parameters
2025-05-10 09:58:22,728 - INFO - Preparing datasets...
2025-05-10 09:58:23,447 - INFO - Prepared datasets: 1231 train & 1000 validation samples
2025-05-10 09:58:23,477 - INFO - Initializing model...
2025-05-10 09:58:23,482 - INFO - Fitting model...
2025-05-10 10:05:45,081 - INFO - Saved weights to /s/ls4/users/selibrin/spiking_researches/correlation_encoding_and_training/mnist/hpo/mozafari_spk_single_input_multi_out/hpo_data/hpo_iteration_data/4339501/estimator_1_neuron_7_weights.npy
2025-05-10 10:05:45,081 - INFO - Evaluating model...
2025-05-10 10:11:52,103 - INFO - Saved validation outputs to /s/ls4/users/selibrin/spiking_researches/correlation_encoding_and_training/mnist/hpo/mozafari_spk_single_input_multi_out/hpo_data/hpo_iteration_data/4339501/estimator_1_neuron_7_validation_outputs.npy
2025-05-10 10:11:52,104 - INFO - Waiting for parameters file: /s/ls4/users/selibrin/spiking_researches/correlation_encoding_and_training/mnist/hpo/mozafari_spk_single_input_multi_out/hpo_data/hpo_iteration_data/4339501/params_1_7.pkl
2025-05-10 10:13:02,187 - INFO - Loaded HPO parameters
2025-05-10 10:13:02,187 - INFO - Preparing datasets...
2025-05-10 10:13:02,790 - INFO - Prepared datasets: 307 train & 1000 validation samples
2025-05-10 10:13:02,813 - INFO - Initializing model...
2025-05-10 10:13:02,818 - INFO - Fitting model...
2025-05-10 10:15:02,483 - INFO - Saved weights to /s/ls4/users/selibrin/spiking_researches/correlation_encoding_and_training/mnist/hpo/mozafari_spk_single_input_multi_out/hpo_data/hpo_iteration_data/4339501/estimator_1_neuron_7_weights.npy
2025-05-10 10:15:02,484 - INFO - Evaluating model...
2025-05-10 10:20:57,981 - INFO - Saved validation outputs to /s/ls4/users/selibrin/spiking_researches/correlation_encoding_and_training/mnist/hpo/mozafari_spk_single_input_multi_out/hpo_data/hpo_iteration_data/4339501/estimator_1_neuron_7_validation_outputs.npy
2025-05-10 10:20:57,982 - INFO - Waiting for parameters file: /s/ls4/users/selibrin/spiking_researches/correlation_encoding_and_training/mnist/hpo/mozafari_spk_single_input_multi_out/hpo_data/hpo_iteration_data/4339501/params_1_7.pkl
2025-05-10 10:21:38,050 - INFO - Loaded HPO parameters
2025-05-10 10:21:38,051 - INFO - Preparing datasets...
2025-05-10 10:21:38,699 - INFO - Prepared datasets: 1231 train & 1000 validation samples
2025-05-10 10:21:38,709 - INFO - Initializing model...
2025-05-10 10:21:38,715 - INFO - Fitting model...
2025-05-10 10:29:05,410 - INFO - Saved weights to /s/ls4/users/selibrin/spiking_researches/correlation_encoding_and_training/mnist/hpo/mozafari_spk_single_input_multi_out/hpo_data/hpo_iteration_data/4339501/estimator_1_neuron_7_weights.npy
2025-05-10 10:29:05,410 - INFO - Evaluating model...
2025-05-10 10:35:02,007 - INFO - Saved validation outputs to /s/ls4/users/selibrin/spiking_researches/correlation_encoding_and_training/mnist/hpo/mozafari_spk_single_input_multi_out/hpo_data/hpo_iteration_data/4339501/estimator_1_neuron_7_validation_outputs.npy
2025-05-10 10:35:02,008 - INFO - Waiting for parameters file: /s/ls4/users/selibrin/spiking_researches/correlation_encoding_and_training/mnist/hpo/mozafari_spk_single_input_multi_out/hpo_data/hpo_iteration_data/4339501/params_1_7.pkl
2025-05-10 10:35:42,056 - INFO - Loaded HPO parameters
2025-05-10 10:35:42,056 - INFO - Preparing datasets...
2025-05-10 10:35:43,062 - INFO - Prepared datasets: 1231 train & 1000 validation samples
2025-05-10 10:35:43,068 - INFO - Initializing model...
2025-05-10 10:35:43,074 - INFO - Fitting model...
2025-05-10 10:43:02,950 - INFO - Saved weights to /s/ls4/users/selibrin/spiking_researches/correlation_encoding_and_training/mnist/hpo/mozafari_spk_single_input_multi_out/hpo_data/hpo_iteration_data/4339501/estimator_1_neuron_7_weights.npy
2025-05-10 10:43:02,950 - INFO - Evaluating model...
2025-05-10 10:48:51,760 - INFO - Saved validation outputs to /s/ls4/users/selibrin/spiking_researches/correlation_encoding_and_training/mnist/hpo/mozafari_spk_single_input_multi_out/hpo_data/hpo_iteration_data/4339501/estimator_1_neuron_7_validation_outputs.npy
2025-05-10 10:48:51,761 - INFO - Waiting for parameters file: /s/ls4/users/selibrin/spiking_researches/correlation_encoding_and_training/mnist/hpo/mozafari_spk_single_input_multi_out/hpo_data/hpo_iteration_data/4339501/params_1_7.pkl
2025-05-10 10:50:21,864 - INFO - Loaded HPO parameters
2025-05-10 10:50:21,864 - INFO - Preparing datasets...
2025-05-10 10:50:22,628 - INFO - Prepared datasets: 307 train & 1000 validation samples
2025-05-10 10:50:22,767 - INFO - Initializing model...
2025-05-10 10:50:22,779 - INFO - Fitting model...
2025-05-10 10:52:20,052 - INFO - Saved weights to /s/ls4/users/selibrin/spiking_researches/correlation_encoding_and_training/mnist/hpo/mozafari_spk_single_input_multi_out/hpo_data/hpo_iteration_data/4339501/estimator_1_neuron_7_weights.npy
2025-05-10 10:52:20,053 - INFO - Evaluating model...
2025-05-10 10:58:16,493 - INFO - Saved validation outputs to /s/ls4/users/selibrin/spiking_researches/correlation_encoding_and_training/mnist/hpo/mozafari_spk_single_input_multi_out/hpo_data/hpo_iteration_data/4339501/estimator_1_neuron_7_validation_outputs.npy
2025-05-10 10:58:16,494 - INFO - Waiting for parameters file: /s/ls4/users/selibrin/spiking_researches/correlation_encoding_and_training/mnist/hpo/mozafari_spk_single_input_multi_out/hpo_data/hpo_iteration_data/4339501/params_1_7.pkl
2025-05-10 10:58:56,545 - INFO - Loaded HPO parameters
2025-05-10 10:58:56,545 - INFO - Preparing datasets...
2025-05-10 10:58:57,581 - INFO - Prepared datasets: 1231 train & 1000 validation samples
2025-05-10 10:58:57,616 - INFO - Initializing model...
2025-05-10 10:58:57,622 - INFO - Fitting model...
2025-05-10 11:06:12,688 - INFO - Saved weights to /s/ls4/users/selibrin/spiking_researches/correlation_encoding_and_training/mnist/hpo/mozafari_spk_single_input_multi_out/hpo_data/hpo_iteration_data/4339501/estimator_1_neuron_7_weights.npy
2025-05-10 11:06:12,688 - INFO - Evaluating model...
2025-05-10 11:12:10,906 - INFO - Saved validation outputs to /s/ls4/users/selibrin/spiking_researches/correlation_encoding_and_training/mnist/hpo/mozafari_spk_single_input_multi_out/hpo_data/hpo_iteration_data/4339501/estimator_1_neuron_7_validation_outputs.npy
2025-05-10 11:12:10,907 - INFO - Waiting for parameters file: /s/ls4/users/selibrin/spiking_researches/correlation_encoding_and_training/mnist/hpo/mozafari_spk_single_input_multi_out/hpo_data/hpo_iteration_data/4339501/params_1_7.pkl
2025-05-10 11:13:36,003 - INFO - Loaded HPO parameters
2025-05-10 11:13:36,004 - INFO - Preparing datasets...
2025-05-10 11:13:36,604 - INFO - Prepared datasets: 1231 train & 1000 validation samples
2025-05-10 11:13:36,736 - INFO - Initializing model...
2025-05-10 11:13:36,741 - INFO - Fitting model...
2025-05-10 11:20:55,692 - INFO - Saved weights to /s/ls4/users/selibrin/spiking_researches/correlation_encoding_and_training/mnist/hpo/mozafari_spk_single_input_multi_out/hpo_data/hpo_iteration_data/4339501/estimator_1_neuron_7_weights.npy
2025-05-10 11:20:55,693 - INFO - Evaluating model...
2025-05-10 11:26:52,981 - INFO - Saved validation outputs to /s/ls4/users/selibrin/spiking_researches/correlation_encoding_and_training/mnist/hpo/mozafari_spk_single_input_multi_out/hpo_data/hpo_iteration_data/4339501/estimator_1_neuron_7_validation_outputs.npy
2025-05-10 11:26:52,982 - INFO - Waiting for parameters file: /s/ls4/users/selibrin/spiking_researches/correlation_encoding_and_training/mnist/hpo/mozafari_spk_single_input_multi_out/hpo_data/hpo_iteration_data/4339501/params_1_7.pkl
2025-05-10 11:28:38,101 - INFO - Loaded HPO parameters
2025-05-10 11:28:38,101 - INFO - Preparing datasets...
2025-05-10 11:28:38,899 - INFO - Prepared datasets: 615 train & 1000 validation samples
2025-05-10 11:28:38,904 - INFO - Initializing model...
2025-05-10 11:28:38,910 - INFO - Fitting model...
2025-05-10 11:32:30,088 - INFO - Saved weights to /s/ls4/users/selibrin/spiking_researches/correlation_encoding_and_training/mnist/hpo/mozafari_spk_single_input_multi_out/hpo_data/hpo_iteration_data/4339501/estimator_1_neuron_7_weights.npy
2025-05-10 11:32:30,088 - INFO - Evaluating model...
2025-05-10 11:38:36,341 - INFO - Saved validation outputs to /s/ls4/users/selibrin/spiking_researches/correlation_encoding_and_training/mnist/hpo/mozafari_spk_single_input_multi_out/hpo_data/hpo_iteration_data/4339501/estimator_1_neuron_7_validation_outputs.npy
2025-05-10 11:38:36,342 - INFO - Waiting for parameters file: /s/ls4/users/selibrin/spiking_researches/correlation_encoding_and_training/mnist/hpo/mozafari_spk_single_input_multi_out/hpo_data/hpo_iteration_data/4339501/params_1_7.pkl
2025-05-10 11:39:11,384 - INFO - Loaded HPO parameters
2025-05-10 11:39:11,384 - INFO - Preparing datasets...
2025-05-10 11:39:12,123 - INFO - Prepared datasets: 307 train & 1000 validation samples
2025-05-10 11:39:12,215 - INFO - Initializing model...
2025-05-10 11:39:12,223 - INFO - Fitting model...
2025-05-10 11:41:13,040 - INFO - Saved weights to /s/ls4/users/selibrin/spiking_researches/correlation_encoding_and_training/mnist/hpo/mozafari_spk_single_input_multi_out/hpo_data/hpo_iteration_data/4339501/estimator_1_neuron_7_weights.npy
2025-05-10 11:41:13,041 - INFO - Evaluating model...
2025-05-10 11:47:03,499 - INFO - Saved validation outputs to /s/ls4/users/selibrin/spiking_researches/correlation_encoding_and_training/mnist/hpo/mozafari_spk_single_input_multi_out/hpo_data/hpo_iteration_data/4339501/estimator_1_neuron_7_validation_outputs.npy
2025-05-10 11:47:03,499 - INFO - Waiting for parameters file: /s/ls4/users/selibrin/spiking_researches/correlation_encoding_and_training/mnist/hpo/mozafari_spk_single_input_multi_out/hpo_data/hpo_iteration_data/4339501/params_1_7.pkl
2025-05-10 11:48:13,661 - INFO - Loaded HPO parameters
2025-05-10 11:48:13,661 - INFO - Preparing datasets...
2025-05-10 11:48:14,466 - INFO - Prepared datasets: 307 train & 1000 validation samples
2025-05-10 11:48:14,500 - INFO - Initializing model...
2025-05-10 11:48:14,507 - INFO - Fitting model...
2025-05-10 11:50:17,217 - INFO - Saved weights to /s/ls4/users/selibrin/spiking_researches/correlation_encoding_and_training/mnist/hpo/mozafari_spk_single_input_multi_out/hpo_data/hpo_iteration_data/4339501/estimator_1_neuron_7_weights.npy
2025-05-10 11:50:17,218 - INFO - Evaluating model...
2025-05-10 11:56:00,759 - INFO - Saved validation outputs to /s/ls4/users/selibrin/spiking_researches/correlation_encoding_and_training/mnist/hpo/mozafari_spk_single_input_multi_out/hpo_data/hpo_iteration_data/4339501/estimator_1_neuron_7_validation_outputs.npy
2025-05-10 11:56:00,759 - INFO - Waiting for parameters file: /s/ls4/users/selibrin/spiking_researches/correlation_encoding_and_training/mnist/hpo/mozafari_spk_single_input_multi_out/hpo_data/hpo_iteration_data/4339501/params_1_7.pkl
2025-05-10 11:56:50,842 - INFO - Loaded HPO parameters
2025-05-10 11:56:50,842 - INFO - Preparing datasets...
2025-05-10 11:56:51,483 - INFO - Prepared datasets: 1231 train & 1000 validation samples
2025-05-10 11:56:51,584 - INFO - Initializing model...
2025-05-10 11:56:51,590 - INFO - Fitting model...
2025-05-10 12:04:39,180 - INFO - Saved weights to /s/ls4/users/selibrin/spiking_researches/correlation_encoding_and_training/mnist/hpo/mozafari_spk_single_input_multi_out/hpo_data/hpo_iteration_data/4339501/estimator_1_neuron_7_weights.npy
2025-05-10 12:04:39,181 - INFO - Evaluating model...
2025-05-10 12:10:43,276 - INFO - Saved validation outputs to /s/ls4/users/selibrin/spiking_researches/correlation_encoding_and_training/mnist/hpo/mozafari_spk_single_input_multi_out/hpo_data/hpo_iteration_data/4339501/estimator_1_neuron_7_validation_outputs.npy
2025-05-10 12:10:43,277 - INFO - Waiting for parameters file: /s/ls4/users/selibrin/spiking_researches/correlation_encoding_and_training/mnist/hpo/mozafari_spk_single_input_multi_out/hpo_data/hpo_iteration_data/4339501/params_1_7.pkl
2025-05-10 12:11:53,357 - INFO - Loaded HPO parameters
2025-05-10 12:11:53,357 - INFO - Preparing datasets...
2025-05-10 12:11:53,962 - INFO - Prepared datasets: 1231 train & 1000 validation samples
2025-05-10 12:11:53,967 - INFO - Initializing model...
2025-05-10 12:11:53,971 - INFO - Fitting model...
2025-05-10 12:19:28,948 - INFO - Saved weights to /s/ls4/users/selibrin/spiking_researches/correlation_encoding_and_training/mnist/hpo/mozafari_spk_single_input_multi_out/hpo_data/hpo_iteration_data/4339501/estimator_1_neuron_7_weights.npy
2025-05-10 12:19:28,949 - INFO - Evaluating model...
2025-05-10 12:25:23,178 - INFO - Saved validation outputs to /s/ls4/users/selibrin/spiking_researches/correlation_encoding_and_training/mnist/hpo/mozafari_spk_single_input_multi_out/hpo_data/hpo_iteration_data/4339501/estimator_1_neuron_7_validation_outputs.npy
2025-05-10 12:25:23,179 - INFO - Waiting for parameters file: /s/ls4/users/selibrin/spiking_researches/correlation_encoding_and_training/mnist/hpo/mozafari_spk_single_input_multi_out/hpo_data/hpo_iteration_data/4339501/params_1_7.pkl
2025-05-10 12:26:28,251 - INFO - Loaded HPO parameters
2025-05-10 12:26:28,251 - INFO - Preparing datasets...
2025-05-10 12:26:30,381 - INFO - Prepared datasets: 615 train & 1000 validation samples
2025-05-10 12:26:30,391 - INFO - Initializing model...
2025-05-10 12:26:30,396 - INFO - Fitting model...
2025-05-10 12:30:33,196 - INFO - Saved weights to /s/ls4/users/selibrin/spiking_researches/correlation_encoding_and_training/mnist/hpo/mozafari_spk_single_input_multi_out/hpo_data/hpo_iteration_data/4339501/estimator_1_neuron_7_weights.npy
2025-05-10 12:30:33,197 - INFO - Evaluating model...
2025-05-10 12:36:36,467 - INFO - Saved validation outputs to /s/ls4/users/selibrin/spiking_researches/correlation_encoding_and_training/mnist/hpo/mozafari_spk_single_input_multi_out/hpo_data/hpo_iteration_data/4339501/estimator_1_neuron_7_validation_outputs.npy
2025-05-10 12:36:36,468 - INFO - Waiting for parameters file: /s/ls4/users/selibrin/spiking_researches/correlation_encoding_and_training/mnist/hpo/mozafari_spk_single_input_multi_out/hpo_data/hpo_iteration_data/4339501/params_1_7.pkl
2025-05-10 12:37:31,558 - INFO - Loaded HPO parameters
2025-05-10 12:37:31,558 - INFO - Preparing datasets...
2025-05-10 12:37:32,445 - INFO - Prepared datasets: 307 train & 1000 validation samples
2025-05-10 12:37:32,609 - INFO - Initializing model...
2025-05-10 12:37:32,615 - INFO - Fitting model...
2025-05-10 12:39:40,541 - INFO - Saved weights to /s/ls4/users/selibrin/spiking_researches/correlation_encoding_and_training/mnist/hpo/mozafari_spk_single_input_multi_out/hpo_data/hpo_iteration_data/4339501/estimator_1_neuron_7_weights.npy
2025-05-10 12:39:40,542 - INFO - Evaluating model...
2025-05-10 12:46:01,507 - INFO - Saved validation outputs to /s/ls4/users/selibrin/spiking_researches/correlation_encoding_and_training/mnist/hpo/mozafari_spk_single_input_multi_out/hpo_data/hpo_iteration_data/4339501/estimator_1_neuron_7_validation_outputs.npy
2025-05-10 12:46:01,507 - INFO - Waiting for parameters file: /s/ls4/users/selibrin/spiking_researches/correlation_encoding_and_training/mnist/hpo/mozafari_spk_single_input_multi_out/hpo_data/hpo_iteration_data/4339501/params_1_7.pkl
2025-05-10 12:46:36,550 - INFO - Loaded HPO parameters
2025-05-10 12:46:36,550 - INFO - Preparing datasets...
2025-05-10 12:46:37,490 - INFO - Prepared datasets: 1231 train & 1000 validation samples
2025-05-10 12:46:37,580 - INFO - Initializing model...
2025-05-10 12:46:37,586 - INFO - Fitting model...
2025-05-10 12:54:18,485 - INFO - Saved weights to /s/ls4/users/selibrin/spiking_researches/correlation_encoding_and_training/mnist/hpo/mozafari_spk_single_input_multi_out/hpo_data/hpo_iteration_data/4339501/estimator_1_neuron_7_weights.npy
2025-05-10 12:54:18,486 - INFO - Evaluating model...
2025-05-10 13:00:27,474 - INFO - Saved validation outputs to /s/ls4/users/selibrin/spiking_researches/correlation_encoding_and_training/mnist/hpo/mozafari_spk_single_input_multi_out/hpo_data/hpo_iteration_data/4339501/estimator_1_neuron_7_validation_outputs.npy
2025-05-10 13:00:27,475 - INFO - Waiting for parameters file: /s/ls4/users/selibrin/spiking_researches/correlation_encoding_and_training/mnist/hpo/mozafari_spk_single_input_multi_out/hpo_data/hpo_iteration_data/4339501/params_1_7.pkl
2025-05-10 13:01:37,556 - INFO - Loaded HPO parameters
2025-05-10 13:01:37,556 - INFO - Preparing datasets...
2025-05-10 13:01:38,519 - INFO - Prepared datasets: 1231 train & 1000 validation samples
2025-05-10 13:01:38,619 - INFO - Initializing model...
2025-05-10 13:01:38,624 - INFO - Fitting model...
2025-05-10 13:08:46,049 - INFO - Saved weights to /s/ls4/users/selibrin/spiking_researches/correlation_encoding_and_training/mnist/hpo/mozafari_spk_single_input_multi_out/hpo_data/hpo_iteration_data/4339501/estimator_1_neuron_7_weights.npy
2025-05-10 13:08:46,049 - INFO - Evaluating model...
2025-05-10 13:14:37,332 - INFO - Saved validation outputs to /s/ls4/users/selibrin/spiking_researches/correlation_encoding_and_training/mnist/hpo/mozafari_spk_single_input_multi_out/hpo_data/hpo_iteration_data/4339501/estimator_1_neuron_7_validation_outputs.npy
2025-05-10 13:14:37,333 - INFO - Waiting for parameters file: /s/ls4/users/selibrin/spiking_researches/correlation_encoding_and_training/mnist/hpo/mozafari_spk_single_input_multi_out/hpo_data/hpo_iteration_data/4339501/params_1_7.pkl
2025-05-10 13:16:12,442 - INFO - Loaded HPO parameters
2025-05-10 13:16:12,442 - INFO - Preparing datasets...
2025-05-10 13:16:13,429 - INFO - Prepared datasets: 1231 train & 1000 validation samples
2025-05-10 13:16:13,565 - INFO - Initializing model...
2025-05-10 13:16:13,570 - INFO - Fitting model...
2025-05-10 13:23:53,615 - INFO - Saved weights to /s/ls4/users/selibrin/spiking_researches/correlation_encoding_and_training/mnist/hpo/mozafari_spk_single_input_multi_out/hpo_data/hpo_iteration_data/4339501/estimator_1_neuron_7_weights.npy
2025-05-10 13:23:53,616 - INFO - Evaluating model...
2025-05-10 13:29:57,323 - INFO - Saved validation outputs to /s/ls4/users/selibrin/spiking_researches/correlation_encoding_and_training/mnist/hpo/mozafari_spk_single_input_multi_out/hpo_data/hpo_iteration_data/4339501/estimator_1_neuron_7_validation_outputs.npy
2025-05-10 13:29:57,324 - INFO - Waiting for parameters file: /s/ls4/users/selibrin/spiking_researches/correlation_encoding_and_training/mnist/hpo/mozafari_spk_single_input_multi_out/hpo_data/hpo_iteration_data/4339501/params_1_7.pkl
2025-05-10 13:31:17,413 - INFO - Loaded HPO parameters
2025-05-10 13:31:17,414 - INFO - Preparing datasets...
2025-05-10 13:31:18,316 - INFO - Prepared datasets: 1231 train & 1000 validation samples
2025-05-10 13:31:18,446 - INFO - Initializing model...
2025-05-10 13:31:18,452 - INFO - Fitting model...
2025-05-10 13:38:44,890 - INFO - Saved weights to /s/ls4/users/selibrin/spiking_researches/correlation_encoding_and_training/mnist/hpo/mozafari_spk_single_input_multi_out/hpo_data/hpo_iteration_data/4339501/estimator_1_neuron_7_weights.npy
2025-05-10 13:38:44,891 - INFO - Evaluating model...
2025-05-10 13:44:34,974 - INFO - Saved validation outputs to /s/ls4/users/selibrin/spiking_researches/correlation_encoding_and_training/mnist/hpo/mozafari_spk_single_input_multi_out/hpo_data/hpo_iteration_data/4339501/estimator_1_neuron_7_validation_outputs.npy
2025-05-10 13:44:34,974 - INFO - Waiting for parameters file: /s/ls4/users/selibrin/spiking_researches/correlation_encoding_and_training/mnist/hpo/mozafari_spk_single_input_multi_out/hpo_data/hpo_iteration_data/4339501/params_1_7.pkl
2025-05-10 13:46:20,094 - INFO - Loaded HPO parameters
2025-05-10 13:46:20,095 - INFO - Preparing datasets...
2025-05-10 13:46:21,468 - INFO - Prepared datasets: 1231 train & 1000 validation samples
2025-05-10 13:46:21,562 - INFO - Initializing model...
2025-05-10 13:46:21,567 - INFO - Fitting model...
2025-05-10 13:54:25,234 - INFO - Saved weights to /s/ls4/users/selibrin/spiking_researches/correlation_encoding_and_training/mnist/hpo/mozafari_spk_single_input_multi_out/hpo_data/hpo_iteration_data/4339501/estimator_1_neuron_7_weights.npy
2025-05-10 13:54:25,235 - INFO - Evaluating model...
2025-05-10 14:00:22,937 - INFO - Saved validation outputs to /s/ls4/users/selibrin/spiking_researches/correlation_encoding_and_training/mnist/hpo/mozafari_spk_single_input_multi_out/hpo_data/hpo_iteration_data/4339501/estimator_1_neuron_7_validation_outputs.npy
2025-05-10 14:00:22,937 - INFO - Waiting for parameters file: /s/ls4/users/selibrin/spiking_researches/correlation_encoding_and_training/mnist/hpo/mozafari_spk_single_input_multi_out/hpo_data/hpo_iteration_data/4339501/params_1_7.pkl
2025-05-10 14:01:53,038 - INFO - Loaded HPO parameters
2025-05-10 14:01:53,039 - INFO - Preparing datasets...
2025-05-10 14:01:53,614 - INFO - Prepared datasets: 1231 train & 1000 validation samples
2025-05-10 14:01:53,752 - INFO - Initializing model...
2025-05-10 14:01:53,760 - INFO - Fitting model...
2025-05-10 14:09:39,644 - INFO - Saved weights to /s/ls4/users/selibrin/spiking_researches/correlation_encoding_and_training/mnist/hpo/mozafari_spk_single_input_multi_out/hpo_data/hpo_iteration_data/4339501/estimator_1_neuron_7_weights.npy
2025-05-10 14:09:39,645 - INFO - Evaluating model...
2025-05-10 14:15:17,294 - INFO - Saved validation outputs to /s/ls4/users/selibrin/spiking_researches/correlation_encoding_and_training/mnist/hpo/mozafari_spk_single_input_multi_out/hpo_data/hpo_iteration_data/4339501/estimator_1_neuron_7_validation_outputs.npy
2025-05-10 14:15:17,294 - INFO - Waiting for parameters file: /s/ls4/users/selibrin/spiking_researches/correlation_encoding_and_training/mnist/hpo/mozafari_spk_single_input_multi_out/hpo_data/hpo_iteration_data/4339501/params_1_7.pkl
2025-05-10 14:16:57,417 - INFO - Loaded HPO parameters
2025-05-10 14:16:57,417 - INFO - Preparing datasets...
2025-05-10 14:16:58,373 - INFO - Prepared datasets: 1231 train & 1000 validation samples
2025-05-10 14:16:58,378 - INFO - Initializing model...
2025-05-10 14:16:58,413 - INFO - Fitting model...
2025-05-10 14:24:53,125 - INFO - Saved weights to /s/ls4/users/selibrin/spiking_researches/correlation_encoding_and_training/mnist/hpo/mozafari_spk_single_input_multi_out/hpo_data/hpo_iteration_data/4339501/estimator_1_neuron_7_weights.npy
2025-05-10 14:24:53,125 - INFO - Evaluating model...
2025-05-10 14:30:39,845 - INFO - Saved validation outputs to /s/ls4/users/selibrin/spiking_researches/correlation_encoding_and_training/mnist/hpo/mozafari_spk_single_input_multi_out/hpo_data/hpo_iteration_data/4339501/estimator_1_neuron_7_validation_outputs.npy
2025-05-10 14:30:39,845 - INFO - Waiting for parameters file: /s/ls4/users/selibrin/spiking_researches/correlation_encoding_and_training/mnist/hpo/mozafari_spk_single_input_multi_out/hpo_data/hpo_iteration_data/4339501/params_1_7.pkl
2025-05-10 14:32:04,943 - INFO - Loaded HPO parameters
2025-05-10 14:32:04,943 - INFO - Preparing datasets...
2025-05-10 14:32:05,926 - INFO - Prepared datasets: 1231 train & 1000 validation samples
2025-05-10 14:32:06,104 - INFO - Initializing model...
2025-05-10 14:32:06,109 - INFO - Fitting model...
2025-05-10 14:40:00,913 - INFO - Saved weights to /s/ls4/users/selibrin/spiking_researches/correlation_encoding_and_training/mnist/hpo/mozafari_spk_single_input_multi_out/hpo_data/hpo_iteration_data/4339501/estimator_1_neuron_7_weights.npy
2025-05-10 14:40:00,914 - INFO - Evaluating model...
2025-05-10 14:45:54,779 - INFO - Saved validation outputs to /s/ls4/users/selibrin/spiking_researches/correlation_encoding_and_training/mnist/hpo/mozafari_spk_single_input_multi_out/hpo_data/hpo_iteration_data/4339501/estimator_1_neuron_7_validation_outputs.npy
2025-05-10 14:45:54,779 - INFO - Waiting for parameters file: /s/ls4/users/selibrin/spiking_researches/correlation_encoding_and_training/mnist/hpo/mozafari_spk_single_input_multi_out/hpo_data/hpo_iteration_data/4339501/params_1_7.pkl
2025-05-10 14:47:09,865 - INFO - Loaded HPO parameters
2025-05-10 14:47:09,865 - INFO - Preparing datasets...
2025-05-10 14:47:10,767 - INFO - Prepared datasets: 1231 train & 1000 validation samples
2025-05-10 14:47:10,896 - INFO - Initializing model...
2025-05-10 14:47:10,902 - INFO - Fitting model...
2025-05-10 14:55:06,771 - INFO - Saved weights to /s/ls4/users/selibrin/spiking_researches/correlation_encoding_and_training/mnist/hpo/mozafari_spk_single_input_multi_out/hpo_data/hpo_iteration_data/4339501/estimator_1_neuron_7_weights.npy
2025-05-10 14:55:06,772 - INFO - Evaluating model...
2025-05-10 15:01:08,252 - INFO - Saved validation outputs to /s/ls4/users/selibrin/spiking_researches/correlation_encoding_and_training/mnist/hpo/mozafari_spk_single_input_multi_out/hpo_data/hpo_iteration_data/4339501/estimator_1_neuron_7_validation_outputs.npy
2025-05-10 15:01:08,253 - INFO - Waiting for parameters file: /s/ls4/users/selibrin/spiking_researches/correlation_encoding_and_training/mnist/hpo/mozafari_spk_single_input_multi_out/hpo_data/hpo_iteration_data/4339501/params_1_7.pkl
2025-05-10 15:02:43,360 - INFO - Loaded HPO parameters
2025-05-10 15:02:43,360 - INFO - Preparing datasets...
2025-05-10 15:02:44,221 - INFO - Prepared datasets: 1231 train & 1000 validation samples
2025-05-10 15:02:44,278 - INFO - Initializing model...
2025-05-10 15:02:44,282 - INFO - Fitting model...
2025-05-10 15:08:20,109 - INFO - Saved weights to /s/ls4/users/selibrin/spiking_researches/correlation_encoding_and_training/mnist/hpo/mozafari_spk_single_input_multi_out/hpo_data/hpo_iteration_data/4339501/estimator_1_neuron_7_weights.npy
2025-05-10 15:08:20,109 - INFO - Evaluating model...
2025-05-10 15:11:31,809 - INFO - Saved validation outputs to /s/ls4/users/selibrin/spiking_researches/correlation_encoding_and_training/mnist/hpo/mozafari_spk_single_input_multi_out/hpo_data/hpo_iteration_data/4339501/estimator_1_neuron_7_validation_outputs.npy
2025-05-10 15:11:31,810 - INFO - Waiting for parameters file: /s/ls4/users/selibrin/spiking_researches/correlation_encoding_and_training/mnist/hpo/mozafari_spk_single_input_multi_out/hpo_data/hpo_iteration_data/4339501/params_1_7.pkl
2025-05-10 15:12:16,868 - INFO - Loaded HPO parameters
2025-05-10 15:12:16,869 - INFO - Preparing datasets...
2025-05-10 15:12:17,361 - INFO - Prepared datasets: 1231 train & 1000 validation samples
2025-05-10 15:12:17,410 - INFO - Initializing model...
2025-05-10 15:12:17,414 - INFO - Fitting model...
