2025-05-09 20:23:50,773 - INFO - Initialized Neuron trainer
2025-05-09 20:23:50,774 - INFO - Waiting for parameters file: /s/ls4/users/selibrin/spiking_researches/correlation_encoding_and_training/mnist/hpo/mozafari_spk_single_input_multi_out/hpo_data/hpo_iteration_data/4339501/params_1_0.pkl
2025-05-09 20:23:50,782 - INFO - Loaded HPO parameters
2025-05-09 20:23:50,782 - INFO - Preparing datasets...
2025-05-09 20:23:51,904 - INFO - Prepared datasets: 1165 train & 1000 validation samples
2025-05-09 20:23:51,905 - INFO - Initializing model...
2025-05-09 20:23:51,911 - INFO - Fitting model...
2025-05-09 20:30:24,324 - INFO - Saved weights to /s/ls4/users/selibrin/spiking_researches/correlation_encoding_and_training/mnist/hpo/mozafari_spk_single_input_multi_out/hpo_data/hpo_iteration_data/4339501/estimator_1_neuron_0_weights.npy
2025-05-09 20:30:24,325 - INFO - Evaluating model...
2025-05-09 20:36:09,085 - INFO - Saved validation outputs to /s/ls4/users/selibrin/spiking_researches/correlation_encoding_and_training/mnist/hpo/mozafari_spk_single_input_multi_out/hpo_data/hpo_iteration_data/4339501/estimator_1_neuron_0_validation_outputs.npy
2025-05-09 20:36:09,086 - INFO - Waiting for parameters file: /s/ls4/users/selibrin/spiking_researches/correlation_encoding_and_training/mnist/hpo/mozafari_spk_single_input_multi_out/hpo_data/hpo_iteration_data/4339501/params_1_0.pkl
2025-05-09 20:37:44,196 - INFO - Loaded HPO parameters
2025-05-09 20:37:44,196 - INFO - Preparing datasets...
2025-05-09 20:37:45,047 - INFO - Prepared datasets: 291 train & 1000 validation samples
2025-05-09 20:37:45,051 - INFO - Initializing model...
2025-05-09 20:37:45,056 - INFO - Fitting model...
2025-05-09 20:39:28,976 - INFO - Saved weights to /s/ls4/users/selibrin/spiking_researches/correlation_encoding_and_training/mnist/hpo/mozafari_spk_single_input_multi_out/hpo_data/hpo_iteration_data/4339501/estimator_1_neuron_0_weights.npy
2025-05-09 20:39:28,977 - INFO - Evaluating model...
2025-05-09 20:45:21,103 - INFO - Saved validation outputs to /s/ls4/users/selibrin/spiking_researches/correlation_encoding_and_training/mnist/hpo/mozafari_spk_single_input_multi_out/hpo_data/hpo_iteration_data/4339501/estimator_1_neuron_0_validation_outputs.npy
2025-05-09 20:45:21,103 - INFO - Waiting for parameters file: /s/ls4/users/selibrin/spiking_researches/correlation_encoding_and_training/mnist/hpo/mozafari_spk_single_input_multi_out/hpo_data/hpo_iteration_data/4339501/params_1_0.pkl
2025-05-09 20:45:51,138 - INFO - Loaded HPO parameters
2025-05-09 20:45:51,138 - INFO - Preparing datasets...
2025-05-09 20:45:51,878 - INFO - Prepared datasets: 1165 train & 1000 validation samples
2025-05-09 20:45:51,944 - INFO - Initializing model...
2025-05-09 20:45:51,949 - INFO - Fitting model...
2025-05-09 20:52:48,127 - INFO - Saved weights to /s/ls4/users/selibrin/spiking_researches/correlation_encoding_and_training/mnist/hpo/mozafari_spk_single_input_multi_out/hpo_data/hpo_iteration_data/4339501/estimator_1_neuron_0_weights.npy
2025-05-09 20:52:48,128 - INFO - Evaluating model...
2025-05-09 20:58:28,312 - INFO - Saved validation outputs to /s/ls4/users/selibrin/spiking_researches/correlation_encoding_and_training/mnist/hpo/mozafari_spk_single_input_multi_out/hpo_data/hpo_iteration_data/4339501/estimator_1_neuron_0_validation_outputs.npy
2025-05-09 20:58:28,313 - INFO - Waiting for parameters file: /s/ls4/users/selibrin/spiking_researches/correlation_encoding_and_training/mnist/hpo/mozafari_spk_single_input_multi_out/hpo_data/hpo_iteration_data/4339501/params_1_0.pkl
2025-05-09 20:59:53,410 - INFO - Loaded HPO parameters
2025-05-09 20:59:53,411 - INFO - Preparing datasets...
2025-05-09 20:59:54,073 - INFO - Prepared datasets: 291 train & 1000 validation samples
2025-05-09 20:59:54,119 - INFO - Initializing model...
2025-05-09 20:59:54,124 - INFO - Fitting model...
2025-05-09 21:01:32,177 - INFO - Saved weights to /s/ls4/users/selibrin/spiking_researches/correlation_encoding_and_training/mnist/hpo/mozafari_spk_single_input_multi_out/hpo_data/hpo_iteration_data/4339501/estimator_1_neuron_0_weights.npy
2025-05-09 21:01:32,177 - INFO - Evaluating model...
2025-05-09 21:07:20,707 - INFO - Saved validation outputs to /s/ls4/users/selibrin/spiking_researches/correlation_encoding_and_training/mnist/hpo/mozafari_spk_single_input_multi_out/hpo_data/hpo_iteration_data/4339501/estimator_1_neuron_0_validation_outputs.npy
2025-05-09 21:07:20,707 - INFO - Waiting for parameters file: /s/ls4/users/selibrin/spiking_researches/correlation_encoding_and_training/mnist/hpo/mozafari_spk_single_input_multi_out/hpo_data/hpo_iteration_data/4339501/params_1_0.pkl
2025-05-09 21:08:00,754 - INFO - Loaded HPO parameters
2025-05-09 21:08:00,754 - INFO - Preparing datasets...
2025-05-09 21:08:01,308 - INFO - Prepared datasets: 1165 train & 1000 validation samples
2025-05-09 21:08:01,347 - INFO - Initializing model...
2025-05-09 21:08:01,353 - INFO - Fitting model...
2025-05-09 21:14:34,636 - INFO - Saved weights to /s/ls4/users/selibrin/spiking_researches/correlation_encoding_and_training/mnist/hpo/mozafari_spk_single_input_multi_out/hpo_data/hpo_iteration_data/4339501/estimator_1_neuron_0_weights.npy
2025-05-09 21:14:34,636 - INFO - Evaluating model...
2025-05-09 21:19:59,724 - INFO - Saved validation outputs to /s/ls4/users/selibrin/spiking_researches/correlation_encoding_and_training/mnist/hpo/mozafari_spk_single_input_multi_out/hpo_data/hpo_iteration_data/4339501/estimator_1_neuron_0_validation_outputs.npy
2025-05-09 21:19:59,724 - INFO - Waiting for parameters file: /s/ls4/users/selibrin/spiking_researches/correlation_encoding_and_training/mnist/hpo/mozafari_spk_single_input_multi_out/hpo_data/hpo_iteration_data/4339501/params_1_0.pkl
2025-05-09 21:21:39,832 - INFO - Loaded HPO parameters
2025-05-09 21:21:39,833 - INFO - Preparing datasets...
2025-05-09 21:21:40,703 - INFO - Prepared datasets: 1165 train & 1000 validation samples
2025-05-09 21:21:40,709 - INFO - Initializing model...
2025-05-09 21:21:40,714 - INFO - Fitting model...
2025-05-09 21:28:37,101 - INFO - Saved weights to /s/ls4/users/selibrin/spiking_researches/correlation_encoding_and_training/mnist/hpo/mozafari_spk_single_input_multi_out/hpo_data/hpo_iteration_data/4339501/estimator_1_neuron_0_weights.npy
2025-05-09 21:28:37,102 - INFO - Evaluating model...
2025-05-09 21:34:22,174 - INFO - Saved validation outputs to /s/ls4/users/selibrin/spiking_researches/correlation_encoding_and_training/mnist/hpo/mozafari_spk_single_input_multi_out/hpo_data/hpo_iteration_data/4339501/estimator_1_neuron_0_validation_outputs.npy
2025-05-09 21:34:22,175 - INFO - Waiting for parameters file: /s/ls4/users/selibrin/spiking_researches/correlation_encoding_and_training/mnist/hpo/mozafari_spk_single_input_multi_out/hpo_data/hpo_iteration_data/4339501/params_1_0.pkl
2025-05-09 21:35:42,269 - INFO - Loaded HPO parameters
2025-05-09 21:35:42,269 - INFO - Preparing datasets...
2025-05-09 21:35:43,931 - INFO - Prepared datasets: 291 train & 1000 validation samples
2025-05-09 21:35:43,995 - INFO - Initializing model...
2025-05-09 21:35:44,065 - INFO - Fitting model...
2025-05-09 21:37:21,957 - INFO - Saved weights to /s/ls4/users/selibrin/spiking_researches/correlation_encoding_and_training/mnist/hpo/mozafari_spk_single_input_multi_out/hpo_data/hpo_iteration_data/4339501/estimator_1_neuron_0_weights.npy
2025-05-09 21:37:21,958 - INFO - Evaluating model...
2025-05-09 21:43:09,279 - INFO - Saved validation outputs to /s/ls4/users/selibrin/spiking_researches/correlation_encoding_and_training/mnist/hpo/mozafari_spk_single_input_multi_out/hpo_data/hpo_iteration_data/4339501/estimator_1_neuron_0_validation_outputs.npy
2025-05-09 21:43:09,280 - INFO - Waiting for parameters file: /s/ls4/users/selibrin/spiking_researches/correlation_encoding_and_training/mnist/hpo/mozafari_spk_single_input_multi_out/hpo_data/hpo_iteration_data/4339501/params_1_0.pkl
2025-05-09 21:43:49,328 - INFO - Loaded HPO parameters
2025-05-09 21:43:49,328 - INFO - Preparing datasets...
2025-05-09 21:43:49,950 - INFO - Prepared datasets: 291 train & 1000 validation samples
2025-05-09 21:43:49,955 - INFO - Initializing model...
2025-05-09 21:43:49,959 - INFO - Fitting model...
2025-05-09 21:45:35,651 - INFO - Saved weights to /s/ls4/users/selibrin/spiking_researches/correlation_encoding_and_training/mnist/hpo/mozafari_spk_single_input_multi_out/hpo_data/hpo_iteration_data/4339501/estimator_1_neuron_0_weights.npy
2025-05-09 21:45:35,652 - INFO - Evaluating model...
2025-05-09 21:51:22,417 - INFO - Saved validation outputs to /s/ls4/users/selibrin/spiking_researches/correlation_encoding_and_training/mnist/hpo/mozafari_spk_single_input_multi_out/hpo_data/hpo_iteration_data/4339501/estimator_1_neuron_0_validation_outputs.npy
2025-05-09 21:51:22,417 - INFO - Waiting for parameters file: /s/ls4/users/selibrin/spiking_researches/correlation_encoding_and_training/mnist/hpo/mozafari_spk_single_input_multi_out/hpo_data/hpo_iteration_data/4339501/params_1_0.pkl
2025-05-09 21:51:57,464 - INFO - Loaded HPO parameters
2025-05-09 21:51:57,465 - INFO - Preparing datasets...
2025-05-09 21:51:58,032 - INFO - Prepared datasets: 291 train & 1000 validation samples
2025-05-09 21:51:58,036 - INFO - Initializing model...
2025-05-09 21:51:58,041 - INFO - Fitting model...
2025-05-09 21:53:44,280 - INFO - Saved weights to /s/ls4/users/selibrin/spiking_researches/correlation_encoding_and_training/mnist/hpo/mozafari_spk_single_input_multi_out/hpo_data/hpo_iteration_data/4339501/estimator_1_neuron_0_weights.npy
2025-05-09 21:53:44,280 - INFO - Evaluating model...
2025-05-09 21:59:34,162 - INFO - Saved validation outputs to /s/ls4/users/selibrin/spiking_researches/correlation_encoding_and_training/mnist/hpo/mozafari_spk_single_input_multi_out/hpo_data/hpo_iteration_data/4339501/estimator_1_neuron_0_validation_outputs.npy
2025-05-09 21:59:34,163 - INFO - Waiting for parameters file: /s/ls4/users/selibrin/spiking_researches/correlation_encoding_and_training/mnist/hpo/mozafari_spk_single_input_multi_out/hpo_data/hpo_iteration_data/4339501/params_1_0.pkl
2025-05-09 22:00:29,230 - INFO - Loaded HPO parameters
2025-05-09 22:00:29,230 - INFO - Preparing datasets...
2025-05-09 22:00:29,806 - INFO - Prepared datasets: 582 train & 1000 validation samples
2025-05-09 22:00:29,812 - INFO - Initializing model...
2025-05-09 22:00:29,818 - INFO - Fitting model...
2025-05-09 22:03:55,218 - INFO - Saved weights to /s/ls4/users/selibrin/spiking_researches/correlation_encoding_and_training/mnist/hpo/mozafari_spk_single_input_multi_out/hpo_data/hpo_iteration_data/4339501/estimator_1_neuron_0_weights.npy
2025-05-09 22:03:55,218 - INFO - Evaluating model...
2025-05-09 22:09:37,049 - INFO - Saved validation outputs to /s/ls4/users/selibrin/spiking_researches/correlation_encoding_and_training/mnist/hpo/mozafari_spk_single_input_multi_out/hpo_data/hpo_iteration_data/4339501/estimator_1_neuron_0_validation_outputs.npy
2025-05-09 22:09:37,050 - INFO - Waiting for parameters file: /s/ls4/users/selibrin/spiking_researches/correlation_encoding_and_training/mnist/hpo/mozafari_spk_single_input_multi_out/hpo_data/hpo_iteration_data/4339501/params_1_0.pkl
2025-05-09 22:10:37,119 - INFO - Loaded HPO parameters
2025-05-09 22:10:37,120 - INFO - Preparing datasets...
2025-05-09 22:10:37,942 - INFO - Prepared datasets: 1165 train & 1000 validation samples
2025-05-09 22:10:37,948 - INFO - Initializing model...
2025-05-09 22:10:37,956 - INFO - Fitting model...
2025-05-09 22:17:21,614 - INFO - Saved weights to /s/ls4/users/selibrin/spiking_researches/correlation_encoding_and_training/mnist/hpo/mozafari_spk_single_input_multi_out/hpo_data/hpo_iteration_data/4339501/estimator_1_neuron_0_weights.npy
2025-05-09 22:17:21,615 - INFO - Evaluating model...
2025-05-09 22:23:01,278 - INFO - Saved validation outputs to /s/ls4/users/selibrin/spiking_researches/correlation_encoding_and_training/mnist/hpo/mozafari_spk_single_input_multi_out/hpo_data/hpo_iteration_data/4339501/estimator_1_neuron_0_validation_outputs.npy
2025-05-09 22:23:01,278 - INFO - Waiting for parameters file: /s/ls4/users/selibrin/spiking_researches/correlation_encoding_and_training/mnist/hpo/mozafari_spk_single_input_multi_out/hpo_data/hpo_iteration_data/4339501/params_1_0.pkl
2025-05-09 22:24:16,380 - INFO - Loaded HPO parameters
2025-05-09 22:24:16,380 - INFO - Preparing datasets...
2025-05-09 22:24:17,168 - INFO - Prepared datasets: 1165 train & 1000 validation samples
2025-05-09 22:24:17,227 - INFO - Initializing model...
2025-05-09 22:24:17,232 - INFO - Fitting model...
2025-05-09 22:31:01,737 - INFO - Saved weights to /s/ls4/users/selibrin/spiking_researches/correlation_encoding_and_training/mnist/hpo/mozafari_spk_single_input_multi_out/hpo_data/hpo_iteration_data/4339501/estimator_1_neuron_0_weights.npy
2025-05-09 22:31:01,738 - INFO - Evaluating model...
2025-05-09 22:36:41,400 - INFO - Saved validation outputs to /s/ls4/users/selibrin/spiking_researches/correlation_encoding_and_training/mnist/hpo/mozafari_spk_single_input_multi_out/hpo_data/hpo_iteration_data/4339501/estimator_1_neuron_0_validation_outputs.npy
2025-05-09 22:36:41,400 - INFO - Waiting for parameters file: /s/ls4/users/selibrin/spiking_researches/correlation_encoding_and_training/mnist/hpo/mozafari_spk_single_input_multi_out/hpo_data/hpo_iteration_data/4339501/params_1_0.pkl
2025-05-09 22:38:21,510 - INFO - Loaded HPO parameters
2025-05-09 22:38:21,510 - INFO - Preparing datasets...
2025-05-09 22:38:22,450 - INFO - Prepared datasets: 1165 train & 1000 validation samples
2025-05-09 22:38:22,521 - INFO - Initializing model...
2025-05-09 22:38:22,526 - INFO - Fitting model...
2025-05-09 22:44:50,977 - INFO - Saved weights to /s/ls4/users/selibrin/spiking_researches/correlation_encoding_and_training/mnist/hpo/mozafari_spk_single_input_multi_out/hpo_data/hpo_iteration_data/4339501/estimator_1_neuron_0_weights.npy
2025-05-09 22:44:50,977 - INFO - Evaluating model...
2025-05-09 22:50:31,501 - INFO - Saved validation outputs to /s/ls4/users/selibrin/spiking_researches/correlation_encoding_and_training/mnist/hpo/mozafari_spk_single_input_multi_out/hpo_data/hpo_iteration_data/4339501/estimator_1_neuron_0_validation_outputs.npy
2025-05-09 22:50:31,501 - INFO - Waiting for parameters file: /s/ls4/users/selibrin/spiking_researches/correlation_encoding_and_training/mnist/hpo/mozafari_spk_single_input_multi_out/hpo_data/hpo_iteration_data/4339501/params_1_0.pkl
2025-05-09 22:51:56,593 - INFO - Loaded HPO parameters
2025-05-09 22:51:56,593 - INFO - Preparing datasets...
2025-05-09 22:51:57,185 - INFO - Prepared datasets: 291 train & 1000 validation samples
2025-05-09 22:51:57,283 - INFO - Initializing model...
2025-05-09 22:51:57,290 - INFO - Fitting model...
2025-05-09 22:53:39,575 - INFO - Saved weights to /s/ls4/users/selibrin/spiking_researches/correlation_encoding_and_training/mnist/hpo/mozafari_spk_single_input_multi_out/hpo_data/hpo_iteration_data/4339501/estimator_1_neuron_0_weights.npy
2025-05-09 22:53:39,576 - INFO - Evaluating model...
2025-05-09 22:59:34,358 - INFO - Saved validation outputs to /s/ls4/users/selibrin/spiking_researches/correlation_encoding_and_training/mnist/hpo/mozafari_spk_single_input_multi_out/hpo_data/hpo_iteration_data/4339501/estimator_1_neuron_0_validation_outputs.npy
2025-05-09 22:59:34,359 - INFO - Waiting for parameters file: /s/ls4/users/selibrin/spiking_researches/correlation_encoding_and_training/mnist/hpo/mozafari_spk_single_input_multi_out/hpo_data/hpo_iteration_data/4339501/params_1_0.pkl
2025-05-09 23:00:04,396 - INFO - Loaded HPO parameters
2025-05-09 23:00:04,397 - INFO - Preparing datasets...
2025-05-09 23:00:05,009 - INFO - Prepared datasets: 582 train & 1000 validation samples
2025-05-09 23:00:05,014 - INFO - Initializing model...
2025-05-09 23:00:05,019 - INFO - Fitting model...
2025-05-09 23:03:32,132 - INFO - Saved weights to /s/ls4/users/selibrin/spiking_researches/correlation_encoding_and_training/mnist/hpo/mozafari_spk_single_input_multi_out/hpo_data/hpo_iteration_data/4339501/estimator_1_neuron_0_weights.npy
2025-05-09 23:03:32,132 - INFO - Evaluating model...
2025-05-09 23:08:50,321 - INFO - Saved validation outputs to /s/ls4/users/selibrin/spiking_researches/correlation_encoding_and_training/mnist/hpo/mozafari_spk_single_input_multi_out/hpo_data/hpo_iteration_data/4339501/estimator_1_neuron_0_validation_outputs.npy
2025-05-09 23:08:50,322 - INFO - Waiting for parameters file: /s/ls4/users/selibrin/spiking_researches/correlation_encoding_and_training/mnist/hpo/mozafari_spk_single_input_multi_out/hpo_data/hpo_iteration_data/4339501/params_1_0.pkl
2025-05-09 23:10:10,440 - INFO - Loaded HPO parameters
2025-05-09 23:10:10,440 - INFO - Preparing datasets...
2025-05-09 23:10:11,015 - INFO - Prepared datasets: 1165 train & 1000 validation samples
2025-05-09 23:10:11,054 - INFO - Initializing model...
2025-05-09 23:10:11,059 - INFO - Fitting model...
2025-05-09 23:16:29,142 - INFO - Saved weights to /s/ls4/users/selibrin/spiking_researches/correlation_encoding_and_training/mnist/hpo/mozafari_spk_single_input_multi_out/hpo_data/hpo_iteration_data/4339501/estimator_1_neuron_0_weights.npy
2025-05-09 23:16:29,142 - INFO - Evaluating model...
2025-05-09 23:21:46,345 - INFO - Saved validation outputs to /s/ls4/users/selibrin/spiking_researches/correlation_encoding_and_training/mnist/hpo/mozafari_spk_single_input_multi_out/hpo_data/hpo_iteration_data/4339501/estimator_1_neuron_0_validation_outputs.npy
2025-05-09 23:21:46,346 - INFO - Waiting for parameters file: /s/ls4/users/selibrin/spiking_researches/correlation_encoding_and_training/mnist/hpo/mozafari_spk_single_input_multi_out/hpo_data/hpo_iteration_data/4339501/params_1_0.pkl
2025-05-09 23:23:46,480 - INFO - Loaded HPO parameters
2025-05-09 23:23:46,480 - INFO - Preparing datasets...
2025-05-09 23:23:47,360 - INFO - Prepared datasets: 1165 train & 1000 validation samples
2025-05-09 23:23:47,364 - INFO - Initializing model...
2025-05-09 23:23:47,369 - INFO - Fitting model...
2025-05-09 23:30:15,847 - INFO - Saved weights to /s/ls4/users/selibrin/spiking_researches/correlation_encoding_and_training/mnist/hpo/mozafari_spk_single_input_multi_out/hpo_data/hpo_iteration_data/4339501/estimator_1_neuron_0_weights.npy
2025-05-09 23:30:15,847 - INFO - Evaluating model...
2025-05-09 23:35:23,010 - INFO - Saved validation outputs to /s/ls4/users/selibrin/spiking_researches/correlation_encoding_and_training/mnist/hpo/mozafari_spk_single_input_multi_out/hpo_data/hpo_iteration_data/4339501/estimator_1_neuron_0_validation_outputs.npy
2025-05-09 23:35:23,011 - INFO - Waiting for parameters file: /s/ls4/users/selibrin/spiking_researches/correlation_encoding_and_training/mnist/hpo/mozafari_spk_single_input_multi_out/hpo_data/hpo_iteration_data/4339501/params_1_0.pkl
2025-05-09 23:37:53,178 - INFO - Loaded HPO parameters
2025-05-09 23:37:53,179 - INFO - Preparing datasets...
2025-05-09 23:37:53,804 - INFO - Prepared datasets: 1165 train & 1000 validation samples
2025-05-09 23:37:53,894 - INFO - Initializing model...
2025-05-09 23:37:53,898 - INFO - Fitting model...
2025-05-09 23:44:10,886 - INFO - Saved weights to /s/ls4/users/selibrin/spiking_researches/correlation_encoding_and_training/mnist/hpo/mozafari_spk_single_input_multi_out/hpo_data/hpo_iteration_data/4339501/estimator_1_neuron_0_weights.npy
2025-05-09 23:44:10,887 - INFO - Evaluating model...
2025-05-09 23:49:19,582 - INFO - Saved validation outputs to /s/ls4/users/selibrin/spiking_researches/correlation_encoding_and_training/mnist/hpo/mozafari_spk_single_input_multi_out/hpo_data/hpo_iteration_data/4339501/estimator_1_neuron_0_validation_outputs.npy
2025-05-09 23:49:19,583 - INFO - Waiting for parameters file: /s/ls4/users/selibrin/spiking_researches/correlation_encoding_and_training/mnist/hpo/mozafari_spk_single_input_multi_out/hpo_data/hpo_iteration_data/4339501/params_1_0.pkl
2025-05-09 23:51:29,726 - INFO - Loaded HPO parameters
2025-05-09 23:51:29,727 - INFO - Preparing datasets...
2025-05-09 23:51:30,295 - INFO - Prepared datasets: 291 train & 1000 validation samples
2025-05-09 23:51:30,299 - INFO - Initializing model...
2025-05-09 23:51:30,304 - INFO - Fitting model...
2025-05-09 23:53:02,685 - INFO - Saved weights to /s/ls4/users/selibrin/spiking_researches/correlation_encoding_and_training/mnist/hpo/mozafari_spk_single_input_multi_out/hpo_data/hpo_iteration_data/4339501/estimator_1_neuron_0_weights.npy
2025-05-09 23:53:02,685 - INFO - Evaluating model...
2025-05-09 23:58:12,142 - INFO - Saved validation outputs to /s/ls4/users/selibrin/spiking_researches/correlation_encoding_and_training/mnist/hpo/mozafari_spk_single_input_multi_out/hpo_data/hpo_iteration_data/4339501/estimator_1_neuron_0_validation_outputs.npy
2025-05-09 23:58:12,143 - INFO - Waiting for parameters file: /s/ls4/users/selibrin/spiking_researches/correlation_encoding_and_training/mnist/hpo/mozafari_spk_single_input_multi_out/hpo_data/hpo_iteration_data/4339501/params_1_0.pkl
2025-05-09 23:59:32,233 - INFO - Loaded HPO parameters
2025-05-09 23:59:32,233 - INFO - Preparing datasets...
2025-05-09 23:59:32,849 - INFO - Prepared datasets: 1165 train & 1000 validation samples
2025-05-09 23:59:32,854 - INFO - Initializing model...
2025-05-09 23:59:32,860 - INFO - Fitting model...
2025-05-10 00:05:56,398 - INFO - Saved weights to /s/ls4/users/selibrin/spiking_researches/correlation_encoding_and_training/mnist/hpo/mozafari_spk_single_input_multi_out/hpo_data/hpo_iteration_data/4339501/estimator_1_neuron_0_weights.npy
2025-05-10 00:05:56,399 - INFO - Evaluating model...
2025-05-10 00:11:10,859 - INFO - Saved validation outputs to /s/ls4/users/selibrin/spiking_researches/correlation_encoding_and_training/mnist/hpo/mozafari_spk_single_input_multi_out/hpo_data/hpo_iteration_data/4339501/estimator_1_neuron_0_validation_outputs.npy
2025-05-10 00:11:10,860 - INFO - Waiting for parameters file: /s/ls4/users/selibrin/spiking_researches/correlation_encoding_and_training/mnist/hpo/mozafari_spk_single_input_multi_out/hpo_data/hpo_iteration_data/4339501/params_1_0.pkl
2025-05-10 00:13:41,021 - INFO - Loaded HPO parameters
2025-05-10 00:13:41,022 - INFO - Preparing datasets...
2025-05-10 00:13:41,939 - INFO - Prepared datasets: 582 train & 1000 validation samples
2025-05-10 00:13:41,957 - INFO - Initializing model...
2025-05-10 00:13:41,962 - INFO - Fitting model...
2025-05-10 00:16:55,140 - INFO - Saved weights to /s/ls4/users/selibrin/spiking_researches/correlation_encoding_and_training/mnist/hpo/mozafari_spk_single_input_multi_out/hpo_data/hpo_iteration_data/4339501/estimator_1_neuron_0_weights.npy
2025-05-10 00:16:55,141 - INFO - Evaluating model...
2025-05-10 00:22:15,675 - INFO - Saved validation outputs to /s/ls4/users/selibrin/spiking_researches/correlation_encoding_and_training/mnist/hpo/mozafari_spk_single_input_multi_out/hpo_data/hpo_iteration_data/4339501/estimator_1_neuron_0_validation_outputs.npy
2025-05-10 00:22:15,675 - INFO - Waiting for parameters file: /s/ls4/users/selibrin/spiking_researches/correlation_encoding_and_training/mnist/hpo/mozafari_spk_single_input_multi_out/hpo_data/hpo_iteration_data/4339501/params_1_0.pkl
2025-05-10 00:24:15,809 - INFO - Loaded HPO parameters
2025-05-10 00:24:15,809 - INFO - Preparing datasets...
2025-05-10 00:24:16,440 - INFO - Prepared datasets: 291 train & 1000 validation samples
2025-05-10 00:24:16,516 - INFO - Initializing model...
2025-05-10 00:24:16,521 - INFO - Fitting model...
2025-05-10 00:25:51,650 - INFO - Saved weights to /s/ls4/users/selibrin/spiking_researches/correlation_encoding_and_training/mnist/hpo/mozafari_spk_single_input_multi_out/hpo_data/hpo_iteration_data/4339501/estimator_1_neuron_0_weights.npy
2025-05-10 00:25:51,650 - INFO - Evaluating model...
2025-05-10 00:31:06,068 - INFO - Saved validation outputs to /s/ls4/users/selibrin/spiking_researches/correlation_encoding_and_training/mnist/hpo/mozafari_spk_single_input_multi_out/hpo_data/hpo_iteration_data/4339501/estimator_1_neuron_0_validation_outputs.npy
2025-05-10 00:31:06,068 - INFO - Waiting for parameters file: /s/ls4/users/selibrin/spiking_researches/correlation_encoding_and_training/mnist/hpo/mozafari_spk_single_input_multi_out/hpo_data/hpo_iteration_data/4339501/params_1_0.pkl
2025-05-10 00:32:51,188 - INFO - Loaded HPO parameters
2025-05-10 00:32:51,188 - INFO - Preparing datasets...
2025-05-10 00:32:51,864 - INFO - Prepared datasets: 291 train & 1000 validation samples
2025-05-10 00:32:51,879 - INFO - Initializing model...
2025-05-10 00:32:51,882 - INFO - Fitting model...
2025-05-10 00:34:27,365 - INFO - Saved weights to /s/ls4/users/selibrin/spiking_researches/correlation_encoding_and_training/mnist/hpo/mozafari_spk_single_input_multi_out/hpo_data/hpo_iteration_data/4339501/estimator_1_neuron_0_weights.npy
2025-05-10 00:34:27,365 - INFO - Evaluating model...
2025-05-10 00:39:49,808 - INFO - Saved validation outputs to /s/ls4/users/selibrin/spiking_researches/correlation_encoding_and_training/mnist/hpo/mozafari_spk_single_input_multi_out/hpo_data/hpo_iteration_data/4339501/estimator_1_neuron_0_validation_outputs.npy
2025-05-10 00:39:49,808 - INFO - Waiting for parameters file: /s/ls4/users/selibrin/spiking_researches/correlation_encoding_and_training/mnist/hpo/mozafari_spk_single_input_multi_out/hpo_data/hpo_iteration_data/4339501/params_1_0.pkl
2025-05-10 00:41:24,910 - INFO - Loaded HPO parameters
2025-05-10 00:41:24,910 - INFO - Preparing datasets...
2025-05-10 00:41:25,694 - INFO - Prepared datasets: 291 train & 1000 validation samples
2025-05-10 00:41:25,701 - INFO - Initializing model...
2025-05-10 00:41:25,706 - INFO - Fitting model...
2025-05-10 00:43:03,141 - INFO - Saved weights to /s/ls4/users/selibrin/spiking_researches/correlation_encoding_and_training/mnist/hpo/mozafari_spk_single_input_multi_out/hpo_data/hpo_iteration_data/4339501/estimator_1_neuron_0_weights.npy
2025-05-10 00:43:03,142 - INFO - Evaluating model...
2025-05-10 00:48:31,414 - INFO - Saved validation outputs to /s/ls4/users/selibrin/spiking_researches/correlation_encoding_and_training/mnist/hpo/mozafari_spk_single_input_multi_out/hpo_data/hpo_iteration_data/4339501/estimator_1_neuron_0_validation_outputs.npy
2025-05-10 00:48:31,415 - INFO - Waiting for parameters file: /s/ls4/users/selibrin/spiking_researches/correlation_encoding_and_training/mnist/hpo/mozafari_spk_single_input_multi_out/hpo_data/hpo_iteration_data/4339501/params_1_0.pkl
2025-05-10 00:50:01,519 - INFO - Loaded HPO parameters
2025-05-10 00:50:01,519 - INFO - Preparing datasets...
2025-05-10 00:50:02,382 - INFO - Prepared datasets: 291 train & 1000 validation samples
2025-05-10 00:50:02,442 - INFO - Initializing model...
2025-05-10 00:50:02,448 - INFO - Fitting model...
2025-05-10 00:51:38,466 - INFO - Saved weights to /s/ls4/users/selibrin/spiking_researches/correlation_encoding_and_training/mnist/hpo/mozafari_spk_single_input_multi_out/hpo_data/hpo_iteration_data/4339501/estimator_1_neuron_0_weights.npy
2025-05-10 00:51:38,467 - INFO - Evaluating model...
2025-05-10 00:56:45,683 - INFO - Saved validation outputs to /s/ls4/users/selibrin/spiking_researches/correlation_encoding_and_training/mnist/hpo/mozafari_spk_single_input_multi_out/hpo_data/hpo_iteration_data/4339501/estimator_1_neuron_0_validation_outputs.npy
2025-05-10 00:56:45,684 - INFO - Waiting for parameters file: /s/ls4/users/selibrin/spiking_researches/correlation_encoding_and_training/mnist/hpo/mozafari_spk_single_input_multi_out/hpo_data/hpo_iteration_data/4339501/params_1_0.pkl
2025-05-10 00:58:10,798 - INFO - Loaded HPO parameters
2025-05-10 00:58:10,798 - INFO - Preparing datasets...
2025-05-10 00:58:11,423 - INFO - Prepared datasets: 291 train & 1000 validation samples
2025-05-10 00:58:11,502 - INFO - Initializing model...
2025-05-10 00:58:11,507 - INFO - Fitting model...
2025-05-10 00:59:47,469 - INFO - Saved weights to /s/ls4/users/selibrin/spiking_researches/correlation_encoding_and_training/mnist/hpo/mozafari_spk_single_input_multi_out/hpo_data/hpo_iteration_data/4339501/estimator_1_neuron_0_weights.npy
2025-05-10 00:59:47,470 - INFO - Evaluating model...
2025-05-10 01:05:02,573 - INFO - Saved validation outputs to /s/ls4/users/selibrin/spiking_researches/correlation_encoding_and_training/mnist/hpo/mozafari_spk_single_input_multi_out/hpo_data/hpo_iteration_data/4339501/estimator_1_neuron_0_validation_outputs.npy
2025-05-10 01:05:02,574 - INFO - Waiting for parameters file: /s/ls4/users/selibrin/spiking_researches/correlation_encoding_and_training/mnist/hpo/mozafari_spk_single_input_multi_out/hpo_data/hpo_iteration_data/4339501/params_1_0.pkl
2025-05-10 01:06:12,656 - INFO - Loaded HPO parameters
2025-05-10 01:06:12,656 - INFO - Preparing datasets...
2025-05-10 01:06:14,381 - INFO - Prepared datasets: 582 train & 1000 validation samples
2025-05-10 01:06:14,386 - INFO - Initializing model...
2025-05-10 01:06:14,518 - INFO - Fitting model...
2025-05-10 01:09:26,457 - INFO - Saved weights to /s/ls4/users/selibrin/spiking_researches/correlation_encoding_and_training/mnist/hpo/mozafari_spk_single_input_multi_out/hpo_data/hpo_iteration_data/4339501/estimator_1_neuron_0_weights.npy
2025-05-10 01:09:26,457 - INFO - Evaluating model...
2025-05-10 01:14:51,450 - INFO - Saved validation outputs to /s/ls4/users/selibrin/spiking_researches/correlation_encoding_and_training/mnist/hpo/mozafari_spk_single_input_multi_out/hpo_data/hpo_iteration_data/4339501/estimator_1_neuron_0_validation_outputs.npy
2025-05-10 01:14:51,451 - INFO - Waiting for parameters file: /s/ls4/users/selibrin/spiking_researches/correlation_encoding_and_training/mnist/hpo/mozafari_spk_single_input_multi_out/hpo_data/hpo_iteration_data/4339501/params_1_0.pkl
2025-05-10 01:16:21,552 - INFO - Loaded HPO parameters
2025-05-10 01:16:21,552 - INFO - Preparing datasets...
2025-05-10 01:16:22,129 - INFO - Prepared datasets: 582 train & 1000 validation samples
2025-05-10 01:16:22,267 - INFO - Initializing model...
2025-05-10 01:16:22,273 - INFO - Fitting model...
2025-05-10 01:19:33,258 - INFO - Saved weights to /s/ls4/users/selibrin/spiking_researches/correlation_encoding_and_training/mnist/hpo/mozafari_spk_single_input_multi_out/hpo_data/hpo_iteration_data/4339501/estimator_1_neuron_0_weights.npy
2025-05-10 01:19:33,258 - INFO - Evaluating model...
2025-05-10 01:25:03,235 - INFO - Saved validation outputs to /s/ls4/users/selibrin/spiking_researches/correlation_encoding_and_training/mnist/hpo/mozafari_spk_single_input_multi_out/hpo_data/hpo_iteration_data/4339501/estimator_1_neuron_0_validation_outputs.npy
2025-05-10 01:25:03,236 - INFO - Waiting for parameters file: /s/ls4/users/selibrin/spiking_researches/correlation_encoding_and_training/mnist/hpo/mozafari_spk_single_input_multi_out/hpo_data/hpo_iteration_data/4339501/params_1_0.pkl
2025-05-10 01:26:28,337 - INFO - Loaded HPO parameters
2025-05-10 01:26:28,337 - INFO - Preparing datasets...
2025-05-10 01:26:29,184 - INFO - Prepared datasets: 1165 train & 1000 validation samples
2025-05-10 01:26:29,189 - INFO - Initializing model...
2025-05-10 01:26:29,194 - INFO - Fitting model...
2025-05-10 01:32:56,057 - INFO - Saved weights to /s/ls4/users/selibrin/spiking_researches/correlation_encoding_and_training/mnist/hpo/mozafari_spk_single_input_multi_out/hpo_data/hpo_iteration_data/4339501/estimator_1_neuron_0_weights.npy
2025-05-10 01:32:56,057 - INFO - Evaluating model...
2025-05-10 01:38:11,723 - INFO - Saved validation outputs to /s/ls4/users/selibrin/spiking_researches/correlation_encoding_and_training/mnist/hpo/mozafari_spk_single_input_multi_out/hpo_data/hpo_iteration_data/4339501/estimator_1_neuron_0_validation_outputs.npy
2025-05-10 01:38:11,723 - INFO - Waiting for parameters file: /s/ls4/users/selibrin/spiking_researches/correlation_encoding_and_training/mnist/hpo/mozafari_spk_single_input_multi_out/hpo_data/hpo_iteration_data/4339501/params_1_0.pkl
2025-05-10 01:40:31,877 - INFO - Loaded HPO parameters
2025-05-10 01:40:31,877 - INFO - Preparing datasets...
2025-05-10 01:40:32,690 - INFO - Prepared datasets: 1165 train & 1000 validation samples
2025-05-10 01:40:32,782 - INFO - Initializing model...
2025-05-10 01:40:32,787 - INFO - Fitting model...
2025-05-10 01:46:54,553 - INFO - Saved weights to /s/ls4/users/selibrin/spiking_researches/correlation_encoding_and_training/mnist/hpo/mozafari_spk_single_input_multi_out/hpo_data/hpo_iteration_data/4339501/estimator_1_neuron_0_weights.npy
2025-05-10 01:46:54,553 - INFO - Evaluating model...
2025-05-10 01:52:13,524 - INFO - Saved validation outputs to /s/ls4/users/selibrin/spiking_researches/correlation_encoding_and_training/mnist/hpo/mozafari_spk_single_input_multi_out/hpo_data/hpo_iteration_data/4339501/estimator_1_neuron_0_validation_outputs.npy
2025-05-10 01:52:13,524 - INFO - Waiting for parameters file: /s/ls4/users/selibrin/spiking_researches/correlation_encoding_and_training/mnist/hpo/mozafari_spk_single_input_multi_out/hpo_data/hpo_iteration_data/4339501/params_1_0.pkl
2025-05-10 01:54:38,704 - INFO - Loaded HPO parameters
2025-05-10 01:54:38,704 - INFO - Preparing datasets...
2025-05-10 01:54:39,410 - INFO - Prepared datasets: 291 train & 1000 validation samples
2025-05-10 01:54:39,464 - INFO - Initializing model...
2025-05-10 01:54:39,469 - INFO - Fitting model...
2025-05-10 01:56:15,850 - INFO - Saved weights to /s/ls4/users/selibrin/spiking_researches/correlation_encoding_and_training/mnist/hpo/mozafari_spk_single_input_multi_out/hpo_data/hpo_iteration_data/4339501/estimator_1_neuron_0_weights.npy
2025-05-10 01:56:15,850 - INFO - Evaluating model...
2025-05-10 02:01:24,384 - INFO - Saved validation outputs to /s/ls4/users/selibrin/spiking_researches/correlation_encoding_and_training/mnist/hpo/mozafari_spk_single_input_multi_out/hpo_data/hpo_iteration_data/4339501/estimator_1_neuron_0_validation_outputs.npy
2025-05-10 02:01:24,384 - INFO - Waiting for parameters file: /s/ls4/users/selibrin/spiking_researches/correlation_encoding_and_training/mnist/hpo/mozafari_spk_single_input_multi_out/hpo_data/hpo_iteration_data/4339501/params_1_0.pkl
2025-05-10 02:02:44,476 - INFO - Loaded HPO parameters
2025-05-10 02:02:44,476 - INFO - Preparing datasets...
2025-05-10 02:02:45,046 - INFO - Prepared datasets: 291 train & 1000 validation samples
2025-05-10 02:02:45,094 - INFO - Initializing model...
2025-05-10 02:02:45,099 - INFO - Fitting model...
2025-05-10 02:04:24,006 - INFO - Saved weights to /s/ls4/users/selibrin/spiking_researches/correlation_encoding_and_training/mnist/hpo/mozafari_spk_single_input_multi_out/hpo_data/hpo_iteration_data/4339501/estimator_1_neuron_0_weights.npy
2025-05-10 02:04:24,006 - INFO - Evaluating model...
2025-05-10 02:09:43,381 - INFO - Saved validation outputs to /s/ls4/users/selibrin/spiking_researches/correlation_encoding_and_training/mnist/hpo/mozafari_spk_single_input_multi_out/hpo_data/hpo_iteration_data/4339501/estimator_1_neuron_0_validation_outputs.npy
2025-05-10 02:09:43,381 - INFO - Waiting for parameters file: /s/ls4/users/selibrin/spiking_researches/correlation_encoding_and_training/mnist/hpo/mozafari_spk_single_input_multi_out/hpo_data/hpo_iteration_data/4339501/params_1_0.pkl
2025-05-10 02:11:18,490 - INFO - Loaded HPO parameters
2025-05-10 02:11:18,490 - INFO - Preparing datasets...
2025-05-10 02:11:19,080 - INFO - Prepared datasets: 291 train & 1000 validation samples
2025-05-10 02:11:19,087 - INFO - Initializing model...
2025-05-10 02:11:19,217 - INFO - Fitting model...
2025-05-10 02:12:56,399 - INFO - Saved weights to /s/ls4/users/selibrin/spiking_researches/correlation_encoding_and_training/mnist/hpo/mozafari_spk_single_input_multi_out/hpo_data/hpo_iteration_data/4339501/estimator_1_neuron_0_weights.npy
2025-05-10 02:12:56,399 - INFO - Evaluating model...
2025-05-10 02:18:17,642 - INFO - Saved validation outputs to /s/ls4/users/selibrin/spiking_researches/correlation_encoding_and_training/mnist/hpo/mozafari_spk_single_input_multi_out/hpo_data/hpo_iteration_data/4339501/estimator_1_neuron_0_validation_outputs.npy
2025-05-10 02:18:17,643 - INFO - Waiting for parameters file: /s/ls4/users/selibrin/spiking_researches/correlation_encoding_and_training/mnist/hpo/mozafari_spk_single_input_multi_out/hpo_data/hpo_iteration_data/4339501/params_1_0.pkl
2025-05-10 02:19:57,754 - INFO - Loaded HPO parameters
2025-05-10 02:19:57,754 - INFO - Preparing datasets...
2025-05-10 02:19:58,383 - INFO - Prepared datasets: 1165 train & 1000 validation samples
2025-05-10 02:19:58,397 - INFO - Initializing model...
2025-05-10 02:19:58,401 - INFO - Fitting model...
2025-05-10 02:26:21,957 - INFO - Saved weights to /s/ls4/users/selibrin/spiking_researches/correlation_encoding_and_training/mnist/hpo/mozafari_spk_single_input_multi_out/hpo_data/hpo_iteration_data/4339501/estimator_1_neuron_0_weights.npy
2025-05-10 02:26:21,958 - INFO - Evaluating model...
2025-05-10 02:31:40,039 - INFO - Saved validation outputs to /s/ls4/users/selibrin/spiking_researches/correlation_encoding_and_training/mnist/hpo/mozafari_spk_single_input_multi_out/hpo_data/hpo_iteration_data/4339501/estimator_1_neuron_0_validation_outputs.npy
2025-05-10 02:31:40,040 - INFO - Waiting for parameters file: /s/ls4/users/selibrin/spiking_researches/correlation_encoding_and_training/mnist/hpo/mozafari_spk_single_input_multi_out/hpo_data/hpo_iteration_data/4339501/params_1_0.pkl
2025-05-10 02:34:05,196 - INFO - Loaded HPO parameters
2025-05-10 02:34:05,196 - INFO - Preparing datasets...
2025-05-10 02:34:05,842 - INFO - Prepared datasets: 291 train & 1000 validation samples
2025-05-10 02:34:05,846 - INFO - Initializing model...
2025-05-10 02:34:05,850 - INFO - Fitting model...
2025-05-10 02:35:45,513 - INFO - Saved weights to /s/ls4/users/selibrin/spiking_researches/correlation_encoding_and_training/mnist/hpo/mozafari_spk_single_input_multi_out/hpo_data/hpo_iteration_data/4339501/estimator_1_neuron_0_weights.npy
2025-05-10 02:35:45,513 - INFO - Evaluating model...
2025-05-10 02:41:03,464 - INFO - Saved validation outputs to /s/ls4/users/selibrin/spiking_researches/correlation_encoding_and_training/mnist/hpo/mozafari_spk_single_input_multi_out/hpo_data/hpo_iteration_data/4339501/estimator_1_neuron_0_validation_outputs.npy
2025-05-10 02:41:03,465 - INFO - Waiting for parameters file: /s/ls4/users/selibrin/spiking_researches/correlation_encoding_and_training/mnist/hpo/mozafari_spk_single_input_multi_out/hpo_data/hpo_iteration_data/4339501/params_1_0.pkl
2025-05-10 02:42:38,570 - INFO - Loaded HPO parameters
2025-05-10 02:42:38,570 - INFO - Preparing datasets...
2025-05-10 02:42:39,201 - INFO - Prepared datasets: 1165 train & 1000 validation samples
2025-05-10 02:42:39,218 - INFO - Initializing model...
2025-05-10 02:42:39,223 - INFO - Fitting model...
2025-05-10 02:49:03,340 - INFO - Saved weights to /s/ls4/users/selibrin/spiking_researches/correlation_encoding_and_training/mnist/hpo/mozafari_spk_single_input_multi_out/hpo_data/hpo_iteration_data/4339501/estimator_1_neuron_0_weights.npy
2025-05-10 02:49:03,340 - INFO - Evaluating model...
2025-05-10 02:54:30,991 - INFO - Saved validation outputs to /s/ls4/users/selibrin/spiking_researches/correlation_encoding_and_training/mnist/hpo/mozafari_spk_single_input_multi_out/hpo_data/hpo_iteration_data/4339501/estimator_1_neuron_0_validation_outputs.npy
2025-05-10 02:54:30,991 - INFO - Waiting for parameters file: /s/ls4/users/selibrin/spiking_researches/correlation_encoding_and_training/mnist/hpo/mozafari_spk_single_input_multi_out/hpo_data/hpo_iteration_data/4339501/params_1_0.pkl
2025-05-10 02:56:16,108 - INFO - Loaded HPO parameters
2025-05-10 02:56:16,108 - INFO - Preparing datasets...
2025-05-10 02:56:16,731 - INFO - Prepared datasets: 582 train & 1000 validation samples
2025-05-10 02:56:16,735 - INFO - Initializing model...
2025-05-10 02:56:16,741 - INFO - Fitting model...
2025-05-10 02:59:27,446 - INFO - Saved weights to /s/ls4/users/selibrin/spiking_researches/correlation_encoding_and_training/mnist/hpo/mozafari_spk_single_input_multi_out/hpo_data/hpo_iteration_data/4339501/estimator_1_neuron_0_weights.npy
2025-05-10 02:59:27,447 - INFO - Evaluating model...
2025-05-10 03:04:44,921 - INFO - Saved validation outputs to /s/ls4/users/selibrin/spiking_researches/correlation_encoding_and_training/mnist/hpo/mozafari_spk_single_input_multi_out/hpo_data/hpo_iteration_data/4339501/estimator_1_neuron_0_validation_outputs.npy
2025-05-10 03:04:44,921 - INFO - Waiting for parameters file: /s/ls4/users/selibrin/spiking_researches/correlation_encoding_and_training/mnist/hpo/mozafari_spk_single_input_multi_out/hpo_data/hpo_iteration_data/4339501/params_1_0.pkl
2025-05-10 03:06:20,028 - INFO - Loaded HPO parameters
2025-05-10 03:06:20,028 - INFO - Preparing datasets...
2025-05-10 03:06:20,611 - INFO - Prepared datasets: 1165 train & 1000 validation samples
2025-05-10 03:06:20,615 - INFO - Initializing model...
2025-05-10 03:06:20,620 - INFO - Fitting model...
2025-05-10 03:12:35,414 - INFO - Saved weights to /s/ls4/users/selibrin/spiking_researches/correlation_encoding_and_training/mnist/hpo/mozafari_spk_single_input_multi_out/hpo_data/hpo_iteration_data/4339501/estimator_1_neuron_0_weights.npy
2025-05-10 03:12:35,414 - INFO - Evaluating model...
2025-05-10 03:17:56,944 - INFO - Saved validation outputs to /s/ls4/users/selibrin/spiking_researches/correlation_encoding_and_training/mnist/hpo/mozafari_spk_single_input_multi_out/hpo_data/hpo_iteration_data/4339501/estimator_1_neuron_0_validation_outputs.npy
2025-05-10 03:17:56,944 - INFO - Waiting for parameters file: /s/ls4/users/selibrin/spiking_researches/correlation_encoding_and_training/mnist/hpo/mozafari_spk_single_input_multi_out/hpo_data/hpo_iteration_data/4339501/params_1_0.pkl
2025-05-10 03:20:27,106 - INFO - Loaded HPO parameters
2025-05-10 03:20:27,106 - INFO - Preparing datasets...
2025-05-10 03:20:28,039 - INFO - Prepared datasets: 1165 train & 1000 validation samples
2025-05-10 03:20:28,044 - INFO - Initializing model...
2025-05-10 03:20:28,049 - INFO - Fitting model...
2025-05-10 03:26:50,562 - INFO - Saved weights to /s/ls4/users/selibrin/spiking_researches/correlation_encoding_and_training/mnist/hpo/mozafari_spk_single_input_multi_out/hpo_data/hpo_iteration_data/4339501/estimator_1_neuron_0_weights.npy
2025-05-10 03:26:50,562 - INFO - Evaluating model...
2025-05-10 03:32:20,343 - INFO - Saved validation outputs to /s/ls4/users/selibrin/spiking_researches/correlation_encoding_and_training/mnist/hpo/mozafari_spk_single_input_multi_out/hpo_data/hpo_iteration_data/4339501/estimator_1_neuron_0_validation_outputs.npy
2025-05-10 03:32:20,344 - INFO - Waiting for parameters file: /s/ls4/users/selibrin/spiking_researches/correlation_encoding_and_training/mnist/hpo/mozafari_spk_single_input_multi_out/hpo_data/hpo_iteration_data/4339501/params_1_0.pkl
2025-05-10 03:34:35,519 - INFO - Loaded HPO parameters
2025-05-10 03:34:35,520 - INFO - Preparing datasets...
2025-05-10 03:34:36,380 - INFO - Prepared datasets: 291 train & 1000 validation samples
2025-05-10 03:34:36,472 - INFO - Initializing model...
2025-05-10 03:34:36,477 - INFO - Fitting model...
2025-05-10 03:36:19,474 - INFO - Saved weights to /s/ls4/users/selibrin/spiking_researches/correlation_encoding_and_training/mnist/hpo/mozafari_spk_single_input_multi_out/hpo_data/hpo_iteration_data/4339501/estimator_1_neuron_0_weights.npy
2025-05-10 03:36:19,475 - INFO - Evaluating model...
2025-05-10 03:41:46,048 - INFO - Saved validation outputs to /s/ls4/users/selibrin/spiking_researches/correlation_encoding_and_training/mnist/hpo/mozafari_spk_single_input_multi_out/hpo_data/hpo_iteration_data/4339501/estimator_1_neuron_0_validation_outputs.npy
2025-05-10 03:41:46,048 - INFO - Waiting for parameters file: /s/ls4/users/selibrin/spiking_researches/correlation_encoding_and_training/mnist/hpo/mozafari_spk_single_input_multi_out/hpo_data/hpo_iteration_data/4339501/params_1_0.pkl
2025-05-10 03:42:41,115 - INFO - Loaded HPO parameters
2025-05-10 03:42:41,116 - INFO - Preparing datasets...
2025-05-10 03:42:42,012 - INFO - Prepared datasets: 1165 train & 1000 validation samples
2025-05-10 03:42:42,098 - INFO - Initializing model...
2025-05-10 03:42:42,104 - INFO - Fitting model...
2025-05-10 03:49:02,338 - INFO - Saved weights to /s/ls4/users/selibrin/spiking_researches/correlation_encoding_and_training/mnist/hpo/mozafari_spk_single_input_multi_out/hpo_data/hpo_iteration_data/4339501/estimator_1_neuron_0_weights.npy
2025-05-10 03:49:02,338 - INFO - Evaluating model...
2025-05-10 03:54:25,131 - INFO - Saved validation outputs to /s/ls4/users/selibrin/spiking_researches/correlation_encoding_and_training/mnist/hpo/mozafari_spk_single_input_multi_out/hpo_data/hpo_iteration_data/4339501/estimator_1_neuron_0_validation_outputs.npy
2025-05-10 03:54:25,131 - INFO - Waiting for parameters file: /s/ls4/users/selibrin/spiking_researches/correlation_encoding_and_training/mnist/hpo/mozafari_spk_single_input_multi_out/hpo_data/hpo_iteration_data/4339501/params_1_0.pkl
2025-05-10 03:56:15,253 - INFO - Loaded HPO parameters
2025-05-10 03:56:15,253 - INFO - Preparing datasets...
2025-05-10 03:56:16,069 - INFO - Prepared datasets: 1165 train & 1000 validation samples
2025-05-10 03:56:16,121 - INFO - Initializing model...
2025-05-10 03:56:16,139 - INFO - Fitting model...
2025-05-10 04:02:46,882 - INFO - Saved weights to /s/ls4/users/selibrin/spiking_researches/correlation_encoding_and_training/mnist/hpo/mozafari_spk_single_input_multi_out/hpo_data/hpo_iteration_data/4339501/estimator_1_neuron_0_weights.npy
2025-05-10 04:02:46,883 - INFO - Evaluating model...
2025-05-10 04:08:39,586 - INFO - Saved validation outputs to /s/ls4/users/selibrin/spiking_researches/correlation_encoding_and_training/mnist/hpo/mozafari_spk_single_input_multi_out/hpo_data/hpo_iteration_data/4339501/estimator_1_neuron_0_validation_outputs.npy
2025-05-10 04:08:39,587 - INFO - Waiting for parameters file: /s/ls4/users/selibrin/spiking_researches/correlation_encoding_and_training/mnist/hpo/mozafari_spk_single_input_multi_out/hpo_data/hpo_iteration_data/4339501/params_1_0.pkl
2025-05-10 04:10:19,703 - INFO - Loaded HPO parameters
2025-05-10 04:10:19,704 - INFO - Preparing datasets...
2025-05-10 04:10:20,471 - INFO - Prepared datasets: 1165 train & 1000 validation samples
2025-05-10 04:10:20,517 - INFO - Initializing model...
2025-05-10 04:10:20,526 - INFO - Fitting model...
2025-05-10 04:17:06,716 - INFO - Saved weights to /s/ls4/users/selibrin/spiking_researches/correlation_encoding_and_training/mnist/hpo/mozafari_spk_single_input_multi_out/hpo_data/hpo_iteration_data/4339501/estimator_1_neuron_0_weights.npy
2025-05-10 04:17:06,716 - INFO - Evaluating model...
2025-05-10 04:22:34,128 - INFO - Saved validation outputs to /s/ls4/users/selibrin/spiking_researches/correlation_encoding_and_training/mnist/hpo/mozafari_spk_single_input_multi_out/hpo_data/hpo_iteration_data/4339501/estimator_1_neuron_0_validation_outputs.npy
2025-05-10 04:22:34,129 - INFO - Waiting for parameters file: /s/ls4/users/selibrin/spiking_researches/correlation_encoding_and_training/mnist/hpo/mozafari_spk_single_input_multi_out/hpo_data/hpo_iteration_data/4339501/params_1_0.pkl
2025-05-10 04:24:29,250 - INFO - Loaded HPO parameters
2025-05-10 04:24:29,251 - INFO - Preparing datasets...
2025-05-10 04:24:29,939 - INFO - Prepared datasets: 582 train & 1000 validation samples
2025-05-10 04:24:29,983 - INFO - Initializing model...
2025-05-10 04:24:29,988 - INFO - Fitting model...
2025-05-10 04:27:43,173 - INFO - Saved weights to /s/ls4/users/selibrin/spiking_researches/correlation_encoding_and_training/mnist/hpo/mozafari_spk_single_input_multi_out/hpo_data/hpo_iteration_data/4339501/estimator_1_neuron_0_weights.npy
2025-05-10 04:27:43,174 - INFO - Evaluating model...
2025-05-10 04:33:08,383 - INFO - Saved validation outputs to /s/ls4/users/selibrin/spiking_researches/correlation_encoding_and_training/mnist/hpo/mozafari_spk_single_input_multi_out/hpo_data/hpo_iteration_data/4339501/estimator_1_neuron_0_validation_outputs.npy
2025-05-10 04:33:08,383 - INFO - Waiting for parameters file: /s/ls4/users/selibrin/spiking_researches/correlation_encoding_and_training/mnist/hpo/mozafari_spk_single_input_multi_out/hpo_data/hpo_iteration_data/4339501/params_1_0.pkl
2025-05-10 04:34:33,481 - INFO - Loaded HPO parameters
2025-05-10 04:34:33,481 - INFO - Preparing datasets...
2025-05-10 04:34:34,193 - INFO - Prepared datasets: 291 train & 1000 validation samples
2025-05-10 04:34:34,197 - INFO - Initializing model...
2025-05-10 04:34:34,202 - INFO - Fitting model...
2025-05-10 04:36:16,298 - INFO - Saved weights to /s/ls4/users/selibrin/spiking_researches/correlation_encoding_and_training/mnist/hpo/mozafari_spk_single_input_multi_out/hpo_data/hpo_iteration_data/4339501/estimator_1_neuron_0_weights.npy
2025-05-10 04:36:16,298 - INFO - Evaluating model...
2025-05-10 04:42:00,294 - INFO - Saved validation outputs to /s/ls4/users/selibrin/spiking_researches/correlation_encoding_and_training/mnist/hpo/mozafari_spk_single_input_multi_out/hpo_data/hpo_iteration_data/4339501/estimator_1_neuron_0_validation_outputs.npy
2025-05-10 04:42:00,295 - INFO - Waiting for parameters file: /s/ls4/users/selibrin/spiking_researches/correlation_encoding_and_training/mnist/hpo/mozafari_spk_single_input_multi_out/hpo_data/hpo_iteration_data/4339501/params_1_0.pkl
2025-05-10 04:43:10,380 - INFO - Loaded HPO parameters
2025-05-10 04:43:10,380 - INFO - Preparing datasets...
2025-05-10 04:43:10,961 - INFO - Prepared datasets: 1165 train & 1000 validation samples
2025-05-10 04:43:10,965 - INFO - Initializing model...
2025-05-10 04:43:10,969 - INFO - Fitting model...
2025-05-10 04:49:35,915 - INFO - Saved weights to /s/ls4/users/selibrin/spiking_researches/correlation_encoding_and_training/mnist/hpo/mozafari_spk_single_input_multi_out/hpo_data/hpo_iteration_data/4339501/estimator_1_neuron_0_weights.npy
2025-05-10 04:49:35,915 - INFO - Evaluating model...
2025-05-10 04:55:08,340 - INFO - Saved validation outputs to /s/ls4/users/selibrin/spiking_researches/correlation_encoding_and_training/mnist/hpo/mozafari_spk_single_input_multi_out/hpo_data/hpo_iteration_data/4339501/estimator_1_neuron_0_validation_outputs.npy
2025-05-10 04:55:08,341 - INFO - Waiting for parameters file: /s/ls4/users/selibrin/spiking_researches/correlation_encoding_and_training/mnist/hpo/mozafari_spk_single_input_multi_out/hpo_data/hpo_iteration_data/4339501/params_1_0.pkl
2025-05-10 04:57:13,480 - INFO - Loaded HPO parameters
2025-05-10 04:57:13,481 - INFO - Preparing datasets...
2025-05-10 04:57:14,401 - INFO - Prepared datasets: 1165 train & 1000 validation samples
2025-05-10 04:57:14,415 - INFO - Initializing model...
2025-05-10 04:57:14,422 - INFO - Fitting model...
2025-05-10 05:03:48,181 - INFO - Saved weights to /s/ls4/users/selibrin/spiking_researches/correlation_encoding_and_training/mnist/hpo/mozafari_spk_single_input_multi_out/hpo_data/hpo_iteration_data/4339501/estimator_1_neuron_0_weights.npy
2025-05-10 05:03:48,181 - INFO - Evaluating model...
2025-05-10 05:09:12,856 - INFO - Saved validation outputs to /s/ls4/users/selibrin/spiking_researches/correlation_encoding_and_training/mnist/hpo/mozafari_spk_single_input_multi_out/hpo_data/hpo_iteration_data/4339501/estimator_1_neuron_0_validation_outputs.npy
2025-05-10 05:09:12,857 - INFO - Waiting for parameters file: /s/ls4/users/selibrin/spiking_researches/correlation_encoding_and_training/mnist/hpo/mozafari_spk_single_input_multi_out/hpo_data/hpo_iteration_data/4339501/params_1_0.pkl
2025-05-10 05:11:23,004 - INFO - Loaded HPO parameters
2025-05-10 05:11:23,005 - INFO - Preparing datasets...
2025-05-10 05:11:23,677 - INFO - Prepared datasets: 1165 train & 1000 validation samples
2025-05-10 05:11:23,782 - INFO - Initializing model...
2025-05-10 05:11:23,787 - INFO - Fitting model...
2025-05-10 05:17:59,529 - INFO - Saved weights to /s/ls4/users/selibrin/spiking_researches/correlation_encoding_and_training/mnist/hpo/mozafari_spk_single_input_multi_out/hpo_data/hpo_iteration_data/4339501/estimator_1_neuron_0_weights.npy
2025-05-10 05:17:59,529 - INFO - Evaluating model...
2025-05-10 05:23:29,614 - INFO - Saved validation outputs to /s/ls4/users/selibrin/spiking_researches/correlation_encoding_and_training/mnist/hpo/mozafari_spk_single_input_multi_out/hpo_data/hpo_iteration_data/4339501/estimator_1_neuron_0_validation_outputs.npy
2025-05-10 05:23:29,615 - INFO - Waiting for parameters file: /s/ls4/users/selibrin/spiking_researches/correlation_encoding_and_training/mnist/hpo/mozafari_spk_single_input_multi_out/hpo_data/hpo_iteration_data/4339501/params_1_0.pkl
2025-05-10 05:25:29,751 - INFO - Loaded HPO parameters
2025-05-10 05:25:29,751 - INFO - Preparing datasets...
2025-05-10 05:25:30,335 - INFO - Prepared datasets: 1165 train & 1000 validation samples
2025-05-10 05:25:30,352 - INFO - Initializing model...
2025-05-10 05:25:30,358 - INFO - Fitting model...
2025-05-10 05:32:02,562 - INFO - Saved weights to /s/ls4/users/selibrin/spiking_researches/correlation_encoding_and_training/mnist/hpo/mozafari_spk_single_input_multi_out/hpo_data/hpo_iteration_data/4339501/estimator_1_neuron_0_weights.npy
2025-05-10 05:32:02,562 - INFO - Evaluating model...
2025-05-10 05:37:25,445 - INFO - Saved validation outputs to /s/ls4/users/selibrin/spiking_researches/correlation_encoding_and_training/mnist/hpo/mozafari_spk_single_input_multi_out/hpo_data/hpo_iteration_data/4339501/estimator_1_neuron_0_validation_outputs.npy
2025-05-10 05:37:25,445 - INFO - Waiting for parameters file: /s/ls4/users/selibrin/spiking_researches/correlation_encoding_and_training/mnist/hpo/mozafari_spk_single_input_multi_out/hpo_data/hpo_iteration_data/4339501/params_1_0.pkl
2025-05-10 05:39:35,584 - INFO - Loaded HPO parameters
2025-05-10 05:39:35,584 - INFO - Preparing datasets...
2025-05-10 05:39:36,584 - INFO - Prepared datasets: 1165 train & 1000 validation samples
2025-05-10 05:39:36,590 - INFO - Initializing model...
2025-05-10 05:39:36,596 - INFO - Fitting model...
2025-05-10 05:46:04,064 - INFO - Saved weights to /s/ls4/users/selibrin/spiking_researches/correlation_encoding_and_training/mnist/hpo/mozafari_spk_single_input_multi_out/hpo_data/hpo_iteration_data/4339501/estimator_1_neuron_0_weights.npy
2025-05-10 05:46:04,064 - INFO - Evaluating model...
2025-05-10 05:51:46,701 - INFO - Saved validation outputs to /s/ls4/users/selibrin/spiking_researches/correlation_encoding_and_training/mnist/hpo/mozafari_spk_single_input_multi_out/hpo_data/hpo_iteration_data/4339501/estimator_1_neuron_0_validation_outputs.npy
2025-05-10 05:51:46,701 - INFO - Waiting for parameters file: /s/ls4/users/selibrin/spiking_researches/correlation_encoding_and_training/mnist/hpo/mozafari_spk_single_input_multi_out/hpo_data/hpo_iteration_data/4339501/params_1_0.pkl
2025-05-10 05:53:41,831 - INFO - Loaded HPO parameters
2025-05-10 05:53:41,832 - INFO - Preparing datasets...
2025-05-10 05:53:42,773 - INFO - Prepared datasets: 1165 train & 1000 validation samples
2025-05-10 05:53:42,893 - INFO - Initializing model...
2025-05-10 05:53:42,901 - INFO - Fitting model...
2025-05-10 06:00:14,624 - INFO - Saved weights to /s/ls4/users/selibrin/spiking_researches/correlation_encoding_and_training/mnist/hpo/mozafari_spk_single_input_multi_out/hpo_data/hpo_iteration_data/4339501/estimator_1_neuron_0_weights.npy
2025-05-10 06:00:14,625 - INFO - Evaluating model...
2025-05-10 06:05:30,274 - INFO - Saved validation outputs to /s/ls4/users/selibrin/spiking_researches/correlation_encoding_and_training/mnist/hpo/mozafari_spk_single_input_multi_out/hpo_data/hpo_iteration_data/4339501/estimator_1_neuron_0_validation_outputs.npy
2025-05-10 06:05:30,275 - INFO - Waiting for parameters file: /s/ls4/users/selibrin/spiking_researches/correlation_encoding_and_training/mnist/hpo/mozafari_spk_single_input_multi_out/hpo_data/hpo_iteration_data/4339501/params_1_0.pkl
2025-05-10 06:07:45,442 - INFO - Loaded HPO parameters
2025-05-10 06:07:45,442 - INFO - Preparing datasets...
2025-05-10 06:07:46,312 - INFO - Prepared datasets: 1165 train & 1000 validation samples
2025-05-10 06:07:46,391 - INFO - Initializing model...
2025-05-10 06:07:46,396 - INFO - Fitting model...
2025-05-10 06:14:14,274 - INFO - Saved weights to /s/ls4/users/selibrin/spiking_researches/correlation_encoding_and_training/mnist/hpo/mozafari_spk_single_input_multi_out/hpo_data/hpo_iteration_data/4339501/estimator_1_neuron_0_weights.npy
2025-05-10 06:14:14,275 - INFO - Evaluating model...
2025-05-10 06:19:42,530 - INFO - Saved validation outputs to /s/ls4/users/selibrin/spiking_researches/correlation_encoding_and_training/mnist/hpo/mozafari_spk_single_input_multi_out/hpo_data/hpo_iteration_data/4339501/estimator_1_neuron_0_validation_outputs.npy
2025-05-10 06:19:42,531 - INFO - Waiting for parameters file: /s/ls4/users/selibrin/spiking_researches/correlation_encoding_and_training/mnist/hpo/mozafari_spk_single_input_multi_out/hpo_data/hpo_iteration_data/4339501/params_1_0.pkl
2025-05-10 06:21:52,673 - INFO - Loaded HPO parameters
2025-05-10 06:21:52,673 - INFO - Preparing datasets...
2025-05-10 06:21:53,423 - INFO - Prepared datasets: 291 train & 1000 validation samples
2025-05-10 06:21:53,488 - INFO - Initializing model...
2025-05-10 06:21:53,492 - INFO - Fitting model...
2025-05-10 06:23:33,423 - INFO - Saved weights to /s/ls4/users/selibrin/spiking_researches/correlation_encoding_and_training/mnist/hpo/mozafari_spk_single_input_multi_out/hpo_data/hpo_iteration_data/4339501/estimator_1_neuron_0_weights.npy
2025-05-10 06:23:33,424 - INFO - Evaluating model...
2025-05-10 06:29:04,557 - INFO - Saved validation outputs to /s/ls4/users/selibrin/spiking_researches/correlation_encoding_and_training/mnist/hpo/mozafari_spk_single_input_multi_out/hpo_data/hpo_iteration_data/4339501/estimator_1_neuron_0_validation_outputs.npy
2025-05-10 06:29:04,558 - INFO - Waiting for parameters file: /s/ls4/users/selibrin/spiking_researches/correlation_encoding_and_training/mnist/hpo/mozafari_spk_single_input_multi_out/hpo_data/hpo_iteration_data/4339501/params_1_0.pkl
2025-05-10 06:30:29,656 - INFO - Loaded HPO parameters
2025-05-10 06:30:29,657 - INFO - Preparing datasets...
2025-05-10 06:30:30,238 - INFO - Prepared datasets: 1165 train & 1000 validation samples
2025-05-10 06:30:30,263 - INFO - Initializing model...
2025-05-10 06:30:30,268 - INFO - Fitting model...
2025-05-10 06:37:09,003 - INFO - Saved weights to /s/ls4/users/selibrin/spiking_researches/correlation_encoding_and_training/mnist/hpo/mozafari_spk_single_input_multi_out/hpo_data/hpo_iteration_data/4339501/estimator_1_neuron_0_weights.npy
2025-05-10 06:37:09,004 - INFO - Evaluating model...
2025-05-10 06:42:30,859 - INFO - Saved validation outputs to /s/ls4/users/selibrin/spiking_researches/correlation_encoding_and_training/mnist/hpo/mozafari_spk_single_input_multi_out/hpo_data/hpo_iteration_data/4339501/estimator_1_neuron_0_validation_outputs.npy
2025-05-10 06:42:30,859 - INFO - Waiting for parameters file: /s/ls4/users/selibrin/spiking_researches/correlation_encoding_and_training/mnist/hpo/mozafari_spk_single_input_multi_out/hpo_data/hpo_iteration_data/4339501/params_1_0.pkl
2025-05-10 06:44:36,024 - INFO - Loaded HPO parameters
2025-05-10 06:44:36,025 - INFO - Preparing datasets...
2025-05-10 06:44:36,697 - INFO - Prepared datasets: 582 train & 1000 validation samples
2025-05-10 06:44:36,701 - INFO - Initializing model...
2025-05-10 06:44:36,706 - INFO - Fitting model...
2025-05-10 06:47:51,660 - INFO - Saved weights to /s/ls4/users/selibrin/spiking_researches/correlation_encoding_and_training/mnist/hpo/mozafari_spk_single_input_multi_out/hpo_data/hpo_iteration_data/4339501/estimator_1_neuron_0_weights.npy
2025-05-10 06:47:51,660 - INFO - Evaluating model...
2025-05-10 06:53:17,062 - INFO - Saved validation outputs to /s/ls4/users/selibrin/spiking_researches/correlation_encoding_and_training/mnist/hpo/mozafari_spk_single_input_multi_out/hpo_data/hpo_iteration_data/4339501/estimator_1_neuron_0_validation_outputs.npy
2025-05-10 06:53:17,063 - INFO - Waiting for parameters file: /s/ls4/users/selibrin/spiking_researches/correlation_encoding_and_training/mnist/hpo/mozafari_spk_single_input_multi_out/hpo_data/hpo_iteration_data/4339501/params_1_0.pkl
2025-05-10 06:55:12,195 - INFO - Loaded HPO parameters
2025-05-10 06:55:12,195 - INFO - Preparing datasets...
2025-05-10 06:55:13,024 - INFO - Prepared datasets: 1165 train & 1000 validation samples
2025-05-10 06:55:13,044 - INFO - Initializing model...
2025-05-10 06:55:13,050 - INFO - Fitting model...
2025-05-10 07:01:37,948 - INFO - Saved weights to /s/ls4/users/selibrin/spiking_researches/correlation_encoding_and_training/mnist/hpo/mozafari_spk_single_input_multi_out/hpo_data/hpo_iteration_data/4339501/estimator_1_neuron_0_weights.npy
2025-05-10 07:01:37,949 - INFO - Evaluating model...
2025-05-10 07:07:04,358 - INFO - Saved validation outputs to /s/ls4/users/selibrin/spiking_researches/correlation_encoding_and_training/mnist/hpo/mozafari_spk_single_input_multi_out/hpo_data/hpo_iteration_data/4339501/estimator_1_neuron_0_validation_outputs.npy
2025-05-10 07:07:04,359 - INFO - Waiting for parameters file: /s/ls4/users/selibrin/spiking_researches/correlation_encoding_and_training/mnist/hpo/mozafari_spk_single_input_multi_out/hpo_data/hpo_iteration_data/4339501/params_1_0.pkl
2025-05-10 07:08:49,481 - INFO - Loaded HPO parameters
2025-05-10 07:08:49,481 - INFO - Preparing datasets...
2025-05-10 07:08:50,071 - INFO - Prepared datasets: 1165 train & 1000 validation samples
2025-05-10 07:08:50,107 - INFO - Initializing model...
2025-05-10 07:08:50,112 - INFO - Fitting model...
2025-05-10 07:15:22,819 - INFO - Saved weights to /s/ls4/users/selibrin/spiking_researches/correlation_encoding_and_training/mnist/hpo/mozafari_spk_single_input_multi_out/hpo_data/hpo_iteration_data/4339501/estimator_1_neuron_0_weights.npy
2025-05-10 07:15:22,820 - INFO - Evaluating model...
2025-05-10 07:20:50,203 - INFO - Saved validation outputs to /s/ls4/users/selibrin/spiking_researches/correlation_encoding_and_training/mnist/hpo/mozafari_spk_single_input_multi_out/hpo_data/hpo_iteration_data/4339501/estimator_1_neuron_0_validation_outputs.npy
2025-05-10 07:20:50,204 - INFO - Waiting for parameters file: /s/ls4/users/selibrin/spiking_researches/correlation_encoding_and_training/mnist/hpo/mozafari_spk_single_input_multi_out/hpo_data/hpo_iteration_data/4339501/params_1_0.pkl
2025-05-10 07:22:55,343 - INFO - Loaded HPO parameters
2025-05-10 07:22:55,343 - INFO - Preparing datasets...
2025-05-10 07:22:56,177 - INFO - Prepared datasets: 582 train & 1000 validation samples
2025-05-10 07:22:56,182 - INFO - Initializing model...
2025-05-10 07:22:56,188 - INFO - Fitting model...
2025-05-10 07:26:18,933 - INFO - Saved weights to /s/ls4/users/selibrin/spiking_researches/correlation_encoding_and_training/mnist/hpo/mozafari_spk_single_input_multi_out/hpo_data/hpo_iteration_data/4339501/estimator_1_neuron_0_weights.npy
2025-05-10 07:26:18,934 - INFO - Evaluating model...
2025-05-10 07:31:29,832 - INFO - Saved validation outputs to /s/ls4/users/selibrin/spiking_researches/correlation_encoding_and_training/mnist/hpo/mozafari_spk_single_input_multi_out/hpo_data/hpo_iteration_data/4339501/estimator_1_neuron_0_validation_outputs.npy
2025-05-10 07:31:29,833 - INFO - Waiting for parameters file: /s/ls4/users/selibrin/spiking_researches/correlation_encoding_and_training/mnist/hpo/mozafari_spk_single_input_multi_out/hpo_data/hpo_iteration_data/4339501/params_1_0.pkl
2025-05-10 07:32:59,949 - INFO - Loaded HPO parameters
2025-05-10 07:32:59,950 - INFO - Preparing datasets...
2025-05-10 07:33:00,520 - INFO - Prepared datasets: 291 train & 1000 validation samples
2025-05-10 07:33:00,579 - INFO - Initializing model...
2025-05-10 07:33:00,584 - INFO - Fitting model...
2025-05-10 07:34:45,596 - INFO - Saved weights to /s/ls4/users/selibrin/spiking_researches/correlation_encoding_and_training/mnist/hpo/mozafari_spk_single_input_multi_out/hpo_data/hpo_iteration_data/4339501/estimator_1_neuron_0_weights.npy
2025-05-10 07:34:45,596 - INFO - Evaluating model...
2025-05-10 07:40:17,168 - INFO - Saved validation outputs to /s/ls4/users/selibrin/spiking_researches/correlation_encoding_and_training/mnist/hpo/mozafari_spk_single_input_multi_out/hpo_data/hpo_iteration_data/4339501/estimator_1_neuron_0_validation_outputs.npy
2025-05-10 07:40:17,169 - INFO - Waiting for parameters file: /s/ls4/users/selibrin/spiking_researches/correlation_encoding_and_training/mnist/hpo/mozafari_spk_single_input_multi_out/hpo_data/hpo_iteration_data/4339501/params_1_0.pkl
2025-05-10 07:41:37,261 - INFO - Loaded HPO parameters
2025-05-10 07:41:37,262 - INFO - Preparing datasets...
2025-05-10 07:41:38,202 - INFO - Prepared datasets: 1165 train & 1000 validation samples
2025-05-10 07:41:38,211 - INFO - Initializing model...
2025-05-10 07:41:38,216 - INFO - Fitting model...
2025-05-10 07:48:17,816 - INFO - Saved weights to /s/ls4/users/selibrin/spiking_researches/correlation_encoding_and_training/mnist/hpo/mozafari_spk_single_input_multi_out/hpo_data/hpo_iteration_data/4339501/estimator_1_neuron_0_weights.npy
2025-05-10 07:48:17,817 - INFO - Evaluating model...
2025-05-10 07:53:55,559 - INFO - Saved validation outputs to /s/ls4/users/selibrin/spiking_researches/correlation_encoding_and_training/mnist/hpo/mozafari_spk_single_input_multi_out/hpo_data/hpo_iteration_data/4339501/estimator_1_neuron_0_validation_outputs.npy
2025-05-10 07:53:55,559 - INFO - Waiting for parameters file: /s/ls4/users/selibrin/spiking_researches/correlation_encoding_and_training/mnist/hpo/mozafari_spk_single_input_multi_out/hpo_data/hpo_iteration_data/4339501/params_1_0.pkl
2025-05-10 07:55:45,690 - INFO - Loaded HPO parameters
2025-05-10 07:55:45,690 - INFO - Preparing datasets...
2025-05-10 07:55:46,514 - INFO - Prepared datasets: 1165 train & 1000 validation samples
2025-05-10 07:55:46,608 - INFO - Initializing model...
2025-05-10 07:55:46,612 - INFO - Fitting model...
2025-05-10 08:02:27,916 - INFO - Saved weights to /s/ls4/users/selibrin/spiking_researches/correlation_encoding_and_training/mnist/hpo/mozafari_spk_single_input_multi_out/hpo_data/hpo_iteration_data/4339501/estimator_1_neuron_0_weights.npy
2025-05-10 08:02:27,916 - INFO - Evaluating model...
2025-05-10 08:08:00,648 - INFO - Saved validation outputs to /s/ls4/users/selibrin/spiking_researches/correlation_encoding_and_training/mnist/hpo/mozafari_spk_single_input_multi_out/hpo_data/hpo_iteration_data/4339501/estimator_1_neuron_0_validation_outputs.npy
2025-05-10 08:08:00,648 - INFO - Waiting for parameters file: /s/ls4/users/selibrin/spiking_researches/correlation_encoding_and_training/mnist/hpo/mozafari_spk_single_input_multi_out/hpo_data/hpo_iteration_data/4339501/params_1_0.pkl
2025-05-10 08:09:50,777 - INFO - Loaded HPO parameters
2025-05-10 08:09:50,778 - INFO - Preparing datasets...
2025-05-10 08:09:51,595 - INFO - Prepared datasets: 1165 train & 1000 validation samples
2025-05-10 08:09:51,650 - INFO - Initializing model...
2025-05-10 08:09:51,655 - INFO - Fitting model...
2025-05-10 08:16:29,388 - INFO - Saved weights to /s/ls4/users/selibrin/spiking_researches/correlation_encoding_and_training/mnist/hpo/mozafari_spk_single_input_multi_out/hpo_data/hpo_iteration_data/4339501/estimator_1_neuron_0_weights.npy
2025-05-10 08:16:29,388 - INFO - Evaluating model...
2025-05-10 08:22:01,950 - INFO - Saved validation outputs to /s/ls4/users/selibrin/spiking_researches/correlation_encoding_and_training/mnist/hpo/mozafari_spk_single_input_multi_out/hpo_data/hpo_iteration_data/4339501/estimator_1_neuron_0_validation_outputs.npy
2025-05-10 08:22:01,951 - INFO - Waiting for parameters file: /s/ls4/users/selibrin/spiking_researches/correlation_encoding_and_training/mnist/hpo/mozafari_spk_single_input_multi_out/hpo_data/hpo_iteration_data/4339501/params_1_0.pkl
2025-05-10 08:23:57,078 - INFO - Loaded HPO parameters
2025-05-10 08:23:57,079 - INFO - Preparing datasets...
2025-05-10 08:23:57,738 - INFO - Prepared datasets: 291 train & 1000 validation samples
2025-05-10 08:23:57,764 - INFO - Initializing model...
2025-05-10 08:23:57,769 - INFO - Fitting model...
2025-05-10 08:25:39,000 - INFO - Saved weights to /s/ls4/users/selibrin/spiking_researches/correlation_encoding_and_training/mnist/hpo/mozafari_spk_single_input_multi_out/hpo_data/hpo_iteration_data/4339501/estimator_1_neuron_0_weights.npy
2025-05-10 08:25:39,000 - INFO - Evaluating model...
2025-05-10 08:31:24,263 - INFO - Saved validation outputs to /s/ls4/users/selibrin/spiking_researches/correlation_encoding_and_training/mnist/hpo/mozafari_spk_single_input_multi_out/hpo_data/hpo_iteration_data/4339501/estimator_1_neuron_0_validation_outputs.npy
2025-05-10 08:31:24,263 - INFO - Waiting for parameters file: /s/ls4/users/selibrin/spiking_researches/correlation_encoding_and_training/mnist/hpo/mozafari_spk_single_input_multi_out/hpo_data/hpo_iteration_data/4339501/params_1_0.pkl
2025-05-10 08:32:34,344 - INFO - Loaded HPO parameters
2025-05-10 08:32:34,344 - INFO - Preparing datasets...
2025-05-10 08:32:35,053 - INFO - Prepared datasets: 291 train & 1000 validation samples
2025-05-10 08:32:35,059 - INFO - Initializing model...
2025-05-10 08:32:35,064 - INFO - Fitting model...
2025-05-10 08:34:20,977 - INFO - Saved weights to /s/ls4/users/selibrin/spiking_researches/correlation_encoding_and_training/mnist/hpo/mozafari_spk_single_input_multi_out/hpo_data/hpo_iteration_data/4339501/estimator_1_neuron_0_weights.npy
2025-05-10 08:34:20,978 - INFO - Evaluating model...
2025-05-10 08:40:00,316 - INFO - Saved validation outputs to /s/ls4/users/selibrin/spiking_researches/correlation_encoding_and_training/mnist/hpo/mozafari_spk_single_input_multi_out/hpo_data/hpo_iteration_data/4339501/estimator_1_neuron_0_validation_outputs.npy
2025-05-10 08:40:00,316 - INFO - Waiting for parameters file: /s/ls4/users/selibrin/spiking_researches/correlation_encoding_and_training/mnist/hpo/mozafari_spk_single_input_multi_out/hpo_data/hpo_iteration_data/4339501/params_1_0.pkl
2025-05-10 08:41:40,427 - INFO - Loaded HPO parameters
2025-05-10 08:41:40,427 - INFO - Preparing datasets...
2025-05-10 08:41:41,198 - INFO - Prepared datasets: 291 train & 1000 validation samples
2025-05-10 08:41:41,217 - INFO - Initializing model...
2025-05-10 08:41:41,222 - INFO - Fitting model...
2025-05-10 08:43:23,275 - INFO - Saved weights to /s/ls4/users/selibrin/spiking_researches/correlation_encoding_and_training/mnist/hpo/mozafari_spk_single_input_multi_out/hpo_data/hpo_iteration_data/4339501/estimator_1_neuron_0_weights.npy
2025-05-10 08:43:23,275 - INFO - Evaluating model...
2025-05-10 08:48:53,403 - INFO - Saved validation outputs to /s/ls4/users/selibrin/spiking_researches/correlation_encoding_and_training/mnist/hpo/mozafari_spk_single_input_multi_out/hpo_data/hpo_iteration_data/4339501/estimator_1_neuron_0_validation_outputs.npy
2025-05-10 08:48:53,403 - INFO - Waiting for parameters file: /s/ls4/users/selibrin/spiking_researches/correlation_encoding_and_training/mnist/hpo/mozafari_spk_single_input_multi_out/hpo_data/hpo_iteration_data/4339501/params_1_0.pkl
2025-05-10 08:49:48,466 - INFO - Loaded HPO parameters
2025-05-10 08:49:48,466 - INFO - Preparing datasets...
2025-05-10 08:49:49,260 - INFO - Prepared datasets: 1165 train & 1000 validation samples
2025-05-10 08:49:49,320 - INFO - Initializing model...
2025-05-10 08:49:49,324 - INFO - Fitting model...
2025-05-10 08:56:39,129 - INFO - Saved weights to /s/ls4/users/selibrin/spiking_researches/correlation_encoding_and_training/mnist/hpo/mozafari_spk_single_input_multi_out/hpo_data/hpo_iteration_data/4339501/estimator_1_neuron_0_weights.npy
2025-05-10 08:56:39,130 - INFO - Evaluating model...
2025-05-10 09:02:21,372 - INFO - Saved validation outputs to /s/ls4/users/selibrin/spiking_researches/correlation_encoding_and_training/mnist/hpo/mozafari_spk_single_input_multi_out/hpo_data/hpo_iteration_data/4339501/estimator_1_neuron_0_validation_outputs.npy
2025-05-10 09:02:21,372 - INFO - Waiting for parameters file: /s/ls4/users/selibrin/spiking_researches/correlation_encoding_and_training/mnist/hpo/mozafari_spk_single_input_multi_out/hpo_data/hpo_iteration_data/4339501/params_1_0.pkl
2025-05-10 09:04:21,512 - INFO - Loaded HPO parameters
2025-05-10 09:04:21,512 - INFO - Preparing datasets...
2025-05-10 09:04:22,371 - INFO - Prepared datasets: 582 train & 1000 validation samples
2025-05-10 09:04:22,414 - INFO - Initializing model...
2025-05-10 09:04:22,419 - INFO - Fitting model...
2025-05-10 09:07:42,726 - INFO - Saved weights to /s/ls4/users/selibrin/spiking_researches/correlation_encoding_and_training/mnist/hpo/mozafari_spk_single_input_multi_out/hpo_data/hpo_iteration_data/4339501/estimator_1_neuron_0_weights.npy
2025-05-10 09:07:42,726 - INFO - Evaluating model...
2025-05-10 09:13:14,337 - INFO - Saved validation outputs to /s/ls4/users/selibrin/spiking_researches/correlation_encoding_and_training/mnist/hpo/mozafari_spk_single_input_multi_out/hpo_data/hpo_iteration_data/4339501/estimator_1_neuron_0_validation_outputs.npy
2025-05-10 09:13:14,337 - INFO - Waiting for parameters file: /s/ls4/users/selibrin/spiking_researches/correlation_encoding_and_training/mnist/hpo/mozafari_spk_single_input_multi_out/hpo_data/hpo_iteration_data/4339501/params_1_0.pkl
2025-05-10 09:14:59,456 - INFO - Loaded HPO parameters
2025-05-10 09:14:59,457 - INFO - Preparing datasets...
2025-05-10 09:15:00,094 - INFO - Prepared datasets: 291 train & 1000 validation samples
2025-05-10 09:15:00,155 - INFO - Initializing model...
2025-05-10 09:15:00,160 - INFO - Fitting model...
2025-05-10 09:16:49,793 - INFO - Saved weights to /s/ls4/users/selibrin/spiking_researches/correlation_encoding_and_training/mnist/hpo/mozafari_spk_single_input_multi_out/hpo_data/hpo_iteration_data/4339501/estimator_1_neuron_0_weights.npy
2025-05-10 09:16:49,794 - INFO - Evaluating model...
2025-05-10 09:22:25,378 - INFO - Saved validation outputs to /s/ls4/users/selibrin/spiking_researches/correlation_encoding_and_training/mnist/hpo/mozafari_spk_single_input_multi_out/hpo_data/hpo_iteration_data/4339501/estimator_1_neuron_0_validation_outputs.npy
2025-05-10 09:22:25,378 - INFO - Waiting for parameters file: /s/ls4/users/selibrin/spiking_researches/correlation_encoding_and_training/mnist/hpo/mozafari_spk_single_input_multi_out/hpo_data/hpo_iteration_data/4339501/params_1_0.pkl
2025-05-10 09:23:35,466 - INFO - Loaded HPO parameters
2025-05-10 09:23:35,467 - INFO - Preparing datasets...
2025-05-10 09:23:36,475 - INFO - Prepared datasets: 291 train & 1000 validation samples
2025-05-10 09:23:36,491 - INFO - Initializing model...
2025-05-10 09:23:36,497 - INFO - Fitting model...
2025-05-10 09:25:27,320 - INFO - Saved weights to /s/ls4/users/selibrin/spiking_researches/correlation_encoding_and_training/mnist/hpo/mozafari_spk_single_input_multi_out/hpo_data/hpo_iteration_data/4339501/estimator_1_neuron_0_weights.npy
2025-05-10 09:25:27,321 - INFO - Evaluating model...
2025-05-10 09:31:08,404 - INFO - Saved validation outputs to /s/ls4/users/selibrin/spiking_researches/correlation_encoding_and_training/mnist/hpo/mozafari_spk_single_input_multi_out/hpo_data/hpo_iteration_data/4339501/estimator_1_neuron_0_validation_outputs.npy
2025-05-10 09:31:08,405 - INFO - Waiting for parameters file: /s/ls4/users/selibrin/spiking_researches/correlation_encoding_and_training/mnist/hpo/mozafari_spk_single_input_multi_out/hpo_data/hpo_iteration_data/4339501/params_1_0.pkl
2025-05-10 09:32:13,481 - INFO - Loaded HPO parameters
2025-05-10 09:32:13,481 - INFO - Preparing datasets...
2025-05-10 09:32:14,153 - INFO - Prepared datasets: 1165 train & 1000 validation samples
2025-05-10 09:32:14,282 - INFO - Initializing model...
2025-05-10 09:32:14,288 - INFO - Fitting model...
2025-05-10 09:39:07,095 - INFO - Saved weights to /s/ls4/users/selibrin/spiking_researches/correlation_encoding_and_training/mnist/hpo/mozafari_spk_single_input_multi_out/hpo_data/hpo_iteration_data/4339501/estimator_1_neuron_0_weights.npy
2025-05-10 09:39:07,095 - INFO - Evaluating model...
2025-05-10 09:44:42,944 - INFO - Saved validation outputs to /s/ls4/users/selibrin/spiking_researches/correlation_encoding_and_training/mnist/hpo/mozafari_spk_single_input_multi_out/hpo_data/hpo_iteration_data/4339501/estimator_1_neuron_0_validation_outputs.npy
2025-05-10 09:44:42,945 - INFO - Waiting for parameters file: /s/ls4/users/selibrin/spiking_researches/correlation_encoding_and_training/mnist/hpo/mozafari_spk_single_input_multi_out/hpo_data/hpo_iteration_data/4339501/params_1_0.pkl
2025-05-10 09:47:18,114 - INFO - Loaded HPO parameters
2025-05-10 09:47:18,114 - INFO - Preparing datasets...
2025-05-10 09:47:18,931 - INFO - Prepared datasets: 582 train & 1000 validation samples
2025-05-10 09:47:18,957 - INFO - Initializing model...
2025-05-10 09:47:18,962 - INFO - Fitting model...
2025-05-10 09:50:47,770 - INFO - Saved weights to /s/ls4/users/selibrin/spiking_researches/correlation_encoding_and_training/mnist/hpo/mozafari_spk_single_input_multi_out/hpo_data/hpo_iteration_data/4339501/estimator_1_neuron_0_weights.npy
2025-05-10 09:50:47,771 - INFO - Evaluating model...
2025-05-10 09:56:27,165 - INFO - Saved validation outputs to /s/ls4/users/selibrin/spiking_researches/correlation_encoding_and_training/mnist/hpo/mozafari_spk_single_input_multi_out/hpo_data/hpo_iteration_data/4339501/estimator_1_neuron_0_validation_outputs.npy
2025-05-10 09:56:27,166 - INFO - Waiting for parameters file: /s/ls4/users/selibrin/spiking_researches/correlation_encoding_and_training/mnist/hpo/mozafari_spk_single_input_multi_out/hpo_data/hpo_iteration_data/4339501/params_1_0.pkl
2025-05-10 09:58:27,305 - INFO - Loaded HPO parameters
2025-05-10 09:58:27,305 - INFO - Preparing datasets...
2025-05-10 09:58:28,113 - INFO - Prepared datasets: 1165 train & 1000 validation samples
2025-05-10 09:58:28,198 - INFO - Initializing model...
2025-05-10 09:58:28,203 - INFO - Fitting model...
2025-05-10 10:04:49,169 - INFO - Saved weights to /s/ls4/users/selibrin/spiking_researches/correlation_encoding_and_training/mnist/hpo/mozafari_spk_single_input_multi_out/hpo_data/hpo_iteration_data/4339501/estimator_1_neuron_0_weights.npy
2025-05-10 10:04:49,169 - INFO - Evaluating model...
2025-05-10 10:10:22,256 - INFO - Saved validation outputs to /s/ls4/users/selibrin/spiking_researches/correlation_encoding_and_training/mnist/hpo/mozafari_spk_single_input_multi_out/hpo_data/hpo_iteration_data/4339501/estimator_1_neuron_0_validation_outputs.npy
2025-05-10 10:10:22,257 - INFO - Waiting for parameters file: /s/ls4/users/selibrin/spiking_researches/correlation_encoding_and_training/mnist/hpo/mozafari_spk_single_input_multi_out/hpo_data/hpo_iteration_data/4339501/params_1_0.pkl
2025-05-10 10:13:02,434 - INFO - Loaded HPO parameters
2025-05-10 10:13:02,434 - INFO - Preparing datasets...
2025-05-10 10:13:03,040 - INFO - Prepared datasets: 291 train & 1000 validation samples
2025-05-10 10:13:03,078 - INFO - Initializing model...
2025-05-10 10:13:03,084 - INFO - Fitting model...
2025-05-10 10:15:03,687 - INFO - Saved weights to /s/ls4/users/selibrin/spiking_researches/correlation_encoding_and_training/mnist/hpo/mozafari_spk_single_input_multi_out/hpo_data/hpo_iteration_data/4339501/estimator_1_neuron_0_weights.npy
2025-05-10 10:15:03,688 - INFO - Evaluating model...
2025-05-10 10:20:55,502 - INFO - Saved validation outputs to /s/ls4/users/selibrin/spiking_researches/correlation_encoding_and_training/mnist/hpo/mozafari_spk_single_input_multi_out/hpo_data/hpo_iteration_data/4339501/estimator_1_neuron_0_validation_outputs.npy
2025-05-10 10:20:55,502 - INFO - Waiting for parameters file: /s/ls4/users/selibrin/spiking_researches/correlation_encoding_and_training/mnist/hpo/mozafari_spk_single_input_multi_out/hpo_data/hpo_iteration_data/4339501/params_1_0.pkl
2025-05-10 10:21:35,552 - INFO - Loaded HPO parameters
2025-05-10 10:21:35,553 - INFO - Preparing datasets...
2025-05-10 10:21:36,555 - INFO - Prepared datasets: 1165 train & 1000 validation samples
2025-05-10 10:21:36,566 - INFO - Initializing model...
2025-05-10 10:21:36,571 - INFO - Fitting model...
2025-05-10 10:28:38,497 - INFO - Saved weights to /s/ls4/users/selibrin/spiking_researches/correlation_encoding_and_training/mnist/hpo/mozafari_spk_single_input_multi_out/hpo_data/hpo_iteration_data/4339501/estimator_1_neuron_0_weights.npy
2025-05-10 10:28:38,498 - INFO - Evaluating model...
2025-05-10 10:34:22,495 - INFO - Saved validation outputs to /s/ls4/users/selibrin/spiking_researches/correlation_encoding_and_training/mnist/hpo/mozafari_spk_single_input_multi_out/hpo_data/hpo_iteration_data/4339501/estimator_1_neuron_0_validation_outputs.npy
2025-05-10 10:34:22,496 - INFO - Waiting for parameters file: /s/ls4/users/selibrin/spiking_researches/correlation_encoding_and_training/mnist/hpo/mozafari_spk_single_input_multi_out/hpo_data/hpo_iteration_data/4339501/params_1_0.pkl
2025-05-10 10:35:42,590 - INFO - Loaded HPO parameters
2025-05-10 10:35:42,590 - INFO - Preparing datasets...
2025-05-10 10:35:43,352 - INFO - Prepared datasets: 1165 train & 1000 validation samples
2025-05-10 10:35:43,478 - INFO - Initializing model...
2025-05-10 10:35:43,483 - INFO - Fitting model...
2025-05-10 10:42:36,298 - INFO - Saved weights to /s/ls4/users/selibrin/spiking_researches/correlation_encoding_and_training/mnist/hpo/mozafari_spk_single_input_multi_out/hpo_data/hpo_iteration_data/4339501/estimator_1_neuron_0_weights.npy
2025-05-10 10:42:36,299 - INFO - Evaluating model...
2025-05-10 10:48:20,834 - INFO - Saved validation outputs to /s/ls4/users/selibrin/spiking_researches/correlation_encoding_and_training/mnist/hpo/mozafari_spk_single_input_multi_out/hpo_data/hpo_iteration_data/4339501/estimator_1_neuron_0_validation_outputs.npy
2025-05-10 10:48:20,835 - INFO - Waiting for parameters file: /s/ls4/users/selibrin/spiking_researches/correlation_encoding_and_training/mnist/hpo/mozafari_spk_single_input_multi_out/hpo_data/hpo_iteration_data/4339501/params_1_0.pkl
2025-05-10 10:50:20,972 - INFO - Loaded HPO parameters
2025-05-10 10:50:20,972 - INFO - Preparing datasets...
2025-05-10 10:50:21,530 - INFO - Prepared datasets: 291 train & 1000 validation samples
2025-05-10 10:50:21,596 - INFO - Initializing model...
2025-05-10 10:50:21,601 - INFO - Fitting model...
2025-05-10 10:52:04,105 - INFO - Saved weights to /s/ls4/users/selibrin/spiking_researches/correlation_encoding_and_training/mnist/hpo/mozafari_spk_single_input_multi_out/hpo_data/hpo_iteration_data/4339501/estimator_1_neuron_0_weights.npy
2025-05-10 10:52:04,106 - INFO - Evaluating model...
2025-05-10 10:57:33,937 - INFO - Saved validation outputs to /s/ls4/users/selibrin/spiking_researches/correlation_encoding_and_training/mnist/hpo/mozafari_spk_single_input_multi_out/hpo_data/hpo_iteration_data/4339501/estimator_1_neuron_0_validation_outputs.npy
2025-05-10 10:57:33,938 - INFO - Waiting for parameters file: /s/ls4/users/selibrin/spiking_researches/correlation_encoding_and_training/mnist/hpo/mozafari_spk_single_input_multi_out/hpo_data/hpo_iteration_data/4339501/params_1_0.pkl
2025-05-10 10:58:59,038 - INFO - Loaded HPO parameters
2025-05-10 10:58:59,038 - INFO - Preparing datasets...
2025-05-10 10:58:59,629 - INFO - Prepared datasets: 1165 train & 1000 validation samples
2025-05-10 10:58:59,634 - INFO - Initializing model...
2025-05-10 10:58:59,638 - INFO - Fitting model...
2025-05-10 11:05:58,680 - INFO - Saved weights to /s/ls4/users/selibrin/spiking_researches/correlation_encoding_and_training/mnist/hpo/mozafari_spk_single_input_multi_out/hpo_data/hpo_iteration_data/4339501/estimator_1_neuron_0_weights.npy
2025-05-10 11:05:58,680 - INFO - Evaluating model...
2025-05-10 11:11:30,106 - INFO - Saved validation outputs to /s/ls4/users/selibrin/spiking_researches/correlation_encoding_and_training/mnist/hpo/mozafari_spk_single_input_multi_out/hpo_data/hpo_iteration_data/4339501/estimator_1_neuron_0_validation_outputs.npy
2025-05-10 11:11:30,106 - INFO - Waiting for parameters file: /s/ls4/users/selibrin/spiking_researches/correlation_encoding_and_training/mnist/hpo/mozafari_spk_single_input_multi_out/hpo_data/hpo_iteration_data/4339501/params_1_0.pkl
2025-05-10 11:13:35,404 - INFO - Loaded HPO parameters
2025-05-10 11:13:35,405 - INFO - Preparing datasets...
2025-05-10 11:13:36,092 - INFO - Prepared datasets: 1165 train & 1000 validation samples
2025-05-10 11:13:36,099 - INFO - Initializing model...
2025-05-10 11:13:36,104 - INFO - Fitting model...
2025-05-10 11:20:12,750 - INFO - Saved weights to /s/ls4/users/selibrin/spiking_researches/correlation_encoding_and_training/mnist/hpo/mozafari_spk_single_input_multi_out/hpo_data/hpo_iteration_data/4339501/estimator_1_neuron_0_weights.npy
2025-05-10 11:20:12,751 - INFO - Evaluating model...
2025-05-10 11:25:47,781 - INFO - Saved validation outputs to /s/ls4/users/selibrin/spiking_researches/correlation_encoding_and_training/mnist/hpo/mozafari_spk_single_input_multi_out/hpo_data/hpo_iteration_data/4339501/estimator_1_neuron_0_validation_outputs.npy
2025-05-10 11:25:47,782 - INFO - Waiting for parameters file: /s/ls4/users/selibrin/spiking_researches/correlation_encoding_and_training/mnist/hpo/mozafari_spk_single_input_multi_out/hpo_data/hpo_iteration_data/4339501/params_1_0.pkl
2025-05-10 11:28:37,987 - INFO - Loaded HPO parameters
2025-05-10 11:28:37,988 - INFO - Preparing datasets...
2025-05-10 11:28:38,801 - INFO - Prepared datasets: 582 train & 1000 validation samples
2025-05-10 11:28:38,807 - INFO - Initializing model...
2025-05-10 11:28:38,813 - INFO - Fitting model...
2025-05-10 11:32:08,705 - INFO - Saved weights to /s/ls4/users/selibrin/spiking_researches/correlation_encoding_and_training/mnist/hpo/mozafari_spk_single_input_multi_out/hpo_data/hpo_iteration_data/4339501/estimator_1_neuron_0_weights.npy
2025-05-10 11:32:08,705 - INFO - Evaluating model...
2025-05-10 11:37:55,724 - INFO - Saved validation outputs to /s/ls4/users/selibrin/spiking_researches/correlation_encoding_and_training/mnist/hpo/mozafari_spk_single_input_multi_out/hpo_data/hpo_iteration_data/4339501/estimator_1_neuron_0_validation_outputs.npy
2025-05-10 11:37:55,725 - INFO - Waiting for parameters file: /s/ls4/users/selibrin/spiking_researches/correlation_encoding_and_training/mnist/hpo/mozafari_spk_single_input_multi_out/hpo_data/hpo_iteration_data/4339501/params_1_0.pkl
2025-05-10 11:39:10,817 - INFO - Loaded HPO parameters
2025-05-10 11:39:10,818 - INFO - Preparing datasets...
2025-05-10 11:39:11,411 - INFO - Prepared datasets: 291 train & 1000 validation samples
2025-05-10 11:39:11,477 - INFO - Initializing model...
2025-05-10 11:39:11,483 - INFO - Fitting model...
2025-05-10 11:41:04,937 - INFO - Saved weights to /s/ls4/users/selibrin/spiking_researches/correlation_encoding_and_training/mnist/hpo/mozafari_spk_single_input_multi_out/hpo_data/hpo_iteration_data/4339501/estimator_1_neuron_0_weights.npy
2025-05-10 11:41:04,937 - INFO - Evaluating model...
2025-05-10 11:46:50,744 - INFO - Saved validation outputs to /s/ls4/users/selibrin/spiking_researches/correlation_encoding_and_training/mnist/hpo/mozafari_spk_single_input_multi_out/hpo_data/hpo_iteration_data/4339501/estimator_1_neuron_0_validation_outputs.npy
2025-05-10 11:46:50,744 - INFO - Waiting for parameters file: /s/ls4/users/selibrin/spiking_researches/correlation_encoding_and_training/mnist/hpo/mozafari_spk_single_input_multi_out/hpo_data/hpo_iteration_data/4339501/params_1_0.pkl
2025-05-10 11:48:15,842 - INFO - Loaded HPO parameters
2025-05-10 11:48:15,842 - INFO - Preparing datasets...
2025-05-10 11:48:16,685 - INFO - Prepared datasets: 291 train & 1000 validation samples
2025-05-10 11:48:16,693 - INFO - Initializing model...
2025-05-10 11:48:16,700 - INFO - Fitting model...
2025-05-10 11:50:08,179 - INFO - Saved weights to /s/ls4/users/selibrin/spiking_researches/correlation_encoding_and_training/mnist/hpo/mozafari_spk_single_input_multi_out/hpo_data/hpo_iteration_data/4339501/estimator_1_neuron_0_weights.npy
2025-05-10 11:50:08,180 - INFO - Evaluating model...
2025-05-10 11:55:33,407 - INFO - Saved validation outputs to /s/ls4/users/selibrin/spiking_researches/correlation_encoding_and_training/mnist/hpo/mozafari_spk_single_input_multi_out/hpo_data/hpo_iteration_data/4339501/estimator_1_neuron_0_validation_outputs.npy
2025-05-10 11:55:33,408 - INFO - Waiting for parameters file: /s/ls4/users/selibrin/spiking_researches/correlation_encoding_and_training/mnist/hpo/mozafari_spk_single_input_multi_out/hpo_data/hpo_iteration_data/4339501/params_1_0.pkl
2025-05-10 11:56:48,494 - INFO - Loaded HPO parameters
2025-05-10 11:56:48,494 - INFO - Preparing datasets...
2025-05-10 11:56:49,354 - INFO - Prepared datasets: 1165 train & 1000 validation samples
2025-05-10 11:56:49,435 - INFO - Initializing model...
2025-05-10 11:56:49,441 - INFO - Fitting model...
2025-05-10 12:03:53,593 - INFO - Saved weights to /s/ls4/users/selibrin/spiking_researches/correlation_encoding_and_training/mnist/hpo/mozafari_spk_single_input_multi_out/hpo_data/hpo_iteration_data/4339501/estimator_1_neuron_0_weights.npy
2025-05-10 12:03:53,594 - INFO - Evaluating model...
2025-05-10 12:09:26,445 - INFO - Saved validation outputs to /s/ls4/users/selibrin/spiking_researches/correlation_encoding_and_training/mnist/hpo/mozafari_spk_single_input_multi_out/hpo_data/hpo_iteration_data/4339501/estimator_1_neuron_0_validation_outputs.npy
2025-05-10 12:09:26,446 - INFO - Waiting for parameters file: /s/ls4/users/selibrin/spiking_researches/correlation_encoding_and_training/mnist/hpo/mozafari_spk_single_input_multi_out/hpo_data/hpo_iteration_data/4339501/params_1_0.pkl
2025-05-10 12:11:51,608 - INFO - Loaded HPO parameters
2025-05-10 12:11:51,608 - INFO - Preparing datasets...
2025-05-10 12:11:52,394 - INFO - Prepared datasets: 1165 train & 1000 validation samples
2025-05-10 12:11:52,481 - INFO - Initializing model...
2025-05-10 12:11:52,485 - INFO - Fitting model...
2025-05-10 12:18:33,408 - INFO - Saved weights to /s/ls4/users/selibrin/spiking_researches/correlation_encoding_and_training/mnist/hpo/mozafari_spk_single_input_multi_out/hpo_data/hpo_iteration_data/4339501/estimator_1_neuron_0_weights.npy
2025-05-10 12:18:33,408 - INFO - Evaluating model...
2025-05-10 12:24:10,898 - INFO - Saved validation outputs to /s/ls4/users/selibrin/spiking_researches/correlation_encoding_and_training/mnist/hpo/mozafari_spk_single_input_multi_out/hpo_data/hpo_iteration_data/4339501/estimator_1_neuron_0_validation_outputs.npy
2025-05-10 12:24:10,899 - INFO - Waiting for parameters file: /s/ls4/users/selibrin/spiking_researches/correlation_encoding_and_training/mnist/hpo/mozafari_spk_single_input_multi_out/hpo_data/hpo_iteration_data/4339501/params_1_0.pkl
2025-05-10 12:26:26,051 - INFO - Loaded HPO parameters
2025-05-10 12:26:26,052 - INFO - Preparing datasets...
2025-05-10 12:26:30,379 - INFO - Prepared datasets: 582 train & 1000 validation samples
2025-05-10 12:26:30,409 - INFO - Initializing model...
2025-05-10 12:26:30,413 - INFO - Fitting model...
2025-05-10 12:30:03,137 - INFO - Saved weights to /s/ls4/users/selibrin/spiking_researches/correlation_encoding_and_training/mnist/hpo/mozafari_spk_single_input_multi_out/hpo_data/hpo_iteration_data/4339501/estimator_1_neuron_0_weights.npy
2025-05-10 12:30:03,137 - INFO - Evaluating model...
2025-05-10 12:35:58,454 - INFO - Saved validation outputs to /s/ls4/users/selibrin/spiking_researches/correlation_encoding_and_training/mnist/hpo/mozafari_spk_single_input_multi_out/hpo_data/hpo_iteration_data/4339501/estimator_1_neuron_0_validation_outputs.npy
2025-05-10 12:35:58,454 - INFO - Waiting for parameters file: /s/ls4/users/selibrin/spiking_researches/correlation_encoding_and_training/mnist/hpo/mozafari_spk_single_input_multi_out/hpo_data/hpo_iteration_data/4339501/params_1_0.pkl
2025-05-10 12:37:28,558 - INFO - Loaded HPO parameters
2025-05-10 12:37:28,558 - INFO - Preparing datasets...
2025-05-10 12:37:29,848 - INFO - Prepared datasets: 291 train & 1000 validation samples
2025-05-10 12:37:29,997 - INFO - Initializing model...
2025-05-10 12:37:30,037 - INFO - Fitting model...
2025-05-10 12:39:23,299 - INFO - Saved weights to /s/ls4/users/selibrin/spiking_researches/correlation_encoding_and_training/mnist/hpo/mozafari_spk_single_input_multi_out/hpo_data/hpo_iteration_data/4339501/estimator_1_neuron_0_weights.npy
2025-05-10 12:39:23,299 - INFO - Evaluating model...
2025-05-10 12:45:16,159 - INFO - Saved validation outputs to /s/ls4/users/selibrin/spiking_researches/correlation_encoding_and_training/mnist/hpo/mozafari_spk_single_input_multi_out/hpo_data/hpo_iteration_data/4339501/estimator_1_neuron_0_validation_outputs.npy
2025-05-10 12:45:16,159 - INFO - Waiting for parameters file: /s/ls4/users/selibrin/spiking_researches/correlation_encoding_and_training/mnist/hpo/mozafari_spk_single_input_multi_out/hpo_data/hpo_iteration_data/4339501/params_1_0.pkl
2025-05-10 12:46:36,249 - INFO - Loaded HPO parameters
2025-05-10 12:46:36,250 - INFO - Preparing datasets...
2025-05-10 12:46:37,298 - INFO - Prepared datasets: 1165 train & 1000 validation samples
2025-05-10 12:46:37,303 - INFO - Initializing model...
2025-05-10 12:46:37,309 - INFO - Fitting model...
2025-05-10 12:53:30,345 - INFO - Saved weights to /s/ls4/users/selibrin/spiking_researches/correlation_encoding_and_training/mnist/hpo/mozafari_spk_single_input_multi_out/hpo_data/hpo_iteration_data/4339501/estimator_1_neuron_0_weights.npy
2025-05-10 12:53:30,346 - INFO - Evaluating model...
2025-05-10 12:59:07,014 - INFO - Saved validation outputs to /s/ls4/users/selibrin/spiking_researches/correlation_encoding_and_training/mnist/hpo/mozafari_spk_single_input_multi_out/hpo_data/hpo_iteration_data/4339501/estimator_1_neuron_0_validation_outputs.npy
2025-05-10 12:59:07,014 - INFO - Waiting for parameters file: /s/ls4/users/selibrin/spiking_researches/correlation_encoding_and_training/mnist/hpo/mozafari_spk_single_input_multi_out/hpo_data/hpo_iteration_data/4339501/params_1_0.pkl
2025-05-10 13:01:37,179 - INFO - Loaded HPO parameters
2025-05-10 13:01:37,179 - INFO - Preparing datasets...
2025-05-10 13:01:37,927 - INFO - Prepared datasets: 1165 train & 1000 validation samples
2025-05-10 13:01:38,032 - INFO - Initializing model...
2025-05-10 13:01:38,038 - INFO - Fitting model...
2025-05-10 13:08:17,886 - INFO - Saved weights to /s/ls4/users/selibrin/spiking_researches/correlation_encoding_and_training/mnist/hpo/mozafari_spk_single_input_multi_out/hpo_data/hpo_iteration_data/4339501/estimator_1_neuron_0_weights.npy
2025-05-10 13:08:17,887 - INFO - Evaluating model...
2025-05-10 13:13:57,251 - INFO - Saved validation outputs to /s/ls4/users/selibrin/spiking_researches/correlation_encoding_and_training/mnist/hpo/mozafari_spk_single_input_multi_out/hpo_data/hpo_iteration_data/4339501/estimator_1_neuron_0_validation_outputs.npy
2025-05-10 13:13:57,252 - INFO - Waiting for parameters file: /s/ls4/users/selibrin/spiking_researches/correlation_encoding_and_training/mnist/hpo/mozafari_spk_single_input_multi_out/hpo_data/hpo_iteration_data/4339501/params_1_0.pkl
2025-05-10 13:16:12,405 - INFO - Loaded HPO parameters
2025-05-10 13:16:12,405 - INFO - Preparing datasets...
2025-05-10 13:16:13,419 - INFO - Prepared datasets: 1165 train & 1000 validation samples
2025-05-10 13:16:13,464 - INFO - Initializing model...
2025-05-10 13:16:13,470 - INFO - Fitting model...
2025-05-10 13:23:33,426 - INFO - Saved weights to /s/ls4/users/selibrin/spiking_researches/correlation_encoding_and_training/mnist/hpo/mozafari_spk_single_input_multi_out/hpo_data/hpo_iteration_data/4339501/estimator_1_neuron_0_weights.npy
2025-05-10 13:23:33,426 - INFO - Evaluating model...
2025-05-10 13:29:12,386 - INFO - Saved validation outputs to /s/ls4/users/selibrin/spiking_researches/correlation_encoding_and_training/mnist/hpo/mozafari_spk_single_input_multi_out/hpo_data/hpo_iteration_data/4339501/estimator_1_neuron_0_validation_outputs.npy
2025-05-10 13:29:12,386 - INFO - Waiting for parameters file: /s/ls4/users/selibrin/spiking_researches/correlation_encoding_and_training/mnist/hpo/mozafari_spk_single_input_multi_out/hpo_data/hpo_iteration_data/4339501/params_1_0.pkl
2025-05-10 13:31:17,533 - INFO - Loaded HPO parameters
2025-05-10 13:31:17,533 - INFO - Preparing datasets...
2025-05-10 13:31:18,432 - INFO - Prepared datasets: 1165 train & 1000 validation samples
2025-05-10 13:31:18,568 - INFO - Initializing model...
2025-05-10 13:31:18,575 - INFO - Fitting model...
2025-05-10 13:38:18,449 - INFO - Saved weights to /s/ls4/users/selibrin/spiking_researches/correlation_encoding_and_training/mnist/hpo/mozafari_spk_single_input_multi_out/hpo_data/hpo_iteration_data/4339501/estimator_1_neuron_0_weights.npy
2025-05-10 13:38:18,450 - INFO - Evaluating model...
2025-05-10 13:44:03,480 - INFO - Saved validation outputs to /s/ls4/users/selibrin/spiking_researches/correlation_encoding_and_training/mnist/hpo/mozafari_spk_single_input_multi_out/hpo_data/hpo_iteration_data/4339501/estimator_1_neuron_0_validation_outputs.npy
2025-05-10 13:44:03,481 - INFO - Waiting for parameters file: /s/ls4/users/selibrin/spiking_researches/correlation_encoding_and_training/mnist/hpo/mozafari_spk_single_input_multi_out/hpo_data/hpo_iteration_data/4339501/params_1_0.pkl
2025-05-10 13:46:23,637 - INFO - Loaded HPO parameters
2025-05-10 13:46:23,638 - INFO - Preparing datasets...
2025-05-10 13:46:24,316 - INFO - Prepared datasets: 1165 train & 1000 validation samples
2025-05-10 13:46:24,442 - INFO - Initializing model...
2025-05-10 13:46:24,448 - INFO - Fitting model...
2025-05-10 13:53:19,901 - INFO - Saved weights to /s/ls4/users/selibrin/spiking_researches/correlation_encoding_and_training/mnist/hpo/mozafari_spk_single_input_multi_out/hpo_data/hpo_iteration_data/4339501/estimator_1_neuron_0_weights.npy
2025-05-10 13:53:19,901 - INFO - Evaluating model...
2025-05-10 13:58:56,937 - INFO - Saved validation outputs to /s/ls4/users/selibrin/spiking_researches/correlation_encoding_and_training/mnist/hpo/mozafari_spk_single_input_multi_out/hpo_data/hpo_iteration_data/4339501/estimator_1_neuron_0_validation_outputs.npy
2025-05-10 13:58:56,938 - INFO - Waiting for parameters file: /s/ls4/users/selibrin/spiking_researches/correlation_encoding_and_training/mnist/hpo/mozafari_spk_single_input_multi_out/hpo_data/hpo_iteration_data/4339501/params_1_0.pkl
2025-05-10 14:01:57,126 - INFO - Loaded HPO parameters
2025-05-10 14:01:57,126 - INFO - Preparing datasets...
2025-05-10 14:01:57,811 - INFO - Prepared datasets: 1165 train & 1000 validation samples
2025-05-10 14:01:57,818 - INFO - Initializing model...
2025-05-10 14:01:57,823 - INFO - Fitting model...
2025-05-10 14:08:46,229 - INFO - Saved weights to /s/ls4/users/selibrin/spiking_researches/correlation_encoding_and_training/mnist/hpo/mozafari_spk_single_input_multi_out/hpo_data/hpo_iteration_data/4339501/estimator_1_neuron_0_weights.npy
2025-05-10 14:08:46,229 - INFO - Evaluating model...
2025-05-10 14:14:11,710 - INFO - Saved validation outputs to /s/ls4/users/selibrin/spiking_researches/correlation_encoding_and_training/mnist/hpo/mozafari_spk_single_input_multi_out/hpo_data/hpo_iteration_data/4339501/estimator_1_neuron_0_validation_outputs.npy
2025-05-10 14:14:11,710 - INFO - Waiting for parameters file: /s/ls4/users/selibrin/spiking_researches/correlation_encoding_and_training/mnist/hpo/mozafari_spk_single_input_multi_out/hpo_data/hpo_iteration_data/4339501/params_1_0.pkl
2025-05-10 14:17:01,898 - INFO - Loaded HPO parameters
2025-05-10 14:17:01,899 - INFO - Preparing datasets...
2025-05-10 14:17:02,706 - INFO - Prepared datasets: 1165 train & 1000 validation samples
2025-05-10 14:17:02,725 - INFO - Initializing model...
2025-05-10 14:17:02,730 - INFO - Fitting model...
2025-05-10 14:24:06,196 - INFO - Saved weights to /s/ls4/users/selibrin/spiking_researches/correlation_encoding_and_training/mnist/hpo/mozafari_spk_single_input_multi_out/hpo_data/hpo_iteration_data/4339501/estimator_1_neuron_0_weights.npy
2025-05-10 14:24:06,196 - INFO - Evaluating model...
2025-05-10 14:30:06,060 - INFO - Saved validation outputs to /s/ls4/users/selibrin/spiking_researches/correlation_encoding_and_training/mnist/hpo/mozafari_spk_single_input_multi_out/hpo_data/hpo_iteration_data/4339501/estimator_1_neuron_0_validation_outputs.npy
2025-05-10 14:30:06,061 - INFO - Waiting for parameters file: /s/ls4/users/selibrin/spiking_researches/correlation_encoding_and_training/mnist/hpo/mozafari_spk_single_input_multi_out/hpo_data/hpo_iteration_data/4339501/params_1_0.pkl
2025-05-10 14:32:01,214 - INFO - Loaded HPO parameters
2025-05-10 14:32:01,214 - INFO - Preparing datasets...
2025-05-10 14:32:01,772 - INFO - Prepared datasets: 1165 train & 1000 validation samples
2025-05-10 14:32:01,840 - INFO - Initializing model...
2025-05-10 14:32:02,288 - INFO - Fitting model...
2025-05-10 14:39:08,991 - INFO - Saved weights to /s/ls4/users/selibrin/spiking_researches/correlation_encoding_and_training/mnist/hpo/mozafari_spk_single_input_multi_out/hpo_data/hpo_iteration_data/4339501/estimator_1_neuron_0_weights.npy
2025-05-10 14:39:08,992 - INFO - Evaluating model...
2025-05-10 14:44:55,687 - INFO - Saved validation outputs to /s/ls4/users/selibrin/spiking_researches/correlation_encoding_and_training/mnist/hpo/mozafari_spk_single_input_multi_out/hpo_data/hpo_iteration_data/4339501/estimator_1_neuron_0_validation_outputs.npy
2025-05-10 14:44:55,687 - INFO - Waiting for parameters file: /s/ls4/users/selibrin/spiking_researches/correlation_encoding_and_training/mnist/hpo/mozafari_spk_single_input_multi_out/hpo_data/hpo_iteration_data/4339501/params_1_0.pkl
2025-05-10 14:47:05,858 - INFO - Loaded HPO parameters
2025-05-10 14:47:05,858 - INFO - Preparing datasets...
2025-05-10 14:47:06,772 - INFO - Prepared datasets: 1165 train & 1000 validation samples
2025-05-10 14:47:06,778 - INFO - Initializing model...
2025-05-10 14:47:06,787 - INFO - Fitting model...
2025-05-10 14:54:12,592 - INFO - Saved weights to /s/ls4/users/selibrin/spiking_researches/correlation_encoding_and_training/mnist/hpo/mozafari_spk_single_input_multi_out/hpo_data/hpo_iteration_data/4339501/estimator_1_neuron_0_weights.npy
2025-05-10 14:54:12,593 - INFO - Evaluating model...
2025-05-10 15:00:06,519 - INFO - Saved validation outputs to /s/ls4/users/selibrin/spiking_researches/correlation_encoding_and_training/mnist/hpo/mozafari_spk_single_input_multi_out/hpo_data/hpo_iteration_data/4339501/estimator_1_neuron_0_validation_outputs.npy
2025-05-10 15:00:06,520 - INFO - Waiting for parameters file: /s/ls4/users/selibrin/spiking_researches/correlation_encoding_and_training/mnist/hpo/mozafari_spk_single_input_multi_out/hpo_data/hpo_iteration_data/4339501/params_1_0.pkl
2025-05-10 15:02:41,679 - INFO - Loaded HPO parameters
2025-05-10 15:02:41,680 - INFO - Preparing datasets...
2025-05-10 15:02:42,699 - INFO - Prepared datasets: 1165 train & 1000 validation samples
2025-05-10 15:02:42,808 - INFO - Initializing model...
2025-05-10 15:02:42,814 - INFO - Fitting model...
2025-05-10 15:08:09,692 - INFO - Saved weights to /s/ls4/users/selibrin/spiking_researches/correlation_encoding_and_training/mnist/hpo/mozafari_spk_single_input_multi_out/hpo_data/hpo_iteration_data/4339501/estimator_1_neuron_0_weights.npy
2025-05-10 15:08:09,692 - INFO - Evaluating model...
2025-05-10 15:11:24,232 - INFO - Saved validation outputs to /s/ls4/users/selibrin/spiking_researches/correlation_encoding_and_training/mnist/hpo/mozafari_spk_single_input_multi_out/hpo_data/hpo_iteration_data/4339501/estimator_1_neuron_0_validation_outputs.npy
2025-05-10 15:11:24,232 - INFO - Waiting for parameters file: /s/ls4/users/selibrin/spiking_researches/correlation_encoding_and_training/mnist/hpo/mozafari_spk_single_input_multi_out/hpo_data/hpo_iteration_data/4339501/params_1_0.pkl
2025-05-10 15:12:14,289 - INFO - Loaded HPO parameters
2025-05-10 15:12:14,289 - INFO - Preparing datasets...
2025-05-10 15:12:14,747 - INFO - Prepared datasets: 1165 train & 1000 validation samples
2025-05-10 15:12:14,818 - INFO - Initializing model...
2025-05-10 15:12:14,821 - INFO - Fitting model...
