2025-05-09 20:22:43,096 - INFO - Initialized Neuron trainer
2025-05-09 20:22:43,097 - INFO - Waiting for parameters file: /s/ls4/users/selibrin/spiking_researches/correlation_encoding_and_training/mnist/hpo/single_spk_input_multi_spk_output/hpo_data/hpo_iteration_data/4339499/params_1_5.pkl
2025-05-09 20:22:43,099 - INFO - Loaded HPO parameters
2025-05-09 20:22:43,099 - INFO - Preparing datasets...
2025-05-09 20:22:47,861 - INFO - Prepared datasets: 1062 train & 1000 validation samples
2025-05-09 20:22:47,862 - INFO - Initializing model...
2025-05-09 20:22:47,864 - INFO - Fitting model...
2025-05-09 20:27:17,633 - INFO - Saved weights to /s/ls4/users/selibrin/spiking_researches/correlation_encoding_and_training/mnist/hpo/single_spk_input_multi_spk_output/hpo_data/hpo_iteration_data/4339499/estimator_1_neuron_5_weights.npy
2025-05-09 20:27:17,633 - INFO - Evaluating model...
2025-05-09 20:31:29,141 - INFO - Saved validation outputs to /s/ls4/users/selibrin/spiking_researches/correlation_encoding_and_training/mnist/hpo/single_spk_input_multi_spk_output/hpo_data/hpo_iteration_data/4339499/estimator_1_neuron_5_validation_outputs.npy
2025-05-09 20:31:29,142 - INFO - Waiting for parameters file: /s/ls4/users/selibrin/spiking_researches/correlation_encoding_and_training/mnist/hpo/single_spk_input_multi_spk_output/hpo_data/hpo_iteration_data/4339499/params_1_5.pkl
2025-05-09 20:32:14,192 - INFO - Loaded HPO parameters
2025-05-09 20:32:14,193 - INFO - Preparing datasets...
2025-05-09 20:32:18,926 - INFO - Prepared datasets: 265 train & 1000 validation samples
2025-05-09 20:32:18,926 - INFO - Initializing model...
2025-05-09 20:32:18,930 - INFO - Fitting model...
2025-05-09 20:33:27,749 - INFO - Saved weights to /s/ls4/users/selibrin/spiking_researches/correlation_encoding_and_training/mnist/hpo/single_spk_input_multi_spk_output/hpo_data/hpo_iteration_data/4339499/estimator_1_neuron_5_weights.npy
2025-05-09 20:33:27,749 - INFO - Evaluating model...
2025-05-09 20:37:36,420 - INFO - Saved validation outputs to /s/ls4/users/selibrin/spiking_researches/correlation_encoding_and_training/mnist/hpo/single_spk_input_multi_spk_output/hpo_data/hpo_iteration_data/4339499/estimator_1_neuron_5_validation_outputs.npy
2025-05-09 20:37:36,420 - INFO - Waiting for parameters file: /s/ls4/users/selibrin/spiking_researches/correlation_encoding_and_training/mnist/hpo/single_spk_input_multi_spk_output/hpo_data/hpo_iteration_data/4339499/params_1_5.pkl
2025-05-09 20:38:21,471 - INFO - Loaded HPO parameters
2025-05-09 20:38:21,471 - INFO - Preparing datasets...
2025-05-09 20:38:25,996 - INFO - Prepared datasets: 1062 train & 1000 validation samples
2025-05-09 20:38:25,996 - INFO - Initializing model...
2025-05-09 20:38:25,999 - INFO - Fitting model...
2025-05-09 20:43:02,947 - INFO - Saved weights to /s/ls4/users/selibrin/spiking_researches/correlation_encoding_and_training/mnist/hpo/single_spk_input_multi_spk_output/hpo_data/hpo_iteration_data/4339499/estimator_1_neuron_5_weights.npy
2025-05-09 20:43:02,947 - INFO - Evaluating model...
2025-05-09 20:47:17,114 - INFO - Saved validation outputs to /s/ls4/users/selibrin/spiking_researches/correlation_encoding_and_training/mnist/hpo/single_spk_input_multi_spk_output/hpo_data/hpo_iteration_data/4339499/estimator_1_neuron_5_validation_outputs.npy
2025-05-09 20:47:17,115 - INFO - Waiting for parameters file: /s/ls4/users/selibrin/spiking_researches/correlation_encoding_and_training/mnist/hpo/single_spk_input_multi_spk_output/hpo_data/hpo_iteration_data/4339499/params_1_5.pkl
2025-05-09 20:48:27,193 - INFO - Loaded HPO parameters
2025-05-09 20:48:27,193 - INFO - Preparing datasets...
2025-05-09 20:48:31,890 - INFO - Prepared datasets: 531 train & 1000 validation samples
2025-05-09 20:48:31,891 - INFO - Initializing model...
2025-05-09 20:48:31,894 - INFO - Fitting model...
2025-05-09 20:50:49,311 - INFO - Saved weights to /s/ls4/users/selibrin/spiking_researches/correlation_encoding_and_training/mnist/hpo/single_spk_input_multi_spk_output/hpo_data/hpo_iteration_data/4339499/estimator_1_neuron_5_weights.npy
2025-05-09 20:50:49,312 - INFO - Evaluating model...
2025-05-09 20:54:59,163 - INFO - Saved validation outputs to /s/ls4/users/selibrin/spiking_researches/correlation_encoding_and_training/mnist/hpo/single_spk_input_multi_spk_output/hpo_data/hpo_iteration_data/4339499/estimator_1_neuron_5_validation_outputs.npy
2025-05-09 20:54:59,164 - INFO - Waiting for parameters file: /s/ls4/users/selibrin/spiking_researches/correlation_encoding_and_training/mnist/hpo/single_spk_input_multi_spk_output/hpo_data/hpo_iteration_data/4339499/params_1_5.pkl
2025-05-09 20:55:29,199 - INFO - Loaded HPO parameters
2025-05-09 20:55:29,199 - INFO - Preparing datasets...
2025-05-09 20:55:33,667 - INFO - Prepared datasets: 1062 train & 1000 validation samples
2025-05-09 20:55:33,668 - INFO - Initializing model...
2025-05-09 20:55:33,671 - INFO - Fitting model...
2025-05-09 21:00:07,095 - INFO - Saved weights to /s/ls4/users/selibrin/spiking_researches/correlation_encoding_and_training/mnist/hpo/single_spk_input_multi_spk_output/hpo_data/hpo_iteration_data/4339499/estimator_1_neuron_5_weights.npy
2025-05-09 21:00:07,095 - INFO - Evaluating model...
2025-05-09 21:04:15,707 - INFO - Saved validation outputs to /s/ls4/users/selibrin/spiking_researches/correlation_encoding_and_training/mnist/hpo/single_spk_input_multi_spk_output/hpo_data/hpo_iteration_data/4339499/estimator_1_neuron_5_validation_outputs.npy
2025-05-09 21:04:15,708 - INFO - Waiting for parameters file: /s/ls4/users/selibrin/spiking_researches/correlation_encoding_and_training/mnist/hpo/single_spk_input_multi_spk_output/hpo_data/hpo_iteration_data/4339499/params_1_5.pkl
2025-05-09 21:05:05,763 - INFO - Loaded HPO parameters
2025-05-09 21:05:05,764 - INFO - Preparing datasets...
2025-05-09 21:05:10,614 - INFO - Prepared datasets: 531 train & 1000 validation samples
2025-05-09 21:05:10,615 - INFO - Initializing model...
2025-05-09 21:05:10,617 - INFO - Fitting model...
2025-05-09 21:07:28,160 - INFO - Saved weights to /s/ls4/users/selibrin/spiking_researches/correlation_encoding_and_training/mnist/hpo/single_spk_input_multi_spk_output/hpo_data/hpo_iteration_data/4339499/estimator_1_neuron_5_weights.npy
2025-05-09 21:07:28,160 - INFO - Evaluating model...
2025-05-09 21:11:38,564 - INFO - Saved validation outputs to /s/ls4/users/selibrin/spiking_researches/correlation_encoding_and_training/mnist/hpo/single_spk_input_multi_spk_output/hpo_data/hpo_iteration_data/4339499/estimator_1_neuron_5_validation_outputs.npy
2025-05-09 21:11:38,565 - INFO - Waiting for parameters file: /s/ls4/users/selibrin/spiking_researches/correlation_encoding_and_training/mnist/hpo/single_spk_input_multi_spk_output/hpo_data/hpo_iteration_data/4339499/params_1_5.pkl
2025-05-09 21:12:13,606 - INFO - Loaded HPO parameters
2025-05-09 21:12:13,606 - INFO - Preparing datasets...
2025-05-09 21:12:18,317 - INFO - Prepared datasets: 1062 train & 1000 validation samples
2025-05-09 21:12:18,318 - INFO - Initializing model...
2025-05-09 21:12:18,320 - INFO - Fitting model...
2025-05-09 21:16:52,708 - INFO - Saved weights to /s/ls4/users/selibrin/spiking_researches/correlation_encoding_and_training/mnist/hpo/single_spk_input_multi_spk_output/hpo_data/hpo_iteration_data/4339499/estimator_1_neuron_5_weights.npy
2025-05-09 21:16:52,708 - INFO - Evaluating model...
2025-05-09 21:21:04,973 - INFO - Saved validation outputs to /s/ls4/users/selibrin/spiking_researches/correlation_encoding_and_training/mnist/hpo/single_spk_input_multi_spk_output/hpo_data/hpo_iteration_data/4339499/estimator_1_neuron_5_validation_outputs.npy
2025-05-09 21:21:04,973 - INFO - Waiting for parameters file: /s/ls4/users/selibrin/spiking_researches/correlation_encoding_and_training/mnist/hpo/single_spk_input_multi_spk_output/hpo_data/hpo_iteration_data/4339499/params_1_5.pkl
2025-05-09 21:21:45,016 - INFO - Loaded HPO parameters
2025-05-09 21:21:45,017 - INFO - Preparing datasets...
2025-05-09 21:21:49,713 - INFO - Prepared datasets: 265 train & 1000 validation samples
2025-05-09 21:21:49,713 - INFO - Initializing model...
2025-05-09 21:21:49,717 - INFO - Fitting model...
2025-05-09 21:22:57,365 - INFO - Saved weights to /s/ls4/users/selibrin/spiking_researches/correlation_encoding_and_training/mnist/hpo/single_spk_input_multi_spk_output/hpo_data/hpo_iteration_data/4339499/estimator_1_neuron_5_weights.npy
2025-05-09 21:22:57,366 - INFO - Evaluating model...
2025-05-09 21:27:03,126 - INFO - Saved validation outputs to /s/ls4/users/selibrin/spiking_researches/correlation_encoding_and_training/mnist/hpo/single_spk_input_multi_spk_output/hpo_data/hpo_iteration_data/4339499/estimator_1_neuron_5_validation_outputs.npy
2025-05-09 21:27:03,126 - INFO - Waiting for parameters file: /s/ls4/users/selibrin/spiking_researches/correlation_encoding_and_training/mnist/hpo/single_spk_input_multi_spk_output/hpo_data/hpo_iteration_data/4339499/params_1_5.pkl
2025-05-09 21:27:53,195 - INFO - Loaded HPO parameters
2025-05-09 21:27:53,195 - INFO - Preparing datasets...
2025-05-09 21:27:57,875 - INFO - Prepared datasets: 531 train & 1000 validation samples
2025-05-09 21:27:57,876 - INFO - Initializing model...
2025-05-09 21:27:57,880 - INFO - Fitting model...
2025-05-09 21:30:15,660 - INFO - Saved weights to /s/ls4/users/selibrin/spiking_researches/correlation_encoding_and_training/mnist/hpo/single_spk_input_multi_spk_output/hpo_data/hpo_iteration_data/4339499/estimator_1_neuron_5_weights.npy
2025-05-09 21:30:15,660 - INFO - Evaluating model...
2025-05-09 21:34:26,394 - INFO - Saved validation outputs to /s/ls4/users/selibrin/spiking_researches/correlation_encoding_and_training/mnist/hpo/single_spk_input_multi_spk_output/hpo_data/hpo_iteration_data/4339499/estimator_1_neuron_5_validation_outputs.npy
2025-05-09 21:34:26,394 - INFO - Waiting for parameters file: /s/ls4/users/selibrin/spiking_researches/correlation_encoding_and_training/mnist/hpo/single_spk_input_multi_spk_output/hpo_data/hpo_iteration_data/4339499/params_1_5.pkl
2025-05-09 21:34:56,443 - INFO - Loaded HPO parameters
2025-05-09 21:34:56,443 - INFO - Preparing datasets...
2025-05-09 21:35:01,141 - INFO - Prepared datasets: 1062 train & 1000 validation samples
2025-05-09 21:35:01,142 - INFO - Initializing model...
2025-05-09 21:35:01,145 - INFO - Fitting model...
2025-05-09 21:39:41,714 - INFO - Saved weights to /s/ls4/users/selibrin/spiking_researches/correlation_encoding_and_training/mnist/hpo/single_spk_input_multi_spk_output/hpo_data/hpo_iteration_data/4339499/estimator_1_neuron_5_weights.npy
2025-05-09 21:39:41,714 - INFO - Evaluating model...
2025-05-09 21:44:00,843 - INFO - Saved validation outputs to /s/ls4/users/selibrin/spiking_researches/correlation_encoding_and_training/mnist/hpo/single_spk_input_multi_spk_output/hpo_data/hpo_iteration_data/4339499/estimator_1_neuron_5_validation_outputs.npy
2025-05-09 21:44:00,844 - INFO - Waiting for parameters file: /s/ls4/users/selibrin/spiking_researches/correlation_encoding_and_training/mnist/hpo/single_spk_input_multi_spk_output/hpo_data/hpo_iteration_data/4339499/params_1_5.pkl
2025-05-09 21:45:05,911 - INFO - Loaded HPO parameters
2025-05-09 21:45:05,912 - INFO - Preparing datasets...
2025-05-09 21:45:10,730 - INFO - Prepared datasets: 1062 train & 1000 validation samples
2025-05-09 21:45:10,730 - INFO - Initializing model...
2025-05-09 21:45:10,733 - INFO - Fitting model...
2025-05-09 21:49:46,753 - INFO - Saved weights to /s/ls4/users/selibrin/spiking_researches/correlation_encoding_and_training/mnist/hpo/single_spk_input_multi_spk_output/hpo_data/hpo_iteration_data/4339499/estimator_1_neuron_5_weights.npy
2025-05-09 21:49:46,754 - INFO - Evaluating model...
2025-05-09 21:54:02,133 - INFO - Saved validation outputs to /s/ls4/users/selibrin/spiking_researches/correlation_encoding_and_training/mnist/hpo/single_spk_input_multi_spk_output/hpo_data/hpo_iteration_data/4339499/estimator_1_neuron_5_validation_outputs.npy
2025-05-09 21:54:02,133 - INFO - Waiting for parameters file: /s/ls4/users/selibrin/spiking_researches/correlation_encoding_and_training/mnist/hpo/single_spk_input_multi_spk_output/hpo_data/hpo_iteration_data/4339499/params_1_5.pkl
2025-05-09 21:55:07,204 - INFO - Loaded HPO parameters
2025-05-09 21:55:07,204 - INFO - Preparing datasets...
2025-05-09 21:55:11,944 - INFO - Prepared datasets: 1062 train & 1000 validation samples
2025-05-09 21:55:11,944 - INFO - Initializing model...
2025-05-09 21:55:11,948 - INFO - Fitting model...
2025-05-09 21:59:51,362 - INFO - Saved weights to /s/ls4/users/selibrin/spiking_researches/correlation_encoding_and_training/mnist/hpo/single_spk_input_multi_spk_output/hpo_data/hpo_iteration_data/4339499/estimator_1_neuron_5_weights.npy
2025-05-09 21:59:51,362 - INFO - Evaluating model...
2025-05-09 22:04:07,362 - INFO - Saved validation outputs to /s/ls4/users/selibrin/spiking_researches/correlation_encoding_and_training/mnist/hpo/single_spk_input_multi_spk_output/hpo_data/hpo_iteration_data/4339499/estimator_1_neuron_5_validation_outputs.npy
2025-05-09 22:04:07,363 - INFO - Waiting for parameters file: /s/ls4/users/selibrin/spiking_researches/correlation_encoding_and_training/mnist/hpo/single_spk_input_multi_spk_output/hpo_data/hpo_iteration_data/4339499/params_1_5.pkl
2025-05-09 22:05:17,466 - INFO - Loaded HPO parameters
2025-05-09 22:05:17,467 - INFO - Preparing datasets...
2025-05-09 22:05:22,476 - INFO - Prepared datasets: 1062 train & 1000 validation samples
2025-05-09 22:05:22,476 - INFO - Initializing model...
2025-05-09 22:05:22,478 - INFO - Fitting model...
2025-05-09 22:10:03,612 - INFO - Saved weights to /s/ls4/users/selibrin/spiking_researches/correlation_encoding_and_training/mnist/hpo/single_spk_input_multi_spk_output/hpo_data/hpo_iteration_data/4339499/estimator_1_neuron_5_weights.npy
2025-05-09 22:10:03,612 - INFO - Evaluating model...
2025-05-09 22:14:18,319 - INFO - Saved validation outputs to /s/ls4/users/selibrin/spiking_researches/correlation_encoding_and_training/mnist/hpo/single_spk_input_multi_spk_output/hpo_data/hpo_iteration_data/4339499/estimator_1_neuron_5_validation_outputs.npy
2025-05-09 22:14:18,319 - INFO - Waiting for parameters file: /s/ls4/users/selibrin/spiking_researches/correlation_encoding_and_training/mnist/hpo/single_spk_input_multi_spk_output/hpo_data/hpo_iteration_data/4339499/params_1_5.pkl
2025-05-09 22:15:18,386 - INFO - Loaded HPO parameters
2025-05-09 22:15:18,387 - INFO - Preparing datasets...
2025-05-09 22:15:23,128 - INFO - Prepared datasets: 265 train & 1000 validation samples
2025-05-09 22:15:23,129 - INFO - Initializing model...
2025-05-09 22:15:23,132 - INFO - Fitting model...
2025-05-09 22:16:34,701 - INFO - Saved weights to /s/ls4/users/selibrin/spiking_researches/correlation_encoding_and_training/mnist/hpo/single_spk_input_multi_spk_output/hpo_data/hpo_iteration_data/4339499/estimator_1_neuron_5_weights.npy
2025-05-09 22:16:34,702 - INFO - Evaluating model...
2025-05-09 22:20:49,546 - INFO - Saved validation outputs to /s/ls4/users/selibrin/spiking_researches/correlation_encoding_and_training/mnist/hpo/single_spk_input_multi_spk_output/hpo_data/hpo_iteration_data/4339499/estimator_1_neuron_5_validation_outputs.npy
2025-05-09 22:20:49,546 - INFO - Waiting for parameters file: /s/ls4/users/selibrin/spiking_researches/correlation_encoding_and_training/mnist/hpo/single_spk_input_multi_spk_output/hpo_data/hpo_iteration_data/4339499/params_1_5.pkl
2025-05-09 22:21:24,608 - INFO - Loaded HPO parameters
2025-05-09 22:21:24,608 - INFO - Preparing datasets...
2025-05-09 22:21:29,677 - INFO - Prepared datasets: 265 train & 1000 validation samples
2025-05-09 22:21:29,678 - INFO - Initializing model...
2025-05-09 22:21:29,680 - INFO - Fitting model...
2025-05-09 22:22:40,135 - INFO - Saved weights to /s/ls4/users/selibrin/spiking_researches/correlation_encoding_and_training/mnist/hpo/single_spk_input_multi_spk_output/hpo_data/hpo_iteration_data/4339499/estimator_1_neuron_5_weights.npy
2025-05-09 22:22:40,135 - INFO - Evaluating model...
2025-05-09 22:26:58,020 - INFO - Saved validation outputs to /s/ls4/users/selibrin/spiking_researches/correlation_encoding_and_training/mnist/hpo/single_spk_input_multi_spk_output/hpo_data/hpo_iteration_data/4339499/estimator_1_neuron_5_validation_outputs.npy
2025-05-09 22:26:58,021 - INFO - Waiting for parameters file: /s/ls4/users/selibrin/spiking_researches/correlation_encoding_and_training/mnist/hpo/single_spk_input_multi_spk_output/hpo_data/hpo_iteration_data/4339499/params_1_5.pkl
2025-05-09 22:27:33,077 - INFO - Loaded HPO parameters
2025-05-09 22:27:33,077 - INFO - Preparing datasets...
2025-05-09 22:27:37,797 - INFO - Prepared datasets: 531 train & 1000 validation samples
2025-05-09 22:27:37,797 - INFO - Initializing model...
2025-05-09 22:27:37,801 - INFO - Fitting model...
2025-05-09 22:30:00,432 - INFO - Saved weights to /s/ls4/users/selibrin/spiking_researches/correlation_encoding_and_training/mnist/hpo/single_spk_input_multi_spk_output/hpo_data/hpo_iteration_data/4339499/estimator_1_neuron_5_weights.npy
2025-05-09 22:30:00,432 - INFO - Evaluating model...
2025-05-09 22:34:20,035 - INFO - Saved validation outputs to /s/ls4/users/selibrin/spiking_researches/correlation_encoding_and_training/mnist/hpo/single_spk_input_multi_spk_output/hpo_data/hpo_iteration_data/4339499/estimator_1_neuron_5_validation_outputs.npy
2025-05-09 22:34:20,035 - INFO - Waiting for parameters file: /s/ls4/users/selibrin/spiking_researches/correlation_encoding_and_training/mnist/hpo/single_spk_input_multi_spk_output/hpo_data/hpo_iteration_data/4339499/params_1_5.pkl
2025-05-09 22:35:05,092 - INFO - Loaded HPO parameters
2025-05-09 22:35:05,093 - INFO - Preparing datasets...
2025-05-09 22:35:10,054 - INFO - Prepared datasets: 531 train & 1000 validation samples
2025-05-09 22:35:10,054 - INFO - Initializing model...
2025-05-09 22:35:10,058 - INFO - Fitting model...
2025-05-09 22:37:31,032 - INFO - Saved weights to /s/ls4/users/selibrin/spiking_researches/correlation_encoding_and_training/mnist/hpo/single_spk_input_multi_spk_output/hpo_data/hpo_iteration_data/4339499/estimator_1_neuron_5_weights.npy
2025-05-09 22:37:31,032 - INFO - Evaluating model...
2025-05-09 22:41:46,129 - INFO - Saved validation outputs to /s/ls4/users/selibrin/spiking_researches/correlation_encoding_and_training/mnist/hpo/single_spk_input_multi_spk_output/hpo_data/hpo_iteration_data/4339499/estimator_1_neuron_5_validation_outputs.npy
2025-05-09 22:41:46,129 - INFO - Waiting for parameters file: /s/ls4/users/selibrin/spiking_researches/correlation_encoding_and_training/mnist/hpo/single_spk_input_multi_spk_output/hpo_data/hpo_iteration_data/4339499/params_1_5.pkl
2025-05-09 22:42:41,193 - INFO - Loaded HPO parameters
2025-05-09 22:42:41,193 - INFO - Preparing datasets...
2025-05-09 22:42:45,948 - INFO - Prepared datasets: 1062 train & 1000 validation samples
2025-05-09 22:42:45,949 - INFO - Initializing model...
2025-05-09 22:42:45,952 - INFO - Fitting model...
2025-05-09 22:47:21,756 - INFO - Saved weights to /s/ls4/users/selibrin/spiking_researches/correlation_encoding_and_training/mnist/hpo/single_spk_input_multi_spk_output/hpo_data/hpo_iteration_data/4339499/estimator_1_neuron_5_weights.npy
2025-05-09 22:47:21,757 - INFO - Evaluating model...
2025-05-09 22:51:33,304 - INFO - Saved validation outputs to /s/ls4/users/selibrin/spiking_researches/correlation_encoding_and_training/mnist/hpo/single_spk_input_multi_spk_output/hpo_data/hpo_iteration_data/4339499/estimator_1_neuron_5_validation_outputs.npy
2025-05-09 22:51:33,304 - INFO - Waiting for parameters file: /s/ls4/users/selibrin/spiking_researches/correlation_encoding_and_training/mnist/hpo/single_spk_input_multi_spk_output/hpo_data/hpo_iteration_data/4339499/params_1_5.pkl
2025-05-09 22:52:48,389 - INFO - Loaded HPO parameters
2025-05-09 22:52:48,389 - INFO - Preparing datasets...
2025-05-09 22:52:53,157 - INFO - Prepared datasets: 265 train & 1000 validation samples
2025-05-09 22:52:53,157 - INFO - Initializing model...
2025-05-09 22:52:53,160 - INFO - Fitting model...
2025-05-09 22:54:04,073 - INFO - Saved weights to /s/ls4/users/selibrin/spiking_researches/correlation_encoding_and_training/mnist/hpo/single_spk_input_multi_spk_output/hpo_data/hpo_iteration_data/4339499/estimator_1_neuron_5_weights.npy
2025-05-09 22:54:04,074 - INFO - Evaluating model...
2025-05-09 22:58:19,929 - INFO - Saved validation outputs to /s/ls4/users/selibrin/spiking_researches/correlation_encoding_and_training/mnist/hpo/single_spk_input_multi_spk_output/hpo_data/hpo_iteration_data/4339499/estimator_1_neuron_5_validation_outputs.npy
2025-05-09 22:58:19,930 - INFO - Waiting for parameters file: /s/ls4/users/selibrin/spiking_researches/correlation_encoding_and_training/mnist/hpo/single_spk_input_multi_spk_output/hpo_data/hpo_iteration_data/4339499/params_1_5.pkl
2025-05-09 22:58:54,971 - INFO - Loaded HPO parameters
2025-05-09 22:58:54,971 - INFO - Preparing datasets...
2025-05-09 22:58:59,680 - INFO - Prepared datasets: 1062 train & 1000 validation samples
2025-05-09 22:58:59,680 - INFO - Initializing model...
2025-05-09 22:58:59,684 - INFO - Fitting model...
2025-05-09 23:03:55,145 - INFO - Saved weights to /s/ls4/users/selibrin/spiking_researches/correlation_encoding_and_training/mnist/hpo/single_spk_input_multi_spk_output/hpo_data/hpo_iteration_data/4339499/estimator_1_neuron_5_weights.npy
2025-05-09 23:03:55,146 - INFO - Evaluating model...
2025-05-09 23:08:32,198 - INFO - Saved validation outputs to /s/ls4/users/selibrin/spiking_researches/correlation_encoding_and_training/mnist/hpo/single_spk_input_multi_spk_output/hpo_data/hpo_iteration_data/4339499/estimator_1_neuron_5_validation_outputs.npy
2025-05-09 23:08:32,198 - INFO - Waiting for parameters file: /s/ls4/users/selibrin/spiking_researches/correlation_encoding_and_training/mnist/hpo/single_spk_input_multi_spk_output/hpo_data/hpo_iteration_data/4339499/params_1_5.pkl
2025-05-09 23:09:27,265 - INFO - Loaded HPO parameters
2025-05-09 23:09:27,265 - INFO - Preparing datasets...
2025-05-09 23:09:32,563 - INFO - Prepared datasets: 531 train & 1000 validation samples
2025-05-09 23:09:32,564 - INFO - Initializing model...
2025-05-09 23:09:32,569 - INFO - Fitting model...
2025-05-09 23:12:07,992 - INFO - Saved weights to /s/ls4/users/selibrin/spiking_researches/correlation_encoding_and_training/mnist/hpo/single_spk_input_multi_spk_output/hpo_data/hpo_iteration_data/4339499/estimator_1_neuron_5_weights.npy
2025-05-09 23:12:07,993 - INFO - Evaluating model...
2025-05-09 23:16:52,621 - INFO - Saved validation outputs to /s/ls4/users/selibrin/spiking_researches/correlation_encoding_and_training/mnist/hpo/single_spk_input_multi_spk_output/hpo_data/hpo_iteration_data/4339499/estimator_1_neuron_5_validation_outputs.npy
2025-05-09 23:16:52,621 - INFO - Waiting for parameters file: /s/ls4/users/selibrin/spiking_researches/correlation_encoding_and_training/mnist/hpo/single_spk_input_multi_spk_output/hpo_data/hpo_iteration_data/4339499/params_1_5.pkl
2025-05-09 23:17:32,669 - INFO - Loaded HPO parameters
2025-05-09 23:17:32,669 - INFO - Preparing datasets...
2025-05-09 23:17:37,697 - INFO - Prepared datasets: 531 train & 1000 validation samples
2025-05-09 23:17:37,744 - INFO - Initializing model...
2025-05-09 23:17:37,748 - INFO - Fitting model...
2025-05-09 23:20:14,563 - INFO - Saved weights to /s/ls4/users/selibrin/spiking_researches/correlation_encoding_and_training/mnist/hpo/single_spk_input_multi_spk_output/hpo_data/hpo_iteration_data/4339499/estimator_1_neuron_5_weights.npy
2025-05-09 23:20:14,563 - INFO - Evaluating model...
2025-05-09 23:24:59,851 - INFO - Saved validation outputs to /s/ls4/users/selibrin/spiking_researches/correlation_encoding_and_training/mnist/hpo/single_spk_input_multi_spk_output/hpo_data/hpo_iteration_data/4339499/estimator_1_neuron_5_validation_outputs.npy
2025-05-09 23:24:59,852 - INFO - Waiting for parameters file: /s/ls4/users/selibrin/spiking_researches/correlation_encoding_and_training/mnist/hpo/single_spk_input_multi_spk_output/hpo_data/hpo_iteration_data/4339499/params_1_5.pkl
2025-05-09 23:25:39,899 - INFO - Loaded HPO parameters
2025-05-09 23:25:39,900 - INFO - Preparing datasets...
2025-05-09 23:25:45,221 - INFO - Prepared datasets: 531 train & 1000 validation samples
2025-05-09 23:25:45,221 - INFO - Initializing model...
2025-05-09 23:25:45,224 - INFO - Fitting model...
2025-05-09 23:28:23,021 - INFO - Saved weights to /s/ls4/users/selibrin/spiking_researches/correlation_encoding_and_training/mnist/hpo/single_spk_input_multi_spk_output/hpo_data/hpo_iteration_data/4339499/estimator_1_neuron_5_weights.npy
2025-05-09 23:28:23,021 - INFO - Evaluating model...
2025-05-09 23:33:08,212 - INFO - Saved validation outputs to /s/ls4/users/selibrin/spiking_researches/correlation_encoding_and_training/mnist/hpo/single_spk_input_multi_spk_output/hpo_data/hpo_iteration_data/4339499/estimator_1_neuron_5_validation_outputs.npy
2025-05-09 23:33:08,212 - INFO - Waiting for parameters file: /s/ls4/users/selibrin/spiking_researches/correlation_encoding_and_training/mnist/hpo/single_spk_input_multi_spk_output/hpo_data/hpo_iteration_data/4339499/params_1_5.pkl
2025-05-09 23:33:43,256 - INFO - Loaded HPO parameters
2025-05-09 23:33:43,256 - INFO - Preparing datasets...
2025-05-09 23:33:48,557 - INFO - Prepared datasets: 531 train & 1000 validation samples
2025-05-09 23:33:48,558 - INFO - Initializing model...
2025-05-09 23:33:48,562 - INFO - Fitting model...
2025-05-09 23:36:24,994 - INFO - Saved weights to /s/ls4/users/selibrin/spiking_researches/correlation_encoding_and_training/mnist/hpo/single_spk_input_multi_spk_output/hpo_data/hpo_iteration_data/4339499/estimator_1_neuron_5_weights.npy
2025-05-09 23:36:24,994 - INFO - Evaluating model...
2025-05-09 23:41:12,928 - INFO - Saved validation outputs to /s/ls4/users/selibrin/spiking_researches/correlation_encoding_and_training/mnist/hpo/single_spk_input_multi_spk_output/hpo_data/hpo_iteration_data/4339499/estimator_1_neuron_5_validation_outputs.npy
2025-05-09 23:41:12,929 - INFO - Waiting for parameters file: /s/ls4/users/selibrin/spiking_researches/correlation_encoding_and_training/mnist/hpo/single_spk_input_multi_spk_output/hpo_data/hpo_iteration_data/4339499/params_1_5.pkl
2025-05-09 23:41:53,003 - INFO - Loaded HPO parameters
2025-05-09 23:41:53,003 - INFO - Preparing datasets...
2025-05-09 23:41:58,236 - INFO - Prepared datasets: 531 train & 1000 validation samples
2025-05-09 23:41:58,236 - INFO - Initializing model...
2025-05-09 23:41:58,240 - INFO - Fitting model...
2025-05-09 23:44:35,214 - INFO - Saved weights to /s/ls4/users/selibrin/spiking_researches/correlation_encoding_and_training/mnist/hpo/single_spk_input_multi_spk_output/hpo_data/hpo_iteration_data/4339499/estimator_1_neuron_5_weights.npy
2025-05-09 23:44:35,214 - INFO - Evaluating model...
2025-05-09 23:49:10,246 - INFO - Saved validation outputs to /s/ls4/users/selibrin/spiking_researches/correlation_encoding_and_training/mnist/hpo/single_spk_input_multi_spk_output/hpo_data/hpo_iteration_data/4339499/estimator_1_neuron_5_validation_outputs.npy
2025-05-09 23:49:10,247 - INFO - Waiting for parameters file: /s/ls4/users/selibrin/spiking_researches/correlation_encoding_and_training/mnist/hpo/single_spk_input_multi_spk_output/hpo_data/hpo_iteration_data/4339499/params_1_5.pkl
2025-05-09 23:49:55,307 - INFO - Loaded HPO parameters
2025-05-09 23:49:55,307 - INFO - Preparing datasets...
2025-05-09 23:50:00,569 - INFO - Prepared datasets: 1062 train & 1000 validation samples
2025-05-09 23:50:00,570 - INFO - Initializing model...
2025-05-09 23:50:00,573 - INFO - Fitting model...
2025-05-09 23:55:02,145 - INFO - Saved weights to /s/ls4/users/selibrin/spiking_researches/correlation_encoding_and_training/mnist/hpo/single_spk_input_multi_spk_output/hpo_data/hpo_iteration_data/4339499/estimator_1_neuron_5_weights.npy
2025-05-09 23:55:02,146 - INFO - Evaluating model...
2025-05-09 23:59:38,019 - INFO - Saved validation outputs to /s/ls4/users/selibrin/spiking_researches/correlation_encoding_and_training/mnist/hpo/single_spk_input_multi_spk_output/hpo_data/hpo_iteration_data/4339499/estimator_1_neuron_5_validation_outputs.npy
2025-05-09 23:59:38,019 - INFO - Waiting for parameters file: /s/ls4/users/selibrin/spiking_researches/correlation_encoding_and_training/mnist/hpo/single_spk_input_multi_spk_output/hpo_data/hpo_iteration_data/4339499/params_1_5.pkl
2025-05-10 00:01:03,113 - INFO - Loaded HPO parameters
2025-05-10 00:01:03,113 - INFO - Preparing datasets...
2025-05-10 00:01:08,491 - INFO - Prepared datasets: 531 train & 1000 validation samples
2025-05-10 00:01:08,491 - INFO - Initializing model...
2025-05-10 00:01:08,495 - INFO - Fitting model...
2025-05-10 00:03:37,083 - INFO - Saved weights to /s/ls4/users/selibrin/spiking_researches/correlation_encoding_and_training/mnist/hpo/single_spk_input_multi_spk_output/hpo_data/hpo_iteration_data/4339499/estimator_1_neuron_5_weights.npy
2025-05-10 00:03:37,084 - INFO - Evaluating model...
2025-05-10 00:08:11,386 - INFO - Saved validation outputs to /s/ls4/users/selibrin/spiking_researches/correlation_encoding_and_training/mnist/hpo/single_spk_input_multi_spk_output/hpo_data/hpo_iteration_data/4339499/estimator_1_neuron_5_validation_outputs.npy
2025-05-10 00:08:11,387 - INFO - Waiting for parameters file: /s/ls4/users/selibrin/spiking_researches/correlation_encoding_and_training/mnist/hpo/single_spk_input_multi_spk_output/hpo_data/hpo_iteration_data/4339499/params_1_5.pkl
2025-05-10 00:09:06,451 - INFO - Loaded HPO parameters
2025-05-10 00:09:06,452 - INFO - Preparing datasets...
2025-05-10 00:09:11,752 - INFO - Prepared datasets: 1062 train & 1000 validation samples
2025-05-10 00:09:11,752 - INFO - Initializing model...
2025-05-10 00:09:11,755 - INFO - Fitting model...
2025-05-10 00:14:13,907 - INFO - Saved weights to /s/ls4/users/selibrin/spiking_researches/correlation_encoding_and_training/mnist/hpo/single_spk_input_multi_spk_output/hpo_data/hpo_iteration_data/4339499/estimator_1_neuron_5_weights.npy
2025-05-10 00:14:13,907 - INFO - Evaluating model...
2025-05-10 00:18:52,038 - INFO - Saved validation outputs to /s/ls4/users/selibrin/spiking_researches/correlation_encoding_and_training/mnist/hpo/single_spk_input_multi_spk_output/hpo_data/hpo_iteration_data/4339499/estimator_1_neuron_5_validation_outputs.npy
2025-05-10 00:18:52,038 - INFO - Waiting for parameters file: /s/ls4/users/selibrin/spiking_researches/correlation_encoding_and_training/mnist/hpo/single_spk_input_multi_spk_output/hpo_data/hpo_iteration_data/4339499/params_1_5.pkl
2025-05-10 00:20:12,131 - INFO - Loaded HPO parameters
2025-05-10 00:20:12,131 - INFO - Preparing datasets...
2025-05-10 00:20:18,015 - INFO - Prepared datasets: 531 train & 1000 validation samples
2025-05-10 00:20:18,016 - INFO - Initializing model...
2025-05-10 00:20:18,019 - INFO - Fitting model...
2025-05-10 00:22:48,279 - INFO - Saved weights to /s/ls4/users/selibrin/spiking_researches/correlation_encoding_and_training/mnist/hpo/single_spk_input_multi_spk_output/hpo_data/hpo_iteration_data/4339499/estimator_1_neuron_5_weights.npy
2025-05-10 00:22:48,280 - INFO - Evaluating model...
2025-05-10 00:27:24,367 - INFO - Saved validation outputs to /s/ls4/users/selibrin/spiking_researches/correlation_encoding_and_training/mnist/hpo/single_spk_input_multi_spk_output/hpo_data/hpo_iteration_data/4339499/estimator_1_neuron_5_validation_outputs.npy
2025-05-10 00:27:24,368 - INFO - Waiting for parameters file: /s/ls4/users/selibrin/spiking_researches/correlation_encoding_and_training/mnist/hpo/single_spk_input_multi_spk_output/hpo_data/hpo_iteration_data/4339499/params_1_5.pkl
2025-05-10 00:28:19,433 - INFO - Loaded HPO parameters
2025-05-10 00:28:19,433 - INFO - Preparing datasets...
2025-05-10 00:28:24,778 - INFO - Prepared datasets: 1062 train & 1000 validation samples
2025-05-10 00:28:24,778 - INFO - Initializing model...
2025-05-10 00:28:24,781 - INFO - Fitting model...
2025-05-10 00:33:29,074 - INFO - Saved weights to /s/ls4/users/selibrin/spiking_researches/correlation_encoding_and_training/mnist/hpo/single_spk_input_multi_spk_output/hpo_data/hpo_iteration_data/4339499/estimator_1_neuron_5_weights.npy
2025-05-10 00:33:29,074 - INFO - Evaluating model...
2025-05-10 00:38:04,740 - INFO - Saved validation outputs to /s/ls4/users/selibrin/spiking_researches/correlation_encoding_and_training/mnist/hpo/single_spk_input_multi_spk_output/hpo_data/hpo_iteration_data/4339499/estimator_1_neuron_5_validation_outputs.npy
2025-05-10 00:38:04,741 - INFO - Waiting for parameters file: /s/ls4/users/selibrin/spiking_researches/correlation_encoding_and_training/mnist/hpo/single_spk_input_multi_spk_output/hpo_data/hpo_iteration_data/4339499/params_1_5.pkl
2025-05-10 00:39:24,836 - INFO - Loaded HPO parameters
2025-05-10 00:39:24,837 - INFO - Preparing datasets...
2025-05-10 00:39:30,775 - INFO - Prepared datasets: 265 train & 1000 validation samples
2025-05-10 00:39:30,776 - INFO - Initializing model...
2025-05-10 00:39:30,779 - INFO - Fitting model...
2025-05-10 00:40:46,198 - INFO - Saved weights to /s/ls4/users/selibrin/spiking_researches/correlation_encoding_and_training/mnist/hpo/single_spk_input_multi_spk_output/hpo_data/hpo_iteration_data/4339499/estimator_1_neuron_5_weights.npy
2025-05-10 00:40:46,199 - INFO - Evaluating model...
2025-05-10 00:45:06,728 - INFO - Saved validation outputs to /s/ls4/users/selibrin/spiking_researches/correlation_encoding_and_training/mnist/hpo/single_spk_input_multi_spk_output/hpo_data/hpo_iteration_data/4339499/estimator_1_neuron_5_validation_outputs.npy
2025-05-10 00:45:06,728 - INFO - Waiting for parameters file: /s/ls4/users/selibrin/spiking_researches/correlation_encoding_and_training/mnist/hpo/single_spk_input_multi_spk_output/hpo_data/hpo_iteration_data/4339499/params_1_5.pkl
2025-05-10 00:45:31,760 - INFO - Loaded HPO parameters
2025-05-10 00:45:31,760 - INFO - Preparing datasets...
2025-05-10 00:45:34,836 - INFO - Prepared datasets: 531 train & 1000 validation samples
2025-05-10 00:45:34,836 - INFO - Initializing model...
2025-05-10 00:45:34,838 - INFO - Fitting model...
2025-05-10 00:47:01,299 - INFO - Saved weights to /s/ls4/users/selibrin/spiking_researches/correlation_encoding_and_training/mnist/hpo/single_spk_input_multi_spk_output/hpo_data/hpo_iteration_data/4339499/estimator_1_neuron_5_weights.npy
2025-05-10 00:47:01,300 - INFO - Evaluating model...
2025-05-10 00:49:36,628 - INFO - Saved validation outputs to /s/ls4/users/selibrin/spiking_researches/correlation_encoding_and_training/mnist/hpo/single_spk_input_multi_spk_output/hpo_data/hpo_iteration_data/4339499/estimator_1_neuron_5_validation_outputs.npy
2025-05-10 00:49:36,628 - INFO - Waiting for parameters file: /s/ls4/users/selibrin/spiking_researches/correlation_encoding_and_training/mnist/hpo/single_spk_input_multi_spk_output/hpo_data/hpo_iteration_data/4339499/params_1_5.pkl
2025-05-10 00:50:36,742 - INFO - Loaded HPO parameters
2025-05-10 00:50:36,742 - INFO - Preparing datasets...
2025-05-10 00:50:39,793 - INFO - Prepared datasets: 1062 train & 1000 validation samples
2025-05-10 00:50:39,793 - INFO - Initializing model...
2025-05-10 00:50:39,796 - INFO - Fitting model...
2025-05-10 00:53:31,446 - INFO - Saved weights to /s/ls4/users/selibrin/spiking_researches/correlation_encoding_and_training/mnist/hpo/single_spk_input_multi_spk_output/hpo_data/hpo_iteration_data/4339499/estimator_1_neuron_5_weights.npy
2025-05-10 00:53:31,446 - INFO - Evaluating model...
2025-05-10 00:56:07,549 - INFO - Saved validation outputs to /s/ls4/users/selibrin/spiking_researches/correlation_encoding_and_training/mnist/hpo/single_spk_input_multi_spk_output/hpo_data/hpo_iteration_data/4339499/estimator_1_neuron_5_validation_outputs.npy
2025-05-10 00:56:07,549 - INFO - Waiting for parameters file: /s/ls4/users/selibrin/spiking_researches/correlation_encoding_and_training/mnist/hpo/single_spk_input_multi_spk_output/hpo_data/hpo_iteration_data/4339499/params_1_5.pkl
2025-05-10 00:57:12,621 - INFO - Loaded HPO parameters
2025-05-10 00:57:12,621 - INFO - Preparing datasets...
2025-05-10 00:57:15,950 - INFO - Prepared datasets: 531 train & 1000 validation samples
2025-05-10 00:57:15,950 - INFO - Initializing model...
2025-05-10 00:57:15,952 - INFO - Fitting model...
2025-05-10 00:58:43,029 - INFO - Saved weights to /s/ls4/users/selibrin/spiking_researches/correlation_encoding_and_training/mnist/hpo/single_spk_input_multi_spk_output/hpo_data/hpo_iteration_data/4339499/estimator_1_neuron_5_weights.npy
2025-05-10 00:58:43,029 - INFO - Evaluating model...
2025-05-10 01:01:15,825 - INFO - Saved validation outputs to /s/ls4/users/selibrin/spiking_researches/correlation_encoding_and_training/mnist/hpo/single_spk_input_multi_spk_output/hpo_data/hpo_iteration_data/4339499/estimator_1_neuron_5_validation_outputs.npy
2025-05-10 01:01:15,826 - INFO - Waiting for parameters file: /s/ls4/users/selibrin/spiking_researches/correlation_encoding_and_training/mnist/hpo/single_spk_input_multi_spk_output/hpo_data/hpo_iteration_data/4339499/params_1_5.pkl
2025-05-10 01:02:15,891 - INFO - Loaded HPO parameters
2025-05-10 01:02:15,891 - INFO - Preparing datasets...
2025-05-10 01:02:18,979 - INFO - Prepared datasets: 265 train & 1000 validation samples
2025-05-10 01:02:18,979 - INFO - Initializing model...
2025-05-10 01:02:18,982 - INFO - Fitting model...
2025-05-10 01:03:03,679 - INFO - Saved weights to /s/ls4/users/selibrin/spiking_researches/correlation_encoding_and_training/mnist/hpo/single_spk_input_multi_spk_output/hpo_data/hpo_iteration_data/4339499/estimator_1_neuron_5_weights.npy
2025-05-10 01:03:03,679 - INFO - Evaluating model...
2025-05-10 01:05:45,067 - INFO - Saved validation outputs to /s/ls4/users/selibrin/spiking_researches/correlation_encoding_and_training/mnist/hpo/single_spk_input_multi_spk_output/hpo_data/hpo_iteration_data/4339499/estimator_1_neuron_5_validation_outputs.npy
2025-05-10 01:05:45,067 - INFO - Waiting for parameters file: /s/ls4/users/selibrin/spiking_researches/correlation_encoding_and_training/mnist/hpo/single_spk_input_multi_spk_output/hpo_data/hpo_iteration_data/4339499/params_1_5.pkl
2025-05-10 01:06:25,114 - INFO - Loaded HPO parameters
2025-05-10 01:06:25,114 - INFO - Preparing datasets...
2025-05-10 01:06:28,129 - INFO - Prepared datasets: 1062 train & 1000 validation samples
2025-05-10 01:06:28,130 - INFO - Initializing model...
2025-05-10 01:06:28,132 - INFO - Fitting model...
2025-05-10 01:09:24,391 - INFO - Saved weights to /s/ls4/users/selibrin/spiking_researches/correlation_encoding_and_training/mnist/hpo/single_spk_input_multi_spk_output/hpo_data/hpo_iteration_data/4339499/estimator_1_neuron_5_weights.npy
2025-05-10 01:09:24,391 - INFO - Evaluating model...
2025-05-10 01:12:05,678 - INFO - Saved validation outputs to /s/ls4/users/selibrin/spiking_researches/correlation_encoding_and_training/mnist/hpo/single_spk_input_multi_spk_output/hpo_data/hpo_iteration_data/4339499/estimator_1_neuron_5_validation_outputs.npy
2025-05-10 01:12:05,679 - INFO - Waiting for parameters file: /s/ls4/users/selibrin/spiking_researches/correlation_encoding_and_training/mnist/hpo/single_spk_input_multi_spk_output/hpo_data/hpo_iteration_data/4339499/params_1_5.pkl
2025-05-10 01:13:00,740 - INFO - Loaded HPO parameters
2025-05-10 01:13:00,740 - INFO - Preparing datasets...
2025-05-10 01:13:03,820 - INFO - Prepared datasets: 531 train & 1000 validation samples
2025-05-10 01:13:03,820 - INFO - Initializing model...
2025-05-10 01:13:03,823 - INFO - Fitting model...
2025-05-10 01:14:28,570 - INFO - Saved weights to /s/ls4/users/selibrin/spiking_researches/correlation_encoding_and_training/mnist/hpo/single_spk_input_multi_spk_output/hpo_data/hpo_iteration_data/4339499/estimator_1_neuron_5_weights.npy
2025-05-10 01:14:28,570 - INFO - Evaluating model...
2025-05-10 01:17:06,082 - INFO - Saved validation outputs to /s/ls4/users/selibrin/spiking_researches/correlation_encoding_and_training/mnist/hpo/single_spk_input_multi_spk_output/hpo_data/hpo_iteration_data/4339499/estimator_1_neuron_5_validation_outputs.npy
2025-05-10 01:17:06,082 - INFO - Waiting for parameters file: /s/ls4/users/selibrin/spiking_researches/correlation_encoding_and_training/mnist/hpo/single_spk_input_multi_spk_output/hpo_data/hpo_iteration_data/4339499/params_1_5.pkl
2025-05-10 01:18:06,173 - INFO - Loaded HPO parameters
2025-05-10 01:18:06,173 - INFO - Preparing datasets...
2025-05-10 01:18:09,173 - INFO - Prepared datasets: 1062 train & 1000 validation samples
2025-05-10 01:18:09,173 - INFO - Initializing model...
2025-05-10 01:18:09,175 - INFO - Fitting model...
2025-05-10 01:21:01,704 - INFO - Saved weights to /s/ls4/users/selibrin/spiking_researches/correlation_encoding_and_training/mnist/hpo/single_spk_input_multi_spk_output/hpo_data/hpo_iteration_data/4339499/estimator_1_neuron_5_weights.npy
2025-05-10 01:21:01,704 - INFO - Evaluating model...
2025-05-10 01:23:36,882 - INFO - Saved validation outputs to /s/ls4/users/selibrin/spiking_researches/correlation_encoding_and_training/mnist/hpo/single_spk_input_multi_spk_output/hpo_data/hpo_iteration_data/4339499/estimator_1_neuron_5_validation_outputs.npy
2025-05-10 01:23:36,882 - INFO - Waiting for parameters file: /s/ls4/users/selibrin/spiking_researches/correlation_encoding_and_training/mnist/hpo/single_spk_input_multi_spk_output/hpo_data/hpo_iteration_data/4339499/params_1_5.pkl
2025-05-10 01:24:41,954 - INFO - Loaded HPO parameters
2025-05-10 01:24:41,954 - INFO - Preparing datasets...
2025-05-10 01:24:45,259 - INFO - Prepared datasets: 531 train & 1000 validation samples
2025-05-10 01:24:45,260 - INFO - Initializing model...
2025-05-10 01:24:45,261 - INFO - Fitting model...
2025-05-10 01:26:15,071 - INFO - Saved weights to /s/ls4/users/selibrin/spiking_researches/correlation_encoding_and_training/mnist/hpo/single_spk_input_multi_spk_output/hpo_data/hpo_iteration_data/4339499/estimator_1_neuron_5_weights.npy
2025-05-10 01:26:15,071 - INFO - Evaluating model...
2025-05-10 01:28:57,507 - INFO - Saved validation outputs to /s/ls4/users/selibrin/spiking_researches/correlation_encoding_and_training/mnist/hpo/single_spk_input_multi_spk_output/hpo_data/hpo_iteration_data/4339499/estimator_1_neuron_5_validation_outputs.npy
2025-05-10 01:28:57,507 - INFO - Waiting for parameters file: /s/ls4/users/selibrin/spiking_researches/correlation_encoding_and_training/mnist/hpo/single_spk_input_multi_spk_output/hpo_data/hpo_iteration_data/4339499/params_1_5.pkl
2025-05-10 01:29:47,563 - INFO - Loaded HPO parameters
2025-05-10 01:29:47,563 - INFO - Preparing datasets...
2025-05-10 01:29:50,570 - INFO - Prepared datasets: 531 train & 1000 validation samples
2025-05-10 01:29:50,570 - INFO - Initializing model...
2025-05-10 01:29:50,572 - INFO - Fitting model...
2025-05-10 01:31:17,741 - INFO - Saved weights to /s/ls4/users/selibrin/spiking_researches/correlation_encoding_and_training/mnist/hpo/single_spk_input_multi_spk_output/hpo_data/hpo_iteration_data/4339499/estimator_1_neuron_5_weights.npy
2025-05-10 01:31:17,741 - INFO - Evaluating model...
2025-05-10 01:33:54,935 - INFO - Saved validation outputs to /s/ls4/users/selibrin/spiking_researches/correlation_encoding_and_training/mnist/hpo/single_spk_input_multi_spk_output/hpo_data/hpo_iteration_data/4339499/estimator_1_neuron_5_validation_outputs.npy
2025-05-10 01:33:54,935 - INFO - Waiting for parameters file: /s/ls4/users/selibrin/spiking_researches/correlation_encoding_and_training/mnist/hpo/single_spk_input_multi_spk_output/hpo_data/hpo_iteration_data/4339499/params_1_5.pkl
2025-05-10 01:34:50,014 - INFO - Loaded HPO parameters
2025-05-10 01:34:50,015 - INFO - Preparing datasets...
2025-05-10 01:34:53,006 - INFO - Prepared datasets: 531 train & 1000 validation samples
2025-05-10 01:34:53,007 - INFO - Initializing model...
2025-05-10 01:34:53,009 - INFO - Fitting model...
2025-05-10 01:36:20,818 - INFO - Saved weights to /s/ls4/users/selibrin/spiking_researches/correlation_encoding_and_training/mnist/hpo/single_spk_input_multi_spk_output/hpo_data/hpo_iteration_data/4339499/estimator_1_neuron_5_weights.npy
2025-05-10 01:36:20,819 - INFO - Evaluating model...
2025-05-10 01:38:56,404 - INFO - Saved validation outputs to /s/ls4/users/selibrin/spiking_researches/correlation_encoding_and_training/mnist/hpo/single_spk_input_multi_spk_output/hpo_data/hpo_iteration_data/4339499/estimator_1_neuron_5_validation_outputs.npy
2025-05-10 01:38:56,404 - INFO - Waiting for parameters file: /s/ls4/users/selibrin/spiking_researches/correlation_encoding_and_training/mnist/hpo/single_spk_input_multi_spk_output/hpo_data/hpo_iteration_data/4339499/params_1_5.pkl
2025-05-10 01:39:56,468 - INFO - Loaded HPO parameters
2025-05-10 01:39:56,469 - INFO - Preparing datasets...
2025-05-10 01:39:59,473 - INFO - Prepared datasets: 531 train & 1000 validation samples
2025-05-10 01:39:59,473 - INFO - Initializing model...
2025-05-10 01:39:59,475 - INFO - Fitting model...
2025-05-10 01:41:29,550 - INFO - Saved weights to /s/ls4/users/selibrin/spiking_researches/correlation_encoding_and_training/mnist/hpo/single_spk_input_multi_spk_output/hpo_data/hpo_iteration_data/4339499/estimator_1_neuron_5_weights.npy
2025-05-10 01:41:29,551 - INFO - Evaluating model...
2025-05-10 01:44:08,750 - INFO - Saved validation outputs to /s/ls4/users/selibrin/spiking_researches/correlation_encoding_and_training/mnist/hpo/single_spk_input_multi_spk_output/hpo_data/hpo_iteration_data/4339499/estimator_1_neuron_5_validation_outputs.npy
2025-05-10 01:44:08,750 - INFO - Waiting for parameters file: /s/ls4/users/selibrin/spiking_researches/correlation_encoding_and_training/mnist/hpo/single_spk_input_multi_spk_output/hpo_data/hpo_iteration_data/4339499/params_1_5.pkl
2025-05-10 01:45:03,811 - INFO - Loaded HPO parameters
2025-05-10 01:45:03,811 - INFO - Preparing datasets...
2025-05-10 01:45:06,961 - INFO - Prepared datasets: 531 train & 1000 validation samples
2025-05-10 01:45:06,961 - INFO - Initializing model...
2025-05-10 01:45:06,963 - INFO - Fitting model...
2025-05-10 01:46:36,084 - INFO - Saved weights to /s/ls4/users/selibrin/spiking_researches/correlation_encoding_and_training/mnist/hpo/single_spk_input_multi_spk_output/hpo_data/hpo_iteration_data/4339499/estimator_1_neuron_5_weights.npy
2025-05-10 01:46:36,084 - INFO - Evaluating model...
2025-05-10 01:49:13,033 - INFO - Saved validation outputs to /s/ls4/users/selibrin/spiking_researches/correlation_encoding_and_training/mnist/hpo/single_spk_input_multi_spk_output/hpo_data/hpo_iteration_data/4339499/estimator_1_neuron_5_validation_outputs.npy
2025-05-10 01:49:13,033 - INFO - Waiting for parameters file: /s/ls4/users/selibrin/spiking_researches/correlation_encoding_and_training/mnist/hpo/single_spk_input_multi_spk_output/hpo_data/hpo_iteration_data/4339499/params_1_5.pkl
2025-05-10 01:50:08,093 - INFO - Loaded HPO parameters
2025-05-10 01:50:08,093 - INFO - Preparing datasets...
2025-05-10 01:50:11,145 - INFO - Prepared datasets: 531 train & 1000 validation samples
2025-05-10 01:50:11,145 - INFO - Initializing model...
2025-05-10 01:50:11,147 - INFO - Fitting model...
2025-05-10 01:51:42,767 - INFO - Saved weights to /s/ls4/users/selibrin/spiking_researches/correlation_encoding_and_training/mnist/hpo/single_spk_input_multi_spk_output/hpo_data/hpo_iteration_data/4339499/estimator_1_neuron_5_weights.npy
2025-05-10 01:51:42,767 - INFO - Evaluating model...
2025-05-10 01:54:27,014 - INFO - Saved validation outputs to /s/ls4/users/selibrin/spiking_researches/correlation_encoding_and_training/mnist/hpo/single_spk_input_multi_spk_output/hpo_data/hpo_iteration_data/4339499/estimator_1_neuron_5_validation_outputs.npy
2025-05-10 01:54:27,014 - INFO - Waiting for parameters file: /s/ls4/users/selibrin/spiking_researches/correlation_encoding_and_training/mnist/hpo/single_spk_input_multi_spk_output/hpo_data/hpo_iteration_data/4339499/params_1_5.pkl
2025-05-10 01:55:12,066 - INFO - Loaded HPO parameters
2025-05-10 01:55:12,066 - INFO - Preparing datasets...
2025-05-10 01:55:15,035 - INFO - Prepared datasets: 531 train & 1000 validation samples
2025-05-10 01:55:15,035 - INFO - Initializing model...
2025-05-10 01:55:15,038 - INFO - Fitting model...
2025-05-10 01:56:45,240 - INFO - Saved weights to /s/ls4/users/selibrin/spiking_researches/correlation_encoding_and_training/mnist/hpo/single_spk_input_multi_spk_output/hpo_data/hpo_iteration_data/4339499/estimator_1_neuron_5_weights.npy
2025-05-10 01:56:45,240 - INFO - Evaluating model...
2025-05-10 01:59:27,092 - INFO - Saved validation outputs to /s/ls4/users/selibrin/spiking_researches/correlation_encoding_and_training/mnist/hpo/single_spk_input_multi_spk_output/hpo_data/hpo_iteration_data/4339499/estimator_1_neuron_5_validation_outputs.npy
2025-05-10 01:59:27,092 - INFO - Waiting for parameters file: /s/ls4/users/selibrin/spiking_researches/correlation_encoding_and_training/mnist/hpo/single_spk_input_multi_spk_output/hpo_data/hpo_iteration_data/4339499/params_1_5.pkl
2025-05-10 02:00:17,149 - INFO - Loaded HPO parameters
2025-05-10 02:00:17,149 - INFO - Preparing datasets...
2025-05-10 02:00:20,148 - INFO - Prepared datasets: 265 train & 1000 validation samples
2025-05-10 02:00:20,148 - INFO - Initializing model...
2025-05-10 02:00:20,151 - INFO - Fitting model...
2025-05-10 02:01:05,945 - INFO - Saved weights to /s/ls4/users/selibrin/spiking_researches/correlation_encoding_and_training/mnist/hpo/single_spk_input_multi_spk_output/hpo_data/hpo_iteration_data/4339499/estimator_1_neuron_5_weights.npy
2025-05-10 02:01:05,945 - INFO - Evaluating model...
2025-05-10 02:03:50,018 - INFO - Saved validation outputs to /s/ls4/users/selibrin/spiking_researches/correlation_encoding_and_training/mnist/hpo/single_spk_input_multi_spk_output/hpo_data/hpo_iteration_data/4339499/estimator_1_neuron_5_validation_outputs.npy
2025-05-10 02:03:50,019 - INFO - Waiting for parameters file: /s/ls4/users/selibrin/spiking_researches/correlation_encoding_and_training/mnist/hpo/single_spk_input_multi_spk_output/hpo_data/hpo_iteration_data/4339499/params_1_5.pkl
2025-05-10 02:04:25,059 - INFO - Loaded HPO parameters
2025-05-10 02:04:25,059 - INFO - Preparing datasets...
2025-05-10 02:04:28,057 - INFO - Prepared datasets: 531 train & 1000 validation samples
2025-05-10 02:04:28,057 - INFO - Initializing model...
2025-05-10 02:04:28,060 - INFO - Fitting model...
2025-05-10 02:05:58,607 - INFO - Saved weights to /s/ls4/users/selibrin/spiking_researches/correlation_encoding_and_training/mnist/hpo/single_spk_input_multi_spk_output/hpo_data/hpo_iteration_data/4339499/estimator_1_neuron_5_weights.npy
2025-05-10 02:05:58,607 - INFO - Evaluating model...
2025-05-10 02:08:34,887 - INFO - Saved validation outputs to /s/ls4/users/selibrin/spiking_researches/correlation_encoding_and_training/mnist/hpo/single_spk_input_multi_spk_output/hpo_data/hpo_iteration_data/4339499/estimator_1_neuron_5_validation_outputs.npy
2025-05-10 02:08:34,887 - INFO - Waiting for parameters file: /s/ls4/users/selibrin/spiking_researches/correlation_encoding_and_training/mnist/hpo/single_spk_input_multi_spk_output/hpo_data/hpo_iteration_data/4339499/params_1_5.pkl
2025-05-10 02:09:29,947 - INFO - Loaded HPO parameters
2025-05-10 02:09:29,948 - INFO - Preparing datasets...
2025-05-10 02:09:32,915 - INFO - Prepared datasets: 531 train & 1000 validation samples
2025-05-10 02:09:32,916 - INFO - Initializing model...
2025-05-10 02:09:32,918 - INFO - Fitting model...
2025-05-10 02:11:04,321 - INFO - Saved weights to /s/ls4/users/selibrin/spiking_researches/correlation_encoding_and_training/mnist/hpo/single_spk_input_multi_spk_output/hpo_data/hpo_iteration_data/4339499/estimator_1_neuron_5_weights.npy
2025-05-10 02:11:04,322 - INFO - Evaluating model...
2025-05-10 02:13:52,820 - INFO - Saved validation outputs to /s/ls4/users/selibrin/spiking_researches/correlation_encoding_and_training/mnist/hpo/single_spk_input_multi_spk_output/hpo_data/hpo_iteration_data/4339499/estimator_1_neuron_5_validation_outputs.npy
2025-05-10 02:13:52,820 - INFO - Waiting for parameters file: /s/ls4/users/selibrin/spiking_researches/correlation_encoding_and_training/mnist/hpo/single_spk_input_multi_spk_output/hpo_data/hpo_iteration_data/4339499/params_1_5.pkl
2025-05-10 02:14:32,869 - INFO - Loaded HPO parameters
2025-05-10 02:14:32,869 - INFO - Preparing datasets...
2025-05-10 02:14:36,439 - INFO - Prepared datasets: 265 train & 1000 validation samples
2025-05-10 02:14:36,439 - INFO - Initializing model...
2025-05-10 02:14:36,442 - INFO - Fitting model...
2025-05-10 02:15:20,499 - INFO - Saved weights to /s/ls4/users/selibrin/spiking_researches/correlation_encoding_and_training/mnist/hpo/single_spk_input_multi_spk_output/hpo_data/hpo_iteration_data/4339499/estimator_1_neuron_5_weights.npy
2025-05-10 02:15:20,499 - INFO - Evaluating model...
2025-05-10 02:18:03,552 - INFO - Saved validation outputs to /s/ls4/users/selibrin/spiking_researches/correlation_encoding_and_training/mnist/hpo/single_spk_input_multi_spk_output/hpo_data/hpo_iteration_data/4339499/estimator_1_neuron_5_validation_outputs.npy
2025-05-10 02:18:03,552 - INFO - Waiting for parameters file: /s/ls4/users/selibrin/spiking_researches/correlation_encoding_and_training/mnist/hpo/single_spk_input_multi_spk_output/hpo_data/hpo_iteration_data/4339499/params_1_5.pkl
2025-05-10 02:18:38,594 - INFO - Loaded HPO parameters
2025-05-10 02:18:38,594 - INFO - Preparing datasets...
2025-05-10 02:18:42,065 - INFO - Prepared datasets: 531 train & 1000 validation samples
2025-05-10 02:18:42,065 - INFO - Initializing model...
2025-05-10 02:18:42,068 - INFO - Fitting model...
2025-05-10 02:20:08,053 - INFO - Saved weights to /s/ls4/users/selibrin/spiking_researches/correlation_encoding_and_training/mnist/hpo/single_spk_input_multi_spk_output/hpo_data/hpo_iteration_data/4339499/estimator_1_neuron_5_weights.npy
2025-05-10 02:20:08,053 - INFO - Evaluating model...
2025-05-10 02:22:50,528 - INFO - Saved validation outputs to /s/ls4/users/selibrin/spiking_researches/correlation_encoding_and_training/mnist/hpo/single_spk_input_multi_spk_output/hpo_data/hpo_iteration_data/4339499/estimator_1_neuron_5_validation_outputs.npy
2025-05-10 02:22:50,529 - INFO - Waiting for parameters file: /s/ls4/users/selibrin/spiking_researches/correlation_encoding_and_training/mnist/hpo/single_spk_input_multi_spk_output/hpo_data/hpo_iteration_data/4339499/params_1_5.pkl
2025-05-10 02:23:45,590 - INFO - Loaded HPO parameters
2025-05-10 02:23:45,590 - INFO - Preparing datasets...
2025-05-10 02:23:48,598 - INFO - Prepared datasets: 531 train & 1000 validation samples
2025-05-10 02:23:48,599 - INFO - Initializing model...
2025-05-10 02:23:48,601 - INFO - Fitting model...
2025-05-10 02:25:15,472 - INFO - Saved weights to /s/ls4/users/selibrin/spiking_researches/correlation_encoding_and_training/mnist/hpo/single_spk_input_multi_spk_output/hpo_data/hpo_iteration_data/4339499/estimator_1_neuron_5_weights.npy
2025-05-10 02:25:15,473 - INFO - Evaluating model...
2025-05-10 02:27:54,973 - INFO - Saved validation outputs to /s/ls4/users/selibrin/spiking_researches/correlation_encoding_and_training/mnist/hpo/single_spk_input_multi_spk_output/hpo_data/hpo_iteration_data/4339499/estimator_1_neuron_5_validation_outputs.npy
2025-05-10 02:27:54,973 - INFO - Waiting for parameters file: /s/ls4/users/selibrin/spiking_researches/correlation_encoding_and_training/mnist/hpo/single_spk_input_multi_spk_output/hpo_data/hpo_iteration_data/4339499/params_1_5.pkl
2025-05-10 02:28:50,060 - INFO - Loaded HPO parameters
2025-05-10 02:28:50,060 - INFO - Preparing datasets...
2025-05-10 02:28:53,097 - INFO - Prepared datasets: 531 train & 1000 validation samples
2025-05-10 02:28:53,097 - INFO - Initializing model...
2025-05-10 02:28:53,099 - INFO - Fitting model...
2025-05-10 02:30:22,265 - INFO - Saved weights to /s/ls4/users/selibrin/spiking_researches/correlation_encoding_and_training/mnist/hpo/single_spk_input_multi_spk_output/hpo_data/hpo_iteration_data/4339499/estimator_1_neuron_5_weights.npy
2025-05-10 02:30:22,265 - INFO - Evaluating model...
2025-05-10 02:33:04,068 - INFO - Saved validation outputs to /s/ls4/users/selibrin/spiking_researches/correlation_encoding_and_training/mnist/hpo/single_spk_input_multi_spk_output/hpo_data/hpo_iteration_data/4339499/estimator_1_neuron_5_validation_outputs.npy
2025-05-10 02:33:04,069 - INFO - Waiting for parameters file: /s/ls4/users/selibrin/spiking_researches/correlation_encoding_and_training/mnist/hpo/single_spk_input_multi_spk_output/hpo_data/hpo_iteration_data/4339499/params_1_5.pkl
2025-05-10 02:33:54,147 - INFO - Loaded HPO parameters
2025-05-10 02:33:54,147 - INFO - Preparing datasets...
2025-05-10 02:33:57,254 - INFO - Prepared datasets: 265 train & 1000 validation samples
2025-05-10 02:33:57,254 - INFO - Initializing model...
2025-05-10 02:33:57,257 - INFO - Fitting model...
2025-05-10 02:34:42,098 - INFO - Saved weights to /s/ls4/users/selibrin/spiking_researches/correlation_encoding_and_training/mnist/hpo/single_spk_input_multi_spk_output/hpo_data/hpo_iteration_data/4339499/estimator_1_neuron_5_weights.npy
2025-05-10 02:34:42,098 - INFO - Evaluating model...
2025-05-10 02:37:23,246 - INFO - Saved validation outputs to /s/ls4/users/selibrin/spiking_researches/correlation_encoding_and_training/mnist/hpo/single_spk_input_multi_spk_output/hpo_data/hpo_iteration_data/4339499/estimator_1_neuron_5_validation_outputs.npy
2025-05-10 02:37:23,247 - INFO - Waiting for parameters file: /s/ls4/users/selibrin/spiking_researches/correlation_encoding_and_training/mnist/hpo/single_spk_input_multi_spk_output/hpo_data/hpo_iteration_data/4339499/params_1_5.pkl
2025-05-10 02:38:03,289 - INFO - Loaded HPO parameters
2025-05-10 02:38:03,290 - INFO - Preparing datasets...
2025-05-10 02:38:06,324 - INFO - Prepared datasets: 531 train & 1000 validation samples
2025-05-10 02:38:06,325 - INFO - Initializing model...
2025-05-10 02:38:06,327 - INFO - Fitting model...
2025-05-10 02:39:36,484 - INFO - Saved weights to /s/ls4/users/selibrin/spiking_researches/correlation_encoding_and_training/mnist/hpo/single_spk_input_multi_spk_output/hpo_data/hpo_iteration_data/4339499/estimator_1_neuron_5_weights.npy
2025-05-10 02:39:36,484 - INFO - Evaluating model...
2025-05-10 02:42:21,555 - INFO - Saved validation outputs to /s/ls4/users/selibrin/spiking_researches/correlation_encoding_and_training/mnist/hpo/single_spk_input_multi_spk_output/hpo_data/hpo_iteration_data/4339499/estimator_1_neuron_5_validation_outputs.npy
2025-05-10 02:42:21,555 - INFO - Waiting for parameters file: /s/ls4/users/selibrin/spiking_researches/correlation_encoding_and_training/mnist/hpo/single_spk_input_multi_spk_output/hpo_data/hpo_iteration_data/4339499/params_1_5.pkl
2025-05-10 02:43:06,607 - INFO - Loaded HPO parameters
2025-05-10 02:43:06,607 - INFO - Preparing datasets...
2025-05-10 02:43:09,636 - INFO - Prepared datasets: 531 train & 1000 validation samples
2025-05-10 02:43:09,636 - INFO - Initializing model...
2025-05-10 02:43:09,639 - INFO - Fitting model...
2025-05-10 02:44:38,392 - INFO - Saved weights to /s/ls4/users/selibrin/spiking_researches/correlation_encoding_and_training/mnist/hpo/single_spk_input_multi_spk_output/hpo_data/hpo_iteration_data/4339499/estimator_1_neuron_5_weights.npy
2025-05-10 02:44:38,393 - INFO - Evaluating model...
2025-05-10 02:47:22,774 - INFO - Saved validation outputs to /s/ls4/users/selibrin/spiking_researches/correlation_encoding_and_training/mnist/hpo/single_spk_input_multi_spk_output/hpo_data/hpo_iteration_data/4339499/estimator_1_neuron_5_validation_outputs.npy
2025-05-10 02:47:22,774 - INFO - Waiting for parameters file: /s/ls4/users/selibrin/spiking_researches/correlation_encoding_and_training/mnist/hpo/single_spk_input_multi_spk_output/hpo_data/hpo_iteration_data/4339499/params_1_5.pkl
2025-05-10 02:48:12,830 - INFO - Loaded HPO parameters
2025-05-10 02:48:12,830 - INFO - Preparing datasets...
2025-05-10 02:48:15,844 - INFO - Prepared datasets: 531 train & 1000 validation samples
2025-05-10 02:48:15,844 - INFO - Initializing model...
2025-05-10 02:48:15,846 - INFO - Fitting model...
2025-05-10 02:49:45,698 - INFO - Saved weights to /s/ls4/users/selibrin/spiking_researches/correlation_encoding_and_training/mnist/hpo/single_spk_input_multi_spk_output/hpo_data/hpo_iteration_data/4339499/estimator_1_neuron_5_weights.npy
2025-05-10 02:49:45,698 - INFO - Evaluating model...
2025-05-10 02:52:31,107 - INFO - Saved validation outputs to /s/ls4/users/selibrin/spiking_researches/correlation_encoding_and_training/mnist/hpo/single_spk_input_multi_spk_output/hpo_data/hpo_iteration_data/4339499/estimator_1_neuron_5_validation_outputs.npy
2025-05-10 02:52:31,108 - INFO - Waiting for parameters file: /s/ls4/users/selibrin/spiking_researches/correlation_encoding_and_training/mnist/hpo/single_spk_input_multi_spk_output/hpo_data/hpo_iteration_data/4339499/params_1_5.pkl
2025-05-10 02:53:16,159 - INFO - Loaded HPO parameters
2025-05-10 02:53:16,160 - INFO - Preparing datasets...
2025-05-10 02:53:19,232 - INFO - Prepared datasets: 265 train & 1000 validation samples
2025-05-10 02:53:19,232 - INFO - Initializing model...
2025-05-10 02:53:19,235 - INFO - Fitting model...
2025-05-10 02:54:04,719 - INFO - Saved weights to /s/ls4/users/selibrin/spiking_researches/correlation_encoding_and_training/mnist/hpo/single_spk_input_multi_spk_output/hpo_data/hpo_iteration_data/4339499/estimator_1_neuron_5_weights.npy
2025-05-10 02:54:04,719 - INFO - Evaluating model...
2025-05-10 02:56:48,454 - INFO - Saved validation outputs to /s/ls4/users/selibrin/spiking_researches/correlation_encoding_and_training/mnist/hpo/single_spk_input_multi_spk_output/hpo_data/hpo_iteration_data/4339499/estimator_1_neuron_5_validation_outputs.npy
2025-05-10 02:56:48,454 - INFO - Waiting for parameters file: /s/ls4/users/selibrin/spiking_researches/correlation_encoding_and_training/mnist/hpo/single_spk_input_multi_spk_output/hpo_data/hpo_iteration_data/4339499/params_1_5.pkl
2025-05-10 02:57:23,494 - INFO - Loaded HPO parameters
2025-05-10 02:57:23,494 - INFO - Preparing datasets...
2025-05-10 02:57:26,564 - INFO - Prepared datasets: 531 train & 1000 validation samples
2025-05-10 02:57:26,564 - INFO - Initializing model...
2025-05-10 02:57:26,567 - INFO - Fitting model...
2025-05-10 02:58:55,357 - INFO - Saved weights to /s/ls4/users/selibrin/spiking_researches/correlation_encoding_and_training/mnist/hpo/single_spk_input_multi_spk_output/hpo_data/hpo_iteration_data/4339499/estimator_1_neuron_5_weights.npy
2025-05-10 02:58:55,358 - INFO - Evaluating model...
2025-05-10 03:01:43,126 - INFO - Saved validation outputs to /s/ls4/users/selibrin/spiking_researches/correlation_encoding_and_training/mnist/hpo/single_spk_input_multi_spk_output/hpo_data/hpo_iteration_data/4339499/estimator_1_neuron_5_validation_outputs.npy
2025-05-10 03:01:43,127 - INFO - Waiting for parameters file: /s/ls4/users/selibrin/spiking_researches/correlation_encoding_and_training/mnist/hpo/single_spk_input_multi_spk_output/hpo_data/hpo_iteration_data/4339499/params_1_5.pkl
2025-05-10 03:02:28,177 - INFO - Loaded HPO parameters
2025-05-10 03:02:28,177 - INFO - Preparing datasets...
2025-05-10 03:02:31,189 - INFO - Prepared datasets: 531 train & 1000 validation samples
2025-05-10 03:02:31,189 - INFO - Initializing model...
2025-05-10 03:02:31,192 - INFO - Fitting model...
2025-05-10 03:04:04,745 - INFO - Saved weights to /s/ls4/users/selibrin/spiking_researches/correlation_encoding_and_training/mnist/hpo/single_spk_input_multi_spk_output/hpo_data/hpo_iteration_data/4339499/estimator_1_neuron_5_weights.npy
2025-05-10 03:04:04,745 - INFO - Evaluating model...
2025-05-10 03:06:52,556 - INFO - Saved validation outputs to /s/ls4/users/selibrin/spiking_researches/correlation_encoding_and_training/mnist/hpo/single_spk_input_multi_spk_output/hpo_data/hpo_iteration_data/4339499/estimator_1_neuron_5_validation_outputs.npy
2025-05-10 03:06:52,556 - INFO - Waiting for parameters file: /s/ls4/users/selibrin/spiking_researches/correlation_encoding_and_training/mnist/hpo/single_spk_input_multi_spk_output/hpo_data/hpo_iteration_data/4339499/params_1_5.pkl
2025-05-10 03:07:32,603 - INFO - Loaded HPO parameters
2025-05-10 03:07:32,603 - INFO - Preparing datasets...
2025-05-10 03:07:35,903 - INFO - Prepared datasets: 531 train & 1000 validation samples
2025-05-10 03:07:35,903 - INFO - Initializing model...
2025-05-10 03:07:35,906 - INFO - Fitting model...
2025-05-10 03:09:04,549 - INFO - Saved weights to /s/ls4/users/selibrin/spiking_researches/correlation_encoding_and_training/mnist/hpo/single_spk_input_multi_spk_output/hpo_data/hpo_iteration_data/4339499/estimator_1_neuron_5_weights.npy
2025-05-10 03:09:04,550 - INFO - Evaluating model...
2025-05-10 03:11:43,471 - INFO - Saved validation outputs to /s/ls4/users/selibrin/spiking_researches/correlation_encoding_and_training/mnist/hpo/single_spk_input_multi_spk_output/hpo_data/hpo_iteration_data/4339499/estimator_1_neuron_5_validation_outputs.npy
2025-05-10 03:11:43,471 - INFO - Waiting for parameters file: /s/ls4/users/selibrin/spiking_researches/correlation_encoding_and_training/mnist/hpo/single_spk_input_multi_spk_output/hpo_data/hpo_iteration_data/4339499/params_1_5.pkl
2025-05-10 03:12:38,532 - INFO - Loaded HPO parameters
2025-05-10 03:12:38,532 - INFO - Preparing datasets...
2025-05-10 03:12:41,529 - INFO - Prepared datasets: 265 train & 1000 validation samples
2025-05-10 03:12:41,529 - INFO - Initializing model...
2025-05-10 03:12:41,532 - INFO - Fitting model...
2025-05-10 03:13:25,621 - INFO - Saved weights to /s/ls4/users/selibrin/spiking_researches/correlation_encoding_and_training/mnist/hpo/single_spk_input_multi_spk_output/hpo_data/hpo_iteration_data/4339499/estimator_1_neuron_5_weights.npy
2025-05-10 03:13:25,621 - INFO - Evaluating model...
2025-05-10 03:16:06,632 - INFO - Saved validation outputs to /s/ls4/users/selibrin/spiking_researches/correlation_encoding_and_training/mnist/hpo/single_spk_input_multi_spk_output/hpo_data/hpo_iteration_data/4339499/estimator_1_neuron_5_validation_outputs.npy
2025-05-10 03:16:06,632 - INFO - Waiting for parameters file: /s/ls4/users/selibrin/spiking_researches/correlation_encoding_and_training/mnist/hpo/single_spk_input_multi_spk_output/hpo_data/hpo_iteration_data/4339499/params_1_5.pkl
2025-05-10 03:16:46,676 - INFO - Loaded HPO parameters
2025-05-10 03:16:46,676 - INFO - Preparing datasets...
2025-05-10 03:16:49,701 - INFO - Prepared datasets: 531 train & 1000 validation samples
2025-05-10 03:16:49,702 - INFO - Initializing model...
2025-05-10 03:16:49,704 - INFO - Fitting model...
2025-05-10 03:18:17,282 - INFO - Saved weights to /s/ls4/users/selibrin/spiking_researches/correlation_encoding_and_training/mnist/hpo/single_spk_input_multi_spk_output/hpo_data/hpo_iteration_data/4339499/estimator_1_neuron_5_weights.npy
2025-05-10 03:18:17,283 - INFO - Evaluating model...
2025-05-10 03:20:57,319 - INFO - Saved validation outputs to /s/ls4/users/selibrin/spiking_researches/correlation_encoding_and_training/mnist/hpo/single_spk_input_multi_spk_output/hpo_data/hpo_iteration_data/4339499/estimator_1_neuron_5_validation_outputs.npy
2025-05-10 03:20:57,320 - INFO - Waiting for parameters file: /s/ls4/users/selibrin/spiking_researches/correlation_encoding_and_training/mnist/hpo/single_spk_input_multi_spk_output/hpo_data/hpo_iteration_data/4339499/params_1_5.pkl
2025-05-10 03:21:52,378 - INFO - Loaded HPO parameters
2025-05-10 03:21:52,378 - INFO - Preparing datasets...
2025-05-10 03:21:55,373 - INFO - Prepared datasets: 531 train & 1000 validation samples
2025-05-10 03:21:55,373 - INFO - Initializing model...
2025-05-10 03:21:55,376 - INFO - Fitting model...
2025-05-10 03:23:22,523 - INFO - Saved weights to /s/ls4/users/selibrin/spiking_researches/correlation_encoding_and_training/mnist/hpo/single_spk_input_multi_spk_output/hpo_data/hpo_iteration_data/4339499/estimator_1_neuron_5_weights.npy
2025-05-10 03:23:22,524 - INFO - Evaluating model...
2025-05-10 03:26:04,437 - INFO - Saved validation outputs to /s/ls4/users/selibrin/spiking_researches/correlation_encoding_and_training/mnist/hpo/single_spk_input_multi_spk_output/hpo_data/hpo_iteration_data/4339499/estimator_1_neuron_5_validation_outputs.npy
2025-05-10 03:26:04,437 - INFO - Waiting for parameters file: /s/ls4/users/selibrin/spiking_researches/correlation_encoding_and_training/mnist/hpo/single_spk_input_multi_spk_output/hpo_data/hpo_iteration_data/4339499/params_1_5.pkl
2025-05-10 03:26:54,493 - INFO - Loaded HPO parameters
2025-05-10 03:26:54,493 - INFO - Preparing datasets...
2025-05-10 03:26:57,496 - INFO - Prepared datasets: 1062 train & 1000 validation samples
2025-05-10 03:26:57,497 - INFO - Initializing model...
2025-05-10 03:26:57,499 - INFO - Fitting model...
2025-05-10 03:29:56,998 - INFO - Saved weights to /s/ls4/users/selibrin/spiking_researches/correlation_encoding_and_training/mnist/hpo/single_spk_input_multi_spk_output/hpo_data/hpo_iteration_data/4339499/estimator_1_neuron_5_weights.npy
2025-05-10 03:29:56,998 - INFO - Evaluating model...
2025-05-10 03:32:37,809 - INFO - Saved validation outputs to /s/ls4/users/selibrin/spiking_researches/correlation_encoding_and_training/mnist/hpo/single_spk_input_multi_spk_output/hpo_data/hpo_iteration_data/4339499/estimator_1_neuron_5_validation_outputs.npy
2025-05-10 03:32:37,809 - INFO - Waiting for parameters file: /s/ls4/users/selibrin/spiking_researches/correlation_encoding_and_training/mnist/hpo/single_spk_input_multi_spk_output/hpo_data/hpo_iteration_data/4339499/params_1_5.pkl
2025-05-10 03:33:32,870 - INFO - Loaded HPO parameters
2025-05-10 03:33:32,870 - INFO - Preparing datasets...
2025-05-10 03:33:36,281 - INFO - Prepared datasets: 531 train & 1000 validation samples
2025-05-10 03:33:36,281 - INFO - Initializing model...
2025-05-10 03:33:36,283 - INFO - Fitting model...
2025-05-10 03:35:04,744 - INFO - Saved weights to /s/ls4/users/selibrin/spiking_researches/correlation_encoding_and_training/mnist/hpo/single_spk_input_multi_spk_output/hpo_data/hpo_iteration_data/4339499/estimator_1_neuron_5_weights.npy
2025-05-10 03:35:04,745 - INFO - Evaluating model...
2025-05-10 03:37:46,466 - INFO - Saved validation outputs to /s/ls4/users/selibrin/spiking_researches/correlation_encoding_and_training/mnist/hpo/single_spk_input_multi_spk_output/hpo_data/hpo_iteration_data/4339499/estimator_1_neuron_5_validation_outputs.npy
2025-05-10 03:37:46,467 - INFO - Waiting for parameters file: /s/ls4/users/selibrin/spiking_researches/correlation_encoding_and_training/mnist/hpo/single_spk_input_multi_spk_output/hpo_data/hpo_iteration_data/4339499/params_1_5.pkl
2025-05-10 03:38:36,523 - INFO - Loaded HPO parameters
2025-05-10 03:38:36,523 - INFO - Preparing datasets...
2025-05-10 03:38:39,557 - INFO - Prepared datasets: 531 train & 1000 validation samples
2025-05-10 03:38:39,558 - INFO - Initializing model...
2025-05-10 03:38:39,560 - INFO - Fitting model...
2025-05-10 03:40:09,844 - INFO - Saved weights to /s/ls4/users/selibrin/spiking_researches/correlation_encoding_and_training/mnist/hpo/single_spk_input_multi_spk_output/hpo_data/hpo_iteration_data/4339499/estimator_1_neuron_5_weights.npy
2025-05-10 03:40:09,844 - INFO - Evaluating model...
2025-05-10 03:42:53,929 - INFO - Saved validation outputs to /s/ls4/users/selibrin/spiking_researches/correlation_encoding_and_training/mnist/hpo/single_spk_input_multi_spk_output/hpo_data/hpo_iteration_data/4339499/estimator_1_neuron_5_validation_outputs.npy
2025-05-10 03:42:53,930 - INFO - Waiting for parameters file: /s/ls4/users/selibrin/spiking_researches/correlation_encoding_and_training/mnist/hpo/single_spk_input_multi_spk_output/hpo_data/hpo_iteration_data/4339499/params_1_5.pkl
2025-05-10 03:43:43,982 - INFO - Loaded HPO parameters
2025-05-10 03:43:43,982 - INFO - Preparing datasets...
2025-05-10 03:43:47,006 - INFO - Prepared datasets: 531 train & 1000 validation samples
2025-05-10 03:43:47,007 - INFO - Initializing model...
2025-05-10 03:43:47,009 - INFO - Fitting model...
2025-05-10 03:45:17,304 - INFO - Saved weights to /s/ls4/users/selibrin/spiking_researches/correlation_encoding_and_training/mnist/hpo/single_spk_input_multi_spk_output/hpo_data/hpo_iteration_data/4339499/estimator_1_neuron_5_weights.npy
2025-05-10 03:45:17,304 - INFO - Evaluating model...
2025-05-10 03:48:01,451 - INFO - Saved validation outputs to /s/ls4/users/selibrin/spiking_researches/correlation_encoding_and_training/mnist/hpo/single_spk_input_multi_spk_output/hpo_data/hpo_iteration_data/4339499/estimator_1_neuron_5_validation_outputs.npy
2025-05-10 03:48:01,451 - INFO - Waiting for parameters file: /s/ls4/users/selibrin/spiking_researches/correlation_encoding_and_training/mnist/hpo/single_spk_input_multi_spk_output/hpo_data/hpo_iteration_data/4339499/params_1_5.pkl
2025-05-10 03:48:46,499 - INFO - Loaded HPO parameters
2025-05-10 03:48:46,499 - INFO - Preparing datasets...
2025-05-10 03:48:49,625 - INFO - Prepared datasets: 531 train & 1000 validation samples
2025-05-10 03:48:49,625 - INFO - Initializing model...
2025-05-10 03:48:49,627 - INFO - Fitting model...
2025-05-10 03:50:21,991 - INFO - Saved weights to /s/ls4/users/selibrin/spiking_researches/correlation_encoding_and_training/mnist/hpo/single_spk_input_multi_spk_output/hpo_data/hpo_iteration_data/4339499/estimator_1_neuron_5_weights.npy
2025-05-10 03:50:21,991 - INFO - Evaluating model...
2025-05-10 03:53:06,133 - INFO - Saved validation outputs to /s/ls4/users/selibrin/spiking_researches/correlation_encoding_and_training/mnist/hpo/single_spk_input_multi_spk_output/hpo_data/hpo_iteration_data/4339499/estimator_1_neuron_5_validation_outputs.npy
2025-05-10 03:53:06,134 - INFO - Waiting for parameters file: /s/ls4/users/selibrin/spiking_researches/correlation_encoding_and_training/mnist/hpo/single_spk_input_multi_spk_output/hpo_data/hpo_iteration_data/4339499/params_1_5.pkl
2025-05-10 03:53:51,186 - INFO - Loaded HPO parameters
2025-05-10 03:53:51,186 - INFO - Preparing datasets...
2025-05-10 03:53:54,497 - INFO - Prepared datasets: 531 train & 1000 validation samples
2025-05-10 03:53:54,497 - INFO - Initializing model...
2025-05-10 03:53:54,500 - INFO - Fitting model...
2025-05-10 03:55:25,284 - INFO - Saved weights to /s/ls4/users/selibrin/spiking_researches/correlation_encoding_and_training/mnist/hpo/single_spk_input_multi_spk_output/hpo_data/hpo_iteration_data/4339499/estimator_1_neuron_5_weights.npy
2025-05-10 03:55:25,284 - INFO - Evaluating model...
2025-05-10 03:58:07,855 - INFO - Saved validation outputs to /s/ls4/users/selibrin/spiking_researches/correlation_encoding_and_training/mnist/hpo/single_spk_input_multi_spk_output/hpo_data/hpo_iteration_data/4339499/estimator_1_neuron_5_validation_outputs.npy
2025-05-10 03:58:07,855 - INFO - Waiting for parameters file: /s/ls4/users/selibrin/spiking_researches/correlation_encoding_and_training/mnist/hpo/single_spk_input_multi_spk_output/hpo_data/hpo_iteration_data/4339499/params_1_5.pkl
2025-05-10 03:58:57,912 - INFO - Loaded HPO parameters
2025-05-10 03:58:57,913 - INFO - Preparing datasets...
2025-05-10 03:59:00,909 - INFO - Prepared datasets: 531 train & 1000 validation samples
2025-05-10 03:59:00,910 - INFO - Initializing model...
2025-05-10 03:59:00,912 - INFO - Fitting model...
2025-05-10 04:00:30,536 - INFO - Saved weights to /s/ls4/users/selibrin/spiking_researches/correlation_encoding_and_training/mnist/hpo/single_spk_input_multi_spk_output/hpo_data/hpo_iteration_data/4339499/estimator_1_neuron_5_weights.npy
2025-05-10 04:00:30,536 - INFO - Evaluating model...
2025-05-10 04:03:13,406 - INFO - Saved validation outputs to /s/ls4/users/selibrin/spiking_researches/correlation_encoding_and_training/mnist/hpo/single_spk_input_multi_spk_output/hpo_data/hpo_iteration_data/4339499/estimator_1_neuron_5_validation_outputs.npy
2025-05-10 04:03:13,407 - INFO - Waiting for parameters file: /s/ls4/users/selibrin/spiking_researches/correlation_encoding_and_training/mnist/hpo/single_spk_input_multi_spk_output/hpo_data/hpo_iteration_data/4339499/params_1_5.pkl
2025-05-10 04:04:03,464 - INFO - Loaded HPO parameters
2025-05-10 04:04:03,464 - INFO - Preparing datasets...
2025-05-10 04:04:06,528 - INFO - Prepared datasets: 531 train & 1000 validation samples
2025-05-10 04:04:06,528 - INFO - Initializing model...
2025-05-10 04:04:06,531 - INFO - Fitting model...
2025-05-10 04:05:36,783 - INFO - Saved weights to /s/ls4/users/selibrin/spiking_researches/correlation_encoding_and_training/mnist/hpo/single_spk_input_multi_spk_output/hpo_data/hpo_iteration_data/4339499/estimator_1_neuron_5_weights.npy
2025-05-10 04:05:36,784 - INFO - Evaluating model...
2025-05-10 04:08:16,104 - INFO - Saved validation outputs to /s/ls4/users/selibrin/spiking_researches/correlation_encoding_and_training/mnist/hpo/single_spk_input_multi_spk_output/hpo_data/hpo_iteration_data/4339499/estimator_1_neuron_5_validation_outputs.npy
2025-05-10 04:08:16,104 - INFO - Waiting for parameters file: /s/ls4/users/selibrin/spiking_researches/correlation_encoding_and_training/mnist/hpo/single_spk_input_multi_spk_output/hpo_data/hpo_iteration_data/4339499/params_1_5.pkl
2025-05-10 04:09:11,164 - INFO - Loaded HPO parameters
2025-05-10 04:09:11,164 - INFO - Preparing datasets...
2025-05-10 04:09:14,580 - INFO - Prepared datasets: 531 train & 1000 validation samples
2025-05-10 04:09:14,580 - INFO - Initializing model...
2025-05-10 04:09:14,583 - INFO - Fitting model...
2025-05-10 04:10:45,712 - INFO - Saved weights to /s/ls4/users/selibrin/spiking_researches/correlation_encoding_and_training/mnist/hpo/single_spk_input_multi_spk_output/hpo_data/hpo_iteration_data/4339499/estimator_1_neuron_5_weights.npy
2025-05-10 04:10:45,712 - INFO - Evaluating model...
2025-05-10 04:13:30,975 - INFO - Saved validation outputs to /s/ls4/users/selibrin/spiking_researches/correlation_encoding_and_training/mnist/hpo/single_spk_input_multi_spk_output/hpo_data/hpo_iteration_data/4339499/estimator_1_neuron_5_validation_outputs.npy
2025-05-10 04:13:30,975 - INFO - Waiting for parameters file: /s/ls4/users/selibrin/spiking_researches/correlation_encoding_and_training/mnist/hpo/single_spk_input_multi_spk_output/hpo_data/hpo_iteration_data/4339499/params_1_5.pkl
2025-05-10 04:14:16,027 - INFO - Loaded HPO parameters
2025-05-10 04:14:16,027 - INFO - Preparing datasets...
2025-05-10 04:14:19,460 - INFO - Prepared datasets: 531 train & 1000 validation samples
2025-05-10 04:14:19,460 - INFO - Initializing model...
2025-05-10 04:14:19,462 - INFO - Fitting model...
2025-05-10 04:15:51,668 - INFO - Saved weights to /s/ls4/users/selibrin/spiking_researches/correlation_encoding_and_training/mnist/hpo/single_spk_input_multi_spk_output/hpo_data/hpo_iteration_data/4339499/estimator_1_neuron_5_weights.npy
2025-05-10 04:15:51,668 - INFO - Evaluating model...
2025-05-10 04:18:36,684 - INFO - Saved validation outputs to /s/ls4/users/selibrin/spiking_researches/correlation_encoding_and_training/mnist/hpo/single_spk_input_multi_spk_output/hpo_data/hpo_iteration_data/4339499/estimator_1_neuron_5_validation_outputs.npy
2025-05-10 04:18:36,684 - INFO - Waiting for parameters file: /s/ls4/users/selibrin/spiking_researches/correlation_encoding_and_training/mnist/hpo/single_spk_input_multi_spk_output/hpo_data/hpo_iteration_data/4339499/params_1_5.pkl
2025-05-10 04:19:21,738 - INFO - Loaded HPO parameters
2025-05-10 04:19:21,738 - INFO - Preparing datasets...
2025-05-10 04:19:25,204 - INFO - Prepared datasets: 1062 train & 1000 validation samples
2025-05-10 04:19:25,205 - INFO - Initializing model...
2025-05-10 04:19:25,207 - INFO - Fitting model...
2025-05-10 04:22:24,648 - INFO - Saved weights to /s/ls4/users/selibrin/spiking_researches/correlation_encoding_and_training/mnist/hpo/single_spk_input_multi_spk_output/hpo_data/hpo_iteration_data/4339499/estimator_1_neuron_5_weights.npy
2025-05-10 04:22:24,648 - INFO - Evaluating model...
2025-05-10 04:25:08,573 - INFO - Saved validation outputs to /s/ls4/users/selibrin/spiking_researches/correlation_encoding_and_training/mnist/hpo/single_spk_input_multi_spk_output/hpo_data/hpo_iteration_data/4339499/estimator_1_neuron_5_validation_outputs.npy
2025-05-10 04:25:08,573 - INFO - Waiting for parameters file: /s/ls4/users/selibrin/spiking_researches/correlation_encoding_and_training/mnist/hpo/single_spk_input_multi_spk_output/hpo_data/hpo_iteration_data/4339499/params_1_5.pkl
2025-05-10 04:25:58,629 - INFO - Loaded HPO parameters
2025-05-10 04:25:58,630 - INFO - Preparing datasets...
2025-05-10 04:26:01,659 - INFO - Prepared datasets: 531 train & 1000 validation samples
2025-05-10 04:26:01,659 - INFO - Initializing model...
2025-05-10 04:26:01,661 - INFO - Fitting model...
2025-05-10 04:27:31,506 - INFO - Saved weights to /s/ls4/users/selibrin/spiking_researches/correlation_encoding_and_training/mnist/hpo/single_spk_input_multi_spk_output/hpo_data/hpo_iteration_data/4339499/estimator_1_neuron_5_weights.npy
2025-05-10 04:27:31,506 - INFO - Evaluating model...
2025-05-10 04:30:19,259 - INFO - Saved validation outputs to /s/ls4/users/selibrin/spiking_researches/correlation_encoding_and_training/mnist/hpo/single_spk_input_multi_spk_output/hpo_data/hpo_iteration_data/4339499/estimator_1_neuron_5_validation_outputs.npy
2025-05-10 04:30:19,259 - INFO - Waiting for parameters file: /s/ls4/users/selibrin/spiking_researches/correlation_encoding_and_training/mnist/hpo/single_spk_input_multi_spk_output/hpo_data/hpo_iteration_data/4339499/params_1_5.pkl
2025-05-10 04:31:04,311 - INFO - Loaded HPO parameters
2025-05-10 04:31:04,311 - INFO - Preparing datasets...
2025-05-10 04:31:07,390 - INFO - Prepared datasets: 265 train & 1000 validation samples
2025-05-10 04:31:07,390 - INFO - Initializing model...
2025-05-10 04:31:07,393 - INFO - Fitting model...
2025-05-10 04:31:53,072 - INFO - Saved weights to /s/ls4/users/selibrin/spiking_researches/correlation_encoding_and_training/mnist/hpo/single_spk_input_multi_spk_output/hpo_data/hpo_iteration_data/4339499/estimator_1_neuron_5_weights.npy
2025-05-10 04:31:53,072 - INFO - Evaluating model...
2025-05-10 04:34:38,248 - INFO - Saved validation outputs to /s/ls4/users/selibrin/spiking_researches/correlation_encoding_and_training/mnist/hpo/single_spk_input_multi_spk_output/hpo_data/hpo_iteration_data/4339499/estimator_1_neuron_5_validation_outputs.npy
2025-05-10 04:34:38,248 - INFO - Waiting for parameters file: /s/ls4/users/selibrin/spiking_researches/correlation_encoding_and_training/mnist/hpo/single_spk_input_multi_spk_output/hpo_data/hpo_iteration_data/4339499/params_1_5.pkl
2025-05-10 04:35:08,283 - INFO - Loaded HPO parameters
2025-05-10 04:35:08,283 - INFO - Preparing datasets...
2025-05-10 04:35:11,616 - INFO - Prepared datasets: 531 train & 1000 validation samples
2025-05-10 04:35:11,616 - INFO - Initializing model...
2025-05-10 04:35:11,618 - INFO - Fitting model...
2025-05-10 04:36:42,602 - INFO - Saved weights to /s/ls4/users/selibrin/spiking_researches/correlation_encoding_and_training/mnist/hpo/single_spk_input_multi_spk_output/hpo_data/hpo_iteration_data/4339499/estimator_1_neuron_5_weights.npy
2025-05-10 04:36:42,603 - INFO - Evaluating model...
2025-05-10 04:39:25,139 - INFO - Saved validation outputs to /s/ls4/users/selibrin/spiking_researches/correlation_encoding_and_training/mnist/hpo/single_spk_input_multi_spk_output/hpo_data/hpo_iteration_data/4339499/estimator_1_neuron_5_validation_outputs.npy
2025-05-10 04:39:25,139 - INFO - Waiting for parameters file: /s/ls4/users/selibrin/spiking_researches/correlation_encoding_and_training/mnist/hpo/single_spk_input_multi_spk_output/hpo_data/hpo_iteration_data/4339499/params_1_5.pkl
2025-05-10 04:40:15,196 - INFO - Loaded HPO parameters
2025-05-10 04:40:15,196 - INFO - Preparing datasets...
2025-05-10 04:40:18,254 - INFO - Prepared datasets: 531 train & 1000 validation samples
2025-05-10 04:40:18,254 - INFO - Initializing model...
2025-05-10 04:40:18,256 - INFO - Fitting model...
2025-05-10 04:41:50,689 - INFO - Saved weights to /s/ls4/users/selibrin/spiking_researches/correlation_encoding_and_training/mnist/hpo/single_spk_input_multi_spk_output/hpo_data/hpo_iteration_data/4339499/estimator_1_neuron_5_weights.npy
2025-05-10 04:41:50,689 - INFO - Evaluating model...
2025-05-10 04:44:35,225 - INFO - Saved validation outputs to /s/ls4/users/selibrin/spiking_researches/correlation_encoding_and_training/mnist/hpo/single_spk_input_multi_spk_output/hpo_data/hpo_iteration_data/4339499/estimator_1_neuron_5_validation_outputs.npy
2025-05-10 04:44:35,225 - INFO - Waiting for parameters file: /s/ls4/users/selibrin/spiking_researches/correlation_encoding_and_training/mnist/hpo/single_spk_input_multi_spk_output/hpo_data/hpo_iteration_data/4339499/params_1_5.pkl
2025-05-10 04:45:20,278 - INFO - Loaded HPO parameters
2025-05-10 04:45:20,278 - INFO - Preparing datasets...
2025-05-10 04:45:23,371 - INFO - Prepared datasets: 1062 train & 1000 validation samples
2025-05-10 04:45:23,371 - INFO - Initializing model...
2025-05-10 04:45:23,373 - INFO - Fitting model...
2025-05-10 04:48:29,208 - INFO - Saved weights to /s/ls4/users/selibrin/spiking_researches/correlation_encoding_and_training/mnist/hpo/single_spk_input_multi_spk_output/hpo_data/hpo_iteration_data/4339499/estimator_1_neuron_5_weights.npy
2025-05-10 04:48:29,209 - INFO - Evaluating model...
2025-05-10 04:51:16,717 - INFO - Saved validation outputs to /s/ls4/users/selibrin/spiking_researches/correlation_encoding_and_training/mnist/hpo/single_spk_input_multi_spk_output/hpo_data/hpo_iteration_data/4339499/estimator_1_neuron_5_validation_outputs.npy
2025-05-10 04:51:16,717 - INFO - Waiting for parameters file: /s/ls4/users/selibrin/spiking_researches/correlation_encoding_and_training/mnist/hpo/single_spk_input_multi_spk_output/hpo_data/hpo_iteration_data/4339499/params_1_5.pkl
2025-05-10 04:51:56,789 - INFO - Loaded HPO parameters
2025-05-10 04:51:56,789 - INFO - Preparing datasets...
2025-05-10 04:52:00,124 - INFO - Prepared datasets: 531 train & 1000 validation samples
2025-05-10 04:52:00,124 - INFO - Initializing model...
2025-05-10 04:52:00,126 - INFO - Fitting model...
2025-05-10 04:53:30,994 - INFO - Saved weights to /s/ls4/users/selibrin/spiking_researches/correlation_encoding_and_training/mnist/hpo/single_spk_input_multi_spk_output/hpo_data/hpo_iteration_data/4339499/estimator_1_neuron_5_weights.npy
2025-05-10 04:53:30,995 - INFO - Evaluating model...
2025-05-10 04:56:19,327 - INFO - Saved validation outputs to /s/ls4/users/selibrin/spiking_researches/correlation_encoding_and_training/mnist/hpo/single_spk_input_multi_spk_output/hpo_data/hpo_iteration_data/4339499/estimator_1_neuron_5_validation_outputs.npy
2025-05-10 04:56:19,327 - INFO - Waiting for parameters file: /s/ls4/users/selibrin/spiking_researches/correlation_encoding_and_training/mnist/hpo/single_spk_input_multi_spk_output/hpo_data/hpo_iteration_data/4339499/params_1_5.pkl
2025-05-10 04:56:59,392 - INFO - Loaded HPO parameters
2025-05-10 04:56:59,392 - INFO - Preparing datasets...
2025-05-10 04:57:02,514 - INFO - Prepared datasets: 531 train & 1000 validation samples
2025-05-10 04:57:02,515 - INFO - Initializing model...
2025-05-10 04:57:02,516 - INFO - Fitting model...
2025-05-10 04:58:35,966 - INFO - Saved weights to /s/ls4/users/selibrin/spiking_researches/correlation_encoding_and_training/mnist/hpo/single_spk_input_multi_spk_output/hpo_data/hpo_iteration_data/4339499/estimator_1_neuron_5_weights.npy
2025-05-10 04:58:35,966 - INFO - Evaluating model...
2025-05-10 05:01:28,178 - INFO - Saved validation outputs to /s/ls4/users/selibrin/spiking_researches/correlation_encoding_and_training/mnist/hpo/single_spk_input_multi_spk_output/hpo_data/hpo_iteration_data/4339499/estimator_1_neuron_5_validation_outputs.npy
2025-05-10 05:01:28,178 - INFO - Waiting for parameters file: /s/ls4/users/selibrin/spiking_researches/correlation_encoding_and_training/mnist/hpo/single_spk_input_multi_spk_output/hpo_data/hpo_iteration_data/4339499/params_1_5.pkl
2025-05-10 05:02:08,224 - INFO - Loaded HPO parameters
2025-05-10 05:02:08,224 - INFO - Preparing datasets...
2025-05-10 05:02:11,268 - INFO - Prepared datasets: 265 train & 1000 validation samples
2025-05-10 05:02:11,268 - INFO - Initializing model...
2025-05-10 05:02:11,270 - INFO - Fitting model...
2025-05-10 05:02:57,159 - INFO - Saved weights to /s/ls4/users/selibrin/spiking_researches/correlation_encoding_and_training/mnist/hpo/single_spk_input_multi_spk_output/hpo_data/hpo_iteration_data/4339499/estimator_1_neuron_5_weights.npy
2025-05-10 05:02:57,159 - INFO - Evaluating model...
2025-05-10 05:05:42,259 - INFO - Saved validation outputs to /s/ls4/users/selibrin/spiking_researches/correlation_encoding_and_training/mnist/hpo/single_spk_input_multi_spk_output/hpo_data/hpo_iteration_data/4339499/estimator_1_neuron_5_validation_outputs.npy
2025-05-10 05:05:42,260 - INFO - Waiting for parameters file: /s/ls4/users/selibrin/spiking_researches/correlation_encoding_and_training/mnist/hpo/single_spk_input_multi_spk_output/hpo_data/hpo_iteration_data/4339499/params_1_5.pkl
2025-05-10 05:06:12,296 - INFO - Loaded HPO parameters
2025-05-10 05:06:12,296 - INFO - Preparing datasets...
2025-05-10 05:06:15,316 - INFO - Prepared datasets: 531 train & 1000 validation samples
2025-05-10 05:06:15,316 - INFO - Initializing model...
2025-05-10 05:06:15,319 - INFO - Fitting model...
2025-05-10 05:07:46,251 - INFO - Saved weights to /s/ls4/users/selibrin/spiking_researches/correlation_encoding_and_training/mnist/hpo/single_spk_input_multi_spk_output/hpo_data/hpo_iteration_data/4339499/estimator_1_neuron_5_weights.npy
2025-05-10 05:07:46,252 - INFO - Evaluating model...
2025-05-10 05:10:34,756 - INFO - Saved validation outputs to /s/ls4/users/selibrin/spiking_researches/correlation_encoding_and_training/mnist/hpo/single_spk_input_multi_spk_output/hpo_data/hpo_iteration_data/4339499/estimator_1_neuron_5_validation_outputs.npy
2025-05-10 05:10:34,757 - INFO - Waiting for parameters file: /s/ls4/users/selibrin/spiking_researches/correlation_encoding_and_training/mnist/hpo/single_spk_input_multi_spk_output/hpo_data/hpo_iteration_data/4339499/params_1_5.pkl
2025-05-10 05:11:19,803 - INFO - Loaded HPO parameters
2025-05-10 05:11:19,803 - INFO - Preparing datasets...
2025-05-10 05:11:22,958 - INFO - Prepared datasets: 531 train & 1000 validation samples
2025-05-10 05:11:22,958 - INFO - Initializing model...
2025-05-10 05:11:22,960 - INFO - Fitting model...
2025-05-10 05:12:51,296 - INFO - Saved weights to /s/ls4/users/selibrin/spiking_researches/correlation_encoding_and_training/mnist/hpo/single_spk_input_multi_spk_output/hpo_data/hpo_iteration_data/4339499/estimator_1_neuron_5_weights.npy
2025-05-10 05:12:51,296 - INFO - Evaluating model...
2025-05-10 05:15:30,452 - INFO - Saved validation outputs to /s/ls4/users/selibrin/spiking_researches/correlation_encoding_and_training/mnist/hpo/single_spk_input_multi_spk_output/hpo_data/hpo_iteration_data/4339499/estimator_1_neuron_5_validation_outputs.npy
2025-05-10 05:15:30,453 - INFO - Waiting for parameters file: /s/ls4/users/selibrin/spiking_researches/correlation_encoding_and_training/mnist/hpo/single_spk_input_multi_spk_output/hpo_data/hpo_iteration_data/4339499/params_1_5.pkl
2025-05-10 05:16:25,514 - INFO - Loaded HPO parameters
2025-05-10 05:16:25,515 - INFO - Preparing datasets...
2025-05-10 05:16:28,590 - INFO - Prepared datasets: 1062 train & 1000 validation samples
2025-05-10 05:16:28,590 - INFO - Initializing model...
2025-05-10 05:16:28,592 - INFO - Fitting model...
2025-05-10 05:19:29,203 - INFO - Saved weights to /s/ls4/users/selibrin/spiking_researches/correlation_encoding_and_training/mnist/hpo/single_spk_input_multi_spk_output/hpo_data/hpo_iteration_data/4339499/estimator_1_neuron_5_weights.npy
2025-05-10 05:19:29,203 - INFO - Evaluating model...
2025-05-10 05:22:15,045 - INFO - Saved validation outputs to /s/ls4/users/selibrin/spiking_researches/correlation_encoding_and_training/mnist/hpo/single_spk_input_multi_spk_output/hpo_data/hpo_iteration_data/4339499/estimator_1_neuron_5_validation_outputs.npy
2025-05-10 05:22:15,045 - INFO - Waiting for parameters file: /s/ls4/users/selibrin/spiking_researches/correlation_encoding_and_training/mnist/hpo/single_spk_input_multi_spk_output/hpo_data/hpo_iteration_data/4339499/params_1_5.pkl
2025-05-10 05:23:00,097 - INFO - Loaded HPO parameters
2025-05-10 05:23:00,097 - INFO - Preparing datasets...
2025-05-10 05:23:03,125 - INFO - Prepared datasets: 531 train & 1000 validation samples
2025-05-10 05:23:03,126 - INFO - Initializing model...
2025-05-10 05:23:03,128 - INFO - Fitting model...
2025-05-10 05:24:33,106 - INFO - Saved weights to /s/ls4/users/selibrin/spiking_researches/correlation_encoding_and_training/mnist/hpo/single_spk_input_multi_spk_output/hpo_data/hpo_iteration_data/4339499/estimator_1_neuron_5_weights.npy
2025-05-10 05:24:33,106 - INFO - Evaluating model...
2025-05-10 05:27:16,800 - INFO - Saved validation outputs to /s/ls4/users/selibrin/spiking_researches/correlation_encoding_and_training/mnist/hpo/single_spk_input_multi_spk_output/hpo_data/hpo_iteration_data/4339499/estimator_1_neuron_5_validation_outputs.npy
2025-05-10 05:27:16,800 - INFO - Waiting for parameters file: /s/ls4/users/selibrin/spiking_researches/correlation_encoding_and_training/mnist/hpo/single_spk_input_multi_spk_output/hpo_data/hpo_iteration_data/4339499/params_1_5.pkl
2025-05-10 05:28:06,857 - INFO - Loaded HPO parameters
2025-05-10 05:28:06,857 - INFO - Preparing datasets...
2025-05-10 05:28:10,005 - INFO - Prepared datasets: 531 train & 1000 validation samples
2025-05-10 05:28:10,005 - INFO - Initializing model...
2025-05-10 05:28:10,007 - INFO - Fitting model...
2025-05-10 05:29:38,466 - INFO - Saved weights to /s/ls4/users/selibrin/spiking_researches/correlation_encoding_and_training/mnist/hpo/single_spk_input_multi_spk_output/hpo_data/hpo_iteration_data/4339499/estimator_1_neuron_5_weights.npy
2025-05-10 05:29:38,466 - INFO - Evaluating model...
2025-05-10 05:32:19,198 - INFO - Saved validation outputs to /s/ls4/users/selibrin/spiking_researches/correlation_encoding_and_training/mnist/hpo/single_spk_input_multi_spk_output/hpo_data/hpo_iteration_data/4339499/estimator_1_neuron_5_validation_outputs.npy
2025-05-10 05:32:19,199 - INFO - Waiting for parameters file: /s/ls4/users/selibrin/spiking_researches/correlation_encoding_and_training/mnist/hpo/single_spk_input_multi_spk_output/hpo_data/hpo_iteration_data/4339499/params_1_5.pkl
2025-05-10 05:33:09,257 - INFO - Loaded HPO parameters
2025-05-10 05:33:09,258 - INFO - Preparing datasets...
2025-05-10 05:33:12,273 - INFO - Prepared datasets: 265 train & 1000 validation samples
2025-05-10 05:33:12,273 - INFO - Initializing model...
2025-05-10 05:33:12,276 - INFO - Fitting model...
2025-05-10 05:33:58,438 - INFO - Saved weights to /s/ls4/users/selibrin/spiking_researches/correlation_encoding_and_training/mnist/hpo/single_spk_input_multi_spk_output/hpo_data/hpo_iteration_data/4339499/estimator_1_neuron_5_weights.npy
2025-05-10 05:33:58,438 - INFO - Evaluating model...
2025-05-10 05:36:40,556 - INFO - Saved validation outputs to /s/ls4/users/selibrin/spiking_researches/correlation_encoding_and_training/mnist/hpo/single_spk_input_multi_spk_output/hpo_data/hpo_iteration_data/4339499/estimator_1_neuron_5_validation_outputs.npy
2025-05-10 05:36:40,556 - INFO - Waiting for parameters file: /s/ls4/users/selibrin/spiking_researches/correlation_encoding_and_training/mnist/hpo/single_spk_input_multi_spk_output/hpo_data/hpo_iteration_data/4339499/params_1_5.pkl
2025-05-10 05:37:15,597 - INFO - Loaded HPO parameters
2025-05-10 05:37:15,597 - INFO - Preparing datasets...
2025-05-10 05:37:18,841 - INFO - Prepared datasets: 531 train & 1000 validation samples
2025-05-10 05:37:18,841 - INFO - Initializing model...
2025-05-10 05:37:18,844 - INFO - Fitting model...
2025-05-10 05:38:48,709 - INFO - Saved weights to /s/ls4/users/selibrin/spiking_researches/correlation_encoding_and_training/mnist/hpo/single_spk_input_multi_spk_output/hpo_data/hpo_iteration_data/4339499/estimator_1_neuron_5_weights.npy
2025-05-10 05:38:48,709 - INFO - Evaluating model...
2025-05-10 05:41:31,842 - INFO - Saved validation outputs to /s/ls4/users/selibrin/spiking_researches/correlation_encoding_and_training/mnist/hpo/single_spk_input_multi_spk_output/hpo_data/hpo_iteration_data/4339499/estimator_1_neuron_5_validation_outputs.npy
2025-05-10 05:41:31,843 - INFO - Waiting for parameters file: /s/ls4/users/selibrin/spiking_researches/correlation_encoding_and_training/mnist/hpo/single_spk_input_multi_spk_output/hpo_data/hpo_iteration_data/4339499/params_1_5.pkl
2025-05-10 05:42:21,927 - INFO - Loaded HPO parameters
2025-05-10 05:42:21,927 - INFO - Preparing datasets...
2025-05-10 05:42:25,115 - INFO - Prepared datasets: 1062 train & 1000 validation samples
2025-05-10 05:42:25,116 - INFO - Initializing model...
2025-05-10 05:42:25,117 - INFO - Fitting model...
2025-05-10 05:45:29,959 - INFO - Saved weights to /s/ls4/users/selibrin/spiking_researches/correlation_encoding_and_training/mnist/hpo/single_spk_input_multi_spk_output/hpo_data/hpo_iteration_data/4339499/estimator_1_neuron_5_weights.npy
2025-05-10 05:45:29,960 - INFO - Evaluating model...
2025-05-10 05:48:13,715 - INFO - Saved validation outputs to /s/ls4/users/selibrin/spiking_researches/correlation_encoding_and_training/mnist/hpo/single_spk_input_multi_spk_output/hpo_data/hpo_iteration_data/4339499/estimator_1_neuron_5_validation_outputs.npy
2025-05-10 05:48:13,715 - INFO - Waiting for parameters file: /s/ls4/users/selibrin/spiking_researches/correlation_encoding_and_training/mnist/hpo/single_spk_input_multi_spk_output/hpo_data/hpo_iteration_data/4339499/params_1_5.pkl
2025-05-10 05:48:53,761 - INFO - Loaded HPO parameters
2025-05-10 05:48:53,761 - INFO - Preparing datasets...
2025-05-10 05:48:56,986 - INFO - Prepared datasets: 531 train & 1000 validation samples
2025-05-10 05:48:56,987 - INFO - Initializing model...
2025-05-10 05:48:56,989 - INFO - Fitting model...
2025-05-10 05:50:26,758 - INFO - Saved weights to /s/ls4/users/selibrin/spiking_researches/correlation_encoding_and_training/mnist/hpo/single_spk_input_multi_spk_output/hpo_data/hpo_iteration_data/4339499/estimator_1_neuron_5_weights.npy
2025-05-10 05:50:26,758 - INFO - Evaluating model...
2025-05-10 05:53:07,409 - INFO - Saved validation outputs to /s/ls4/users/selibrin/spiking_researches/correlation_encoding_and_training/mnist/hpo/single_spk_input_multi_spk_output/hpo_data/hpo_iteration_data/4339499/estimator_1_neuron_5_validation_outputs.npy
2025-05-10 05:53:07,409 - INFO - Waiting for parameters file: /s/ls4/users/selibrin/spiking_researches/correlation_encoding_and_training/mnist/hpo/single_spk_input_multi_spk_output/hpo_data/hpo_iteration_data/4339499/params_1_5.pkl
2025-05-10 05:54:02,471 - INFO - Loaded HPO parameters
2025-05-10 05:54:02,471 - INFO - Preparing datasets...
2025-05-10 05:54:05,583 - INFO - Prepared datasets: 531 train & 1000 validation samples
2025-05-10 05:54:05,583 - INFO - Initializing model...
2025-05-10 05:54:05,585 - INFO - Fitting model...
2025-05-10 05:55:36,865 - INFO - Saved weights to /s/ls4/users/selibrin/spiking_researches/correlation_encoding_and_training/mnist/hpo/single_spk_input_multi_spk_output/hpo_data/hpo_iteration_data/4339499/estimator_1_neuron_5_weights.npy
2025-05-10 05:55:36,865 - INFO - Evaluating model...
2025-05-10 05:58:20,086 - INFO - Saved validation outputs to /s/ls4/users/selibrin/spiking_researches/correlation_encoding_and_training/mnist/hpo/single_spk_input_multi_spk_output/hpo_data/hpo_iteration_data/4339499/estimator_1_neuron_5_validation_outputs.npy
2025-05-10 05:58:20,087 - INFO - Waiting for parameters file: /s/ls4/users/selibrin/spiking_researches/correlation_encoding_and_training/mnist/hpo/single_spk_input_multi_spk_output/hpo_data/hpo_iteration_data/4339499/params_1_5.pkl
2025-05-10 05:59:05,137 - INFO - Loaded HPO parameters
2025-05-10 05:59:05,137 - INFO - Preparing datasets...
2025-05-10 05:59:08,385 - INFO - Prepared datasets: 265 train & 1000 validation samples
2025-05-10 05:59:08,386 - INFO - Initializing model...
2025-05-10 05:59:08,388 - INFO - Fitting model...
2025-05-10 05:59:54,442 - INFO - Saved weights to /s/ls4/users/selibrin/spiking_researches/correlation_encoding_and_training/mnist/hpo/single_spk_input_multi_spk_output/hpo_data/hpo_iteration_data/4339499/estimator_1_neuron_5_weights.npy
2025-05-10 05:59:54,442 - INFO - Evaluating model...
2025-05-10 06:02:38,689 - INFO - Saved validation outputs to /s/ls4/users/selibrin/spiking_researches/correlation_encoding_and_training/mnist/hpo/single_spk_input_multi_spk_output/hpo_data/hpo_iteration_data/4339499/estimator_1_neuron_5_validation_outputs.npy
2025-05-10 06:02:38,689 - INFO - Waiting for parameters file: /s/ls4/users/selibrin/spiking_researches/correlation_encoding_and_training/mnist/hpo/single_spk_input_multi_spk_output/hpo_data/hpo_iteration_data/4339499/params_1_5.pkl
2025-05-10 06:03:13,730 - INFO - Loaded HPO parameters
2025-05-10 06:03:13,730 - INFO - Preparing datasets...
2025-05-10 06:03:16,740 - INFO - Prepared datasets: 531 train & 1000 validation samples
2025-05-10 06:03:16,740 - INFO - Initializing model...
2025-05-10 06:03:16,743 - INFO - Fitting model...
2025-05-10 06:04:49,502 - INFO - Saved weights to /s/ls4/users/selibrin/spiking_researches/correlation_encoding_and_training/mnist/hpo/single_spk_input_multi_spk_output/hpo_data/hpo_iteration_data/4339499/estimator_1_neuron_5_weights.npy
2025-05-10 06:04:49,502 - INFO - Evaluating model...
2025-05-10 06:07:32,931 - INFO - Saved validation outputs to /s/ls4/users/selibrin/spiking_researches/correlation_encoding_and_training/mnist/hpo/single_spk_input_multi_spk_output/hpo_data/hpo_iteration_data/4339499/estimator_1_neuron_5_validation_outputs.npy
2025-05-10 06:07:32,931 - INFO - Waiting for parameters file: /s/ls4/users/selibrin/spiking_researches/correlation_encoding_and_training/mnist/hpo/single_spk_input_multi_spk_output/hpo_data/hpo_iteration_data/4339499/params_1_5.pkl
2025-05-10 06:08:18,004 - INFO - Loaded HPO parameters
2025-05-10 06:08:18,004 - INFO - Preparing datasets...
2025-05-10 06:08:21,001 - INFO - Prepared datasets: 531 train & 1000 validation samples
2025-05-10 06:08:21,001 - INFO - Initializing model...
2025-05-10 06:08:21,003 - INFO - Fitting model...
2025-05-10 06:09:52,698 - INFO - Saved weights to /s/ls4/users/selibrin/spiking_researches/correlation_encoding_and_training/mnist/hpo/single_spk_input_multi_spk_output/hpo_data/hpo_iteration_data/4339499/estimator_1_neuron_5_weights.npy
2025-05-10 06:09:52,698 - INFO - Evaluating model...
2025-05-10 06:12:38,201 - INFO - Saved validation outputs to /s/ls4/users/selibrin/spiking_researches/correlation_encoding_and_training/mnist/hpo/single_spk_input_multi_spk_output/hpo_data/hpo_iteration_data/4339499/estimator_1_neuron_5_validation_outputs.npy
2025-05-10 06:12:38,201 - INFO - Waiting for parameters file: /s/ls4/users/selibrin/spiking_researches/correlation_encoding_and_training/mnist/hpo/single_spk_input_multi_spk_output/hpo_data/hpo_iteration_data/4339499/params_1_5.pkl
2025-05-10 06:13:23,254 - INFO - Loaded HPO parameters
2025-05-10 06:13:23,254 - INFO - Preparing datasets...
2025-05-10 06:13:26,287 - INFO - Prepared datasets: 1062 train & 1000 validation samples
2025-05-10 06:13:26,287 - INFO - Initializing model...
2025-05-10 06:13:26,290 - INFO - Fitting model...
2025-05-10 06:16:28,236 - INFO - Saved weights to /s/ls4/users/selibrin/spiking_researches/correlation_encoding_and_training/mnist/hpo/single_spk_input_multi_spk_output/hpo_data/hpo_iteration_data/4339499/estimator_1_neuron_5_weights.npy
2025-05-10 06:16:28,236 - INFO - Evaluating model...
2025-05-10 06:19:07,356 - INFO - Saved validation outputs to /s/ls4/users/selibrin/spiking_researches/correlation_encoding_and_training/mnist/hpo/single_spk_input_multi_spk_output/hpo_data/hpo_iteration_data/4339499/estimator_1_neuron_5_validation_outputs.npy
2025-05-10 06:19:07,356 - INFO - Waiting for parameters file: /s/ls4/users/selibrin/spiking_researches/correlation_encoding_and_training/mnist/hpo/single_spk_input_multi_spk_output/hpo_data/hpo_iteration_data/4339499/params_1_5.pkl
2025-05-10 06:19:57,413 - INFO - Loaded HPO parameters
2025-05-10 06:19:57,413 - INFO - Preparing datasets...
2025-05-10 06:20:00,510 - INFO - Prepared datasets: 531 train & 1000 validation samples
2025-05-10 06:20:00,510 - INFO - Initializing model...
2025-05-10 06:20:00,513 - INFO - Fitting model...
2025-05-10 06:21:33,087 - INFO - Saved weights to /s/ls4/users/selibrin/spiking_researches/correlation_encoding_and_training/mnist/hpo/single_spk_input_multi_spk_output/hpo_data/hpo_iteration_data/4339499/estimator_1_neuron_5_weights.npy
2025-05-10 06:21:33,088 - INFO - Evaluating model...
2025-05-10 06:24:18,713 - INFO - Saved validation outputs to /s/ls4/users/selibrin/spiking_researches/correlation_encoding_and_training/mnist/hpo/single_spk_input_multi_spk_output/hpo_data/hpo_iteration_data/4339499/estimator_1_neuron_5_validation_outputs.npy
2025-05-10 06:24:18,713 - INFO - Waiting for parameters file: /s/ls4/users/selibrin/spiking_researches/correlation_encoding_and_training/mnist/hpo/single_spk_input_multi_spk_output/hpo_data/hpo_iteration_data/4339499/params_1_5.pkl
2025-05-10 06:25:03,780 - INFO - Loaded HPO parameters
2025-05-10 06:25:03,780 - INFO - Preparing datasets...
2025-05-10 06:25:06,821 - INFO - Prepared datasets: 531 train & 1000 validation samples
2025-05-10 06:25:06,821 - INFO - Initializing model...
2025-05-10 06:25:06,823 - INFO - Fitting model...
2025-05-10 06:26:39,287 - INFO - Saved weights to /s/ls4/users/selibrin/spiking_researches/correlation_encoding_and_training/mnist/hpo/single_spk_input_multi_spk_output/hpo_data/hpo_iteration_data/4339499/estimator_1_neuron_5_weights.npy
2025-05-10 06:26:39,288 - INFO - Evaluating model...
2025-05-10 06:29:24,596 - INFO - Saved validation outputs to /s/ls4/users/selibrin/spiking_researches/correlation_encoding_and_training/mnist/hpo/single_spk_input_multi_spk_output/hpo_data/hpo_iteration_data/4339499/estimator_1_neuron_5_validation_outputs.npy
2025-05-10 06:29:24,597 - INFO - Waiting for parameters file: /s/ls4/users/selibrin/spiking_researches/correlation_encoding_and_training/mnist/hpo/single_spk_input_multi_spk_output/hpo_data/hpo_iteration_data/4339499/params_1_5.pkl
2025-05-10 06:30:09,647 - INFO - Loaded HPO parameters
2025-05-10 06:30:09,647 - INFO - Preparing datasets...
2025-05-10 06:30:12,637 - INFO - Prepared datasets: 265 train & 1000 validation samples
2025-05-10 06:30:12,637 - INFO - Initializing model...
2025-05-10 06:30:12,639 - INFO - Fitting model...
2025-05-10 06:30:58,482 - INFO - Saved weights to /s/ls4/users/selibrin/spiking_researches/correlation_encoding_and_training/mnist/hpo/single_spk_input_multi_spk_output/hpo_data/hpo_iteration_data/4339499/estimator_1_neuron_5_weights.npy
2025-05-10 06:30:58,482 - INFO - Evaluating model...
2025-05-10 06:33:37,724 - INFO - Saved validation outputs to /s/ls4/users/selibrin/spiking_researches/correlation_encoding_and_training/mnist/hpo/single_spk_input_multi_spk_output/hpo_data/hpo_iteration_data/4339499/estimator_1_neuron_5_validation_outputs.npy
2025-05-10 06:33:37,724 - INFO - Waiting for parameters file: /s/ls4/users/selibrin/spiking_researches/correlation_encoding_and_training/mnist/hpo/single_spk_input_multi_spk_output/hpo_data/hpo_iteration_data/4339499/params_1_5.pkl
2025-05-10 06:34:12,764 - INFO - Loaded HPO parameters
2025-05-10 06:34:12,765 - INFO - Preparing datasets...
2025-05-10 06:34:16,258 - INFO - Prepared datasets: 531 train & 1000 validation samples
2025-05-10 06:34:16,259 - INFO - Initializing model...
2025-05-10 06:34:16,261 - INFO - Fitting model...
2025-05-10 06:35:47,479 - INFO - Saved weights to /s/ls4/users/selibrin/spiking_researches/correlation_encoding_and_training/mnist/hpo/single_spk_input_multi_spk_output/hpo_data/hpo_iteration_data/4339499/estimator_1_neuron_5_weights.npy
2025-05-10 06:35:47,480 - INFO - Evaluating model...
2025-05-10 06:38:27,402 - INFO - Saved validation outputs to /s/ls4/users/selibrin/spiking_researches/correlation_encoding_and_training/mnist/hpo/single_spk_input_multi_spk_output/hpo_data/hpo_iteration_data/4339499/estimator_1_neuron_5_validation_outputs.npy
2025-05-10 06:38:27,402 - INFO - Waiting for parameters file: /s/ls4/users/selibrin/spiking_researches/correlation_encoding_and_training/mnist/hpo/single_spk_input_multi_spk_output/hpo_data/hpo_iteration_data/4339499/params_1_5.pkl
2025-05-10 06:39:17,473 - INFO - Loaded HPO parameters
2025-05-10 06:39:17,474 - INFO - Preparing datasets...
2025-05-10 06:39:20,743 - INFO - Prepared datasets: 531 train & 1000 validation samples
2025-05-10 06:39:20,743 - INFO - Initializing model...
2025-05-10 06:39:20,746 - INFO - Fitting model...
2025-05-10 06:40:50,886 - INFO - Saved weights to /s/ls4/users/selibrin/spiking_researches/correlation_encoding_and_training/mnist/hpo/single_spk_input_multi_spk_output/hpo_data/hpo_iteration_data/4339499/estimator_1_neuron_5_weights.npy
2025-05-10 06:40:50,886 - INFO - Evaluating model...
2025-05-10 06:43:31,194 - INFO - Saved validation outputs to /s/ls4/users/selibrin/spiking_researches/correlation_encoding_and_training/mnist/hpo/single_spk_input_multi_spk_output/hpo_data/hpo_iteration_data/4339499/estimator_1_neuron_5_validation_outputs.npy
2025-05-10 06:43:31,194 - INFO - Waiting for parameters file: /s/ls4/users/selibrin/spiking_researches/correlation_encoding_and_training/mnist/hpo/single_spk_input_multi_spk_output/hpo_data/hpo_iteration_data/4339499/params_1_5.pkl
2025-05-10 06:44:26,256 - INFO - Loaded HPO parameters
2025-05-10 06:44:26,256 - INFO - Preparing datasets...
2025-05-10 06:44:29,309 - INFO - Prepared datasets: 531 train & 1000 validation samples
2025-05-10 06:44:29,309 - INFO - Initializing model...
2025-05-10 06:44:29,312 - INFO - Fitting model...
2025-05-10 06:46:02,636 - INFO - Saved weights to /s/ls4/users/selibrin/spiking_researches/correlation_encoding_and_training/mnist/hpo/single_spk_input_multi_spk_output/hpo_data/hpo_iteration_data/4339499/estimator_1_neuron_5_weights.npy
2025-05-10 06:46:02,637 - INFO - Evaluating model...
2025-05-10 06:48:44,939 - INFO - Saved validation outputs to /s/ls4/users/selibrin/spiking_researches/correlation_encoding_and_training/mnist/hpo/single_spk_input_multi_spk_output/hpo_data/hpo_iteration_data/4339499/estimator_1_neuron_5_validation_outputs.npy
2025-05-10 06:48:44,939 - INFO - Waiting for parameters file: /s/ls4/users/selibrin/spiking_researches/correlation_encoding_and_training/mnist/hpo/single_spk_input_multi_spk_output/hpo_data/hpo_iteration_data/4339499/params_1_5.pkl
2025-05-10 06:49:29,988 - INFO - Loaded HPO parameters
2025-05-10 06:49:29,988 - INFO - Preparing datasets...
2025-05-10 06:49:32,998 - INFO - Prepared datasets: 1062 train & 1000 validation samples
2025-05-10 06:49:32,998 - INFO - Initializing model...
2025-05-10 06:49:33,000 - INFO - Fitting model...
2025-05-10 06:52:43,094 - INFO - Saved weights to /s/ls4/users/selibrin/spiking_researches/correlation_encoding_and_training/mnist/hpo/single_spk_input_multi_spk_output/hpo_data/hpo_iteration_data/4339499/estimator_1_neuron_5_weights.npy
2025-05-10 06:52:43,094 - INFO - Evaluating model...
2025-05-10 06:55:29,111 - INFO - Saved validation outputs to /s/ls4/users/selibrin/spiking_researches/correlation_encoding_and_training/mnist/hpo/single_spk_input_multi_spk_output/hpo_data/hpo_iteration_data/4339499/estimator_1_neuron_5_validation_outputs.npy
2025-05-10 06:55:29,111 - INFO - Waiting for parameters file: /s/ls4/users/selibrin/spiking_researches/correlation_encoding_and_training/mnist/hpo/single_spk_input_multi_spk_output/hpo_data/hpo_iteration_data/4339499/params_1_5.pkl
2025-05-10 06:56:04,151 - INFO - Loaded HPO parameters
2025-05-10 06:56:04,151 - INFO - Preparing datasets...
2025-05-10 06:56:07,139 - INFO - Prepared datasets: 531 train & 1000 validation samples
2025-05-10 06:56:07,139 - INFO - Initializing model...
2025-05-10 06:56:07,142 - INFO - Fitting model...
2025-05-10 06:57:39,345 - INFO - Saved weights to /s/ls4/users/selibrin/spiking_researches/correlation_encoding_and_training/mnist/hpo/single_spk_input_multi_spk_output/hpo_data/hpo_iteration_data/4339499/estimator_1_neuron_5_weights.npy
2025-05-10 06:57:39,345 - INFO - Evaluating model...
2025-05-10 07:00:26,157 - INFO - Saved validation outputs to /s/ls4/users/selibrin/spiking_researches/correlation_encoding_and_training/mnist/hpo/single_spk_input_multi_spk_output/hpo_data/hpo_iteration_data/4339499/estimator_1_neuron_5_validation_outputs.npy
2025-05-10 07:00:26,158 - INFO - Waiting for parameters file: /s/ls4/users/selibrin/spiking_researches/correlation_encoding_and_training/mnist/hpo/single_spk_input_multi_spk_output/hpo_data/hpo_iteration_data/4339499/params_1_5.pkl
2025-05-10 07:01:11,209 - INFO - Loaded HPO parameters
2025-05-10 07:01:11,209 - INFO - Preparing datasets...
2025-05-10 07:01:14,141 - INFO - Prepared datasets: 265 train & 1000 validation samples
2025-05-10 07:01:14,141 - INFO - Initializing model...
2025-05-10 07:01:14,143 - INFO - Fitting model...
2025-05-10 07:01:59,454 - INFO - Saved weights to /s/ls4/users/selibrin/spiking_researches/correlation_encoding_and_training/mnist/hpo/single_spk_input_multi_spk_output/hpo_data/hpo_iteration_data/4339499/estimator_1_neuron_5_weights.npy
2025-05-10 07:01:59,454 - INFO - Evaluating model...
2025-05-10 07:04:43,867 - INFO - Saved validation outputs to /s/ls4/users/selibrin/spiking_researches/correlation_encoding_and_training/mnist/hpo/single_spk_input_multi_spk_output/hpo_data/hpo_iteration_data/4339499/estimator_1_neuron_5_validation_outputs.npy
2025-05-10 07:04:43,867 - INFO - Waiting for parameters file: /s/ls4/users/selibrin/spiking_researches/correlation_encoding_and_training/mnist/hpo/single_spk_input_multi_spk_output/hpo_data/hpo_iteration_data/4339499/params_1_5.pkl
2025-05-10 07:05:13,932 - INFO - Loaded HPO parameters
2025-05-10 07:05:13,932 - INFO - Preparing datasets...
2025-05-10 07:05:16,993 - INFO - Prepared datasets: 531 train & 1000 validation samples
2025-05-10 07:05:16,993 - INFO - Initializing model...
2025-05-10 07:05:16,997 - INFO - Fitting model...
2025-05-10 07:06:52,016 - INFO - Saved weights to /s/ls4/users/selibrin/spiking_researches/correlation_encoding_and_training/mnist/hpo/single_spk_input_multi_spk_output/hpo_data/hpo_iteration_data/4339499/estimator_1_neuron_5_weights.npy
2025-05-10 07:06:52,016 - INFO - Evaluating model...
2025-05-10 07:09:37,969 - INFO - Saved validation outputs to /s/ls4/users/selibrin/spiking_researches/correlation_encoding_and_training/mnist/hpo/single_spk_input_multi_spk_output/hpo_data/hpo_iteration_data/4339499/estimator_1_neuron_5_validation_outputs.npy
2025-05-10 07:09:37,970 - INFO - Waiting for parameters file: /s/ls4/users/selibrin/spiking_researches/correlation_encoding_and_training/mnist/hpo/single_spk_input_multi_spk_output/hpo_data/hpo_iteration_data/4339499/params_1_5.pkl
2025-05-10 07:10:23,019 - INFO - Loaded HPO parameters
2025-05-10 07:10:23,019 - INFO - Preparing datasets...
2025-05-10 07:10:25,970 - INFO - Prepared datasets: 531 train & 1000 validation samples
2025-05-10 07:10:25,970 - INFO - Initializing model...
2025-05-10 07:10:25,973 - INFO - Fitting model...
2025-05-10 07:11:57,318 - INFO - Saved weights to /s/ls4/users/selibrin/spiking_researches/correlation_encoding_and_training/mnist/hpo/single_spk_input_multi_spk_output/hpo_data/hpo_iteration_data/4339499/estimator_1_neuron_5_weights.npy
2025-05-10 07:11:57,319 - INFO - Evaluating model...
2025-05-10 07:14:40,373 - INFO - Saved validation outputs to /s/ls4/users/selibrin/spiking_researches/correlation_encoding_and_training/mnist/hpo/single_spk_input_multi_spk_output/hpo_data/hpo_iteration_data/4339499/estimator_1_neuron_5_validation_outputs.npy
2025-05-10 07:14:40,373 - INFO - Waiting for parameters file: /s/ls4/users/selibrin/spiking_researches/correlation_encoding_and_training/mnist/hpo/single_spk_input_multi_spk_output/hpo_data/hpo_iteration_data/4339499/params_1_5.pkl
2025-05-10 07:15:25,425 - INFO - Loaded HPO parameters
2025-05-10 07:15:25,425 - INFO - Preparing datasets...
2025-05-10 07:15:28,636 - INFO - Prepared datasets: 531 train & 1000 validation samples
2025-05-10 07:15:28,636 - INFO - Initializing model...
2025-05-10 07:15:28,639 - INFO - Fitting model...
2025-05-10 07:17:01,035 - INFO - Saved weights to /s/ls4/users/selibrin/spiking_researches/correlation_encoding_and_training/mnist/hpo/single_spk_input_multi_spk_output/hpo_data/hpo_iteration_data/4339499/estimator_1_neuron_5_weights.npy
2025-05-10 07:17:01,035 - INFO - Evaluating model...
2025-05-10 07:19:44,892 - INFO - Saved validation outputs to /s/ls4/users/selibrin/spiking_researches/correlation_encoding_and_training/mnist/hpo/single_spk_input_multi_spk_output/hpo_data/hpo_iteration_data/4339499/estimator_1_neuron_5_validation_outputs.npy
2025-05-10 07:19:44,893 - INFO - Waiting for parameters file: /s/ls4/users/selibrin/spiking_researches/correlation_encoding_and_training/mnist/hpo/single_spk_input_multi_spk_output/hpo_data/hpo_iteration_data/4339499/params_1_5.pkl
2025-05-10 07:20:29,944 - INFO - Loaded HPO parameters
2025-05-10 07:20:29,944 - INFO - Preparing datasets...
2025-05-10 07:20:32,881 - INFO - Prepared datasets: 1062 train & 1000 validation samples
2025-05-10 07:20:32,881 - INFO - Initializing model...
2025-05-10 07:20:32,885 - INFO - Fitting model...
2025-05-10 07:23:38,448 - INFO - Saved weights to /s/ls4/users/selibrin/spiking_researches/correlation_encoding_and_training/mnist/hpo/single_spk_input_multi_spk_output/hpo_data/hpo_iteration_data/4339499/estimator_1_neuron_5_weights.npy
2025-05-10 07:23:38,448 - INFO - Evaluating model...
2025-05-10 07:26:20,755 - INFO - Saved validation outputs to /s/ls4/users/selibrin/spiking_researches/correlation_encoding_and_training/mnist/hpo/single_spk_input_multi_spk_output/hpo_data/hpo_iteration_data/4339499/estimator_1_neuron_5_validation_outputs.npy
2025-05-10 07:26:20,755 - INFO - Waiting for parameters file: /s/ls4/users/selibrin/spiking_researches/correlation_encoding_and_training/mnist/hpo/single_spk_input_multi_spk_output/hpo_data/hpo_iteration_data/4339499/params_1_5.pkl
2025-05-10 07:27:05,824 - INFO - Loaded HPO parameters
2025-05-10 07:27:05,824 - INFO - Preparing datasets...
2025-05-10 07:27:08,791 - INFO - Prepared datasets: 531 train & 1000 validation samples
2025-05-10 07:27:08,792 - INFO - Initializing model...
2025-05-10 07:27:08,794 - INFO - Fitting model...
2025-05-10 07:28:41,753 - INFO - Saved weights to /s/ls4/users/selibrin/spiking_researches/correlation_encoding_and_training/mnist/hpo/single_spk_input_multi_spk_output/hpo_data/hpo_iteration_data/4339499/estimator_1_neuron_5_weights.npy
2025-05-10 07:28:41,753 - INFO - Evaluating model...
2025-05-10 07:31:26,745 - INFO - Saved validation outputs to /s/ls4/users/selibrin/spiking_researches/correlation_encoding_and_training/mnist/hpo/single_spk_input_multi_spk_output/hpo_data/hpo_iteration_data/4339499/estimator_1_neuron_5_validation_outputs.npy
2025-05-10 07:31:26,745 - INFO - Waiting for parameters file: /s/ls4/users/selibrin/spiking_researches/correlation_encoding_and_training/mnist/hpo/single_spk_input_multi_spk_output/hpo_data/hpo_iteration_data/4339499/params_1_5.pkl
2025-05-10 07:32:11,798 - INFO - Loaded HPO parameters
2025-05-10 07:32:11,798 - INFO - Preparing datasets...
2025-05-10 07:32:14,711 - INFO - Prepared datasets: 265 train & 1000 validation samples
2025-05-10 07:32:14,711 - INFO - Initializing model...
2025-05-10 07:32:14,714 - INFO - Fitting model...
2025-05-10 07:33:00,816 - INFO - Saved weights to /s/ls4/users/selibrin/spiking_researches/correlation_encoding_and_training/mnist/hpo/single_spk_input_multi_spk_output/hpo_data/hpo_iteration_data/4339499/estimator_1_neuron_5_weights.npy
2025-05-10 07:33:00,816 - INFO - Evaluating model...
2025-05-10 07:35:44,807 - INFO - Saved validation outputs to /s/ls4/users/selibrin/spiking_researches/correlation_encoding_and_training/mnist/hpo/single_spk_input_multi_spk_output/hpo_data/hpo_iteration_data/4339499/estimator_1_neuron_5_validation_outputs.npy
2025-05-10 07:35:44,807 - INFO - Waiting for parameters file: /s/ls4/users/selibrin/spiking_researches/correlation_encoding_and_training/mnist/hpo/single_spk_input_multi_spk_output/hpo_data/hpo_iteration_data/4339499/params_1_5.pkl
2025-05-10 07:36:19,846 - INFO - Loaded HPO parameters
2025-05-10 07:36:19,846 - INFO - Preparing datasets...
2025-05-10 07:36:22,853 - INFO - Prepared datasets: 531 train & 1000 validation samples
2025-05-10 07:36:22,854 - INFO - Initializing model...
2025-05-10 07:36:22,856 - INFO - Fitting model...
2025-05-10 07:37:54,916 - INFO - Saved weights to /s/ls4/users/selibrin/spiking_researches/correlation_encoding_and_training/mnist/hpo/single_spk_input_multi_spk_output/hpo_data/hpo_iteration_data/4339499/estimator_1_neuron_5_weights.npy
2025-05-10 07:37:54,916 - INFO - Evaluating model...
2025-05-10 07:40:35,604 - INFO - Saved validation outputs to /s/ls4/users/selibrin/spiking_researches/correlation_encoding_and_training/mnist/hpo/single_spk_input_multi_spk_output/hpo_data/hpo_iteration_data/4339499/estimator_1_neuron_5_validation_outputs.npy
2025-05-10 07:40:35,604 - INFO - Waiting for parameters file: /s/ls4/users/selibrin/spiking_researches/correlation_encoding_and_training/mnist/hpo/single_spk_input_multi_spk_output/hpo_data/hpo_iteration_data/4339499/params_1_5.pkl
2025-05-10 07:41:25,661 - INFO - Loaded HPO parameters
2025-05-10 07:41:25,661 - INFO - Preparing datasets...
2025-05-10 07:41:28,565 - INFO - Prepared datasets: 531 train & 1000 validation samples
2025-05-10 07:41:28,566 - INFO - Initializing model...
2025-05-10 07:41:28,568 - INFO - Fitting model...
2025-05-10 07:43:02,643 - INFO - Saved weights to /s/ls4/users/selibrin/spiking_researches/correlation_encoding_and_training/mnist/hpo/single_spk_input_multi_spk_output/hpo_data/hpo_iteration_data/4339499/estimator_1_neuron_5_weights.npy
2025-05-10 07:43:02,643 - INFO - Evaluating model...
2025-05-10 07:45:48,926 - INFO - Saved validation outputs to /s/ls4/users/selibrin/spiking_researches/correlation_encoding_and_training/mnist/hpo/single_spk_input_multi_spk_output/hpo_data/hpo_iteration_data/4339499/estimator_1_neuron_5_validation_outputs.npy
2025-05-10 07:45:48,927 - INFO - Waiting for parameters file: /s/ls4/users/selibrin/spiking_researches/correlation_encoding_and_training/mnist/hpo/single_spk_input_multi_spk_output/hpo_data/hpo_iteration_data/4339499/params_1_5.pkl
2025-05-10 07:46:28,973 - INFO - Loaded HPO parameters
2025-05-10 07:46:28,973 - INFO - Preparing datasets...
2025-05-10 07:46:32,053 - INFO - Prepared datasets: 531 train & 1000 validation samples
2025-05-10 07:46:32,053 - INFO - Initializing model...
2025-05-10 07:46:32,056 - INFO - Fitting model...
2025-05-10 07:48:05,696 - INFO - Saved weights to /s/ls4/users/selibrin/spiking_researches/correlation_encoding_and_training/mnist/hpo/single_spk_input_multi_spk_output/hpo_data/hpo_iteration_data/4339499/estimator_1_neuron_5_weights.npy
2025-05-10 07:48:05,696 - INFO - Evaluating model...
2025-05-10 07:50:52,500 - INFO - Saved validation outputs to /s/ls4/users/selibrin/spiking_researches/correlation_encoding_and_training/mnist/hpo/single_spk_input_multi_spk_output/hpo_data/hpo_iteration_data/4339499/estimator_1_neuron_5_validation_outputs.npy
2025-05-10 07:50:52,501 - INFO - Waiting for parameters file: /s/ls4/users/selibrin/spiking_researches/correlation_encoding_and_training/mnist/hpo/single_spk_input_multi_spk_output/hpo_data/hpo_iteration_data/4339499/params_1_5.pkl
2025-05-10 07:51:37,552 - INFO - Loaded HPO parameters
2025-05-10 07:51:37,552 - INFO - Preparing datasets...
2025-05-10 07:51:40,470 - INFO - Prepared datasets: 1062 train & 1000 validation samples
2025-05-10 07:51:40,476 - INFO - Initializing model...
2025-05-10 07:51:40,479 - INFO - Fitting model...
2025-05-10 07:54:46,370 - INFO - Saved weights to /s/ls4/users/selibrin/spiking_researches/correlation_encoding_and_training/mnist/hpo/single_spk_input_multi_spk_output/hpo_data/hpo_iteration_data/4339499/estimator_1_neuron_5_weights.npy
2025-05-10 07:54:46,370 - INFO - Evaluating model...
2025-05-10 07:57:33,854 - INFO - Saved validation outputs to /s/ls4/users/selibrin/spiking_researches/correlation_encoding_and_training/mnist/hpo/single_spk_input_multi_spk_output/hpo_data/hpo_iteration_data/4339499/estimator_1_neuron_5_validation_outputs.npy
2025-05-10 07:57:33,854 - INFO - Waiting for parameters file: /s/ls4/users/selibrin/spiking_researches/correlation_encoding_and_training/mnist/hpo/single_spk_input_multi_spk_output/hpo_data/hpo_iteration_data/4339499/params_1_5.pkl
2025-05-10 07:58:08,896 - INFO - Loaded HPO parameters
2025-05-10 07:58:08,896 - INFO - Preparing datasets...
2025-05-10 07:58:11,868 - INFO - Prepared datasets: 531 train & 1000 validation samples
2025-05-10 07:58:11,868 - INFO - Initializing model...
2025-05-10 07:58:11,870 - INFO - Fitting model...
2025-05-10 07:59:45,976 - INFO - Saved weights to /s/ls4/users/selibrin/spiking_researches/correlation_encoding_and_training/mnist/hpo/single_spk_input_multi_spk_output/hpo_data/hpo_iteration_data/4339499/estimator_1_neuron_5_weights.npy
2025-05-10 07:59:45,976 - INFO - Evaluating model...
2025-05-10 08:02:33,901 - INFO - Saved validation outputs to /s/ls4/users/selibrin/spiking_researches/correlation_encoding_and_training/mnist/hpo/single_spk_input_multi_spk_output/hpo_data/hpo_iteration_data/4339499/estimator_1_neuron_5_validation_outputs.npy
2025-05-10 08:02:33,901 - INFO - Waiting for parameters file: /s/ls4/users/selibrin/spiking_researches/correlation_encoding_and_training/mnist/hpo/single_spk_input_multi_spk_output/hpo_data/hpo_iteration_data/4339499/params_1_5.pkl
2025-05-10 08:03:13,947 - INFO - Loaded HPO parameters
2025-05-10 08:03:13,947 - INFO - Preparing datasets...
2025-05-10 08:03:16,990 - INFO - Prepared datasets: 531 train & 1000 validation samples
2025-05-10 08:03:16,996 - INFO - Initializing model...
2025-05-10 08:03:16,998 - INFO - Fitting model...
2025-05-10 08:04:49,037 - INFO - Saved weights to /s/ls4/users/selibrin/spiking_researches/correlation_encoding_and_training/mnist/hpo/single_spk_input_multi_spk_output/hpo_data/hpo_iteration_data/4339499/estimator_1_neuron_5_weights.npy
2025-05-10 08:04:49,037 - INFO - Evaluating model...
2025-05-10 08:07:30,047 - INFO - Saved validation outputs to /s/ls4/users/selibrin/spiking_researches/correlation_encoding_and_training/mnist/hpo/single_spk_input_multi_spk_output/hpo_data/hpo_iteration_data/4339499/estimator_1_neuron_5_validation_outputs.npy
2025-05-10 08:07:30,047 - INFO - Waiting for parameters file: /s/ls4/users/selibrin/spiking_researches/correlation_encoding_and_training/mnist/hpo/single_spk_input_multi_spk_output/hpo_data/hpo_iteration_data/4339499/params_1_5.pkl
2025-05-10 08:08:20,104 - INFO - Loaded HPO parameters
2025-05-10 08:08:20,104 - INFO - Preparing datasets...
2025-05-10 08:08:23,076 - INFO - Prepared datasets: 265 train & 1000 validation samples
2025-05-10 08:08:23,076 - INFO - Initializing model...
2025-05-10 08:08:23,079 - INFO - Fitting model...
2025-05-10 08:09:09,911 - INFO - Saved weights to /s/ls4/users/selibrin/spiking_researches/correlation_encoding_and_training/mnist/hpo/single_spk_input_multi_spk_output/hpo_data/hpo_iteration_data/4339499/estimator_1_neuron_5_weights.npy
2025-05-10 08:09:09,911 - INFO - Evaluating model...
2025-05-10 08:11:53,165 - INFO - Saved validation outputs to /s/ls4/users/selibrin/spiking_researches/correlation_encoding_and_training/mnist/hpo/single_spk_input_multi_spk_output/hpo_data/hpo_iteration_data/4339499/estimator_1_neuron_5_validation_outputs.npy
2025-05-10 08:11:53,166 - INFO - Waiting for parameters file: /s/ls4/users/selibrin/spiking_researches/correlation_encoding_and_training/mnist/hpo/single_spk_input_multi_spk_output/hpo_data/hpo_iteration_data/4339499/params_1_5.pkl
2025-05-10 08:12:28,207 - INFO - Loaded HPO parameters
2025-05-10 08:12:28,207 - INFO - Preparing datasets...
2025-05-10 08:12:31,161 - INFO - Prepared datasets: 531 train & 1000 validation samples
2025-05-10 08:12:31,166 - INFO - Initializing model...
2025-05-10 08:12:31,168 - INFO - Fitting model...
2025-05-10 08:14:03,113 - INFO - Saved weights to /s/ls4/users/selibrin/spiking_researches/correlation_encoding_and_training/mnist/hpo/single_spk_input_multi_spk_output/hpo_data/hpo_iteration_data/4339499/estimator_1_neuron_5_weights.npy
2025-05-10 08:14:03,113 - INFO - Evaluating model...
2025-05-10 08:16:43,939 - INFO - Saved validation outputs to /s/ls4/users/selibrin/spiking_researches/correlation_encoding_and_training/mnist/hpo/single_spk_input_multi_spk_output/hpo_data/hpo_iteration_data/4339499/estimator_1_neuron_5_validation_outputs.npy
2025-05-10 08:16:43,939 - INFO - Waiting for parameters file: /s/ls4/users/selibrin/spiking_researches/correlation_encoding_and_training/mnist/hpo/single_spk_input_multi_spk_output/hpo_data/hpo_iteration_data/4339499/params_1_5.pkl
2025-05-10 08:17:33,996 - INFO - Loaded HPO parameters
2025-05-10 08:17:33,996 - INFO - Preparing datasets...
2025-05-10 08:17:36,922 - INFO - Prepared datasets: 531 train & 1000 validation samples
2025-05-10 08:17:36,922 - INFO - Initializing model...
2025-05-10 08:17:36,924 - INFO - Fitting model...
2025-05-10 08:19:07,547 - INFO - Saved weights to /s/ls4/users/selibrin/spiking_researches/correlation_encoding_and_training/mnist/hpo/single_spk_input_multi_spk_output/hpo_data/hpo_iteration_data/4339499/estimator_1_neuron_5_weights.npy
2025-05-10 08:19:07,548 - INFO - Evaluating model...
2025-05-10 08:21:46,278 - INFO - Saved validation outputs to /s/ls4/users/selibrin/spiking_researches/correlation_encoding_and_training/mnist/hpo/single_spk_input_multi_spk_output/hpo_data/hpo_iteration_data/4339499/estimator_1_neuron_5_validation_outputs.npy
2025-05-10 08:21:46,279 - INFO - Waiting for parameters file: /s/ls4/users/selibrin/spiking_researches/correlation_encoding_and_training/mnist/hpo/single_spk_input_multi_spk_output/hpo_data/hpo_iteration_data/4339499/params_1_5.pkl
2025-05-10 08:22:36,335 - INFO - Loaded HPO parameters
2025-05-10 08:22:36,335 - INFO - Preparing datasets...
2025-05-10 08:22:39,270 - INFO - Prepared datasets: 1062 train & 1000 validation samples
2025-05-10 08:22:39,275 - INFO - Initializing model...
2025-05-10 08:22:39,277 - INFO - Fitting model...
2025-05-10 08:25:40,511 - INFO - Saved weights to /s/ls4/users/selibrin/spiking_researches/correlation_encoding_and_training/mnist/hpo/single_spk_input_multi_spk_output/hpo_data/hpo_iteration_data/4339499/estimator_1_neuron_5_weights.npy
2025-05-10 08:25:40,511 - INFO - Evaluating model...
2025-05-10 08:28:21,624 - INFO - Saved validation outputs to /s/ls4/users/selibrin/spiking_researches/correlation_encoding_and_training/mnist/hpo/single_spk_input_multi_spk_output/hpo_data/hpo_iteration_data/4339499/estimator_1_neuron_5_validation_outputs.npy
2025-05-10 08:28:21,625 - INFO - Waiting for parameters file: /s/ls4/users/selibrin/spiking_researches/correlation_encoding_and_training/mnist/hpo/single_spk_input_multi_spk_output/hpo_data/hpo_iteration_data/4339499/params_1_5.pkl
2025-05-10 08:29:11,679 - INFO - Loaded HPO parameters
2025-05-10 08:29:11,679 - INFO - Preparing datasets...
2025-05-10 08:29:14,887 - INFO - Prepared datasets: 531 train & 1000 validation samples
2025-05-10 08:29:14,887 - INFO - Initializing model...
2025-05-10 08:29:14,890 - INFO - Fitting model...
2025-05-10 08:30:48,138 - INFO - Saved weights to /s/ls4/users/selibrin/spiking_researches/correlation_encoding_and_training/mnist/hpo/single_spk_input_multi_spk_output/hpo_data/hpo_iteration_data/4339499/estimator_1_neuron_5_weights.npy
2025-05-10 08:30:48,139 - INFO - Evaluating model...
2025-05-10 08:33:33,934 - INFO - Saved validation outputs to /s/ls4/users/selibrin/spiking_researches/correlation_encoding_and_training/mnist/hpo/single_spk_input_multi_spk_output/hpo_data/hpo_iteration_data/4339499/estimator_1_neuron_5_validation_outputs.npy
2025-05-10 08:33:33,935 - INFO - Waiting for parameters file: /s/ls4/users/selibrin/spiking_researches/correlation_encoding_and_training/mnist/hpo/single_spk_input_multi_spk_output/hpo_data/hpo_iteration_data/4339499/params_1_5.pkl
2025-05-10 08:34:18,988 - INFO - Loaded HPO parameters
2025-05-10 08:34:18,988 - INFO - Preparing datasets...
2025-05-10 08:34:22,067 - INFO - Prepared datasets: 531 train & 1000 validation samples
2025-05-10 08:34:22,073 - INFO - Initializing model...
2025-05-10 08:34:22,075 - INFO - Fitting model...
2025-05-10 08:35:53,104 - INFO - Saved weights to /s/ls4/users/selibrin/spiking_researches/correlation_encoding_and_training/mnist/hpo/single_spk_input_multi_spk_output/hpo_data/hpo_iteration_data/4339499/estimator_1_neuron_5_weights.npy
2025-05-10 08:35:53,105 - INFO - Evaluating model...
2025-05-10 08:38:38,993 - INFO - Saved validation outputs to /s/ls4/users/selibrin/spiking_researches/correlation_encoding_and_training/mnist/hpo/single_spk_input_multi_spk_output/hpo_data/hpo_iteration_data/4339499/estimator_1_neuron_5_validation_outputs.npy
2025-05-10 08:38:38,993 - INFO - Waiting for parameters file: /s/ls4/users/selibrin/spiking_researches/correlation_encoding_and_training/mnist/hpo/single_spk_input_multi_spk_output/hpo_data/hpo_iteration_data/4339499/params_1_5.pkl
2025-05-10 08:39:24,045 - INFO - Loaded HPO parameters
2025-05-10 08:39:24,045 - INFO - Preparing datasets...
2025-05-10 08:39:27,084 - INFO - Prepared datasets: 265 train & 1000 validation samples
2025-05-10 08:39:27,084 - INFO - Initializing model...
2025-05-10 08:39:27,087 - INFO - Fitting model...
2025-05-10 08:40:13,927 - INFO - Saved weights to /s/ls4/users/selibrin/spiking_researches/correlation_encoding_and_training/mnist/hpo/single_spk_input_multi_spk_output/hpo_data/hpo_iteration_data/4339499/estimator_1_neuron_5_weights.npy
2025-05-10 08:40:13,927 - INFO - Evaluating model...
2025-05-10 08:43:02,993 - INFO - Saved validation outputs to /s/ls4/users/selibrin/spiking_researches/correlation_encoding_and_training/mnist/hpo/single_spk_input_multi_spk_output/hpo_data/hpo_iteration_data/4339499/estimator_1_neuron_5_validation_outputs.npy
2025-05-10 08:43:02,993 - INFO - Waiting for parameters file: /s/ls4/users/selibrin/spiking_researches/correlation_encoding_and_training/mnist/hpo/single_spk_input_multi_spk_output/hpo_data/hpo_iteration_data/4339499/params_1_5.pkl
2025-05-10 08:43:33,029 - INFO - Loaded HPO parameters
2025-05-10 08:43:33,029 - INFO - Preparing datasets...
2025-05-10 08:43:36,092 - INFO - Prepared datasets: 531 train & 1000 validation samples
2025-05-10 08:43:36,097 - INFO - Initializing model...
2025-05-10 08:43:36,100 - INFO - Fitting model...
2025-05-10 08:45:09,433 - INFO - Saved weights to /s/ls4/users/selibrin/spiking_researches/correlation_encoding_and_training/mnist/hpo/single_spk_input_multi_spk_output/hpo_data/hpo_iteration_data/4339499/estimator_1_neuron_5_weights.npy
2025-05-10 08:45:09,433 - INFO - Evaluating model...
2025-05-10 08:47:58,071 - INFO - Saved validation outputs to /s/ls4/users/selibrin/spiking_researches/correlation_encoding_and_training/mnist/hpo/single_spk_input_multi_spk_output/hpo_data/hpo_iteration_data/4339499/estimator_1_neuron_5_validation_outputs.npy
2025-05-10 08:47:58,071 - INFO - Waiting for parameters file: /s/ls4/users/selibrin/spiking_researches/correlation_encoding_and_training/mnist/hpo/single_spk_input_multi_spk_output/hpo_data/hpo_iteration_data/4339499/params_1_5.pkl
2025-05-10 08:48:38,117 - INFO - Loaded HPO parameters
2025-05-10 08:48:38,118 - INFO - Preparing datasets...
2025-05-10 08:48:41,087 - INFO - Prepared datasets: 531 train & 1000 validation samples
2025-05-10 08:48:41,087 - INFO - Initializing model...
2025-05-10 08:48:41,089 - INFO - Fitting model...
2025-05-10 08:50:11,800 - INFO - Saved weights to /s/ls4/users/selibrin/spiking_researches/correlation_encoding_and_training/mnist/hpo/single_spk_input_multi_spk_output/hpo_data/hpo_iteration_data/4339499/estimator_1_neuron_5_weights.npy
2025-05-10 08:50:11,800 - INFO - Evaluating model...
2025-05-10 08:52:53,907 - INFO - Saved validation outputs to /s/ls4/users/selibrin/spiking_researches/correlation_encoding_and_training/mnist/hpo/single_spk_input_multi_spk_output/hpo_data/hpo_iteration_data/4339499/estimator_1_neuron_5_validation_outputs.npy
2025-05-10 08:52:53,907 - INFO - Waiting for parameters file: /s/ls4/users/selibrin/spiking_researches/correlation_encoding_and_training/mnist/hpo/single_spk_input_multi_spk_output/hpo_data/hpo_iteration_data/4339499/params_1_5.pkl
2025-05-10 08:53:43,964 - INFO - Loaded HPO parameters
2025-05-10 08:53:43,964 - INFO - Preparing datasets...
2025-05-10 08:53:46,986 - INFO - Prepared datasets: 1062 train & 1000 validation samples
2025-05-10 08:53:46,992 - INFO - Initializing model...
2025-05-10 08:53:46,994 - INFO - Fitting model...
2025-05-10 08:56:51,061 - INFO - Saved weights to /s/ls4/users/selibrin/spiking_researches/correlation_encoding_and_training/mnist/hpo/single_spk_input_multi_spk_output/hpo_data/hpo_iteration_data/4339499/estimator_1_neuron_5_weights.npy
2025-05-10 08:56:51,061 - INFO - Evaluating model...
2025-05-10 08:59:35,630 - INFO - Saved validation outputs to /s/ls4/users/selibrin/spiking_researches/correlation_encoding_and_training/mnist/hpo/single_spk_input_multi_spk_output/hpo_data/hpo_iteration_data/4339499/estimator_1_neuron_5_validation_outputs.npy
2025-05-10 08:59:35,630 - INFO - Waiting for parameters file: /s/ls4/users/selibrin/spiking_researches/correlation_encoding_and_training/mnist/hpo/single_spk_input_multi_spk_output/hpo_data/hpo_iteration_data/4339499/params_1_5.pkl
2025-05-10 09:00:15,677 - INFO - Loaded HPO parameters
2025-05-10 09:00:15,677 - INFO - Preparing datasets...
2025-05-10 09:00:18,656 - INFO - Prepared datasets: 531 train & 1000 validation samples
2025-05-10 09:00:18,657 - INFO - Initializing model...
2025-05-10 09:00:18,659 - INFO - Fitting model...
2025-05-10 09:01:48,964 - INFO - Saved weights to /s/ls4/users/selibrin/spiking_researches/correlation_encoding_and_training/mnist/hpo/single_spk_input_multi_spk_output/hpo_data/hpo_iteration_data/4339499/estimator_1_neuron_5_weights.npy
2025-05-10 09:01:48,964 - INFO - Evaluating model...
2025-05-10 09:04:30,246 - INFO - Saved validation outputs to /s/ls4/users/selibrin/spiking_researches/correlation_encoding_and_training/mnist/hpo/single_spk_input_multi_spk_output/hpo_data/hpo_iteration_data/4339499/estimator_1_neuron_5_validation_outputs.npy
2025-05-10 09:04:30,246 - INFO - Waiting for parameters file: /s/ls4/users/selibrin/spiking_researches/correlation_encoding_and_training/mnist/hpo/single_spk_input_multi_spk_output/hpo_data/hpo_iteration_data/4339499/params_1_5.pkl
2025-05-10 09:05:20,305 - INFO - Loaded HPO parameters
2025-05-10 09:05:20,305 - INFO - Preparing datasets...
2025-05-10 09:05:23,370 - INFO - Prepared datasets: 531 train & 1000 validation samples
2025-05-10 09:05:23,375 - INFO - Initializing model...
2025-05-10 09:05:23,377 - INFO - Fitting model...
2025-05-10 09:06:54,290 - INFO - Saved weights to /s/ls4/users/selibrin/spiking_researches/correlation_encoding_and_training/mnist/hpo/single_spk_input_multi_spk_output/hpo_data/hpo_iteration_data/4339499/estimator_1_neuron_5_weights.npy
2025-05-10 09:06:54,291 - INFO - Evaluating model...
2025-05-10 09:09:38,208 - INFO - Saved validation outputs to /s/ls4/users/selibrin/spiking_researches/correlation_encoding_and_training/mnist/hpo/single_spk_input_multi_spk_output/hpo_data/hpo_iteration_data/4339499/estimator_1_neuron_5_validation_outputs.npy
2025-05-10 09:09:38,208 - INFO - Waiting for parameters file: /s/ls4/users/selibrin/spiking_researches/correlation_encoding_and_training/mnist/hpo/single_spk_input_multi_spk_output/hpo_data/hpo_iteration_data/4339499/params_1_5.pkl
2025-05-10 09:10:28,265 - INFO - Loaded HPO parameters
2025-05-10 09:10:28,265 - INFO - Preparing datasets...
2025-05-10 09:10:31,248 - INFO - Prepared datasets: 265 train & 1000 validation samples
2025-05-10 09:10:31,248 - INFO - Initializing model...
2025-05-10 09:10:31,250 - INFO - Fitting model...
2025-05-10 09:11:18,158 - INFO - Saved weights to /s/ls4/users/selibrin/spiking_researches/correlation_encoding_and_training/mnist/hpo/single_spk_input_multi_spk_output/hpo_data/hpo_iteration_data/4339499/estimator_1_neuron_5_weights.npy
2025-05-10 09:11:18,159 - INFO - Evaluating model...
2025-05-10 09:14:06,398 - INFO - Saved validation outputs to /s/ls4/users/selibrin/spiking_researches/correlation_encoding_and_training/mnist/hpo/single_spk_input_multi_spk_output/hpo_data/hpo_iteration_data/4339499/estimator_1_neuron_5_validation_outputs.npy
2025-05-10 09:14:06,398 - INFO - Waiting for parameters file: /s/ls4/users/selibrin/spiking_researches/correlation_encoding_and_training/mnist/hpo/single_spk_input_multi_spk_output/hpo_data/hpo_iteration_data/4339499/params_1_5.pkl
2025-05-10 09:14:31,428 - INFO - Loaded HPO parameters
2025-05-10 09:14:31,428 - INFO - Preparing datasets...
2025-05-10 09:14:34,305 - INFO - Prepared datasets: 531 train & 1000 validation samples
2025-05-10 09:14:34,309 - INFO - Initializing model...
2025-05-10 09:14:34,312 - INFO - Fitting model...
2025-05-10 09:16:04,861 - INFO - Saved weights to /s/ls4/users/selibrin/spiking_researches/correlation_encoding_and_training/mnist/hpo/single_spk_input_multi_spk_output/hpo_data/hpo_iteration_data/4339499/estimator_1_neuron_5_weights.npy
2025-05-10 09:16:04,861 - INFO - Evaluating model...
2025-05-10 09:18:47,223 - INFO - Saved validation outputs to /s/ls4/users/selibrin/spiking_researches/correlation_encoding_and_training/mnist/hpo/single_spk_input_multi_spk_output/hpo_data/hpo_iteration_data/4339499/estimator_1_neuron_5_validation_outputs.npy
2025-05-10 09:18:47,223 - INFO - Waiting for parameters file: /s/ls4/users/selibrin/spiking_researches/correlation_encoding_and_training/mnist/hpo/single_spk_input_multi_spk_output/hpo_data/hpo_iteration_data/4339499/params_1_5.pkl
2025-05-10 09:19:37,279 - INFO - Loaded HPO parameters
2025-05-10 09:19:37,279 - INFO - Preparing datasets...
2025-05-10 09:19:40,449 - INFO - Prepared datasets: 531 train & 1000 validation samples
2025-05-10 09:19:40,449 - INFO - Initializing model...
2025-05-10 09:19:40,451 - INFO - Fitting model...
2025-05-10 09:21:15,431 - INFO - Saved weights to /s/ls4/users/selibrin/spiking_researches/correlation_encoding_and_training/mnist/hpo/single_spk_input_multi_spk_output/hpo_data/hpo_iteration_data/4339499/estimator_1_neuron_5_weights.npy
2025-05-10 09:21:15,431 - INFO - Evaluating model...
2025-05-10 09:24:06,019 - INFO - Saved validation outputs to /s/ls4/users/selibrin/spiking_researches/correlation_encoding_and_training/mnist/hpo/single_spk_input_multi_spk_output/hpo_data/hpo_iteration_data/4339499/estimator_1_neuron_5_validation_outputs.npy
2025-05-10 09:24:06,019 - INFO - Waiting for parameters file: /s/ls4/users/selibrin/spiking_researches/correlation_encoding_and_training/mnist/hpo/single_spk_input_multi_spk_output/hpo_data/hpo_iteration_data/4339499/params_1_5.pkl
2025-05-10 09:24:46,065 - INFO - Loaded HPO parameters
2025-05-10 09:24:46,065 - INFO - Preparing datasets...
2025-05-10 09:24:49,024 - INFO - Prepared datasets: 1062 train & 1000 validation samples
2025-05-10 09:24:49,029 - INFO - Initializing model...
2025-05-10 09:24:49,032 - INFO - Fitting model...
2025-05-10 09:27:50,626 - INFO - Saved weights to /s/ls4/users/selibrin/spiking_researches/correlation_encoding_and_training/mnist/hpo/single_spk_input_multi_spk_output/hpo_data/hpo_iteration_data/4339499/estimator_1_neuron_5_weights.npy
2025-05-10 09:27:50,626 - INFO - Evaluating model...
2025-05-10 09:30:33,557 - INFO - Saved validation outputs to /s/ls4/users/selibrin/spiking_researches/correlation_encoding_and_training/mnist/hpo/single_spk_input_multi_spk_output/hpo_data/hpo_iteration_data/4339499/estimator_1_neuron_5_validation_outputs.npy
2025-05-10 09:30:33,557 - INFO - Waiting for parameters file: /s/ls4/users/selibrin/spiking_researches/correlation_encoding_and_training/mnist/hpo/single_spk_input_multi_spk_output/hpo_data/hpo_iteration_data/4339499/params_1_5.pkl
2025-05-10 09:31:18,607 - INFO - Loaded HPO parameters
2025-05-10 09:31:18,608 - INFO - Preparing datasets...
2025-05-10 09:31:21,724 - INFO - Prepared datasets: 531 train & 1000 validation samples
2025-05-10 09:31:21,724 - INFO - Initializing model...
2025-05-10 09:31:21,726 - INFO - Fitting model...
2025-05-10 09:32:56,219 - INFO - Saved weights to /s/ls4/users/selibrin/spiking_researches/correlation_encoding_and_training/mnist/hpo/single_spk_input_multi_spk_output/hpo_data/hpo_iteration_data/4339499/estimator_1_neuron_5_weights.npy
2025-05-10 09:32:56,220 - INFO - Evaluating model...
2025-05-10 09:35:46,250 - INFO - Saved validation outputs to /s/ls4/users/selibrin/spiking_researches/correlation_encoding_and_training/mnist/hpo/single_spk_input_multi_spk_output/hpo_data/hpo_iteration_data/4339499/estimator_1_neuron_5_validation_outputs.npy
2025-05-10 09:35:46,251 - INFO - Waiting for parameters file: /s/ls4/users/selibrin/spiking_researches/correlation_encoding_and_training/mnist/hpo/single_spk_input_multi_spk_output/hpo_data/hpo_iteration_data/4339499/params_1_5.pkl
2025-05-10 09:36:26,294 - INFO - Loaded HPO parameters
2025-05-10 09:36:26,294 - INFO - Preparing datasets...
2025-05-10 09:36:29,287 - INFO - Prepared datasets: 531 train & 1000 validation samples
2025-05-10 09:36:29,292 - INFO - Initializing model...
2025-05-10 09:36:29,295 - INFO - Fitting model...
2025-05-10 09:38:02,889 - INFO - Saved weights to /s/ls4/users/selibrin/spiking_researches/correlation_encoding_and_training/mnist/hpo/single_spk_input_multi_spk_output/hpo_data/hpo_iteration_data/4339499/estimator_1_neuron_5_weights.npy
2025-05-10 09:38:02,889 - INFO - Evaluating model...
2025-05-10 09:40:51,730 - INFO - Saved validation outputs to /s/ls4/users/selibrin/spiking_researches/correlation_encoding_and_training/mnist/hpo/single_spk_input_multi_spk_output/hpo_data/hpo_iteration_data/4339499/estimator_1_neuron_5_validation_outputs.npy
2025-05-10 09:40:51,731 - INFO - Waiting for parameters file: /s/ls4/users/selibrin/spiking_researches/correlation_encoding_and_training/mnist/hpo/single_spk_input_multi_spk_output/hpo_data/hpo_iteration_data/4339499/params_1_5.pkl
2025-05-10 09:41:31,777 - INFO - Loaded HPO parameters
2025-05-10 09:41:31,777 - INFO - Preparing datasets...
2025-05-10 09:41:34,767 - INFO - Prepared datasets: 265 train & 1000 validation samples
2025-05-10 09:41:34,768 - INFO - Initializing model...
2025-05-10 09:41:34,770 - INFO - Fitting model...
2025-05-10 09:42:21,257 - INFO - Saved weights to /s/ls4/users/selibrin/spiking_researches/correlation_encoding_and_training/mnist/hpo/single_spk_input_multi_spk_output/hpo_data/hpo_iteration_data/4339499/estimator_1_neuron_5_weights.npy
2025-05-10 09:42:21,258 - INFO - Evaluating model...
2025-05-10 09:45:09,400 - INFO - Saved validation outputs to /s/ls4/users/selibrin/spiking_researches/correlation_encoding_and_training/mnist/hpo/single_spk_input_multi_spk_output/hpo_data/hpo_iteration_data/4339499/estimator_1_neuron_5_validation_outputs.npy
2025-05-10 09:45:09,400 - INFO - Waiting for parameters file: /s/ls4/users/selibrin/spiking_researches/correlation_encoding_and_training/mnist/hpo/single_spk_input_multi_spk_output/hpo_data/hpo_iteration_data/4339499/params_1_5.pkl
2025-05-10 09:45:34,430 - INFO - Loaded HPO parameters
2025-05-10 09:45:34,431 - INFO - Preparing datasets...
2025-05-10 09:45:37,596 - INFO - Prepared datasets: 531 train & 1000 validation samples
2025-05-10 09:45:37,602 - INFO - Initializing model...
2025-05-10 09:45:37,604 - INFO - Fitting model...
2025-05-10 09:47:09,785 - INFO - Saved weights to /s/ls4/users/selibrin/spiking_researches/correlation_encoding_and_training/mnist/hpo/single_spk_input_multi_spk_output/hpo_data/hpo_iteration_data/4339499/estimator_1_neuron_5_weights.npy
2025-05-10 09:47:09,785 - INFO - Evaluating model...
2025-05-10 09:49:55,463 - INFO - Saved validation outputs to /s/ls4/users/selibrin/spiking_researches/correlation_encoding_and_training/mnist/hpo/single_spk_input_multi_spk_output/hpo_data/hpo_iteration_data/4339499/estimator_1_neuron_5_validation_outputs.npy
2025-05-10 09:49:55,463 - INFO - Waiting for parameters file: /s/ls4/users/selibrin/spiking_researches/correlation_encoding_and_training/mnist/hpo/single_spk_input_multi_spk_output/hpo_data/hpo_iteration_data/4339499/params_1_5.pkl
2025-05-10 09:50:40,560 - INFO - Loaded HPO parameters
2025-05-10 09:50:40,560 - INFO - Preparing datasets...
2025-05-10 09:50:43,528 - INFO - Prepared datasets: 531 train & 1000 validation samples
2025-05-10 09:50:43,528 - INFO - Initializing model...
2025-05-10 09:50:43,531 - INFO - Fitting model...
2025-05-10 09:52:14,997 - INFO - Saved weights to /s/ls4/users/selibrin/spiking_researches/correlation_encoding_and_training/mnist/hpo/single_spk_input_multi_spk_output/hpo_data/hpo_iteration_data/4339499/estimator_1_neuron_5_weights.npy
2025-05-10 09:52:14,997 - INFO - Evaluating model...
2025-05-10 09:55:02,097 - INFO - Saved validation outputs to /s/ls4/users/selibrin/spiking_researches/correlation_encoding_and_training/mnist/hpo/single_spk_input_multi_spk_output/hpo_data/hpo_iteration_data/4339499/estimator_1_neuron_5_validation_outputs.npy
2025-05-10 09:55:02,097 - INFO - Waiting for parameters file: /s/ls4/users/selibrin/spiking_researches/correlation_encoding_and_training/mnist/hpo/single_spk_input_multi_spk_output/hpo_data/hpo_iteration_data/4339499/params_1_5.pkl
2025-05-10 09:55:47,148 - INFO - Loaded HPO parameters
2025-05-10 09:55:47,149 - INFO - Preparing datasets...
2025-05-10 09:55:50,096 - INFO - Prepared datasets: 1062 train & 1000 validation samples
2025-05-10 09:55:50,101 - INFO - Initializing model...
2025-05-10 09:55:50,103 - INFO - Fitting model...
2025-05-10 09:58:52,479 - INFO - Saved weights to /s/ls4/users/selibrin/spiking_researches/correlation_encoding_and_training/mnist/hpo/single_spk_input_multi_spk_output/hpo_data/hpo_iteration_data/4339499/estimator_1_neuron_5_weights.npy
2025-05-10 09:58:52,479 - INFO - Evaluating model...
2025-05-10 10:01:39,498 - INFO - Saved validation outputs to /s/ls4/users/selibrin/spiking_researches/correlation_encoding_and_training/mnist/hpo/single_spk_input_multi_spk_output/hpo_data/hpo_iteration_data/4339499/estimator_1_neuron_5_validation_outputs.npy
2025-05-10 10:01:39,498 - INFO - Waiting for parameters file: /s/ls4/users/selibrin/spiking_researches/correlation_encoding_and_training/mnist/hpo/single_spk_input_multi_spk_output/hpo_data/hpo_iteration_data/4339499/params_1_5.pkl
2025-05-10 10:02:24,546 - INFO - Loaded HPO parameters
2025-05-10 10:02:24,547 - INFO - Preparing datasets...
2025-05-10 10:02:27,509 - INFO - Prepared datasets: 531 train & 1000 validation samples
2025-05-10 10:02:27,509 - INFO - Initializing model...
2025-05-10 10:02:27,511 - INFO - Fitting model...
2025-05-10 10:03:59,482 - INFO - Saved weights to /s/ls4/users/selibrin/spiking_researches/correlation_encoding_and_training/mnist/hpo/single_spk_input_multi_spk_output/hpo_data/hpo_iteration_data/4339499/estimator_1_neuron_5_weights.npy
2025-05-10 10:03:59,482 - INFO - Evaluating model...
2025-05-10 10:06:48,792 - INFO - Saved validation outputs to /s/ls4/users/selibrin/spiking_researches/correlation_encoding_and_training/mnist/hpo/single_spk_input_multi_spk_output/hpo_data/hpo_iteration_data/4339499/estimator_1_neuron_5_validation_outputs.npy
2025-05-10 10:06:48,793 - INFO - Waiting for parameters file: /s/ls4/users/selibrin/spiking_researches/correlation_encoding_and_training/mnist/hpo/single_spk_input_multi_spk_output/hpo_data/hpo_iteration_data/4339499/params_1_5.pkl
2025-05-10 10:07:28,836 - INFO - Loaded HPO parameters
2025-05-10 10:07:28,836 - INFO - Preparing datasets...
2025-05-10 10:07:31,832 - INFO - Prepared datasets: 531 train & 1000 validation samples
2025-05-10 10:07:31,837 - INFO - Initializing model...
2025-05-10 10:07:31,839 - INFO - Fitting model...
2025-05-10 10:09:04,020 - INFO - Saved weights to /s/ls4/users/selibrin/spiking_researches/correlation_encoding_and_training/mnist/hpo/single_spk_input_multi_spk_output/hpo_data/hpo_iteration_data/4339499/estimator_1_neuron_5_weights.npy
2025-05-10 10:09:04,021 - INFO - Evaluating model...
2025-05-10 10:11:51,061 - INFO - Saved validation outputs to /s/ls4/users/selibrin/spiking_researches/correlation_encoding_and_training/mnist/hpo/single_spk_input_multi_spk_output/hpo_data/hpo_iteration_data/4339499/estimator_1_neuron_5_validation_outputs.npy
2025-05-10 10:11:51,062 - INFO - Waiting for parameters file: /s/ls4/users/selibrin/spiking_researches/correlation_encoding_and_training/mnist/hpo/single_spk_input_multi_spk_output/hpo_data/hpo_iteration_data/4339499/params_1_5.pkl
2025-05-10 10:12:36,114 - INFO - Loaded HPO parameters
2025-05-10 10:12:36,114 - INFO - Preparing datasets...
2025-05-10 10:12:39,073 - INFO - Prepared datasets: 265 train & 1000 validation samples
2025-05-10 10:12:39,073 - INFO - Initializing model...
2025-05-10 10:12:39,075 - INFO - Fitting model...
2025-05-10 10:13:25,690 - INFO - Saved weights to /s/ls4/users/selibrin/spiking_researches/correlation_encoding_and_training/mnist/hpo/single_spk_input_multi_spk_output/hpo_data/hpo_iteration_data/4339499/estimator_1_neuron_5_weights.npy
2025-05-10 10:13:25,690 - INFO - Evaluating model...
2025-05-10 10:16:14,195 - INFO - Saved validation outputs to /s/ls4/users/selibrin/spiking_researches/correlation_encoding_and_training/mnist/hpo/single_spk_input_multi_spk_output/hpo_data/hpo_iteration_data/4339499/estimator_1_neuron_5_validation_outputs.npy
2025-05-10 10:16:14,195 - INFO - Waiting for parameters file: /s/ls4/users/selibrin/spiking_researches/correlation_encoding_and_training/mnist/hpo/single_spk_input_multi_spk_output/hpo_data/hpo_iteration_data/4339499/params_1_5.pkl
2025-05-10 10:16:39,225 - INFO - Loaded HPO parameters
2025-05-10 10:16:39,225 - INFO - Preparing datasets...
2025-05-10 10:16:42,336 - INFO - Prepared datasets: 531 train & 1000 validation samples
2025-05-10 10:16:42,341 - INFO - Initializing model...
2025-05-10 10:16:42,343 - INFO - Fitting model...
2025-05-10 10:18:13,724 - INFO - Saved weights to /s/ls4/users/selibrin/spiking_researches/correlation_encoding_and_training/mnist/hpo/single_spk_input_multi_spk_output/hpo_data/hpo_iteration_data/4339499/estimator_1_neuron_5_weights.npy
2025-05-10 10:18:13,725 - INFO - Evaluating model...
2025-05-10 10:21:02,084 - INFO - Saved validation outputs to /s/ls4/users/selibrin/spiking_researches/correlation_encoding_and_training/mnist/hpo/single_spk_input_multi_spk_output/hpo_data/hpo_iteration_data/4339499/estimator_1_neuron_5_validation_outputs.npy
2025-05-10 10:21:02,085 - INFO - Waiting for parameters file: /s/ls4/users/selibrin/spiking_researches/correlation_encoding_and_training/mnist/hpo/single_spk_input_multi_spk_output/hpo_data/hpo_iteration_data/4339499/params_1_5.pkl
2025-05-10 10:21:47,136 - INFO - Loaded HPO parameters
2025-05-10 10:21:47,136 - INFO - Preparing datasets...
2025-05-10 10:21:50,085 - INFO - Prepared datasets: 531 train & 1000 validation samples
2025-05-10 10:21:50,086 - INFO - Initializing model...
2025-05-10 10:21:50,088 - INFO - Fitting model...
2025-05-10 10:23:23,436 - INFO - Saved weights to /s/ls4/users/selibrin/spiking_researches/correlation_encoding_and_training/mnist/hpo/single_spk_input_multi_spk_output/hpo_data/hpo_iteration_data/4339499/estimator_1_neuron_5_weights.npy
2025-05-10 10:23:23,436 - INFO - Evaluating model...
2025-05-10 10:26:12,781 - INFO - Saved validation outputs to /s/ls4/users/selibrin/spiking_researches/correlation_encoding_and_training/mnist/hpo/single_spk_input_multi_spk_output/hpo_data/hpo_iteration_data/4339499/estimator_1_neuron_5_validation_outputs.npy
2025-05-10 10:26:12,781 - INFO - Waiting for parameters file: /s/ls4/users/selibrin/spiking_researches/correlation_encoding_and_training/mnist/hpo/single_spk_input_multi_spk_output/hpo_data/hpo_iteration_data/4339499/params_1_5.pkl
2025-05-10 10:26:52,827 - INFO - Loaded HPO parameters
2025-05-10 10:26:52,827 - INFO - Preparing datasets...
2025-05-10 10:26:55,747 - INFO - Prepared datasets: 1062 train & 1000 validation samples
2025-05-10 10:26:55,752 - INFO - Initializing model...
2025-05-10 10:26:55,755 - INFO - Fitting model...
2025-05-10 10:30:03,172 - INFO - Saved weights to /s/ls4/users/selibrin/spiking_researches/correlation_encoding_and_training/mnist/hpo/single_spk_input_multi_spk_output/hpo_data/hpo_iteration_data/4339499/estimator_1_neuron_5_weights.npy
2025-05-10 10:30:03,173 - INFO - Evaluating model...
2025-05-10 10:32:53,672 - INFO - Saved validation outputs to /s/ls4/users/selibrin/spiking_researches/correlation_encoding_and_training/mnist/hpo/single_spk_input_multi_spk_output/hpo_data/hpo_iteration_data/4339499/estimator_1_neuron_5_validation_outputs.npy
2025-05-10 10:32:53,672 - INFO - Waiting for parameters file: /s/ls4/users/selibrin/spiking_researches/correlation_encoding_and_training/mnist/hpo/single_spk_input_multi_spk_output/hpo_data/hpo_iteration_data/4339499/params_1_5.pkl
2025-05-10 10:33:23,706 - INFO - Loaded HPO parameters
2025-05-10 10:33:23,707 - INFO - Preparing datasets...
2025-05-10 10:33:27,195 - INFO - Prepared datasets: 531 train & 1000 validation samples
2025-05-10 10:33:27,195 - INFO - Initializing model...
2025-05-10 10:33:27,201 - INFO - Fitting model...
2025-05-10 10:35:00,811 - INFO - Saved weights to /s/ls4/users/selibrin/spiking_researches/correlation_encoding_and_training/mnist/hpo/single_spk_input_multi_spk_output/hpo_data/hpo_iteration_data/4339499/estimator_1_neuron_5_weights.npy
2025-05-10 10:35:00,811 - INFO - Evaluating model...
2025-05-10 10:37:51,360 - INFO - Saved validation outputs to /s/ls4/users/selibrin/spiking_researches/correlation_encoding_and_training/mnist/hpo/single_spk_input_multi_spk_output/hpo_data/hpo_iteration_data/4339499/estimator_1_neuron_5_validation_outputs.npy
2025-05-10 10:37:51,361 - INFO - Waiting for parameters file: /s/ls4/users/selibrin/spiking_researches/correlation_encoding_and_training/mnist/hpo/single_spk_input_multi_spk_output/hpo_data/hpo_iteration_data/4339499/params_1_5.pkl
2025-05-10 10:38:31,407 - INFO - Loaded HPO parameters
2025-05-10 10:38:31,408 - INFO - Preparing datasets...
2025-05-10 10:38:34,415 - INFO - Prepared datasets: 531 train & 1000 validation samples
2025-05-10 10:38:34,420 - INFO - Initializing model...
2025-05-10 10:38:34,422 - INFO - Fitting model...
2025-05-10 10:40:08,628 - INFO - Saved weights to /s/ls4/users/selibrin/spiking_researches/correlation_encoding_and_training/mnist/hpo/single_spk_input_multi_spk_output/hpo_data/hpo_iteration_data/4339499/estimator_1_neuron_5_weights.npy
2025-05-10 10:40:08,628 - INFO - Evaluating model...
2025-05-10 10:43:01,062 - INFO - Saved validation outputs to /s/ls4/users/selibrin/spiking_researches/correlation_encoding_and_training/mnist/hpo/single_spk_input_multi_spk_output/hpo_data/hpo_iteration_data/4339499/estimator_1_neuron_5_validation_outputs.npy
2025-05-10 10:43:01,063 - INFO - Waiting for parameters file: /s/ls4/users/selibrin/spiking_researches/correlation_encoding_and_training/mnist/hpo/single_spk_input_multi_spk_output/hpo_data/hpo_iteration_data/4339499/params_1_5.pkl
2025-05-10 10:43:36,103 - INFO - Loaded HPO parameters
2025-05-10 10:43:36,103 - INFO - Preparing datasets...
2025-05-10 10:43:39,085 - INFO - Prepared datasets: 531 train & 1000 validation samples
2025-05-10 10:43:39,086 - INFO - Initializing model...
2025-05-10 10:43:39,088 - INFO - Fitting model...
2025-05-10 10:45:12,562 - INFO - Saved weights to /s/ls4/users/selibrin/spiking_researches/correlation_encoding_and_training/mnist/hpo/single_spk_input_multi_spk_output/hpo_data/hpo_iteration_data/4339499/estimator_1_neuron_5_weights.npy
2025-05-10 10:45:12,562 - INFO - Evaluating model...
2025-05-10 10:48:04,131 - INFO - Saved validation outputs to /s/ls4/users/selibrin/spiking_researches/correlation_encoding_and_training/mnist/hpo/single_spk_input_multi_spk_output/hpo_data/hpo_iteration_data/4339499/estimator_1_neuron_5_validation_outputs.npy
2025-05-10 10:48:04,132 - INFO - Waiting for parameters file: /s/ls4/users/selibrin/spiking_researches/correlation_encoding_and_training/mnist/hpo/single_spk_input_multi_spk_output/hpo_data/hpo_iteration_data/4339499/params_1_5.pkl
2025-05-10 10:48:44,178 - INFO - Loaded HPO parameters
2025-05-10 10:48:44,179 - INFO - Preparing datasets...
2025-05-10 10:48:47,147 - INFO - Prepared datasets: 531 train & 1000 validation samples
2025-05-10 10:48:47,152 - INFO - Initializing model...
2025-05-10 10:48:47,155 - INFO - Fitting model...
2025-05-10 10:50:19,492 - INFO - Saved weights to /s/ls4/users/selibrin/spiking_researches/correlation_encoding_and_training/mnist/hpo/single_spk_input_multi_spk_output/hpo_data/hpo_iteration_data/4339499/estimator_1_neuron_5_weights.npy
2025-05-10 10:50:19,492 - INFO - Evaluating model...
2025-05-10 10:53:07,899 - INFO - Saved validation outputs to /s/ls4/users/selibrin/spiking_researches/correlation_encoding_and_training/mnist/hpo/single_spk_input_multi_spk_output/hpo_data/hpo_iteration_data/4339499/estimator_1_neuron_5_validation_outputs.npy
2025-05-10 10:53:07,900 - INFO - Waiting for parameters file: /s/ls4/users/selibrin/spiking_researches/correlation_encoding_and_training/mnist/hpo/single_spk_input_multi_spk_output/hpo_data/hpo_iteration_data/4339499/params_1_5.pkl
2025-05-10 10:53:47,966 - INFO - Loaded HPO parameters
2025-05-10 10:53:47,966 - INFO - Preparing datasets...
2025-05-10 10:53:51,056 - INFO - Prepared datasets: 531 train & 1000 validation samples
2025-05-10 10:53:51,056 - INFO - Initializing model...
2025-05-10 10:53:51,058 - INFO - Fitting model...
2025-05-10 10:55:24,111 - INFO - Saved weights to /s/ls4/users/selibrin/spiking_researches/correlation_encoding_and_training/mnist/hpo/single_spk_input_multi_spk_output/hpo_data/hpo_iteration_data/4339499/estimator_1_neuron_5_weights.npy
2025-05-10 10:55:24,111 - INFO - Evaluating model...
2025-05-10 10:58:14,528 - INFO - Saved validation outputs to /s/ls4/users/selibrin/spiking_researches/correlation_encoding_and_training/mnist/hpo/single_spk_input_multi_spk_output/hpo_data/hpo_iteration_data/4339499/estimator_1_neuron_5_validation_outputs.npy
2025-05-10 10:58:14,528 - INFO - Waiting for parameters file: /s/ls4/users/selibrin/spiking_researches/correlation_encoding_and_training/mnist/hpo/single_spk_input_multi_spk_output/hpo_data/hpo_iteration_data/4339499/params_1_5.pkl
2025-05-10 10:58:54,574 - INFO - Loaded HPO parameters
2025-05-10 10:58:54,574 - INFO - Preparing datasets...
2025-05-10 10:58:57,603 - INFO - Prepared datasets: 531 train & 1000 validation samples
2025-05-10 10:58:57,603 - INFO - Initializing model...
2025-05-10 10:58:57,606 - INFO - Fitting model...
2025-05-10 11:00:30,961 - INFO - Saved weights to /s/ls4/users/selibrin/spiking_researches/correlation_encoding_and_training/mnist/hpo/single_spk_input_multi_spk_output/hpo_data/hpo_iteration_data/4339499/estimator_1_neuron_5_weights.npy
2025-05-10 11:00:30,961 - INFO - Evaluating model...
2025-05-10 11:03:21,973 - INFO - Saved validation outputs to /s/ls4/users/selibrin/spiking_researches/correlation_encoding_and_training/mnist/hpo/single_spk_input_multi_spk_output/hpo_data/hpo_iteration_data/4339499/estimator_1_neuron_5_validation_outputs.npy
2025-05-10 11:03:21,973 - INFO - Waiting for parameters file: /s/ls4/users/selibrin/spiking_researches/correlation_encoding_and_training/mnist/hpo/single_spk_input_multi_spk_output/hpo_data/hpo_iteration_data/4339499/params_1_5.pkl
2025-05-10 11:03:57,016 - INFO - Loaded HPO parameters
2025-05-10 11:03:57,016 - INFO - Preparing datasets...
2025-05-10 11:04:00,156 - INFO - Prepared datasets: 531 train & 1000 validation samples
2025-05-10 11:04:00,161 - INFO - Initializing model...
2025-05-10 11:04:00,164 - INFO - Fitting model...
2025-05-10 11:05:33,965 - INFO - Saved weights to /s/ls4/users/selibrin/spiking_researches/correlation_encoding_and_training/mnist/hpo/single_spk_input_multi_spk_output/hpo_data/hpo_iteration_data/4339499/estimator_1_neuron_5_weights.npy
2025-05-10 11:05:33,965 - INFO - Evaluating model...
2025-05-10 11:08:24,205 - INFO - Saved validation outputs to /s/ls4/users/selibrin/spiking_researches/correlation_encoding_and_training/mnist/hpo/single_spk_input_multi_spk_output/hpo_data/hpo_iteration_data/4339499/estimator_1_neuron_5_validation_outputs.npy
2025-05-10 11:08:24,205 - INFO - Waiting for parameters file: /s/ls4/users/selibrin/spiking_researches/correlation_encoding_and_training/mnist/hpo/single_spk_input_multi_spk_output/hpo_data/hpo_iteration_data/4339499/params_1_5.pkl
2025-05-10 11:09:04,251 - INFO - Loaded HPO parameters
2025-05-10 11:09:04,251 - INFO - Preparing datasets...
2025-05-10 11:09:07,238 - INFO - Prepared datasets: 531 train & 1000 validation samples
2025-05-10 11:09:07,238 - INFO - Initializing model...
2025-05-10 11:09:07,240 - INFO - Fitting model...
2025-05-10 11:10:40,340 - INFO - Saved weights to /s/ls4/users/selibrin/spiking_researches/correlation_encoding_and_training/mnist/hpo/single_spk_input_multi_spk_output/hpo_data/hpo_iteration_data/4339499/estimator_1_neuron_5_weights.npy
2025-05-10 11:10:40,341 - INFO - Evaluating model...
2025-05-10 11:13:30,609 - INFO - Saved validation outputs to /s/ls4/users/selibrin/spiking_researches/correlation_encoding_and_training/mnist/hpo/single_spk_input_multi_spk_output/hpo_data/hpo_iteration_data/4339499/estimator_1_neuron_5_validation_outputs.npy
2025-05-10 11:13:30,610 - INFO - Waiting for parameters file: /s/ls4/users/selibrin/spiking_researches/correlation_encoding_and_training/mnist/hpo/single_spk_input_multi_spk_output/hpo_data/hpo_iteration_data/4339499/params_1_5.pkl
2025-05-10 11:14:10,656 - INFO - Loaded HPO parameters
2025-05-10 11:14:10,656 - INFO - Preparing datasets...
2025-05-10 11:14:13,883 - INFO - Prepared datasets: 531 train & 1000 validation samples
2025-05-10 11:14:13,888 - INFO - Initializing model...
2025-05-10 11:14:13,890 - INFO - Fitting model...
2025-05-10 11:15:45,271 - INFO - Saved weights to /s/ls4/users/selibrin/spiking_researches/correlation_encoding_and_training/mnist/hpo/single_spk_input_multi_spk_output/hpo_data/hpo_iteration_data/4339499/estimator_1_neuron_5_weights.npy
2025-05-10 11:15:45,271 - INFO - Evaluating model...
2025-05-10 11:18:33,761 - INFO - Saved validation outputs to /s/ls4/users/selibrin/spiking_researches/correlation_encoding_and_training/mnist/hpo/single_spk_input_multi_spk_output/hpo_data/hpo_iteration_data/4339499/estimator_1_neuron_5_validation_outputs.npy
2025-05-10 11:18:33,761 - INFO - Waiting for parameters file: /s/ls4/users/selibrin/spiking_researches/correlation_encoding_and_training/mnist/hpo/single_spk_input_multi_spk_output/hpo_data/hpo_iteration_data/4339499/params_1_5.pkl
2025-05-10 11:19:13,808 - INFO - Loaded HPO parameters
2025-05-10 11:19:13,808 - INFO - Preparing datasets...
2025-05-10 11:19:17,290 - INFO - Prepared datasets: 531 train & 1000 validation samples
2025-05-10 11:19:17,291 - INFO - Initializing model...
2025-05-10 11:19:17,293 - INFO - Fitting model...
2025-05-10 11:20:50,835 - INFO - Saved weights to /s/ls4/users/selibrin/spiking_researches/correlation_encoding_and_training/mnist/hpo/single_spk_input_multi_spk_output/hpo_data/hpo_iteration_data/4339499/estimator_1_neuron_5_weights.npy
2025-05-10 11:20:50,836 - INFO - Evaluating model...
2025-05-10 11:23:42,705 - INFO - Saved validation outputs to /s/ls4/users/selibrin/spiking_researches/correlation_encoding_and_training/mnist/hpo/single_spk_input_multi_spk_output/hpo_data/hpo_iteration_data/4339499/estimator_1_neuron_5_validation_outputs.npy
2025-05-10 11:23:42,706 - INFO - Waiting for parameters file: /s/ls4/users/selibrin/spiking_researches/correlation_encoding_and_training/mnist/hpo/single_spk_input_multi_spk_output/hpo_data/hpo_iteration_data/4339499/params_1_5.pkl
2025-05-10 11:24:22,752 - INFO - Loaded HPO parameters
2025-05-10 11:24:22,752 - INFO - Preparing datasets...
2025-05-10 11:24:25,718 - INFO - Prepared datasets: 531 train & 1000 validation samples
2025-05-10 11:24:25,723 - INFO - Initializing model...
2025-05-10 11:24:25,726 - INFO - Fitting model...
2025-05-10 11:25:59,456 - INFO - Saved weights to /s/ls4/users/selibrin/spiking_researches/correlation_encoding_and_training/mnist/hpo/single_spk_input_multi_spk_output/hpo_data/hpo_iteration_data/4339499/estimator_1_neuron_5_weights.npy
2025-05-10 11:25:59,457 - INFO - Evaluating model...
2025-05-10 11:28:51,569 - INFO - Saved validation outputs to /s/ls4/users/selibrin/spiking_researches/correlation_encoding_and_training/mnist/hpo/single_spk_input_multi_spk_output/hpo_data/hpo_iteration_data/4339499/estimator_1_neuron_5_validation_outputs.npy
2025-05-10 11:28:51,570 - INFO - Waiting for parameters file: /s/ls4/users/selibrin/spiking_researches/correlation_encoding_and_training/mnist/hpo/single_spk_input_multi_spk_output/hpo_data/hpo_iteration_data/4339499/params_1_5.pkl
2025-05-10 11:29:26,611 - INFO - Loaded HPO parameters
2025-05-10 11:29:26,611 - INFO - Preparing datasets...
2025-05-10 11:29:29,621 - INFO - Prepared datasets: 531 train & 1000 validation samples
2025-05-10 11:29:29,621 - INFO - Initializing model...
2025-05-10 11:29:29,624 - INFO - Fitting model...
2025-05-10 11:31:03,180 - INFO - Saved weights to /s/ls4/users/selibrin/spiking_researches/correlation_encoding_and_training/mnist/hpo/single_spk_input_multi_spk_output/hpo_data/hpo_iteration_data/4339499/estimator_1_neuron_5_weights.npy
2025-05-10 11:31:03,180 - INFO - Evaluating model...
2025-05-10 11:33:55,576 - INFO - Saved validation outputs to /s/ls4/users/selibrin/spiking_researches/correlation_encoding_and_training/mnist/hpo/single_spk_input_multi_spk_output/hpo_data/hpo_iteration_data/4339499/estimator_1_neuron_5_validation_outputs.npy
2025-05-10 11:33:55,576 - INFO - Waiting for parameters file: /s/ls4/users/selibrin/spiking_researches/correlation_encoding_and_training/mnist/hpo/single_spk_input_multi_spk_output/hpo_data/hpo_iteration_data/4339499/params_1_5.pkl
2025-05-10 11:34:30,615 - INFO - Loaded HPO parameters
2025-05-10 11:34:30,615 - INFO - Preparing datasets...
2025-05-10 11:34:33,591 - INFO - Prepared datasets: 531 train & 1000 validation samples
2025-05-10 11:34:33,600 - INFO - Initializing model...
2025-05-10 11:34:33,602 - INFO - Fitting model...
2025-05-10 11:36:06,111 - INFO - Saved weights to /s/ls4/users/selibrin/spiking_researches/correlation_encoding_and_training/mnist/hpo/single_spk_input_multi_spk_output/hpo_data/hpo_iteration_data/4339499/estimator_1_neuron_5_weights.npy
2025-05-10 11:36:06,112 - INFO - Evaluating model...
2025-05-10 11:38:59,748 - INFO - Saved validation outputs to /s/ls4/users/selibrin/spiking_researches/correlation_encoding_and_training/mnist/hpo/single_spk_input_multi_spk_output/hpo_data/hpo_iteration_data/4339499/estimator_1_neuron_5_validation_outputs.npy
2025-05-10 11:38:59,748 - INFO - Waiting for parameters file: /s/ls4/users/selibrin/spiking_researches/correlation_encoding_and_training/mnist/hpo/single_spk_input_multi_spk_output/hpo_data/hpo_iteration_data/4339499/params_1_5.pkl
2025-05-10 11:39:34,788 - INFO - Loaded HPO parameters
2025-05-10 11:39:34,788 - INFO - Preparing datasets...
2025-05-10 11:39:37,770 - INFO - Prepared datasets: 531 train & 1000 validation samples
2025-05-10 11:39:37,770 - INFO - Initializing model...
2025-05-10 11:39:37,773 - INFO - Fitting model...
2025-05-10 11:41:09,640 - INFO - Saved weights to /s/ls4/users/selibrin/spiking_researches/correlation_encoding_and_training/mnist/hpo/single_spk_input_multi_spk_output/hpo_data/hpo_iteration_data/4339499/estimator_1_neuron_5_weights.npy
2025-05-10 11:41:09,641 - INFO - Evaluating model...
2025-05-10 11:43:59,315 - INFO - Saved validation outputs to /s/ls4/users/selibrin/spiking_researches/correlation_encoding_and_training/mnist/hpo/single_spk_input_multi_spk_output/hpo_data/hpo_iteration_data/4339499/estimator_1_neuron_5_validation_outputs.npy
2025-05-10 11:43:59,315 - INFO - Waiting for parameters file: /s/ls4/users/selibrin/spiking_researches/correlation_encoding_and_training/mnist/hpo/single_spk_input_multi_spk_output/hpo_data/hpo_iteration_data/4339499/params_1_5.pkl
2025-05-10 11:44:44,366 - INFO - Loaded HPO parameters
2025-05-10 11:44:44,366 - INFO - Preparing datasets...
2025-05-10 11:44:47,598 - INFO - Prepared datasets: 531 train & 1000 validation samples
2025-05-10 11:44:47,608 - INFO - Initializing model...
2025-05-10 11:44:47,609 - INFO - Fitting model...
2025-05-10 11:46:21,959 - INFO - Saved weights to /s/ls4/users/selibrin/spiking_researches/correlation_encoding_and_training/mnist/hpo/single_spk_input_multi_spk_output/hpo_data/hpo_iteration_data/4339499/estimator_1_neuron_5_weights.npy
2025-05-10 11:46:21,960 - INFO - Evaluating model...
2025-05-10 11:49:13,234 - INFO - Saved validation outputs to /s/ls4/users/selibrin/spiking_researches/correlation_encoding_and_training/mnist/hpo/single_spk_input_multi_spk_output/hpo_data/hpo_iteration_data/4339499/estimator_1_neuron_5_validation_outputs.npy
2025-05-10 11:49:13,234 - INFO - Waiting for parameters file: /s/ls4/users/selibrin/spiking_researches/correlation_encoding_and_training/mnist/hpo/single_spk_input_multi_spk_output/hpo_data/hpo_iteration_data/4339499/params_1_5.pkl
2025-05-10 11:49:48,276 - INFO - Loaded HPO parameters
2025-05-10 11:49:48,276 - INFO - Preparing datasets...
2025-05-10 11:49:51,399 - INFO - Prepared datasets: 531 train & 1000 validation samples
2025-05-10 11:49:51,399 - INFO - Initializing model...
2025-05-10 11:49:51,401 - INFO - Fitting model...
2025-05-10 11:51:23,684 - INFO - Saved weights to /s/ls4/users/selibrin/spiking_researches/correlation_encoding_and_training/mnist/hpo/single_spk_input_multi_spk_output/hpo_data/hpo_iteration_data/4339499/estimator_1_neuron_5_weights.npy
2025-05-10 11:51:23,684 - INFO - Evaluating model...
2025-05-10 11:54:15,417 - INFO - Saved validation outputs to /s/ls4/users/selibrin/spiking_researches/correlation_encoding_and_training/mnist/hpo/single_spk_input_multi_spk_output/hpo_data/hpo_iteration_data/4339499/estimator_1_neuron_5_validation_outputs.npy
2025-05-10 11:54:15,418 - INFO - Waiting for parameters file: /s/ls4/users/selibrin/spiking_researches/correlation_encoding_and_training/mnist/hpo/single_spk_input_multi_spk_output/hpo_data/hpo_iteration_data/4339499/params_1_5.pkl
2025-05-10 11:54:55,463 - INFO - Loaded HPO parameters
2025-05-10 11:54:55,464 - INFO - Preparing datasets...
2025-05-10 11:54:58,361 - INFO - Prepared datasets: 265 train & 1000 validation samples
2025-05-10 11:54:58,361 - INFO - Initializing model...
2025-05-10 11:54:58,364 - INFO - Fitting model...
2025-05-10 11:55:45,388 - INFO - Saved weights to /s/ls4/users/selibrin/spiking_researches/correlation_encoding_and_training/mnist/hpo/single_spk_input_multi_spk_output/hpo_data/hpo_iteration_data/4339499/estimator_1_neuron_5_weights.npy
2025-05-10 11:55:45,388 - INFO - Evaluating model...
2025-05-10 11:58:39,149 - INFO - Saved validation outputs to /s/ls4/users/selibrin/spiking_researches/correlation_encoding_and_training/mnist/hpo/single_spk_input_multi_spk_output/hpo_data/hpo_iteration_data/4339499/estimator_1_neuron_5_validation_outputs.npy
2025-05-10 11:58:39,150 - INFO - Waiting for parameters file: /s/ls4/users/selibrin/spiking_researches/correlation_encoding_and_training/mnist/hpo/single_spk_input_multi_spk_output/hpo_data/hpo_iteration_data/4339499/params_1_5.pkl
2025-05-10 11:58:59,174 - INFO - Loaded HPO parameters
2025-05-10 11:58:59,174 - INFO - Preparing datasets...
2025-05-10 11:59:02,085 - INFO - Prepared datasets: 531 train & 1000 validation samples
2025-05-10 11:59:02,094 - INFO - Initializing model...
2025-05-10 11:59:02,096 - INFO - Fitting model...
2025-05-10 12:00:36,866 - INFO - Saved weights to /s/ls4/users/selibrin/spiking_researches/correlation_encoding_and_training/mnist/hpo/single_spk_input_multi_spk_output/hpo_data/hpo_iteration_data/4339499/estimator_1_neuron_5_weights.npy
2025-05-10 12:00:36,866 - INFO - Evaluating model...
2025-05-10 12:03:29,534 - INFO - Saved validation outputs to /s/ls4/users/selibrin/spiking_researches/correlation_encoding_and_training/mnist/hpo/single_spk_input_multi_spk_output/hpo_data/hpo_iteration_data/4339499/estimator_1_neuron_5_validation_outputs.npy
2025-05-10 12:03:29,535 - INFO - Waiting for parameters file: /s/ls4/users/selibrin/spiking_researches/correlation_encoding_and_training/mnist/hpo/single_spk_input_multi_spk_output/hpo_data/hpo_iteration_data/4339499/params_1_5.pkl
2025-05-10 12:04:04,576 - INFO - Loaded HPO parameters
2025-05-10 12:04:04,576 - INFO - Preparing datasets...
2025-05-10 12:04:07,537 - INFO - Prepared datasets: 531 train & 1000 validation samples
2025-05-10 12:04:07,543 - INFO - Initializing model...
2025-05-10 12:04:07,545 - INFO - Fitting model...
2025-05-10 12:05:40,044 - INFO - Saved weights to /s/ls4/users/selibrin/spiking_researches/correlation_encoding_and_training/mnist/hpo/single_spk_input_multi_spk_output/hpo_data/hpo_iteration_data/4339499/estimator_1_neuron_5_weights.npy
2025-05-10 12:05:40,044 - INFO - Evaluating model...
2025-05-10 12:08:31,205 - INFO - Saved validation outputs to /s/ls4/users/selibrin/spiking_researches/correlation_encoding_and_training/mnist/hpo/single_spk_input_multi_spk_output/hpo_data/hpo_iteration_data/4339499/estimator_1_neuron_5_validation_outputs.npy
2025-05-10 12:08:31,205 - INFO - Waiting for parameters file: /s/ls4/users/selibrin/spiking_researches/correlation_encoding_and_training/mnist/hpo/single_spk_input_multi_spk_output/hpo_data/hpo_iteration_data/4339499/params_1_5.pkl
2025-05-10 12:09:11,252 - INFO - Loaded HPO parameters
2025-05-10 12:09:11,252 - INFO - Preparing datasets...
2025-05-10 12:09:14,233 - INFO - Prepared datasets: 531 train & 1000 validation samples
2025-05-10 12:09:14,233 - INFO - Initializing model...
2025-05-10 12:09:14,236 - INFO - Fitting model...
2025-05-10 12:10:48,839 - INFO - Saved weights to /s/ls4/users/selibrin/spiking_researches/correlation_encoding_and_training/mnist/hpo/single_spk_input_multi_spk_output/hpo_data/hpo_iteration_data/4339499/estimator_1_neuron_5_weights.npy
2025-05-10 12:10:48,840 - INFO - Evaluating model...
2025-05-10 12:13:41,646 - INFO - Saved validation outputs to /s/ls4/users/selibrin/spiking_researches/correlation_encoding_and_training/mnist/hpo/single_spk_input_multi_spk_output/hpo_data/hpo_iteration_data/4339499/estimator_1_neuron_5_validation_outputs.npy
2025-05-10 12:13:41,646 - INFO - Waiting for parameters file: /s/ls4/users/selibrin/spiking_researches/correlation_encoding_and_training/mnist/hpo/single_spk_input_multi_spk_output/hpo_data/hpo_iteration_data/4339499/params_1_5.pkl
2025-05-10 12:14:16,687 - INFO - Loaded HPO parameters
2025-05-10 12:14:16,687 - INFO - Preparing datasets...
2025-05-10 12:14:19,673 - INFO - Prepared datasets: 531 train & 1000 validation samples
2025-05-10 12:14:19,673 - INFO - Initializing model...
2025-05-10 12:14:19,675 - INFO - Fitting model...
2025-05-10 12:15:55,574 - INFO - Saved weights to /s/ls4/users/selibrin/spiking_researches/correlation_encoding_and_training/mnist/hpo/single_spk_input_multi_spk_output/hpo_data/hpo_iteration_data/4339499/estimator_1_neuron_5_weights.npy
2025-05-10 12:15:55,574 - INFO - Evaluating model...
2025-05-10 12:18:48,974 - INFO - Saved validation outputs to /s/ls4/users/selibrin/spiking_researches/correlation_encoding_and_training/mnist/hpo/single_spk_input_multi_spk_output/hpo_data/hpo_iteration_data/4339499/estimator_1_neuron_5_validation_outputs.npy
2025-05-10 12:18:48,974 - INFO - Waiting for parameters file: /s/ls4/users/selibrin/spiking_researches/correlation_encoding_and_training/mnist/hpo/single_spk_input_multi_spk_output/hpo_data/hpo_iteration_data/4339499/params_1_5.pkl
2025-05-10 12:19:19,010 - INFO - Loaded HPO parameters
2025-05-10 12:19:19,010 - INFO - Preparing datasets...
2025-05-10 12:19:22,164 - INFO - Prepared datasets: 1062 train & 1000 validation samples
2025-05-10 12:19:22,164 - INFO - Initializing model...
2025-05-10 12:19:22,166 - INFO - Fitting model...
2025-05-10 12:22:30,077 - INFO - Saved weights to /s/ls4/users/selibrin/spiking_researches/correlation_encoding_and_training/mnist/hpo/single_spk_input_multi_spk_output/hpo_data/hpo_iteration_data/4339499/estimator_1_neuron_5_weights.npy
2025-05-10 12:22:30,077 - INFO - Evaluating model...
2025-05-10 12:25:21,437 - INFO - Saved validation outputs to /s/ls4/users/selibrin/spiking_researches/correlation_encoding_and_training/mnist/hpo/single_spk_input_multi_spk_output/hpo_data/hpo_iteration_data/4339499/estimator_1_neuron_5_validation_outputs.npy
2025-05-10 12:25:21,438 - INFO - Waiting for parameters file: /s/ls4/users/selibrin/spiking_researches/correlation_encoding_and_training/mnist/hpo/single_spk_input_multi_spk_output/hpo_data/hpo_iteration_data/4339499/params_1_5.pkl
2025-05-10 12:26:26,511 - INFO - Loaded HPO parameters
2025-05-10 12:26:26,511 - INFO - Preparing datasets...
2025-05-10 12:26:29,475 - INFO - Prepared datasets: 531 train & 1000 validation samples
2025-05-10 12:26:29,475 - INFO - Initializing model...
2025-05-10 12:26:29,477 - INFO - Fitting model...
2025-05-10 12:28:05,653 - INFO - Saved weights to /s/ls4/users/selibrin/spiking_researches/correlation_encoding_and_training/mnist/hpo/single_spk_input_multi_spk_output/hpo_data/hpo_iteration_data/4339499/estimator_1_neuron_5_weights.npy
2025-05-10 12:28:05,653 - INFO - Evaluating model...
2025-05-10 12:31:00,957 - INFO - Saved validation outputs to /s/ls4/users/selibrin/spiking_researches/correlation_encoding_and_training/mnist/hpo/single_spk_input_multi_spk_output/hpo_data/hpo_iteration_data/4339499/estimator_1_neuron_5_validation_outputs.npy
2025-05-10 12:31:00,958 - INFO - Waiting for parameters file: /s/ls4/users/selibrin/spiking_researches/correlation_encoding_and_training/mnist/hpo/single_spk_input_multi_spk_output/hpo_data/hpo_iteration_data/4339499/params_1_5.pkl
2025-05-10 12:31:30,993 - INFO - Loaded HPO parameters
2025-05-10 12:31:30,993 - INFO - Preparing datasets...
2025-05-10 12:31:34,208 - INFO - Prepared datasets: 265 train & 1000 validation samples
2025-05-10 12:31:34,208 - INFO - Initializing model...
2025-05-10 12:31:34,211 - INFO - Fitting model...
2025-05-10 12:32:21,105 - INFO - Saved weights to /s/ls4/users/selibrin/spiking_researches/correlation_encoding_and_training/mnist/hpo/single_spk_input_multi_spk_output/hpo_data/hpo_iteration_data/4339499/estimator_1_neuron_5_weights.npy
2025-05-10 12:32:21,106 - INFO - Evaluating model...
2025-05-10 12:35:13,947 - INFO - Saved validation outputs to /s/ls4/users/selibrin/spiking_researches/correlation_encoding_and_training/mnist/hpo/single_spk_input_multi_spk_output/hpo_data/hpo_iteration_data/4339499/estimator_1_neuron_5_validation_outputs.npy
2025-05-10 12:35:13,947 - INFO - Waiting for parameters file: /s/ls4/users/selibrin/spiking_researches/correlation_encoding_and_training/mnist/hpo/single_spk_input_multi_spk_output/hpo_data/hpo_iteration_data/4339499/params_1_5.pkl
2025-05-10 12:35:38,978 - INFO - Loaded HPO parameters
2025-05-10 12:35:38,979 - INFO - Preparing datasets...
2025-05-10 12:35:41,954 - INFO - Prepared datasets: 531 train & 1000 validation samples
2025-05-10 12:35:41,954 - INFO - Initializing model...
2025-05-10 12:35:41,956 - INFO - Fitting model...
2025-05-10 12:37:16,383 - INFO - Saved weights to /s/ls4/users/selibrin/spiking_researches/correlation_encoding_and_training/mnist/hpo/single_spk_input_multi_spk_output/hpo_data/hpo_iteration_data/4339499/estimator_1_neuron_5_weights.npy
2025-05-10 12:37:16,384 - INFO - Evaluating model...
2025-05-10 12:40:12,212 - INFO - Saved validation outputs to /s/ls4/users/selibrin/spiking_researches/correlation_encoding_and_training/mnist/hpo/single_spk_input_multi_spk_output/hpo_data/hpo_iteration_data/4339499/estimator_1_neuron_5_validation_outputs.npy
2025-05-10 12:40:12,213 - INFO - Waiting for parameters file: /s/ls4/users/selibrin/spiking_researches/correlation_encoding_and_training/mnist/hpo/single_spk_input_multi_spk_output/hpo_data/hpo_iteration_data/4339499/params_1_5.pkl
2025-05-10 12:40:42,249 - INFO - Loaded HPO parameters
2025-05-10 12:40:42,249 - INFO - Preparing datasets...
2025-05-10 12:40:45,278 - INFO - Prepared datasets: 531 train & 1000 validation samples
2025-05-10 12:40:45,278 - INFO - Initializing model...
2025-05-10 12:40:45,280 - INFO - Fitting model...
2025-05-10 12:42:18,876 - INFO - Saved weights to /s/ls4/users/selibrin/spiking_researches/correlation_encoding_and_training/mnist/hpo/single_spk_input_multi_spk_output/hpo_data/hpo_iteration_data/4339499/estimator_1_neuron_5_weights.npy
2025-05-10 12:42:18,876 - INFO - Evaluating model...
2025-05-10 12:45:14,674 - INFO - Saved validation outputs to /s/ls4/users/selibrin/spiking_researches/correlation_encoding_and_training/mnist/hpo/single_spk_input_multi_spk_output/hpo_data/hpo_iteration_data/4339499/estimator_1_neuron_5_validation_outputs.npy
2025-05-10 12:45:14,674 - INFO - Waiting for parameters file: /s/ls4/users/selibrin/spiking_researches/correlation_encoding_and_training/mnist/hpo/single_spk_input_multi_spk_output/hpo_data/hpo_iteration_data/4339499/params_1_5.pkl
2025-05-10 12:45:49,715 - INFO - Loaded HPO parameters
2025-05-10 12:45:49,715 - INFO - Preparing datasets...
2025-05-10 12:45:52,910 - INFO - Prepared datasets: 531 train & 1000 validation samples
2025-05-10 12:45:52,911 - INFO - Initializing model...
2025-05-10 12:45:52,913 - INFO - Fitting model...
2025-05-10 12:47:26,126 - INFO - Saved weights to /s/ls4/users/selibrin/spiking_researches/correlation_encoding_and_training/mnist/hpo/single_spk_input_multi_spk_output/hpo_data/hpo_iteration_data/4339499/estimator_1_neuron_5_weights.npy
2025-05-10 12:47:26,126 - INFO - Evaluating model...
2025-05-10 12:50:19,442 - INFO - Saved validation outputs to /s/ls4/users/selibrin/spiking_researches/correlation_encoding_and_training/mnist/hpo/single_spk_input_multi_spk_output/hpo_data/hpo_iteration_data/4339499/estimator_1_neuron_5_validation_outputs.npy
2025-05-10 12:50:19,442 - INFO - Waiting for parameters file: /s/ls4/users/selibrin/spiking_researches/correlation_encoding_and_training/mnist/hpo/single_spk_input_multi_spk_output/hpo_data/hpo_iteration_data/4339499/params_1_5.pkl
2025-05-10 12:50:54,483 - INFO - Loaded HPO parameters
2025-05-10 12:50:54,484 - INFO - Preparing datasets...
2025-05-10 12:50:57,517 - INFO - Prepared datasets: 1062 train & 1000 validation samples
2025-05-10 12:50:57,518 - INFO - Initializing model...
2025-05-10 12:50:57,520 - INFO - Fitting model...
2025-05-10 12:54:06,273 - INFO - Saved weights to /s/ls4/users/selibrin/spiking_researches/correlation_encoding_and_training/mnist/hpo/single_spk_input_multi_spk_output/hpo_data/hpo_iteration_data/4339499/estimator_1_neuron_5_weights.npy
2025-05-10 12:54:06,274 - INFO - Evaluating model...
2025-05-10 12:57:01,256 - INFO - Saved validation outputs to /s/ls4/users/selibrin/spiking_researches/correlation_encoding_and_training/mnist/hpo/single_spk_input_multi_spk_output/hpo_data/hpo_iteration_data/4339499/estimator_1_neuron_5_validation_outputs.npy
2025-05-10 12:57:01,257 - INFO - Waiting for parameters file: /s/ls4/users/selibrin/spiking_researches/correlation_encoding_and_training/mnist/hpo/single_spk_input_multi_spk_output/hpo_data/hpo_iteration_data/4339499/params_1_5.pkl
2025-05-10 12:57:56,315 - INFO - Loaded HPO parameters
2025-05-10 12:57:56,316 - INFO - Preparing datasets...
2025-05-10 12:57:59,632 - INFO - Prepared datasets: 531 train & 1000 validation samples
2025-05-10 12:57:59,633 - INFO - Initializing model...
2025-05-10 12:57:59,636 - INFO - Fitting model...
2025-05-10 12:59:35,547 - INFO - Saved weights to /s/ls4/users/selibrin/spiking_researches/correlation_encoding_and_training/mnist/hpo/single_spk_input_multi_spk_output/hpo_data/hpo_iteration_data/4339499/estimator_1_neuron_5_weights.npy
2025-05-10 12:59:35,547 - INFO - Evaluating model...
2025-05-10 13:02:31,249 - INFO - Saved validation outputs to /s/ls4/users/selibrin/spiking_researches/correlation_encoding_and_training/mnist/hpo/single_spk_input_multi_spk_output/hpo_data/hpo_iteration_data/4339499/estimator_1_neuron_5_validation_outputs.npy
2025-05-10 13:02:31,249 - INFO - Waiting for parameters file: /s/ls4/users/selibrin/spiking_researches/correlation_encoding_and_training/mnist/hpo/single_spk_input_multi_spk_output/hpo_data/hpo_iteration_data/4339499/params_1_5.pkl
2025-05-10 13:03:06,341 - INFO - Loaded HPO parameters
2025-05-10 13:03:06,341 - INFO - Preparing datasets...
2025-05-10 13:03:09,331 - INFO - Prepared datasets: 531 train & 1000 validation samples
2025-05-10 13:03:09,332 - INFO - Initializing model...
2025-05-10 13:03:09,334 - INFO - Fitting model...
2025-05-10 13:04:42,217 - INFO - Saved weights to /s/ls4/users/selibrin/spiking_researches/correlation_encoding_and_training/mnist/hpo/single_spk_input_multi_spk_output/hpo_data/hpo_iteration_data/4339499/estimator_1_neuron_5_weights.npy
2025-05-10 13:04:42,217 - INFO - Evaluating model...
2025-05-10 13:07:36,557 - INFO - Saved validation outputs to /s/ls4/users/selibrin/spiking_researches/correlation_encoding_and_training/mnist/hpo/single_spk_input_multi_spk_output/hpo_data/hpo_iteration_data/4339499/estimator_1_neuron_5_validation_outputs.npy
2025-05-10 13:07:36,557 - INFO - Waiting for parameters file: /s/ls4/users/selibrin/spiking_researches/correlation_encoding_and_training/mnist/hpo/single_spk_input_multi_spk_output/hpo_data/hpo_iteration_data/4339499/params_1_5.pkl
2025-05-10 13:08:11,598 - INFO - Loaded HPO parameters
2025-05-10 13:08:11,598 - INFO - Preparing datasets...
2025-05-10 13:08:14,545 - INFO - Prepared datasets: 265 train & 1000 validation samples
2025-05-10 13:08:14,546 - INFO - Initializing model...
2025-05-10 13:08:14,548 - INFO - Fitting model...
2025-05-10 13:09:01,480 - INFO - Saved weights to /s/ls4/users/selibrin/spiking_researches/correlation_encoding_and_training/mnist/hpo/single_spk_input_multi_spk_output/hpo_data/hpo_iteration_data/4339499/estimator_1_neuron_5_weights.npy
2025-05-10 13:09:01,480 - INFO - Evaluating model...
2025-05-10 13:11:53,548 - INFO - Saved validation outputs to /s/ls4/users/selibrin/spiking_researches/correlation_encoding_and_training/mnist/hpo/single_spk_input_multi_spk_output/hpo_data/hpo_iteration_data/4339499/estimator_1_neuron_5_validation_outputs.npy
2025-05-10 13:11:53,548 - INFO - Waiting for parameters file: /s/ls4/users/selibrin/spiking_researches/correlation_encoding_and_training/mnist/hpo/single_spk_input_multi_spk_output/hpo_data/hpo_iteration_data/4339499/params_1_5.pkl
2025-05-10 13:12:13,574 - INFO - Loaded HPO parameters
2025-05-10 13:12:13,574 - INFO - Preparing datasets...
2025-05-10 13:12:16,541 - INFO - Prepared datasets: 531 train & 1000 validation samples
2025-05-10 13:12:16,542 - INFO - Initializing model...
2025-05-10 13:12:16,544 - INFO - Fitting model...
2025-05-10 13:13:48,959 - INFO - Saved weights to /s/ls4/users/selibrin/spiking_researches/correlation_encoding_and_training/mnist/hpo/single_spk_input_multi_spk_output/hpo_data/hpo_iteration_data/4339499/estimator_1_neuron_5_weights.npy
2025-05-10 13:13:48,959 - INFO - Evaluating model...
2025-05-10 13:16:40,933 - INFO - Saved validation outputs to /s/ls4/users/selibrin/spiking_researches/correlation_encoding_and_training/mnist/hpo/single_spk_input_multi_spk_output/hpo_data/hpo_iteration_data/4339499/estimator_1_neuron_5_validation_outputs.npy
2025-05-10 13:16:40,933 - INFO - Waiting for parameters file: /s/ls4/users/selibrin/spiking_researches/correlation_encoding_and_training/mnist/hpo/single_spk_input_multi_spk_output/hpo_data/hpo_iteration_data/4339499/params_1_5.pkl
2025-05-10 13:17:20,980 - INFO - Loaded HPO parameters
2025-05-10 13:17:20,980 - INFO - Preparing datasets...
2025-05-10 13:17:23,961 - INFO - Prepared datasets: 531 train & 1000 validation samples
2025-05-10 13:17:23,962 - INFO - Initializing model...
2025-05-10 13:17:23,964 - INFO - Fitting model...
2025-05-10 13:18:57,406 - INFO - Saved weights to /s/ls4/users/selibrin/spiking_researches/correlation_encoding_and_training/mnist/hpo/single_spk_input_multi_spk_output/hpo_data/hpo_iteration_data/4339499/estimator_1_neuron_5_weights.npy
2025-05-10 13:18:57,407 - INFO - Evaluating model...
2025-05-10 13:21:51,840 - INFO - Saved validation outputs to /s/ls4/users/selibrin/spiking_researches/correlation_encoding_and_training/mnist/hpo/single_spk_input_multi_spk_output/hpo_data/hpo_iteration_data/4339499/estimator_1_neuron_5_validation_outputs.npy
2025-05-10 13:21:51,840 - INFO - Waiting for parameters file: /s/ls4/users/selibrin/spiking_researches/correlation_encoding_and_training/mnist/hpo/single_spk_input_multi_spk_output/hpo_data/hpo_iteration_data/4339499/params_1_5.pkl
2025-05-10 13:22:26,881 - INFO - Loaded HPO parameters
2025-05-10 13:22:26,881 - INFO - Preparing datasets...
2025-05-10 13:22:29,871 - INFO - Prepared datasets: 1062 train & 1000 validation samples
2025-05-10 13:22:29,871 - INFO - Initializing model...
2025-05-10 13:22:29,874 - INFO - Fitting model...
2025-05-10 13:25:37,488 - INFO - Saved weights to /s/ls4/users/selibrin/spiking_researches/correlation_encoding_and_training/mnist/hpo/single_spk_input_multi_spk_output/hpo_data/hpo_iteration_data/4339499/estimator_1_neuron_5_weights.npy
2025-05-10 13:25:37,488 - INFO - Evaluating model...
2025-05-10 13:28:30,845 - INFO - Saved validation outputs to /s/ls4/users/selibrin/spiking_researches/correlation_encoding_and_training/mnist/hpo/single_spk_input_multi_spk_output/hpo_data/hpo_iteration_data/4339499/estimator_1_neuron_5_validation_outputs.npy
2025-05-10 13:28:30,845 - INFO - Waiting for parameters file: /s/ls4/users/selibrin/spiking_researches/correlation_encoding_and_training/mnist/hpo/single_spk_input_multi_spk_output/hpo_data/hpo_iteration_data/4339499/params_1_5.pkl
2025-05-10 13:29:30,913 - INFO - Loaded HPO parameters
2025-05-10 13:29:30,913 - INFO - Preparing datasets...
2025-05-10 13:29:34,182 - INFO - Prepared datasets: 531 train & 1000 validation samples
2025-05-10 13:29:34,183 - INFO - Initializing model...
2025-05-10 13:29:34,186 - INFO - Fitting model...
2025-05-10 13:31:08,785 - INFO - Saved weights to /s/ls4/users/selibrin/spiking_researches/correlation_encoding_and_training/mnist/hpo/single_spk_input_multi_spk_output/hpo_data/hpo_iteration_data/4339499/estimator_1_neuron_5_weights.npy
2025-05-10 13:31:08,785 - INFO - Evaluating model...
2025-05-10 13:34:04,966 - INFO - Saved validation outputs to /s/ls4/users/selibrin/spiking_researches/correlation_encoding_and_training/mnist/hpo/single_spk_input_multi_spk_output/hpo_data/hpo_iteration_data/4339499/estimator_1_neuron_5_validation_outputs.npy
2025-05-10 13:34:04,966 - INFO - Waiting for parameters file: /s/ls4/users/selibrin/spiking_researches/correlation_encoding_and_training/mnist/hpo/single_spk_input_multi_spk_output/hpo_data/hpo_iteration_data/4339499/params_1_5.pkl
2025-05-10 13:34:35,002 - INFO - Loaded HPO parameters
2025-05-10 13:34:35,002 - INFO - Preparing datasets...
2025-05-10 13:34:37,989 - INFO - Prepared datasets: 531 train & 1000 validation samples
2025-05-10 13:34:37,990 - INFO - Initializing model...
2025-05-10 13:34:37,992 - INFO - Fitting model...
2025-05-10 13:36:13,431 - INFO - Saved weights to /s/ls4/users/selibrin/spiking_researches/correlation_encoding_and_training/mnist/hpo/single_spk_input_multi_spk_output/hpo_data/hpo_iteration_data/4339499/estimator_1_neuron_5_weights.npy
2025-05-10 13:36:13,431 - INFO - Evaluating model...
2025-05-10 13:39:11,855 - INFO - Saved validation outputs to /s/ls4/users/selibrin/spiking_researches/correlation_encoding_and_training/mnist/hpo/single_spk_input_multi_spk_output/hpo_data/hpo_iteration_data/4339499/estimator_1_neuron_5_validation_outputs.npy
2025-05-10 13:39:11,856 - INFO - Waiting for parameters file: /s/ls4/users/selibrin/spiking_researches/correlation_encoding_and_training/mnist/hpo/single_spk_input_multi_spk_output/hpo_data/hpo_iteration_data/4339499/params_1_5.pkl
2025-05-10 13:39:41,892 - INFO - Loaded HPO parameters
2025-05-10 13:39:41,892 - INFO - Preparing datasets...
2025-05-10 13:39:44,879 - INFO - Prepared datasets: 265 train & 1000 validation samples
2025-05-10 13:39:44,879 - INFO - Initializing model...
2025-05-10 13:39:44,882 - INFO - Fitting model...
2025-05-10 13:40:32,174 - INFO - Saved weights to /s/ls4/users/selibrin/spiking_researches/correlation_encoding_and_training/mnist/hpo/single_spk_input_multi_spk_output/hpo_data/hpo_iteration_data/4339499/estimator_1_neuron_5_weights.npy
2025-05-10 13:40:32,174 - INFO - Evaluating model...
2025-05-10 13:43:26,123 - INFO - Saved validation outputs to /s/ls4/users/selibrin/spiking_researches/correlation_encoding_and_training/mnist/hpo/single_spk_input_multi_spk_output/hpo_data/hpo_iteration_data/4339499/estimator_1_neuron_5_validation_outputs.npy
2025-05-10 13:43:26,124 - INFO - Waiting for parameters file: /s/ls4/users/selibrin/spiking_researches/correlation_encoding_and_training/mnist/hpo/single_spk_input_multi_spk_output/hpo_data/hpo_iteration_data/4339499/params_1_5.pkl
2025-05-10 13:43:46,150 - INFO - Loaded HPO parameters
2025-05-10 13:43:46,150 - INFO - Preparing datasets...
2025-05-10 13:43:49,563 - INFO - Prepared datasets: 531 train & 1000 validation samples
2025-05-10 13:43:49,563 - INFO - Initializing model...
2025-05-10 13:43:49,566 - INFO - Fitting model...
2025-05-10 13:45:23,250 - INFO - Saved weights to /s/ls4/users/selibrin/spiking_researches/correlation_encoding_and_training/mnist/hpo/single_spk_input_multi_spk_output/hpo_data/hpo_iteration_data/4339499/estimator_1_neuron_5_weights.npy
2025-05-10 13:45:23,250 - INFO - Evaluating model...
2025-05-10 13:48:20,575 - INFO - Saved validation outputs to /s/ls4/users/selibrin/spiking_researches/correlation_encoding_and_training/mnist/hpo/single_spk_input_multi_spk_output/hpo_data/hpo_iteration_data/4339499/estimator_1_neuron_5_validation_outputs.npy
2025-05-10 13:48:20,575 - INFO - Waiting for parameters file: /s/ls4/users/selibrin/spiking_researches/correlation_encoding_and_training/mnist/hpo/single_spk_input_multi_spk_output/hpo_data/hpo_iteration_data/4339499/params_1_5.pkl
2025-05-10 13:48:55,615 - INFO - Loaded HPO parameters
2025-05-10 13:48:55,615 - INFO - Preparing datasets...
2025-05-10 13:48:58,624 - INFO - Prepared datasets: 531 train & 1000 validation samples
2025-05-10 13:48:58,625 - INFO - Initializing model...
2025-05-10 13:48:58,628 - INFO - Fitting model...
2025-05-10 13:50:33,447 - INFO - Saved weights to /s/ls4/users/selibrin/spiking_researches/correlation_encoding_and_training/mnist/hpo/single_spk_input_multi_spk_output/hpo_data/hpo_iteration_data/4339499/estimator_1_neuron_5_weights.npy
2025-05-10 13:50:33,447 - INFO - Evaluating model...
2025-05-10 13:53:27,600 - INFO - Saved validation outputs to /s/ls4/users/selibrin/spiking_researches/correlation_encoding_and_training/mnist/hpo/single_spk_input_multi_spk_output/hpo_data/hpo_iteration_data/4339499/estimator_1_neuron_5_validation_outputs.npy
2025-05-10 13:53:27,601 - INFO - Waiting for parameters file: /s/ls4/users/selibrin/spiking_researches/correlation_encoding_and_training/mnist/hpo/single_spk_input_multi_spk_output/hpo_data/hpo_iteration_data/4339499/params_1_5.pkl
2025-05-10 13:53:57,635 - INFO - Loaded HPO parameters
2025-05-10 13:53:57,635 - INFO - Preparing datasets...
2025-05-10 13:54:00,744 - INFO - Prepared datasets: 531 train & 1000 validation samples
2025-05-10 13:54:00,752 - INFO - Initializing model...
2025-05-10 13:54:00,758 - INFO - Fitting model...
2025-05-10 13:55:35,004 - INFO - Saved weights to /s/ls4/users/selibrin/spiking_researches/correlation_encoding_and_training/mnist/hpo/single_spk_input_multi_spk_output/hpo_data/hpo_iteration_data/4339499/estimator_1_neuron_5_weights.npy
2025-05-10 13:55:35,004 - INFO - Evaluating model...
2025-05-10 13:58:31,448 - INFO - Saved validation outputs to /s/ls4/users/selibrin/spiking_researches/correlation_encoding_and_training/mnist/hpo/single_spk_input_multi_spk_output/hpo_data/hpo_iteration_data/4339499/estimator_1_neuron_5_validation_outputs.npy
2025-05-10 13:58:31,448 - INFO - Waiting for parameters file: /s/ls4/users/selibrin/spiking_researches/correlation_encoding_and_training/mnist/hpo/single_spk_input_multi_spk_output/hpo_data/hpo_iteration_data/4339499/params_1_5.pkl
2025-05-10 13:59:06,485 - INFO - Loaded HPO parameters
2025-05-10 13:59:06,486 - INFO - Preparing datasets...
2025-05-10 13:59:09,519 - INFO - Prepared datasets: 1062 train & 1000 validation samples
2025-05-10 13:59:09,520 - INFO - Initializing model...
2025-05-10 13:59:09,522 - INFO - Fitting model...
2025-05-10 14:02:18,470 - INFO - Saved weights to /s/ls4/users/selibrin/spiking_researches/correlation_encoding_and_training/mnist/hpo/single_spk_input_multi_spk_output/hpo_data/hpo_iteration_data/4339499/estimator_1_neuron_5_weights.npy
2025-05-10 14:02:18,471 - INFO - Evaluating model...
2025-05-10 14:05:12,711 - INFO - Saved validation outputs to /s/ls4/users/selibrin/spiking_researches/correlation_encoding_and_training/mnist/hpo/single_spk_input_multi_spk_output/hpo_data/hpo_iteration_data/4339499/estimator_1_neuron_5_validation_outputs.npy
2025-05-10 14:05:12,712 - INFO - Waiting for parameters file: /s/ls4/users/selibrin/spiking_researches/correlation_encoding_and_training/mnist/hpo/single_spk_input_multi_spk_output/hpo_data/hpo_iteration_data/4339499/params_1_5.pkl
2025-05-10 14:06:07,768 - INFO - Loaded HPO parameters
2025-05-10 14:06:07,768 - INFO - Preparing datasets...
2025-05-10 14:06:10,771 - INFO - Prepared datasets: 531 train & 1000 validation samples
2025-05-10 14:06:10,772 - INFO - Initializing model...
2025-05-10 14:06:10,774 - INFO - Fitting model...
2025-05-10 14:07:45,324 - INFO - Saved weights to /s/ls4/users/selibrin/spiking_researches/correlation_encoding_and_training/mnist/hpo/single_spk_input_multi_spk_output/hpo_data/hpo_iteration_data/4339499/estimator_1_neuron_5_weights.npy
2025-05-10 14:07:45,324 - INFO - Evaluating model...
2025-05-10 14:10:40,204 - INFO - Saved validation outputs to /s/ls4/users/selibrin/spiking_researches/correlation_encoding_and_training/mnist/hpo/single_spk_input_multi_spk_output/hpo_data/hpo_iteration_data/4339499/estimator_1_neuron_5_validation_outputs.npy
2025-05-10 14:10:40,205 - INFO - Waiting for parameters file: /s/ls4/users/selibrin/spiking_researches/correlation_encoding_and_training/mnist/hpo/single_spk_input_multi_spk_output/hpo_data/hpo_iteration_data/4339499/params_1_5.pkl
2025-05-10 14:11:15,281 - INFO - Loaded HPO parameters
2025-05-10 14:11:15,281 - INFO - Preparing datasets...
2025-05-10 14:11:18,514 - INFO - Prepared datasets: 531 train & 1000 validation samples
2025-05-10 14:11:18,515 - INFO - Initializing model...
2025-05-10 14:11:18,517 - INFO - Fitting model...
2025-05-10 14:12:53,706 - INFO - Saved weights to /s/ls4/users/selibrin/spiking_researches/correlation_encoding_and_training/mnist/hpo/single_spk_input_multi_spk_output/hpo_data/hpo_iteration_data/4339499/estimator_1_neuron_5_weights.npy
2025-05-10 14:12:53,706 - INFO - Evaluating model...
2025-05-10 14:15:51,480 - INFO - Saved validation outputs to /s/ls4/users/selibrin/spiking_researches/correlation_encoding_and_training/mnist/hpo/single_spk_input_multi_spk_output/hpo_data/hpo_iteration_data/4339499/estimator_1_neuron_5_validation_outputs.npy
2025-05-10 14:15:51,480 - INFO - Waiting for parameters file: /s/ls4/users/selibrin/spiking_researches/correlation_encoding_and_training/mnist/hpo/single_spk_input_multi_spk_output/hpo_data/hpo_iteration_data/4339499/params_1_5.pkl
2025-05-10 14:16:21,532 - INFO - Loaded HPO parameters
2025-05-10 14:16:21,533 - INFO - Preparing datasets...
2025-05-10 14:16:24,559 - INFO - Prepared datasets: 531 train & 1000 validation samples
2025-05-10 14:16:24,559 - INFO - Initializing model...
2025-05-10 14:16:24,561 - INFO - Fitting model...
2025-05-10 14:17:59,938 - INFO - Saved weights to /s/ls4/users/selibrin/spiking_researches/correlation_encoding_and_training/mnist/hpo/single_spk_input_multi_spk_output/hpo_data/hpo_iteration_data/4339499/estimator_1_neuron_5_weights.npy
2025-05-10 14:17:59,938 - INFO - Evaluating model...
2025-05-10 14:20:56,336 - INFO - Saved validation outputs to /s/ls4/users/selibrin/spiking_researches/correlation_encoding_and_training/mnist/hpo/single_spk_input_multi_spk_output/hpo_data/hpo_iteration_data/4339499/estimator_1_neuron_5_validation_outputs.npy
2025-05-10 14:20:56,336 - INFO - Waiting for parameters file: /s/ls4/users/selibrin/spiking_researches/correlation_encoding_and_training/mnist/hpo/single_spk_input_multi_spk_output/hpo_data/hpo_iteration_data/4339499/params_1_5.pkl
2025-05-10 14:21:26,373 - INFO - Loaded HPO parameters
2025-05-10 14:21:26,373 - INFO - Preparing datasets...
2025-05-10 14:21:29,346 - INFO - Prepared datasets: 265 train & 1000 validation samples
2025-05-10 14:21:29,346 - INFO - Initializing model...
2025-05-10 14:21:29,349 - INFO - Fitting model...
2025-05-10 14:22:17,357 - INFO - Saved weights to /s/ls4/users/selibrin/spiking_researches/correlation_encoding_and_training/mnist/hpo/single_spk_input_multi_spk_output/hpo_data/hpo_iteration_data/4339499/estimator_1_neuron_5_weights.npy
2025-05-10 14:22:17,357 - INFO - Evaluating model...
2025-05-10 14:25:13,771 - INFO - Saved validation outputs to /s/ls4/users/selibrin/spiking_researches/correlation_encoding_and_training/mnist/hpo/single_spk_input_multi_spk_output/hpo_data/hpo_iteration_data/4339499/estimator_1_neuron_5_validation_outputs.npy
2025-05-10 14:25:13,772 - INFO - Waiting for parameters file: /s/ls4/users/selibrin/spiking_researches/correlation_encoding_and_training/mnist/hpo/single_spk_input_multi_spk_output/hpo_data/hpo_iteration_data/4339499/params_1_5.pkl
2025-05-10 14:25:58,822 - INFO - Loaded HPO parameters
2025-05-10 14:25:58,823 - INFO - Preparing datasets...
2025-05-10 14:26:01,795 - INFO - Prepared datasets: 531 train & 1000 validation samples
2025-05-10 14:26:01,803 - INFO - Initializing model...
2025-05-10 14:26:01,805 - INFO - Fitting model...
2025-05-10 14:27:37,189 - INFO - Saved weights to /s/ls4/users/selibrin/spiking_researches/correlation_encoding_and_training/mnist/hpo/single_spk_input_multi_spk_output/hpo_data/hpo_iteration_data/4339499/estimator_1_neuron_5_weights.npy
2025-05-10 14:27:37,189 - INFO - Evaluating model...
2025-05-10 14:30:32,325 - INFO - Saved validation outputs to /s/ls4/users/selibrin/spiking_researches/correlation_encoding_and_training/mnist/hpo/single_spk_input_multi_spk_output/hpo_data/hpo_iteration_data/4339499/estimator_1_neuron_5_validation_outputs.npy
2025-05-10 14:30:32,326 - INFO - Waiting for parameters file: /s/ls4/users/selibrin/spiking_researches/correlation_encoding_and_training/mnist/hpo/single_spk_input_multi_spk_output/hpo_data/hpo_iteration_data/4339499/params_1_5.pkl
2025-05-10 14:31:07,367 - INFO - Loaded HPO parameters
2025-05-10 14:31:07,368 - INFO - Preparing datasets...
2025-05-10 14:31:10,904 - INFO - Prepared datasets: 531 train & 1000 validation samples
2025-05-10 14:31:10,905 - INFO - Initializing model...
2025-05-10 14:31:10,908 - INFO - Fitting model...
2025-05-10 14:32:43,624 - INFO - Saved weights to /s/ls4/users/selibrin/spiking_researches/correlation_encoding_and_training/mnist/hpo/single_spk_input_multi_spk_output/hpo_data/hpo_iteration_data/4339499/estimator_1_neuron_5_weights.npy
2025-05-10 14:32:43,624 - INFO - Evaluating model...
2025-05-10 14:35:36,712 - INFO - Saved validation outputs to /s/ls4/users/selibrin/spiking_researches/correlation_encoding_and_training/mnist/hpo/single_spk_input_multi_spk_output/hpo_data/hpo_iteration_data/4339499/estimator_1_neuron_5_validation_outputs.npy
2025-05-10 14:35:36,712 - INFO - Waiting for parameters file: /s/ls4/users/selibrin/spiking_researches/correlation_encoding_and_training/mnist/hpo/single_spk_input_multi_spk_output/hpo_data/hpo_iteration_data/4339499/params_1_5.pkl
2025-05-10 14:36:11,871 - INFO - Loaded HPO parameters
2025-05-10 14:36:11,871 - INFO - Preparing datasets...
2025-05-10 14:36:14,847 - INFO - Prepared datasets: 1062 train & 1000 validation samples
2025-05-10 14:36:14,848 - INFO - Initializing model...
2025-05-10 14:36:14,850 - INFO - Fitting model...
2025-05-10 14:39:17,687 - INFO - Saved weights to /s/ls4/users/selibrin/spiking_researches/correlation_encoding_and_training/mnist/hpo/single_spk_input_multi_spk_output/hpo_data/hpo_iteration_data/4339499/estimator_1_neuron_5_weights.npy
2025-05-10 14:39:17,687 - INFO - Evaluating model...
2025-05-10 14:42:09,376 - INFO - Saved validation outputs to /s/ls4/users/selibrin/spiking_researches/correlation_encoding_and_training/mnist/hpo/single_spk_input_multi_spk_output/hpo_data/hpo_iteration_data/4339499/estimator_1_neuron_5_validation_outputs.npy
2025-05-10 14:42:09,377 - INFO - Waiting for parameters file: /s/ls4/users/selibrin/spiking_researches/correlation_encoding_and_training/mnist/hpo/single_spk_input_multi_spk_output/hpo_data/hpo_iteration_data/4339499/params_1_5.pkl
2025-05-10 14:43:19,454 - INFO - Loaded HPO parameters
2025-05-10 14:43:19,454 - INFO - Preparing datasets...
2025-05-10 14:43:22,429 - INFO - Prepared datasets: 531 train & 1000 validation samples
2025-05-10 14:43:22,429 - INFO - Initializing model...
2025-05-10 14:43:22,431 - INFO - Fitting model...
2025-05-10 14:44:55,491 - INFO - Saved weights to /s/ls4/users/selibrin/spiking_researches/correlation_encoding_and_training/mnist/hpo/single_spk_input_multi_spk_output/hpo_data/hpo_iteration_data/4339499/estimator_1_neuron_5_weights.npy
2025-05-10 14:44:55,491 - INFO - Evaluating model...
2025-05-10 14:47:47,824 - INFO - Saved validation outputs to /s/ls4/users/selibrin/spiking_researches/correlation_encoding_and_training/mnist/hpo/single_spk_input_multi_spk_output/hpo_data/hpo_iteration_data/4339499/estimator_1_neuron_5_validation_outputs.npy
2025-05-10 14:47:47,824 - INFO - Waiting for parameters file: /s/ls4/users/selibrin/spiking_researches/correlation_encoding_and_training/mnist/hpo/single_spk_input_multi_spk_output/hpo_data/hpo_iteration_data/4339499/params_1_5.pkl
2025-05-10 14:48:22,864 - INFO - Loaded HPO parameters
2025-05-10 14:48:22,864 - INFO - Preparing datasets...
2025-05-10 14:48:25,897 - INFO - Prepared datasets: 531 train & 1000 validation samples
2025-05-10 14:48:25,902 - INFO - Initializing model...
2025-05-10 14:48:25,904 - INFO - Fitting model...
2025-05-10 14:50:01,243 - INFO - Saved weights to /s/ls4/users/selibrin/spiking_researches/correlation_encoding_and_training/mnist/hpo/single_spk_input_multi_spk_output/hpo_data/hpo_iteration_data/4339499/estimator_1_neuron_5_weights.npy
2025-05-10 14:50:01,243 - INFO - Evaluating model...
2025-05-10 14:52:58,622 - INFO - Saved validation outputs to /s/ls4/users/selibrin/spiking_researches/correlation_encoding_and_training/mnist/hpo/single_spk_input_multi_spk_output/hpo_data/hpo_iteration_data/4339499/estimator_1_neuron_5_validation_outputs.npy
2025-05-10 14:52:58,622 - INFO - Waiting for parameters file: /s/ls4/users/selibrin/spiking_researches/correlation_encoding_and_training/mnist/hpo/single_spk_input_multi_spk_output/hpo_data/hpo_iteration_data/4339499/params_1_5.pkl
2025-05-10 14:53:28,657 - INFO - Loaded HPO parameters
2025-05-10 14:53:28,658 - INFO - Preparing datasets...
2025-05-10 14:53:31,674 - INFO - Prepared datasets: 531 train & 1000 validation samples
2025-05-10 14:53:31,683 - INFO - Initializing model...
2025-05-10 14:53:31,686 - INFO - Fitting model...
2025-05-10 14:55:05,873 - INFO - Saved weights to /s/ls4/users/selibrin/spiking_researches/correlation_encoding_and_training/mnist/hpo/single_spk_input_multi_spk_output/hpo_data/hpo_iteration_data/4339499/estimator_1_neuron_5_weights.npy
2025-05-10 14:55:05,873 - INFO - Evaluating model...
2025-05-10 14:57:59,690 - INFO - Saved validation outputs to /s/ls4/users/selibrin/spiking_researches/correlation_encoding_and_training/mnist/hpo/single_spk_input_multi_spk_output/hpo_data/hpo_iteration_data/4339499/estimator_1_neuron_5_validation_outputs.npy
2025-05-10 14:57:59,690 - INFO - Waiting for parameters file: /s/ls4/users/selibrin/spiking_researches/correlation_encoding_and_training/mnist/hpo/single_spk_input_multi_spk_output/hpo_data/hpo_iteration_data/4339499/params_1_5.pkl
2025-05-10 14:58:34,725 - INFO - Loaded HPO parameters
2025-05-10 14:58:34,726 - INFO - Preparing datasets...
2025-05-10 14:58:37,715 - INFO - Prepared datasets: 265 train & 1000 validation samples
2025-05-10 14:58:37,716 - INFO - Initializing model...
2025-05-10 14:58:37,718 - INFO - Fitting model...
2025-05-10 14:59:25,639 - INFO - Saved weights to /s/ls4/users/selibrin/spiking_researches/correlation_encoding_and_training/mnist/hpo/single_spk_input_multi_spk_output/hpo_data/hpo_iteration_data/4339499/estimator_1_neuron_5_weights.npy
2025-05-10 14:59:25,639 - INFO - Evaluating model...
2025-05-10 15:02:20,719 - INFO - Saved validation outputs to /s/ls4/users/selibrin/spiking_researches/correlation_encoding_and_training/mnist/hpo/single_spk_input_multi_spk_output/hpo_data/hpo_iteration_data/4339499/estimator_1_neuron_5_validation_outputs.npy
2025-05-10 15:02:20,720 - INFO - Waiting for parameters file: /s/ls4/users/selibrin/spiking_researches/correlation_encoding_and_training/mnist/hpo/single_spk_input_multi_spk_output/hpo_data/hpo_iteration_data/4339499/params_1_5.pkl
2025-05-10 15:03:10,776 - INFO - Loaded HPO parameters
2025-05-10 15:03:10,776 - INFO - Preparing datasets...
2025-05-10 15:03:13,760 - INFO - Prepared datasets: 531 train & 1000 validation samples
2025-05-10 15:03:13,767 - INFO - Initializing model...
2025-05-10 15:03:13,770 - INFO - Fitting model...
2025-05-10 15:04:47,504 - INFO - Saved weights to /s/ls4/users/selibrin/spiking_researches/correlation_encoding_and_training/mnist/hpo/single_spk_input_multi_spk_output/hpo_data/hpo_iteration_data/4339499/estimator_1_neuron_5_weights.npy
2025-05-10 15:04:47,504 - INFO - Evaluating model...
2025-05-10 15:07:40,892 - INFO - Saved validation outputs to /s/ls4/users/selibrin/spiking_researches/correlation_encoding_and_training/mnist/hpo/single_spk_input_multi_spk_output/hpo_data/hpo_iteration_data/4339499/estimator_1_neuron_5_validation_outputs.npy
2025-05-10 15:07:40,892 - INFO - Waiting for parameters file: /s/ls4/users/selibrin/spiking_researches/correlation_encoding_and_training/mnist/hpo/single_spk_input_multi_spk_output/hpo_data/hpo_iteration_data/4339499/params_1_5.pkl
2025-05-10 15:08:15,933 - INFO - Loaded HPO parameters
2025-05-10 15:08:15,933 - INFO - Preparing datasets...
2025-05-10 15:08:18,903 - INFO - Prepared datasets: 531 train & 1000 validation samples
2025-05-10 15:08:18,903 - INFO - Initializing model...
2025-05-10 15:08:18,905 - INFO - Fitting model...
2025-05-10 15:09:52,592 - INFO - Saved weights to /s/ls4/users/selibrin/spiking_researches/correlation_encoding_and_training/mnist/hpo/single_spk_input_multi_spk_output/hpo_data/hpo_iteration_data/4339499/estimator_1_neuron_5_weights.npy
2025-05-10 15:09:52,593 - INFO - Evaluating model...
2025-05-10 15:12:47,146 - INFO - Saved validation outputs to /s/ls4/users/selibrin/spiking_researches/correlation_encoding_and_training/mnist/hpo/single_spk_input_multi_spk_output/hpo_data/hpo_iteration_data/4339499/estimator_1_neuron_5_validation_outputs.npy
2025-05-10 15:12:47,146 - INFO - Waiting for parameters file: /s/ls4/users/selibrin/spiking_researches/correlation_encoding_and_training/mnist/hpo/single_spk_input_multi_spk_output/hpo_data/hpo_iteration_data/4339499/params_1_5.pkl
2025-05-10 15:13:22,182 - INFO - Loaded HPO parameters
2025-05-10 15:13:22,182 - INFO - Preparing datasets...
2025-05-10 15:13:25,278 - INFO - Prepared datasets: 1062 train & 1000 validation samples
2025-05-10 15:13:25,290 - INFO - Initializing model...
2025-05-10 15:13:25,292 - INFO - Fitting model...
