2025-05-09 20:22:43,018 - INFO - Initialized Neuron trainer
2025-05-09 20:22:43,019 - INFO - Waiting for parameters file: /s/ls4/users/selibrin/spiking_researches/correlation_encoding_and_training/mnist/hpo/single_spk_input_multi_spk_output/hpo_data/hpo_iteration_data/4339499/params_1_2.pkl
2025-05-09 20:22:43,022 - INFO - Loaded HPO parameters
2025-05-09 20:22:43,022 - INFO - Preparing datasets...
2025-05-09 20:22:47,841 - INFO - Prepared datasets: 1175 train & 1000 validation samples
2025-05-09 20:22:47,841 - INFO - Initializing model...
2025-05-09 20:22:47,843 - INFO - Fitting model...
2025-05-09 20:27:47,688 - INFO - Saved weights to /s/ls4/users/selibrin/spiking_researches/correlation_encoding_and_training/mnist/hpo/single_spk_input_multi_spk_output/hpo_data/hpo_iteration_data/4339499/estimator_1_neuron_2_weights.npy
2025-05-09 20:27:47,689 - INFO - Evaluating model...
2025-05-09 20:32:05,057 - INFO - Saved validation outputs to /s/ls4/users/selibrin/spiking_researches/correlation_encoding_and_training/mnist/hpo/single_spk_input_multi_spk_output/hpo_data/hpo_iteration_data/4339499/estimator_1_neuron_2_validation_outputs.npy
2025-05-09 20:32:05,057 - INFO - Waiting for parameters file: /s/ls4/users/selibrin/spiking_researches/correlation_encoding_and_training/mnist/hpo/single_spk_input_multi_spk_output/hpo_data/hpo_iteration_data/4339499/params_1_2.pkl
2025-05-09 20:32:15,072 - INFO - Loaded HPO parameters
2025-05-09 20:32:15,073 - INFO - Preparing datasets...
2025-05-09 20:32:19,851 - INFO - Prepared datasets: 293 train & 1000 validation samples
2025-05-09 20:32:19,851 - INFO - Initializing model...
2025-05-09 20:32:19,855 - INFO - Fitting model...
2025-05-09 20:33:37,141 - INFO - Saved weights to /s/ls4/users/selibrin/spiking_researches/correlation_encoding_and_training/mnist/hpo/single_spk_input_multi_spk_output/hpo_data/hpo_iteration_data/4339499/estimator_1_neuron_2_weights.npy
2025-05-09 20:33:37,141 - INFO - Evaluating model...
2025-05-09 20:37:49,623 - INFO - Saved validation outputs to /s/ls4/users/selibrin/spiking_researches/correlation_encoding_and_training/mnist/hpo/single_spk_input_multi_spk_output/hpo_data/hpo_iteration_data/4339499/estimator_1_neuron_2_validation_outputs.npy
2025-05-09 20:37:49,623 - INFO - Waiting for parameters file: /s/ls4/users/selibrin/spiking_researches/correlation_encoding_and_training/mnist/hpo/single_spk_input_multi_spk_output/hpo_data/hpo_iteration_data/4339499/params_1_2.pkl
2025-05-09 20:38:19,685 - INFO - Loaded HPO parameters
2025-05-09 20:38:19,685 - INFO - Preparing datasets...
2025-05-09 20:38:24,202 - INFO - Prepared datasets: 1175 train & 1000 validation samples
2025-05-09 20:38:24,203 - INFO - Initializing model...
2025-05-09 20:38:24,205 - INFO - Fitting model...
2025-05-09 20:43:37,013 - INFO - Saved weights to /s/ls4/users/selibrin/spiking_researches/correlation_encoding_and_training/mnist/hpo/single_spk_input_multi_spk_output/hpo_data/hpo_iteration_data/4339499/estimator_1_neuron_2_weights.npy
2025-05-09 20:43:37,013 - INFO - Evaluating model...
2025-05-09 20:47:54,832 - INFO - Saved validation outputs to /s/ls4/users/selibrin/spiking_researches/correlation_encoding_and_training/mnist/hpo/single_spk_input_multi_spk_output/hpo_data/hpo_iteration_data/4339499/estimator_1_neuron_2_validation_outputs.npy
2025-05-09 20:47:54,833 - INFO - Waiting for parameters file: /s/ls4/users/selibrin/spiking_researches/correlation_encoding_and_training/mnist/hpo/single_spk_input_multi_spk_output/hpo_data/hpo_iteration_data/4339499/params_1_2.pkl
2025-05-09 20:48:24,869 - INFO - Loaded HPO parameters
2025-05-09 20:48:24,869 - INFO - Preparing datasets...
2025-05-09 20:48:29,610 - INFO - Prepared datasets: 587 train & 1000 validation samples
2025-05-09 20:48:29,611 - INFO - Initializing model...
2025-05-09 20:48:29,614 - INFO - Fitting model...
2025-05-09 20:51:04,849 - INFO - Saved weights to /s/ls4/users/selibrin/spiking_researches/correlation_encoding_and_training/mnist/hpo/single_spk_input_multi_spk_output/hpo_data/hpo_iteration_data/4339499/estimator_1_neuron_2_weights.npy
2025-05-09 20:51:04,849 - INFO - Evaluating model...
2025-05-09 20:55:18,410 - INFO - Saved validation outputs to /s/ls4/users/selibrin/spiking_researches/correlation_encoding_and_training/mnist/hpo/single_spk_input_multi_spk_output/hpo_data/hpo_iteration_data/4339499/estimator_1_neuron_2_validation_outputs.npy
2025-05-09 20:55:18,410 - INFO - Waiting for parameters file: /s/ls4/users/selibrin/spiking_researches/correlation_encoding_and_training/mnist/hpo/single_spk_input_multi_spk_output/hpo_data/hpo_iteration_data/4339499/params_1_2.pkl
2025-05-09 20:55:33,489 - INFO - Loaded HPO parameters
2025-05-09 20:55:33,489 - INFO - Preparing datasets...
2025-05-09 20:55:38,386 - INFO - Prepared datasets: 1175 train & 1000 validation samples
2025-05-09 20:55:38,386 - INFO - Initializing model...
2025-05-09 20:55:38,388 - INFO - Fitting model...
2025-05-09 21:00:44,202 - INFO - Saved weights to /s/ls4/users/selibrin/spiking_researches/correlation_encoding_and_training/mnist/hpo/single_spk_input_multi_spk_output/hpo_data/hpo_iteration_data/4339499/estimator_1_neuron_2_weights.npy
2025-05-09 21:00:44,203 - INFO - Evaluating model...
2025-05-09 21:04:52,691 - INFO - Saved validation outputs to /s/ls4/users/selibrin/spiking_researches/correlation_encoding_and_training/mnist/hpo/single_spk_input_multi_spk_output/hpo_data/hpo_iteration_data/4339499/estimator_1_neuron_2_validation_outputs.npy
2025-05-09 21:04:52,691 - INFO - Waiting for parameters file: /s/ls4/users/selibrin/spiking_researches/correlation_encoding_and_training/mnist/hpo/single_spk_input_multi_spk_output/hpo_data/hpo_iteration_data/4339499/params_1_2.pkl
2025-05-09 21:05:07,710 - INFO - Loaded HPO parameters
2025-05-09 21:05:07,710 - INFO - Preparing datasets...
2025-05-09 21:05:12,461 - INFO - Prepared datasets: 587 train & 1000 validation samples
2025-05-09 21:05:12,462 - INFO - Initializing model...
2025-05-09 21:05:12,465 - INFO - Fitting model...
2025-05-09 21:07:44,939 - INFO - Saved weights to /s/ls4/users/selibrin/spiking_researches/correlation_encoding_and_training/mnist/hpo/single_spk_input_multi_spk_output/hpo_data/hpo_iteration_data/4339499/estimator_1_neuron_2_weights.npy
2025-05-09 21:07:44,939 - INFO - Evaluating model...
2025-05-09 21:11:59,070 - INFO - Saved validation outputs to /s/ls4/users/selibrin/spiking_researches/correlation_encoding_and_training/mnist/hpo/single_spk_input_multi_spk_output/hpo_data/hpo_iteration_data/4339499/estimator_1_neuron_2_validation_outputs.npy
2025-05-09 21:11:59,071 - INFO - Waiting for parameters file: /s/ls4/users/selibrin/spiking_researches/correlation_encoding_and_training/mnist/hpo/single_spk_input_multi_spk_output/hpo_data/hpo_iteration_data/4339499/params_1_2.pkl
2025-05-09 21:12:14,091 - INFO - Loaded HPO parameters
2025-05-09 21:12:14,091 - INFO - Preparing datasets...
2025-05-09 21:12:18,829 - INFO - Prepared datasets: 1175 train & 1000 validation samples
2025-05-09 21:12:18,829 - INFO - Initializing model...
2025-05-09 21:12:18,832 - INFO - Fitting model...
2025-05-09 21:17:24,946 - INFO - Saved weights to /s/ls4/users/selibrin/spiking_researches/correlation_encoding_and_training/mnist/hpo/single_spk_input_multi_spk_output/hpo_data/hpo_iteration_data/4339499/estimator_1_neuron_2_weights.npy
2025-05-09 21:17:24,946 - INFO - Evaluating model...
2025-05-09 21:21:38,814 - INFO - Saved validation outputs to /s/ls4/users/selibrin/spiking_researches/correlation_encoding_and_training/mnist/hpo/single_spk_input_multi_spk_output/hpo_data/hpo_iteration_data/4339499/estimator_1_neuron_2_validation_outputs.npy
2025-05-09 21:21:38,814 - INFO - Waiting for parameters file: /s/ls4/users/selibrin/spiking_researches/correlation_encoding_and_training/mnist/hpo/single_spk_input_multi_spk_output/hpo_data/hpo_iteration_data/4339499/params_1_2.pkl
2025-05-09 21:21:48,828 - INFO - Loaded HPO parameters
2025-05-09 21:21:48,829 - INFO - Preparing datasets...
2025-05-09 21:21:53,549 - INFO - Prepared datasets: 293 train & 1000 validation samples
2025-05-09 21:21:53,550 - INFO - Initializing model...
2025-05-09 21:21:53,554 - INFO - Fitting model...
2025-05-09 21:23:09,114 - INFO - Saved weights to /s/ls4/users/selibrin/spiking_researches/correlation_encoding_and_training/mnist/hpo/single_spk_input_multi_spk_output/hpo_data/hpo_iteration_data/4339499/estimator_1_neuron_2_weights.npy
2025-05-09 21:23:09,114 - INFO - Evaluating model...
2025-05-09 21:27:19,571 - INFO - Saved validation outputs to /s/ls4/users/selibrin/spiking_researches/correlation_encoding_and_training/mnist/hpo/single_spk_input_multi_spk_output/hpo_data/hpo_iteration_data/4339499/estimator_1_neuron_2_validation_outputs.npy
2025-05-09 21:27:19,572 - INFO - Waiting for parameters file: /s/ls4/users/selibrin/spiking_researches/correlation_encoding_and_training/mnist/hpo/single_spk_input_multi_spk_output/hpo_data/hpo_iteration_data/4339499/params_1_2.pkl
2025-05-09 21:27:54,623 - INFO - Loaded HPO parameters
2025-05-09 21:27:54,623 - INFO - Preparing datasets...
2025-05-09 21:27:59,221 - INFO - Prepared datasets: 587 train & 1000 validation samples
2025-05-09 21:27:59,221 - INFO - Initializing model...
2025-05-09 21:27:59,225 - INFO - Fitting model...
2025-05-09 21:30:33,756 - INFO - Saved weights to /s/ls4/users/selibrin/spiking_researches/correlation_encoding_and_training/mnist/hpo/single_spk_input_multi_spk_output/hpo_data/hpo_iteration_data/4339499/estimator_1_neuron_2_weights.npy
2025-05-09 21:30:33,756 - INFO - Evaluating model...
2025-05-09 21:34:46,719 - INFO - Saved validation outputs to /s/ls4/users/selibrin/spiking_researches/correlation_encoding_and_training/mnist/hpo/single_spk_input_multi_spk_output/hpo_data/hpo_iteration_data/4339499/estimator_1_neuron_2_validation_outputs.npy
2025-05-09 21:34:46,719 - INFO - Waiting for parameters file: /s/ls4/users/selibrin/spiking_researches/correlation_encoding_and_training/mnist/hpo/single_spk_input_multi_spk_output/hpo_data/hpo_iteration_data/4339499/params_1_2.pkl
2025-05-09 21:34:56,734 - INFO - Loaded HPO parameters
2025-05-09 21:34:56,734 - INFO - Preparing datasets...
2025-05-09 21:35:01,448 - INFO - Prepared datasets: 1175 train & 1000 validation samples
2025-05-09 21:35:01,449 - INFO - Initializing model...
2025-05-09 21:35:01,452 - INFO - Fitting model...
2025-05-09 21:40:02,229 - INFO - Saved weights to /s/ls4/users/selibrin/spiking_researches/correlation_encoding_and_training/mnist/hpo/single_spk_input_multi_spk_output/hpo_data/hpo_iteration_data/4339499/estimator_1_neuron_2_weights.npy
2025-05-09 21:40:02,229 - INFO - Evaluating model...
2025-05-09 21:44:14,054 - INFO - Saved validation outputs to /s/ls4/users/selibrin/spiking_researches/correlation_encoding_and_training/mnist/hpo/single_spk_input_multi_spk_output/hpo_data/hpo_iteration_data/4339499/estimator_1_neuron_2_validation_outputs.npy
2025-05-09 21:44:14,055 - INFO - Waiting for parameters file: /s/ls4/users/selibrin/spiking_researches/correlation_encoding_and_training/mnist/hpo/single_spk_input_multi_spk_output/hpo_data/hpo_iteration_data/4339499/params_1_2.pkl
2025-05-09 21:45:04,114 - INFO - Loaded HPO parameters
2025-05-09 21:45:04,114 - INFO - Preparing datasets...
2025-05-09 21:45:08,714 - INFO - Prepared datasets: 1175 train & 1000 validation samples
2025-05-09 21:45:08,715 - INFO - Initializing model...
2025-05-09 21:45:08,717 - INFO - Fitting model...
2025-05-09 21:50:04,129 - INFO - Saved weights to /s/ls4/users/selibrin/spiking_researches/correlation_encoding_and_training/mnist/hpo/single_spk_input_multi_spk_output/hpo_data/hpo_iteration_data/4339499/estimator_1_neuron_2_weights.npy
2025-05-09 21:50:04,130 - INFO - Evaluating model...
2025-05-09 21:54:10,554 - INFO - Saved validation outputs to /s/ls4/users/selibrin/spiking_researches/correlation_encoding_and_training/mnist/hpo/single_spk_input_multi_spk_output/hpo_data/hpo_iteration_data/4339499/estimator_1_neuron_2_validation_outputs.npy
2025-05-09 21:54:10,554 - INFO - Waiting for parameters file: /s/ls4/users/selibrin/spiking_researches/correlation_encoding_and_training/mnist/hpo/single_spk_input_multi_spk_output/hpo_data/hpo_iteration_data/4339499/params_1_2.pkl
2025-05-09 21:55:10,622 - INFO - Loaded HPO parameters
2025-05-09 21:55:10,622 - INFO - Preparing datasets...
2025-05-09 21:55:15,162 - INFO - Prepared datasets: 1175 train & 1000 validation samples
2025-05-09 21:55:15,163 - INFO - Initializing model...
2025-05-09 21:55:15,166 - INFO - Fitting model...
2025-05-09 22:00:14,857 - INFO - Saved weights to /s/ls4/users/selibrin/spiking_researches/correlation_encoding_and_training/mnist/hpo/single_spk_input_multi_spk_output/hpo_data/hpo_iteration_data/4339499/estimator_1_neuron_2_weights.npy
2025-05-09 22:00:14,857 - INFO - Evaluating model...
2025-05-09 22:04:20,828 - INFO - Saved validation outputs to /s/ls4/users/selibrin/spiking_researches/correlation_encoding_and_training/mnist/hpo/single_spk_input_multi_spk_output/hpo_data/hpo_iteration_data/4339499/estimator_1_neuron_2_validation_outputs.npy
2025-05-09 22:04:20,828 - INFO - Waiting for parameters file: /s/ls4/users/selibrin/spiking_researches/correlation_encoding_and_training/mnist/hpo/single_spk_input_multi_spk_output/hpo_data/hpo_iteration_data/4339499/params_1_2.pkl
2025-05-09 22:05:15,892 - INFO - Loaded HPO parameters
2025-05-09 22:05:15,892 - INFO - Preparing datasets...
2025-05-09 22:05:20,412 - INFO - Prepared datasets: 1175 train & 1000 validation samples
2025-05-09 22:05:20,413 - INFO - Initializing model...
2025-05-09 22:05:20,416 - INFO - Fitting model...
2025-05-09 22:10:19,449 - INFO - Saved weights to /s/ls4/users/selibrin/spiking_researches/correlation_encoding_and_training/mnist/hpo/single_spk_input_multi_spk_output/hpo_data/hpo_iteration_data/4339499/estimator_1_neuron_2_weights.npy
2025-05-09 22:10:19,450 - INFO - Evaluating model...
2025-05-09 22:14:28,842 - INFO - Saved validation outputs to /s/ls4/users/selibrin/spiking_researches/correlation_encoding_and_training/mnist/hpo/single_spk_input_multi_spk_output/hpo_data/hpo_iteration_data/4339499/estimator_1_neuron_2_validation_outputs.npy
2025-05-09 22:14:28,843 - INFO - Waiting for parameters file: /s/ls4/users/selibrin/spiking_researches/correlation_encoding_and_training/mnist/hpo/single_spk_input_multi_spk_output/hpo_data/hpo_iteration_data/4339499/params_1_2.pkl
2025-05-09 22:15:18,914 - INFO - Loaded HPO parameters
2025-05-09 22:15:18,914 - INFO - Preparing datasets...
2025-05-09 22:15:23,483 - INFO - Prepared datasets: 293 train & 1000 validation samples
2025-05-09 22:15:23,484 - INFO - Initializing model...
2025-05-09 22:15:23,487 - INFO - Fitting model...
2025-05-09 22:16:38,910 - INFO - Saved weights to /s/ls4/users/selibrin/spiking_researches/correlation_encoding_and_training/mnist/hpo/single_spk_input_multi_spk_output/hpo_data/hpo_iteration_data/4339499/estimator_1_neuron_2_weights.npy
2025-05-09 22:16:38,910 - INFO - Evaluating model...
2025-05-09 22:20:47,476 - INFO - Saved validation outputs to /s/ls4/users/selibrin/spiking_researches/correlation_encoding_and_training/mnist/hpo/single_spk_input_multi_spk_output/hpo_data/hpo_iteration_data/4339499/estimator_1_neuron_2_validation_outputs.npy
2025-05-09 22:20:47,477 - INFO - Waiting for parameters file: /s/ls4/users/selibrin/spiking_researches/correlation_encoding_and_training/mnist/hpo/single_spk_input_multi_spk_output/hpo_data/hpo_iteration_data/4339499/params_1_2.pkl
2025-05-09 22:21:27,523 - INFO - Loaded HPO parameters
2025-05-09 22:21:27,523 - INFO - Preparing datasets...
2025-05-09 22:21:32,102 - INFO - Prepared datasets: 293 train & 1000 validation samples
2025-05-09 22:21:32,102 - INFO - Initializing model...
2025-05-09 22:21:32,106 - INFO - Fitting model...
2025-05-09 22:22:45,505 - INFO - Saved weights to /s/ls4/users/selibrin/spiking_researches/correlation_encoding_and_training/mnist/hpo/single_spk_input_multi_spk_output/hpo_data/hpo_iteration_data/4339499/estimator_1_neuron_2_weights.npy
2025-05-09 22:22:45,505 - INFO - Evaluating model...
2025-05-09 22:26:50,990 - INFO - Saved validation outputs to /s/ls4/users/selibrin/spiking_researches/correlation_encoding_and_training/mnist/hpo/single_spk_input_multi_spk_output/hpo_data/hpo_iteration_data/4339499/estimator_1_neuron_2_validation_outputs.npy
2025-05-09 22:26:50,991 - INFO - Waiting for parameters file: /s/ls4/users/selibrin/spiking_researches/correlation_encoding_and_training/mnist/hpo/single_spk_input_multi_spk_output/hpo_data/hpo_iteration_data/4339499/params_1_2.pkl
2025-05-09 22:27:31,041 - INFO - Loaded HPO parameters
2025-05-09 22:27:31,041 - INFO - Preparing datasets...
2025-05-09 22:27:35,552 - INFO - Prepared datasets: 587 train & 1000 validation samples
2025-05-09 22:27:35,553 - INFO - Initializing model...
2025-05-09 22:27:35,556 - INFO - Fitting model...
2025-05-09 22:30:07,644 - INFO - Saved weights to /s/ls4/users/selibrin/spiking_researches/correlation_encoding_and_training/mnist/hpo/single_spk_input_multi_spk_output/hpo_data/hpo_iteration_data/4339499/estimator_1_neuron_2_weights.npy
2025-05-09 22:30:07,645 - INFO - Evaluating model...
2025-05-09 22:34:15,616 - INFO - Saved validation outputs to /s/ls4/users/selibrin/spiking_researches/correlation_encoding_and_training/mnist/hpo/single_spk_input_multi_spk_output/hpo_data/hpo_iteration_data/4339499/estimator_1_neuron_2_validation_outputs.npy
2025-05-09 22:34:15,617 - INFO - Waiting for parameters file: /s/ls4/users/selibrin/spiking_researches/correlation_encoding_and_training/mnist/hpo/single_spk_input_multi_spk_output/hpo_data/hpo_iteration_data/4339499/params_1_2.pkl
2025-05-09 22:35:05,677 - INFO - Loaded HPO parameters
2025-05-09 22:35:05,677 - INFO - Preparing datasets...
2025-05-09 22:35:10,514 - INFO - Prepared datasets: 587 train & 1000 validation samples
2025-05-09 22:35:10,515 - INFO - Initializing model...
2025-05-09 22:35:10,517 - INFO - Fitting model...
2025-05-09 22:37:41,151 - INFO - Saved weights to /s/ls4/users/selibrin/spiking_researches/correlation_encoding_and_training/mnist/hpo/single_spk_input_multi_spk_output/hpo_data/hpo_iteration_data/4339499/estimator_1_neuron_2_weights.npy
2025-05-09 22:37:41,152 - INFO - Evaluating model...
2025-05-09 22:41:43,756 - INFO - Saved validation outputs to /s/ls4/users/selibrin/spiking_researches/correlation_encoding_and_training/mnist/hpo/single_spk_input_multi_spk_output/hpo_data/hpo_iteration_data/4339499/estimator_1_neuron_2_validation_outputs.npy
2025-05-09 22:41:43,756 - INFO - Waiting for parameters file: /s/ls4/users/selibrin/spiking_researches/correlation_encoding_and_training/mnist/hpo/single_spk_input_multi_spk_output/hpo_data/hpo_iteration_data/4339499/params_1_2.pkl
2025-05-09 22:42:43,823 - INFO - Loaded HPO parameters
2025-05-09 22:42:43,823 - INFO - Preparing datasets...
2025-05-09 22:42:48,397 - INFO - Prepared datasets: 1175 train & 1000 validation samples
2025-05-09 22:42:48,397 - INFO - Initializing model...
2025-05-09 22:42:48,400 - INFO - Fitting model...
2025-05-09 22:47:42,158 - INFO - Saved weights to /s/ls4/users/selibrin/spiking_researches/correlation_encoding_and_training/mnist/hpo/single_spk_input_multi_spk_output/hpo_data/hpo_iteration_data/4339499/estimator_1_neuron_2_weights.npy
2025-05-09 22:47:42,159 - INFO - Evaluating model...
2025-05-09 22:51:44,951 - INFO - Saved validation outputs to /s/ls4/users/selibrin/spiking_researches/correlation_encoding_and_training/mnist/hpo/single_spk_input_multi_spk_output/hpo_data/hpo_iteration_data/4339499/estimator_1_neuron_2_validation_outputs.npy
2025-05-09 22:51:44,952 - INFO - Waiting for parameters file: /s/ls4/users/selibrin/spiking_researches/correlation_encoding_and_training/mnist/hpo/single_spk_input_multi_spk_output/hpo_data/hpo_iteration_data/4339499/params_1_2.pkl
2025-05-09 22:52:50,022 - INFO - Loaded HPO parameters
2025-05-09 22:52:50,022 - INFO - Preparing datasets...
2025-05-09 22:52:54,529 - INFO - Prepared datasets: 293 train & 1000 validation samples
2025-05-09 22:52:54,530 - INFO - Initializing model...
2025-05-09 22:52:54,533 - INFO - Fitting model...
2025-05-09 22:54:09,451 - INFO - Saved weights to /s/ls4/users/selibrin/spiking_researches/correlation_encoding_and_training/mnist/hpo/single_spk_input_multi_spk_output/hpo_data/hpo_iteration_data/4339499/estimator_1_neuron_2_weights.npy
2025-05-09 22:54:09,451 - INFO - Evaluating model...
2025-05-09 22:58:15,615 - INFO - Saved validation outputs to /s/ls4/users/selibrin/spiking_researches/correlation_encoding_and_training/mnist/hpo/single_spk_input_multi_spk_output/hpo_data/hpo_iteration_data/4339499/estimator_1_neuron_2_validation_outputs.npy
2025-05-09 22:58:15,615 - INFO - Waiting for parameters file: /s/ls4/users/selibrin/spiking_researches/correlation_encoding_and_training/mnist/hpo/single_spk_input_multi_spk_output/hpo_data/hpo_iteration_data/4339499/params_1_2.pkl
2025-05-09 22:58:55,662 - INFO - Loaded HPO parameters
2025-05-09 22:58:55,663 - INFO - Preparing datasets...
2025-05-09 22:59:00,480 - INFO - Prepared datasets: 1175 train & 1000 validation samples
2025-05-09 22:59:00,480 - INFO - Initializing model...
2025-05-09 22:59:00,483 - INFO - Fitting model...
2025-05-09 23:04:22,911 - INFO - Saved weights to /s/ls4/users/selibrin/spiking_researches/correlation_encoding_and_training/mnist/hpo/single_spk_input_multi_spk_output/hpo_data/hpo_iteration_data/4339499/estimator_1_neuron_2_weights.npy
2025-05-09 23:04:22,912 - INFO - Evaluating model...
2025-05-09 23:08:53,677 - INFO - Saved validation outputs to /s/ls4/users/selibrin/spiking_researches/correlation_encoding_and_training/mnist/hpo/single_spk_input_multi_spk_output/hpo_data/hpo_iteration_data/4339499/estimator_1_neuron_2_validation_outputs.npy
2025-05-09 23:08:53,677 - INFO - Waiting for parameters file: /s/ls4/users/selibrin/spiking_researches/correlation_encoding_and_training/mnist/hpo/single_spk_input_multi_spk_output/hpo_data/hpo_iteration_data/4339499/params_1_2.pkl
2025-05-09 23:09:28,720 - INFO - Loaded HPO parameters
2025-05-09 23:09:28,720 - INFO - Preparing datasets...
2025-05-09 23:09:33,867 - INFO - Prepared datasets: 587 train & 1000 validation samples
2025-05-09 23:09:33,867 - INFO - Initializing model...
2025-05-09 23:09:33,871 - INFO - Fitting model...
2025-05-09 23:12:20,369 - INFO - Saved weights to /s/ls4/users/selibrin/spiking_researches/correlation_encoding_and_training/mnist/hpo/single_spk_input_multi_spk_output/hpo_data/hpo_iteration_data/4339499/estimator_1_neuron_2_weights.npy
2025-05-09 23:12:20,370 - INFO - Evaluating model...
2025-05-09 23:16:54,541 - INFO - Saved validation outputs to /s/ls4/users/selibrin/spiking_researches/correlation_encoding_and_training/mnist/hpo/single_spk_input_multi_spk_output/hpo_data/hpo_iteration_data/4339499/estimator_1_neuron_2_validation_outputs.npy
2025-05-09 23:16:54,542 - INFO - Waiting for parameters file: /s/ls4/users/selibrin/spiking_researches/correlation_encoding_and_training/mnist/hpo/single_spk_input_multi_spk_output/hpo_data/hpo_iteration_data/4339499/params_1_2.pkl
2025-05-09 23:17:34,590 - INFO - Loaded HPO parameters
2025-05-09 23:17:34,590 - INFO - Preparing datasets...
2025-05-09 23:17:39,105 - INFO - Prepared datasets: 587 train & 1000 validation samples
2025-05-09 23:17:39,105 - INFO - Initializing model...
2025-05-09 23:17:39,108 - INFO - Fitting model...
2025-05-09 23:20:27,804 - INFO - Saved weights to /s/ls4/users/selibrin/spiking_researches/correlation_encoding_and_training/mnist/hpo/single_spk_input_multi_spk_output/hpo_data/hpo_iteration_data/4339499/estimator_1_neuron_2_weights.npy
2025-05-09 23:20:27,804 - INFO - Evaluating model...
2025-05-09 23:25:06,227 - INFO - Saved validation outputs to /s/ls4/users/selibrin/spiking_researches/correlation_encoding_and_training/mnist/hpo/single_spk_input_multi_spk_output/hpo_data/hpo_iteration_data/4339499/estimator_1_neuron_2_validation_outputs.npy
2025-05-09 23:25:06,227 - INFO - Waiting for parameters file: /s/ls4/users/selibrin/spiking_researches/correlation_encoding_and_training/mnist/hpo/single_spk_input_multi_spk_output/hpo_data/hpo_iteration_data/4339499/params_1_2.pkl
2025-05-09 23:25:41,269 - INFO - Loaded HPO parameters
2025-05-09 23:25:41,269 - INFO - Preparing datasets...
2025-05-09 23:25:46,298 - INFO - Prepared datasets: 587 train & 1000 validation samples
2025-05-09 23:25:46,299 - INFO - Initializing model...
2025-05-09 23:25:46,302 - INFO - Fitting model...
2025-05-09 23:28:33,609 - INFO - Saved weights to /s/ls4/users/selibrin/spiking_researches/correlation_encoding_and_training/mnist/hpo/single_spk_input_multi_spk_output/hpo_data/hpo_iteration_data/4339499/estimator_1_neuron_2_weights.npy
2025-05-09 23:28:33,610 - INFO - Evaluating model...
2025-05-09 23:33:15,804 - INFO - Saved validation outputs to /s/ls4/users/selibrin/spiking_researches/correlation_encoding_and_training/mnist/hpo/single_spk_input_multi_spk_output/hpo_data/hpo_iteration_data/4339499/estimator_1_neuron_2_validation_outputs.npy
2025-05-09 23:33:15,805 - INFO - Waiting for parameters file: /s/ls4/users/selibrin/spiking_researches/correlation_encoding_and_training/mnist/hpo/single_spk_input_multi_spk_output/hpo_data/hpo_iteration_data/4339499/params_1_2.pkl
2025-05-09 23:33:45,844 - INFO - Loaded HPO parameters
2025-05-09 23:33:45,844 - INFO - Preparing datasets...
2025-05-09 23:33:51,011 - INFO - Prepared datasets: 587 train & 1000 validation samples
2025-05-09 23:33:51,011 - INFO - Initializing model...
2025-05-09 23:33:51,015 - INFO - Fitting model...
2025-05-09 23:36:40,255 - INFO - Saved weights to /s/ls4/users/selibrin/spiking_researches/correlation_encoding_and_training/mnist/hpo/single_spk_input_multi_spk_output/hpo_data/hpo_iteration_data/4339499/estimator_1_neuron_2_weights.npy
2025-05-09 23:36:40,255 - INFO - Evaluating model...
2025-05-09 23:41:18,838 - INFO - Saved validation outputs to /s/ls4/users/selibrin/spiking_researches/correlation_encoding_and_training/mnist/hpo/single_spk_input_multi_spk_output/hpo_data/hpo_iteration_data/4339499/estimator_1_neuron_2_validation_outputs.npy
2025-05-09 23:41:18,839 - INFO - Waiting for parameters file: /s/ls4/users/selibrin/spiking_researches/correlation_encoding_and_training/mnist/hpo/single_spk_input_multi_spk_output/hpo_data/hpo_iteration_data/4339499/params_1_2.pkl
2025-05-09 23:41:48,878 - INFO - Loaded HPO parameters
2025-05-09 23:41:48,879 - INFO - Preparing datasets...
2025-05-09 23:41:53,828 - INFO - Prepared datasets: 587 train & 1000 validation samples
2025-05-09 23:41:53,828 - INFO - Initializing model...
2025-05-09 23:41:53,928 - INFO - Fitting model...
2025-05-09 23:44:43,284 - INFO - Saved weights to /s/ls4/users/selibrin/spiking_researches/correlation_encoding_and_training/mnist/hpo/single_spk_input_multi_spk_output/hpo_data/hpo_iteration_data/4339499/estimator_1_neuron_2_weights.npy
2025-05-09 23:44:43,284 - INFO - Evaluating model...
2025-05-09 23:49:18,703 - INFO - Saved validation outputs to /s/ls4/users/selibrin/spiking_researches/correlation_encoding_and_training/mnist/hpo/single_spk_input_multi_spk_output/hpo_data/hpo_iteration_data/4339499/estimator_1_neuron_2_validation_outputs.npy
2025-05-09 23:49:18,703 - INFO - Waiting for parameters file: /s/ls4/users/selibrin/spiking_researches/correlation_encoding_and_training/mnist/hpo/single_spk_input_multi_spk_output/hpo_data/hpo_iteration_data/4339499/params_1_2.pkl
2025-05-09 23:49:58,751 - INFO - Loaded HPO parameters
2025-05-09 23:49:58,751 - INFO - Preparing datasets...
2025-05-09 23:50:03,838 - INFO - Prepared datasets: 1175 train & 1000 validation samples
2025-05-09 23:50:03,838 - INFO - Initializing model...
2025-05-09 23:50:03,841 - INFO - Fitting model...
2025-05-09 23:55:38,619 - INFO - Saved weights to /s/ls4/users/selibrin/spiking_researches/correlation_encoding_and_training/mnist/hpo/single_spk_input_multi_spk_output/hpo_data/hpo_iteration_data/4339499/estimator_1_neuron_2_weights.npy
2025-05-09 23:55:38,620 - INFO - Evaluating model...
2025-05-10 00:00:14,992 - INFO - Saved validation outputs to /s/ls4/users/selibrin/spiking_researches/correlation_encoding_and_training/mnist/hpo/single_spk_input_multi_spk_output/hpo_data/hpo_iteration_data/4339499/estimator_1_neuron_2_validation_outputs.npy
2025-05-10 00:00:14,993 - INFO - Waiting for parameters file: /s/ls4/users/selibrin/spiking_researches/correlation_encoding_and_training/mnist/hpo/single_spk_input_multi_spk_output/hpo_data/hpo_iteration_data/4339499/params_1_2.pkl
2025-05-10 00:01:05,053 - INFO - Loaded HPO parameters
2025-05-10 00:01:05,053 - INFO - Preparing datasets...
2025-05-10 00:01:10,210 - INFO - Prepared datasets: 587 train & 1000 validation samples
2025-05-10 00:01:10,210 - INFO - Initializing model...
2025-05-10 00:01:10,214 - INFO - Fitting model...
2025-05-10 00:03:54,136 - INFO - Saved weights to /s/ls4/users/selibrin/spiking_researches/correlation_encoding_and_training/mnist/hpo/single_spk_input_multi_spk_output/hpo_data/hpo_iteration_data/4339499/estimator_1_neuron_2_weights.npy
2025-05-10 00:03:54,137 - INFO - Evaluating model...
2025-05-10 00:08:29,314 - INFO - Saved validation outputs to /s/ls4/users/selibrin/spiking_researches/correlation_encoding_and_training/mnist/hpo/single_spk_input_multi_spk_output/hpo_data/hpo_iteration_data/4339499/estimator_1_neuron_2_validation_outputs.npy
2025-05-10 00:08:29,314 - INFO - Waiting for parameters file: /s/ls4/users/selibrin/spiking_researches/correlation_encoding_and_training/mnist/hpo/single_spk_input_multi_spk_output/hpo_data/hpo_iteration_data/4339499/params_1_2.pkl
2025-05-10 00:09:09,364 - INFO - Loaded HPO parameters
2025-05-10 00:09:09,364 - INFO - Preparing datasets...
2025-05-10 00:09:14,377 - INFO - Prepared datasets: 1175 train & 1000 validation samples
2025-05-10 00:09:14,377 - INFO - Initializing model...
2025-05-10 00:09:14,380 - INFO - Fitting model...
2025-05-10 00:14:49,027 - INFO - Saved weights to /s/ls4/users/selibrin/spiking_researches/correlation_encoding_and_training/mnist/hpo/single_spk_input_multi_spk_output/hpo_data/hpo_iteration_data/4339499/estimator_1_neuron_2_weights.npy
2025-05-10 00:14:49,028 - INFO - Evaluating model...
2025-05-10 00:19:23,568 - INFO - Saved validation outputs to /s/ls4/users/selibrin/spiking_researches/correlation_encoding_and_training/mnist/hpo/single_spk_input_multi_spk_output/hpo_data/hpo_iteration_data/4339499/estimator_1_neuron_2_validation_outputs.npy
2025-05-10 00:19:23,568 - INFO - Waiting for parameters file: /s/ls4/users/selibrin/spiking_researches/correlation_encoding_and_training/mnist/hpo/single_spk_input_multi_spk_output/hpo_data/hpo_iteration_data/4339499/params_1_2.pkl
2025-05-10 00:20:13,628 - INFO - Loaded HPO parameters
2025-05-10 00:20:13,628 - INFO - Preparing datasets...
2025-05-10 00:20:18,796 - INFO - Prepared datasets: 587 train & 1000 validation samples
2025-05-10 00:20:18,796 - INFO - Initializing model...
2025-05-10 00:20:18,799 - INFO - Fitting model...
2025-05-10 00:23:05,347 - INFO - Saved weights to /s/ls4/users/selibrin/spiking_researches/correlation_encoding_and_training/mnist/hpo/single_spk_input_multi_spk_output/hpo_data/hpo_iteration_data/4339499/estimator_1_neuron_2_weights.npy
2025-05-10 00:23:05,347 - INFO - Evaluating model...
2025-05-10 00:27:39,042 - INFO - Saved validation outputs to /s/ls4/users/selibrin/spiking_researches/correlation_encoding_and_training/mnist/hpo/single_spk_input_multi_spk_output/hpo_data/hpo_iteration_data/4339499/estimator_1_neuron_2_validation_outputs.npy
2025-05-10 00:27:39,043 - INFO - Waiting for parameters file: /s/ls4/users/selibrin/spiking_researches/correlation_encoding_and_training/mnist/hpo/single_spk_input_multi_spk_output/hpo_data/hpo_iteration_data/4339499/params_1_2.pkl
2025-05-10 00:28:19,091 - INFO - Loaded HPO parameters
2025-05-10 00:28:19,092 - INFO - Preparing datasets...
2025-05-10 00:28:24,119 - INFO - Prepared datasets: 1175 train & 1000 validation samples
2025-05-10 00:28:24,119 - INFO - Initializing model...
2025-05-10 00:28:24,126 - INFO - Fitting model...
2025-05-10 00:33:55,937 - INFO - Saved weights to /s/ls4/users/selibrin/spiking_researches/correlation_encoding_and_training/mnist/hpo/single_spk_input_multi_spk_output/hpo_data/hpo_iteration_data/4339499/estimator_1_neuron_2_weights.npy
2025-05-10 00:33:55,937 - INFO - Evaluating model...
2025-05-10 00:38:32,349 - INFO - Saved validation outputs to /s/ls4/users/selibrin/spiking_researches/correlation_encoding_and_training/mnist/hpo/single_spk_input_multi_spk_output/hpo_data/hpo_iteration_data/4339499/estimator_1_neuron_2_validation_outputs.npy
2025-05-10 00:38:32,350 - INFO - Waiting for parameters file: /s/ls4/users/selibrin/spiking_researches/correlation_encoding_and_training/mnist/hpo/single_spk_input_multi_spk_output/hpo_data/hpo_iteration_data/4339499/params_1_2.pkl
2025-05-10 00:39:27,441 - INFO - Loaded HPO parameters
2025-05-10 00:39:27,442 - INFO - Preparing datasets...
2025-05-10 00:39:32,524 - INFO - Prepared datasets: 293 train & 1000 validation samples
2025-05-10 00:39:32,524 - INFO - Initializing model...
2025-05-10 00:39:32,527 - INFO - Fitting model...
2025-05-10 00:40:56,449 - INFO - Saved weights to /s/ls4/users/selibrin/spiking_researches/correlation_encoding_and_training/mnist/hpo/single_spk_input_multi_spk_output/hpo_data/hpo_iteration_data/4339499/estimator_1_neuron_2_weights.npy
2025-05-10 00:40:56,450 - INFO - Evaluating model...
2025-05-10 00:45:11,314 - INFO - Saved validation outputs to /s/ls4/users/selibrin/spiking_researches/correlation_encoding_and_training/mnist/hpo/single_spk_input_multi_spk_output/hpo_data/hpo_iteration_data/4339499/estimator_1_neuron_2_validation_outputs.npy
2025-05-10 00:45:11,314 - INFO - Waiting for parameters file: /s/ls4/users/selibrin/spiking_researches/correlation_encoding_and_training/mnist/hpo/single_spk_input_multi_spk_output/hpo_data/hpo_iteration_data/4339499/params_1_2.pkl
2025-05-10 00:45:31,341 - INFO - Loaded HPO parameters
2025-05-10 00:45:31,341 - INFO - Preparing datasets...
2025-05-10 00:45:34,229 - INFO - Prepared datasets: 587 train & 1000 validation samples
2025-05-10 00:45:34,229 - INFO - Initializing model...
2025-05-10 00:45:34,232 - INFO - Fitting model...
2025-05-10 00:47:10,083 - INFO - Saved weights to /s/ls4/users/selibrin/spiking_researches/correlation_encoding_and_training/mnist/hpo/single_spk_input_multi_spk_output/hpo_data/hpo_iteration_data/4339499/estimator_1_neuron_2_weights.npy
2025-05-10 00:47:10,084 - INFO - Evaluating model...
2025-05-10 00:49:49,252 - INFO - Saved validation outputs to /s/ls4/users/selibrin/spiking_researches/correlation_encoding_and_training/mnist/hpo/single_spk_input_multi_spk_output/hpo_data/hpo_iteration_data/4339499/estimator_1_neuron_2_validation_outputs.npy
2025-05-10 00:49:49,253 - INFO - Waiting for parameters file: /s/ls4/users/selibrin/spiking_researches/correlation_encoding_and_training/mnist/hpo/single_spk_input_multi_spk_output/hpo_data/hpo_iteration_data/4339499/params_1_2.pkl
2025-05-10 00:50:34,309 - INFO - Loaded HPO parameters
2025-05-10 00:50:34,309 - INFO - Preparing datasets...
2025-05-10 00:50:37,237 - INFO - Prepared datasets: 1175 train & 1000 validation samples
2025-05-10 00:50:37,237 - INFO - Initializing model...
2025-05-10 00:50:37,304 - INFO - Fitting model...
2025-05-10 00:53:56,729 - INFO - Saved weights to /s/ls4/users/selibrin/spiking_researches/correlation_encoding_and_training/mnist/hpo/single_spk_input_multi_spk_output/hpo_data/hpo_iteration_data/4339499/estimator_1_neuron_2_weights.npy
2025-05-10 00:53:56,730 - INFO - Evaluating model...
2025-05-10 00:56:33,205 - INFO - Saved validation outputs to /s/ls4/users/selibrin/spiking_researches/correlation_encoding_and_training/mnist/hpo/single_spk_input_multi_spk_output/hpo_data/hpo_iteration_data/4339499/estimator_1_neuron_2_validation_outputs.npy
2025-05-10 00:56:33,206 - INFO - Waiting for parameters file: /s/ls4/users/selibrin/spiking_researches/correlation_encoding_and_training/mnist/hpo/single_spk_input_multi_spk_output/hpo_data/hpo_iteration_data/4339499/params_1_2.pkl
2025-05-10 00:57:13,252 - INFO - Loaded HPO parameters
2025-05-10 00:57:13,252 - INFO - Preparing datasets...
2025-05-10 00:57:16,206 - INFO - Prepared datasets: 587 train & 1000 validation samples
2025-05-10 00:57:16,206 - INFO - Initializing model...
2025-05-10 00:57:16,208 - INFO - Fitting model...
2025-05-10 00:58:51,294 - INFO - Saved weights to /s/ls4/users/selibrin/spiking_researches/correlation_encoding_and_training/mnist/hpo/single_spk_input_multi_spk_output/hpo_data/hpo_iteration_data/4339499/estimator_1_neuron_2_weights.npy
2025-05-10 00:58:51,294 - INFO - Evaluating model...
2025-05-10 01:01:27,445 - INFO - Saved validation outputs to /s/ls4/users/selibrin/spiking_researches/correlation_encoding_and_training/mnist/hpo/single_spk_input_multi_spk_output/hpo_data/hpo_iteration_data/4339499/estimator_1_neuron_2_validation_outputs.npy
2025-05-10 01:01:27,445 - INFO - Waiting for parameters file: /s/ls4/users/selibrin/spiking_researches/correlation_encoding_and_training/mnist/hpo/single_spk_input_multi_spk_output/hpo_data/hpo_iteration_data/4339499/params_1_2.pkl
2025-05-10 01:02:17,503 - INFO - Loaded HPO parameters
2025-05-10 01:02:17,503 - INFO - Preparing datasets...
2025-05-10 01:02:20,531 - INFO - Prepared datasets: 293 train & 1000 validation samples
2025-05-10 01:02:20,531 - INFO - Initializing model...
2025-05-10 01:02:20,533 - INFO - Fitting model...
2025-05-10 01:03:09,609 - INFO - Saved weights to /s/ls4/users/selibrin/spiking_researches/correlation_encoding_and_training/mnist/hpo/single_spk_input_multi_spk_output/hpo_data/hpo_iteration_data/4339499/estimator_1_neuron_2_weights.npy
2025-05-10 01:03:09,609 - INFO - Evaluating model...
2025-05-10 01:05:48,868 - INFO - Saved validation outputs to /s/ls4/users/selibrin/spiking_researches/correlation_encoding_and_training/mnist/hpo/single_spk_input_multi_spk_output/hpo_data/hpo_iteration_data/4339499/estimator_1_neuron_2_validation_outputs.npy
2025-05-10 01:05:48,869 - INFO - Waiting for parameters file: /s/ls4/users/selibrin/spiking_researches/correlation_encoding_and_training/mnist/hpo/single_spk_input_multi_spk_output/hpo_data/hpo_iteration_data/4339499/params_1_2.pkl
2025-05-10 01:06:23,910 - INFO - Loaded HPO parameters
2025-05-10 01:06:23,910 - INFO - Preparing datasets...
2025-05-10 01:06:26,913 - INFO - Prepared datasets: 1175 train & 1000 validation samples
2025-05-10 01:06:26,914 - INFO - Initializing model...
2025-05-10 01:06:26,916 - INFO - Fitting model...
2025-05-10 01:09:39,678 - INFO - Saved weights to /s/ls4/users/selibrin/spiking_researches/correlation_encoding_and_training/mnist/hpo/single_spk_input_multi_spk_output/hpo_data/hpo_iteration_data/4339499/estimator_1_neuron_2_weights.npy
2025-05-10 01:09:39,678 - INFO - Evaluating model...
2025-05-10 01:12:19,672 - INFO - Saved validation outputs to /s/ls4/users/selibrin/spiking_researches/correlation_encoding_and_training/mnist/hpo/single_spk_input_multi_spk_output/hpo_data/hpo_iteration_data/4339499/estimator_1_neuron_2_validation_outputs.npy
2025-05-10 01:12:19,673 - INFO - Waiting for parameters file: /s/ls4/users/selibrin/spiking_researches/correlation_encoding_and_training/mnist/hpo/single_spk_input_multi_spk_output/hpo_data/hpo_iteration_data/4339499/params_1_2.pkl
2025-05-10 01:12:59,718 - INFO - Loaded HPO parameters
2025-05-10 01:12:59,719 - INFO - Preparing datasets...
2025-05-10 01:13:02,570 - INFO - Prepared datasets: 587 train & 1000 validation samples
2025-05-10 01:13:02,570 - INFO - Initializing model...
2025-05-10 01:13:02,572 - INFO - Fitting model...
2025-05-10 01:14:40,200 - INFO - Saved weights to /s/ls4/users/selibrin/spiking_researches/correlation_encoding_and_training/mnist/hpo/single_spk_input_multi_spk_output/hpo_data/hpo_iteration_data/4339499/estimator_1_neuron_2_weights.npy
2025-05-10 01:14:40,200 - INFO - Evaluating model...
2025-05-10 01:17:18,077 - INFO - Saved validation outputs to /s/ls4/users/selibrin/spiking_researches/correlation_encoding_and_training/mnist/hpo/single_spk_input_multi_spk_output/hpo_data/hpo_iteration_data/4339499/estimator_1_neuron_2_validation_outputs.npy
2025-05-10 01:17:18,077 - INFO - Waiting for parameters file: /s/ls4/users/selibrin/spiking_researches/correlation_encoding_and_training/mnist/hpo/single_spk_input_multi_spk_output/hpo_data/hpo_iteration_data/4339499/params_1_2.pkl
2025-05-10 01:18:03,130 - INFO - Loaded HPO parameters
2025-05-10 01:18:03,130 - INFO - Preparing datasets...
2025-05-10 01:18:06,022 - INFO - Prepared datasets: 1175 train & 1000 validation samples
2025-05-10 01:18:06,022 - INFO - Initializing model...
2025-05-10 01:18:06,025 - INFO - Fitting model...
2025-05-10 01:21:18,895 - INFO - Saved weights to /s/ls4/users/selibrin/spiking_researches/correlation_encoding_and_training/mnist/hpo/single_spk_input_multi_spk_output/hpo_data/hpo_iteration_data/4339499/estimator_1_neuron_2_weights.npy
2025-05-10 01:21:18,895 - INFO - Evaluating model...
2025-05-10 01:24:01,070 - INFO - Saved validation outputs to /s/ls4/users/selibrin/spiking_researches/correlation_encoding_and_training/mnist/hpo/single_spk_input_multi_spk_output/hpo_data/hpo_iteration_data/4339499/estimator_1_neuron_2_validation_outputs.npy
2025-05-10 01:24:01,071 - INFO - Waiting for parameters file: /s/ls4/users/selibrin/spiking_researches/correlation_encoding_and_training/mnist/hpo/single_spk_input_multi_spk_output/hpo_data/hpo_iteration_data/4339499/params_1_2.pkl
2025-05-10 01:24:41,117 - INFO - Loaded HPO parameters
2025-05-10 01:24:41,117 - INFO - Preparing datasets...
2025-05-10 01:24:44,199 - INFO - Prepared datasets: 587 train & 1000 validation samples
2025-05-10 01:24:44,199 - INFO - Initializing model...
2025-05-10 01:24:44,202 - INFO - Fitting model...
2025-05-10 01:26:22,610 - INFO - Saved weights to /s/ls4/users/selibrin/spiking_researches/correlation_encoding_and_training/mnist/hpo/single_spk_input_multi_spk_output/hpo_data/hpo_iteration_data/4339499/estimator_1_neuron_2_weights.npy
2025-05-10 01:26:22,610 - INFO - Evaluating model...
2025-05-10 01:29:05,104 - INFO - Saved validation outputs to /s/ls4/users/selibrin/spiking_researches/correlation_encoding_and_training/mnist/hpo/single_spk_input_multi_spk_output/hpo_data/hpo_iteration_data/4339499/estimator_1_neuron_2_validation_outputs.npy
2025-05-10 01:29:05,104 - INFO - Waiting for parameters file: /s/ls4/users/selibrin/spiking_researches/correlation_encoding_and_training/mnist/hpo/single_spk_input_multi_spk_output/hpo_data/hpo_iteration_data/4339499/params_1_2.pkl
2025-05-10 01:29:45,151 - INFO - Loaded HPO parameters
2025-05-10 01:29:45,151 - INFO - Preparing datasets...
2025-05-10 01:29:48,534 - INFO - Prepared datasets: 587 train & 1000 validation samples
2025-05-10 01:29:48,535 - INFO - Initializing model...
2025-05-10 01:29:48,537 - INFO - Fitting model...
2025-05-10 01:31:26,786 - INFO - Saved weights to /s/ls4/users/selibrin/spiking_researches/correlation_encoding_and_training/mnist/hpo/single_spk_input_multi_spk_output/hpo_data/hpo_iteration_data/4339499/estimator_1_neuron_2_weights.npy
2025-05-10 01:31:26,786 - INFO - Evaluating model...
2025-05-10 01:34:06,764 - INFO - Saved validation outputs to /s/ls4/users/selibrin/spiking_researches/correlation_encoding_and_training/mnist/hpo/single_spk_input_multi_spk_output/hpo_data/hpo_iteration_data/4339499/estimator_1_neuron_2_validation_outputs.npy
2025-05-10 01:34:06,764 - INFO - Waiting for parameters file: /s/ls4/users/selibrin/spiking_researches/correlation_encoding_and_training/mnist/hpo/single_spk_input_multi_spk_output/hpo_data/hpo_iteration_data/4339499/params_1_2.pkl
2025-05-10 01:34:51,816 - INFO - Loaded HPO parameters
2025-05-10 01:34:51,817 - INFO - Preparing datasets...
2025-05-10 01:34:54,789 - INFO - Prepared datasets: 587 train & 1000 validation samples
2025-05-10 01:34:54,789 - INFO - Initializing model...
2025-05-10 01:34:54,792 - INFO - Fitting model...
2025-05-10 01:36:35,484 - INFO - Saved weights to /s/ls4/users/selibrin/spiking_researches/correlation_encoding_and_training/mnist/hpo/single_spk_input_multi_spk_output/hpo_data/hpo_iteration_data/4339499/estimator_1_neuron_2_weights.npy
2025-05-10 01:36:35,484 - INFO - Evaluating model...
2025-05-10 01:39:14,655 - INFO - Saved validation outputs to /s/ls4/users/selibrin/spiking_researches/correlation_encoding_and_training/mnist/hpo/single_spk_input_multi_spk_output/hpo_data/hpo_iteration_data/4339499/estimator_1_neuron_2_validation_outputs.npy
2025-05-10 01:39:14,655 - INFO - Waiting for parameters file: /s/ls4/users/selibrin/spiking_researches/correlation_encoding_and_training/mnist/hpo/single_spk_input_multi_spk_output/hpo_data/hpo_iteration_data/4339499/params_1_2.pkl
2025-05-10 01:39:54,700 - INFO - Loaded HPO parameters
2025-05-10 01:39:54,700 - INFO - Preparing datasets...
2025-05-10 01:39:57,558 - INFO - Prepared datasets: 587 train & 1000 validation samples
2025-05-10 01:39:57,558 - INFO - Initializing model...
2025-05-10 01:39:57,561 - INFO - Fitting model...
2025-05-10 01:41:36,877 - INFO - Saved weights to /s/ls4/users/selibrin/spiking_researches/correlation_encoding_and_training/mnist/hpo/single_spk_input_multi_spk_output/hpo_data/hpo_iteration_data/4339499/estimator_1_neuron_2_weights.npy
2025-05-10 01:41:36,877 - INFO - Evaluating model...
2025-05-10 01:44:19,946 - INFO - Saved validation outputs to /s/ls4/users/selibrin/spiking_researches/correlation_encoding_and_training/mnist/hpo/single_spk_input_multi_spk_output/hpo_data/hpo_iteration_data/4339499/estimator_1_neuron_2_validation_outputs.npy
2025-05-10 01:44:19,947 - INFO - Waiting for parameters file: /s/ls4/users/selibrin/spiking_researches/correlation_encoding_and_training/mnist/hpo/single_spk_input_multi_spk_output/hpo_data/hpo_iteration_data/4339499/params_1_2.pkl
2025-05-10 01:44:59,994 - INFO - Loaded HPO parameters
2025-05-10 01:44:59,994 - INFO - Preparing datasets...
2025-05-10 01:45:02,904 - INFO - Prepared datasets: 587 train & 1000 validation samples
2025-05-10 01:45:02,904 - INFO - Initializing model...
2025-05-10 01:45:02,906 - INFO - Fitting model...
2025-05-10 01:46:41,752 - INFO - Saved weights to /s/ls4/users/selibrin/spiking_researches/correlation_encoding_and_training/mnist/hpo/single_spk_input_multi_spk_output/hpo_data/hpo_iteration_data/4339499/estimator_1_neuron_2_weights.npy
2025-05-10 01:46:41,752 - INFO - Evaluating model...
2025-05-10 01:49:22,281 - INFO - Saved validation outputs to /s/ls4/users/selibrin/spiking_researches/correlation_encoding_and_training/mnist/hpo/single_spk_input_multi_spk_output/hpo_data/hpo_iteration_data/4339499/estimator_1_neuron_2_validation_outputs.npy
2025-05-10 01:49:22,281 - INFO - Waiting for parameters file: /s/ls4/users/selibrin/spiking_researches/correlation_encoding_and_training/mnist/hpo/single_spk_input_multi_spk_output/hpo_data/hpo_iteration_data/4339499/params_1_2.pkl
2025-05-10 01:50:07,333 - INFO - Loaded HPO parameters
2025-05-10 01:50:07,333 - INFO - Preparing datasets...
2025-05-10 01:50:10,192 - INFO - Prepared datasets: 587 train & 1000 validation samples
2025-05-10 01:50:10,193 - INFO - Initializing model...
2025-05-10 01:50:10,195 - INFO - Fitting model...
2025-05-10 01:51:49,750 - INFO - Saved weights to /s/ls4/users/selibrin/spiking_researches/correlation_encoding_and_training/mnist/hpo/single_spk_input_multi_spk_output/hpo_data/hpo_iteration_data/4339499/estimator_1_neuron_2_weights.npy
2025-05-10 01:51:49,751 - INFO - Evaluating model...
2025-05-10 01:54:31,919 - INFO - Saved validation outputs to /s/ls4/users/selibrin/spiking_researches/correlation_encoding_and_training/mnist/hpo/single_spk_input_multi_spk_output/hpo_data/hpo_iteration_data/4339499/estimator_1_neuron_2_validation_outputs.npy
2025-05-10 01:54:31,920 - INFO - Waiting for parameters file: /s/ls4/users/selibrin/spiking_researches/correlation_encoding_and_training/mnist/hpo/single_spk_input_multi_spk_output/hpo_data/hpo_iteration_data/4339499/params_1_2.pkl
2025-05-10 01:55:11,966 - INFO - Loaded HPO parameters
2025-05-10 01:55:11,966 - INFO - Preparing datasets...
2025-05-10 01:55:14,824 - INFO - Prepared datasets: 587 train & 1000 validation samples
2025-05-10 01:55:14,825 - INFO - Initializing model...
2025-05-10 01:55:14,827 - INFO - Fitting model...
2025-05-10 01:56:54,719 - INFO - Saved weights to /s/ls4/users/selibrin/spiking_researches/correlation_encoding_and_training/mnist/hpo/single_spk_input_multi_spk_output/hpo_data/hpo_iteration_data/4339499/estimator_1_neuron_2_weights.npy
2025-05-10 01:56:54,719 - INFO - Evaluating model...
2025-05-10 01:59:37,300 - INFO - Saved validation outputs to /s/ls4/users/selibrin/spiking_researches/correlation_encoding_and_training/mnist/hpo/single_spk_input_multi_spk_output/hpo_data/hpo_iteration_data/4339499/estimator_1_neuron_2_validation_outputs.npy
2025-05-10 01:59:37,301 - INFO - Waiting for parameters file: /s/ls4/users/selibrin/spiking_researches/correlation_encoding_and_training/mnist/hpo/single_spk_input_multi_spk_output/hpo_data/hpo_iteration_data/4339499/params_1_2.pkl
2025-05-10 02:00:17,346 - INFO - Loaded HPO parameters
2025-05-10 02:00:17,347 - INFO - Preparing datasets...
2025-05-10 02:00:20,498 - INFO - Prepared datasets: 293 train & 1000 validation samples
2025-05-10 02:00:20,498 - INFO - Initializing model...
2025-05-10 02:00:20,502 - INFO - Fitting model...
2025-05-10 02:01:09,496 - INFO - Saved weights to /s/ls4/users/selibrin/spiking_researches/correlation_encoding_and_training/mnist/hpo/single_spk_input_multi_spk_output/hpo_data/hpo_iteration_data/4339499/estimator_1_neuron_2_weights.npy
2025-05-10 02:01:09,496 - INFO - Evaluating model...
2025-05-10 02:03:52,648 - INFO - Saved validation outputs to /s/ls4/users/selibrin/spiking_researches/correlation_encoding_and_training/mnist/hpo/single_spk_input_multi_spk_output/hpo_data/hpo_iteration_data/4339499/estimator_1_neuron_2_validation_outputs.npy
2025-05-10 02:03:52,649 - INFO - Waiting for parameters file: /s/ls4/users/selibrin/spiking_researches/correlation_encoding_and_training/mnist/hpo/single_spk_input_multi_spk_output/hpo_data/hpo_iteration_data/4339499/params_1_2.pkl
2025-05-10 02:04:22,683 - INFO - Loaded HPO parameters
2025-05-10 02:04:22,683 - INFO - Preparing datasets...
2025-05-10 02:04:25,724 - INFO - Prepared datasets: 587 train & 1000 validation samples
2025-05-10 02:04:25,724 - INFO - Initializing model...
2025-05-10 02:04:25,726 - INFO - Fitting model...
2025-05-10 02:06:04,181 - INFO - Saved weights to /s/ls4/users/selibrin/spiking_researches/correlation_encoding_and_training/mnist/hpo/single_spk_input_multi_spk_output/hpo_data/hpo_iteration_data/4339499/estimator_1_neuron_2_weights.npy
2025-05-10 02:06:04,181 - INFO - Evaluating model...
2025-05-10 02:08:42,636 - INFO - Saved validation outputs to /s/ls4/users/selibrin/spiking_researches/correlation_encoding_and_training/mnist/hpo/single_spk_input_multi_spk_output/hpo_data/hpo_iteration_data/4339499/estimator_1_neuron_2_validation_outputs.npy
2025-05-10 02:08:42,636 - INFO - Waiting for parameters file: /s/ls4/users/selibrin/spiking_researches/correlation_encoding_and_training/mnist/hpo/single_spk_input_multi_spk_output/hpo_data/hpo_iteration_data/4339499/params_1_2.pkl
2025-05-10 02:09:27,689 - INFO - Loaded HPO parameters
2025-05-10 02:09:27,689 - INFO - Preparing datasets...
2025-05-10 02:09:30,649 - INFO - Prepared datasets: 587 train & 1000 validation samples
2025-05-10 02:09:30,650 - INFO - Initializing model...
2025-05-10 02:09:30,652 - INFO - Fitting model...
2025-05-10 02:11:07,753 - INFO - Saved weights to /s/ls4/users/selibrin/spiking_researches/correlation_encoding_and_training/mnist/hpo/single_spk_input_multi_spk_output/hpo_data/hpo_iteration_data/4339499/estimator_1_neuron_2_weights.npy
2025-05-10 02:11:07,753 - INFO - Evaluating model...
2025-05-10 02:13:44,137 - INFO - Saved validation outputs to /s/ls4/users/selibrin/spiking_researches/correlation_encoding_and_training/mnist/hpo/single_spk_input_multi_spk_output/hpo_data/hpo_iteration_data/4339499/estimator_1_neuron_2_validation_outputs.npy
2025-05-10 02:13:44,137 - INFO - Waiting for parameters file: /s/ls4/users/selibrin/spiking_researches/correlation_encoding_and_training/mnist/hpo/single_spk_input_multi_spk_output/hpo_data/hpo_iteration_data/4339499/params_1_2.pkl
2025-05-10 02:14:34,194 - INFO - Loaded HPO parameters
2025-05-10 02:14:34,194 - INFO - Preparing datasets...
2025-05-10 02:14:37,086 - INFO - Prepared datasets: 293 train & 1000 validation samples
2025-05-10 02:14:37,086 - INFO - Initializing model...
2025-05-10 02:14:37,088 - INFO - Fitting model...
2025-05-10 02:15:26,536 - INFO - Saved weights to /s/ls4/users/selibrin/spiking_researches/correlation_encoding_and_training/mnist/hpo/single_spk_input_multi_spk_output/hpo_data/hpo_iteration_data/4339499/estimator_1_neuron_2_weights.npy
2025-05-10 02:15:26,536 - INFO - Evaluating model...
2025-05-10 02:18:06,928 - INFO - Saved validation outputs to /s/ls4/users/selibrin/spiking_researches/correlation_encoding_and_training/mnist/hpo/single_spk_input_multi_spk_output/hpo_data/hpo_iteration_data/4339499/estimator_1_neuron_2_validation_outputs.npy
2025-05-10 02:18:06,929 - INFO - Waiting for parameters file: /s/ls4/users/selibrin/spiking_researches/correlation_encoding_and_training/mnist/hpo/single_spk_input_multi_spk_output/hpo_data/hpo_iteration_data/4339499/params_1_2.pkl
2025-05-10 02:18:41,965 - INFO - Loaded HPO parameters
2025-05-10 02:18:41,965 - INFO - Preparing datasets...
2025-05-10 02:18:44,879 - INFO - Prepared datasets: 587 train & 1000 validation samples
2025-05-10 02:18:44,879 - INFO - Initializing model...
2025-05-10 02:18:44,881 - INFO - Fitting model...
2025-05-10 02:20:24,433 - INFO - Saved weights to /s/ls4/users/selibrin/spiking_researches/correlation_encoding_and_training/mnist/hpo/single_spk_input_multi_spk_output/hpo_data/hpo_iteration_data/4339499/estimator_1_neuron_2_weights.npy
2025-05-10 02:20:24,433 - INFO - Evaluating model...
2025-05-10 02:23:08,908 - INFO - Saved validation outputs to /s/ls4/users/selibrin/spiking_researches/correlation_encoding_and_training/mnist/hpo/single_spk_input_multi_spk_output/hpo_data/hpo_iteration_data/4339499/estimator_1_neuron_2_validation_outputs.npy
2025-05-10 02:23:08,908 - INFO - Waiting for parameters file: /s/ls4/users/selibrin/spiking_researches/correlation_encoding_and_training/mnist/hpo/single_spk_input_multi_spk_output/hpo_data/hpo_iteration_data/4339499/params_1_2.pkl
2025-05-10 02:23:43,950 - INFO - Loaded HPO parameters
2025-05-10 02:23:43,950 - INFO - Preparing datasets...
2025-05-10 02:23:47,202 - INFO - Prepared datasets: 587 train & 1000 validation samples
2025-05-10 02:23:47,203 - INFO - Initializing model...
2025-05-10 02:23:47,205 - INFO - Fitting model...
2025-05-10 02:25:28,480 - INFO - Saved weights to /s/ls4/users/selibrin/spiking_researches/correlation_encoding_and_training/mnist/hpo/single_spk_input_multi_spk_output/hpo_data/hpo_iteration_data/4339499/estimator_1_neuron_2_weights.npy
2025-05-10 02:25:28,480 - INFO - Evaluating model...
2025-05-10 02:28:07,872 - INFO - Saved validation outputs to /s/ls4/users/selibrin/spiking_researches/correlation_encoding_and_training/mnist/hpo/single_spk_input_multi_spk_output/hpo_data/hpo_iteration_data/4339499/estimator_1_neuron_2_validation_outputs.npy
2025-05-10 02:28:07,872 - INFO - Waiting for parameters file: /s/ls4/users/selibrin/spiking_researches/correlation_encoding_and_training/mnist/hpo/single_spk_input_multi_spk_output/hpo_data/hpo_iteration_data/4339499/params_1_2.pkl
2025-05-10 02:28:52,924 - INFO - Loaded HPO parameters
2025-05-10 02:28:52,924 - INFO - Preparing datasets...
2025-05-10 02:28:55,960 - INFO - Prepared datasets: 587 train & 1000 validation samples
2025-05-10 02:28:55,960 - INFO - Initializing model...
2025-05-10 02:28:55,963 - INFO - Fitting model...
2025-05-10 02:30:37,126 - INFO - Saved weights to /s/ls4/users/selibrin/spiking_researches/correlation_encoding_and_training/mnist/hpo/single_spk_input_multi_spk_output/hpo_data/hpo_iteration_data/4339499/estimator_1_neuron_2_weights.npy
2025-05-10 02:30:37,126 - INFO - Evaluating model...
2025-05-10 02:33:21,365 - INFO - Saved validation outputs to /s/ls4/users/selibrin/spiking_researches/correlation_encoding_and_training/mnist/hpo/single_spk_input_multi_spk_output/hpo_data/hpo_iteration_data/4339499/estimator_1_neuron_2_validation_outputs.npy
2025-05-10 02:33:21,365 - INFO - Waiting for parameters file: /s/ls4/users/selibrin/spiking_researches/correlation_encoding_and_training/mnist/hpo/single_spk_input_multi_spk_output/hpo_data/hpo_iteration_data/4339499/params_1_2.pkl
2025-05-10 02:33:56,407 - INFO - Loaded HPO parameters
2025-05-10 02:33:56,407 - INFO - Preparing datasets...
2025-05-10 02:33:59,267 - INFO - Prepared datasets: 293 train & 1000 validation samples
2025-05-10 02:33:59,268 - INFO - Initializing model...
2025-05-10 02:33:59,270 - INFO - Fitting model...
2025-05-10 02:34:50,035 - INFO - Saved weights to /s/ls4/users/selibrin/spiking_researches/correlation_encoding_and_training/mnist/hpo/single_spk_input_multi_spk_output/hpo_data/hpo_iteration_data/4339499/estimator_1_neuron_2_weights.npy
2025-05-10 02:34:50,036 - INFO - Evaluating model...
2025-05-10 02:37:40,484 - INFO - Saved validation outputs to /s/ls4/users/selibrin/spiking_researches/correlation_encoding_and_training/mnist/hpo/single_spk_input_multi_spk_output/hpo_data/hpo_iteration_data/4339499/estimator_1_neuron_2_validation_outputs.npy
2025-05-10 02:37:40,484 - INFO - Waiting for parameters file: /s/ls4/users/selibrin/spiking_researches/correlation_encoding_and_training/mnist/hpo/single_spk_input_multi_spk_output/hpo_data/hpo_iteration_data/4339499/params_1_2.pkl
2025-05-10 02:38:00,533 - INFO - Loaded HPO parameters
2025-05-10 02:38:00,534 - INFO - Preparing datasets...
2025-05-10 02:38:03,519 - INFO - Prepared datasets: 587 train & 1000 validation samples
2025-05-10 02:38:03,519 - INFO - Initializing model...
2025-05-10 02:38:03,522 - INFO - Fitting model...
2025-05-10 02:39:42,628 - INFO - Saved weights to /s/ls4/users/selibrin/spiking_researches/correlation_encoding_and_training/mnist/hpo/single_spk_input_multi_spk_output/hpo_data/hpo_iteration_data/4339499/estimator_1_neuron_2_weights.npy
2025-05-10 02:39:42,628 - INFO - Evaluating model...
2025-05-10 02:42:26,801 - INFO - Saved validation outputs to /s/ls4/users/selibrin/spiking_researches/correlation_encoding_and_training/mnist/hpo/single_spk_input_multi_spk_output/hpo_data/hpo_iteration_data/4339499/estimator_1_neuron_2_validation_outputs.npy
2025-05-10 02:42:26,802 - INFO - Waiting for parameters file: /s/ls4/users/selibrin/spiking_researches/correlation_encoding_and_training/mnist/hpo/single_spk_input_multi_spk_output/hpo_data/hpo_iteration_data/4339499/params_1_2.pkl
2025-05-10 02:43:06,848 - INFO - Loaded HPO parameters
2025-05-10 02:43:06,848 - INFO - Preparing datasets...
2025-05-10 02:43:09,874 - INFO - Prepared datasets: 587 train & 1000 validation samples
2025-05-10 02:43:09,874 - INFO - Initializing model...
2025-05-10 02:43:09,877 - INFO - Fitting model...
2025-05-10 02:44:51,138 - INFO - Saved weights to /s/ls4/users/selibrin/spiking_researches/correlation_encoding_and_training/mnist/hpo/single_spk_input_multi_spk_output/hpo_data/hpo_iteration_data/4339499/estimator_1_neuron_2_weights.npy
2025-05-10 02:44:51,138 - INFO - Evaluating model...
2025-05-10 02:47:38,629 - INFO - Saved validation outputs to /s/ls4/users/selibrin/spiking_researches/correlation_encoding_and_training/mnist/hpo/single_spk_input_multi_spk_output/hpo_data/hpo_iteration_data/4339499/estimator_1_neuron_2_validation_outputs.npy
2025-05-10 02:47:38,629 - INFO - Waiting for parameters file: /s/ls4/users/selibrin/spiking_researches/correlation_encoding_and_training/mnist/hpo/single_spk_input_multi_spk_output/hpo_data/hpo_iteration_data/4339499/params_1_2.pkl
2025-05-10 02:48:13,671 - INFO - Loaded HPO parameters
2025-05-10 02:48:13,671 - INFO - Preparing datasets...
2025-05-10 02:48:16,621 - INFO - Prepared datasets: 587 train & 1000 validation samples
2025-05-10 02:48:16,621 - INFO - Initializing model...
2025-05-10 02:48:16,624 - INFO - Fitting model...
2025-05-10 02:49:57,882 - INFO - Saved weights to /s/ls4/users/selibrin/spiking_researches/correlation_encoding_and_training/mnist/hpo/single_spk_input_multi_spk_output/hpo_data/hpo_iteration_data/4339499/estimator_1_neuron_2_weights.npy
2025-05-10 02:49:57,882 - INFO - Evaluating model...
2025-05-10 02:52:46,494 - INFO - Saved validation outputs to /s/ls4/users/selibrin/spiking_researches/correlation_encoding_and_training/mnist/hpo/single_spk_input_multi_spk_output/hpo_data/hpo_iteration_data/4339499/estimator_1_neuron_2_validation_outputs.npy
2025-05-10 02:52:46,494 - INFO - Waiting for parameters file: /s/ls4/users/selibrin/spiking_researches/correlation_encoding_and_training/mnist/hpo/single_spk_input_multi_spk_output/hpo_data/hpo_iteration_data/4339499/params_1_2.pkl
2025-05-10 02:53:16,530 - INFO - Loaded HPO parameters
2025-05-10 02:53:16,531 - INFO - Preparing datasets...
2025-05-10 02:53:19,691 - INFO - Prepared datasets: 293 train & 1000 validation samples
2025-05-10 02:53:19,692 - INFO - Initializing model...
2025-05-10 02:53:19,694 - INFO - Fitting model...
2025-05-10 02:54:09,713 - INFO - Saved weights to /s/ls4/users/selibrin/spiking_researches/correlation_encoding_and_training/mnist/hpo/single_spk_input_multi_spk_output/hpo_data/hpo_iteration_data/4339499/estimator_1_neuron_2_weights.npy
2025-05-10 02:54:09,713 - INFO - Evaluating model...
2025-05-10 02:56:55,660 - INFO - Saved validation outputs to /s/ls4/users/selibrin/spiking_researches/correlation_encoding_and_training/mnist/hpo/single_spk_input_multi_spk_output/hpo_data/hpo_iteration_data/4339499/estimator_1_neuron_2_validation_outputs.npy
2025-05-10 02:56:55,661 - INFO - Waiting for parameters file: /s/ls4/users/selibrin/spiking_researches/correlation_encoding_and_training/mnist/hpo/single_spk_input_multi_spk_output/hpo_data/hpo_iteration_data/4339499/params_1_2.pkl
2025-05-10 02:57:20,692 - INFO - Loaded HPO parameters
2025-05-10 02:57:20,693 - INFO - Preparing datasets...
2025-05-10 02:57:23,810 - INFO - Prepared datasets: 587 train & 1000 validation samples
2025-05-10 02:57:23,810 - INFO - Initializing model...
2025-05-10 02:57:23,818 - INFO - Fitting model...
2025-05-10 02:59:05,528 - INFO - Saved weights to /s/ls4/users/selibrin/spiking_researches/correlation_encoding_and_training/mnist/hpo/single_spk_input_multi_spk_output/hpo_data/hpo_iteration_data/4339499/estimator_1_neuron_2_weights.npy
2025-05-10 02:59:05,528 - INFO - Evaluating model...
2025-05-10 03:01:53,824 - INFO - Saved validation outputs to /s/ls4/users/selibrin/spiking_researches/correlation_encoding_and_training/mnist/hpo/single_spk_input_multi_spk_output/hpo_data/hpo_iteration_data/4339499/estimator_1_neuron_2_validation_outputs.npy
2025-05-10 03:01:53,825 - INFO - Waiting for parameters file: /s/ls4/users/selibrin/spiking_researches/correlation_encoding_and_training/mnist/hpo/single_spk_input_multi_spk_output/hpo_data/hpo_iteration_data/4339499/params_1_2.pkl
2025-05-10 03:02:28,867 - INFO - Loaded HPO parameters
2025-05-10 03:02:28,867 - INFO - Preparing datasets...
2025-05-10 03:02:31,856 - INFO - Prepared datasets: 587 train & 1000 validation samples
2025-05-10 03:02:31,857 - INFO - Initializing model...
2025-05-10 03:02:31,859 - INFO - Fitting model...
2025-05-10 03:04:14,174 - INFO - Saved weights to /s/ls4/users/selibrin/spiking_researches/correlation_encoding_and_training/mnist/hpo/single_spk_input_multi_spk_output/hpo_data/hpo_iteration_data/4339499/estimator_1_neuron_2_weights.npy
2025-05-10 03:04:14,175 - INFO - Evaluating model...
2025-05-10 03:07:01,233 - INFO - Saved validation outputs to /s/ls4/users/selibrin/spiking_researches/correlation_encoding_and_training/mnist/hpo/single_spk_input_multi_spk_output/hpo_data/hpo_iteration_data/4339499/estimator_1_neuron_2_validation_outputs.npy
2025-05-10 03:07:01,233 - INFO - Waiting for parameters file: /s/ls4/users/selibrin/spiking_researches/correlation_encoding_and_training/mnist/hpo/single_spk_input_multi_spk_output/hpo_data/hpo_iteration_data/4339499/params_1_2.pkl
2025-05-10 03:07:36,275 - INFO - Loaded HPO parameters
2025-05-10 03:07:36,275 - INFO - Preparing datasets...
2025-05-10 03:07:39,373 - INFO - Prepared datasets: 587 train & 1000 validation samples
2025-05-10 03:07:39,374 - INFO - Initializing model...
2025-05-10 03:07:39,376 - INFO - Fitting model...
2025-05-10 03:09:21,178 - INFO - Saved weights to /s/ls4/users/selibrin/spiking_researches/correlation_encoding_and_training/mnist/hpo/single_spk_input_multi_spk_output/hpo_data/hpo_iteration_data/4339499/estimator_1_neuron_2_weights.npy
2025-05-10 03:09:21,178 - INFO - Evaluating model...
2025-05-10 03:12:07,602 - INFO - Saved validation outputs to /s/ls4/users/selibrin/spiking_researches/correlation_encoding_and_training/mnist/hpo/single_spk_input_multi_spk_output/hpo_data/hpo_iteration_data/4339499/estimator_1_neuron_2_validation_outputs.npy
2025-05-10 03:12:07,602 - INFO - Waiting for parameters file: /s/ls4/users/selibrin/spiking_researches/correlation_encoding_and_training/mnist/hpo/single_spk_input_multi_spk_output/hpo_data/hpo_iteration_data/4339499/params_1_2.pkl
2025-05-10 03:12:37,639 - INFO - Loaded HPO parameters
2025-05-10 03:12:37,639 - INFO - Preparing datasets...
2025-05-10 03:12:40,691 - INFO - Prepared datasets: 293 train & 1000 validation samples
2025-05-10 03:12:40,692 - INFO - Initializing model...
2025-05-10 03:12:40,694 - INFO - Fitting model...
2025-05-10 03:13:29,357 - INFO - Saved weights to /s/ls4/users/selibrin/spiking_researches/correlation_encoding_and_training/mnist/hpo/single_spk_input_multi_spk_output/hpo_data/hpo_iteration_data/4339499/estimator_1_neuron_2_weights.npy
2025-05-10 03:13:29,357 - INFO - Evaluating model...
2025-05-10 03:16:08,746 - INFO - Saved validation outputs to /s/ls4/users/selibrin/spiking_researches/correlation_encoding_and_training/mnist/hpo/single_spk_input_multi_spk_output/hpo_data/hpo_iteration_data/4339499/estimator_1_neuron_2_validation_outputs.npy
2025-05-10 03:16:08,747 - INFO - Waiting for parameters file: /s/ls4/users/selibrin/spiking_researches/correlation_encoding_and_training/mnist/hpo/single_spk_input_multi_spk_output/hpo_data/hpo_iteration_data/4339499/params_1_2.pkl
2025-05-10 03:16:43,788 - INFO - Loaded HPO parameters
2025-05-10 03:16:43,789 - INFO - Preparing datasets...
2025-05-10 03:16:46,873 - INFO - Prepared datasets: 587 train & 1000 validation samples
2025-05-10 03:16:46,873 - INFO - Initializing model...
2025-05-10 03:16:46,876 - INFO - Fitting model...
2025-05-10 03:18:27,230 - INFO - Saved weights to /s/ls4/users/selibrin/spiking_researches/correlation_encoding_and_training/mnist/hpo/single_spk_input_multi_spk_output/hpo_data/hpo_iteration_data/4339499/estimator_1_neuron_2_weights.npy
2025-05-10 03:18:27,231 - INFO - Evaluating model...
2025-05-10 03:21:09,802 - INFO - Saved validation outputs to /s/ls4/users/selibrin/spiking_researches/correlation_encoding_and_training/mnist/hpo/single_spk_input_multi_spk_output/hpo_data/hpo_iteration_data/4339499/estimator_1_neuron_2_validation_outputs.npy
2025-05-10 03:21:09,802 - INFO - Waiting for parameters file: /s/ls4/users/selibrin/spiking_researches/correlation_encoding_and_training/mnist/hpo/single_spk_input_multi_spk_output/hpo_data/hpo_iteration_data/4339499/params_1_2.pkl
2025-05-10 03:21:49,845 - INFO - Loaded HPO parameters
2025-05-10 03:21:49,845 - INFO - Preparing datasets...
2025-05-10 03:21:53,157 - INFO - Prepared datasets: 587 train & 1000 validation samples
2025-05-10 03:21:53,157 - INFO - Initializing model...
2025-05-10 03:21:53,160 - INFO - Fitting model...
2025-05-10 03:23:34,421 - INFO - Saved weights to /s/ls4/users/selibrin/spiking_researches/correlation_encoding_and_training/mnist/hpo/single_spk_input_multi_spk_output/hpo_data/hpo_iteration_data/4339499/estimator_1_neuron_2_weights.npy
2025-05-10 03:23:34,422 - INFO - Evaluating model...
2025-05-10 03:26:22,510 - INFO - Saved validation outputs to /s/ls4/users/selibrin/spiking_researches/correlation_encoding_and_training/mnist/hpo/single_spk_input_multi_spk_output/hpo_data/hpo_iteration_data/4339499/estimator_1_neuron_2_validation_outputs.npy
2025-05-10 03:26:22,511 - INFO - Waiting for parameters file: /s/ls4/users/selibrin/spiking_researches/correlation_encoding_and_training/mnist/hpo/single_spk_input_multi_spk_output/hpo_data/hpo_iteration_data/4339499/params_1_2.pkl
2025-05-10 03:26:57,551 - INFO - Loaded HPO parameters
2025-05-10 03:26:57,551 - INFO - Preparing datasets...
2025-05-10 03:27:00,514 - INFO - Prepared datasets: 1175 train & 1000 validation samples
2025-05-10 03:27:00,515 - INFO - Initializing model...
2025-05-10 03:27:00,517 - INFO - Fitting model...
2025-05-10 03:30:26,543 - INFO - Saved weights to /s/ls4/users/selibrin/spiking_researches/correlation_encoding_and_training/mnist/hpo/single_spk_input_multi_spk_output/hpo_data/hpo_iteration_data/4339499/estimator_1_neuron_2_weights.npy
2025-05-10 03:30:26,543 - INFO - Evaluating model...
2025-05-10 03:33:14,682 - INFO - Saved validation outputs to /s/ls4/users/selibrin/spiking_researches/correlation_encoding_and_training/mnist/hpo/single_spk_input_multi_spk_output/hpo_data/hpo_iteration_data/4339499/estimator_1_neuron_2_validation_outputs.npy
2025-05-10 03:33:14,683 - INFO - Waiting for parameters file: /s/ls4/users/selibrin/spiking_researches/correlation_encoding_and_training/mnist/hpo/single_spk_input_multi_spk_output/hpo_data/hpo_iteration_data/4339499/params_1_2.pkl
2025-05-10 03:33:29,702 - INFO - Loaded HPO parameters
2025-05-10 03:33:29,703 - INFO - Preparing datasets...
2025-05-10 03:33:32,672 - INFO - Prepared datasets: 587 train & 1000 validation samples
2025-05-10 03:33:32,672 - INFO - Initializing model...
2025-05-10 03:33:32,675 - INFO - Fitting model...
2025-05-10 03:35:13,897 - INFO - Saved weights to /s/ls4/users/selibrin/spiking_researches/correlation_encoding_and_training/mnist/hpo/single_spk_input_multi_spk_output/hpo_data/hpo_iteration_data/4339499/estimator_1_neuron_2_weights.npy
2025-05-10 03:35:13,897 - INFO - Evaluating model...
2025-05-10 03:37:58,693 - INFO - Saved validation outputs to /s/ls4/users/selibrin/spiking_researches/correlation_encoding_and_training/mnist/hpo/single_spk_input_multi_spk_output/hpo_data/hpo_iteration_data/4339499/estimator_1_neuron_2_validation_outputs.npy
2025-05-10 03:37:58,693 - INFO - Waiting for parameters file: /s/ls4/users/selibrin/spiking_researches/correlation_encoding_and_training/mnist/hpo/single_spk_input_multi_spk_output/hpo_data/hpo_iteration_data/4339499/params_1_2.pkl
2025-05-10 03:38:38,740 - INFO - Loaded HPO parameters
2025-05-10 03:38:38,740 - INFO - Preparing datasets...
2025-05-10 03:38:41,668 - INFO - Prepared datasets: 587 train & 1000 validation samples
2025-05-10 03:38:41,669 - INFO - Initializing model...
2025-05-10 03:38:41,671 - INFO - Fitting model...
2025-05-10 03:40:22,511 - INFO - Saved weights to /s/ls4/users/selibrin/spiking_researches/correlation_encoding_and_training/mnist/hpo/single_spk_input_multi_spk_output/hpo_data/hpo_iteration_data/4339499/estimator_1_neuron_2_weights.npy
2025-05-10 03:40:22,511 - INFO - Evaluating model...
2025-05-10 03:43:08,095 - INFO - Saved validation outputs to /s/ls4/users/selibrin/spiking_researches/correlation_encoding_and_training/mnist/hpo/single_spk_input_multi_spk_output/hpo_data/hpo_iteration_data/4339499/estimator_1_neuron_2_validation_outputs.npy
2025-05-10 03:43:08,095 - INFO - Waiting for parameters file: /s/ls4/users/selibrin/spiking_researches/correlation_encoding_and_training/mnist/hpo/single_spk_input_multi_spk_output/hpo_data/hpo_iteration_data/4339499/params_1_2.pkl
2025-05-10 03:43:43,137 - INFO - Loaded HPO parameters
2025-05-10 03:43:43,137 - INFO - Preparing datasets...
2025-05-10 03:43:46,349 - INFO - Prepared datasets: 587 train & 1000 validation samples
2025-05-10 03:43:46,349 - INFO - Initializing model...
2025-05-10 03:43:46,352 - INFO - Fitting model...
2025-05-10 03:45:27,894 - INFO - Saved weights to /s/ls4/users/selibrin/spiking_researches/correlation_encoding_and_training/mnist/hpo/single_spk_input_multi_spk_output/hpo_data/hpo_iteration_data/4339499/estimator_1_neuron_2_weights.npy
2025-05-10 03:45:27,894 - INFO - Evaluating model...
2025-05-10 03:48:16,770 - INFO - Saved validation outputs to /s/ls4/users/selibrin/spiking_researches/correlation_encoding_and_training/mnist/hpo/single_spk_input_multi_spk_output/hpo_data/hpo_iteration_data/4339499/estimator_1_neuron_2_validation_outputs.npy
2025-05-10 03:48:16,771 - INFO - Waiting for parameters file: /s/ls4/users/selibrin/spiking_researches/correlation_encoding_and_training/mnist/hpo/single_spk_input_multi_spk_output/hpo_data/hpo_iteration_data/4339499/params_1_2.pkl
2025-05-10 03:48:46,807 - INFO - Loaded HPO parameters
2025-05-10 03:48:46,807 - INFO - Preparing datasets...
2025-05-10 03:48:49,868 - INFO - Prepared datasets: 587 train & 1000 validation samples
2025-05-10 03:48:49,868 - INFO - Initializing model...
2025-05-10 03:48:49,871 - INFO - Fitting model...
2025-05-10 03:50:32,093 - INFO - Saved weights to /s/ls4/users/selibrin/spiking_researches/correlation_encoding_and_training/mnist/hpo/single_spk_input_multi_spk_output/hpo_data/hpo_iteration_data/4339499/estimator_1_neuron_2_weights.npy
2025-05-10 03:50:32,093 - INFO - Evaluating model...
2025-05-10 03:53:17,128 - INFO - Saved validation outputs to /s/ls4/users/selibrin/spiking_researches/correlation_encoding_and_training/mnist/hpo/single_spk_input_multi_spk_output/hpo_data/hpo_iteration_data/4339499/estimator_1_neuron_2_validation_outputs.npy
2025-05-10 03:53:17,129 - INFO - Waiting for parameters file: /s/ls4/users/selibrin/spiking_researches/correlation_encoding_and_training/mnist/hpo/single_spk_input_multi_spk_output/hpo_data/hpo_iteration_data/4339499/params_1_2.pkl
2025-05-10 03:53:52,171 - INFO - Loaded HPO parameters
2025-05-10 03:53:52,172 - INFO - Preparing datasets...
2025-05-10 03:53:55,521 - INFO - Prepared datasets: 587 train & 1000 validation samples
2025-05-10 03:53:55,521 - INFO - Initializing model...
2025-05-10 03:53:55,523 - INFO - Fitting model...
2025-05-10 03:55:35,124 - INFO - Saved weights to /s/ls4/users/selibrin/spiking_researches/correlation_encoding_and_training/mnist/hpo/single_spk_input_multi_spk_output/hpo_data/hpo_iteration_data/4339499/estimator_1_neuron_2_weights.npy
2025-05-10 03:55:35,124 - INFO - Evaluating model...
2025-05-10 03:58:21,611 - INFO - Saved validation outputs to /s/ls4/users/selibrin/spiking_researches/correlation_encoding_and_training/mnist/hpo/single_spk_input_multi_spk_output/hpo_data/hpo_iteration_data/4339499/estimator_1_neuron_2_validation_outputs.npy
2025-05-10 03:58:21,612 - INFO - Waiting for parameters file: /s/ls4/users/selibrin/spiking_researches/correlation_encoding_and_training/mnist/hpo/single_spk_input_multi_spk_output/hpo_data/hpo_iteration_data/4339499/params_1_2.pkl
2025-05-10 03:58:56,656 - INFO - Loaded HPO parameters
2025-05-10 03:58:56,656 - INFO - Preparing datasets...
2025-05-10 03:58:59,664 - INFO - Prepared datasets: 587 train & 1000 validation samples
2025-05-10 03:58:59,665 - INFO - Initializing model...
2025-05-10 03:58:59,670 - INFO - Fitting model...
2025-05-10 04:00:40,807 - INFO - Saved weights to /s/ls4/users/selibrin/spiking_researches/correlation_encoding_and_training/mnist/hpo/single_spk_input_multi_spk_output/hpo_data/hpo_iteration_data/4339499/estimator_1_neuron_2_weights.npy
2025-05-10 04:00:40,807 - INFO - Evaluating model...
2025-05-10 04:03:28,142 - INFO - Saved validation outputs to /s/ls4/users/selibrin/spiking_researches/correlation_encoding_and_training/mnist/hpo/single_spk_input_multi_spk_output/hpo_data/hpo_iteration_data/4339499/estimator_1_neuron_2_validation_outputs.npy
2025-05-10 04:03:28,142 - INFO - Waiting for parameters file: /s/ls4/users/selibrin/spiking_researches/correlation_encoding_and_training/mnist/hpo/single_spk_input_multi_spk_output/hpo_data/hpo_iteration_data/4339499/params_1_2.pkl
2025-05-10 04:04:03,184 - INFO - Loaded HPO parameters
2025-05-10 04:04:03,184 - INFO - Preparing datasets...
2025-05-10 04:04:06,296 - INFO - Prepared datasets: 587 train & 1000 validation samples
2025-05-10 04:04:06,297 - INFO - Initializing model...
2025-05-10 04:04:06,300 - INFO - Fitting model...
2025-05-10 04:05:46,826 - INFO - Saved weights to /s/ls4/users/selibrin/spiking_researches/correlation_encoding_and_training/mnist/hpo/single_spk_input_multi_spk_output/hpo_data/hpo_iteration_data/4339499/estimator_1_neuron_2_weights.npy
2025-05-10 04:05:46,826 - INFO - Evaluating model...
2025-05-10 04:08:33,846 - INFO - Saved validation outputs to /s/ls4/users/selibrin/spiking_researches/correlation_encoding_and_training/mnist/hpo/single_spk_input_multi_spk_output/hpo_data/hpo_iteration_data/4339499/estimator_1_neuron_2_validation_outputs.npy
2025-05-10 04:08:33,846 - INFO - Waiting for parameters file: /s/ls4/users/selibrin/spiking_researches/correlation_encoding_and_training/mnist/hpo/single_spk_input_multi_spk_output/hpo_data/hpo_iteration_data/4339499/params_1_2.pkl
2025-05-10 04:09:14,037 - INFO - Loaded HPO parameters
2025-05-10 04:09:14,037 - INFO - Preparing datasets...
2025-05-10 04:09:17,170 - INFO - Prepared datasets: 587 train & 1000 validation samples
2025-05-10 04:09:17,171 - INFO - Initializing model...
2025-05-10 04:09:17,173 - INFO - Fitting model...
2025-05-10 04:11:00,065 - INFO - Saved weights to /s/ls4/users/selibrin/spiking_researches/correlation_encoding_and_training/mnist/hpo/single_spk_input_multi_spk_output/hpo_data/hpo_iteration_data/4339499/estimator_1_neuron_2_weights.npy
2025-05-10 04:11:00,066 - INFO - Evaluating model...
2025-05-10 04:13:47,744 - INFO - Saved validation outputs to /s/ls4/users/selibrin/spiking_researches/correlation_encoding_and_training/mnist/hpo/single_spk_input_multi_spk_output/hpo_data/hpo_iteration_data/4339499/estimator_1_neuron_2_validation_outputs.npy
2025-05-10 04:13:47,745 - INFO - Waiting for parameters file: /s/ls4/users/selibrin/spiking_researches/correlation_encoding_and_training/mnist/hpo/single_spk_input_multi_spk_output/hpo_data/hpo_iteration_data/4339499/params_1_2.pkl
2025-05-10 04:14:17,782 - INFO - Loaded HPO parameters
2025-05-10 04:14:17,782 - INFO - Preparing datasets...
2025-05-10 04:14:20,939 - INFO - Prepared datasets: 587 train & 1000 validation samples
2025-05-10 04:14:20,940 - INFO - Initializing model...
2025-05-10 04:14:20,943 - INFO - Fitting model...
2025-05-10 04:16:03,247 - INFO - Saved weights to /s/ls4/users/selibrin/spiking_researches/correlation_encoding_and_training/mnist/hpo/single_spk_input_multi_spk_output/hpo_data/hpo_iteration_data/4339499/estimator_1_neuron_2_weights.npy
2025-05-10 04:16:03,248 - INFO - Evaluating model...
2025-05-10 04:18:49,308 - INFO - Saved validation outputs to /s/ls4/users/selibrin/spiking_researches/correlation_encoding_and_training/mnist/hpo/single_spk_input_multi_spk_output/hpo_data/hpo_iteration_data/4339499/estimator_1_neuron_2_validation_outputs.npy
2025-05-10 04:18:49,308 - INFO - Waiting for parameters file: /s/ls4/users/selibrin/spiking_researches/correlation_encoding_and_training/mnist/hpo/single_spk_input_multi_spk_output/hpo_data/hpo_iteration_data/4339499/params_1_2.pkl
2025-05-10 04:19:24,349 - INFO - Loaded HPO parameters
2025-05-10 04:19:24,349 - INFO - Preparing datasets...
2025-05-10 04:19:27,797 - INFO - Prepared datasets: 1175 train & 1000 validation samples
2025-05-10 04:19:27,797 - INFO - Initializing model...
2025-05-10 04:19:27,800 - INFO - Fitting model...
2025-05-10 04:22:54,224 - INFO - Saved weights to /s/ls4/users/selibrin/spiking_researches/correlation_encoding_and_training/mnist/hpo/single_spk_input_multi_spk_output/hpo_data/hpo_iteration_data/4339499/estimator_1_neuron_2_weights.npy
2025-05-10 04:22:54,225 - INFO - Evaluating model...
2025-05-10 04:25:42,024 - INFO - Saved validation outputs to /s/ls4/users/selibrin/spiking_researches/correlation_encoding_and_training/mnist/hpo/single_spk_input_multi_spk_output/hpo_data/hpo_iteration_data/4339499/estimator_1_neuron_2_validation_outputs.npy
2025-05-10 04:25:42,024 - INFO - Waiting for parameters file: /s/ls4/users/selibrin/spiking_researches/correlation_encoding_and_training/mnist/hpo/single_spk_input_multi_spk_output/hpo_data/hpo_iteration_data/4339499/params_1_2.pkl
2025-05-10 04:25:57,048 - INFO - Loaded HPO parameters
2025-05-10 04:25:57,048 - INFO - Preparing datasets...
2025-05-10 04:26:00,155 - INFO - Prepared datasets: 587 train & 1000 validation samples
2025-05-10 04:26:00,155 - INFO - Initializing model...
2025-05-10 04:26:00,158 - INFO - Fitting model...
2025-05-10 04:27:41,959 - INFO - Saved weights to /s/ls4/users/selibrin/spiking_researches/correlation_encoding_and_training/mnist/hpo/single_spk_input_multi_spk_output/hpo_data/hpo_iteration_data/4339499/estimator_1_neuron_2_weights.npy
2025-05-10 04:27:41,959 - INFO - Evaluating model...
2025-05-10 04:30:26,519 - INFO - Saved validation outputs to /s/ls4/users/selibrin/spiking_researches/correlation_encoding_and_training/mnist/hpo/single_spk_input_multi_spk_output/hpo_data/hpo_iteration_data/4339499/estimator_1_neuron_2_validation_outputs.npy
2025-05-10 04:30:26,520 - INFO - Waiting for parameters file: /s/ls4/users/selibrin/spiking_researches/correlation_encoding_and_training/mnist/hpo/single_spk_input_multi_spk_output/hpo_data/hpo_iteration_data/4339499/params_1_2.pkl
2025-05-10 04:31:06,567 - INFO - Loaded HPO parameters
2025-05-10 04:31:06,567 - INFO - Preparing datasets...
2025-05-10 04:31:09,581 - INFO - Prepared datasets: 293 train & 1000 validation samples
2025-05-10 04:31:09,582 - INFO - Initializing model...
2025-05-10 04:31:09,584 - INFO - Fitting model...
2025-05-10 04:31:59,457 - INFO - Saved weights to /s/ls4/users/selibrin/spiking_researches/correlation_encoding_and_training/mnist/hpo/single_spk_input_multi_spk_output/hpo_data/hpo_iteration_data/4339499/estimator_1_neuron_2_weights.npy
2025-05-10 04:31:59,457 - INFO - Evaluating model...
2025-05-10 04:34:43,244 - INFO - Saved validation outputs to /s/ls4/users/selibrin/spiking_researches/correlation_encoding_and_training/mnist/hpo/single_spk_input_multi_spk_output/hpo_data/hpo_iteration_data/4339499/estimator_1_neuron_2_validation_outputs.npy
2025-05-10 04:34:43,245 - INFO - Waiting for parameters file: /s/ls4/users/selibrin/spiking_researches/correlation_encoding_and_training/mnist/hpo/single_spk_input_multi_spk_output/hpo_data/hpo_iteration_data/4339499/params_1_2.pkl
2025-05-10 04:35:08,275 - INFO - Loaded HPO parameters
2025-05-10 04:35:08,276 - INFO - Preparing datasets...
2025-05-10 04:35:11,339 - INFO - Prepared datasets: 587 train & 1000 validation samples
2025-05-10 04:35:11,340 - INFO - Initializing model...
2025-05-10 04:35:11,342 - INFO - Fitting model...
2025-05-10 04:36:50,583 - INFO - Saved weights to /s/ls4/users/selibrin/spiking_researches/correlation_encoding_and_training/mnist/hpo/single_spk_input_multi_spk_output/hpo_data/hpo_iteration_data/4339499/estimator_1_neuron_2_weights.npy
2025-05-10 04:36:50,583 - INFO - Evaluating model...
2025-05-10 04:39:33,686 - INFO - Saved validation outputs to /s/ls4/users/selibrin/spiking_researches/correlation_encoding_and_training/mnist/hpo/single_spk_input_multi_spk_output/hpo_data/hpo_iteration_data/4339499/estimator_1_neuron_2_validation_outputs.npy
2025-05-10 04:39:33,686 - INFO - Waiting for parameters file: /s/ls4/users/selibrin/spiking_researches/correlation_encoding_and_training/mnist/hpo/single_spk_input_multi_spk_output/hpo_data/hpo_iteration_data/4339499/params_1_2.pkl
2025-05-10 04:40:13,757 - INFO - Loaded HPO parameters
2025-05-10 04:40:13,757 - INFO - Preparing datasets...
2025-05-10 04:40:16,655 - INFO - Prepared datasets: 587 train & 1000 validation samples
2025-05-10 04:40:16,656 - INFO - Initializing model...
2025-05-10 04:40:16,658 - INFO - Fitting model...
2025-05-10 04:41:53,819 - INFO - Saved weights to /s/ls4/users/selibrin/spiking_researches/correlation_encoding_and_training/mnist/hpo/single_spk_input_multi_spk_output/hpo_data/hpo_iteration_data/4339499/estimator_1_neuron_2_weights.npy
2025-05-10 04:41:53,820 - INFO - Evaluating model...
2025-05-10 04:44:32,898 - INFO - Saved validation outputs to /s/ls4/users/selibrin/spiking_researches/correlation_encoding_and_training/mnist/hpo/single_spk_input_multi_spk_output/hpo_data/hpo_iteration_data/4339499/estimator_1_neuron_2_validation_outputs.npy
2025-05-10 04:44:32,898 - INFO - Waiting for parameters file: /s/ls4/users/selibrin/spiking_researches/correlation_encoding_and_training/mnist/hpo/single_spk_input_multi_spk_output/hpo_data/hpo_iteration_data/4339499/params_1_2.pkl
2025-05-10 04:45:22,955 - INFO - Loaded HPO parameters
2025-05-10 04:45:22,955 - INFO - Preparing datasets...
2025-05-10 04:45:25,966 - INFO - Prepared datasets: 1175 train & 1000 validation samples
2025-05-10 04:45:25,967 - INFO - Initializing model...
2025-05-10 04:45:25,969 - INFO - Fitting model...
2025-05-10 04:48:47,172 - INFO - Saved weights to /s/ls4/users/selibrin/spiking_researches/correlation_encoding_and_training/mnist/hpo/single_spk_input_multi_spk_output/hpo_data/hpo_iteration_data/4339499/estimator_1_neuron_2_weights.npy
2025-05-10 04:48:47,173 - INFO - Evaluating model...
2025-05-10 04:51:32,533 - INFO - Saved validation outputs to /s/ls4/users/selibrin/spiking_researches/correlation_encoding_and_training/mnist/hpo/single_spk_input_multi_spk_output/hpo_data/hpo_iteration_data/4339499/estimator_1_neuron_2_validation_outputs.npy
2025-05-10 04:51:32,533 - INFO - Waiting for parameters file: /s/ls4/users/selibrin/spiking_researches/correlation_encoding_and_training/mnist/hpo/single_spk_input_multi_spk_output/hpo_data/hpo_iteration_data/4339499/params_1_2.pkl
2025-05-10 04:51:57,563 - INFO - Loaded HPO parameters
2025-05-10 04:51:57,563 - INFO - Preparing datasets...
2025-05-10 04:52:00,488 - INFO - Prepared datasets: 587 train & 1000 validation samples
2025-05-10 04:52:00,488 - INFO - Initializing model...
2025-05-10 04:52:00,491 - INFO - Fitting model...
2025-05-10 04:53:39,058 - INFO - Saved weights to /s/ls4/users/selibrin/spiking_researches/correlation_encoding_and_training/mnist/hpo/single_spk_input_multi_spk_output/hpo_data/hpo_iteration_data/4339499/estimator_1_neuron_2_weights.npy
2025-05-10 04:53:39,059 - INFO - Evaluating model...
2025-05-10 04:56:21,424 - INFO - Saved validation outputs to /s/ls4/users/selibrin/spiking_researches/correlation_encoding_and_training/mnist/hpo/single_spk_input_multi_spk_output/hpo_data/hpo_iteration_data/4339499/estimator_1_neuron_2_validation_outputs.npy
2025-05-10 04:56:21,425 - INFO - Waiting for parameters file: /s/ls4/users/selibrin/spiking_researches/correlation_encoding_and_training/mnist/hpo/single_spk_input_multi_spk_output/hpo_data/hpo_iteration_data/4339499/params_1_2.pkl
2025-05-10 04:57:01,470 - INFO - Loaded HPO parameters
2025-05-10 04:57:01,471 - INFO - Preparing datasets...
2025-05-10 04:57:04,489 - INFO - Prepared datasets: 587 train & 1000 validation samples
2025-05-10 04:57:04,490 - INFO - Initializing model...
2025-05-10 04:57:04,492 - INFO - Fitting model...
2025-05-10 04:58:43,183 - INFO - Saved weights to /s/ls4/users/selibrin/spiking_researches/correlation_encoding_and_training/mnist/hpo/single_spk_input_multi_spk_output/hpo_data/hpo_iteration_data/4339499/estimator_1_neuron_2_weights.npy
2025-05-10 04:58:43,184 - INFO - Evaluating model...
2025-05-10 05:01:24,830 - INFO - Saved validation outputs to /s/ls4/users/selibrin/spiking_researches/correlation_encoding_and_training/mnist/hpo/single_spk_input_multi_spk_output/hpo_data/hpo_iteration_data/4339499/estimator_1_neuron_2_validation_outputs.npy
2025-05-10 05:01:24,830 - INFO - Waiting for parameters file: /s/ls4/users/selibrin/spiking_researches/correlation_encoding_and_training/mnist/hpo/single_spk_input_multi_spk_output/hpo_data/hpo_iteration_data/4339499/params_1_2.pkl
2025-05-10 05:02:04,898 - INFO - Loaded HPO parameters
2025-05-10 05:02:04,898 - INFO - Preparing datasets...
2025-05-10 05:02:07,830 - INFO - Prepared datasets: 293 train & 1000 validation samples
2025-05-10 05:02:07,830 - INFO - Initializing model...
2025-05-10 05:02:07,833 - INFO - Fitting model...
2025-05-10 05:02:57,806 - INFO - Saved weights to /s/ls4/users/selibrin/spiking_researches/correlation_encoding_and_training/mnist/hpo/single_spk_input_multi_spk_output/hpo_data/hpo_iteration_data/4339499/estimator_1_neuron_2_weights.npy
2025-05-10 05:02:57,806 - INFO - Evaluating model...
2025-05-10 05:05:40,340 - INFO - Saved validation outputs to /s/ls4/users/selibrin/spiking_researches/correlation_encoding_and_training/mnist/hpo/single_spk_input_multi_spk_output/hpo_data/hpo_iteration_data/4339499/estimator_1_neuron_2_validation_outputs.npy
2025-05-10 05:05:40,340 - INFO - Waiting for parameters file: /s/ls4/users/selibrin/spiking_researches/correlation_encoding_and_training/mnist/hpo/single_spk_input_multi_spk_output/hpo_data/hpo_iteration_data/4339499/params_1_2.pkl
2025-05-10 05:06:10,378 - INFO - Loaded HPO parameters
2025-05-10 05:06:10,378 - INFO - Preparing datasets...
2025-05-10 05:06:13,354 - INFO - Prepared datasets: 587 train & 1000 validation samples
2025-05-10 05:06:13,354 - INFO - Initializing model...
2025-05-10 05:06:13,356 - INFO - Fitting model...
2025-05-10 05:07:52,241 - INFO - Saved weights to /s/ls4/users/selibrin/spiking_researches/correlation_encoding_and_training/mnist/hpo/single_spk_input_multi_spk_output/hpo_data/hpo_iteration_data/4339499/estimator_1_neuron_2_weights.npy
2025-05-10 05:07:52,242 - INFO - Evaluating model...
2025-05-10 05:10:37,919 - INFO - Saved validation outputs to /s/ls4/users/selibrin/spiking_researches/correlation_encoding_and_training/mnist/hpo/single_spk_input_multi_spk_output/hpo_data/hpo_iteration_data/4339499/estimator_1_neuron_2_validation_outputs.npy
2025-05-10 05:10:37,919 - INFO - Waiting for parameters file: /s/ls4/users/selibrin/spiking_researches/correlation_encoding_and_training/mnist/hpo/single_spk_input_multi_spk_output/hpo_data/hpo_iteration_data/4339499/params_1_2.pkl
2025-05-10 05:11:17,965 - INFO - Loaded HPO parameters
2025-05-10 05:11:17,965 - INFO - Preparing datasets...
2025-05-10 05:11:21,174 - INFO - Prepared datasets: 587 train & 1000 validation samples
2025-05-10 05:11:21,175 - INFO - Initializing model...
2025-05-10 05:11:21,178 - INFO - Fitting model...
2025-05-10 05:13:00,759 - INFO - Saved weights to /s/ls4/users/selibrin/spiking_researches/correlation_encoding_and_training/mnist/hpo/single_spk_input_multi_spk_output/hpo_data/hpo_iteration_data/4339499/estimator_1_neuron_2_weights.npy
2025-05-10 05:13:00,759 - INFO - Evaluating model...
2025-05-10 05:15:44,549 - INFO - Saved validation outputs to /s/ls4/users/selibrin/spiking_researches/correlation_encoding_and_training/mnist/hpo/single_spk_input_multi_spk_output/hpo_data/hpo_iteration_data/4339499/estimator_1_neuron_2_validation_outputs.npy
2025-05-10 05:15:44,549 - INFO - Waiting for parameters file: /s/ls4/users/selibrin/spiking_researches/correlation_encoding_and_training/mnist/hpo/single_spk_input_multi_spk_output/hpo_data/hpo_iteration_data/4339499/params_1_2.pkl
2025-05-10 05:16:24,597 - INFO - Loaded HPO parameters
2025-05-10 05:16:24,597 - INFO - Preparing datasets...
2025-05-10 05:16:27,526 - INFO - Prepared datasets: 1175 train & 1000 validation samples
2025-05-10 05:16:27,526 - INFO - Initializing model...
2025-05-10 05:16:27,529 - INFO - Fitting model...
2025-05-10 05:19:50,631 - INFO - Saved weights to /s/ls4/users/selibrin/spiking_researches/correlation_encoding_and_training/mnist/hpo/single_spk_input_multi_spk_output/hpo_data/hpo_iteration_data/4339499/estimator_1_neuron_2_weights.npy
2025-05-10 05:19:50,632 - INFO - Evaluating model...
2025-05-10 05:22:35,370 - INFO - Saved validation outputs to /s/ls4/users/selibrin/spiking_researches/correlation_encoding_and_training/mnist/hpo/single_spk_input_multi_spk_output/hpo_data/hpo_iteration_data/4339499/estimator_1_neuron_2_validation_outputs.npy
2025-05-10 05:22:35,370 - INFO - Waiting for parameters file: /s/ls4/users/selibrin/spiking_researches/correlation_encoding_and_training/mnist/hpo/single_spk_input_multi_spk_output/hpo_data/hpo_iteration_data/4339499/params_1_2.pkl
2025-05-10 05:23:00,400 - INFO - Loaded HPO parameters
2025-05-10 05:23:00,401 - INFO - Preparing datasets...
2025-05-10 05:23:03,478 - INFO - Prepared datasets: 587 train & 1000 validation samples
2025-05-10 05:23:03,478 - INFO - Initializing model...
2025-05-10 05:23:03,481 - INFO - Fitting model...
2025-05-10 05:24:45,009 - INFO - Saved weights to /s/ls4/users/selibrin/spiking_researches/correlation_encoding_and_training/mnist/hpo/single_spk_input_multi_spk_output/hpo_data/hpo_iteration_data/4339499/estimator_1_neuron_2_weights.npy
2025-05-10 05:24:45,009 - INFO - Evaluating model...
2025-05-10 05:27:26,510 - INFO - Saved validation outputs to /s/ls4/users/selibrin/spiking_researches/correlation_encoding_and_training/mnist/hpo/single_spk_input_multi_spk_output/hpo_data/hpo_iteration_data/4339499/estimator_1_neuron_2_validation_outputs.npy
2025-05-10 05:27:26,511 - INFO - Waiting for parameters file: /s/ls4/users/selibrin/spiking_researches/correlation_encoding_and_training/mnist/hpo/single_spk_input_multi_spk_output/hpo_data/hpo_iteration_data/4339499/params_1_2.pkl
2025-05-10 05:28:06,557 - INFO - Loaded HPO parameters
2025-05-10 05:28:06,558 - INFO - Preparing datasets...
2025-05-10 05:28:09,652 - INFO - Prepared datasets: 587 train & 1000 validation samples
2025-05-10 05:28:09,652 - INFO - Initializing model...
2025-05-10 05:28:09,654 - INFO - Fitting model...
2025-05-10 05:29:49,385 - INFO - Saved weights to /s/ls4/users/selibrin/spiking_researches/correlation_encoding_and_training/mnist/hpo/single_spk_input_multi_spk_output/hpo_data/hpo_iteration_data/4339499/estimator_1_neuron_2_weights.npy
2025-05-10 05:29:49,385 - INFO - Evaluating model...
2025-05-10 05:32:25,002 - INFO - Saved validation outputs to /s/ls4/users/selibrin/spiking_researches/correlation_encoding_and_training/mnist/hpo/single_spk_input_multi_spk_output/hpo_data/hpo_iteration_data/4339499/estimator_1_neuron_2_validation_outputs.npy
2025-05-10 05:32:25,003 - INFO - Waiting for parameters file: /s/ls4/users/selibrin/spiking_researches/correlation_encoding_and_training/mnist/hpo/single_spk_input_multi_spk_output/hpo_data/hpo_iteration_data/4339499/params_1_2.pkl
2025-05-10 05:33:10,054 - INFO - Loaded HPO parameters
2025-05-10 05:33:10,054 - INFO - Preparing datasets...
2025-05-10 05:33:13,288 - INFO - Prepared datasets: 293 train & 1000 validation samples
2025-05-10 05:33:13,288 - INFO - Initializing model...
2025-05-10 05:33:13,291 - INFO - Fitting model...
2025-05-10 05:34:03,965 - INFO - Saved weights to /s/ls4/users/selibrin/spiking_researches/correlation_encoding_and_training/mnist/hpo/single_spk_input_multi_spk_output/hpo_data/hpo_iteration_data/4339499/estimator_1_neuron_2_weights.npy
2025-05-10 05:34:03,965 - INFO - Evaluating model...
2025-05-10 05:36:48,347 - INFO - Saved validation outputs to /s/ls4/users/selibrin/spiking_researches/correlation_encoding_and_training/mnist/hpo/single_spk_input_multi_spk_output/hpo_data/hpo_iteration_data/4339499/estimator_1_neuron_2_validation_outputs.npy
2025-05-10 05:36:48,347 - INFO - Waiting for parameters file: /s/ls4/users/selibrin/spiking_researches/correlation_encoding_and_training/mnist/hpo/single_spk_input_multi_spk_output/hpo_data/hpo_iteration_data/4339499/params_1_2.pkl
2025-05-10 05:37:13,379 - INFO - Loaded HPO parameters
2025-05-10 05:37:13,379 - INFO - Preparing datasets...
2025-05-10 05:37:16,452 - INFO - Prepared datasets: 587 train & 1000 validation samples
2025-05-10 05:37:16,453 - INFO - Initializing model...
2025-05-10 05:37:16,455 - INFO - Fitting model...
2025-05-10 05:38:58,736 - INFO - Saved weights to /s/ls4/users/selibrin/spiking_researches/correlation_encoding_and_training/mnist/hpo/single_spk_input_multi_spk_output/hpo_data/hpo_iteration_data/4339499/estimator_1_neuron_2_weights.npy
2025-05-10 05:38:58,737 - INFO - Evaluating model...
2025-05-10 05:41:45,133 - INFO - Saved validation outputs to /s/ls4/users/selibrin/spiking_researches/correlation_encoding_and_training/mnist/hpo/single_spk_input_multi_spk_output/hpo_data/hpo_iteration_data/4339499/estimator_1_neuron_2_validation_outputs.npy
2025-05-10 05:41:45,133 - INFO - Waiting for parameters file: /s/ls4/users/selibrin/spiking_researches/correlation_encoding_and_training/mnist/hpo/single_spk_input_multi_spk_output/hpo_data/hpo_iteration_data/4339499/params_1_2.pkl
2025-05-10 05:42:20,175 - INFO - Loaded HPO parameters
2025-05-10 05:42:20,175 - INFO - Preparing datasets...
2025-05-10 05:42:23,416 - INFO - Prepared datasets: 1175 train & 1000 validation samples
2025-05-10 05:42:23,416 - INFO - Initializing model...
2025-05-10 05:42:23,419 - INFO - Fitting model...
2025-05-10 05:45:43,780 - INFO - Saved weights to /s/ls4/users/selibrin/spiking_researches/correlation_encoding_and_training/mnist/hpo/single_spk_input_multi_spk_output/hpo_data/hpo_iteration_data/4339499/estimator_1_neuron_2_weights.npy
2025-05-10 05:45:43,780 - INFO - Evaluating model...
2025-05-10 05:48:26,675 - INFO - Saved validation outputs to /s/ls4/users/selibrin/spiking_researches/correlation_encoding_and_training/mnist/hpo/single_spk_input_multi_spk_output/hpo_data/hpo_iteration_data/4339499/estimator_1_neuron_2_validation_outputs.npy
2025-05-10 05:48:26,675 - INFO - Waiting for parameters file: /s/ls4/users/selibrin/spiking_researches/correlation_encoding_and_training/mnist/hpo/single_spk_input_multi_spk_output/hpo_data/hpo_iteration_data/4339499/params_1_2.pkl
2025-05-10 05:48:56,712 - INFO - Loaded HPO parameters
2025-05-10 05:48:56,712 - INFO - Preparing datasets...
2025-05-10 05:48:59,958 - INFO - Prepared datasets: 587 train & 1000 validation samples
2025-05-10 05:48:59,958 - INFO - Initializing model...
2025-05-10 05:48:59,961 - INFO - Fitting model...
2025-05-10 05:50:41,573 - INFO - Saved weights to /s/ls4/users/selibrin/spiking_researches/correlation_encoding_and_training/mnist/hpo/single_spk_input_multi_spk_output/hpo_data/hpo_iteration_data/4339499/estimator_1_neuron_2_weights.npy
2025-05-10 05:50:41,574 - INFO - Evaluating model...
2025-05-10 05:53:28,469 - INFO - Saved validation outputs to /s/ls4/users/selibrin/spiking_researches/correlation_encoding_and_training/mnist/hpo/single_spk_input_multi_spk_output/hpo_data/hpo_iteration_data/4339499/estimator_1_neuron_2_validation_outputs.npy
2025-05-10 05:53:28,469 - INFO - Waiting for parameters file: /s/ls4/users/selibrin/spiking_researches/correlation_encoding_and_training/mnist/hpo/single_spk_input_multi_spk_output/hpo_data/hpo_iteration_data/4339499/params_1_2.pkl
2025-05-10 05:53:58,505 - INFO - Loaded HPO parameters
2025-05-10 05:53:58,505 - INFO - Preparing datasets...
2025-05-10 05:54:01,452 - INFO - Prepared datasets: 587 train & 1000 validation samples
2025-05-10 05:54:01,452 - INFO - Initializing model...
2025-05-10 05:54:01,454 - INFO - Fitting model...
2025-05-10 05:55:42,854 - INFO - Saved weights to /s/ls4/users/selibrin/spiking_researches/correlation_encoding_and_training/mnist/hpo/single_spk_input_multi_spk_output/hpo_data/hpo_iteration_data/4339499/estimator_1_neuron_2_weights.npy
2025-05-10 05:55:42,854 - INFO - Evaluating model...
2025-05-10 05:58:26,030 - INFO - Saved validation outputs to /s/ls4/users/selibrin/spiking_researches/correlation_encoding_and_training/mnist/hpo/single_spk_input_multi_spk_output/hpo_data/hpo_iteration_data/4339499/estimator_1_neuron_2_validation_outputs.npy
2025-05-10 05:58:26,030 - INFO - Waiting for parameters file: /s/ls4/users/selibrin/spiking_researches/correlation_encoding_and_training/mnist/hpo/single_spk_input_multi_spk_output/hpo_data/hpo_iteration_data/4339499/params_1_2.pkl
2025-05-10 05:59:06,077 - INFO - Loaded HPO parameters
2025-05-10 05:59:06,077 - INFO - Preparing datasets...
2025-05-10 05:59:08,999 - INFO - Prepared datasets: 293 train & 1000 validation samples
2025-05-10 05:59:08,999 - INFO - Initializing model...
2025-05-10 05:59:09,001 - INFO - Fitting model...
2025-05-10 06:00:00,028 - INFO - Saved weights to /s/ls4/users/selibrin/spiking_researches/correlation_encoding_and_training/mnist/hpo/single_spk_input_multi_spk_output/hpo_data/hpo_iteration_data/4339499/estimator_1_neuron_2_weights.npy
2025-05-10 06:00:00,028 - INFO - Evaluating model...
2025-05-10 06:02:44,695 - INFO - Saved validation outputs to /s/ls4/users/selibrin/spiking_researches/correlation_encoding_and_training/mnist/hpo/single_spk_input_multi_spk_output/hpo_data/hpo_iteration_data/4339499/estimator_1_neuron_2_validation_outputs.npy
2025-05-10 06:02:44,695 - INFO - Waiting for parameters file: /s/ls4/users/selibrin/spiking_researches/correlation_encoding_and_training/mnist/hpo/single_spk_input_multi_spk_output/hpo_data/hpo_iteration_data/4339499/params_1_2.pkl
2025-05-10 06:03:09,726 - INFO - Loaded HPO parameters
2025-05-10 06:03:09,727 - INFO - Preparing datasets...
2025-05-10 06:03:12,694 - INFO - Prepared datasets: 587 train & 1000 validation samples
2025-05-10 06:03:12,694 - INFO - Initializing model...
2025-05-10 06:03:12,699 - INFO - Fitting model...
2025-05-10 06:04:54,847 - INFO - Saved weights to /s/ls4/users/selibrin/spiking_researches/correlation_encoding_and_training/mnist/hpo/single_spk_input_multi_spk_output/hpo_data/hpo_iteration_data/4339499/estimator_1_neuron_2_weights.npy
2025-05-10 06:04:54,848 - INFO - Evaluating model...
2025-05-10 06:07:40,146 - INFO - Saved validation outputs to /s/ls4/users/selibrin/spiking_researches/correlation_encoding_and_training/mnist/hpo/single_spk_input_multi_spk_output/hpo_data/hpo_iteration_data/4339499/estimator_1_neuron_2_validation_outputs.npy
2025-05-10 06:07:40,147 - INFO - Waiting for parameters file: /s/ls4/users/selibrin/spiking_researches/correlation_encoding_and_training/mnist/hpo/single_spk_input_multi_spk_output/hpo_data/hpo_iteration_data/4339499/params_1_2.pkl
2025-05-10 06:08:15,188 - INFO - Loaded HPO parameters
2025-05-10 06:08:15,188 - INFO - Preparing datasets...
2025-05-10 06:08:18,476 - INFO - Prepared datasets: 587 train & 1000 validation samples
2025-05-10 06:08:18,476 - INFO - Initializing model...
2025-05-10 06:08:18,479 - INFO - Fitting model...
2025-05-10 06:09:59,775 - INFO - Saved weights to /s/ls4/users/selibrin/spiking_researches/correlation_encoding_and_training/mnist/hpo/single_spk_input_multi_spk_output/hpo_data/hpo_iteration_data/4339499/estimator_1_neuron_2_weights.npy
2025-05-10 06:09:59,775 - INFO - Evaluating model...
2025-05-10 06:12:46,935 - INFO - Saved validation outputs to /s/ls4/users/selibrin/spiking_researches/correlation_encoding_and_training/mnist/hpo/single_spk_input_multi_spk_output/hpo_data/hpo_iteration_data/4339499/estimator_1_neuron_2_validation_outputs.npy
2025-05-10 06:12:46,935 - INFO - Waiting for parameters file: /s/ls4/users/selibrin/spiking_researches/correlation_encoding_and_training/mnist/hpo/single_spk_input_multi_spk_output/hpo_data/hpo_iteration_data/4339499/params_1_2.pkl
2025-05-10 06:13:21,976 - INFO - Loaded HPO parameters
2025-05-10 06:13:21,977 - INFO - Preparing datasets...
2025-05-10 06:13:25,225 - INFO - Prepared datasets: 1175 train & 1000 validation samples
2025-05-10 06:13:25,225 - INFO - Initializing model...
2025-05-10 06:13:25,228 - INFO - Fitting model...
2025-05-10 06:16:52,017 - INFO - Saved weights to /s/ls4/users/selibrin/spiking_researches/correlation_encoding_and_training/mnist/hpo/single_spk_input_multi_spk_output/hpo_data/hpo_iteration_data/4339499/estimator_1_neuron_2_weights.npy
2025-05-10 06:16:52,017 - INFO - Evaluating model...
2025-05-10 06:19:42,514 - INFO - Saved validation outputs to /s/ls4/users/selibrin/spiking_researches/correlation_encoding_and_training/mnist/hpo/single_spk_input_multi_spk_output/hpo_data/hpo_iteration_data/4339499/estimator_1_neuron_2_validation_outputs.npy
2025-05-10 06:19:42,514 - INFO - Waiting for parameters file: /s/ls4/users/selibrin/spiking_researches/correlation_encoding_and_training/mnist/hpo/single_spk_input_multi_spk_output/hpo_data/hpo_iteration_data/4339499/params_1_2.pkl
2025-05-10 06:19:57,534 - INFO - Loaded HPO parameters
2025-05-10 06:19:57,534 - INFO - Preparing datasets...
2025-05-10 06:20:00,619 - INFO - Prepared datasets: 587 train & 1000 validation samples
2025-05-10 06:20:00,619 - INFO - Initializing model...
2025-05-10 06:20:00,621 - INFO - Fitting model...
2025-05-10 06:21:45,082 - INFO - Saved weights to /s/ls4/users/selibrin/spiking_researches/correlation_encoding_and_training/mnist/hpo/single_spk_input_multi_spk_output/hpo_data/hpo_iteration_data/4339499/estimator_1_neuron_2_weights.npy
2025-05-10 06:21:45,082 - INFO - Evaluating model...
2025-05-10 06:24:32,331 - INFO - Saved validation outputs to /s/ls4/users/selibrin/spiking_researches/correlation_encoding_and_training/mnist/hpo/single_spk_input_multi_spk_output/hpo_data/hpo_iteration_data/4339499/estimator_1_neuron_2_validation_outputs.npy
2025-05-10 06:24:32,331 - INFO - Waiting for parameters file: /s/ls4/users/selibrin/spiking_researches/correlation_encoding_and_training/mnist/hpo/single_spk_input_multi_spk_output/hpo_data/hpo_iteration_data/4339499/params_1_2.pkl
2025-05-10 06:25:02,367 - INFO - Loaded HPO parameters
2025-05-10 06:25:02,367 - INFO - Preparing datasets...
2025-05-10 06:25:05,409 - INFO - Prepared datasets: 587 train & 1000 validation samples
2025-05-10 06:25:05,410 - INFO - Initializing model...
2025-05-10 06:25:05,413 - INFO - Fitting model...
2025-05-10 06:26:48,513 - INFO - Saved weights to /s/ls4/users/selibrin/spiking_researches/correlation_encoding_and_training/mnist/hpo/single_spk_input_multi_spk_output/hpo_data/hpo_iteration_data/4339499/estimator_1_neuron_2_weights.npy
2025-05-10 06:26:48,514 - INFO - Evaluating model...
2025-05-10 06:29:37,403 - INFO - Saved validation outputs to /s/ls4/users/selibrin/spiking_researches/correlation_encoding_and_training/mnist/hpo/single_spk_input_multi_spk_output/hpo_data/hpo_iteration_data/4339499/estimator_1_neuron_2_validation_outputs.npy
2025-05-10 06:29:37,404 - INFO - Waiting for parameters file: /s/ls4/users/selibrin/spiking_researches/correlation_encoding_and_training/mnist/hpo/single_spk_input_multi_spk_output/hpo_data/hpo_iteration_data/4339499/params_1_2.pkl
2025-05-10 06:30:07,440 - INFO - Loaded HPO parameters
2025-05-10 06:30:07,441 - INFO - Preparing datasets...
2025-05-10 06:30:10,422 - INFO - Prepared datasets: 293 train & 1000 validation samples
2025-05-10 06:30:10,422 - INFO - Initializing model...
2025-05-10 06:30:10,425 - INFO - Fitting model...
2025-05-10 06:31:02,189 - INFO - Saved weights to /s/ls4/users/selibrin/spiking_researches/correlation_encoding_and_training/mnist/hpo/single_spk_input_multi_spk_output/hpo_data/hpo_iteration_data/4339499/estimator_1_neuron_2_weights.npy
2025-05-10 06:31:02,189 - INFO - Evaluating model...
2025-05-10 06:33:49,039 - INFO - Saved validation outputs to /s/ls4/users/selibrin/spiking_researches/correlation_encoding_and_training/mnist/hpo/single_spk_input_multi_spk_output/hpo_data/hpo_iteration_data/4339499/estimator_1_neuron_2_validation_outputs.npy
2025-05-10 06:33:49,039 - INFO - Waiting for parameters file: /s/ls4/users/selibrin/spiking_researches/correlation_encoding_and_training/mnist/hpo/single_spk_input_multi_spk_output/hpo_data/hpo_iteration_data/4339499/params_1_2.pkl
2025-05-10 06:34:14,070 - INFO - Loaded HPO parameters
2025-05-10 06:34:14,070 - INFO - Preparing datasets...
2025-05-10 06:34:17,007 - INFO - Prepared datasets: 587 train & 1000 validation samples
2025-05-10 06:34:17,007 - INFO - Initializing model...
2025-05-10 06:34:17,009 - INFO - Fitting model...
2025-05-10 06:35:59,338 - INFO - Saved weights to /s/ls4/users/selibrin/spiking_researches/correlation_encoding_and_training/mnist/hpo/single_spk_input_multi_spk_output/hpo_data/hpo_iteration_data/4339499/estimator_1_neuron_2_weights.npy
2025-05-10 06:35:59,338 - INFO - Evaluating model...
2025-05-10 06:38:46,279 - INFO - Saved validation outputs to /s/ls4/users/selibrin/spiking_researches/correlation_encoding_and_training/mnist/hpo/single_spk_input_multi_spk_output/hpo_data/hpo_iteration_data/4339499/estimator_1_neuron_2_validation_outputs.npy
2025-05-10 06:38:46,279 - INFO - Waiting for parameters file: /s/ls4/users/selibrin/spiking_researches/correlation_encoding_and_training/mnist/hpo/single_spk_input_multi_spk_output/hpo_data/hpo_iteration_data/4339499/params_1_2.pkl
2025-05-10 06:39:21,319 - INFO - Loaded HPO parameters
2025-05-10 06:39:21,319 - INFO - Preparing datasets...
2025-05-10 06:39:24,254 - INFO - Prepared datasets: 587 train & 1000 validation samples
2025-05-10 06:39:24,255 - INFO - Initializing model...
2025-05-10 06:39:24,257 - INFO - Fitting model...
2025-05-10 06:41:02,860 - INFO - Saved weights to /s/ls4/users/selibrin/spiking_researches/correlation_encoding_and_training/mnist/hpo/single_spk_input_multi_spk_output/hpo_data/hpo_iteration_data/4339499/estimator_1_neuron_2_weights.npy
2025-05-10 06:41:02,861 - INFO - Evaluating model...
2025-05-10 06:43:41,333 - INFO - Saved validation outputs to /s/ls4/users/selibrin/spiking_researches/correlation_encoding_and_training/mnist/hpo/single_spk_input_multi_spk_output/hpo_data/hpo_iteration_data/4339499/estimator_1_neuron_2_validation_outputs.npy
2025-05-10 06:43:41,334 - INFO - Waiting for parameters file: /s/ls4/users/selibrin/spiking_researches/correlation_encoding_and_training/mnist/hpo/single_spk_input_multi_spk_output/hpo_data/hpo_iteration_data/4339499/params_1_2.pkl
2025-05-10 06:44:26,386 - INFO - Loaded HPO parameters
2025-05-10 06:44:26,386 - INFO - Preparing datasets...
2025-05-10 06:44:29,521 - INFO - Prepared datasets: 587 train & 1000 validation samples
2025-05-10 06:44:29,521 - INFO - Initializing model...
2025-05-10 06:44:29,523 - INFO - Fitting model...
2025-05-10 06:46:09,678 - INFO - Saved weights to /s/ls4/users/selibrin/spiking_researches/correlation_encoding_and_training/mnist/hpo/single_spk_input_multi_spk_output/hpo_data/hpo_iteration_data/4339499/estimator_1_neuron_2_weights.npy
2025-05-10 06:46:09,678 - INFO - Evaluating model...
2025-05-10 06:48:53,324 - INFO - Saved validation outputs to /s/ls4/users/selibrin/spiking_researches/correlation_encoding_and_training/mnist/hpo/single_spk_input_multi_spk_output/hpo_data/hpo_iteration_data/4339499/estimator_1_neuron_2_validation_outputs.npy
2025-05-10 06:48:53,324 - INFO - Waiting for parameters file: /s/ls4/users/selibrin/spiking_researches/correlation_encoding_and_training/mnist/hpo/single_spk_input_multi_spk_output/hpo_data/hpo_iteration_data/4339499/params_1_2.pkl
2025-05-10 06:49:28,368 - INFO - Loaded HPO parameters
2025-05-10 06:49:28,368 - INFO - Preparing datasets...
2025-05-10 06:49:31,461 - INFO - Prepared datasets: 1175 train & 1000 validation samples
2025-05-10 06:49:31,461 - INFO - Initializing model...
2025-05-10 06:49:31,463 - INFO - Fitting model...
2025-05-10 06:52:59,121 - INFO - Saved weights to /s/ls4/users/selibrin/spiking_researches/correlation_encoding_and_training/mnist/hpo/single_spk_input_multi_spk_output/hpo_data/hpo_iteration_data/4339499/estimator_1_neuron_2_weights.npy
2025-05-10 06:52:59,121 - INFO - Evaluating model...
2025-05-10 06:55:45,963 - INFO - Saved validation outputs to /s/ls4/users/selibrin/spiking_researches/correlation_encoding_and_training/mnist/hpo/single_spk_input_multi_spk_output/hpo_data/hpo_iteration_data/4339499/estimator_1_neuron_2_validation_outputs.npy
2025-05-10 06:55:45,964 - INFO - Waiting for parameters file: /s/ls4/users/selibrin/spiking_researches/correlation_encoding_and_training/mnist/hpo/single_spk_input_multi_spk_output/hpo_data/hpo_iteration_data/4339499/params_1_2.pkl
2025-05-10 06:56:05,988 - INFO - Loaded HPO parameters
2025-05-10 06:56:05,989 - INFO - Preparing datasets...
2025-05-10 06:56:09,225 - INFO - Prepared datasets: 587 train & 1000 validation samples
2025-05-10 06:56:09,226 - INFO - Initializing model...
2025-05-10 06:56:09,229 - INFO - Fitting model...
2025-05-10 06:57:52,016 - INFO - Saved weights to /s/ls4/users/selibrin/spiking_researches/correlation_encoding_and_training/mnist/hpo/single_spk_input_multi_spk_output/hpo_data/hpo_iteration_data/4339499/estimator_1_neuron_2_weights.npy
2025-05-10 06:57:52,016 - INFO - Evaluating model...
2025-05-10 07:00:33,804 - INFO - Saved validation outputs to /s/ls4/users/selibrin/spiking_researches/correlation_encoding_and_training/mnist/hpo/single_spk_input_multi_spk_output/hpo_data/hpo_iteration_data/4339499/estimator_1_neuron_2_validation_outputs.npy
2025-05-10 07:00:33,805 - INFO - Waiting for parameters file: /s/ls4/users/selibrin/spiking_researches/correlation_encoding_and_training/mnist/hpo/single_spk_input_multi_spk_output/hpo_data/hpo_iteration_data/4339499/params_1_2.pkl
2025-05-10 07:01:08,868 - INFO - Loaded HPO parameters
2025-05-10 07:01:08,868 - INFO - Preparing datasets...
2025-05-10 07:01:12,129 - INFO - Prepared datasets: 293 train & 1000 validation samples
2025-05-10 07:01:12,130 - INFO - Initializing model...
2025-05-10 07:01:12,132 - INFO - Fitting model...
2025-05-10 07:02:02,360 - INFO - Saved weights to /s/ls4/users/selibrin/spiking_researches/correlation_encoding_and_training/mnist/hpo/single_spk_input_multi_spk_output/hpo_data/hpo_iteration_data/4339499/estimator_1_neuron_2_weights.npy
2025-05-10 07:02:02,360 - INFO - Evaluating model...
2025-05-10 07:04:44,159 - INFO - Saved validation outputs to /s/ls4/users/selibrin/spiking_researches/correlation_encoding_and_training/mnist/hpo/single_spk_input_multi_spk_output/hpo_data/hpo_iteration_data/4339499/estimator_1_neuron_2_validation_outputs.npy
2025-05-10 07:04:44,160 - INFO - Waiting for parameters file: /s/ls4/users/selibrin/spiking_researches/correlation_encoding_and_training/mnist/hpo/single_spk_input_multi_spk_output/hpo_data/hpo_iteration_data/4339499/params_1_2.pkl
2025-05-10 07:05:14,196 - INFO - Loaded HPO parameters
2025-05-10 07:05:14,196 - INFO - Preparing datasets...
2025-05-10 07:05:17,124 - INFO - Prepared datasets: 587 train & 1000 validation samples
2025-05-10 07:05:17,124 - INFO - Initializing model...
2025-05-10 07:05:17,127 - INFO - Fitting model...
2025-05-10 07:06:59,857 - INFO - Saved weights to /s/ls4/users/selibrin/spiking_researches/correlation_encoding_and_training/mnist/hpo/single_spk_input_multi_spk_output/hpo_data/hpo_iteration_data/4339499/estimator_1_neuron_2_weights.npy
2025-05-10 07:06:59,857 - INFO - Evaluating model...
2025-05-10 07:09:41,239 - INFO - Saved validation outputs to /s/ls4/users/selibrin/spiking_researches/correlation_encoding_and_training/mnist/hpo/single_spk_input_multi_spk_output/hpo_data/hpo_iteration_data/4339499/estimator_1_neuron_2_validation_outputs.npy
2025-05-10 07:09:41,239 - INFO - Waiting for parameters file: /s/ls4/users/selibrin/spiking_researches/correlation_encoding_and_training/mnist/hpo/single_spk_input_multi_spk_output/hpo_data/hpo_iteration_data/4339499/params_1_2.pkl
2025-05-10 07:10:21,297 - INFO - Loaded HPO parameters
2025-05-10 07:10:21,297 - INFO - Preparing datasets...
2025-05-10 07:10:24,237 - INFO - Prepared datasets: 587 train & 1000 validation samples
2025-05-10 07:10:24,238 - INFO - Initializing model...
2025-05-10 07:10:24,240 - INFO - Fitting model...
2025-05-10 07:12:06,243 - INFO - Saved weights to /s/ls4/users/selibrin/spiking_researches/correlation_encoding_and_training/mnist/hpo/single_spk_input_multi_spk_output/hpo_data/hpo_iteration_data/4339499/estimator_1_neuron_2_weights.npy
2025-05-10 07:12:06,243 - INFO - Evaluating model...
2025-05-10 07:14:49,937 - INFO - Saved validation outputs to /s/ls4/users/selibrin/spiking_researches/correlation_encoding_and_training/mnist/hpo/single_spk_input_multi_spk_output/hpo_data/hpo_iteration_data/4339499/estimator_1_neuron_2_validation_outputs.npy
2025-05-10 07:14:49,937 - INFO - Waiting for parameters file: /s/ls4/users/selibrin/spiking_researches/correlation_encoding_and_training/mnist/hpo/single_spk_input_multi_spk_output/hpo_data/hpo_iteration_data/4339499/params_1_2.pkl
2025-05-10 07:15:24,979 - INFO - Loaded HPO parameters
2025-05-10 07:15:24,979 - INFO - Preparing datasets...
2025-05-10 07:15:27,945 - INFO - Prepared datasets: 587 train & 1000 validation samples
2025-05-10 07:15:27,945 - INFO - Initializing model...
2025-05-10 07:15:27,947 - INFO - Fitting model...
2025-05-10 07:17:11,551 - INFO - Saved weights to /s/ls4/users/selibrin/spiking_researches/correlation_encoding_and_training/mnist/hpo/single_spk_input_multi_spk_output/hpo_data/hpo_iteration_data/4339499/estimator_1_neuron_2_weights.npy
2025-05-10 07:17:11,551 - INFO - Evaluating model...
2025-05-10 07:19:56,634 - INFO - Saved validation outputs to /s/ls4/users/selibrin/spiking_researches/correlation_encoding_and_training/mnist/hpo/single_spk_input_multi_spk_output/hpo_data/hpo_iteration_data/4339499/estimator_1_neuron_2_validation_outputs.npy
2025-05-10 07:19:56,634 - INFO - Waiting for parameters file: /s/ls4/users/selibrin/spiking_researches/correlation_encoding_and_training/mnist/hpo/single_spk_input_multi_spk_output/hpo_data/hpo_iteration_data/4339499/params_1_2.pkl
2025-05-10 07:20:31,677 - INFO - Loaded HPO parameters
2025-05-10 07:20:31,677 - INFO - Preparing datasets...
2025-05-10 07:20:34,591 - INFO - Prepared datasets: 1175 train & 1000 validation samples
2025-05-10 07:20:34,591 - INFO - Initializing model...
2025-05-10 07:20:34,594 - INFO - Fitting model...
2025-05-10 07:23:59,401 - INFO - Saved weights to /s/ls4/users/selibrin/spiking_researches/correlation_encoding_and_training/mnist/hpo/single_spk_input_multi_spk_output/hpo_data/hpo_iteration_data/4339499/estimator_1_neuron_2_weights.npy
2025-05-10 07:23:59,402 - INFO - Evaluating model...
2025-05-10 07:26:45,548 - INFO - Saved validation outputs to /s/ls4/users/selibrin/spiking_researches/correlation_encoding_and_training/mnist/hpo/single_spk_input_multi_spk_output/hpo_data/hpo_iteration_data/4339499/estimator_1_neuron_2_validation_outputs.npy
2025-05-10 07:26:45,549 - INFO - Waiting for parameters file: /s/ls4/users/selibrin/spiking_researches/correlation_encoding_and_training/mnist/hpo/single_spk_input_multi_spk_output/hpo_data/hpo_iteration_data/4339499/params_1_2.pkl
2025-05-10 07:27:05,576 - INFO - Loaded HPO parameters
2025-05-10 07:27:05,576 - INFO - Preparing datasets...
2025-05-10 07:27:08,662 - INFO - Prepared datasets: 587 train & 1000 validation samples
2025-05-10 07:27:08,663 - INFO - Initializing model...
2025-05-10 07:27:08,668 - INFO - Fitting model...
2025-05-10 07:28:53,282 - INFO - Saved weights to /s/ls4/users/selibrin/spiking_researches/correlation_encoding_and_training/mnist/hpo/single_spk_input_multi_spk_output/hpo_data/hpo_iteration_data/4339499/estimator_1_neuron_2_weights.npy
2025-05-10 07:28:53,282 - INFO - Evaluating model...
2025-05-10 07:31:42,031 - INFO - Saved validation outputs to /s/ls4/users/selibrin/spiking_researches/correlation_encoding_and_training/mnist/hpo/single_spk_input_multi_spk_output/hpo_data/hpo_iteration_data/4339499/estimator_1_neuron_2_validation_outputs.npy
2025-05-10 07:31:42,031 - INFO - Waiting for parameters file: /s/ls4/users/selibrin/spiking_researches/correlation_encoding_and_training/mnist/hpo/single_spk_input_multi_spk_output/hpo_data/hpo_iteration_data/4339499/params_1_2.pkl
2025-05-10 07:32:12,067 - INFO - Loaded HPO parameters
2025-05-10 07:32:12,067 - INFO - Preparing datasets...
2025-05-10 07:32:15,214 - INFO - Prepared datasets: 293 train & 1000 validation samples
2025-05-10 07:32:15,214 - INFO - Initializing model...
2025-05-10 07:32:15,217 - INFO - Fitting model...
2025-05-10 07:33:07,261 - INFO - Saved weights to /s/ls4/users/selibrin/spiking_researches/correlation_encoding_and_training/mnist/hpo/single_spk_input_multi_spk_output/hpo_data/hpo_iteration_data/4339499/estimator_1_neuron_2_weights.npy
2025-05-10 07:33:07,261 - INFO - Evaluating model...
2025-05-10 07:35:55,329 - INFO - Saved validation outputs to /s/ls4/users/selibrin/spiking_researches/correlation_encoding_and_training/mnist/hpo/single_spk_input_multi_spk_output/hpo_data/hpo_iteration_data/4339499/estimator_1_neuron_2_validation_outputs.npy
2025-05-10 07:35:55,329 - INFO - Waiting for parameters file: /s/ls4/users/selibrin/spiking_researches/correlation_encoding_and_training/mnist/hpo/single_spk_input_multi_spk_output/hpo_data/hpo_iteration_data/4339499/params_1_2.pkl
2025-05-10 07:36:20,360 - INFO - Loaded HPO parameters
2025-05-10 07:36:20,360 - INFO - Preparing datasets...
2025-05-10 07:36:23,538 - INFO - Prepared datasets: 587 train & 1000 validation samples
2025-05-10 07:36:23,538 - INFO - Initializing model...
2025-05-10 07:36:23,541 - INFO - Fitting model...
2025-05-10 07:38:04,979 - INFO - Saved weights to /s/ls4/users/selibrin/spiking_researches/correlation_encoding_and_training/mnist/hpo/single_spk_input_multi_spk_output/hpo_data/hpo_iteration_data/4339499/estimator_1_neuron_2_weights.npy
2025-05-10 07:38:04,979 - INFO - Evaluating model...
2025-05-10 07:40:44,912 - INFO - Saved validation outputs to /s/ls4/users/selibrin/spiking_researches/correlation_encoding_and_training/mnist/hpo/single_spk_input_multi_spk_output/hpo_data/hpo_iteration_data/4339499/estimator_1_neuron_2_validation_outputs.npy
2025-05-10 07:40:44,913 - INFO - Waiting for parameters file: /s/ls4/users/selibrin/spiking_researches/correlation_encoding_and_training/mnist/hpo/single_spk_input_multi_spk_output/hpo_data/hpo_iteration_data/4339499/params_1_2.pkl
2025-05-10 07:41:24,980 - INFO - Loaded HPO parameters
2025-05-10 07:41:24,980 - INFO - Preparing datasets...
2025-05-10 07:41:27,934 - INFO - Prepared datasets: 587 train & 1000 validation samples
2025-05-10 07:41:27,934 - INFO - Initializing model...
2025-05-10 07:41:27,937 - INFO - Fitting model...
2025-05-10 07:43:09,514 - INFO - Saved weights to /s/ls4/users/selibrin/spiking_researches/correlation_encoding_and_training/mnist/hpo/single_spk_input_multi_spk_output/hpo_data/hpo_iteration_data/4339499/estimator_1_neuron_2_weights.npy
2025-05-10 07:43:09,514 - INFO - Evaluating model...
2025-05-10 07:45:49,907 - INFO - Saved validation outputs to /s/ls4/users/selibrin/spiking_researches/correlation_encoding_and_training/mnist/hpo/single_spk_input_multi_spk_output/hpo_data/hpo_iteration_data/4339499/estimator_1_neuron_2_validation_outputs.npy
2025-05-10 07:45:49,907 - INFO - Waiting for parameters file: /s/ls4/users/selibrin/spiking_researches/correlation_encoding_and_training/mnist/hpo/single_spk_input_multi_spk_output/hpo_data/hpo_iteration_data/4339499/params_1_2.pkl
2025-05-10 07:46:29,954 - INFO - Loaded HPO parameters
2025-05-10 07:46:29,955 - INFO - Preparing datasets...
2025-05-10 07:46:33,013 - INFO - Prepared datasets: 587 train & 1000 validation samples
2025-05-10 07:46:33,018 - INFO - Initializing model...
2025-05-10 07:46:33,020 - INFO - Fitting model...
2025-05-10 07:48:13,264 - INFO - Saved weights to /s/ls4/users/selibrin/spiking_researches/correlation_encoding_and_training/mnist/hpo/single_spk_input_multi_spk_output/hpo_data/hpo_iteration_data/4339499/estimator_1_neuron_2_weights.npy
2025-05-10 07:48:13,264 - INFO - Evaluating model...
2025-05-10 07:50:56,724 - INFO - Saved validation outputs to /s/ls4/users/selibrin/spiking_researches/correlation_encoding_and_training/mnist/hpo/single_spk_input_multi_spk_output/hpo_data/hpo_iteration_data/4339499/estimator_1_neuron_2_validation_outputs.npy
2025-05-10 07:50:56,725 - INFO - Waiting for parameters file: /s/ls4/users/selibrin/spiking_researches/correlation_encoding_and_training/mnist/hpo/single_spk_input_multi_spk_output/hpo_data/hpo_iteration_data/4339499/params_1_2.pkl
2025-05-10 07:51:36,771 - INFO - Loaded HPO parameters
2025-05-10 07:51:36,771 - INFO - Preparing datasets...
2025-05-10 07:51:39,692 - INFO - Prepared datasets: 1175 train & 1000 validation samples
2025-05-10 07:51:39,692 - INFO - Initializing model...
2025-05-10 07:51:39,695 - INFO - Fitting model...
2025-05-10 07:55:01,176 - INFO - Saved weights to /s/ls4/users/selibrin/spiking_researches/correlation_encoding_and_training/mnist/hpo/single_spk_input_multi_spk_output/hpo_data/hpo_iteration_data/4339499/estimator_1_neuron_2_weights.npy
2025-05-10 07:55:01,176 - INFO - Evaluating model...
2025-05-10 07:57:41,961 - INFO - Saved validation outputs to /s/ls4/users/selibrin/spiking_researches/correlation_encoding_and_training/mnist/hpo/single_spk_input_multi_spk_output/hpo_data/hpo_iteration_data/4339499/estimator_1_neuron_2_validation_outputs.npy
2025-05-10 07:57:41,961 - INFO - Waiting for parameters file: /s/ls4/users/selibrin/spiking_researches/correlation_encoding_and_training/mnist/hpo/single_spk_input_multi_spk_output/hpo_data/hpo_iteration_data/4339499/params_1_2.pkl
2025-05-10 07:58:11,997 - INFO - Loaded HPO parameters
2025-05-10 07:58:11,997 - INFO - Preparing datasets...
2025-05-10 07:58:15,002 - INFO - Prepared datasets: 587 train & 1000 validation samples
2025-05-10 07:58:15,006 - INFO - Initializing model...
2025-05-10 07:58:15,009 - INFO - Fitting model...
2025-05-10 07:59:56,895 - INFO - Saved weights to /s/ls4/users/selibrin/spiking_researches/correlation_encoding_and_training/mnist/hpo/single_spk_input_multi_spk_output/hpo_data/hpo_iteration_data/4339499/estimator_1_neuron_2_weights.npy
2025-05-10 07:59:56,895 - INFO - Evaluating model...
2025-05-10 08:02:36,270 - INFO - Saved validation outputs to /s/ls4/users/selibrin/spiking_researches/correlation_encoding_and_training/mnist/hpo/single_spk_input_multi_spk_output/hpo_data/hpo_iteration_data/4339499/estimator_1_neuron_2_validation_outputs.npy
2025-05-10 08:02:36,270 - INFO - Waiting for parameters file: /s/ls4/users/selibrin/spiking_researches/correlation_encoding_and_training/mnist/hpo/single_spk_input_multi_spk_output/hpo_data/hpo_iteration_data/4339499/params_1_2.pkl
2025-05-10 08:03:16,316 - INFO - Loaded HPO parameters
2025-05-10 08:03:16,317 - INFO - Preparing datasets...
2025-05-10 08:03:19,299 - INFO - Prepared datasets: 587 train & 1000 validation samples
2025-05-10 08:03:19,300 - INFO - Initializing model...
2025-05-10 08:03:19,302 - INFO - Fitting model...
2025-05-10 08:05:01,202 - INFO - Saved weights to /s/ls4/users/selibrin/spiking_researches/correlation_encoding_and_training/mnist/hpo/single_spk_input_multi_spk_output/hpo_data/hpo_iteration_data/4339499/estimator_1_neuron_2_weights.npy
2025-05-10 08:05:01,203 - INFO - Evaluating model...
2025-05-10 08:07:42,005 - INFO - Saved validation outputs to /s/ls4/users/selibrin/spiking_researches/correlation_encoding_and_training/mnist/hpo/single_spk_input_multi_spk_output/hpo_data/hpo_iteration_data/4339499/estimator_1_neuron_2_validation_outputs.npy
2025-05-10 08:07:42,006 - INFO - Waiting for parameters file: /s/ls4/users/selibrin/spiking_researches/correlation_encoding_and_training/mnist/hpo/single_spk_input_multi_spk_output/hpo_data/hpo_iteration_data/4339499/params_1_2.pkl
2025-05-10 08:08:22,054 - INFO - Loaded HPO parameters
2025-05-10 08:08:22,054 - INFO - Preparing datasets...
2025-05-10 08:08:25,407 - INFO - Prepared datasets: 293 train & 1000 validation samples
2025-05-10 08:08:25,407 - INFO - Initializing model...
2025-05-10 08:08:25,409 - INFO - Fitting model...
2025-05-10 08:09:15,213 - INFO - Saved weights to /s/ls4/users/selibrin/spiking_researches/correlation_encoding_and_training/mnist/hpo/single_spk_input_multi_spk_output/hpo_data/hpo_iteration_data/4339499/estimator_1_neuron_2_weights.npy
2025-05-10 08:09:15,213 - INFO - Evaluating model...
2025-05-10 08:11:56,205 - INFO - Saved validation outputs to /s/ls4/users/selibrin/spiking_researches/correlation_encoding_and_training/mnist/hpo/single_spk_input_multi_spk_output/hpo_data/hpo_iteration_data/4339499/estimator_1_neuron_2_validation_outputs.npy
2025-05-10 08:11:56,206 - INFO - Waiting for parameters file: /s/ls4/users/selibrin/spiking_researches/correlation_encoding_and_training/mnist/hpo/single_spk_input_multi_spk_output/hpo_data/hpo_iteration_data/4339499/params_1_2.pkl
2025-05-10 08:12:26,241 - INFO - Loaded HPO parameters
2025-05-10 08:12:26,241 - INFO - Preparing datasets...
2025-05-10 08:12:29,332 - INFO - Prepared datasets: 587 train & 1000 validation samples
2025-05-10 08:12:29,333 - INFO - Initializing model...
2025-05-10 08:12:29,334 - INFO - Fitting model...
2025-05-10 08:14:10,981 - INFO - Saved weights to /s/ls4/users/selibrin/spiking_researches/correlation_encoding_and_training/mnist/hpo/single_spk_input_multi_spk_output/hpo_data/hpo_iteration_data/4339499/estimator_1_neuron_2_weights.npy
2025-05-10 08:14:10,981 - INFO - Evaluating model...
2025-05-10 08:16:52,133 - INFO - Saved validation outputs to /s/ls4/users/selibrin/spiking_researches/correlation_encoding_and_training/mnist/hpo/single_spk_input_multi_spk_output/hpo_data/hpo_iteration_data/4339499/estimator_1_neuron_2_validation_outputs.npy
2025-05-10 08:16:52,133 - INFO - Waiting for parameters file: /s/ls4/users/selibrin/spiking_researches/correlation_encoding_and_training/mnist/hpo/single_spk_input_multi_spk_output/hpo_data/hpo_iteration_data/4339499/params_1_2.pkl
2025-05-10 08:17:32,210 - INFO - Loaded HPO parameters
2025-05-10 08:17:32,210 - INFO - Preparing datasets...
2025-05-10 08:17:35,447 - INFO - Prepared datasets: 587 train & 1000 validation samples
2025-05-10 08:17:35,447 - INFO - Initializing model...
2025-05-10 08:17:35,450 - INFO - Fitting model...
2025-05-10 08:19:15,987 - INFO - Saved weights to /s/ls4/users/selibrin/spiking_researches/correlation_encoding_and_training/mnist/hpo/single_spk_input_multi_spk_output/hpo_data/hpo_iteration_data/4339499/estimator_1_neuron_2_weights.npy
2025-05-10 08:19:15,988 - INFO - Evaluating model...
2025-05-10 08:22:01,262 - INFO - Saved validation outputs to /s/ls4/users/selibrin/spiking_researches/correlation_encoding_and_training/mnist/hpo/single_spk_input_multi_spk_output/hpo_data/hpo_iteration_data/4339499/estimator_1_neuron_2_validation_outputs.npy
2025-05-10 08:22:01,262 - INFO - Waiting for parameters file: /s/ls4/users/selibrin/spiking_researches/correlation_encoding_and_training/mnist/hpo/single_spk_input_multi_spk_output/hpo_data/hpo_iteration_data/4339499/params_1_2.pkl
2025-05-10 08:22:36,303 - INFO - Loaded HPO parameters
2025-05-10 08:22:36,303 - INFO - Preparing datasets...
2025-05-10 08:22:39,333 - INFO - Prepared datasets: 1175 train & 1000 validation samples
2025-05-10 08:22:39,339 - INFO - Initializing model...
2025-05-10 08:22:39,341 - INFO - Fitting model...
2025-05-10 08:26:05,789 - INFO - Saved weights to /s/ls4/users/selibrin/spiking_researches/correlation_encoding_and_training/mnist/hpo/single_spk_input_multi_spk_output/hpo_data/hpo_iteration_data/4339499/estimator_1_neuron_2_weights.npy
2025-05-10 08:26:05,789 - INFO - Evaluating model...
2025-05-10 08:28:51,654 - INFO - Saved validation outputs to /s/ls4/users/selibrin/spiking_researches/correlation_encoding_and_training/mnist/hpo/single_spk_input_multi_spk_output/hpo_data/hpo_iteration_data/4339499/estimator_1_neuron_2_validation_outputs.npy
2025-05-10 08:28:51,655 - INFO - Waiting for parameters file: /s/ls4/users/selibrin/spiking_researches/correlation_encoding_and_training/mnist/hpo/single_spk_input_multi_spk_output/hpo_data/hpo_iteration_data/4339499/params_1_2.pkl
2025-05-10 08:29:11,703 - INFO - Loaded HPO parameters
2025-05-10 08:29:11,703 - INFO - Preparing datasets...
2025-05-10 08:29:14,703 - INFO - Prepared datasets: 587 train & 1000 validation samples
2025-05-10 08:29:14,703 - INFO - Initializing model...
2025-05-10 08:29:14,706 - INFO - Fitting model...
2025-05-10 08:30:58,961 - INFO - Saved weights to /s/ls4/users/selibrin/spiking_researches/correlation_encoding_and_training/mnist/hpo/single_spk_input_multi_spk_output/hpo_data/hpo_iteration_data/4339499/estimator_1_neuron_2_weights.npy
2025-05-10 08:30:58,961 - INFO - Evaluating model...
2025-05-10 08:33:44,861 - INFO - Saved validation outputs to /s/ls4/users/selibrin/spiking_researches/correlation_encoding_and_training/mnist/hpo/single_spk_input_multi_spk_output/hpo_data/hpo_iteration_data/4339499/estimator_1_neuron_2_validation_outputs.npy
2025-05-10 08:33:44,862 - INFO - Waiting for parameters file: /s/ls4/users/selibrin/spiking_researches/correlation_encoding_and_training/mnist/hpo/single_spk_input_multi_spk_output/hpo_data/hpo_iteration_data/4339499/params_1_2.pkl
2025-05-10 08:34:19,904 - INFO - Loaded HPO parameters
2025-05-10 08:34:19,904 - INFO - Preparing datasets...
2025-05-10 08:34:23,165 - INFO - Prepared datasets: 587 train & 1000 validation samples
2025-05-10 08:34:23,170 - INFO - Initializing model...
2025-05-10 08:34:23,173 - INFO - Fitting model...
2025-05-10 08:36:05,762 - INFO - Saved weights to /s/ls4/users/selibrin/spiking_researches/correlation_encoding_and_training/mnist/hpo/single_spk_input_multi_spk_output/hpo_data/hpo_iteration_data/4339499/estimator_1_neuron_2_weights.npy
2025-05-10 08:36:05,763 - INFO - Evaluating model...
2025-05-10 08:38:51,733 - INFO - Saved validation outputs to /s/ls4/users/selibrin/spiking_researches/correlation_encoding_and_training/mnist/hpo/single_spk_input_multi_spk_output/hpo_data/hpo_iteration_data/4339499/estimator_1_neuron_2_validation_outputs.npy
2025-05-10 08:38:51,733 - INFO - Waiting for parameters file: /s/ls4/users/selibrin/spiking_researches/correlation_encoding_and_training/mnist/hpo/single_spk_input_multi_spk_output/hpo_data/hpo_iteration_data/4339499/params_1_2.pkl
2025-05-10 08:39:26,773 - INFO - Loaded HPO parameters
2025-05-10 08:39:26,773 - INFO - Preparing datasets...
2025-05-10 08:39:29,797 - INFO - Prepared datasets: 293 train & 1000 validation samples
2025-05-10 08:39:29,797 - INFO - Initializing model...
2025-05-10 08:39:29,800 - INFO - Fitting model...
2025-05-10 08:40:21,086 - INFO - Saved weights to /s/ls4/users/selibrin/spiking_researches/correlation_encoding_and_training/mnist/hpo/single_spk_input_multi_spk_output/hpo_data/hpo_iteration_data/4339499/estimator_1_neuron_2_weights.npy
2025-05-10 08:40:21,086 - INFO - Evaluating model...
2025-05-10 08:43:06,427 - INFO - Saved validation outputs to /s/ls4/users/selibrin/spiking_researches/correlation_encoding_and_training/mnist/hpo/single_spk_input_multi_spk_output/hpo_data/hpo_iteration_data/4339499/estimator_1_neuron_2_validation_outputs.npy
2025-05-10 08:43:06,427 - INFO - Waiting for parameters file: /s/ls4/users/selibrin/spiking_researches/correlation_encoding_and_training/mnist/hpo/single_spk_input_multi_spk_output/hpo_data/hpo_iteration_data/4339499/params_1_2.pkl
2025-05-10 08:43:31,458 - INFO - Loaded HPO parameters
2025-05-10 08:43:31,459 - INFO - Preparing datasets...
2025-05-10 08:43:34,413 - INFO - Prepared datasets: 587 train & 1000 validation samples
2025-05-10 08:43:34,417 - INFO - Initializing model...
2025-05-10 08:43:34,420 - INFO - Fitting model...
2025-05-10 08:45:17,051 - INFO - Saved weights to /s/ls4/users/selibrin/spiking_researches/correlation_encoding_and_training/mnist/hpo/single_spk_input_multi_spk_output/hpo_data/hpo_iteration_data/4339499/estimator_1_neuron_2_weights.npy
2025-05-10 08:45:17,052 - INFO - Evaluating model...
2025-05-10 08:48:03,969 - INFO - Saved validation outputs to /s/ls4/users/selibrin/spiking_researches/correlation_encoding_and_training/mnist/hpo/single_spk_input_multi_spk_output/hpo_data/hpo_iteration_data/4339499/estimator_1_neuron_2_validation_outputs.npy
2025-05-10 08:48:03,969 - INFO - Waiting for parameters file: /s/ls4/users/selibrin/spiking_researches/correlation_encoding_and_training/mnist/hpo/single_spk_input_multi_spk_output/hpo_data/hpo_iteration_data/4339499/params_1_2.pkl
2025-05-10 08:48:34,006 - INFO - Loaded HPO parameters
2025-05-10 08:48:34,006 - INFO - Preparing datasets...
2025-05-10 08:48:37,061 - INFO - Prepared datasets: 587 train & 1000 validation samples
2025-05-10 08:48:37,062 - INFO - Initializing model...
2025-05-10 08:48:37,064 - INFO - Fitting model...
2025-05-10 08:50:19,780 - INFO - Saved weights to /s/ls4/users/selibrin/spiking_researches/correlation_encoding_and_training/mnist/hpo/single_spk_input_multi_spk_output/hpo_data/hpo_iteration_data/4339499/estimator_1_neuron_2_weights.npy
2025-05-10 08:50:19,781 - INFO - Evaluating model...
2025-05-10 08:53:03,956 - INFO - Saved validation outputs to /s/ls4/users/selibrin/spiking_researches/correlation_encoding_and_training/mnist/hpo/single_spk_input_multi_spk_output/hpo_data/hpo_iteration_data/4339499/estimator_1_neuron_2_validation_outputs.npy
2025-05-10 08:53:03,956 - INFO - Waiting for parameters file: /s/ls4/users/selibrin/spiking_researches/correlation_encoding_and_training/mnist/hpo/single_spk_input_multi_spk_output/hpo_data/hpo_iteration_data/4339499/params_1_2.pkl
2025-05-10 08:53:44,003 - INFO - Loaded HPO parameters
2025-05-10 08:53:44,003 - INFO - Preparing datasets...
2025-05-10 08:53:47,115 - INFO - Prepared datasets: 1175 train & 1000 validation samples
2025-05-10 08:53:47,115 - INFO - Initializing model...
2025-05-10 08:53:47,118 - INFO - Fitting model...
2025-05-10 08:57:09,931 - INFO - Saved weights to /s/ls4/users/selibrin/spiking_researches/correlation_encoding_and_training/mnist/hpo/single_spk_input_multi_spk_output/hpo_data/hpo_iteration_data/4339499/estimator_1_neuron_2_weights.npy
2025-05-10 08:57:09,932 - INFO - Evaluating model...
2025-05-10 08:59:54,229 - INFO - Saved validation outputs to /s/ls4/users/selibrin/spiking_researches/correlation_encoding_and_training/mnist/hpo/single_spk_input_multi_spk_output/hpo_data/hpo_iteration_data/4339499/estimator_1_neuron_2_validation_outputs.npy
2025-05-10 08:59:54,229 - INFO - Waiting for parameters file: /s/ls4/users/selibrin/spiking_researches/correlation_encoding_and_training/mnist/hpo/single_spk_input_multi_spk_output/hpo_data/hpo_iteration_data/4339499/params_1_2.pkl
2025-05-10 09:00:19,262 - INFO - Loaded HPO parameters
2025-05-10 09:00:19,262 - INFO - Preparing datasets...
2025-05-10 09:00:22,286 - INFO - Prepared datasets: 587 train & 1000 validation samples
2025-05-10 09:00:22,292 - INFO - Initializing model...
2025-05-10 09:00:22,295 - INFO - Fitting model...
2025-05-10 09:02:05,922 - INFO - Saved weights to /s/ls4/users/selibrin/spiking_researches/correlation_encoding_and_training/mnist/hpo/single_spk_input_multi_spk_output/hpo_data/hpo_iteration_data/4339499/estimator_1_neuron_2_weights.npy
2025-05-10 09:02:05,922 - INFO - Evaluating model...
2025-05-10 09:04:56,361 - INFO - Saved validation outputs to /s/ls4/users/selibrin/spiking_researches/correlation_encoding_and_training/mnist/hpo/single_spk_input_multi_spk_output/hpo_data/hpo_iteration_data/4339499/estimator_1_neuron_2_validation_outputs.npy
2025-05-10 09:04:56,362 - INFO - Waiting for parameters file: /s/ls4/users/selibrin/spiking_researches/correlation_encoding_and_training/mnist/hpo/single_spk_input_multi_spk_output/hpo_data/hpo_iteration_data/4339499/params_1_2.pkl
2025-05-10 09:05:21,393 - INFO - Loaded HPO parameters
2025-05-10 09:05:21,393 - INFO - Preparing datasets...
2025-05-10 09:05:24,512 - INFO - Prepared datasets: 587 train & 1000 validation samples
2025-05-10 09:05:24,513 - INFO - Initializing model...
2025-05-10 09:05:24,515 - INFO - Fitting model...
2025-05-10 09:07:07,104 - INFO - Saved weights to /s/ls4/users/selibrin/spiking_researches/correlation_encoding_and_training/mnist/hpo/single_spk_input_multi_spk_output/hpo_data/hpo_iteration_data/4339499/estimator_1_neuron_2_weights.npy
2025-05-10 09:07:07,104 - INFO - Evaluating model...
2025-05-10 09:09:54,705 - INFO - Saved validation outputs to /s/ls4/users/selibrin/spiking_researches/correlation_encoding_and_training/mnist/hpo/single_spk_input_multi_spk_output/hpo_data/hpo_iteration_data/4339499/estimator_1_neuron_2_validation_outputs.npy
2025-05-10 09:09:54,705 - INFO - Waiting for parameters file: /s/ls4/users/selibrin/spiking_researches/correlation_encoding_and_training/mnist/hpo/single_spk_input_multi_spk_output/hpo_data/hpo_iteration_data/4339499/params_1_2.pkl
2025-05-10 09:10:29,746 - INFO - Loaded HPO parameters
2025-05-10 09:10:29,746 - INFO - Preparing datasets...
2025-05-10 09:10:32,721 - INFO - Prepared datasets: 293 train & 1000 validation samples
2025-05-10 09:10:32,726 - INFO - Initializing model...
2025-05-10 09:10:32,728 - INFO - Fitting model...
2025-05-10 09:11:24,104 - INFO - Saved weights to /s/ls4/users/selibrin/spiking_researches/correlation_encoding_and_training/mnist/hpo/single_spk_input_multi_spk_output/hpo_data/hpo_iteration_data/4339499/estimator_1_neuron_2_weights.npy
2025-05-10 09:11:24,105 - INFO - Evaluating model...
2025-05-10 09:14:09,110 - INFO - Saved validation outputs to /s/ls4/users/selibrin/spiking_researches/correlation_encoding_and_training/mnist/hpo/single_spk_input_multi_spk_output/hpo_data/hpo_iteration_data/4339499/estimator_1_neuron_2_validation_outputs.npy
2025-05-10 09:14:09,110 - INFO - Waiting for parameters file: /s/ls4/users/selibrin/spiking_researches/correlation_encoding_and_training/mnist/hpo/single_spk_input_multi_spk_output/hpo_data/hpo_iteration_data/4339499/params_1_2.pkl
2025-05-10 09:14:34,139 - INFO - Loaded HPO parameters
2025-05-10 09:14:34,139 - INFO - Preparing datasets...
2025-05-10 09:14:37,113 - INFO - Prepared datasets: 587 train & 1000 validation samples
2025-05-10 09:14:37,113 - INFO - Initializing model...
2025-05-10 09:14:37,115 - INFO - Fitting model...
2025-05-10 09:16:20,205 - INFO - Saved weights to /s/ls4/users/selibrin/spiking_researches/correlation_encoding_and_training/mnist/hpo/single_spk_input_multi_spk_output/hpo_data/hpo_iteration_data/4339499/estimator_1_neuron_2_weights.npy
2025-05-10 09:16:20,206 - INFO - Evaluating model...
2025-05-10 09:19:08,859 - INFO - Saved validation outputs to /s/ls4/users/selibrin/spiking_researches/correlation_encoding_and_training/mnist/hpo/single_spk_input_multi_spk_output/hpo_data/hpo_iteration_data/4339499/estimator_1_neuron_2_validation_outputs.npy
2025-05-10 09:19:08,859 - INFO - Waiting for parameters file: /s/ls4/users/selibrin/spiking_researches/correlation_encoding_and_training/mnist/hpo/single_spk_input_multi_spk_output/hpo_data/hpo_iteration_data/4339499/params_1_2.pkl
2025-05-10 09:19:38,896 - INFO - Loaded HPO parameters
2025-05-10 09:19:38,896 - INFO - Preparing datasets...
2025-05-10 09:19:41,948 - INFO - Prepared datasets: 587 train & 1000 validation samples
2025-05-10 09:19:41,953 - INFO - Initializing model...
2025-05-10 09:19:41,956 - INFO - Fitting model...
2025-05-10 09:21:24,705 - INFO - Saved weights to /s/ls4/users/selibrin/spiking_researches/correlation_encoding_and_training/mnist/hpo/single_spk_input_multi_spk_output/hpo_data/hpo_iteration_data/4339499/estimator_1_neuron_2_weights.npy
2025-05-10 09:21:24,706 - INFO - Evaluating model...
2025-05-10 09:24:12,865 - INFO - Saved validation outputs to /s/ls4/users/selibrin/spiking_researches/correlation_encoding_and_training/mnist/hpo/single_spk_input_multi_spk_output/hpo_data/hpo_iteration_data/4339499/estimator_1_neuron_2_validation_outputs.npy
2025-05-10 09:24:12,865 - INFO - Waiting for parameters file: /s/ls4/users/selibrin/spiking_researches/correlation_encoding_and_training/mnist/hpo/single_spk_input_multi_spk_output/hpo_data/hpo_iteration_data/4339499/params_1_2.pkl
2025-05-10 09:24:42,902 - INFO - Loaded HPO parameters
2025-05-10 09:24:42,902 - INFO - Preparing datasets...
2025-05-10 09:24:46,357 - INFO - Prepared datasets: 1175 train & 1000 validation samples
2025-05-10 09:24:46,357 - INFO - Initializing model...
2025-05-10 09:24:46,360 - INFO - Fitting model...
2025-05-10 09:28:13,927 - INFO - Saved weights to /s/ls4/users/selibrin/spiking_researches/correlation_encoding_and_training/mnist/hpo/single_spk_input_multi_spk_output/hpo_data/hpo_iteration_data/4339499/estimator_1_neuron_2_weights.npy
2025-05-10 09:28:13,927 - INFO - Evaluating model...
2025-05-10 09:30:59,917 - INFO - Saved validation outputs to /s/ls4/users/selibrin/spiking_researches/correlation_encoding_and_training/mnist/hpo/single_spk_input_multi_spk_output/hpo_data/hpo_iteration_data/4339499/estimator_1_neuron_2_validation_outputs.npy
2025-05-10 09:30:59,917 - INFO - Waiting for parameters file: /s/ls4/users/selibrin/spiking_researches/correlation_encoding_and_training/mnist/hpo/single_spk_input_multi_spk_output/hpo_data/hpo_iteration_data/4339499/params_1_2.pkl
2025-05-10 09:31:19,945 - INFO - Loaded HPO parameters
2025-05-10 09:31:19,946 - INFO - Preparing datasets...
2025-05-10 09:31:22,867 - INFO - Prepared datasets: 587 train & 1000 validation samples
2025-05-10 09:31:22,874 - INFO - Initializing model...
2025-05-10 09:31:22,876 - INFO - Fitting model...
2025-05-10 09:33:06,059 - INFO - Saved weights to /s/ls4/users/selibrin/spiking_researches/correlation_encoding_and_training/mnist/hpo/single_spk_input_multi_spk_output/hpo_data/hpo_iteration_data/4339499/estimator_1_neuron_2_weights.npy
2025-05-10 09:33:06,059 - INFO - Evaluating model...
2025-05-10 09:35:52,977 - INFO - Saved validation outputs to /s/ls4/users/selibrin/spiking_researches/correlation_encoding_and_training/mnist/hpo/single_spk_input_multi_spk_output/hpo_data/hpo_iteration_data/4339499/estimator_1_neuron_2_validation_outputs.npy
2025-05-10 09:35:52,977 - INFO - Waiting for parameters file: /s/ls4/users/selibrin/spiking_researches/correlation_encoding_and_training/mnist/hpo/single_spk_input_multi_spk_output/hpo_data/hpo_iteration_data/4339499/params_1_2.pkl
2025-05-10 09:36:28,018 - INFO - Loaded HPO parameters
2025-05-10 09:36:28,018 - INFO - Preparing datasets...
2025-05-10 09:36:31,028 - INFO - Prepared datasets: 587 train & 1000 validation samples
2025-05-10 09:36:31,028 - INFO - Initializing model...
2025-05-10 09:36:31,030 - INFO - Fitting model...
2025-05-10 09:38:12,849 - INFO - Saved weights to /s/ls4/users/selibrin/spiking_researches/correlation_encoding_and_training/mnist/hpo/single_spk_input_multi_spk_output/hpo_data/hpo_iteration_data/4339499/estimator_1_neuron_2_weights.npy
2025-05-10 09:38:12,850 - INFO - Evaluating model...
2025-05-10 09:40:59,338 - INFO - Saved validation outputs to /s/ls4/users/selibrin/spiking_researches/correlation_encoding_and_training/mnist/hpo/single_spk_input_multi_spk_output/hpo_data/hpo_iteration_data/4339499/estimator_1_neuron_2_validation_outputs.npy
2025-05-10 09:40:59,338 - INFO - Waiting for parameters file: /s/ls4/users/selibrin/spiking_researches/correlation_encoding_and_training/mnist/hpo/single_spk_input_multi_spk_output/hpo_data/hpo_iteration_data/4339499/params_1_2.pkl
2025-05-10 09:41:29,375 - INFO - Loaded HPO parameters
2025-05-10 09:41:29,375 - INFO - Preparing datasets...
2025-05-10 09:41:32,472 - INFO - Prepared datasets: 293 train & 1000 validation samples
2025-05-10 09:41:32,477 - INFO - Initializing model...
2025-05-10 09:41:32,482 - INFO - Fitting model...
2025-05-10 09:42:23,962 - INFO - Saved weights to /s/ls4/users/selibrin/spiking_researches/correlation_encoding_and_training/mnist/hpo/single_spk_input_multi_spk_output/hpo_data/hpo_iteration_data/4339499/estimator_1_neuron_2_weights.npy
2025-05-10 09:42:23,962 - INFO - Evaluating model...
2025-05-10 09:45:14,580 - INFO - Saved validation outputs to /s/ls4/users/selibrin/spiking_researches/correlation_encoding_and_training/mnist/hpo/single_spk_input_multi_spk_output/hpo_data/hpo_iteration_data/4339499/estimator_1_neuron_2_validation_outputs.npy
2025-05-10 09:45:14,581 - INFO - Waiting for parameters file: /s/ls4/users/selibrin/spiking_researches/correlation_encoding_and_training/mnist/hpo/single_spk_input_multi_spk_output/hpo_data/hpo_iteration_data/4339499/params_1_2.pkl
2025-05-10 09:45:34,606 - INFO - Loaded HPO parameters
2025-05-10 09:45:34,606 - INFO - Preparing datasets...
2025-05-10 09:45:37,643 - INFO - Prepared datasets: 587 train & 1000 validation samples
2025-05-10 09:45:37,643 - INFO - Initializing model...
2025-05-10 09:45:37,646 - INFO - Fitting model...
2025-05-10 09:47:22,250 - INFO - Saved weights to /s/ls4/users/selibrin/spiking_researches/correlation_encoding_and_training/mnist/hpo/single_spk_input_multi_spk_output/hpo_data/hpo_iteration_data/4339499/estimator_1_neuron_2_weights.npy
2025-05-10 09:47:22,250 - INFO - Evaluating model...
2025-05-10 09:50:14,979 - INFO - Saved validation outputs to /s/ls4/users/selibrin/spiking_researches/correlation_encoding_and_training/mnist/hpo/single_spk_input_multi_spk_output/hpo_data/hpo_iteration_data/4339499/estimator_1_neuron_2_validation_outputs.npy
2025-05-10 09:50:14,979 - INFO - Waiting for parameters file: /s/ls4/users/selibrin/spiking_researches/correlation_encoding_and_training/mnist/hpo/single_spk_input_multi_spk_output/hpo_data/hpo_iteration_data/4339499/params_1_2.pkl
2025-05-10 09:50:40,010 - INFO - Loaded HPO parameters
2025-05-10 09:50:40,011 - INFO - Preparing datasets...
2025-05-10 09:50:43,125 - INFO - Prepared datasets: 587 train & 1000 validation samples
2025-05-10 09:50:43,131 - INFO - Initializing model...
2025-05-10 09:50:43,135 - INFO - Fitting model...
2025-05-10 09:52:28,320 - INFO - Saved weights to /s/ls4/users/selibrin/spiking_researches/correlation_encoding_and_training/mnist/hpo/single_spk_input_multi_spk_output/hpo_data/hpo_iteration_data/4339499/estimator_1_neuron_2_weights.npy
2025-05-10 09:52:28,321 - INFO - Evaluating model...
2025-05-10 09:55:21,685 - INFO - Saved validation outputs to /s/ls4/users/selibrin/spiking_researches/correlation_encoding_and_training/mnist/hpo/single_spk_input_multi_spk_output/hpo_data/hpo_iteration_data/4339499/estimator_1_neuron_2_validation_outputs.npy
2025-05-10 09:55:21,686 - INFO - Waiting for parameters file: /s/ls4/users/selibrin/spiking_researches/correlation_encoding_and_training/mnist/hpo/single_spk_input_multi_spk_output/hpo_data/hpo_iteration_data/4339499/params_1_2.pkl
2025-05-10 09:55:46,717 - INFO - Loaded HPO parameters
2025-05-10 09:55:46,717 - INFO - Preparing datasets...
2025-05-10 09:55:49,943 - INFO - Prepared datasets: 1175 train & 1000 validation samples
2025-05-10 09:55:49,943 - INFO - Initializing model...
2025-05-10 09:55:49,946 - INFO - Fitting model...
2025-05-10 09:59:19,861 - INFO - Saved weights to /s/ls4/users/selibrin/spiking_researches/correlation_encoding_and_training/mnist/hpo/single_spk_input_multi_spk_output/hpo_data/hpo_iteration_data/4339499/estimator_1_neuron_2_weights.npy
2025-05-10 09:59:19,861 - INFO - Evaluating model...
2025-05-10 10:02:10,543 - INFO - Saved validation outputs to /s/ls4/users/selibrin/spiking_researches/correlation_encoding_and_training/mnist/hpo/single_spk_input_multi_spk_output/hpo_data/hpo_iteration_data/4339499/estimator_1_neuron_2_validation_outputs.npy
2025-05-10 10:02:10,543 - INFO - Waiting for parameters file: /s/ls4/users/selibrin/spiking_researches/correlation_encoding_and_training/mnist/hpo/single_spk_input_multi_spk_output/hpo_data/hpo_iteration_data/4339499/params_1_2.pkl
2025-05-10 10:02:20,558 - INFO - Loaded HPO parameters
2025-05-10 10:02:20,558 - INFO - Preparing datasets...
2025-05-10 10:02:23,434 - INFO - Prepared datasets: 587 train & 1000 validation samples
2025-05-10 10:02:23,439 - INFO - Initializing model...
2025-05-10 10:02:23,442 - INFO - Fitting model...
2025-05-10 10:04:07,833 - INFO - Saved weights to /s/ls4/users/selibrin/spiking_researches/correlation_encoding_and_training/mnist/hpo/single_spk_input_multi_spk_output/hpo_data/hpo_iteration_data/4339499/estimator_1_neuron_2_weights.npy
2025-05-10 10:04:07,833 - INFO - Evaluating model...
2025-05-10 10:07:00,322 - INFO - Saved validation outputs to /s/ls4/users/selibrin/spiking_researches/correlation_encoding_and_training/mnist/hpo/single_spk_input_multi_spk_output/hpo_data/hpo_iteration_data/4339499/estimator_1_neuron_2_validation_outputs.npy
2025-05-10 10:07:00,322 - INFO - Waiting for parameters file: /s/ls4/users/selibrin/spiking_researches/correlation_encoding_and_training/mnist/hpo/single_spk_input_multi_spk_output/hpo_data/hpo_iteration_data/4339499/params_1_2.pkl
2025-05-10 10:07:30,376 - INFO - Loaded HPO parameters
2025-05-10 10:07:30,376 - INFO - Preparing datasets...
2025-05-10 10:07:33,369 - INFO - Prepared datasets: 587 train & 1000 validation samples
2025-05-10 10:07:33,369 - INFO - Initializing model...
2025-05-10 10:07:33,371 - INFO - Fitting model...
2025-05-10 10:09:17,887 - INFO - Saved weights to /s/ls4/users/selibrin/spiking_researches/correlation_encoding_and_training/mnist/hpo/single_spk_input_multi_spk_output/hpo_data/hpo_iteration_data/4339499/estimator_1_neuron_2_weights.npy
2025-05-10 10:09:17,887 - INFO - Evaluating model...
2025-05-10 10:12:10,155 - INFO - Saved validation outputs to /s/ls4/users/selibrin/spiking_researches/correlation_encoding_and_training/mnist/hpo/single_spk_input_multi_spk_output/hpo_data/hpo_iteration_data/4339499/estimator_1_neuron_2_validation_outputs.npy
2025-05-10 10:12:10,156 - INFO - Waiting for parameters file: /s/ls4/users/selibrin/spiking_researches/correlation_encoding_and_training/mnist/hpo/single_spk_input_multi_spk_output/hpo_data/hpo_iteration_data/4339499/params_1_2.pkl
2025-05-10 10:12:35,186 - INFO - Loaded HPO parameters
2025-05-10 10:12:35,186 - INFO - Preparing datasets...
2025-05-10 10:12:38,170 - INFO - Prepared datasets: 293 train & 1000 validation samples
2025-05-10 10:12:38,175 - INFO - Initializing model...
2025-05-10 10:12:38,177 - INFO - Fitting model...
2025-05-10 10:13:31,167 - INFO - Saved weights to /s/ls4/users/selibrin/spiking_researches/correlation_encoding_and_training/mnist/hpo/single_spk_input_multi_spk_output/hpo_data/hpo_iteration_data/4339499/estimator_1_neuron_2_weights.npy
2025-05-10 10:13:31,167 - INFO - Evaluating model...
2025-05-10 10:16:23,691 - INFO - Saved validation outputs to /s/ls4/users/selibrin/spiking_researches/correlation_encoding_and_training/mnist/hpo/single_spk_input_multi_spk_output/hpo_data/hpo_iteration_data/4339499/estimator_1_neuron_2_validation_outputs.npy
2025-05-10 10:16:23,691 - INFO - Waiting for parameters file: /s/ls4/users/selibrin/spiking_researches/correlation_encoding_and_training/mnist/hpo/single_spk_input_multi_spk_output/hpo_data/hpo_iteration_data/4339499/params_1_2.pkl
2025-05-10 10:16:38,712 - INFO - Loaded HPO parameters
2025-05-10 10:16:38,712 - INFO - Preparing datasets...
2025-05-10 10:16:41,905 - INFO - Prepared datasets: 587 train & 1000 validation samples
2025-05-10 10:16:41,905 - INFO - Initializing model...
2025-05-10 10:16:41,908 - INFO - Fitting model...
2025-05-10 10:18:23,756 - INFO - Saved weights to /s/ls4/users/selibrin/spiking_researches/correlation_encoding_and_training/mnist/hpo/single_spk_input_multi_spk_output/hpo_data/hpo_iteration_data/4339499/estimator_1_neuron_2_weights.npy
2025-05-10 10:18:23,756 - INFO - Evaluating model...
2025-05-10 10:21:12,601 - INFO - Saved validation outputs to /s/ls4/users/selibrin/spiking_researches/correlation_encoding_and_training/mnist/hpo/single_spk_input_multi_spk_output/hpo_data/hpo_iteration_data/4339499/estimator_1_neuron_2_validation_outputs.npy
2025-05-10 10:21:12,602 - INFO - Waiting for parameters file: /s/ls4/users/selibrin/spiking_researches/correlation_encoding_and_training/mnist/hpo/single_spk_input_multi_spk_output/hpo_data/hpo_iteration_data/4339499/params_1_2.pkl
2025-05-10 10:21:42,639 - INFO - Loaded HPO parameters
2025-05-10 10:21:42,639 - INFO - Preparing datasets...
2025-05-10 10:21:45,702 - INFO - Prepared datasets: 587 train & 1000 validation samples
2025-05-10 10:21:45,702 - INFO - Initializing model...
2025-05-10 10:21:45,705 - INFO - Fitting model...
2025-05-10 10:23:30,859 - INFO - Saved weights to /s/ls4/users/selibrin/spiking_researches/correlation_encoding_and_training/mnist/hpo/single_spk_input_multi_spk_output/hpo_data/hpo_iteration_data/4339499/estimator_1_neuron_2_weights.npy
2025-05-10 10:23:30,859 - INFO - Evaluating model...
2025-05-10 10:26:21,869 - INFO - Saved validation outputs to /s/ls4/users/selibrin/spiking_researches/correlation_encoding_and_training/mnist/hpo/single_spk_input_multi_spk_output/hpo_data/hpo_iteration_data/4339499/estimator_1_neuron_2_validation_outputs.npy
2025-05-10 10:26:21,869 - INFO - Waiting for parameters file: /s/ls4/users/selibrin/spiking_researches/correlation_encoding_and_training/mnist/hpo/single_spk_input_multi_spk_output/hpo_data/hpo_iteration_data/4339499/params_1_2.pkl
2025-05-10 10:26:51,931 - INFO - Loaded HPO parameters
2025-05-10 10:26:51,932 - INFO - Preparing datasets...
2025-05-10 10:26:54,942 - INFO - Prepared datasets: 1175 train & 1000 validation samples
2025-05-10 10:26:54,942 - INFO - Initializing model...
2025-05-10 10:26:54,945 - INFO - Fitting model...
2025-05-10 10:30:23,436 - INFO - Saved weights to /s/ls4/users/selibrin/spiking_researches/correlation_encoding_and_training/mnist/hpo/single_spk_input_multi_spk_output/hpo_data/hpo_iteration_data/4339499/estimator_1_neuron_2_weights.npy
2025-05-10 10:30:23,436 - INFO - Evaluating model...
2025-05-10 10:33:16,212 - INFO - Saved validation outputs to /s/ls4/users/selibrin/spiking_researches/correlation_encoding_and_training/mnist/hpo/single_spk_input_multi_spk_output/hpo_data/hpo_iteration_data/4339499/estimator_1_neuron_2_validation_outputs.npy
2025-05-10 10:33:16,213 - INFO - Waiting for parameters file: /s/ls4/users/selibrin/spiking_researches/correlation_encoding_and_training/mnist/hpo/single_spk_input_multi_spk_output/hpo_data/hpo_iteration_data/4339499/params_1_2.pkl
2025-05-10 10:33:26,249 - INFO - Loaded HPO parameters
2025-05-10 10:33:26,249 - INFO - Preparing datasets...
2025-05-10 10:33:29,433 - INFO - Prepared datasets: 587 train & 1000 validation samples
2025-05-10 10:33:29,439 - INFO - Initializing model...
2025-05-10 10:33:29,443 - INFO - Fitting model...
2025-05-10 10:35:12,985 - INFO - Saved weights to /s/ls4/users/selibrin/spiking_researches/correlation_encoding_and_training/mnist/hpo/single_spk_input_multi_spk_output/hpo_data/hpo_iteration_data/4339499/estimator_1_neuron_2_weights.npy
2025-05-10 10:35:12,985 - INFO - Evaluating model...
2025-05-10 10:38:05,993 - INFO - Saved validation outputs to /s/ls4/users/selibrin/spiking_researches/correlation_encoding_and_training/mnist/hpo/single_spk_input_multi_spk_output/hpo_data/hpo_iteration_data/4339499/estimator_1_neuron_2_validation_outputs.npy
2025-05-10 10:38:05,993 - INFO - Waiting for parameters file: /s/ls4/users/selibrin/spiking_researches/correlation_encoding_and_training/mnist/hpo/single_spk_input_multi_spk_output/hpo_data/hpo_iteration_data/4339499/params_1_2.pkl
2025-05-10 10:38:31,025 - INFO - Loaded HPO parameters
2025-05-10 10:38:31,025 - INFO - Preparing datasets...
2025-05-10 10:38:34,061 - INFO - Prepared datasets: 587 train & 1000 validation samples
2025-05-10 10:38:34,061 - INFO - Initializing model...
2025-05-10 10:38:34,063 - INFO - Fitting model...
2025-05-10 10:40:17,489 - INFO - Saved weights to /s/ls4/users/selibrin/spiking_researches/correlation_encoding_and_training/mnist/hpo/single_spk_input_multi_spk_output/hpo_data/hpo_iteration_data/4339499/estimator_1_neuron_2_weights.npy
2025-05-10 10:40:17,489 - INFO - Evaluating model...
2025-05-10 10:43:08,427 - INFO - Saved validation outputs to /s/ls4/users/selibrin/spiking_researches/correlation_encoding_and_training/mnist/hpo/single_spk_input_multi_spk_output/hpo_data/hpo_iteration_data/4339499/estimator_1_neuron_2_validation_outputs.npy
2025-05-10 10:43:08,428 - INFO - Waiting for parameters file: /s/ls4/users/selibrin/spiking_researches/correlation_encoding_and_training/mnist/hpo/single_spk_input_multi_spk_output/hpo_data/hpo_iteration_data/4339499/params_1_2.pkl
2025-05-10 10:43:38,463 - INFO - Loaded HPO parameters
2025-05-10 10:43:38,464 - INFO - Preparing datasets...
2025-05-10 10:43:41,652 - INFO - Prepared datasets: 587 train & 1000 validation samples
2025-05-10 10:43:41,659 - INFO - Initializing model...
2025-05-10 10:43:41,661 - INFO - Fitting model...
2025-05-10 10:45:24,255 - INFO - Saved weights to /s/ls4/users/selibrin/spiking_researches/correlation_encoding_and_training/mnist/hpo/single_spk_input_multi_spk_output/hpo_data/hpo_iteration_data/4339499/estimator_1_neuron_2_weights.npy
2025-05-10 10:45:24,256 - INFO - Evaluating model...
2025-05-10 10:48:13,100 - INFO - Saved validation outputs to /s/ls4/users/selibrin/spiking_researches/correlation_encoding_and_training/mnist/hpo/single_spk_input_multi_spk_output/hpo_data/hpo_iteration_data/4339499/estimator_1_neuron_2_validation_outputs.npy
2025-05-10 10:48:13,101 - INFO - Waiting for parameters file: /s/ls4/users/selibrin/spiking_researches/correlation_encoding_and_training/mnist/hpo/single_spk_input_multi_spk_output/hpo_data/hpo_iteration_data/4339499/params_1_2.pkl
2025-05-10 10:48:43,137 - INFO - Loaded HPO parameters
2025-05-10 10:48:43,137 - INFO - Preparing datasets...
2025-05-10 10:48:46,624 - INFO - Prepared datasets: 587 train & 1000 validation samples
2025-05-10 10:48:46,625 - INFO - Initializing model...
2025-05-10 10:48:46,628 - INFO - Fitting model...
2025-05-10 10:50:30,511 - INFO - Saved weights to /s/ls4/users/selibrin/spiking_researches/correlation_encoding_and_training/mnist/hpo/single_spk_input_multi_spk_output/hpo_data/hpo_iteration_data/4339499/estimator_1_neuron_2_weights.npy
2025-05-10 10:50:30,511 - INFO - Evaluating model...
2025-05-10 10:53:25,552 - INFO - Saved validation outputs to /s/ls4/users/selibrin/spiking_researches/correlation_encoding_and_training/mnist/hpo/single_spk_input_multi_spk_output/hpo_data/hpo_iteration_data/4339499/estimator_1_neuron_2_validation_outputs.npy
2025-05-10 10:53:25,552 - INFO - Waiting for parameters file: /s/ls4/users/selibrin/spiking_researches/correlation_encoding_and_training/mnist/hpo/single_spk_input_multi_spk_output/hpo_data/hpo_iteration_data/4339499/params_1_2.pkl
2025-05-10 10:53:45,577 - INFO - Loaded HPO parameters
2025-05-10 10:53:45,577 - INFO - Preparing datasets...
2025-05-10 10:53:48,642 - INFO - Prepared datasets: 587 train & 1000 validation samples
2025-05-10 10:53:48,648 - INFO - Initializing model...
2025-05-10 10:53:48,650 - INFO - Fitting model...
2025-05-10 10:55:34,032 - INFO - Saved weights to /s/ls4/users/selibrin/spiking_researches/correlation_encoding_and_training/mnist/hpo/single_spk_input_multi_spk_output/hpo_data/hpo_iteration_data/4339499/estimator_1_neuron_2_weights.npy
2025-05-10 10:55:34,033 - INFO - Evaluating model...
2025-05-10 10:58:26,942 - INFO - Saved validation outputs to /s/ls4/users/selibrin/spiking_researches/correlation_encoding_and_training/mnist/hpo/single_spk_input_multi_spk_output/hpo_data/hpo_iteration_data/4339499/estimator_1_neuron_2_validation_outputs.npy
2025-05-10 10:58:26,943 - INFO - Waiting for parameters file: /s/ls4/users/selibrin/spiking_researches/correlation_encoding_and_training/mnist/hpo/single_spk_input_multi_spk_output/hpo_data/hpo_iteration_data/4339499/params_1_2.pkl
2025-05-10 10:58:51,974 - INFO - Loaded HPO parameters
2025-05-10 10:58:51,974 - INFO - Preparing datasets...
2025-05-10 10:58:55,089 - INFO - Prepared datasets: 587 train & 1000 validation samples
2025-05-10 10:58:55,089 - INFO - Initializing model...
2025-05-10 10:58:55,092 - INFO - Fitting model...
2025-05-10 11:00:38,850 - INFO - Saved weights to /s/ls4/users/selibrin/spiking_researches/correlation_encoding_and_training/mnist/hpo/single_spk_input_multi_spk_output/hpo_data/hpo_iteration_data/4339499/estimator_1_neuron_2_weights.npy
2025-05-10 11:00:38,850 - INFO - Evaluating model...
2025-05-10 11:03:29,085 - INFO - Saved validation outputs to /s/ls4/users/selibrin/spiking_researches/correlation_encoding_and_training/mnist/hpo/single_spk_input_multi_spk_output/hpo_data/hpo_iteration_data/4339499/estimator_1_neuron_2_validation_outputs.npy
2025-05-10 11:03:29,085 - INFO - Waiting for parameters file: /s/ls4/users/selibrin/spiking_researches/correlation_encoding_and_training/mnist/hpo/single_spk_input_multi_spk_output/hpo_data/hpo_iteration_data/4339499/params_1_2.pkl
2025-05-10 11:03:59,121 - INFO - Loaded HPO parameters
2025-05-10 11:03:59,121 - INFO - Preparing datasets...
2025-05-10 11:04:02,232 - INFO - Prepared datasets: 587 train & 1000 validation samples
2025-05-10 11:04:02,237 - INFO - Initializing model...
2025-05-10 11:04:02,239 - INFO - Fitting model...
2025-05-10 11:05:45,378 - INFO - Saved weights to /s/ls4/users/selibrin/spiking_researches/correlation_encoding_and_training/mnist/hpo/single_spk_input_multi_spk_output/hpo_data/hpo_iteration_data/4339499/estimator_1_neuron_2_weights.npy
2025-05-10 11:05:45,379 - INFO - Evaluating model...
2025-05-10 11:08:38,013 - INFO - Saved validation outputs to /s/ls4/users/selibrin/spiking_researches/correlation_encoding_and_training/mnist/hpo/single_spk_input_multi_spk_output/hpo_data/hpo_iteration_data/4339499/estimator_1_neuron_2_validation_outputs.npy
2025-05-10 11:08:38,014 - INFO - Waiting for parameters file: /s/ls4/users/selibrin/spiking_researches/correlation_encoding_and_training/mnist/hpo/single_spk_input_multi_spk_output/hpo_data/hpo_iteration_data/4339499/params_1_2.pkl
2025-05-10 11:09:03,064 - INFO - Loaded HPO parameters
2025-05-10 11:09:03,064 - INFO - Preparing datasets...
2025-05-10 11:09:06,188 - INFO - Prepared datasets: 587 train & 1000 validation samples
2025-05-10 11:09:06,188 - INFO - Initializing model...
2025-05-10 11:09:06,191 - INFO - Fitting model...
2025-05-10 11:10:49,400 - INFO - Saved weights to /s/ls4/users/selibrin/spiking_researches/correlation_encoding_and_training/mnist/hpo/single_spk_input_multi_spk_output/hpo_data/hpo_iteration_data/4339499/estimator_1_neuron_2_weights.npy
2025-05-10 11:10:49,401 - INFO - Evaluating model...
2025-05-10 11:13:43,476 - INFO - Saved validation outputs to /s/ls4/users/selibrin/spiking_researches/correlation_encoding_and_training/mnist/hpo/single_spk_input_multi_spk_output/hpo_data/hpo_iteration_data/4339499/estimator_1_neuron_2_validation_outputs.npy
2025-05-10 11:13:43,477 - INFO - Waiting for parameters file: /s/ls4/users/selibrin/spiking_researches/correlation_encoding_and_training/mnist/hpo/single_spk_input_multi_spk_output/hpo_data/hpo_iteration_data/4339499/params_1_2.pkl
2025-05-10 11:14:08,525 - INFO - Loaded HPO parameters
2025-05-10 11:14:08,525 - INFO - Preparing datasets...
2025-05-10 11:14:11,525 - INFO - Prepared datasets: 587 train & 1000 validation samples
2025-05-10 11:14:11,529 - INFO - Initializing model...
2025-05-10 11:14:11,532 - INFO - Fitting model...
2025-05-10 11:15:54,823 - INFO - Saved weights to /s/ls4/users/selibrin/spiking_researches/correlation_encoding_and_training/mnist/hpo/single_spk_input_multi_spk_output/hpo_data/hpo_iteration_data/4339499/estimator_1_neuron_2_weights.npy
2025-05-10 11:15:54,823 - INFO - Evaluating model...
2025-05-10 11:18:45,825 - INFO - Saved validation outputs to /s/ls4/users/selibrin/spiking_researches/correlation_encoding_and_training/mnist/hpo/single_spk_input_multi_spk_output/hpo_data/hpo_iteration_data/4339499/estimator_1_neuron_2_validation_outputs.npy
2025-05-10 11:18:45,826 - INFO - Waiting for parameters file: /s/ls4/users/selibrin/spiking_researches/correlation_encoding_and_training/mnist/hpo/single_spk_input_multi_spk_output/hpo_data/hpo_iteration_data/4339499/params_1_2.pkl
2025-05-10 11:19:15,861 - INFO - Loaded HPO parameters
2025-05-10 11:19:15,861 - INFO - Preparing datasets...
2025-05-10 11:19:18,988 - INFO - Prepared datasets: 587 train & 1000 validation samples
2025-05-10 11:19:18,989 - INFO - Initializing model...
2025-05-10 11:19:18,991 - INFO - Fitting model...
2025-05-10 11:21:02,744 - INFO - Saved weights to /s/ls4/users/selibrin/spiking_researches/correlation_encoding_and_training/mnist/hpo/single_spk_input_multi_spk_output/hpo_data/hpo_iteration_data/4339499/estimator_1_neuron_2_weights.npy
2025-05-10 11:21:02,745 - INFO - Evaluating model...
2025-05-10 11:23:54,518 - INFO - Saved validation outputs to /s/ls4/users/selibrin/spiking_researches/correlation_encoding_and_training/mnist/hpo/single_spk_input_multi_spk_output/hpo_data/hpo_iteration_data/4339499/estimator_1_neuron_2_validation_outputs.npy
2025-05-10 11:23:54,518 - INFO - Waiting for parameters file: /s/ls4/users/selibrin/spiking_researches/correlation_encoding_and_training/mnist/hpo/single_spk_input_multi_spk_output/hpo_data/hpo_iteration_data/4339499/params_1_2.pkl
2025-05-10 11:24:19,549 - INFO - Loaded HPO parameters
2025-05-10 11:24:19,549 - INFO - Preparing datasets...
2025-05-10 11:24:22,890 - INFO - Prepared datasets: 587 train & 1000 validation samples
2025-05-10 11:24:22,891 - INFO - Initializing model...
2025-05-10 11:24:22,893 - INFO - Fitting model...
2025-05-10 11:26:05,292 - INFO - Saved weights to /s/ls4/users/selibrin/spiking_researches/correlation_encoding_and_training/mnist/hpo/single_spk_input_multi_spk_output/hpo_data/hpo_iteration_data/4339499/estimator_1_neuron_2_weights.npy
2025-05-10 11:26:05,292 - INFO - Evaluating model...
2025-05-10 11:28:55,719 - INFO - Saved validation outputs to /s/ls4/users/selibrin/spiking_researches/correlation_encoding_and_training/mnist/hpo/single_spk_input_multi_spk_output/hpo_data/hpo_iteration_data/4339499/estimator_1_neuron_2_validation_outputs.npy
2025-05-10 11:28:55,719 - INFO - Waiting for parameters file: /s/ls4/users/selibrin/spiking_researches/correlation_encoding_and_training/mnist/hpo/single_spk_input_multi_spk_output/hpo_data/hpo_iteration_data/4339499/params_1_2.pkl
2025-05-10 11:29:25,756 - INFO - Loaded HPO parameters
2025-05-10 11:29:25,757 - INFO - Preparing datasets...
2025-05-10 11:29:28,988 - INFO - Prepared datasets: 587 train & 1000 validation samples
2025-05-10 11:29:28,989 - INFO - Initializing model...
2025-05-10 11:29:28,991 - INFO - Fitting model...
2025-05-10 11:31:09,233 - INFO - Saved weights to /s/ls4/users/selibrin/spiking_researches/correlation_encoding_and_training/mnist/hpo/single_spk_input_multi_spk_output/hpo_data/hpo_iteration_data/4339499/estimator_1_neuron_2_weights.npy
2025-05-10 11:31:09,233 - INFO - Evaluating model...
2025-05-10 11:33:59,823 - INFO - Saved validation outputs to /s/ls4/users/selibrin/spiking_researches/correlation_encoding_and_training/mnist/hpo/single_spk_input_multi_spk_output/hpo_data/hpo_iteration_data/4339499/estimator_1_neuron_2_validation_outputs.npy
2025-05-10 11:33:59,823 - INFO - Waiting for parameters file: /s/ls4/users/selibrin/spiking_researches/correlation_encoding_and_training/mnist/hpo/single_spk_input_multi_spk_output/hpo_data/hpo_iteration_data/4339499/params_1_2.pkl
2025-05-10 11:34:29,859 - INFO - Loaded HPO parameters
2025-05-10 11:34:29,860 - INFO - Preparing datasets...
2025-05-10 11:34:33,282 - INFO - Prepared datasets: 587 train & 1000 validation samples
2025-05-10 11:34:33,283 - INFO - Initializing model...
2025-05-10 11:34:33,287 - INFO - Fitting model...
2025-05-10 11:36:15,379 - INFO - Saved weights to /s/ls4/users/selibrin/spiking_researches/correlation_encoding_and_training/mnist/hpo/single_spk_input_multi_spk_output/hpo_data/hpo_iteration_data/4339499/estimator_1_neuron_2_weights.npy
2025-05-10 11:36:15,379 - INFO - Evaluating model...
2025-05-10 11:39:08,252 - INFO - Saved validation outputs to /s/ls4/users/selibrin/spiking_researches/correlation_encoding_and_training/mnist/hpo/single_spk_input_multi_spk_output/hpo_data/hpo_iteration_data/4339499/estimator_1_neuron_2_validation_outputs.npy
2025-05-10 11:39:08,252 - INFO - Waiting for parameters file: /s/ls4/users/selibrin/spiking_researches/correlation_encoding_and_training/mnist/hpo/single_spk_input_multi_spk_output/hpo_data/hpo_iteration_data/4339499/params_1_2.pkl
2025-05-10 11:39:38,287 - INFO - Loaded HPO parameters
2025-05-10 11:39:38,288 - INFO - Preparing datasets...
2025-05-10 11:39:41,580 - INFO - Prepared datasets: 587 train & 1000 validation samples
2025-05-10 11:39:41,580 - INFO - Initializing model...
2025-05-10 11:39:41,583 - INFO - Fitting model...
2025-05-10 11:41:25,496 - INFO - Saved weights to /s/ls4/users/selibrin/spiking_researches/correlation_encoding_and_training/mnist/hpo/single_spk_input_multi_spk_output/hpo_data/hpo_iteration_data/4339499/estimator_1_neuron_2_weights.npy
2025-05-10 11:41:25,497 - INFO - Evaluating model...
2025-05-10 11:44:17,324 - INFO - Saved validation outputs to /s/ls4/users/selibrin/spiking_researches/correlation_encoding_and_training/mnist/hpo/single_spk_input_multi_spk_output/hpo_data/hpo_iteration_data/4339499/estimator_1_neuron_2_validation_outputs.npy
2025-05-10 11:44:17,324 - INFO - Waiting for parameters file: /s/ls4/users/selibrin/spiking_researches/correlation_encoding_and_training/mnist/hpo/single_spk_input_multi_spk_output/hpo_data/hpo_iteration_data/4339499/params_1_2.pkl
2025-05-10 11:44:42,355 - INFO - Loaded HPO parameters
2025-05-10 11:44:42,356 - INFO - Preparing datasets...
2025-05-10 11:44:45,560 - INFO - Prepared datasets: 587 train & 1000 validation samples
2025-05-10 11:44:45,561 - INFO - Initializing model...
2025-05-10 11:44:45,563 - INFO - Fitting model...
2025-05-10 11:46:32,519 - INFO - Saved weights to /s/ls4/users/selibrin/spiking_researches/correlation_encoding_and_training/mnist/hpo/single_spk_input_multi_spk_output/hpo_data/hpo_iteration_data/4339499/estimator_1_neuron_2_weights.npy
2025-05-10 11:46:32,520 - INFO - Evaluating model...
2025-05-10 11:49:27,035 - INFO - Saved validation outputs to /s/ls4/users/selibrin/spiking_researches/correlation_encoding_and_training/mnist/hpo/single_spk_input_multi_spk_output/hpo_data/hpo_iteration_data/4339499/estimator_1_neuron_2_validation_outputs.npy
2025-05-10 11:49:27,035 - INFO - Waiting for parameters file: /s/ls4/users/selibrin/spiking_researches/correlation_encoding_and_training/mnist/hpo/single_spk_input_multi_spk_output/hpo_data/hpo_iteration_data/4339499/params_1_2.pkl
2025-05-10 11:49:47,059 - INFO - Loaded HPO parameters
2025-05-10 11:49:47,060 - INFO - Preparing datasets...
2025-05-10 11:49:50,407 - INFO - Prepared datasets: 587 train & 1000 validation samples
2025-05-10 11:49:50,408 - INFO - Initializing model...
2025-05-10 11:49:50,410 - INFO - Fitting model...
2025-05-10 11:51:34,923 - INFO - Saved weights to /s/ls4/users/selibrin/spiking_researches/correlation_encoding_and_training/mnist/hpo/single_spk_input_multi_spk_output/hpo_data/hpo_iteration_data/4339499/estimator_1_neuron_2_weights.npy
2025-05-10 11:51:34,924 - INFO - Evaluating model...
2025-05-10 11:54:22,551 - INFO - Saved validation outputs to /s/ls4/users/selibrin/spiking_researches/correlation_encoding_and_training/mnist/hpo/single_spk_input_multi_spk_output/hpo_data/hpo_iteration_data/4339499/estimator_1_neuron_2_validation_outputs.npy
2025-05-10 11:54:22,552 - INFO - Waiting for parameters file: /s/ls4/users/selibrin/spiking_researches/correlation_encoding_and_training/mnist/hpo/single_spk_input_multi_spk_output/hpo_data/hpo_iteration_data/4339499/params_1_2.pkl
2025-05-10 11:54:52,590 - INFO - Loaded HPO parameters
2025-05-10 11:54:52,590 - INFO - Preparing datasets...
2025-05-10 11:54:55,692 - INFO - Prepared datasets: 293 train & 1000 validation samples
2025-05-10 11:54:55,693 - INFO - Initializing model...
2025-05-10 11:54:55,695 - INFO - Fitting model...
2025-05-10 11:55:48,388 - INFO - Saved weights to /s/ls4/users/selibrin/spiking_researches/correlation_encoding_and_training/mnist/hpo/single_spk_input_multi_spk_output/hpo_data/hpo_iteration_data/4339499/estimator_1_neuron_2_weights.npy
2025-05-10 11:55:48,388 - INFO - Evaluating model...
2025-05-10 11:58:43,064 - INFO - Saved validation outputs to /s/ls4/users/selibrin/spiking_researches/correlation_encoding_and_training/mnist/hpo/single_spk_input_multi_spk_output/hpo_data/hpo_iteration_data/4339499/estimator_1_neuron_2_validation_outputs.npy
2025-05-10 11:58:43,065 - INFO - Waiting for parameters file: /s/ls4/users/selibrin/spiking_researches/correlation_encoding_and_training/mnist/hpo/single_spk_input_multi_spk_output/hpo_data/hpo_iteration_data/4339499/params_1_2.pkl
2025-05-10 11:58:58,088 - INFO - Loaded HPO parameters
2025-05-10 11:58:58,088 - INFO - Preparing datasets...
2025-05-10 11:59:01,376 - INFO - Prepared datasets: 587 train & 1000 validation samples
2025-05-10 11:59:01,377 - INFO - Initializing model...
2025-05-10 11:59:01,379 - INFO - Fitting model...
2025-05-10 12:00:43,406 - INFO - Saved weights to /s/ls4/users/selibrin/spiking_researches/correlation_encoding_and_training/mnist/hpo/single_spk_input_multi_spk_output/hpo_data/hpo_iteration_data/4339499/estimator_1_neuron_2_weights.npy
2025-05-10 12:00:43,406 - INFO - Evaluating model...
2025-05-10 12:03:33,447 - INFO - Saved validation outputs to /s/ls4/users/selibrin/spiking_researches/correlation_encoding_and_training/mnist/hpo/single_spk_input_multi_spk_output/hpo_data/hpo_iteration_data/4339499/estimator_1_neuron_2_validation_outputs.npy
2025-05-10 12:03:33,448 - INFO - Waiting for parameters file: /s/ls4/users/selibrin/spiking_researches/correlation_encoding_and_training/mnist/hpo/single_spk_input_multi_spk_output/hpo_data/hpo_iteration_data/4339499/params_1_2.pkl
2025-05-10 12:04:03,483 - INFO - Loaded HPO parameters
2025-05-10 12:04:03,483 - INFO - Preparing datasets...
2025-05-10 12:04:06,480 - INFO - Prepared datasets: 587 train & 1000 validation samples
2025-05-10 12:04:06,481 - INFO - Initializing model...
2025-05-10 12:04:06,484 - INFO - Fitting model...
2025-05-10 12:05:51,006 - INFO - Saved weights to /s/ls4/users/selibrin/spiking_researches/correlation_encoding_and_training/mnist/hpo/single_spk_input_multi_spk_output/hpo_data/hpo_iteration_data/4339499/estimator_1_neuron_2_weights.npy
2025-05-10 12:05:51,006 - INFO - Evaluating model...
2025-05-10 12:08:44,032 - INFO - Saved validation outputs to /s/ls4/users/selibrin/spiking_researches/correlation_encoding_and_training/mnist/hpo/single_spk_input_multi_spk_output/hpo_data/hpo_iteration_data/4339499/estimator_1_neuron_2_validation_outputs.npy
2025-05-10 12:08:44,032 - INFO - Waiting for parameters file: /s/ls4/users/selibrin/spiking_researches/correlation_encoding_and_training/mnist/hpo/single_spk_input_multi_spk_output/hpo_data/hpo_iteration_data/4339499/params_1_2.pkl
2025-05-10 12:09:09,065 - INFO - Loaded HPO parameters
2025-05-10 12:09:09,065 - INFO - Preparing datasets...
2025-05-10 12:09:12,514 - INFO - Prepared datasets: 587 train & 1000 validation samples
2025-05-10 12:09:12,514 - INFO - Initializing model...
2025-05-10 12:09:12,517 - INFO - Fitting model...
2025-05-10 12:10:59,370 - INFO - Saved weights to /s/ls4/users/selibrin/spiking_researches/correlation_encoding_and_training/mnist/hpo/single_spk_input_multi_spk_output/hpo_data/hpo_iteration_data/4339499/estimator_1_neuron_2_weights.npy
2025-05-10 12:10:59,370 - INFO - Evaluating model...
2025-05-10 12:13:58,128 - INFO - Saved validation outputs to /s/ls4/users/selibrin/spiking_researches/correlation_encoding_and_training/mnist/hpo/single_spk_input_multi_spk_output/hpo_data/hpo_iteration_data/4339499/estimator_1_neuron_2_validation_outputs.npy
2025-05-10 12:13:58,128 - INFO - Waiting for parameters file: /s/ls4/users/selibrin/spiking_researches/correlation_encoding_and_training/mnist/hpo/single_spk_input_multi_spk_output/hpo_data/hpo_iteration_data/4339499/params_1_2.pkl
2025-05-10 12:14:13,148 - INFO - Loaded HPO parameters
2025-05-10 12:14:13,148 - INFO - Preparing datasets...
2025-05-10 12:14:16,172 - INFO - Prepared datasets: 587 train & 1000 validation samples
2025-05-10 12:14:16,173 - INFO - Initializing model...
2025-05-10 12:14:16,176 - INFO - Fitting model...
2025-05-10 12:16:02,266 - INFO - Saved weights to /s/ls4/users/selibrin/spiking_researches/correlation_encoding_and_training/mnist/hpo/single_spk_input_multi_spk_output/hpo_data/hpo_iteration_data/4339499/estimator_1_neuron_2_weights.npy
2025-05-10 12:16:02,266 - INFO - Evaluating model...
2025-05-10 12:18:59,737 - INFO - Saved validation outputs to /s/ls4/users/selibrin/spiking_researches/correlation_encoding_and_training/mnist/hpo/single_spk_input_multi_spk_output/hpo_data/hpo_iteration_data/4339499/estimator_1_neuron_2_validation_outputs.npy
2025-05-10 12:18:59,738 - INFO - Waiting for parameters file: /s/ls4/users/selibrin/spiking_researches/correlation_encoding_and_training/mnist/hpo/single_spk_input_multi_spk_output/hpo_data/hpo_iteration_data/4339499/params_1_2.pkl
2025-05-10 12:19:19,762 - INFO - Loaded HPO parameters
2025-05-10 12:19:19,762 - INFO - Preparing datasets...
2025-05-10 12:19:23,095 - INFO - Prepared datasets: 1175 train & 1000 validation samples
2025-05-10 12:19:23,096 - INFO - Initializing model...
2025-05-10 12:19:23,099 - INFO - Fitting model...
2025-05-10 12:22:55,593 - INFO - Saved weights to /s/ls4/users/selibrin/spiking_researches/correlation_encoding_and_training/mnist/hpo/single_spk_input_multi_spk_output/hpo_data/hpo_iteration_data/4339499/estimator_1_neuron_2_weights.npy
2025-05-10 12:22:55,594 - INFO - Evaluating model...
2025-05-10 12:25:50,651 - INFO - Saved validation outputs to /s/ls4/users/selibrin/spiking_researches/correlation_encoding_and_training/mnist/hpo/single_spk_input_multi_spk_output/hpo_data/hpo_iteration_data/4339499/estimator_1_neuron_2_validation_outputs.npy
2025-05-10 12:25:50,651 - INFO - Waiting for parameters file: /s/ls4/users/selibrin/spiking_researches/correlation_encoding_and_training/mnist/hpo/single_spk_input_multi_spk_output/hpo_data/hpo_iteration_data/4339499/params_1_2.pkl
2025-05-10 12:26:25,715 - INFO - Loaded HPO parameters
2025-05-10 12:26:25,715 - INFO - Preparing datasets...
2025-05-10 12:26:28,694 - INFO - Prepared datasets: 587 train & 1000 validation samples
2025-05-10 12:26:28,695 - INFO - Initializing model...
2025-05-10 12:26:28,697 - INFO - Fitting model...
2025-05-10 12:28:12,134 - INFO - Saved weights to /s/ls4/users/selibrin/spiking_researches/correlation_encoding_and_training/mnist/hpo/single_spk_input_multi_spk_output/hpo_data/hpo_iteration_data/4339499/estimator_1_neuron_2_weights.npy
2025-05-10 12:28:12,135 - INFO - Evaluating model...
2025-05-10 12:31:04,662 - INFO - Saved validation outputs to /s/ls4/users/selibrin/spiking_researches/correlation_encoding_and_training/mnist/hpo/single_spk_input_multi_spk_output/hpo_data/hpo_iteration_data/4339499/estimator_1_neuron_2_validation_outputs.npy
2025-05-10 12:31:04,663 - INFO - Waiting for parameters file: /s/ls4/users/selibrin/spiking_researches/correlation_encoding_and_training/mnist/hpo/single_spk_input_multi_spk_output/hpo_data/hpo_iteration_data/4339499/params_1_2.pkl
2025-05-10 12:31:29,693 - INFO - Loaded HPO parameters
2025-05-10 12:31:29,693 - INFO - Preparing datasets...
2025-05-10 12:31:32,651 - INFO - Prepared datasets: 293 train & 1000 validation samples
2025-05-10 12:31:32,651 - INFO - Initializing model...
2025-05-10 12:31:32,653 - INFO - Fitting model...
2025-05-10 12:32:23,855 - INFO - Saved weights to /s/ls4/users/selibrin/spiking_researches/correlation_encoding_and_training/mnist/hpo/single_spk_input_multi_spk_output/hpo_data/hpo_iteration_data/4339499/estimator_1_neuron_2_weights.npy
2025-05-10 12:32:23,856 - INFO - Evaluating model...
2025-05-10 12:35:15,522 - INFO - Saved validation outputs to /s/ls4/users/selibrin/spiking_researches/correlation_encoding_and_training/mnist/hpo/single_spk_input_multi_spk_output/hpo_data/hpo_iteration_data/4339499/estimator_1_neuron_2_validation_outputs.npy
2025-05-10 12:35:15,522 - INFO - Waiting for parameters file: /s/ls4/users/selibrin/spiking_researches/correlation_encoding_and_training/mnist/hpo/single_spk_input_multi_spk_output/hpo_data/hpo_iteration_data/4339499/params_1_2.pkl
2025-05-10 12:35:35,548 - INFO - Loaded HPO parameters
2025-05-10 12:35:35,548 - INFO - Preparing datasets...
2025-05-10 12:35:38,897 - INFO - Prepared datasets: 587 train & 1000 validation samples
2025-05-10 12:35:38,898 - INFO - Initializing model...
2025-05-10 12:35:38,901 - INFO - Fitting model...
2025-05-10 12:37:26,671 - INFO - Saved weights to /s/ls4/users/selibrin/spiking_researches/correlation_encoding_and_training/mnist/hpo/single_spk_input_multi_spk_output/hpo_data/hpo_iteration_data/4339499/estimator_1_neuron_2_weights.npy
2025-05-10 12:37:26,672 - INFO - Evaluating model...
2025-05-10 12:40:22,091 - INFO - Saved validation outputs to /s/ls4/users/selibrin/spiking_researches/correlation_encoding_and_training/mnist/hpo/single_spk_input_multi_spk_output/hpo_data/hpo_iteration_data/4339499/estimator_1_neuron_2_validation_outputs.npy
2025-05-10 12:40:22,091 - INFO - Waiting for parameters file: /s/ls4/users/selibrin/spiking_researches/correlation_encoding_and_training/mnist/hpo/single_spk_input_multi_spk_output/hpo_data/hpo_iteration_data/4339499/params_1_2.pkl
2025-05-10 12:40:42,139 - INFO - Loaded HPO parameters
2025-05-10 12:40:42,139 - INFO - Preparing datasets...
2025-05-10 12:40:45,126 - INFO - Prepared datasets: 587 train & 1000 validation samples
2025-05-10 12:40:45,126 - INFO - Initializing model...
2025-05-10 12:40:45,129 - INFO - Fitting model...
2025-05-10 12:42:29,892 - INFO - Saved weights to /s/ls4/users/selibrin/spiking_researches/correlation_encoding_and_training/mnist/hpo/single_spk_input_multi_spk_output/hpo_data/hpo_iteration_data/4339499/estimator_1_neuron_2_weights.npy
2025-05-10 12:42:29,892 - INFO - Evaluating model...
2025-05-10 12:45:25,747 - INFO - Saved validation outputs to /s/ls4/users/selibrin/spiking_researches/correlation_encoding_and_training/mnist/hpo/single_spk_input_multi_spk_output/hpo_data/hpo_iteration_data/4339499/estimator_1_neuron_2_validation_outputs.npy
2025-05-10 12:45:25,747 - INFO - Waiting for parameters file: /s/ls4/users/selibrin/spiking_researches/correlation_encoding_and_training/mnist/hpo/single_spk_input_multi_spk_output/hpo_data/hpo_iteration_data/4339499/params_1_2.pkl
2025-05-10 12:45:45,799 - INFO - Loaded HPO parameters
2025-05-10 12:45:45,799 - INFO - Preparing datasets...
2025-05-10 12:45:49,486 - INFO - Prepared datasets: 587 train & 1000 validation samples
2025-05-10 12:45:49,487 - INFO - Initializing model...
2025-05-10 12:45:49,489 - INFO - Fitting model...
2025-05-10 12:47:35,465 - INFO - Saved weights to /s/ls4/users/selibrin/spiking_researches/correlation_encoding_and_training/mnist/hpo/single_spk_input_multi_spk_output/hpo_data/hpo_iteration_data/4339499/estimator_1_neuron_2_weights.npy
2025-05-10 12:47:35,466 - INFO - Evaluating model...
2025-05-10 12:50:30,564 - INFO - Saved validation outputs to /s/ls4/users/selibrin/spiking_researches/correlation_encoding_and_training/mnist/hpo/single_spk_input_multi_spk_output/hpo_data/hpo_iteration_data/4339499/estimator_1_neuron_2_validation_outputs.npy
2025-05-10 12:50:30,565 - INFO - Waiting for parameters file: /s/ls4/users/selibrin/spiking_researches/correlation_encoding_and_training/mnist/hpo/single_spk_input_multi_spk_output/hpo_data/hpo_iteration_data/4339499/params_1_2.pkl
2025-05-10 12:50:55,594 - INFO - Loaded HPO parameters
2025-05-10 12:50:55,595 - INFO - Preparing datasets...
2025-05-10 12:50:58,629 - INFO - Prepared datasets: 1175 train & 1000 validation samples
2025-05-10 12:50:58,630 - INFO - Initializing model...
2025-05-10 12:50:58,632 - INFO - Fitting model...
2025-05-10 12:54:28,556 - INFO - Saved weights to /s/ls4/users/selibrin/spiking_researches/correlation_encoding_and_training/mnist/hpo/single_spk_input_multi_spk_output/hpo_data/hpo_iteration_data/4339499/estimator_1_neuron_2_weights.npy
2025-05-10 12:54:28,556 - INFO - Evaluating model...
2025-05-10 12:57:23,178 - INFO - Saved validation outputs to /s/ls4/users/selibrin/spiking_researches/correlation_encoding_and_training/mnist/hpo/single_spk_input_multi_spk_output/hpo_data/hpo_iteration_data/4339499/estimator_1_neuron_2_validation_outputs.npy
2025-05-10 12:57:23,179 - INFO - Waiting for parameters file: /s/ls4/users/selibrin/spiking_researches/correlation_encoding_and_training/mnist/hpo/single_spk_input_multi_spk_output/hpo_data/hpo_iteration_data/4339499/params_1_2.pkl
2025-05-10 12:57:58,221 - INFO - Loaded HPO parameters
2025-05-10 12:57:58,221 - INFO - Preparing datasets...
2025-05-10 12:58:01,411 - INFO - Prepared datasets: 587 train & 1000 validation samples
2025-05-10 12:58:01,412 - INFO - Initializing model...
2025-05-10 12:58:01,414 - INFO - Fitting model...
2025-05-10 12:59:46,486 - INFO - Saved weights to /s/ls4/users/selibrin/spiking_researches/correlation_encoding_and_training/mnist/hpo/single_spk_input_multi_spk_output/hpo_data/hpo_iteration_data/4339499/estimator_1_neuron_2_weights.npy
2025-05-10 12:59:46,487 - INFO - Evaluating model...
2025-05-10 13:02:42,689 - INFO - Saved validation outputs to /s/ls4/users/selibrin/spiking_researches/correlation_encoding_and_training/mnist/hpo/single_spk_input_multi_spk_output/hpo_data/hpo_iteration_data/4339499/estimator_1_neuron_2_validation_outputs.npy
2025-05-10 13:02:42,689 - INFO - Waiting for parameters file: /s/ls4/users/selibrin/spiking_researches/correlation_encoding_and_training/mnist/hpo/single_spk_input_multi_spk_output/hpo_data/hpo_iteration_data/4339499/params_1_2.pkl
2025-05-10 13:03:02,715 - INFO - Loaded HPO parameters
2025-05-10 13:03:02,715 - INFO - Preparing datasets...
2025-05-10 13:03:05,675 - INFO - Prepared datasets: 587 train & 1000 validation samples
2025-05-10 13:03:05,675 - INFO - Initializing model...
2025-05-10 13:03:05,678 - INFO - Fitting model...
2025-05-10 13:04:49,308 - INFO - Saved weights to /s/ls4/users/selibrin/spiking_researches/correlation_encoding_and_training/mnist/hpo/single_spk_input_multi_spk_output/hpo_data/hpo_iteration_data/4339499/estimator_1_neuron_2_weights.npy
2025-05-10 13:04:49,308 - INFO - Evaluating model...
2025-05-10 13:07:39,661 - INFO - Saved validation outputs to /s/ls4/users/selibrin/spiking_researches/correlation_encoding_and_training/mnist/hpo/single_spk_input_multi_spk_output/hpo_data/hpo_iteration_data/4339499/estimator_1_neuron_2_validation_outputs.npy
2025-05-10 13:07:39,662 - INFO - Waiting for parameters file: /s/ls4/users/selibrin/spiking_researches/correlation_encoding_and_training/mnist/hpo/single_spk_input_multi_spk_output/hpo_data/hpo_iteration_data/4339499/params_1_2.pkl
2025-05-10 13:08:09,699 - INFO - Loaded HPO parameters
2025-05-10 13:08:09,699 - INFO - Preparing datasets...
2025-05-10 13:08:12,821 - INFO - Prepared datasets: 293 train & 1000 validation samples
2025-05-10 13:08:12,822 - INFO - Initializing model...
2025-05-10 13:08:12,824 - INFO - Fitting model...
2025-05-10 13:09:03,981 - INFO - Saved weights to /s/ls4/users/selibrin/spiking_researches/correlation_encoding_and_training/mnist/hpo/single_spk_input_multi_spk_output/hpo_data/hpo_iteration_data/4339499/estimator_1_neuron_2_weights.npy
2025-05-10 13:09:03,982 - INFO - Evaluating model...
2025-05-10 13:11:54,752 - INFO - Saved validation outputs to /s/ls4/users/selibrin/spiking_researches/correlation_encoding_and_training/mnist/hpo/single_spk_input_multi_spk_output/hpo_data/hpo_iteration_data/4339499/estimator_1_neuron_2_validation_outputs.npy
2025-05-10 13:11:54,752 - INFO - Waiting for parameters file: /s/ls4/users/selibrin/spiking_researches/correlation_encoding_and_training/mnist/hpo/single_spk_input_multi_spk_output/hpo_data/hpo_iteration_data/4339499/params_1_2.pkl
2025-05-10 13:12:14,778 - INFO - Loaded HPO parameters
2025-05-10 13:12:14,778 - INFO - Preparing datasets...
2025-05-10 13:12:17,941 - INFO - Prepared datasets: 587 train & 1000 validation samples
2025-05-10 13:12:17,942 - INFO - Initializing model...
2025-05-10 13:12:17,944 - INFO - Fitting model...
2025-05-10 13:13:59,457 - INFO - Saved weights to /s/ls4/users/selibrin/spiking_researches/correlation_encoding_and_training/mnist/hpo/single_spk_input_multi_spk_output/hpo_data/hpo_iteration_data/4339499/estimator_1_neuron_2_weights.npy
2025-05-10 13:13:59,458 - INFO - Evaluating model...
2025-05-10 13:16:48,837 - INFO - Saved validation outputs to /s/ls4/users/selibrin/spiking_researches/correlation_encoding_and_training/mnist/hpo/single_spk_input_multi_spk_output/hpo_data/hpo_iteration_data/4339499/estimator_1_neuron_2_validation_outputs.npy
2025-05-10 13:16:48,837 - INFO - Waiting for parameters file: /s/ls4/users/selibrin/spiking_researches/correlation_encoding_and_training/mnist/hpo/single_spk_input_multi_spk_output/hpo_data/hpo_iteration_data/4339499/params_1_2.pkl
2025-05-10 13:17:18,873 - INFO - Loaded HPO parameters
2025-05-10 13:17:18,873 - INFO - Preparing datasets...
2025-05-10 13:17:22,020 - INFO - Prepared datasets: 587 train & 1000 validation samples
2025-05-10 13:17:22,021 - INFO - Initializing model...
2025-05-10 13:17:22,023 - INFO - Fitting model...
2025-05-10 13:19:05,869 - INFO - Saved weights to /s/ls4/users/selibrin/spiking_researches/correlation_encoding_and_training/mnist/hpo/single_spk_input_multi_spk_output/hpo_data/hpo_iteration_data/4339499/estimator_1_neuron_2_weights.npy
2025-05-10 13:19:05,869 - INFO - Evaluating model...
2025-05-10 13:21:58,383 - INFO - Saved validation outputs to /s/ls4/users/selibrin/spiking_researches/correlation_encoding_and_training/mnist/hpo/single_spk_input_multi_spk_output/hpo_data/hpo_iteration_data/4339499/estimator_1_neuron_2_validation_outputs.npy
2025-05-10 13:21:58,384 - INFO - Waiting for parameters file: /s/ls4/users/selibrin/spiking_researches/correlation_encoding_and_training/mnist/hpo/single_spk_input_multi_spk_output/hpo_data/hpo_iteration_data/4339499/params_1_2.pkl
2025-05-10 13:22:23,414 - INFO - Loaded HPO parameters
2025-05-10 13:22:23,414 - INFO - Preparing datasets...
2025-05-10 13:22:26,566 - INFO - Prepared datasets: 1175 train & 1000 validation samples
2025-05-10 13:22:26,567 - INFO - Initializing model...
2025-05-10 13:22:26,570 - INFO - Fitting model...
2025-05-10 13:25:55,342 - INFO - Saved weights to /s/ls4/users/selibrin/spiking_researches/correlation_encoding_and_training/mnist/hpo/single_spk_input_multi_spk_output/hpo_data/hpo_iteration_data/4339499/estimator_1_neuron_2_weights.npy
2025-05-10 13:25:55,343 - INFO - Evaluating model...
2025-05-10 13:28:48,591 - INFO - Saved validation outputs to /s/ls4/users/selibrin/spiking_researches/correlation_encoding_and_training/mnist/hpo/single_spk_input_multi_spk_output/hpo_data/hpo_iteration_data/4339499/estimator_1_neuron_2_validation_outputs.npy
2025-05-10 13:28:48,591 - INFO - Waiting for parameters file: /s/ls4/users/selibrin/spiking_researches/correlation_encoding_and_training/mnist/hpo/single_spk_input_multi_spk_output/hpo_data/hpo_iteration_data/4339499/params_1_2.pkl
2025-05-10 13:29:33,643 - INFO - Loaded HPO parameters
2025-05-10 13:29:33,643 - INFO - Preparing datasets...
2025-05-10 13:29:36,810 - INFO - Prepared datasets: 587 train & 1000 validation samples
2025-05-10 13:29:36,811 - INFO - Initializing model...
2025-05-10 13:29:36,813 - INFO - Fitting model...
2025-05-10 13:31:22,266 - INFO - Saved weights to /s/ls4/users/selibrin/spiking_researches/correlation_encoding_and_training/mnist/hpo/single_spk_input_multi_spk_output/hpo_data/hpo_iteration_data/4339499/estimator_1_neuron_2_weights.npy
2025-05-10 13:31:22,267 - INFO - Evaluating model...
2025-05-10 13:34:18,645 - INFO - Saved validation outputs to /s/ls4/users/selibrin/spiking_researches/correlation_encoding_and_training/mnist/hpo/single_spk_input_multi_spk_output/hpo_data/hpo_iteration_data/4339499/estimator_1_neuron_2_validation_outputs.npy
2025-05-10 13:34:18,646 - INFO - Waiting for parameters file: /s/ls4/users/selibrin/spiking_researches/correlation_encoding_and_training/mnist/hpo/single_spk_input_multi_spk_output/hpo_data/hpo_iteration_data/4339499/params_1_2.pkl
2025-05-10 13:34:38,671 - INFO - Loaded HPO parameters
2025-05-10 13:34:38,671 - INFO - Preparing datasets...
2025-05-10 13:34:41,827 - INFO - Prepared datasets: 587 train & 1000 validation samples
2025-05-10 13:34:41,828 - INFO - Initializing model...
2025-05-10 13:34:41,831 - INFO - Fitting model...
2025-05-10 13:36:23,941 - INFO - Saved weights to /s/ls4/users/selibrin/spiking_researches/correlation_encoding_and_training/mnist/hpo/single_spk_input_multi_spk_output/hpo_data/hpo_iteration_data/4339499/estimator_1_neuron_2_weights.npy
2025-05-10 13:36:23,941 - INFO - Evaluating model...
2025-05-10 13:39:15,031 - INFO - Saved validation outputs to /s/ls4/users/selibrin/spiking_researches/correlation_encoding_and_training/mnist/hpo/single_spk_input_multi_spk_output/hpo_data/hpo_iteration_data/4339499/estimator_1_neuron_2_validation_outputs.npy
2025-05-10 13:39:15,032 - INFO - Waiting for parameters file: /s/ls4/users/selibrin/spiking_researches/correlation_encoding_and_training/mnist/hpo/single_spk_input_multi_spk_output/hpo_data/hpo_iteration_data/4339499/params_1_2.pkl
2025-05-10 13:39:40,063 - INFO - Loaded HPO parameters
2025-05-10 13:39:40,063 - INFO - Preparing datasets...
2025-05-10 13:39:43,248 - INFO - Prepared datasets: 293 train & 1000 validation samples
2025-05-10 13:39:43,249 - INFO - Initializing model...
2025-05-10 13:39:43,251 - INFO - Fitting model...
2025-05-10 13:40:35,482 - INFO - Saved weights to /s/ls4/users/selibrin/spiking_researches/correlation_encoding_and_training/mnist/hpo/single_spk_input_multi_spk_output/hpo_data/hpo_iteration_data/4339499/estimator_1_neuron_2_weights.npy
2025-05-10 13:40:35,482 - INFO - Evaluating model...
2025-05-10 13:43:28,856 - INFO - Saved validation outputs to /s/ls4/users/selibrin/spiking_researches/correlation_encoding_and_training/mnist/hpo/single_spk_input_multi_spk_output/hpo_data/hpo_iteration_data/4339499/estimator_1_neuron_2_validation_outputs.npy
2025-05-10 13:43:28,856 - INFO - Waiting for parameters file: /s/ls4/users/selibrin/spiking_researches/correlation_encoding_and_training/mnist/hpo/single_spk_input_multi_spk_output/hpo_data/hpo_iteration_data/4339499/params_1_2.pkl
2025-05-10 13:43:48,882 - INFO - Loaded HPO parameters
2025-05-10 13:43:48,882 - INFO - Preparing datasets...
2025-05-10 13:43:51,870 - INFO - Prepared datasets: 587 train & 1000 validation samples
2025-05-10 13:43:51,870 - INFO - Initializing model...
2025-05-10 13:43:51,873 - INFO - Fitting model...
2025-05-10 13:45:36,411 - INFO - Saved weights to /s/ls4/users/selibrin/spiking_researches/correlation_encoding_and_training/mnist/hpo/single_spk_input_multi_spk_output/hpo_data/hpo_iteration_data/4339499/estimator_1_neuron_2_weights.npy
2025-05-10 13:45:36,411 - INFO - Evaluating model...
2025-05-10 13:48:29,223 - INFO - Saved validation outputs to /s/ls4/users/selibrin/spiking_researches/correlation_encoding_and_training/mnist/hpo/single_spk_input_multi_spk_output/hpo_data/hpo_iteration_data/4339499/estimator_1_neuron_2_validation_outputs.npy
2025-05-10 13:48:29,223 - INFO - Waiting for parameters file: /s/ls4/users/selibrin/spiking_researches/correlation_encoding_and_training/mnist/hpo/single_spk_input_multi_spk_output/hpo_data/hpo_iteration_data/4339499/params_1_2.pkl
2025-05-10 13:48:54,252 - INFO - Loaded HPO parameters
2025-05-10 13:48:54,253 - INFO - Preparing datasets...
2025-05-10 13:48:57,563 - INFO - Prepared datasets: 587 train & 1000 validation samples
2025-05-10 13:48:57,563 - INFO - Initializing model...
2025-05-10 13:48:57,567 - INFO - Fitting model...
2025-05-10 13:50:43,126 - INFO - Saved weights to /s/ls4/users/selibrin/spiking_researches/correlation_encoding_and_training/mnist/hpo/single_spk_input_multi_spk_output/hpo_data/hpo_iteration_data/4339499/estimator_1_neuron_2_weights.npy
2025-05-10 13:50:43,126 - INFO - Evaluating model...
2025-05-10 13:53:39,013 - INFO - Saved validation outputs to /s/ls4/users/selibrin/spiking_researches/correlation_encoding_and_training/mnist/hpo/single_spk_input_multi_spk_output/hpo_data/hpo_iteration_data/4339499/estimator_1_neuron_2_validation_outputs.npy
2025-05-10 13:53:39,013 - INFO - Waiting for parameters file: /s/ls4/users/selibrin/spiking_researches/correlation_encoding_and_training/mnist/hpo/single_spk_input_multi_spk_output/hpo_data/hpo_iteration_data/4339499/params_1_2.pkl
2025-05-10 13:53:59,037 - INFO - Loaded HPO parameters
2025-05-10 13:53:59,037 - INFO - Preparing datasets...
2025-05-10 13:54:02,204 - INFO - Prepared datasets: 587 train & 1000 validation samples
2025-05-10 13:54:02,205 - INFO - Initializing model...
2025-05-10 13:54:02,208 - INFO - Fitting model...
2025-05-10 13:55:44,599 - INFO - Saved weights to /s/ls4/users/selibrin/spiking_researches/correlation_encoding_and_training/mnist/hpo/single_spk_input_multi_spk_output/hpo_data/hpo_iteration_data/4339499/estimator_1_neuron_2_weights.npy
2025-05-10 13:55:44,599 - INFO - Evaluating model...
2025-05-10 13:58:34,910 - INFO - Saved validation outputs to /s/ls4/users/selibrin/spiking_researches/correlation_encoding_and_training/mnist/hpo/single_spk_input_multi_spk_output/hpo_data/hpo_iteration_data/4339499/estimator_1_neuron_2_validation_outputs.npy
2025-05-10 13:58:34,911 - INFO - Waiting for parameters file: /s/ls4/users/selibrin/spiking_researches/correlation_encoding_and_training/mnist/hpo/single_spk_input_multi_spk_output/hpo_data/hpo_iteration_data/4339499/params_1_2.pkl
2025-05-10 13:59:04,969 - INFO - Loaded HPO parameters
2025-05-10 13:59:04,969 - INFO - Preparing datasets...
2025-05-10 13:59:08,101 - INFO - Prepared datasets: 1175 train & 1000 validation samples
2025-05-10 13:59:08,102 - INFO - Initializing model...
2025-05-10 13:59:08,104 - INFO - Fitting model...
2025-05-10 14:02:35,992 - INFO - Saved weights to /s/ls4/users/selibrin/spiking_researches/correlation_encoding_and_training/mnist/hpo/single_spk_input_multi_spk_output/hpo_data/hpo_iteration_data/4339499/estimator_1_neuron_2_weights.npy
2025-05-10 14:02:35,993 - INFO - Evaluating model...
2025-05-10 14:05:31,349 - INFO - Saved validation outputs to /s/ls4/users/selibrin/spiking_researches/correlation_encoding_and_training/mnist/hpo/single_spk_input_multi_spk_output/hpo_data/hpo_iteration_data/4339499/estimator_1_neuron_2_validation_outputs.npy
2025-05-10 14:05:31,349 - INFO - Waiting for parameters file: /s/ls4/users/selibrin/spiking_researches/correlation_encoding_and_training/mnist/hpo/single_spk_input_multi_spk_output/hpo_data/hpo_iteration_data/4339499/params_1_2.pkl
2025-05-10 14:06:11,395 - INFO - Loaded HPO parameters
2025-05-10 14:06:11,396 - INFO - Preparing datasets...
2025-05-10 14:06:14,631 - INFO - Prepared datasets: 587 train & 1000 validation samples
2025-05-10 14:06:14,631 - INFO - Initializing model...
2025-05-10 14:06:14,634 - INFO - Fitting model...
2025-05-10 14:08:00,284 - INFO - Saved weights to /s/ls4/users/selibrin/spiking_researches/correlation_encoding_and_training/mnist/hpo/single_spk_input_multi_spk_output/hpo_data/hpo_iteration_data/4339499/estimator_1_neuron_2_weights.npy
2025-05-10 14:08:00,284 - INFO - Evaluating model...
2025-05-10 14:10:56,361 - INFO - Saved validation outputs to /s/ls4/users/selibrin/spiking_researches/correlation_encoding_and_training/mnist/hpo/single_spk_input_multi_spk_output/hpo_data/hpo_iteration_data/4339499/estimator_1_neuron_2_validation_outputs.npy
2025-05-10 14:10:56,362 - INFO - Waiting for parameters file: /s/ls4/users/selibrin/spiking_researches/correlation_encoding_and_training/mnist/hpo/single_spk_input_multi_spk_output/hpo_data/hpo_iteration_data/4339499/params_1_2.pkl
2025-05-10 14:11:16,387 - INFO - Loaded HPO parameters
2025-05-10 14:11:16,387 - INFO - Preparing datasets...
2025-05-10 14:11:19,733 - INFO - Prepared datasets: 587 train & 1000 validation samples
2025-05-10 14:11:19,733 - INFO - Initializing model...
2025-05-10 14:11:19,736 - INFO - Fitting model...
2025-05-10 14:13:05,092 - INFO - Saved weights to /s/ls4/users/selibrin/spiking_researches/correlation_encoding_and_training/mnist/hpo/single_spk_input_multi_spk_output/hpo_data/hpo_iteration_data/4339499/estimator_1_neuron_2_weights.npy
2025-05-10 14:13:05,092 - INFO - Evaluating model...
2025-05-10 14:16:03,643 - INFO - Saved validation outputs to /s/ls4/users/selibrin/spiking_researches/correlation_encoding_and_training/mnist/hpo/single_spk_input_multi_spk_output/hpo_data/hpo_iteration_data/4339499/estimator_1_neuron_2_validation_outputs.npy
2025-05-10 14:16:03,643 - INFO - Waiting for parameters file: /s/ls4/users/selibrin/spiking_researches/correlation_encoding_and_training/mnist/hpo/single_spk_input_multi_spk_output/hpo_data/hpo_iteration_data/4339499/params_1_2.pkl
2025-05-10 14:16:18,663 - INFO - Loaded HPO parameters
2025-05-10 14:16:18,663 - INFO - Preparing datasets...
2025-05-10 14:16:21,711 - INFO - Prepared datasets: 587 train & 1000 validation samples
2025-05-10 14:16:21,712 - INFO - Initializing model...
2025-05-10 14:16:21,715 - INFO - Fitting model...
2025-05-10 14:18:06,266 - INFO - Saved weights to /s/ls4/users/selibrin/spiking_researches/correlation_encoding_and_training/mnist/hpo/single_spk_input_multi_spk_output/hpo_data/hpo_iteration_data/4339499/estimator_1_neuron_2_weights.npy
2025-05-10 14:18:06,266 - INFO - Evaluating model...
2025-05-10 14:21:00,402 - INFO - Saved validation outputs to /s/ls4/users/selibrin/spiking_researches/correlation_encoding_and_training/mnist/hpo/single_spk_input_multi_spk_output/hpo_data/hpo_iteration_data/4339499/estimator_1_neuron_2_validation_outputs.npy
2025-05-10 14:21:00,402 - INFO - Waiting for parameters file: /s/ls4/users/selibrin/spiking_researches/correlation_encoding_and_training/mnist/hpo/single_spk_input_multi_spk_output/hpo_data/hpo_iteration_data/4339499/params_1_2.pkl
2025-05-10 14:21:25,431 - INFO - Loaded HPO parameters
2025-05-10 14:21:25,432 - INFO - Preparing datasets...
2025-05-10 14:21:28,450 - INFO - Prepared datasets: 293 train & 1000 validation samples
2025-05-10 14:21:28,451 - INFO - Initializing model...
2025-05-10 14:21:28,454 - INFO - Fitting model...
2025-05-10 14:22:21,714 - INFO - Saved weights to /s/ls4/users/selibrin/spiking_researches/correlation_encoding_and_training/mnist/hpo/single_spk_input_multi_spk_output/hpo_data/hpo_iteration_data/4339499/estimator_1_neuron_2_weights.npy
2025-05-10 14:22:21,715 - INFO - Evaluating model...
2025-05-10 14:25:17,027 - INFO - Saved validation outputs to /s/ls4/users/selibrin/spiking_researches/correlation_encoding_and_training/mnist/hpo/single_spk_input_multi_spk_output/hpo_data/hpo_iteration_data/4339499/estimator_1_neuron_2_validation_outputs.npy
2025-05-10 14:25:17,027 - INFO - Waiting for parameters file: /s/ls4/users/selibrin/spiking_researches/correlation_encoding_and_training/mnist/hpo/single_spk_input_multi_spk_output/hpo_data/hpo_iteration_data/4339499/params_1_2.pkl
2025-05-10 14:26:02,077 - INFO - Loaded HPO parameters
2025-05-10 14:26:02,077 - INFO - Preparing datasets...
2025-05-10 14:26:05,070 - INFO - Prepared datasets: 587 train & 1000 validation samples
2025-05-10 14:26:05,071 - INFO - Initializing model...
2025-05-10 14:26:05,073 - INFO - Fitting model...
2025-05-10 14:27:50,706 - INFO - Saved weights to /s/ls4/users/selibrin/spiking_researches/correlation_encoding_and_training/mnist/hpo/single_spk_input_multi_spk_output/hpo_data/hpo_iteration_data/4339499/estimator_1_neuron_2_weights.npy
2025-05-10 14:27:50,707 - INFO - Evaluating model...
2025-05-10 14:30:48,760 - INFO - Saved validation outputs to /s/ls4/users/selibrin/spiking_researches/correlation_encoding_and_training/mnist/hpo/single_spk_input_multi_spk_output/hpo_data/hpo_iteration_data/4339499/estimator_1_neuron_2_validation_outputs.npy
2025-05-10 14:30:48,761 - INFO - Waiting for parameters file: /s/ls4/users/selibrin/spiking_researches/correlation_encoding_and_training/mnist/hpo/single_spk_input_multi_spk_output/hpo_data/hpo_iteration_data/4339499/params_1_2.pkl
2025-05-10 14:31:08,785 - INFO - Loaded HPO parameters
2025-05-10 14:31:08,786 - INFO - Preparing datasets...
2025-05-10 14:31:11,917 - INFO - Prepared datasets: 587 train & 1000 validation samples
2025-05-10 14:31:11,918 - INFO - Initializing model...
2025-05-10 14:31:11,921 - INFO - Fitting model...
2025-05-10 14:32:57,713 - INFO - Saved weights to /s/ls4/users/selibrin/spiking_researches/correlation_encoding_and_training/mnist/hpo/single_spk_input_multi_spk_output/hpo_data/hpo_iteration_data/4339499/estimator_1_neuron_2_weights.npy
2025-05-10 14:32:57,714 - INFO - Evaluating model...
2025-05-10 14:35:53,932 - INFO - Saved validation outputs to /s/ls4/users/selibrin/spiking_researches/correlation_encoding_and_training/mnist/hpo/single_spk_input_multi_spk_output/hpo_data/hpo_iteration_data/4339499/estimator_1_neuron_2_validation_outputs.npy
2025-05-10 14:35:53,932 - INFO - Waiting for parameters file: /s/ls4/users/selibrin/spiking_researches/correlation_encoding_and_training/mnist/hpo/single_spk_input_multi_spk_output/hpo_data/hpo_iteration_data/4339499/params_1_2.pkl
2025-05-10 14:36:14,005 - INFO - Loaded HPO parameters
2025-05-10 14:36:14,006 - INFO - Preparing datasets...
2025-05-10 14:36:17,035 - INFO - Prepared datasets: 1175 train & 1000 validation samples
2025-05-10 14:36:17,040 - INFO - Initializing model...
2025-05-10 14:36:17,042 - INFO - Fitting model...
2025-05-10 14:39:46,857 - INFO - Saved weights to /s/ls4/users/selibrin/spiking_researches/correlation_encoding_and_training/mnist/hpo/single_spk_input_multi_spk_output/hpo_data/hpo_iteration_data/4339499/estimator_1_neuron_2_weights.npy
2025-05-10 14:39:46,857 - INFO - Evaluating model...
2025-05-10 14:42:43,650 - INFO - Saved validation outputs to /s/ls4/users/selibrin/spiking_researches/correlation_encoding_and_training/mnist/hpo/single_spk_input_multi_spk_output/hpo_data/hpo_iteration_data/4339499/estimator_1_neuron_2_validation_outputs.npy
2025-05-10 14:42:43,650 - INFO - Waiting for parameters file: /s/ls4/users/selibrin/spiking_researches/correlation_encoding_and_training/mnist/hpo/single_spk_input_multi_spk_output/hpo_data/hpo_iteration_data/4339499/params_1_2.pkl
2025-05-10 14:43:18,690 - INFO - Loaded HPO parameters
2025-05-10 14:43:18,691 - INFO - Preparing datasets...
2025-05-10 14:43:21,690 - INFO - Prepared datasets: 587 train & 1000 validation samples
2025-05-10 14:43:21,691 - INFO - Initializing model...
2025-05-10 14:43:21,693 - INFO - Fitting model...
2025-05-10 14:45:07,998 - INFO - Saved weights to /s/ls4/users/selibrin/spiking_researches/correlation_encoding_and_training/mnist/hpo/single_spk_input_multi_spk_output/hpo_data/hpo_iteration_data/4339499/estimator_1_neuron_2_weights.npy
2025-05-10 14:45:07,998 - INFO - Evaluating model...
2025-05-10 14:48:05,712 - INFO - Saved validation outputs to /s/ls4/users/selibrin/spiking_researches/correlation_encoding_and_training/mnist/hpo/single_spk_input_multi_spk_output/hpo_data/hpo_iteration_data/4339499/estimator_1_neuron_2_validation_outputs.npy
2025-05-10 14:48:05,713 - INFO - Waiting for parameters file: /s/ls4/users/selibrin/spiking_researches/correlation_encoding_and_training/mnist/hpo/single_spk_input_multi_spk_output/hpo_data/hpo_iteration_data/4339499/params_1_2.pkl
2025-05-10 14:48:25,737 - INFO - Loaded HPO parameters
2025-05-10 14:48:25,737 - INFO - Preparing datasets...
2025-05-10 14:48:28,726 - INFO - Prepared datasets: 587 train & 1000 validation samples
2025-05-10 14:48:28,735 - INFO - Initializing model...
2025-05-10 14:48:28,737 - INFO - Fitting model...
2025-05-10 14:50:13,542 - INFO - Saved weights to /s/ls4/users/selibrin/spiking_researches/correlation_encoding_and_training/mnist/hpo/single_spk_input_multi_spk_output/hpo_data/hpo_iteration_data/4339499/estimator_1_neuron_2_weights.npy
2025-05-10 14:50:13,542 - INFO - Evaluating model...
2025-05-10 14:53:08,258 - INFO - Saved validation outputs to /s/ls4/users/selibrin/spiking_researches/correlation_encoding_and_training/mnist/hpo/single_spk_input_multi_spk_output/hpo_data/hpo_iteration_data/4339499/estimator_1_neuron_2_validation_outputs.npy
2025-05-10 14:53:08,258 - INFO - Waiting for parameters file: /s/ls4/users/selibrin/spiking_researches/correlation_encoding_and_training/mnist/hpo/single_spk_input_multi_spk_output/hpo_data/hpo_iteration_data/4339499/params_1_2.pkl
2025-05-10 14:53:28,283 - INFO - Loaded HPO parameters
2025-05-10 14:53:28,283 - INFO - Preparing datasets...
2025-05-10 14:53:31,924 - INFO - Prepared datasets: 587 train & 1000 validation samples
2025-05-10 14:53:31,924 - INFO - Initializing model...
2025-05-10 14:53:31,927 - INFO - Fitting model...
2025-05-10 14:55:17,144 - INFO - Saved weights to /s/ls4/users/selibrin/spiking_researches/correlation_encoding_and_training/mnist/hpo/single_spk_input_multi_spk_output/hpo_data/hpo_iteration_data/4339499/estimator_1_neuron_2_weights.npy
2025-05-10 14:55:17,145 - INFO - Evaluating model...
2025-05-10 14:58:13,271 - INFO - Saved validation outputs to /s/ls4/users/selibrin/spiking_researches/correlation_encoding_and_training/mnist/hpo/single_spk_input_multi_spk_output/hpo_data/hpo_iteration_data/4339499/estimator_1_neuron_2_validation_outputs.npy
2025-05-10 14:58:13,272 - INFO - Waiting for parameters file: /s/ls4/users/selibrin/spiking_researches/correlation_encoding_and_training/mnist/hpo/single_spk_input_multi_spk_output/hpo_data/hpo_iteration_data/4339499/params_1_2.pkl
2025-05-10 14:58:38,299 - INFO - Loaded HPO parameters
2025-05-10 14:58:38,300 - INFO - Preparing datasets...
2025-05-10 14:58:41,314 - INFO - Prepared datasets: 293 train & 1000 validation samples
2025-05-10 14:58:41,326 - INFO - Initializing model...
2025-05-10 14:58:41,329 - INFO - Fitting model...
2025-05-10 14:59:34,163 - INFO - Saved weights to /s/ls4/users/selibrin/spiking_researches/correlation_encoding_and_training/mnist/hpo/single_spk_input_multi_spk_output/hpo_data/hpo_iteration_data/4339499/estimator_1_neuron_2_weights.npy
2025-05-10 14:59:34,163 - INFO - Evaluating model...
2025-05-10 15:02:30,006 - INFO - Saved validation outputs to /s/ls4/users/selibrin/spiking_researches/correlation_encoding_and_training/mnist/hpo/single_spk_input_multi_spk_output/hpo_data/hpo_iteration_data/4339499/estimator_1_neuron_2_validation_outputs.npy
2025-05-10 15:02:30,007 - INFO - Waiting for parameters file: /s/ls4/users/selibrin/spiking_researches/correlation_encoding_and_training/mnist/hpo/single_spk_input_multi_spk_output/hpo_data/hpo_iteration_data/4339499/params_1_2.pkl
2025-05-10 15:03:10,052 - INFO - Loaded HPO parameters
2025-05-10 15:03:10,053 - INFO - Preparing datasets...
2025-05-10 15:03:13,313 - INFO - Prepared datasets: 587 train & 1000 validation samples
2025-05-10 15:03:13,314 - INFO - Initializing model...
2025-05-10 15:03:13,316 - INFO - Fitting model...
2025-05-10 15:04:59,480 - INFO - Saved weights to /s/ls4/users/selibrin/spiking_researches/correlation_encoding_and_training/mnist/hpo/single_spk_input_multi_spk_output/hpo_data/hpo_iteration_data/4339499/estimator_1_neuron_2_weights.npy
2025-05-10 15:04:59,481 - INFO - Evaluating model...
2025-05-10 15:07:56,112 - INFO - Saved validation outputs to /s/ls4/users/selibrin/spiking_researches/correlation_encoding_and_training/mnist/hpo/single_spk_input_multi_spk_output/hpo_data/hpo_iteration_data/4339499/estimator_1_neuron_2_validation_outputs.npy
2025-05-10 15:07:56,113 - INFO - Waiting for parameters file: /s/ls4/users/selibrin/spiking_researches/correlation_encoding_and_training/mnist/hpo/single_spk_input_multi_spk_output/hpo_data/hpo_iteration_data/4339499/params_1_2.pkl
2025-05-10 15:08:16,138 - INFO - Loaded HPO parameters
2025-05-10 15:08:16,139 - INFO - Preparing datasets...
2025-05-10 15:08:19,138 - INFO - Prepared datasets: 587 train & 1000 validation samples
2025-05-10 15:08:19,139 - INFO - Initializing model...
2025-05-10 15:08:19,141 - INFO - Fitting model...
2025-05-10 15:10:03,845 - INFO - Saved weights to /s/ls4/users/selibrin/spiking_researches/correlation_encoding_and_training/mnist/hpo/single_spk_input_multi_spk_output/hpo_data/hpo_iteration_data/4339499/estimator_1_neuron_2_weights.npy
2025-05-10 15:10:03,845 - INFO - Evaluating model...
2025-05-10 15:12:59,853 - INFO - Saved validation outputs to /s/ls4/users/selibrin/spiking_researches/correlation_encoding_and_training/mnist/hpo/single_spk_input_multi_spk_output/hpo_data/hpo_iteration_data/4339499/estimator_1_neuron_2_validation_outputs.npy
2025-05-10 15:12:59,853 - INFO - Waiting for parameters file: /s/ls4/users/selibrin/spiking_researches/correlation_encoding_and_training/mnist/hpo/single_spk_input_multi_spk_output/hpo_data/hpo_iteration_data/4339499/params_1_2.pkl
2025-05-10 15:13:24,884 - INFO - Loaded HPO parameters
2025-05-10 15:13:24,884 - INFO - Preparing datasets...
2025-05-10 15:13:28,022 - INFO - Prepared datasets: 1175 train & 1000 validation samples
2025-05-10 15:13:28,027 - INFO - Initializing model...
2025-05-10 15:13:28,029 - INFO - Fitting model...
