2025-05-09 20:22:43,052 - INFO - Initialized Neuron trainer
2025-05-09 20:22:43,052 - INFO - Waiting for parameters file: /s/ls4/users/selibrin/spiking_researches/correlation_encoding_and_training/mnist/hpo/single_spk_input_multi_spk_output/hpo_data/hpo_iteration_data/4339499/params_1_9.pkl
2025-05-09 20:22:43,055 - INFO - Loaded HPO parameters
2025-05-09 20:22:43,055 - INFO - Preparing datasets...
2025-05-09 20:22:47,803 - INFO - Prepared datasets: 1166 train & 1000 validation samples
2025-05-09 20:22:47,803 - INFO - Initializing model...
2025-05-09 20:22:47,805 - INFO - Fitting model...
2025-05-09 20:27:39,909 - INFO - Saved weights to /s/ls4/users/selibrin/spiking_researches/correlation_encoding_and_training/mnist/hpo/single_spk_input_multi_spk_output/hpo_data/hpo_iteration_data/4339499/estimator_1_neuron_9_weights.npy
2025-05-09 20:27:39,909 - INFO - Evaluating model...
2025-05-09 20:31:52,198 - INFO - Saved validation outputs to /s/ls4/users/selibrin/spiking_researches/correlation_encoding_and_training/mnist/hpo/single_spk_input_multi_spk_output/hpo_data/hpo_iteration_data/4339499/estimator_1_neuron_9_validation_outputs.npy
2025-05-09 20:31:52,198 - INFO - Waiting for parameters file: /s/ls4/users/selibrin/spiking_researches/correlation_encoding_and_training/mnist/hpo/single_spk_input_multi_spk_output/hpo_data/hpo_iteration_data/4339499/params_1_9.pkl
2025-05-09 20:32:12,223 - INFO - Loaded HPO parameters
2025-05-09 20:32:12,224 - INFO - Preparing datasets...
2025-05-09 20:32:16,929 - INFO - Prepared datasets: 291 train & 1000 validation samples
2025-05-09 20:32:16,929 - INFO - Initializing model...
2025-05-09 20:32:16,932 - INFO - Fitting model...
2025-05-09 20:33:32,457 - INFO - Saved weights to /s/ls4/users/selibrin/spiking_researches/correlation_encoding_and_training/mnist/hpo/single_spk_input_multi_spk_output/hpo_data/hpo_iteration_data/4339499/estimator_1_neuron_9_weights.npy
2025-05-09 20:33:32,458 - INFO - Evaluating model...
2025-05-09 20:37:42,482 - INFO - Saved validation outputs to /s/ls4/users/selibrin/spiking_researches/correlation_encoding_and_training/mnist/hpo/single_spk_input_multi_spk_output/hpo_data/hpo_iteration_data/4339499/estimator_1_neuron_9_validation_outputs.npy
2025-05-09 20:37:42,482 - INFO - Waiting for parameters file: /s/ls4/users/selibrin/spiking_researches/correlation_encoding_and_training/mnist/hpo/single_spk_input_multi_spk_output/hpo_data/hpo_iteration_data/4339499/params_1_9.pkl
2025-05-09 20:38:17,524 - INFO - Loaded HPO parameters
2025-05-09 20:38:17,524 - INFO - Preparing datasets...
2025-05-09 20:38:22,222 - INFO - Prepared datasets: 1166 train & 1000 validation samples
2025-05-09 20:38:22,222 - INFO - Initializing model...
2025-05-09 20:38:22,225 - INFO - Fitting model...
2025-05-09 20:43:24,124 - INFO - Saved weights to /s/ls4/users/selibrin/spiking_researches/correlation_encoding_and_training/mnist/hpo/single_spk_input_multi_spk_output/hpo_data/hpo_iteration_data/4339499/estimator_1_neuron_9_weights.npy
2025-05-09 20:43:24,124 - INFO - Evaluating model...
2025-05-09 20:47:38,270 - INFO - Saved validation outputs to /s/ls4/users/selibrin/spiking_researches/correlation_encoding_and_training/mnist/hpo/single_spk_input_multi_spk_output/hpo_data/hpo_iteration_data/4339499/estimator_1_neuron_9_validation_outputs.npy
2025-05-09 20:47:38,271 - INFO - Waiting for parameters file: /s/ls4/users/selibrin/spiking_researches/correlation_encoding_and_training/mnist/hpo/single_spk_input_multi_spk_output/hpo_data/hpo_iteration_data/4339499/params_1_9.pkl
2025-05-09 20:48:23,323 - INFO - Loaded HPO parameters
2025-05-09 20:48:23,323 - INFO - Preparing datasets...
2025-05-09 20:48:28,015 - INFO - Prepared datasets: 583 train & 1000 validation samples
2025-05-09 20:48:28,015 - INFO - Initializing model...
2025-05-09 20:48:28,018 - INFO - Fitting model...
2025-05-09 20:50:59,471 - INFO - Saved weights to /s/ls4/users/selibrin/spiking_researches/correlation_encoding_and_training/mnist/hpo/single_spk_input_multi_spk_output/hpo_data/hpo_iteration_data/4339499/estimator_1_neuron_9_weights.npy
2025-05-09 20:50:59,471 - INFO - Evaluating model...
2025-05-09 20:55:10,332 - INFO - Saved validation outputs to /s/ls4/users/selibrin/spiking_researches/correlation_encoding_and_training/mnist/hpo/single_spk_input_multi_spk_output/hpo_data/hpo_iteration_data/4339499/estimator_1_neuron_9_validation_outputs.npy
2025-05-09 20:55:10,332 - INFO - Waiting for parameters file: /s/ls4/users/selibrin/spiking_researches/correlation_encoding_and_training/mnist/hpo/single_spk_input_multi_spk_output/hpo_data/hpo_iteration_data/4339499/params_1_9.pkl
2025-05-09 20:55:30,594 - INFO - Loaded HPO parameters
2025-05-09 20:55:30,595 - INFO - Preparing datasets...
2025-05-09 20:55:35,613 - INFO - Prepared datasets: 1166 train & 1000 validation samples
2025-05-09 20:55:35,613 - INFO - Initializing model...
2025-05-09 20:55:35,616 - INFO - Fitting model...
2025-05-09 21:00:33,745 - INFO - Saved weights to /s/ls4/users/selibrin/spiking_researches/correlation_encoding_and_training/mnist/hpo/single_spk_input_multi_spk_output/hpo_data/hpo_iteration_data/4339499/estimator_1_neuron_9_weights.npy
2025-05-09 21:00:33,745 - INFO - Evaluating model...
2025-05-09 21:04:41,238 - INFO - Saved validation outputs to /s/ls4/users/selibrin/spiking_researches/correlation_encoding_and_training/mnist/hpo/single_spk_input_multi_spk_output/hpo_data/hpo_iteration_data/4339499/estimator_1_neuron_9_validation_outputs.npy
2025-05-09 21:04:41,239 - INFO - Waiting for parameters file: /s/ls4/users/selibrin/spiking_researches/correlation_encoding_and_training/mnist/hpo/single_spk_input_multi_spk_output/hpo_data/hpo_iteration_data/4339499/params_1_9.pkl
2025-05-09 21:05:06,294 - INFO - Loaded HPO parameters
2025-05-09 21:05:06,294 - INFO - Preparing datasets...
2025-05-09 21:05:10,973 - INFO - Prepared datasets: 583 train & 1000 validation samples
2025-05-09 21:05:10,973 - INFO - Initializing model...
2025-05-09 21:05:10,976 - INFO - Fitting model...
2025-05-09 21:07:41,106 - INFO - Saved weights to /s/ls4/users/selibrin/spiking_researches/correlation_encoding_and_training/mnist/hpo/single_spk_input_multi_spk_output/hpo_data/hpo_iteration_data/4339499/estimator_1_neuron_9_weights.npy
2025-05-09 21:07:41,106 - INFO - Evaluating model...
2025-05-09 21:11:49,477 - INFO - Saved validation outputs to /s/ls4/users/selibrin/spiking_researches/correlation_encoding_and_training/mnist/hpo/single_spk_input_multi_spk_output/hpo_data/hpo_iteration_data/4339499/estimator_1_neuron_9_validation_outputs.npy
2025-05-09 21:11:49,477 - INFO - Waiting for parameters file: /s/ls4/users/selibrin/spiking_researches/correlation_encoding_and_training/mnist/hpo/single_spk_input_multi_spk_output/hpo_data/hpo_iteration_data/4339499/params_1_9.pkl
2025-05-09 21:12:09,502 - INFO - Loaded HPO parameters
2025-05-09 21:12:09,503 - INFO - Preparing datasets...
2025-05-09 21:12:14,442 - INFO - Prepared datasets: 1166 train & 1000 validation samples
2025-05-09 21:12:14,442 - INFO - Initializing model...
2025-05-09 21:12:14,445 - INFO - Fitting model...
2025-05-09 21:17:14,548 - INFO - Saved weights to /s/ls4/users/selibrin/spiking_researches/correlation_encoding_and_training/mnist/hpo/single_spk_input_multi_spk_output/hpo_data/hpo_iteration_data/4339499/estimator_1_neuron_9_weights.npy
2025-05-09 21:17:14,548 - INFO - Evaluating model...
2025-05-09 21:21:25,144 - INFO - Saved validation outputs to /s/ls4/users/selibrin/spiking_researches/correlation_encoding_and_training/mnist/hpo/single_spk_input_multi_spk_output/hpo_data/hpo_iteration_data/4339499/estimator_1_neuron_9_validation_outputs.npy
2025-05-09 21:21:25,144 - INFO - Waiting for parameters file: /s/ls4/users/selibrin/spiking_researches/correlation_encoding_and_training/mnist/hpo/single_spk_input_multi_spk_output/hpo_data/hpo_iteration_data/4339499/params_1_9.pkl
2025-05-09 21:21:45,168 - INFO - Loaded HPO parameters
2025-05-09 21:21:45,168 - INFO - Preparing datasets...
2025-05-09 21:21:49,824 - INFO - Prepared datasets: 291 train & 1000 validation samples
2025-05-09 21:21:49,825 - INFO - Initializing model...
2025-05-09 21:21:49,828 - INFO - Fitting model...
2025-05-09 21:23:03,623 - INFO - Saved weights to /s/ls4/users/selibrin/spiking_researches/correlation_encoding_and_training/mnist/hpo/single_spk_input_multi_spk_output/hpo_data/hpo_iteration_data/4339499/estimator_1_neuron_9_weights.npy
2025-05-09 21:23:03,623 - INFO - Evaluating model...
2025-05-09 21:27:09,629 - INFO - Saved validation outputs to /s/ls4/users/selibrin/spiking_researches/correlation_encoding_and_training/mnist/hpo/single_spk_input_multi_spk_output/hpo_data/hpo_iteration_data/4339499/estimator_1_neuron_9_validation_outputs.npy
2025-05-09 21:27:09,630 - INFO - Waiting for parameters file: /s/ls4/users/selibrin/spiking_researches/correlation_encoding_and_training/mnist/hpo/single_spk_input_multi_spk_output/hpo_data/hpo_iteration_data/4339499/params_1_9.pkl
2025-05-09 21:27:54,696 - INFO - Loaded HPO parameters
2025-05-09 21:27:54,696 - INFO - Preparing datasets...
2025-05-09 21:27:59,221 - INFO - Prepared datasets: 583 train & 1000 validation samples
2025-05-09 21:27:59,221 - INFO - Initializing model...
2025-05-09 21:27:59,225 - INFO - Fitting model...
2025-05-09 21:30:28,942 - INFO - Saved weights to /s/ls4/users/selibrin/spiking_researches/correlation_encoding_and_training/mnist/hpo/single_spk_input_multi_spk_output/hpo_data/hpo_iteration_data/4339499/estimator_1_neuron_9_weights.npy
2025-05-09 21:30:28,942 - INFO - Evaluating model...
2025-05-09 21:34:38,030 - INFO - Saved validation outputs to /s/ls4/users/selibrin/spiking_researches/correlation_encoding_and_training/mnist/hpo/single_spk_input_multi_spk_output/hpo_data/hpo_iteration_data/4339499/estimator_1_neuron_9_validation_outputs.npy
2025-05-09 21:34:38,030 - INFO - Waiting for parameters file: /s/ls4/users/selibrin/spiking_researches/correlation_encoding_and_training/mnist/hpo/single_spk_input_multi_spk_output/hpo_data/hpo_iteration_data/4339499/params_1_9.pkl
2025-05-09 21:34:58,055 - INFO - Loaded HPO parameters
2025-05-09 21:34:58,055 - INFO - Preparing datasets...
2025-05-09 21:35:02,694 - INFO - Prepared datasets: 1166 train & 1000 validation samples
2025-05-09 21:35:02,694 - INFO - Initializing model...
2025-05-09 21:35:02,697 - INFO - Fitting model...
2025-05-09 21:40:08,961 - INFO - Saved weights to /s/ls4/users/selibrin/spiking_researches/correlation_encoding_and_training/mnist/hpo/single_spk_input_multi_spk_output/hpo_data/hpo_iteration_data/4339499/estimator_1_neuron_9_weights.npy
2025-05-09 21:40:08,961 - INFO - Evaluating model...
2025-05-09 21:44:28,605 - INFO - Saved validation outputs to /s/ls4/users/selibrin/spiking_researches/correlation_encoding_and_training/mnist/hpo/single_spk_input_multi_spk_output/hpo_data/hpo_iteration_data/4339499/estimator_1_neuron_9_validation_outputs.npy
2025-05-09 21:44:28,605 - INFO - Waiting for parameters file: /s/ls4/users/selibrin/spiking_researches/correlation_encoding_and_training/mnist/hpo/single_spk_input_multi_spk_output/hpo_data/hpo_iteration_data/4339499/params_1_9.pkl
2025-05-09 21:45:03,648 - INFO - Loaded HPO parameters
2025-05-09 21:45:03,648 - INFO - Preparing datasets...
2025-05-09 21:45:08,481 - INFO - Prepared datasets: 1166 train & 1000 validation samples
2025-05-09 21:45:08,482 - INFO - Initializing model...
2025-05-09 21:45:08,485 - INFO - Fitting model...
2025-05-09 21:50:10,796 - INFO - Saved weights to /s/ls4/users/selibrin/spiking_researches/correlation_encoding_and_training/mnist/hpo/single_spk_input_multi_spk_output/hpo_data/hpo_iteration_data/4339499/estimator_1_neuron_9_weights.npy
2025-05-09 21:50:10,797 - INFO - Evaluating model...
2025-05-09 21:54:23,208 - INFO - Saved validation outputs to /s/ls4/users/selibrin/spiking_researches/correlation_encoding_and_training/mnist/hpo/single_spk_input_multi_spk_output/hpo_data/hpo_iteration_data/4339499/estimator_1_neuron_9_validation_outputs.npy
2025-05-09 21:54:23,208 - INFO - Waiting for parameters file: /s/ls4/users/selibrin/spiking_researches/correlation_encoding_and_training/mnist/hpo/single_spk_input_multi_spk_output/hpo_data/hpo_iteration_data/4339499/params_1_9.pkl
2025-05-09 21:55:08,261 - INFO - Loaded HPO parameters
2025-05-09 21:55:08,262 - INFO - Preparing datasets...
2025-05-09 21:55:12,924 - INFO - Prepared datasets: 1166 train & 1000 validation samples
2025-05-09 21:55:12,924 - INFO - Initializing model...
2025-05-09 21:55:12,927 - INFO - Fitting model...
2025-05-09 22:00:18,012 - INFO - Saved weights to /s/ls4/users/selibrin/spiking_researches/correlation_encoding_and_training/mnist/hpo/single_spk_input_multi_spk_output/hpo_data/hpo_iteration_data/4339499/estimator_1_neuron_9_weights.npy
2025-05-09 22:00:18,013 - INFO - Evaluating model...
2025-05-09 22:04:32,929 - INFO - Saved validation outputs to /s/ls4/users/selibrin/spiking_researches/correlation_encoding_and_training/mnist/hpo/single_spk_input_multi_spk_output/hpo_data/hpo_iteration_data/4339499/estimator_1_neuron_9_validation_outputs.npy
2025-05-09 22:04:32,930 - INFO - Waiting for parameters file: /s/ls4/users/selibrin/spiking_researches/correlation_encoding_and_training/mnist/hpo/single_spk_input_multi_spk_output/hpo_data/hpo_iteration_data/4339499/params_1_9.pkl
2025-05-09 22:05:12,976 - INFO - Loaded HPO parameters
2025-05-09 22:05:12,976 - INFO - Preparing datasets...
2025-05-09 22:05:17,946 - INFO - Prepared datasets: 1166 train & 1000 validation samples
2025-05-09 22:05:17,947 - INFO - Initializing model...
2025-05-09 22:05:17,949 - INFO - Fitting model...
2025-05-09 22:10:25,810 - INFO - Saved weights to /s/ls4/users/selibrin/spiking_researches/correlation_encoding_and_training/mnist/hpo/single_spk_input_multi_spk_output/hpo_data/hpo_iteration_data/4339499/estimator_1_neuron_9_weights.npy
2025-05-09 22:10:25,811 - INFO - Evaluating model...
2025-05-09 22:14:42,858 - INFO - Saved validation outputs to /s/ls4/users/selibrin/spiking_researches/correlation_encoding_and_training/mnist/hpo/single_spk_input_multi_spk_output/hpo_data/hpo_iteration_data/4339499/estimator_1_neuron_9_validation_outputs.npy
2025-05-09 22:14:42,858 - INFO - Waiting for parameters file: /s/ls4/users/selibrin/spiking_researches/correlation_encoding_and_training/mnist/hpo/single_spk_input_multi_spk_output/hpo_data/hpo_iteration_data/4339499/params_1_9.pkl
2025-05-09 22:15:17,897 - INFO - Loaded HPO parameters
2025-05-09 22:15:17,897 - INFO - Preparing datasets...
2025-05-09 22:15:22,644 - INFO - Prepared datasets: 291 train & 1000 validation samples
2025-05-09 22:15:22,644 - INFO - Initializing model...
2025-05-09 22:15:22,647 - INFO - Fitting model...
2025-05-09 22:16:39,577 - INFO - Saved weights to /s/ls4/users/selibrin/spiking_researches/correlation_encoding_and_training/mnist/hpo/single_spk_input_multi_spk_output/hpo_data/hpo_iteration_data/4339499/estimator_1_neuron_9_weights.npy
2025-05-09 22:16:39,577 - INFO - Evaluating model...
2025-05-09 22:20:53,907 - INFO - Saved validation outputs to /s/ls4/users/selibrin/spiking_researches/correlation_encoding_and_training/mnist/hpo/single_spk_input_multi_spk_output/hpo_data/hpo_iteration_data/4339499/estimator_1_neuron_9_validation_outputs.npy
2025-05-09 22:20:53,908 - INFO - Waiting for parameters file: /s/ls4/users/selibrin/spiking_researches/correlation_encoding_and_training/mnist/hpo/single_spk_input_multi_spk_output/hpo_data/hpo_iteration_data/4339499/params_1_9.pkl
2025-05-09 22:21:23,944 - INFO - Loaded HPO parameters
2025-05-09 22:21:23,944 - INFO - Preparing datasets...
2025-05-09 22:21:28,688 - INFO - Prepared datasets: 291 train & 1000 validation samples
2025-05-09 22:21:28,689 - INFO - Initializing model...
2025-05-09 22:21:28,693 - INFO - Fitting model...
2025-05-09 22:22:43,339 - INFO - Saved weights to /s/ls4/users/selibrin/spiking_researches/correlation_encoding_and_training/mnist/hpo/single_spk_input_multi_spk_output/hpo_data/hpo_iteration_data/4339499/estimator_1_neuron_9_weights.npy
2025-05-09 22:22:43,339 - INFO - Evaluating model...
2025-05-09 22:26:58,584 - INFO - Saved validation outputs to /s/ls4/users/selibrin/spiking_researches/correlation_encoding_and_training/mnist/hpo/single_spk_input_multi_spk_output/hpo_data/hpo_iteration_data/4339499/estimator_1_neuron_9_validation_outputs.npy
2025-05-09 22:26:58,584 - INFO - Waiting for parameters file: /s/ls4/users/selibrin/spiking_researches/correlation_encoding_and_training/mnist/hpo/single_spk_input_multi_spk_output/hpo_data/hpo_iteration_data/4339499/params_1_9.pkl
2025-05-09 22:27:28,616 - INFO - Loaded HPO parameters
2025-05-09 22:27:28,616 - INFO - Preparing datasets...
2025-05-09 22:27:33,341 - INFO - Prepared datasets: 583 train & 1000 validation samples
2025-05-09 22:27:33,341 - INFO - Initializing model...
2025-05-09 22:27:33,344 - INFO - Fitting model...
2025-05-09 22:30:08,042 - INFO - Saved weights to /s/ls4/users/selibrin/spiking_researches/correlation_encoding_and_training/mnist/hpo/single_spk_input_multi_spk_output/hpo_data/hpo_iteration_data/4339499/estimator_1_neuron_9_weights.npy
2025-05-09 22:30:08,043 - INFO - Evaluating model...
2025-05-09 22:34:25,141 - INFO - Saved validation outputs to /s/ls4/users/selibrin/spiking_researches/correlation_encoding_and_training/mnist/hpo/single_spk_input_multi_spk_output/hpo_data/hpo_iteration_data/4339499/estimator_1_neuron_9_validation_outputs.npy
2025-05-09 22:34:25,142 - INFO - Waiting for parameters file: /s/ls4/users/selibrin/spiking_researches/correlation_encoding_and_training/mnist/hpo/single_spk_input_multi_spk_output/hpo_data/hpo_iteration_data/4339499/params_1_9.pkl
2025-05-09 22:35:05,243 - INFO - Loaded HPO parameters
2025-05-09 22:35:05,243 - INFO - Preparing datasets...
2025-05-09 22:35:09,970 - INFO - Prepared datasets: 583 train & 1000 validation samples
2025-05-09 22:35:09,970 - INFO - Initializing model...
2025-05-09 22:35:10,047 - INFO - Fitting model...
2025-05-09 22:37:43,648 - INFO - Saved weights to /s/ls4/users/selibrin/spiking_researches/correlation_encoding_and_training/mnist/hpo/single_spk_input_multi_spk_output/hpo_data/hpo_iteration_data/4339499/estimator_1_neuron_9_weights.npy
2025-05-09 22:37:43,648 - INFO - Evaluating model...
2025-05-09 22:41:56,249 - INFO - Saved validation outputs to /s/ls4/users/selibrin/spiking_researches/correlation_encoding_and_training/mnist/hpo/single_spk_input_multi_spk_output/hpo_data/hpo_iteration_data/4339499/estimator_1_neuron_9_validation_outputs.npy
2025-05-09 22:41:56,249 - INFO - Waiting for parameters file: /s/ls4/users/selibrin/spiking_researches/correlation_encoding_and_training/mnist/hpo/single_spk_input_multi_spk_output/hpo_data/hpo_iteration_data/4339499/params_1_9.pkl
2025-05-09 22:42:41,302 - INFO - Loaded HPO parameters
2025-05-09 22:42:41,302 - INFO - Preparing datasets...
2025-05-09 22:42:46,040 - INFO - Prepared datasets: 1166 train & 1000 validation samples
2025-05-09 22:42:46,040 - INFO - Initializing model...
2025-05-09 22:42:46,043 - INFO - Fitting model...
2025-05-09 22:47:45,805 - INFO - Saved weights to /s/ls4/users/selibrin/spiking_researches/correlation_encoding_and_training/mnist/hpo/single_spk_input_multi_spk_output/hpo_data/hpo_iteration_data/4339499/estimator_1_neuron_9_weights.npy
2025-05-09 22:47:45,806 - INFO - Evaluating model...
2025-05-09 22:51:58,498 - INFO - Saved validation outputs to /s/ls4/users/selibrin/spiking_researches/correlation_encoding_and_training/mnist/hpo/single_spk_input_multi_spk_output/hpo_data/hpo_iteration_data/4339499/estimator_1_neuron_9_validation_outputs.npy
2025-05-09 22:51:58,499 - INFO - Waiting for parameters file: /s/ls4/users/selibrin/spiking_researches/correlation_encoding_and_training/mnist/hpo/single_spk_input_multi_spk_output/hpo_data/hpo_iteration_data/4339499/params_1_9.pkl
2025-05-09 22:52:48,556 - INFO - Loaded HPO parameters
2025-05-09 22:52:48,556 - INFO - Preparing datasets...
2025-05-09 22:52:53,518 - INFO - Prepared datasets: 291 train & 1000 validation samples
2025-05-09 22:52:53,518 - INFO - Initializing model...
2025-05-09 22:52:53,521 - INFO - Fitting model...
2025-05-09 22:54:10,876 - INFO - Saved weights to /s/ls4/users/selibrin/spiking_researches/correlation_encoding_and_training/mnist/hpo/single_spk_input_multi_spk_output/hpo_data/hpo_iteration_data/4339499/estimator_1_neuron_9_weights.npy
2025-05-09 22:54:10,876 - INFO - Evaluating model...
2025-05-09 22:58:26,468 - INFO - Saved validation outputs to /s/ls4/users/selibrin/spiking_researches/correlation_encoding_and_training/mnist/hpo/single_spk_input_multi_spk_output/hpo_data/hpo_iteration_data/4339499/estimator_1_neuron_9_validation_outputs.npy
2025-05-09 22:58:26,469 - INFO - Waiting for parameters file: /s/ls4/users/selibrin/spiking_researches/correlation_encoding_and_training/mnist/hpo/single_spk_input_multi_spk_output/hpo_data/hpo_iteration_data/4339499/params_1_9.pkl
2025-05-09 22:58:51,500 - INFO - Loaded HPO parameters
2025-05-09 22:58:51,500 - INFO - Preparing datasets...
2025-05-09 22:58:56,010 - INFO - Prepared datasets: 1166 train & 1000 validation samples
2025-05-09 22:58:56,011 - INFO - Initializing model...
2025-05-09 22:58:56,014 - INFO - Fitting model...
2025-05-09 23:04:21,583 - INFO - Saved weights to /s/ls4/users/selibrin/spiking_researches/correlation_encoding_and_training/mnist/hpo/single_spk_input_multi_spk_output/hpo_data/hpo_iteration_data/4339499/estimator_1_neuron_9_weights.npy
2025-05-09 23:04:21,584 - INFO - Evaluating model...
2025-05-09 23:08:58,514 - INFO - Saved validation outputs to /s/ls4/users/selibrin/spiking_researches/correlation_encoding_and_training/mnist/hpo/single_spk_input_multi_spk_output/hpo_data/hpo_iteration_data/4339499/estimator_1_neuron_9_validation_outputs.npy
2025-05-09 23:08:58,514 - INFO - Waiting for parameters file: /s/ls4/users/selibrin/spiking_researches/correlation_encoding_and_training/mnist/hpo/single_spk_input_multi_spk_output/hpo_data/hpo_iteration_data/4339499/params_1_9.pkl
2025-05-09 23:09:28,553 - INFO - Loaded HPO parameters
2025-05-09 23:09:28,553 - INFO - Preparing datasets...
2025-05-09 23:09:34,068 - INFO - Prepared datasets: 583 train & 1000 validation samples
2025-05-09 23:09:34,068 - INFO - Initializing model...
2025-05-09 23:09:34,072 - INFO - Fitting model...
2025-05-09 23:12:25,606 - INFO - Saved weights to /s/ls4/users/selibrin/spiking_researches/correlation_encoding_and_training/mnist/hpo/single_spk_input_multi_spk_output/hpo_data/hpo_iteration_data/4339499/estimator_1_neuron_9_weights.npy
2025-05-09 23:12:25,606 - INFO - Evaluating model...
2025-05-09 23:17:07,452 - INFO - Saved validation outputs to /s/ls4/users/selibrin/spiking_researches/correlation_encoding_and_training/mnist/hpo/single_spk_input_multi_spk_output/hpo_data/hpo_iteration_data/4339499/estimator_1_neuron_9_validation_outputs.npy
2025-05-09 23:17:07,452 - INFO - Waiting for parameters file: /s/ls4/users/selibrin/spiking_researches/correlation_encoding_and_training/mnist/hpo/single_spk_input_multi_spk_output/hpo_data/hpo_iteration_data/4339499/params_1_9.pkl
2025-05-09 23:17:37,505 - INFO - Loaded HPO parameters
2025-05-09 23:17:37,506 - INFO - Preparing datasets...
2025-05-09 23:17:42,835 - INFO - Prepared datasets: 583 train & 1000 validation samples
2025-05-09 23:17:42,835 - INFO - Initializing model...
2025-05-09 23:17:42,837 - INFO - Fitting model...
2025-05-09 23:20:35,161 - INFO - Saved weights to /s/ls4/users/selibrin/spiking_researches/correlation_encoding_and_training/mnist/hpo/single_spk_input_multi_spk_output/hpo_data/hpo_iteration_data/4339499/estimator_1_neuron_9_weights.npy
2025-05-09 23:20:35,162 - INFO - Evaluating model...
2025-05-09 23:25:16,554 - INFO - Saved validation outputs to /s/ls4/users/selibrin/spiking_researches/correlation_encoding_and_training/mnist/hpo/single_spk_input_multi_spk_output/hpo_data/hpo_iteration_data/4339499/estimator_1_neuron_9_validation_outputs.npy
2025-05-09 23:25:16,555 - INFO - Waiting for parameters file: /s/ls4/users/selibrin/spiking_researches/correlation_encoding_and_training/mnist/hpo/single_spk_input_multi_spk_output/hpo_data/hpo_iteration_data/4339499/params_1_9.pkl
2025-05-09 23:25:41,589 - INFO - Loaded HPO parameters
2025-05-09 23:25:41,589 - INFO - Preparing datasets...
2025-05-09 23:25:47,058 - INFO - Prepared datasets: 583 train & 1000 validation samples
2025-05-09 23:25:47,058 - INFO - Initializing model...
2025-05-09 23:25:47,061 - INFO - Fitting model...
2025-05-09 23:28:39,420 - INFO - Saved weights to /s/ls4/users/selibrin/spiking_researches/correlation_encoding_and_training/mnist/hpo/single_spk_input_multi_spk_output/hpo_data/hpo_iteration_data/4339499/estimator_1_neuron_9_weights.npy
2025-05-09 23:28:39,421 - INFO - Evaluating model...
2025-05-09 23:33:22,774 - INFO - Saved validation outputs to /s/ls4/users/selibrin/spiking_researches/correlation_encoding_and_training/mnist/hpo/single_spk_input_multi_spk_output/hpo_data/hpo_iteration_data/4339499/estimator_1_neuron_9_validation_outputs.npy
2025-05-09 23:33:22,774 - INFO - Waiting for parameters file: /s/ls4/users/selibrin/spiking_researches/correlation_encoding_and_training/mnist/hpo/single_spk_input_multi_spk_output/hpo_data/hpo_iteration_data/4339499/params_1_9.pkl
2025-05-09 23:33:47,809 - INFO - Loaded HPO parameters
2025-05-09 23:33:47,809 - INFO - Preparing datasets...
2025-05-09 23:33:52,970 - INFO - Prepared datasets: 583 train & 1000 validation samples
2025-05-09 23:33:52,971 - INFO - Initializing model...
2025-05-09 23:33:52,974 - INFO - Fitting model...
2025-05-09 23:36:45,898 - INFO - Saved weights to /s/ls4/users/selibrin/spiking_researches/correlation_encoding_and_training/mnist/hpo/single_spk_input_multi_spk_output/hpo_data/hpo_iteration_data/4339499/estimator_1_neuron_9_weights.npy
2025-05-09 23:36:45,898 - INFO - Evaluating model...
2025-05-09 23:41:33,279 - INFO - Saved validation outputs to /s/ls4/users/selibrin/spiking_researches/correlation_encoding_and_training/mnist/hpo/single_spk_input_multi_spk_output/hpo_data/hpo_iteration_data/4339499/estimator_1_neuron_9_validation_outputs.npy
2025-05-09 23:41:33,280 - INFO - Waiting for parameters file: /s/ls4/users/selibrin/spiking_researches/correlation_encoding_and_training/mnist/hpo/single_spk_input_multi_spk_output/hpo_data/hpo_iteration_data/4339499/params_1_9.pkl
2025-05-09 23:41:53,307 - INFO - Loaded HPO parameters
2025-05-09 23:41:53,308 - INFO - Preparing datasets...
2025-05-09 23:41:58,541 - INFO - Prepared datasets: 583 train & 1000 validation samples
2025-05-09 23:41:58,541 - INFO - Initializing model...
2025-05-09 23:41:58,546 - INFO - Fitting model...
2025-05-09 23:44:50,489 - INFO - Saved weights to /s/ls4/users/selibrin/spiking_researches/correlation_encoding_and_training/mnist/hpo/single_spk_input_multi_spk_output/hpo_data/hpo_iteration_data/4339499/estimator_1_neuron_9_weights.npy
2025-05-09 23:44:50,489 - INFO - Evaluating model...
2025-05-09 23:49:33,101 - INFO - Saved validation outputs to /s/ls4/users/selibrin/spiking_researches/correlation_encoding_and_training/mnist/hpo/single_spk_input_multi_spk_output/hpo_data/hpo_iteration_data/4339499/estimator_1_neuron_9_validation_outputs.npy
2025-05-09 23:49:33,101 - INFO - Waiting for parameters file: /s/ls4/users/selibrin/spiking_researches/correlation_encoding_and_training/mnist/hpo/single_spk_input_multi_spk_output/hpo_data/hpo_iteration_data/4339499/params_1_9.pkl
2025-05-09 23:49:58,135 - INFO - Loaded HPO parameters
2025-05-09 23:49:58,135 - INFO - Preparing datasets...
2025-05-09 23:50:03,888 - INFO - Prepared datasets: 1166 train & 1000 validation samples
2025-05-09 23:50:03,888 - INFO - Initializing model...
2025-05-09 23:50:03,893 - INFO - Fitting model...
2025-05-09 23:55:42,611 - INFO - Saved weights to /s/ls4/users/selibrin/spiking_researches/correlation_encoding_and_training/mnist/hpo/single_spk_input_multi_spk_output/hpo_data/hpo_iteration_data/4339499/estimator_1_neuron_9_weights.npy
2025-05-09 23:55:42,611 - INFO - Evaluating model...
2025-05-10 00:00:27,127 - INFO - Saved validation outputs to /s/ls4/users/selibrin/spiking_researches/correlation_encoding_and_training/mnist/hpo/single_spk_input_multi_spk_output/hpo_data/hpo_iteration_data/4339499/estimator_1_neuron_9_validation_outputs.npy
2025-05-10 00:00:27,128 - INFO - Waiting for parameters file: /s/ls4/users/selibrin/spiking_researches/correlation_encoding_and_training/mnist/hpo/single_spk_input_multi_spk_output/hpo_data/hpo_iteration_data/4339499/params_1_9.pkl
2025-05-10 00:01:02,177 - INFO - Loaded HPO parameters
2025-05-10 00:01:02,177 - INFO - Preparing datasets...
2025-05-10 00:01:07,771 - INFO - Prepared datasets: 583 train & 1000 validation samples
2025-05-10 00:01:07,771 - INFO - Initializing model...
2025-05-10 00:01:07,774 - INFO - Fitting model...
2025-05-10 00:03:54,836 - INFO - Saved weights to /s/ls4/users/selibrin/spiking_researches/correlation_encoding_and_training/mnist/hpo/single_spk_input_multi_spk_output/hpo_data/hpo_iteration_data/4339499/estimator_1_neuron_9_weights.npy
2025-05-10 00:03:54,837 - INFO - Evaluating model...
2025-05-10 00:08:35,642 - INFO - Saved validation outputs to /s/ls4/users/selibrin/spiking_researches/correlation_encoding_and_training/mnist/hpo/single_spk_input_multi_spk_output/hpo_data/hpo_iteration_data/4339499/estimator_1_neuron_9_validation_outputs.npy
2025-05-10 00:08:35,643 - INFO - Waiting for parameters file: /s/ls4/users/selibrin/spiking_researches/correlation_encoding_and_training/mnist/hpo/single_spk_input_multi_spk_output/hpo_data/hpo_iteration_data/4339499/params_1_9.pkl
2025-05-10 00:09:10,686 - INFO - Loaded HPO parameters
2025-05-10 00:09:10,687 - INFO - Preparing datasets...
2025-05-10 00:09:16,081 - INFO - Prepared datasets: 1166 train & 1000 validation samples
2025-05-10 00:09:16,082 - INFO - Initializing model...
2025-05-10 00:09:16,085 - INFO - Fitting model...
2025-05-10 00:15:01,641 - INFO - Saved weights to /s/ls4/users/selibrin/spiking_researches/correlation_encoding_and_training/mnist/hpo/single_spk_input_multi_spk_output/hpo_data/hpo_iteration_data/4339499/estimator_1_neuron_9_weights.npy
2025-05-10 00:15:01,642 - INFO - Evaluating model...
2025-05-10 00:19:46,890 - INFO - Saved validation outputs to /s/ls4/users/selibrin/spiking_researches/correlation_encoding_and_training/mnist/hpo/single_spk_input_multi_spk_output/hpo_data/hpo_iteration_data/4339499/estimator_1_neuron_9_validation_outputs.npy
2025-05-10 00:19:46,890 - INFO - Waiting for parameters file: /s/ls4/users/selibrin/spiking_researches/correlation_encoding_and_training/mnist/hpo/single_spk_input_multi_spk_output/hpo_data/hpo_iteration_data/4339499/params_1_9.pkl
2025-05-10 00:20:16,926 - INFO - Loaded HPO parameters
2025-05-10 00:20:16,927 - INFO - Preparing datasets...
2025-05-10 00:20:22,277 - INFO - Prepared datasets: 583 train & 1000 validation samples
2025-05-10 00:20:22,278 - INFO - Initializing model...
2025-05-10 00:20:22,283 - INFO - Fitting model...
2025-05-10 00:23:11,981 - INFO - Saved weights to /s/ls4/users/selibrin/spiking_researches/correlation_encoding_and_training/mnist/hpo/single_spk_input_multi_spk_output/hpo_data/hpo_iteration_data/4339499/estimator_1_neuron_9_weights.npy
2025-05-10 00:23:11,981 - INFO - Evaluating model...
2025-05-10 00:27:51,765 - INFO - Saved validation outputs to /s/ls4/users/selibrin/spiking_researches/correlation_encoding_and_training/mnist/hpo/single_spk_input_multi_spk_output/hpo_data/hpo_iteration_data/4339499/estimator_1_neuron_9_validation_outputs.npy
2025-05-10 00:27:51,766 - INFO - Waiting for parameters file: /s/ls4/users/selibrin/spiking_researches/correlation_encoding_and_training/mnist/hpo/single_spk_input_multi_spk_output/hpo_data/hpo_iteration_data/4339499/params_1_9.pkl
2025-05-10 00:28:21,824 - INFO - Loaded HPO parameters
2025-05-10 00:28:21,825 - INFO - Preparing datasets...
2025-05-10 00:28:27,037 - INFO - Prepared datasets: 1166 train & 1000 validation samples
2025-05-10 00:28:27,038 - INFO - Initializing model...
2025-05-10 00:28:27,041 - INFO - Fitting model...
2025-05-10 00:34:12,442 - INFO - Saved weights to /s/ls4/users/selibrin/spiking_researches/correlation_encoding_and_training/mnist/hpo/single_spk_input_multi_spk_output/hpo_data/hpo_iteration_data/4339499/estimator_1_neuron_9_weights.npy
2025-05-10 00:34:12,443 - INFO - Evaluating model...
2025-05-10 00:38:55,226 - INFO - Saved validation outputs to /s/ls4/users/selibrin/spiking_researches/correlation_encoding_and_training/mnist/hpo/single_spk_input_multi_spk_output/hpo_data/hpo_iteration_data/4339499/estimator_1_neuron_9_validation_outputs.npy
2025-05-10 00:38:55,227 - INFO - Waiting for parameters file: /s/ls4/users/selibrin/spiking_researches/correlation_encoding_and_training/mnist/hpo/single_spk_input_multi_spk_output/hpo_data/hpo_iteration_data/4339499/params_1_9.pkl
2025-05-10 00:39:25,264 - INFO - Loaded HPO parameters
2025-05-10 00:39:25,265 - INFO - Preparing datasets...
2025-05-10 00:39:30,662 - INFO - Prepared datasets: 291 train & 1000 validation samples
2025-05-10 00:39:30,662 - INFO - Initializing model...
2025-05-10 00:39:30,665 - INFO - Fitting model...
2025-05-10 00:40:57,068 - INFO - Saved weights to /s/ls4/users/selibrin/spiking_researches/correlation_encoding_and_training/mnist/hpo/single_spk_input_multi_spk_output/hpo_data/hpo_iteration_data/4339499/estimator_1_neuron_9_weights.npy
2025-05-10 00:40:57,068 - INFO - Evaluating model...
2025-05-10 00:45:16,064 - INFO - Saved validation outputs to /s/ls4/users/selibrin/spiking_researches/correlation_encoding_and_training/mnist/hpo/single_spk_input_multi_spk_output/hpo_data/hpo_iteration_data/4339499/estimator_1_neuron_9_validation_outputs.npy
2025-05-10 00:45:16,064 - INFO - Waiting for parameters file: /s/ls4/users/selibrin/spiking_researches/correlation_encoding_and_training/mnist/hpo/single_spk_input_multi_spk_output/hpo_data/hpo_iteration_data/4339499/params_1_9.pkl
2025-05-10 00:45:31,085 - INFO - Loaded HPO parameters
2025-05-10 00:45:31,085 - INFO - Preparing datasets...
2025-05-10 00:45:34,449 - INFO - Prepared datasets: 583 train & 1000 validation samples
2025-05-10 00:45:34,449 - INFO - Initializing model...
2025-05-10 00:45:34,452 - INFO - Fitting model...
2025-05-10 00:47:16,210 - INFO - Saved weights to /s/ls4/users/selibrin/spiking_researches/correlation_encoding_and_training/mnist/hpo/single_spk_input_multi_spk_output/hpo_data/hpo_iteration_data/4339499/estimator_1_neuron_9_weights.npy
2025-05-10 00:47:16,211 - INFO - Evaluating model...
2025-05-10 00:49:57,298 - INFO - Saved validation outputs to /s/ls4/users/selibrin/spiking_researches/correlation_encoding_and_training/mnist/hpo/single_spk_input_multi_spk_output/hpo_data/hpo_iteration_data/4339499/estimator_1_neuron_9_validation_outputs.npy
2025-05-10 00:49:57,299 - INFO - Waiting for parameters file: /s/ls4/users/selibrin/spiking_researches/correlation_encoding_and_training/mnist/hpo/single_spk_input_multi_spk_output/hpo_data/hpo_iteration_data/4339499/params_1_9.pkl
2025-05-10 00:50:37,344 - INFO - Loaded HPO parameters
2025-05-10 00:50:37,344 - INFO - Preparing datasets...
2025-05-10 00:50:40,406 - INFO - Prepared datasets: 1166 train & 1000 validation samples
2025-05-10 00:50:40,406 - INFO - Initializing model...
2025-05-10 00:50:40,409 - INFO - Fitting model...
2025-05-10 00:53:57,152 - INFO - Saved weights to /s/ls4/users/selibrin/spiking_researches/correlation_encoding_and_training/mnist/hpo/single_spk_input_multi_spk_output/hpo_data/hpo_iteration_data/4339499/estimator_1_neuron_9_weights.npy
2025-05-10 00:53:57,152 - INFO - Evaluating model...
2025-05-10 00:56:37,571 - INFO - Saved validation outputs to /s/ls4/users/selibrin/spiking_researches/correlation_encoding_and_training/mnist/hpo/single_spk_input_multi_spk_output/hpo_data/hpo_iteration_data/4339499/estimator_1_neuron_9_validation_outputs.npy
2025-05-10 00:56:37,571 - INFO - Waiting for parameters file: /s/ls4/users/selibrin/spiking_researches/correlation_encoding_and_training/mnist/hpo/single_spk_input_multi_spk_output/hpo_data/hpo_iteration_data/4339499/params_1_9.pkl
2025-05-10 00:57:12,612 - INFO - Loaded HPO parameters
2025-05-10 00:57:12,612 - INFO - Preparing datasets...
2025-05-10 00:57:15,608 - INFO - Prepared datasets: 583 train & 1000 validation samples
2025-05-10 00:57:15,608 - INFO - Initializing model...
2025-05-10 00:57:15,610 - INFO - Fitting model...
2025-05-10 00:58:56,838 - INFO - Saved weights to /s/ls4/users/selibrin/spiking_researches/correlation_encoding_and_training/mnist/hpo/single_spk_input_multi_spk_output/hpo_data/hpo_iteration_data/4339499/estimator_1_neuron_9_weights.npy
2025-05-10 00:58:56,838 - INFO - Evaluating model...
2025-05-10 01:01:36,294 - INFO - Saved validation outputs to /s/ls4/users/selibrin/spiking_researches/correlation_encoding_and_training/mnist/hpo/single_spk_input_multi_spk_output/hpo_data/hpo_iteration_data/4339499/estimator_1_neuron_9_validation_outputs.npy
2025-05-10 01:01:36,294 - INFO - Waiting for parameters file: /s/ls4/users/selibrin/spiking_researches/correlation_encoding_and_training/mnist/hpo/single_spk_input_multi_spk_output/hpo_data/hpo_iteration_data/4339499/params_1_9.pkl
2025-05-10 01:02:16,341 - INFO - Loaded HPO parameters
2025-05-10 01:02:16,341 - INFO - Preparing datasets...
2025-05-10 01:02:19,498 - INFO - Prepared datasets: 291 train & 1000 validation samples
2025-05-10 01:02:19,499 - INFO - Initializing model...
2025-05-10 01:02:19,501 - INFO - Fitting model...
2025-05-10 01:03:10,918 - INFO - Saved weights to /s/ls4/users/selibrin/spiking_researches/correlation_encoding_and_training/mnist/hpo/single_spk_input_multi_spk_output/hpo_data/hpo_iteration_data/4339499/estimator_1_neuron_9_weights.npy
2025-05-10 01:03:10,918 - INFO - Evaluating model...
2025-05-10 01:05:57,420 - INFO - Saved validation outputs to /s/ls4/users/selibrin/spiking_researches/correlation_encoding_and_training/mnist/hpo/single_spk_input_multi_spk_output/hpo_data/hpo_iteration_data/4339499/estimator_1_neuron_9_validation_outputs.npy
2025-05-10 01:05:57,420 - INFO - Waiting for parameters file: /s/ls4/users/selibrin/spiking_researches/correlation_encoding_and_training/mnist/hpo/single_spk_input_multi_spk_output/hpo_data/hpo_iteration_data/4339499/params_1_9.pkl
2025-05-10 01:06:22,472 - INFO - Loaded HPO parameters
2025-05-10 01:06:22,473 - INFO - Preparing datasets...
2025-05-10 01:06:25,598 - INFO - Prepared datasets: 1166 train & 1000 validation samples
2025-05-10 01:06:25,599 - INFO - Initializing model...
2025-05-10 01:06:25,601 - INFO - Fitting model...
2025-05-10 01:09:47,090 - INFO - Saved weights to /s/ls4/users/selibrin/spiking_researches/correlation_encoding_and_training/mnist/hpo/single_spk_input_multi_spk_output/hpo_data/hpo_iteration_data/4339499/estimator_1_neuron_9_weights.npy
2025-05-10 01:09:47,091 - INFO - Evaluating model...
2025-05-10 01:12:27,319 - INFO - Saved validation outputs to /s/ls4/users/selibrin/spiking_researches/correlation_encoding_and_training/mnist/hpo/single_spk_input_multi_spk_output/hpo_data/hpo_iteration_data/4339499/estimator_1_neuron_9_validation_outputs.npy
2025-05-10 01:12:27,319 - INFO - Waiting for parameters file: /s/ls4/users/selibrin/spiking_researches/correlation_encoding_and_training/mnist/hpo/single_spk_input_multi_spk_output/hpo_data/hpo_iteration_data/4339499/params_1_9.pkl
2025-05-10 01:12:57,355 - INFO - Loaded HPO parameters
2025-05-10 01:12:57,356 - INFO - Preparing datasets...
2025-05-10 01:13:00,597 - INFO - Prepared datasets: 583 train & 1000 validation samples
2025-05-10 01:13:00,597 - INFO - Initializing model...
2025-05-10 01:13:00,600 - INFO - Fitting model...
2025-05-10 01:14:41,479 - INFO - Saved weights to /s/ls4/users/selibrin/spiking_researches/correlation_encoding_and_training/mnist/hpo/single_spk_input_multi_spk_output/hpo_data/hpo_iteration_data/4339499/estimator_1_neuron_9_weights.npy
2025-05-10 01:14:41,479 - INFO - Evaluating model...
2025-05-10 01:17:26,460 - INFO - Saved validation outputs to /s/ls4/users/selibrin/spiking_researches/correlation_encoding_and_training/mnist/hpo/single_spk_input_multi_spk_output/hpo_data/hpo_iteration_data/4339499/estimator_1_neuron_9_validation_outputs.npy
2025-05-10 01:17:26,460 - INFO - Waiting for parameters file: /s/ls4/users/selibrin/spiking_researches/correlation_encoding_and_training/mnist/hpo/single_spk_input_multi_spk_output/hpo_data/hpo_iteration_data/4339499/params_1_9.pkl
2025-05-10 01:18:06,507 - INFO - Loaded HPO parameters
2025-05-10 01:18:06,507 - INFO - Preparing datasets...
2025-05-10 01:18:09,545 - INFO - Prepared datasets: 1166 train & 1000 validation samples
2025-05-10 01:18:09,546 - INFO - Initializing model...
2025-05-10 01:18:09,548 - INFO - Fitting model...
2025-05-10 01:21:26,632 - INFO - Saved weights to /s/ls4/users/selibrin/spiking_researches/correlation_encoding_and_training/mnist/hpo/single_spk_input_multi_spk_output/hpo_data/hpo_iteration_data/4339499/estimator_1_neuron_9_weights.npy
2025-05-10 01:21:26,632 - INFO - Evaluating model...
2025-05-10 01:24:13,267 - INFO - Saved validation outputs to /s/ls4/users/selibrin/spiking_researches/correlation_encoding_and_training/mnist/hpo/single_spk_input_multi_spk_output/hpo_data/hpo_iteration_data/4339499/estimator_1_neuron_9_validation_outputs.npy
2025-05-10 01:24:13,267 - INFO - Waiting for parameters file: /s/ls4/users/selibrin/spiking_researches/correlation_encoding_and_training/mnist/hpo/single_spk_input_multi_spk_output/hpo_data/hpo_iteration_data/4339499/params_1_9.pkl
2025-05-10 01:24:38,298 - INFO - Loaded HPO parameters
2025-05-10 01:24:38,298 - INFO - Preparing datasets...
2025-05-10 01:24:41,404 - INFO - Prepared datasets: 583 train & 1000 validation samples
2025-05-10 01:24:41,404 - INFO - Initializing model...
2025-05-10 01:24:41,407 - INFO - Fitting model...
2025-05-10 01:26:24,827 - INFO - Saved weights to /s/ls4/users/selibrin/spiking_researches/correlation_encoding_and_training/mnist/hpo/single_spk_input_multi_spk_output/hpo_data/hpo_iteration_data/4339499/estimator_1_neuron_9_weights.npy
2025-05-10 01:26:24,828 - INFO - Evaluating model...
2025-05-10 01:29:10,164 - INFO - Saved validation outputs to /s/ls4/users/selibrin/spiking_researches/correlation_encoding_and_training/mnist/hpo/single_spk_input_multi_spk_output/hpo_data/hpo_iteration_data/4339499/estimator_1_neuron_9_validation_outputs.npy
2025-05-10 01:29:10,164 - INFO - Waiting for parameters file: /s/ls4/users/selibrin/spiking_researches/correlation_encoding_and_training/mnist/hpo/single_spk_input_multi_spk_output/hpo_data/hpo_iteration_data/4339499/params_1_9.pkl
2025-05-10 01:29:45,205 - INFO - Loaded HPO parameters
2025-05-10 01:29:45,205 - INFO - Preparing datasets...
2025-05-10 01:29:48,338 - INFO - Prepared datasets: 583 train & 1000 validation samples
2025-05-10 01:29:48,338 - INFO - Initializing model...
2025-05-10 01:29:48,341 - INFO - Fitting model...
2025-05-10 01:31:28,640 - INFO - Saved weights to /s/ls4/users/selibrin/spiking_researches/correlation_encoding_and_training/mnist/hpo/single_spk_input_multi_spk_output/hpo_data/hpo_iteration_data/4339499/estimator_1_neuron_9_weights.npy
2025-05-10 01:31:28,641 - INFO - Evaluating model...
2025-05-10 01:34:14,185 - INFO - Saved validation outputs to /s/ls4/users/selibrin/spiking_researches/correlation_encoding_and_training/mnist/hpo/single_spk_input_multi_spk_output/hpo_data/hpo_iteration_data/4339499/estimator_1_neuron_9_validation_outputs.npy
2025-05-10 01:34:14,186 - INFO - Waiting for parameters file: /s/ls4/users/selibrin/spiking_researches/correlation_encoding_and_training/mnist/hpo/single_spk_input_multi_spk_output/hpo_data/hpo_iteration_data/4339499/params_1_9.pkl
2025-05-10 01:34:49,244 - INFO - Loaded HPO parameters
2025-05-10 01:34:49,244 - INFO - Preparing datasets...
2025-05-10 01:34:52,421 - INFO - Prepared datasets: 583 train & 1000 validation samples
2025-05-10 01:34:52,421 - INFO - Initializing model...
2025-05-10 01:34:52,424 - INFO - Fitting model...
2025-05-10 01:36:33,011 - INFO - Saved weights to /s/ls4/users/selibrin/spiking_researches/correlation_encoding_and_training/mnist/hpo/single_spk_input_multi_spk_output/hpo_data/hpo_iteration_data/4339499/estimator_1_neuron_9_weights.npy
2025-05-10 01:36:33,012 - INFO - Evaluating model...
2025-05-10 01:39:15,397 - INFO - Saved validation outputs to /s/ls4/users/selibrin/spiking_researches/correlation_encoding_and_training/mnist/hpo/single_spk_input_multi_spk_output/hpo_data/hpo_iteration_data/4339499/estimator_1_neuron_9_validation_outputs.npy
2025-05-10 01:39:15,398 - INFO - Waiting for parameters file: /s/ls4/users/selibrin/spiking_researches/correlation_encoding_and_training/mnist/hpo/single_spk_input_multi_spk_output/hpo_data/hpo_iteration_data/4339499/params_1_9.pkl
2025-05-10 01:39:55,444 - INFO - Loaded HPO parameters
2025-05-10 01:39:55,444 - INFO - Preparing datasets...
2025-05-10 01:39:58,457 - INFO - Prepared datasets: 583 train & 1000 validation samples
2025-05-10 01:39:58,458 - INFO - Initializing model...
2025-05-10 01:39:58,460 - INFO - Fitting model...
2025-05-10 01:41:37,147 - INFO - Saved weights to /s/ls4/users/selibrin/spiking_researches/correlation_encoding_and_training/mnist/hpo/single_spk_input_multi_spk_output/hpo_data/hpo_iteration_data/4339499/estimator_1_neuron_9_weights.npy
2025-05-10 01:41:37,148 - INFO - Evaluating model...
2025-05-10 01:44:20,239 - INFO - Saved validation outputs to /s/ls4/users/selibrin/spiking_researches/correlation_encoding_and_training/mnist/hpo/single_spk_input_multi_spk_output/hpo_data/hpo_iteration_data/4339499/estimator_1_neuron_9_validation_outputs.npy
2025-05-10 01:44:20,240 - INFO - Waiting for parameters file: /s/ls4/users/selibrin/spiking_researches/correlation_encoding_and_training/mnist/hpo/single_spk_input_multi_spk_output/hpo_data/hpo_iteration_data/4339499/params_1_9.pkl
2025-05-10 01:45:00,287 - INFO - Loaded HPO parameters
2025-05-10 01:45:00,287 - INFO - Preparing datasets...
2025-05-10 01:45:03,776 - INFO - Prepared datasets: 583 train & 1000 validation samples
2025-05-10 01:45:03,777 - INFO - Initializing model...
2025-05-10 01:45:03,779 - INFO - Fitting model...
2025-05-10 01:46:45,815 - INFO - Saved weights to /s/ls4/users/selibrin/spiking_researches/correlation_encoding_and_training/mnist/hpo/single_spk_input_multi_spk_output/hpo_data/hpo_iteration_data/4339499/estimator_1_neuron_9_weights.npy
2025-05-10 01:46:45,815 - INFO - Evaluating model...
2025-05-10 01:49:31,488 - INFO - Saved validation outputs to /s/ls4/users/selibrin/spiking_researches/correlation_encoding_and_training/mnist/hpo/single_spk_input_multi_spk_output/hpo_data/hpo_iteration_data/4339499/estimator_1_neuron_9_validation_outputs.npy
2025-05-10 01:49:31,488 - INFO - Waiting for parameters file: /s/ls4/users/selibrin/spiking_researches/correlation_encoding_and_training/mnist/hpo/single_spk_input_multi_spk_output/hpo_data/hpo_iteration_data/4339499/params_1_9.pkl
2025-05-10 01:50:06,529 - INFO - Loaded HPO parameters
2025-05-10 01:50:06,529 - INFO - Preparing datasets...
2025-05-10 01:50:09,629 - INFO - Prepared datasets: 583 train & 1000 validation samples
2025-05-10 01:50:09,629 - INFO - Initializing model...
2025-05-10 01:50:09,632 - INFO - Fitting model...
2025-05-10 01:51:50,566 - INFO - Saved weights to /s/ls4/users/selibrin/spiking_researches/correlation_encoding_and_training/mnist/hpo/single_spk_input_multi_spk_output/hpo_data/hpo_iteration_data/4339499/estimator_1_neuron_9_weights.npy
2025-05-10 01:51:50,567 - INFO - Evaluating model...
2025-05-10 01:54:35,069 - INFO - Saved validation outputs to /s/ls4/users/selibrin/spiking_researches/correlation_encoding_and_training/mnist/hpo/single_spk_input_multi_spk_output/hpo_data/hpo_iteration_data/4339499/estimator_1_neuron_9_validation_outputs.npy
2025-05-10 01:54:35,070 - INFO - Waiting for parameters file: /s/ls4/users/selibrin/spiking_researches/correlation_encoding_and_training/mnist/hpo/single_spk_input_multi_spk_output/hpo_data/hpo_iteration_data/4339499/params_1_9.pkl
2025-05-10 01:55:15,116 - INFO - Loaded HPO parameters
2025-05-10 01:55:15,116 - INFO - Preparing datasets...
2025-05-10 01:55:18,275 - INFO - Prepared datasets: 583 train & 1000 validation samples
2025-05-10 01:55:18,275 - INFO - Initializing model...
2025-05-10 01:55:18,278 - INFO - Fitting model...
2025-05-10 01:57:01,016 - INFO - Saved weights to /s/ls4/users/selibrin/spiking_researches/correlation_encoding_and_training/mnist/hpo/single_spk_input_multi_spk_output/hpo_data/hpo_iteration_data/4339499/estimator_1_neuron_9_weights.npy
2025-05-10 01:57:01,017 - INFO - Evaluating model...
2025-05-10 01:59:49,088 - INFO - Saved validation outputs to /s/ls4/users/selibrin/spiking_researches/correlation_encoding_and_training/mnist/hpo/single_spk_input_multi_spk_output/hpo_data/hpo_iteration_data/4339499/estimator_1_neuron_9_validation_outputs.npy
2025-05-10 01:59:49,089 - INFO - Waiting for parameters file: /s/ls4/users/selibrin/spiking_researches/correlation_encoding_and_training/mnist/hpo/single_spk_input_multi_spk_output/hpo_data/hpo_iteration_data/4339499/params_1_9.pkl
2025-05-10 02:00:19,125 - INFO - Loaded HPO parameters
2025-05-10 02:00:19,125 - INFO - Preparing datasets...
2025-05-10 02:00:22,186 - INFO - Prepared datasets: 291 train & 1000 validation samples
2025-05-10 02:00:22,186 - INFO - Initializing model...
2025-05-10 02:00:22,189 - INFO - Fitting model...
2025-05-10 02:01:11,910 - INFO - Saved weights to /s/ls4/users/selibrin/spiking_researches/correlation_encoding_and_training/mnist/hpo/single_spk_input_multi_spk_output/hpo_data/hpo_iteration_data/4339499/estimator_1_neuron_9_weights.npy
2025-05-10 02:01:11,910 - INFO - Evaluating model...
2025-05-10 02:03:58,734 - INFO - Saved validation outputs to /s/ls4/users/selibrin/spiking_researches/correlation_encoding_and_training/mnist/hpo/single_spk_input_multi_spk_output/hpo_data/hpo_iteration_data/4339499/estimator_1_neuron_9_validation_outputs.npy
2025-05-10 02:03:58,734 - INFO - Waiting for parameters file: /s/ls4/users/selibrin/spiking_researches/correlation_encoding_and_training/mnist/hpo/single_spk_input_multi_spk_output/hpo_data/hpo_iteration_data/4339499/params_1_9.pkl
2025-05-10 02:04:23,764 - INFO - Loaded HPO parameters
2025-05-10 02:04:23,764 - INFO - Preparing datasets...
2025-05-10 02:04:26,774 - INFO - Prepared datasets: 583 train & 1000 validation samples
2025-05-10 02:04:26,774 - INFO - Initializing model...
2025-05-10 02:04:26,776 - INFO - Fitting model...
2025-05-10 02:06:08,618 - INFO - Saved weights to /s/ls4/users/selibrin/spiking_researches/correlation_encoding_and_training/mnist/hpo/single_spk_input_multi_spk_output/hpo_data/hpo_iteration_data/4339499/estimator_1_neuron_9_weights.npy
2025-05-10 02:06:08,618 - INFO - Evaluating model...
2025-05-10 02:08:51,188 - INFO - Saved validation outputs to /s/ls4/users/selibrin/spiking_researches/correlation_encoding_and_training/mnist/hpo/single_spk_input_multi_spk_output/hpo_data/hpo_iteration_data/4339499/estimator_1_neuron_9_validation_outputs.npy
2025-05-10 02:08:51,188 - INFO - Waiting for parameters file: /s/ls4/users/selibrin/spiking_researches/correlation_encoding_and_training/mnist/hpo/single_spk_input_multi_spk_output/hpo_data/hpo_iteration_data/4339499/params_1_9.pkl
2025-05-10 02:09:31,235 - INFO - Loaded HPO parameters
2025-05-10 02:09:31,235 - INFO - Preparing datasets...
2025-05-10 02:09:34,225 - INFO - Prepared datasets: 583 train & 1000 validation samples
2025-05-10 02:09:34,225 - INFO - Initializing model...
2025-05-10 02:09:34,228 - INFO - Fitting model...
2025-05-10 02:11:15,166 - INFO - Saved weights to /s/ls4/users/selibrin/spiking_researches/correlation_encoding_and_training/mnist/hpo/single_spk_input_multi_spk_output/hpo_data/hpo_iteration_data/4339499/estimator_1_neuron_9_weights.npy
2025-05-10 02:11:15,166 - INFO - Evaluating model...
2025-05-10 02:14:00,913 - INFO - Saved validation outputs to /s/ls4/users/selibrin/spiking_researches/correlation_encoding_and_training/mnist/hpo/single_spk_input_multi_spk_output/hpo_data/hpo_iteration_data/4339499/estimator_1_neuron_9_validation_outputs.npy
2025-05-10 02:14:00,914 - INFO - Waiting for parameters file: /s/ls4/users/selibrin/spiking_researches/correlation_encoding_and_training/mnist/hpo/single_spk_input_multi_spk_output/hpo_data/hpo_iteration_data/4339499/params_1_9.pkl
2025-05-10 02:14:35,982 - INFO - Loaded HPO parameters
2025-05-10 02:14:35,982 - INFO - Preparing datasets...
2025-05-10 02:14:39,042 - INFO - Prepared datasets: 291 train & 1000 validation samples
2025-05-10 02:14:39,042 - INFO - Initializing model...
2025-05-10 02:14:39,045 - INFO - Fitting model...
2025-05-10 02:15:29,757 - INFO - Saved weights to /s/ls4/users/selibrin/spiking_researches/correlation_encoding_and_training/mnist/hpo/single_spk_input_multi_spk_output/hpo_data/hpo_iteration_data/4339499/estimator_1_neuron_9_weights.npy
2025-05-10 02:15:29,757 - INFO - Evaluating model...
2025-05-10 02:18:15,300 - INFO - Saved validation outputs to /s/ls4/users/selibrin/spiking_researches/correlation_encoding_and_training/mnist/hpo/single_spk_input_multi_spk_output/hpo_data/hpo_iteration_data/4339499/estimator_1_neuron_9_validation_outputs.npy
2025-05-10 02:18:15,301 - INFO - Waiting for parameters file: /s/ls4/users/selibrin/spiking_researches/correlation_encoding_and_training/mnist/hpo/single_spk_input_multi_spk_output/hpo_data/hpo_iteration_data/4339499/params_1_9.pkl
2025-05-10 02:18:40,330 - INFO - Loaded HPO parameters
2025-05-10 02:18:40,330 - INFO - Preparing datasets...
2025-05-10 02:18:43,325 - INFO - Prepared datasets: 583 train & 1000 validation samples
2025-05-10 02:18:43,326 - INFO - Initializing model...
2025-05-10 02:18:43,328 - INFO - Fitting model...
2025-05-10 02:20:23,696 - INFO - Saved weights to /s/ls4/users/selibrin/spiking_researches/correlation_encoding_and_training/mnist/hpo/single_spk_input_multi_spk_output/hpo_data/hpo_iteration_data/4339499/estimator_1_neuron_9_weights.npy
2025-05-10 02:20:23,697 - INFO - Evaluating model...
2025-05-10 02:23:09,687 - INFO - Saved validation outputs to /s/ls4/users/selibrin/spiking_researches/correlation_encoding_and_training/mnist/hpo/single_spk_input_multi_spk_output/hpo_data/hpo_iteration_data/4339499/estimator_1_neuron_9_validation_outputs.npy
2025-05-10 02:23:09,688 - INFO - Waiting for parameters file: /s/ls4/users/selibrin/spiking_researches/correlation_encoding_and_training/mnist/hpo/single_spk_input_multi_spk_output/hpo_data/hpo_iteration_data/4339499/params_1_9.pkl
2025-05-10 02:23:44,728 - INFO - Loaded HPO parameters
2025-05-10 02:23:44,728 - INFO - Preparing datasets...
2025-05-10 02:23:47,804 - INFO - Prepared datasets: 583 train & 1000 validation samples
2025-05-10 02:23:47,804 - INFO - Initializing model...
2025-05-10 02:23:47,806 - INFO - Fitting model...
2025-05-10 02:25:32,527 - INFO - Saved weights to /s/ls4/users/selibrin/spiking_researches/correlation_encoding_and_training/mnist/hpo/single_spk_input_multi_spk_output/hpo_data/hpo_iteration_data/4339499/estimator_1_neuron_9_weights.npy
2025-05-10 02:25:32,527 - INFO - Evaluating model...
2025-05-10 02:28:21,185 - INFO - Saved validation outputs to /s/ls4/users/selibrin/spiking_researches/correlation_encoding_and_training/mnist/hpo/single_spk_input_multi_spk_output/hpo_data/hpo_iteration_data/4339499/estimator_1_neuron_9_validation_outputs.npy
2025-05-10 02:28:21,185 - INFO - Waiting for parameters file: /s/ls4/users/selibrin/spiking_researches/correlation_encoding_and_training/mnist/hpo/single_spk_input_multi_spk_output/hpo_data/hpo_iteration_data/4339499/params_1_9.pkl
2025-05-10 02:28:51,225 - INFO - Loaded HPO parameters
2025-05-10 02:28:51,225 - INFO - Preparing datasets...
2025-05-10 02:28:54,609 - INFO - Prepared datasets: 583 train & 1000 validation samples
2025-05-10 02:28:54,610 - INFO - Initializing model...
2025-05-10 02:28:54,612 - INFO - Fitting model...
2025-05-10 02:30:37,855 - INFO - Saved weights to /s/ls4/users/selibrin/spiking_researches/correlation_encoding_and_training/mnist/hpo/single_spk_input_multi_spk_output/hpo_data/hpo_iteration_data/4339499/estimator_1_neuron_9_weights.npy
2025-05-10 02:30:37,855 - INFO - Evaluating model...
2025-05-10 02:33:27,133 - INFO - Saved validation outputs to /s/ls4/users/selibrin/spiking_researches/correlation_encoding_and_training/mnist/hpo/single_spk_input_multi_spk_output/hpo_data/hpo_iteration_data/4339499/estimator_1_neuron_9_validation_outputs.npy
2025-05-10 02:33:27,134 - INFO - Waiting for parameters file: /s/ls4/users/selibrin/spiking_researches/correlation_encoding_and_training/mnist/hpo/single_spk_input_multi_spk_output/hpo_data/hpo_iteration_data/4339499/params_1_9.pkl
2025-05-10 02:33:57,169 - INFO - Loaded HPO parameters
2025-05-10 02:33:57,169 - INFO - Preparing datasets...
2025-05-10 02:34:00,871 - INFO - Prepared datasets: 291 train & 1000 validation samples
2025-05-10 02:34:00,871 - INFO - Initializing model...
2025-05-10 02:34:00,874 - INFO - Fitting model...
2025-05-10 02:34:51,148 - INFO - Saved weights to /s/ls4/users/selibrin/spiking_researches/correlation_encoding_and_training/mnist/hpo/single_spk_input_multi_spk_output/hpo_data/hpo_iteration_data/4339499/estimator_1_neuron_9_weights.npy
2025-05-10 02:34:51,148 - INFO - Evaluating model...
2025-05-10 02:37:38,076 - INFO - Saved validation outputs to /s/ls4/users/selibrin/spiking_researches/correlation_encoding_and_training/mnist/hpo/single_spk_input_multi_spk_output/hpo_data/hpo_iteration_data/4339499/estimator_1_neuron_9_validation_outputs.npy
2025-05-10 02:37:38,076 - INFO - Waiting for parameters file: /s/ls4/users/selibrin/spiking_researches/correlation_encoding_and_training/mnist/hpo/single_spk_input_multi_spk_output/hpo_data/hpo_iteration_data/4339499/params_1_9.pkl
2025-05-10 02:38:03,107 - INFO - Loaded HPO parameters
2025-05-10 02:38:03,107 - INFO - Preparing datasets...
2025-05-10 02:38:06,123 - INFO - Prepared datasets: 583 train & 1000 validation samples
2025-05-10 02:38:06,123 - INFO - Initializing model...
2025-05-10 02:38:06,125 - INFO - Fitting model...
2025-05-10 02:39:44,640 - INFO - Saved weights to /s/ls4/users/selibrin/spiking_researches/correlation_encoding_and_training/mnist/hpo/single_spk_input_multi_spk_output/hpo_data/hpo_iteration_data/4339499/estimator_1_neuron_9_weights.npy
2025-05-10 02:39:44,640 - INFO - Evaluating model...
2025-05-10 02:42:31,064 - INFO - Saved validation outputs to /s/ls4/users/selibrin/spiking_researches/correlation_encoding_and_training/mnist/hpo/single_spk_input_multi_spk_output/hpo_data/hpo_iteration_data/4339499/estimator_1_neuron_9_validation_outputs.npy
2025-05-10 02:42:31,064 - INFO - Waiting for parameters file: /s/ls4/users/selibrin/spiking_researches/correlation_encoding_and_training/mnist/hpo/single_spk_input_multi_spk_output/hpo_data/hpo_iteration_data/4339499/params_1_9.pkl
2025-05-10 02:43:06,102 - INFO - Loaded HPO parameters
2025-05-10 02:43:06,102 - INFO - Preparing datasets...
2025-05-10 02:43:09,108 - INFO - Prepared datasets: 583 train & 1000 validation samples
2025-05-10 02:43:09,108 - INFO - Initializing model...
2025-05-10 02:43:09,111 - INFO - Fitting model...
2025-05-10 02:44:48,739 - INFO - Saved weights to /s/ls4/users/selibrin/spiking_researches/correlation_encoding_and_training/mnist/hpo/single_spk_input_multi_spk_output/hpo_data/hpo_iteration_data/4339499/estimator_1_neuron_9_weights.npy
2025-05-10 02:44:48,740 - INFO - Evaluating model...
2025-05-10 02:47:36,649 - INFO - Saved validation outputs to /s/ls4/users/selibrin/spiking_researches/correlation_encoding_and_training/mnist/hpo/single_spk_input_multi_spk_output/hpo_data/hpo_iteration_data/4339499/estimator_1_neuron_9_validation_outputs.npy
2025-05-10 02:47:36,649 - INFO - Waiting for parameters file: /s/ls4/users/selibrin/spiking_researches/correlation_encoding_and_training/mnist/hpo/single_spk_input_multi_spk_output/hpo_data/hpo_iteration_data/4339499/params_1_9.pkl
2025-05-10 02:48:11,689 - INFO - Loaded HPO parameters
2025-05-10 02:48:11,689 - INFO - Preparing datasets...
2025-05-10 02:48:14,715 - INFO - Prepared datasets: 583 train & 1000 validation samples
2025-05-10 02:48:14,715 - INFO - Initializing model...
2025-05-10 02:48:14,717 - INFO - Fitting model...
2025-05-10 02:49:53,938 - INFO - Saved weights to /s/ls4/users/selibrin/spiking_researches/correlation_encoding_and_training/mnist/hpo/single_spk_input_multi_spk_output/hpo_data/hpo_iteration_data/4339499/estimator_1_neuron_9_weights.npy
2025-05-10 02:49:53,938 - INFO - Evaluating model...
2025-05-10 02:52:41,633 - INFO - Saved validation outputs to /s/ls4/users/selibrin/spiking_researches/correlation_encoding_and_training/mnist/hpo/single_spk_input_multi_spk_output/hpo_data/hpo_iteration_data/4339499/estimator_1_neuron_9_validation_outputs.npy
2025-05-10 02:52:41,633 - INFO - Waiting for parameters file: /s/ls4/users/selibrin/spiking_researches/correlation_encoding_and_training/mnist/hpo/single_spk_input_multi_spk_output/hpo_data/hpo_iteration_data/4339499/params_1_9.pkl
2025-05-10 02:53:16,674 - INFO - Loaded HPO parameters
2025-05-10 02:53:16,675 - INFO - Preparing datasets...
2025-05-10 02:53:19,570 - INFO - Prepared datasets: 291 train & 1000 validation samples
2025-05-10 02:53:19,571 - INFO - Initializing model...
2025-05-10 02:53:19,573 - INFO - Fitting model...
2025-05-10 02:54:09,390 - INFO - Saved weights to /s/ls4/users/selibrin/spiking_researches/correlation_encoding_and_training/mnist/hpo/single_spk_input_multi_spk_output/hpo_data/hpo_iteration_data/4339499/estimator_1_neuron_9_weights.npy
2025-05-10 02:54:09,390 - INFO - Evaluating model...
2025-05-10 02:56:57,210 - INFO - Saved validation outputs to /s/ls4/users/selibrin/spiking_researches/correlation_encoding_and_training/mnist/hpo/single_spk_input_multi_spk_output/hpo_data/hpo_iteration_data/4339499/estimator_1_neuron_9_validation_outputs.npy
2025-05-10 02:56:57,210 - INFO - Waiting for parameters file: /s/ls4/users/selibrin/spiking_researches/correlation_encoding_and_training/mnist/hpo/single_spk_input_multi_spk_output/hpo_data/hpo_iteration_data/4339499/params_1_9.pkl
2025-05-10 02:57:22,241 - INFO - Loaded HPO parameters
2025-05-10 02:57:22,241 - INFO - Preparing datasets...
2025-05-10 02:57:25,311 - INFO - Prepared datasets: 583 train & 1000 validation samples
2025-05-10 02:57:25,312 - INFO - Initializing model...
2025-05-10 02:57:25,314 - INFO - Fitting model...
2025-05-10 02:59:07,861 - INFO - Saved weights to /s/ls4/users/selibrin/spiking_researches/correlation_encoding_and_training/mnist/hpo/single_spk_input_multi_spk_output/hpo_data/hpo_iteration_data/4339499/estimator_1_neuron_9_weights.npy
2025-05-10 02:59:07,861 - INFO - Evaluating model...
2025-05-10 03:01:56,587 - INFO - Saved validation outputs to /s/ls4/users/selibrin/spiking_researches/correlation_encoding_and_training/mnist/hpo/single_spk_input_multi_spk_output/hpo_data/hpo_iteration_data/4339499/estimator_1_neuron_9_validation_outputs.npy
2025-05-10 03:01:56,587 - INFO - Waiting for parameters file: /s/ls4/users/selibrin/spiking_researches/correlation_encoding_and_training/mnist/hpo/single_spk_input_multi_spk_output/hpo_data/hpo_iteration_data/4339499/params_1_9.pkl
2025-05-10 03:02:26,625 - INFO - Loaded HPO parameters
2025-05-10 03:02:26,625 - INFO - Preparing datasets...
2025-05-10 03:02:29,718 - INFO - Prepared datasets: 583 train & 1000 validation samples
2025-05-10 03:02:29,718 - INFO - Initializing model...
2025-05-10 03:02:29,721 - INFO - Fitting model...
2025-05-10 03:04:12,847 - INFO - Saved weights to /s/ls4/users/selibrin/spiking_researches/correlation_encoding_and_training/mnist/hpo/single_spk_input_multi_spk_output/hpo_data/hpo_iteration_data/4339499/estimator_1_neuron_9_weights.npy
2025-05-10 03:04:12,847 - INFO - Evaluating model...
2025-05-10 03:06:59,636 - INFO - Saved validation outputs to /s/ls4/users/selibrin/spiking_researches/correlation_encoding_and_training/mnist/hpo/single_spk_input_multi_spk_output/hpo_data/hpo_iteration_data/4339499/estimator_1_neuron_9_validation_outputs.npy
2025-05-10 03:06:59,637 - INFO - Waiting for parameters file: /s/ls4/users/selibrin/spiking_researches/correlation_encoding_and_training/mnist/hpo/single_spk_input_multi_spk_output/hpo_data/hpo_iteration_data/4339499/params_1_9.pkl
2025-05-10 03:07:34,678 - INFO - Loaded HPO parameters
2025-05-10 03:07:34,678 - INFO - Preparing datasets...
2025-05-10 03:07:37,761 - INFO - Prepared datasets: 583 train & 1000 validation samples
2025-05-10 03:07:37,762 - INFO - Initializing model...
2025-05-10 03:07:37,764 - INFO - Fitting model...
2025-05-10 03:09:14,352 - INFO - Saved weights to /s/ls4/users/selibrin/spiking_researches/correlation_encoding_and_training/mnist/hpo/single_spk_input_multi_spk_output/hpo_data/hpo_iteration_data/4339499/estimator_1_neuron_9_weights.npy
2025-05-10 03:09:14,352 - INFO - Evaluating model...
2025-05-10 03:11:54,807 - INFO - Saved validation outputs to /s/ls4/users/selibrin/spiking_researches/correlation_encoding_and_training/mnist/hpo/single_spk_input_multi_spk_output/hpo_data/hpo_iteration_data/4339499/estimator_1_neuron_9_validation_outputs.npy
2025-05-10 03:11:54,807 - INFO - Waiting for parameters file: /s/ls4/users/selibrin/spiking_researches/correlation_encoding_and_training/mnist/hpo/single_spk_input_multi_spk_output/hpo_data/hpo_iteration_data/4339499/params_1_9.pkl
2025-05-10 03:12:39,857 - INFO - Loaded HPO parameters
2025-05-10 03:12:39,858 - INFO - Preparing datasets...
2025-05-10 03:12:42,851 - INFO - Prepared datasets: 291 train & 1000 validation samples
2025-05-10 03:12:42,851 - INFO - Initializing model...
2025-05-10 03:12:42,853 - INFO - Fitting model...
2025-05-10 03:13:32,156 - INFO - Saved weights to /s/ls4/users/selibrin/spiking_researches/correlation_encoding_and_training/mnist/hpo/single_spk_input_multi_spk_output/hpo_data/hpo_iteration_data/4339499/estimator_1_neuron_9_weights.npy
2025-05-10 03:13:32,156 - INFO - Evaluating model...
2025-05-10 03:16:10,251 - INFO - Saved validation outputs to /s/ls4/users/selibrin/spiking_researches/correlation_encoding_and_training/mnist/hpo/single_spk_input_multi_spk_output/hpo_data/hpo_iteration_data/4339499/estimator_1_neuron_9_validation_outputs.npy
2025-05-10 03:16:10,251 - INFO - Waiting for parameters file: /s/ls4/users/selibrin/spiking_researches/correlation_encoding_and_training/mnist/hpo/single_spk_input_multi_spk_output/hpo_data/hpo_iteration_data/4339499/params_1_9.pkl
2025-05-10 03:16:45,313 - INFO - Loaded HPO parameters
2025-05-10 03:16:45,313 - INFO - Preparing datasets...
2025-05-10 03:16:48,242 - INFO - Prepared datasets: 583 train & 1000 validation samples
2025-05-10 03:16:48,242 - INFO - Initializing model...
2025-05-10 03:16:48,244 - INFO - Fitting model...
2025-05-10 03:18:25,518 - INFO - Saved weights to /s/ls4/users/selibrin/spiking_researches/correlation_encoding_and_training/mnist/hpo/single_spk_input_multi_spk_output/hpo_data/hpo_iteration_data/4339499/estimator_1_neuron_9_weights.npy
2025-05-10 03:18:25,518 - INFO - Evaluating model...
2025-05-10 03:21:03,171 - INFO - Saved validation outputs to /s/ls4/users/selibrin/spiking_researches/correlation_encoding_and_training/mnist/hpo/single_spk_input_multi_spk_output/hpo_data/hpo_iteration_data/4339499/estimator_1_neuron_9_validation_outputs.npy
2025-05-10 03:21:03,171 - INFO - Waiting for parameters file: /s/ls4/users/selibrin/spiking_researches/correlation_encoding_and_training/mnist/hpo/single_spk_input_multi_spk_output/hpo_data/hpo_iteration_data/4339499/params_1_9.pkl
2025-05-10 03:21:48,224 - INFO - Loaded HPO parameters
2025-05-10 03:21:48,224 - INFO - Preparing datasets...
2025-05-10 03:21:51,246 - INFO - Prepared datasets: 583 train & 1000 validation samples
2025-05-10 03:21:51,246 - INFO - Initializing model...
2025-05-10 03:21:51,249 - INFO - Fitting model...
2025-05-10 03:23:30,445 - INFO - Saved weights to /s/ls4/users/selibrin/spiking_researches/correlation_encoding_and_training/mnist/hpo/single_spk_input_multi_spk_output/hpo_data/hpo_iteration_data/4339499/estimator_1_neuron_9_weights.npy
2025-05-10 03:23:30,445 - INFO - Evaluating model...
2025-05-10 03:26:13,979 - INFO - Saved validation outputs to /s/ls4/users/selibrin/spiking_researches/correlation_encoding_and_training/mnist/hpo/single_spk_input_multi_spk_output/hpo_data/hpo_iteration_data/4339499/estimator_1_neuron_9_validation_outputs.npy
2025-05-10 03:26:13,980 - INFO - Waiting for parameters file: /s/ls4/users/selibrin/spiking_researches/correlation_encoding_and_training/mnist/hpo/single_spk_input_multi_spk_output/hpo_data/hpo_iteration_data/4339499/params_1_9.pkl
2025-05-10 03:26:54,026 - INFO - Loaded HPO parameters
2025-05-10 03:26:54,026 - INFO - Preparing datasets...
2025-05-10 03:26:57,492 - INFO - Prepared datasets: 1166 train & 1000 validation samples
2025-05-10 03:26:57,492 - INFO - Initializing model...
2025-05-10 03:26:57,495 - INFO - Fitting model...
2025-05-10 03:30:21,744 - INFO - Saved weights to /s/ls4/users/selibrin/spiking_researches/correlation_encoding_and_training/mnist/hpo/single_spk_input_multi_spk_output/hpo_data/hpo_iteration_data/4339499/estimator_1_neuron_9_weights.npy
2025-05-10 03:30:21,745 - INFO - Evaluating model...
2025-05-10 03:33:08,046 - INFO - Saved validation outputs to /s/ls4/users/selibrin/spiking_researches/correlation_encoding_and_training/mnist/hpo/single_spk_input_multi_spk_output/hpo_data/hpo_iteration_data/4339499/estimator_1_neuron_9_validation_outputs.npy
2025-05-10 03:33:08,047 - INFO - Waiting for parameters file: /s/ls4/users/selibrin/spiking_researches/correlation_encoding_and_training/mnist/hpo/single_spk_input_multi_spk_output/hpo_data/hpo_iteration_data/4339499/params_1_9.pkl
2025-05-10 03:33:33,077 - INFO - Loaded HPO parameters
2025-05-10 03:33:33,077 - INFO - Preparing datasets...
2025-05-10 03:33:36,031 - INFO - Prepared datasets: 583 train & 1000 validation samples
2025-05-10 03:33:36,031 - INFO - Initializing model...
2025-05-10 03:33:36,033 - INFO - Fitting model...
2025-05-10 03:35:13,254 - INFO - Saved weights to /s/ls4/users/selibrin/spiking_researches/correlation_encoding_and_training/mnist/hpo/single_spk_input_multi_spk_output/hpo_data/hpo_iteration_data/4339499/estimator_1_neuron_9_weights.npy
2025-05-10 03:35:13,254 - INFO - Evaluating model...
2025-05-10 03:37:53,963 - INFO - Saved validation outputs to /s/ls4/users/selibrin/spiking_researches/correlation_encoding_and_training/mnist/hpo/single_spk_input_multi_spk_output/hpo_data/hpo_iteration_data/4339499/estimator_1_neuron_9_validation_outputs.npy
2025-05-10 03:37:53,963 - INFO - Waiting for parameters file: /s/ls4/users/selibrin/spiking_researches/correlation_encoding_and_training/mnist/hpo/single_spk_input_multi_spk_output/hpo_data/hpo_iteration_data/4339499/params_1_9.pkl
2025-05-10 03:38:34,012 - INFO - Loaded HPO parameters
2025-05-10 03:38:34,012 - INFO - Preparing datasets...
2025-05-10 03:38:37,330 - INFO - Prepared datasets: 583 train & 1000 validation samples
2025-05-10 03:38:37,331 - INFO - Initializing model...
2025-05-10 03:38:37,333 - INFO - Fitting model...
2025-05-10 03:40:17,782 - INFO - Saved weights to /s/ls4/users/selibrin/spiking_researches/correlation_encoding_and_training/mnist/hpo/single_spk_input_multi_spk_output/hpo_data/hpo_iteration_data/4339499/estimator_1_neuron_9_weights.npy
2025-05-10 03:40:17,782 - INFO - Evaluating model...
2025-05-10 03:43:03,969 - INFO - Saved validation outputs to /s/ls4/users/selibrin/spiking_researches/correlation_encoding_and_training/mnist/hpo/single_spk_input_multi_spk_output/hpo_data/hpo_iteration_data/4339499/estimator_1_neuron_9_validation_outputs.npy
2025-05-10 03:43:03,969 - INFO - Waiting for parameters file: /s/ls4/users/selibrin/spiking_researches/correlation_encoding_and_training/mnist/hpo/single_spk_input_multi_spk_output/hpo_data/hpo_iteration_data/4339499/params_1_9.pkl
2025-05-10 03:43:44,015 - INFO - Loaded HPO parameters
2025-05-10 03:43:44,015 - INFO - Preparing datasets...
2025-05-10 03:43:46,944 - INFO - Prepared datasets: 583 train & 1000 validation samples
2025-05-10 03:43:46,944 - INFO - Initializing model...
2025-05-10 03:43:46,946 - INFO - Fitting model...
2025-05-10 03:45:28,323 - INFO - Saved weights to /s/ls4/users/selibrin/spiking_researches/correlation_encoding_and_training/mnist/hpo/single_spk_input_multi_spk_output/hpo_data/hpo_iteration_data/4339499/estimator_1_neuron_9_weights.npy
2025-05-10 03:45:28,323 - INFO - Evaluating model...
2025-05-10 03:48:14,205 - INFO - Saved validation outputs to /s/ls4/users/selibrin/spiking_researches/correlation_encoding_and_training/mnist/hpo/single_spk_input_multi_spk_output/hpo_data/hpo_iteration_data/4339499/estimator_1_neuron_9_validation_outputs.npy
2025-05-10 03:48:14,205 - INFO - Waiting for parameters file: /s/ls4/users/selibrin/spiking_researches/correlation_encoding_and_training/mnist/hpo/single_spk_input_multi_spk_output/hpo_data/hpo_iteration_data/4339499/params_1_9.pkl
2025-05-10 03:48:49,246 - INFO - Loaded HPO parameters
2025-05-10 03:48:49,246 - INFO - Preparing datasets...
2025-05-10 03:48:52,201 - INFO - Prepared datasets: 583 train & 1000 validation samples
2025-05-10 03:48:52,201 - INFO - Initializing model...
2025-05-10 03:48:52,206 - INFO - Fitting model...
2025-05-10 03:50:34,236 - INFO - Saved weights to /s/ls4/users/selibrin/spiking_researches/correlation_encoding_and_training/mnist/hpo/single_spk_input_multi_spk_output/hpo_data/hpo_iteration_data/4339499/estimator_1_neuron_9_weights.npy
2025-05-10 03:50:34,236 - INFO - Evaluating model...
2025-05-10 03:53:20,488 - INFO - Saved validation outputs to /s/ls4/users/selibrin/spiking_researches/correlation_encoding_and_training/mnist/hpo/single_spk_input_multi_spk_output/hpo_data/hpo_iteration_data/4339499/estimator_1_neuron_9_validation_outputs.npy
2025-05-10 03:53:20,488 - INFO - Waiting for parameters file: /s/ls4/users/selibrin/spiking_researches/correlation_encoding_and_training/mnist/hpo/single_spk_input_multi_spk_output/hpo_data/hpo_iteration_data/4339499/params_1_9.pkl
2025-05-10 03:53:55,529 - INFO - Loaded HPO parameters
2025-05-10 03:53:55,530 - INFO - Preparing datasets...
2025-05-10 03:53:58,469 - INFO - Prepared datasets: 583 train & 1000 validation samples
2025-05-10 03:53:58,470 - INFO - Initializing model...
2025-05-10 03:53:58,472 - INFO - Fitting model...
2025-05-10 03:55:38,470 - INFO - Saved weights to /s/ls4/users/selibrin/spiking_researches/correlation_encoding_and_training/mnist/hpo/single_spk_input_multi_spk_output/hpo_data/hpo_iteration_data/4339499/estimator_1_neuron_9_weights.npy
2025-05-10 03:55:38,470 - INFO - Evaluating model...
2025-05-10 03:58:24,785 - INFO - Saved validation outputs to /s/ls4/users/selibrin/spiking_researches/correlation_encoding_and_training/mnist/hpo/single_spk_input_multi_spk_output/hpo_data/hpo_iteration_data/4339499/estimator_1_neuron_9_validation_outputs.npy
2025-05-10 03:58:24,785 - INFO - Waiting for parameters file: /s/ls4/users/selibrin/spiking_researches/correlation_encoding_and_training/mnist/hpo/single_spk_input_multi_spk_output/hpo_data/hpo_iteration_data/4339499/params_1_9.pkl
2025-05-10 03:58:59,827 - INFO - Loaded HPO parameters
2025-05-10 03:58:59,827 - INFO - Preparing datasets...
2025-05-10 03:59:02,994 - INFO - Prepared datasets: 583 train & 1000 validation samples
2025-05-10 03:59:02,994 - INFO - Initializing model...
2025-05-10 03:59:02,996 - INFO - Fitting model...
2025-05-10 04:00:40,107 - INFO - Saved weights to /s/ls4/users/selibrin/spiking_researches/correlation_encoding_and_training/mnist/hpo/single_spk_input_multi_spk_output/hpo_data/hpo_iteration_data/4339499/estimator_1_neuron_9_weights.npy
2025-05-10 04:00:40,108 - INFO - Evaluating model...
2025-05-10 04:03:19,682 - INFO - Saved validation outputs to /s/ls4/users/selibrin/spiking_researches/correlation_encoding_and_training/mnist/hpo/single_spk_input_multi_spk_output/hpo_data/hpo_iteration_data/4339499/estimator_1_neuron_9_validation_outputs.npy
2025-05-10 04:03:19,682 - INFO - Waiting for parameters file: /s/ls4/users/selibrin/spiking_researches/correlation_encoding_and_training/mnist/hpo/single_spk_input_multi_spk_output/hpo_data/hpo_iteration_data/4339499/params_1_9.pkl
2025-05-10 04:04:04,733 - INFO - Loaded HPO parameters
2025-05-10 04:04:04,734 - INFO - Preparing datasets...
2025-05-10 04:04:07,619 - INFO - Prepared datasets: 583 train & 1000 validation samples
2025-05-10 04:04:07,619 - INFO - Initializing model...
2025-05-10 04:04:07,621 - INFO - Fitting model...
2025-05-10 04:05:43,803 - INFO - Saved weights to /s/ls4/users/selibrin/spiking_researches/correlation_encoding_and_training/mnist/hpo/single_spk_input_multi_spk_output/hpo_data/hpo_iteration_data/4339499/estimator_1_neuron_9_weights.npy
2025-05-10 04:05:43,803 - INFO - Evaluating model...
2025-05-10 04:08:23,761 - INFO - Saved validation outputs to /s/ls4/users/selibrin/spiking_researches/correlation_encoding_and_training/mnist/hpo/single_spk_input_multi_spk_output/hpo_data/hpo_iteration_data/4339499/estimator_1_neuron_9_validation_outputs.npy
2025-05-10 04:08:23,762 - INFO - Waiting for parameters file: /s/ls4/users/selibrin/spiking_researches/correlation_encoding_and_training/mnist/hpo/single_spk_input_multi_spk_output/hpo_data/hpo_iteration_data/4339499/params_1_9.pkl
2025-05-10 04:09:13,818 - INFO - Loaded HPO parameters
2025-05-10 04:09:13,818 - INFO - Preparing datasets...
2025-05-10 04:09:16,796 - INFO - Prepared datasets: 583 train & 1000 validation samples
2025-05-10 04:09:16,796 - INFO - Initializing model...
2025-05-10 04:09:16,799 - INFO - Fitting model...
2025-05-10 04:10:54,675 - INFO - Saved weights to /s/ls4/users/selibrin/spiking_researches/correlation_encoding_and_training/mnist/hpo/single_spk_input_multi_spk_output/hpo_data/hpo_iteration_data/4339499/estimator_1_neuron_9_weights.npy
2025-05-10 04:10:54,675 - INFO - Evaluating model...
2025-05-10 04:13:43,568 - INFO - Saved validation outputs to /s/ls4/users/selibrin/spiking_researches/correlation_encoding_and_training/mnist/hpo/single_spk_input_multi_spk_output/hpo_data/hpo_iteration_data/4339499/estimator_1_neuron_9_validation_outputs.npy
2025-05-10 04:13:43,568 - INFO - Waiting for parameters file: /s/ls4/users/selibrin/spiking_researches/correlation_encoding_and_training/mnist/hpo/single_spk_input_multi_spk_output/hpo_data/hpo_iteration_data/4339499/params_1_9.pkl
2025-05-10 04:14:18,609 - INFO - Loaded HPO parameters
2025-05-10 04:14:18,610 - INFO - Preparing datasets...
2025-05-10 04:14:21,562 - INFO - Prepared datasets: 583 train & 1000 validation samples
2025-05-10 04:14:21,562 - INFO - Initializing model...
2025-05-10 04:14:21,565 - INFO - Fitting model...
2025-05-10 04:16:02,592 - INFO - Saved weights to /s/ls4/users/selibrin/spiking_researches/correlation_encoding_and_training/mnist/hpo/single_spk_input_multi_spk_output/hpo_data/hpo_iteration_data/4339499/estimator_1_neuron_9_weights.npy
2025-05-10 04:16:02,592 - INFO - Evaluating model...
2025-05-10 04:18:48,546 - INFO - Saved validation outputs to /s/ls4/users/selibrin/spiking_researches/correlation_encoding_and_training/mnist/hpo/single_spk_input_multi_spk_output/hpo_data/hpo_iteration_data/4339499/estimator_1_neuron_9_validation_outputs.npy
2025-05-10 04:18:48,546 - INFO - Waiting for parameters file: /s/ls4/users/selibrin/spiking_researches/correlation_encoding_and_training/mnist/hpo/single_spk_input_multi_spk_output/hpo_data/hpo_iteration_data/4339499/params_1_9.pkl
2025-05-10 04:19:23,587 - INFO - Loaded HPO parameters
2025-05-10 04:19:23,587 - INFO - Preparing datasets...
2025-05-10 04:19:26,624 - INFO - Prepared datasets: 1166 train & 1000 validation samples
2025-05-10 04:19:26,625 - INFO - Initializing model...
2025-05-10 04:19:26,627 - INFO - Fitting model...
2025-05-10 04:22:43,538 - INFO - Saved weights to /s/ls4/users/selibrin/spiking_researches/correlation_encoding_and_training/mnist/hpo/single_spk_input_multi_spk_output/hpo_data/hpo_iteration_data/4339499/estimator_1_neuron_9_weights.npy
2025-05-10 04:22:43,539 - INFO - Evaluating model...
2025-05-10 04:25:28,666 - INFO - Saved validation outputs to /s/ls4/users/selibrin/spiking_researches/correlation_encoding_and_training/mnist/hpo/single_spk_input_multi_spk_output/hpo_data/hpo_iteration_data/4339499/estimator_1_neuron_9_validation_outputs.npy
2025-05-10 04:25:28,666 - INFO - Waiting for parameters file: /s/ls4/users/selibrin/spiking_researches/correlation_encoding_and_training/mnist/hpo/single_spk_input_multi_spk_output/hpo_data/hpo_iteration_data/4339499/params_1_9.pkl
2025-05-10 04:25:58,702 - INFO - Loaded HPO parameters
2025-05-10 04:25:58,702 - INFO - Preparing datasets...
2025-05-10 04:26:01,878 - INFO - Prepared datasets: 583 train & 1000 validation samples
2025-05-10 04:26:01,879 - INFO - Initializing model...
2025-05-10 04:26:01,881 - INFO - Fitting model...
2025-05-10 04:27:41,705 - INFO - Saved weights to /s/ls4/users/selibrin/spiking_researches/correlation_encoding_and_training/mnist/hpo/single_spk_input_multi_spk_output/hpo_data/hpo_iteration_data/4339499/estimator_1_neuron_9_weights.npy
2025-05-10 04:27:41,705 - INFO - Evaluating model...
2025-05-10 04:30:25,221 - INFO - Saved validation outputs to /s/ls4/users/selibrin/spiking_researches/correlation_encoding_and_training/mnist/hpo/single_spk_input_multi_spk_output/hpo_data/hpo_iteration_data/4339499/estimator_1_neuron_9_validation_outputs.npy
2025-05-10 04:30:25,221 - INFO - Waiting for parameters file: /s/ls4/users/selibrin/spiking_researches/correlation_encoding_and_training/mnist/hpo/single_spk_input_multi_spk_output/hpo_data/hpo_iteration_data/4339499/params_1_9.pkl
2025-05-10 04:31:05,286 - INFO - Loaded HPO parameters
2025-05-10 04:31:05,286 - INFO - Preparing datasets...
2025-05-10 04:31:08,207 - INFO - Prepared datasets: 291 train & 1000 validation samples
2025-05-10 04:31:08,208 - INFO - Initializing model...
2025-05-10 04:31:08,210 - INFO - Fitting model...
2025-05-10 04:31:57,434 - INFO - Saved weights to /s/ls4/users/selibrin/spiking_researches/correlation_encoding_and_training/mnist/hpo/single_spk_input_multi_spk_output/hpo_data/hpo_iteration_data/4339499/estimator_1_neuron_9_weights.npy
2025-05-10 04:31:57,435 - INFO - Evaluating model...
2025-05-10 04:34:39,887 - INFO - Saved validation outputs to /s/ls4/users/selibrin/spiking_researches/correlation_encoding_and_training/mnist/hpo/single_spk_input_multi_spk_output/hpo_data/hpo_iteration_data/4339499/estimator_1_neuron_9_validation_outputs.npy
2025-05-10 04:34:39,887 - INFO - Waiting for parameters file: /s/ls4/users/selibrin/spiking_researches/correlation_encoding_and_training/mnist/hpo/single_spk_input_multi_spk_output/hpo_data/hpo_iteration_data/4339499/params_1_9.pkl
2025-05-10 04:35:09,923 - INFO - Loaded HPO parameters
2025-05-10 04:35:09,923 - INFO - Preparing datasets...
2025-05-10 04:35:12,878 - INFO - Prepared datasets: 583 train & 1000 validation samples
2025-05-10 04:35:12,878 - INFO - Initializing model...
2025-05-10 04:35:12,881 - INFO - Fitting model...
2025-05-10 04:36:53,168 - INFO - Saved weights to /s/ls4/users/selibrin/spiking_researches/correlation_encoding_and_training/mnist/hpo/single_spk_input_multi_spk_output/hpo_data/hpo_iteration_data/4339499/estimator_1_neuron_9_weights.npy
2025-05-10 04:36:53,168 - INFO - Evaluating model...
2025-05-10 04:39:37,152 - INFO - Saved validation outputs to /s/ls4/users/selibrin/spiking_researches/correlation_encoding_and_training/mnist/hpo/single_spk_input_multi_spk_output/hpo_data/hpo_iteration_data/4339499/estimator_1_neuron_9_validation_outputs.npy
2025-05-10 04:39:37,153 - INFO - Waiting for parameters file: /s/ls4/users/selibrin/spiking_researches/correlation_encoding_and_training/mnist/hpo/single_spk_input_multi_spk_output/hpo_data/hpo_iteration_data/4339499/params_1_9.pkl
2025-05-10 04:40:17,259 - INFO - Loaded HPO parameters
2025-05-10 04:40:17,259 - INFO - Preparing datasets...
2025-05-10 04:40:20,181 - INFO - Prepared datasets: 583 train & 1000 validation samples
2025-05-10 04:40:20,181 - INFO - Initializing model...
2025-05-10 04:40:20,184 - INFO - Fitting model...
2025-05-10 04:42:00,102 - INFO - Saved weights to /s/ls4/users/selibrin/spiking_researches/correlation_encoding_and_training/mnist/hpo/single_spk_input_multi_spk_output/hpo_data/hpo_iteration_data/4339499/estimator_1_neuron_9_weights.npy
2025-05-10 04:42:00,102 - INFO - Evaluating model...
2025-05-10 04:44:45,064 - INFO - Saved validation outputs to /s/ls4/users/selibrin/spiking_researches/correlation_encoding_and_training/mnist/hpo/single_spk_input_multi_spk_output/hpo_data/hpo_iteration_data/4339499/estimator_1_neuron_9_validation_outputs.npy
2025-05-10 04:44:45,064 - INFO - Waiting for parameters file: /s/ls4/users/selibrin/spiking_researches/correlation_encoding_and_training/mnist/hpo/single_spk_input_multi_spk_output/hpo_data/hpo_iteration_data/4339499/params_1_9.pkl
2025-05-10 04:45:20,105 - INFO - Loaded HPO parameters
2025-05-10 04:45:20,106 - INFO - Preparing datasets...
2025-05-10 04:45:23,013 - INFO - Prepared datasets: 1166 train & 1000 validation samples
2025-05-10 04:45:23,013 - INFO - Initializing model...
2025-05-10 04:45:23,015 - INFO - Fitting model...
2025-05-10 04:48:42,942 - INFO - Saved weights to /s/ls4/users/selibrin/spiking_researches/correlation_encoding_and_training/mnist/hpo/single_spk_input_multi_spk_output/hpo_data/hpo_iteration_data/4339499/estimator_1_neuron_9_weights.npy
2025-05-10 04:48:42,943 - INFO - Evaluating model...
2025-05-10 04:51:28,236 - INFO - Saved validation outputs to /s/ls4/users/selibrin/spiking_researches/correlation_encoding_and_training/mnist/hpo/single_spk_input_multi_spk_output/hpo_data/hpo_iteration_data/4339499/estimator_1_neuron_9_validation_outputs.npy
2025-05-10 04:51:28,236 - INFO - Waiting for parameters file: /s/ls4/users/selibrin/spiking_researches/correlation_encoding_and_training/mnist/hpo/single_spk_input_multi_spk_output/hpo_data/hpo_iteration_data/4339499/params_1_9.pkl
2025-05-10 04:51:58,272 - INFO - Loaded HPO parameters
2025-05-10 04:51:58,272 - INFO - Preparing datasets...
2025-05-10 04:52:01,118 - INFO - Prepared datasets: 583 train & 1000 validation samples
2025-05-10 04:52:01,118 - INFO - Initializing model...
2025-05-10 04:52:01,120 - INFO - Fitting model...
2025-05-10 04:53:38,668 - INFO - Saved weights to /s/ls4/users/selibrin/spiking_researches/correlation_encoding_and_training/mnist/hpo/single_spk_input_multi_spk_output/hpo_data/hpo_iteration_data/4339499/estimator_1_neuron_9_weights.npy
2025-05-10 04:53:38,669 - INFO - Evaluating model...
2025-05-10 04:56:21,395 - INFO - Saved validation outputs to /s/ls4/users/selibrin/spiking_researches/correlation_encoding_and_training/mnist/hpo/single_spk_input_multi_spk_output/hpo_data/hpo_iteration_data/4339499/estimator_1_neuron_9_validation_outputs.npy
2025-05-10 04:56:21,395 - INFO - Waiting for parameters file: /s/ls4/users/selibrin/spiking_researches/correlation_encoding_and_training/mnist/hpo/single_spk_input_multi_spk_output/hpo_data/hpo_iteration_data/4339499/params_1_9.pkl
2025-05-10 04:57:01,441 - INFO - Loaded HPO parameters
2025-05-10 04:57:01,442 - INFO - Preparing datasets...
2025-05-10 04:57:04,389 - INFO - Prepared datasets: 583 train & 1000 validation samples
2025-05-10 04:57:04,389 - INFO - Initializing model...
2025-05-10 04:57:04,392 - INFO - Fitting model...
2025-05-10 04:58:44,986 - INFO - Saved weights to /s/ls4/users/selibrin/spiking_researches/correlation_encoding_and_training/mnist/hpo/single_spk_input_multi_spk_output/hpo_data/hpo_iteration_data/4339499/estimator_1_neuron_9_weights.npy
2025-05-10 04:58:44,987 - INFO - Evaluating model...
2025-05-10 05:01:27,977 - INFO - Saved validation outputs to /s/ls4/users/selibrin/spiking_researches/correlation_encoding_and_training/mnist/hpo/single_spk_input_multi_spk_output/hpo_data/hpo_iteration_data/4339499/estimator_1_neuron_9_validation_outputs.npy
2025-05-10 05:01:27,978 - INFO - Waiting for parameters file: /s/ls4/users/selibrin/spiking_researches/correlation_encoding_and_training/mnist/hpo/single_spk_input_multi_spk_output/hpo_data/hpo_iteration_data/4339499/params_1_9.pkl
2025-05-10 05:02:08,025 - INFO - Loaded HPO parameters
2025-05-10 05:02:08,025 - INFO - Preparing datasets...
2025-05-10 05:02:10,913 - INFO - Prepared datasets: 291 train & 1000 validation samples
2025-05-10 05:02:10,913 - INFO - Initializing model...
2025-05-10 05:02:10,915 - INFO - Fitting model...
2025-05-10 05:03:00,544 - INFO - Saved weights to /s/ls4/users/selibrin/spiking_researches/correlation_encoding_and_training/mnist/hpo/single_spk_input_multi_spk_output/hpo_data/hpo_iteration_data/4339499/estimator_1_neuron_9_weights.npy
2025-05-10 05:03:00,545 - INFO - Evaluating model...
2025-05-10 05:05:44,056 - INFO - Saved validation outputs to /s/ls4/users/selibrin/spiking_researches/correlation_encoding_and_training/mnist/hpo/single_spk_input_multi_spk_output/hpo_data/hpo_iteration_data/4339499/estimator_1_neuron_9_validation_outputs.npy
2025-05-10 05:05:44,056 - INFO - Waiting for parameters file: /s/ls4/users/selibrin/spiking_researches/correlation_encoding_and_training/mnist/hpo/single_spk_input_multi_spk_output/hpo_data/hpo_iteration_data/4339499/params_1_9.pkl
2025-05-10 05:06:14,092 - INFO - Loaded HPO parameters
2025-05-10 05:06:14,092 - INFO - Preparing datasets...
2025-05-10 05:06:17,103 - INFO - Prepared datasets: 583 train & 1000 validation samples
2025-05-10 05:06:17,103 - INFO - Initializing model...
2025-05-10 05:06:17,105 - INFO - Fitting model...
2025-05-10 05:07:56,010 - INFO - Saved weights to /s/ls4/users/selibrin/spiking_researches/correlation_encoding_and_training/mnist/hpo/single_spk_input_multi_spk_output/hpo_data/hpo_iteration_data/4339499/estimator_1_neuron_9_weights.npy
2025-05-10 05:07:56,010 - INFO - Evaluating model...
2025-05-10 05:10:38,466 - INFO - Saved validation outputs to /s/ls4/users/selibrin/spiking_researches/correlation_encoding_and_training/mnist/hpo/single_spk_input_multi_spk_output/hpo_data/hpo_iteration_data/4339499/estimator_1_neuron_9_validation_outputs.npy
2025-05-10 05:10:38,467 - INFO - Waiting for parameters file: /s/ls4/users/selibrin/spiking_researches/correlation_encoding_and_training/mnist/hpo/single_spk_input_multi_spk_output/hpo_data/hpo_iteration_data/4339499/params_1_9.pkl
2025-05-10 05:11:18,513 - INFO - Loaded HPO parameters
2025-05-10 05:11:18,513 - INFO - Preparing datasets...
2025-05-10 05:11:21,394 - INFO - Prepared datasets: 583 train & 1000 validation samples
2025-05-10 05:11:21,394 - INFO - Initializing model...
2025-05-10 05:11:21,396 - INFO - Fitting model...
2025-05-10 05:13:00,588 - INFO - Saved weights to /s/ls4/users/selibrin/spiking_researches/correlation_encoding_and_training/mnist/hpo/single_spk_input_multi_spk_output/hpo_data/hpo_iteration_data/4339499/estimator_1_neuron_9_weights.npy
2025-05-10 05:13:00,588 - INFO - Evaluating model...
2025-05-10 05:15:42,115 - INFO - Saved validation outputs to /s/ls4/users/selibrin/spiking_researches/correlation_encoding_and_training/mnist/hpo/single_spk_input_multi_spk_output/hpo_data/hpo_iteration_data/4339499/estimator_1_neuron_9_validation_outputs.npy
2025-05-10 05:15:42,116 - INFO - Waiting for parameters file: /s/ls4/users/selibrin/spiking_researches/correlation_encoding_and_training/mnist/hpo/single_spk_input_multi_spk_output/hpo_data/hpo_iteration_data/4339499/params_1_9.pkl
2025-05-10 05:16:22,162 - INFO - Loaded HPO parameters
2025-05-10 05:16:22,162 - INFO - Preparing datasets...
2025-05-10 05:16:25,738 - INFO - Prepared datasets: 1166 train & 1000 validation samples
2025-05-10 05:16:25,739 - INFO - Initializing model...
2025-05-10 05:16:25,744 - INFO - Fitting model...
2025-05-10 05:19:47,403 - INFO - Saved weights to /s/ls4/users/selibrin/spiking_researches/correlation_encoding_and_training/mnist/hpo/single_spk_input_multi_spk_output/hpo_data/hpo_iteration_data/4339499/estimator_1_neuron_9_weights.npy
2025-05-10 05:19:47,403 - INFO - Evaluating model...
2025-05-10 05:22:34,738 - INFO - Saved validation outputs to /s/ls4/users/selibrin/spiking_researches/correlation_encoding_and_training/mnist/hpo/single_spk_input_multi_spk_output/hpo_data/hpo_iteration_data/4339499/estimator_1_neuron_9_validation_outputs.npy
2025-05-10 05:22:34,738 - INFO - Waiting for parameters file: /s/ls4/users/selibrin/spiking_researches/correlation_encoding_and_training/mnist/hpo/single_spk_input_multi_spk_output/hpo_data/hpo_iteration_data/4339499/params_1_9.pkl
2025-05-10 05:22:59,769 - INFO - Loaded HPO parameters
2025-05-10 05:22:59,770 - INFO - Preparing datasets...
2025-05-10 05:23:02,744 - INFO - Prepared datasets: 583 train & 1000 validation samples
2025-05-10 05:23:02,744 - INFO - Initializing model...
2025-05-10 05:23:02,747 - INFO - Fitting model...
2025-05-10 05:24:42,453 - INFO - Saved weights to /s/ls4/users/selibrin/spiking_researches/correlation_encoding_and_training/mnist/hpo/single_spk_input_multi_spk_output/hpo_data/hpo_iteration_data/4339499/estimator_1_neuron_9_weights.npy
2025-05-10 05:24:42,453 - INFO - Evaluating model...
2025-05-10 05:27:24,512 - INFO - Saved validation outputs to /s/ls4/users/selibrin/spiking_researches/correlation_encoding_and_training/mnist/hpo/single_spk_input_multi_spk_output/hpo_data/hpo_iteration_data/4339499/estimator_1_neuron_9_validation_outputs.npy
2025-05-10 05:27:24,512 - INFO - Waiting for parameters file: /s/ls4/users/selibrin/spiking_researches/correlation_encoding_and_training/mnist/hpo/single_spk_input_multi_spk_output/hpo_data/hpo_iteration_data/4339499/params_1_9.pkl
2025-05-10 05:28:04,559 - INFO - Loaded HPO parameters
2025-05-10 05:28:04,560 - INFO - Preparing datasets...
2025-05-10 05:28:07,484 - INFO - Prepared datasets: 583 train & 1000 validation samples
2025-05-10 05:28:07,484 - INFO - Initializing model...
2025-05-10 05:28:07,487 - INFO - Fitting model...
2025-05-10 05:29:46,844 - INFO - Saved weights to /s/ls4/users/selibrin/spiking_researches/correlation_encoding_and_training/mnist/hpo/single_spk_input_multi_spk_output/hpo_data/hpo_iteration_data/4339499/estimator_1_neuron_9_weights.npy
2025-05-10 05:29:46,844 - INFO - Evaluating model...
2025-05-10 05:32:31,860 - INFO - Saved validation outputs to /s/ls4/users/selibrin/spiking_researches/correlation_encoding_and_training/mnist/hpo/single_spk_input_multi_spk_output/hpo_data/hpo_iteration_data/4339499/estimator_1_neuron_9_validation_outputs.npy
2025-05-10 05:32:31,860 - INFO - Waiting for parameters file: /s/ls4/users/selibrin/spiking_researches/correlation_encoding_and_training/mnist/hpo/single_spk_input_multi_spk_output/hpo_data/hpo_iteration_data/4339499/params_1_9.pkl
2025-05-10 05:33:11,908 - INFO - Loaded HPO parameters
2025-05-10 05:33:11,908 - INFO - Preparing datasets...
2025-05-10 05:33:14,841 - INFO - Prepared datasets: 291 train & 1000 validation samples
2025-05-10 05:33:14,841 - INFO - Initializing model...
2025-05-10 05:33:14,843 - INFO - Fitting model...
2025-05-10 05:34:05,006 - INFO - Saved weights to /s/ls4/users/selibrin/spiking_researches/correlation_encoding_and_training/mnist/hpo/single_spk_input_multi_spk_output/hpo_data/hpo_iteration_data/4339499/estimator_1_neuron_9_weights.npy
2025-05-10 05:34:05,006 - INFO - Evaluating model...
2025-05-10 05:36:48,415 - INFO - Saved validation outputs to /s/ls4/users/selibrin/spiking_researches/correlation_encoding_and_training/mnist/hpo/single_spk_input_multi_spk_output/hpo_data/hpo_iteration_data/4339499/estimator_1_neuron_9_validation_outputs.npy
2025-05-10 05:36:48,415 - INFO - Waiting for parameters file: /s/ls4/users/selibrin/spiking_researches/correlation_encoding_and_training/mnist/hpo/single_spk_input_multi_spk_output/hpo_data/hpo_iteration_data/4339499/params_1_9.pkl
2025-05-10 05:37:13,467 - INFO - Loaded HPO parameters
2025-05-10 05:37:13,467 - INFO - Preparing datasets...
2025-05-10 05:37:16,578 - INFO - Prepared datasets: 583 train & 1000 validation samples
2025-05-10 05:37:16,579 - INFO - Initializing model...
2025-05-10 05:37:16,581 - INFO - Fitting model...
2025-05-10 05:38:56,663 - INFO - Saved weights to /s/ls4/users/selibrin/spiking_researches/correlation_encoding_and_training/mnist/hpo/single_spk_input_multi_spk_output/hpo_data/hpo_iteration_data/4339499/estimator_1_neuron_9_weights.npy
2025-05-10 05:38:56,663 - INFO - Evaluating model...
2025-05-10 05:41:43,013 - INFO - Saved validation outputs to /s/ls4/users/selibrin/spiking_researches/correlation_encoding_and_training/mnist/hpo/single_spk_input_multi_spk_output/hpo_data/hpo_iteration_data/4339499/estimator_1_neuron_9_validation_outputs.npy
2025-05-10 05:41:43,013 - INFO - Waiting for parameters file: /s/ls4/users/selibrin/spiking_researches/correlation_encoding_and_training/mnist/hpo/single_spk_input_multi_spk_output/hpo_data/hpo_iteration_data/4339499/params_1_9.pkl
2025-05-10 05:42:23,061 - INFO - Loaded HPO parameters
2025-05-10 05:42:23,061 - INFO - Preparing datasets...
2025-05-10 05:42:25,996 - INFO - Prepared datasets: 1166 train & 1000 validation samples
2025-05-10 05:42:25,996 - INFO - Initializing model...
2025-05-10 05:42:25,998 - INFO - Fitting model...
2025-05-10 05:45:44,970 - INFO - Saved weights to /s/ls4/users/selibrin/spiking_researches/correlation_encoding_and_training/mnist/hpo/single_spk_input_multi_spk_output/hpo_data/hpo_iteration_data/4339499/estimator_1_neuron_9_weights.npy
2025-05-10 05:45:44,970 - INFO - Evaluating model...
2025-05-10 05:48:34,071 - INFO - Saved validation outputs to /s/ls4/users/selibrin/spiking_researches/correlation_encoding_and_training/mnist/hpo/single_spk_input_multi_spk_output/hpo_data/hpo_iteration_data/4339499/estimator_1_neuron_9_validation_outputs.npy
2025-05-10 05:48:34,071 - INFO - Waiting for parameters file: /s/ls4/users/selibrin/spiking_researches/correlation_encoding_and_training/mnist/hpo/single_spk_input_multi_spk_output/hpo_data/hpo_iteration_data/4339499/params_1_9.pkl
2025-05-10 05:48:54,097 - INFO - Loaded HPO parameters
2025-05-10 05:48:54,097 - INFO - Preparing datasets...
2025-05-10 05:48:57,336 - INFO - Prepared datasets: 583 train & 1000 validation samples
2025-05-10 05:48:57,337 - INFO - Initializing model...
2025-05-10 05:48:57,339 - INFO - Fitting model...
2025-05-10 05:50:37,656 - INFO - Saved weights to /s/ls4/users/selibrin/spiking_researches/correlation_encoding_and_training/mnist/hpo/single_spk_input_multi_spk_output/hpo_data/hpo_iteration_data/4339499/estimator_1_neuron_9_weights.npy
2025-05-10 05:50:37,656 - INFO - Evaluating model...
2025-05-10 05:53:21,876 - INFO - Saved validation outputs to /s/ls4/users/selibrin/spiking_researches/correlation_encoding_and_training/mnist/hpo/single_spk_input_multi_spk_output/hpo_data/hpo_iteration_data/4339499/estimator_1_neuron_9_validation_outputs.npy
2025-05-10 05:53:21,876 - INFO - Waiting for parameters file: /s/ls4/users/selibrin/spiking_researches/correlation_encoding_and_training/mnist/hpo/single_spk_input_multi_spk_output/hpo_data/hpo_iteration_data/4339499/params_1_9.pkl
2025-05-10 05:54:01,924 - INFO - Loaded HPO parameters
2025-05-10 05:54:01,924 - INFO - Preparing datasets...
2025-05-10 05:54:04,951 - INFO - Prepared datasets: 583 train & 1000 validation samples
2025-05-10 05:54:04,951 - INFO - Initializing model...
2025-05-10 05:54:04,953 - INFO - Fitting model...
2025-05-10 05:55:45,708 - INFO - Saved weights to /s/ls4/users/selibrin/spiking_researches/correlation_encoding_and_training/mnist/hpo/single_spk_input_multi_spk_output/hpo_data/hpo_iteration_data/4339499/estimator_1_neuron_9_weights.npy
2025-05-10 05:55:45,709 - INFO - Evaluating model...
2025-05-10 05:58:30,527 - INFO - Saved validation outputs to /s/ls4/users/selibrin/spiking_researches/correlation_encoding_and_training/mnist/hpo/single_spk_input_multi_spk_output/hpo_data/hpo_iteration_data/4339499/estimator_1_neuron_9_validation_outputs.npy
2025-05-10 05:58:30,528 - INFO - Waiting for parameters file: /s/ls4/users/selibrin/spiking_researches/correlation_encoding_and_training/mnist/hpo/single_spk_input_multi_spk_output/hpo_data/hpo_iteration_data/4339499/params_1_9.pkl
2025-05-10 05:59:05,569 - INFO - Loaded HPO parameters
2025-05-10 05:59:05,569 - INFO - Preparing datasets...
2025-05-10 05:59:08,881 - INFO - Prepared datasets: 291 train & 1000 validation samples
2025-05-10 05:59:08,882 - INFO - Initializing model...
2025-05-10 05:59:08,884 - INFO - Fitting model...
2025-05-10 05:59:59,189 - INFO - Saved weights to /s/ls4/users/selibrin/spiking_researches/correlation_encoding_and_training/mnist/hpo/single_spk_input_multi_spk_output/hpo_data/hpo_iteration_data/4339499/estimator_1_neuron_9_weights.npy
2025-05-10 05:59:59,189 - INFO - Evaluating model...
2025-05-10 06:02:45,356 - INFO - Saved validation outputs to /s/ls4/users/selibrin/spiking_researches/correlation_encoding_and_training/mnist/hpo/single_spk_input_multi_spk_output/hpo_data/hpo_iteration_data/4339499/estimator_1_neuron_9_validation_outputs.npy
2025-05-10 06:02:45,356 - INFO - Waiting for parameters file: /s/ls4/users/selibrin/spiking_researches/correlation_encoding_and_training/mnist/hpo/single_spk_input_multi_spk_output/hpo_data/hpo_iteration_data/4339499/params_1_9.pkl
2025-05-10 06:03:10,388 - INFO - Loaded HPO parameters
2025-05-10 06:03:10,388 - INFO - Preparing datasets...
2025-05-10 06:03:13,760 - INFO - Prepared datasets: 583 train & 1000 validation samples
2025-05-10 06:03:13,761 - INFO - Initializing model...
2025-05-10 06:03:13,763 - INFO - Fitting model...
2025-05-10 06:04:55,320 - INFO - Saved weights to /s/ls4/users/selibrin/spiking_researches/correlation_encoding_and_training/mnist/hpo/single_spk_input_multi_spk_output/hpo_data/hpo_iteration_data/4339499/estimator_1_neuron_9_weights.npy
2025-05-10 06:04:55,320 - INFO - Evaluating model...
2025-05-10 06:07:42,964 - INFO - Saved validation outputs to /s/ls4/users/selibrin/spiking_researches/correlation_encoding_and_training/mnist/hpo/single_spk_input_multi_spk_output/hpo_data/hpo_iteration_data/4339499/estimator_1_neuron_9_validation_outputs.npy
2025-05-10 06:07:42,965 - INFO - Waiting for parameters file: /s/ls4/users/selibrin/spiking_researches/correlation_encoding_and_training/mnist/hpo/single_spk_input_multi_spk_output/hpo_data/hpo_iteration_data/4339499/params_1_9.pkl
2025-05-10 06:08:18,006 - INFO - Loaded HPO parameters
2025-05-10 06:08:18,006 - INFO - Preparing datasets...
2025-05-10 06:08:21,037 - INFO - Prepared datasets: 583 train & 1000 validation samples
2025-05-10 06:08:21,037 - INFO - Initializing model...
2025-05-10 06:08:21,039 - INFO - Fitting model...
2025-05-10 06:10:02,040 - INFO - Saved weights to /s/ls4/users/selibrin/spiking_researches/correlation_encoding_and_training/mnist/hpo/single_spk_input_multi_spk_output/hpo_data/hpo_iteration_data/4339499/estimator_1_neuron_9_weights.npy
2025-05-10 06:10:02,040 - INFO - Evaluating model...
2025-05-10 06:12:47,686 - INFO - Saved validation outputs to /s/ls4/users/selibrin/spiking_researches/correlation_encoding_and_training/mnist/hpo/single_spk_input_multi_spk_output/hpo_data/hpo_iteration_data/4339499/estimator_1_neuron_9_validation_outputs.npy
2025-05-10 06:12:47,686 - INFO - Waiting for parameters file: /s/ls4/users/selibrin/spiking_researches/correlation_encoding_and_training/mnist/hpo/single_spk_input_multi_spk_output/hpo_data/hpo_iteration_data/4339499/params_1_9.pkl
2025-05-10 06:13:22,987 - INFO - Loaded HPO parameters
2025-05-10 06:13:22,988 - INFO - Preparing datasets...
2025-05-10 06:13:26,021 - INFO - Prepared datasets: 1166 train & 1000 validation samples
2025-05-10 06:13:26,022 - INFO - Initializing model...
2025-05-10 06:13:26,024 - INFO - Fitting model...
2025-05-10 06:16:48,484 - INFO - Saved weights to /s/ls4/users/selibrin/spiking_researches/correlation_encoding_and_training/mnist/hpo/single_spk_input_multi_spk_output/hpo_data/hpo_iteration_data/4339499/estimator_1_neuron_9_weights.npy
2025-05-10 06:16:48,484 - INFO - Evaluating model...
2025-05-10 06:19:37,976 - INFO - Saved validation outputs to /s/ls4/users/selibrin/spiking_researches/correlation_encoding_and_training/mnist/hpo/single_spk_input_multi_spk_output/hpo_data/hpo_iteration_data/4339499/estimator_1_neuron_9_validation_outputs.npy
2025-05-10 06:19:37,976 - INFO - Waiting for parameters file: /s/ls4/users/selibrin/spiking_researches/correlation_encoding_and_training/mnist/hpo/single_spk_input_multi_spk_output/hpo_data/hpo_iteration_data/4339499/params_1_9.pkl
2025-05-10 06:19:58,001 - INFO - Loaded HPO parameters
2025-05-10 06:19:58,001 - INFO - Preparing datasets...
2025-05-10 06:20:01,130 - INFO - Prepared datasets: 583 train & 1000 validation samples
2025-05-10 06:20:01,130 - INFO - Initializing model...
2025-05-10 06:20:01,133 - INFO - Fitting model...
2025-05-10 06:21:43,667 - INFO - Saved weights to /s/ls4/users/selibrin/spiking_researches/correlation_encoding_and_training/mnist/hpo/single_spk_input_multi_spk_output/hpo_data/hpo_iteration_data/4339499/estimator_1_neuron_9_weights.npy
2025-05-10 06:21:43,668 - INFO - Evaluating model...
2025-05-10 06:24:32,993 - INFO - Saved validation outputs to /s/ls4/users/selibrin/spiking_researches/correlation_encoding_and_training/mnist/hpo/single_spk_input_multi_spk_output/hpo_data/hpo_iteration_data/4339499/estimator_1_neuron_9_validation_outputs.npy
2025-05-10 06:24:32,993 - INFO - Waiting for parameters file: /s/ls4/users/selibrin/spiking_researches/correlation_encoding_and_training/mnist/hpo/single_spk_input_multi_spk_output/hpo_data/hpo_iteration_data/4339499/params_1_9.pkl
2025-05-10 06:25:03,030 - INFO - Loaded HPO parameters
2025-05-10 06:25:03,030 - INFO - Preparing datasets...
2025-05-10 06:25:06,476 - INFO - Prepared datasets: 583 train & 1000 validation samples
2025-05-10 06:25:06,476 - INFO - Initializing model...
2025-05-10 06:25:06,478 - INFO - Fitting model...
2025-05-10 06:26:47,036 - INFO - Saved weights to /s/ls4/users/selibrin/spiking_researches/correlation_encoding_and_training/mnist/hpo/single_spk_input_multi_spk_output/hpo_data/hpo_iteration_data/4339499/estimator_1_neuron_9_weights.npy
2025-05-10 06:26:47,036 - INFO - Evaluating model...
2025-05-10 06:29:33,082 - INFO - Saved validation outputs to /s/ls4/users/selibrin/spiking_researches/correlation_encoding_and_training/mnist/hpo/single_spk_input_multi_spk_output/hpo_data/hpo_iteration_data/4339499/estimator_1_neuron_9_validation_outputs.npy
2025-05-10 06:29:33,082 - INFO - Waiting for parameters file: /s/ls4/users/selibrin/spiking_researches/correlation_encoding_and_training/mnist/hpo/single_spk_input_multi_spk_output/hpo_data/hpo_iteration_data/4339499/params_1_9.pkl
2025-05-10 06:30:08,124 - INFO - Loaded HPO parameters
2025-05-10 06:30:08,124 - INFO - Preparing datasets...
2025-05-10 06:30:11,175 - INFO - Prepared datasets: 291 train & 1000 validation samples
2025-05-10 06:30:11,175 - INFO - Initializing model...
2025-05-10 06:30:11,178 - INFO - Fitting model...
2025-05-10 06:31:02,725 - INFO - Saved weights to /s/ls4/users/selibrin/spiking_researches/correlation_encoding_and_training/mnist/hpo/single_spk_input_multi_spk_output/hpo_data/hpo_iteration_data/4339499/estimator_1_neuron_9_weights.npy
2025-05-10 06:31:02,725 - INFO - Evaluating model...
2025-05-10 06:33:51,636 - INFO - Saved validation outputs to /s/ls4/users/selibrin/spiking_researches/correlation_encoding_and_training/mnist/hpo/single_spk_input_multi_spk_output/hpo_data/hpo_iteration_data/4339499/estimator_1_neuron_9_validation_outputs.npy
2025-05-10 06:33:51,636 - INFO - Waiting for parameters file: /s/ls4/users/selibrin/spiking_researches/correlation_encoding_and_training/mnist/hpo/single_spk_input_multi_spk_output/hpo_data/hpo_iteration_data/4339499/params_1_9.pkl
2025-05-10 06:34:11,662 - INFO - Loaded HPO parameters
2025-05-10 06:34:11,662 - INFO - Preparing datasets...
2025-05-10 06:34:14,805 - INFO - Prepared datasets: 583 train & 1000 validation samples
2025-05-10 06:34:14,805 - INFO - Initializing model...
2025-05-10 06:34:14,808 - INFO - Fitting model...
2025-05-10 06:35:57,137 - INFO - Saved weights to /s/ls4/users/selibrin/spiking_researches/correlation_encoding_and_training/mnist/hpo/single_spk_input_multi_spk_output/hpo_data/hpo_iteration_data/4339499/estimator_1_neuron_9_weights.npy
2025-05-10 06:35:57,137 - INFO - Evaluating model...
2025-05-10 06:38:47,181 - INFO - Saved validation outputs to /s/ls4/users/selibrin/spiking_researches/correlation_encoding_and_training/mnist/hpo/single_spk_input_multi_spk_output/hpo_data/hpo_iteration_data/4339499/estimator_1_neuron_9_validation_outputs.npy
2025-05-10 06:38:47,181 - INFO - Waiting for parameters file: /s/ls4/users/selibrin/spiking_researches/correlation_encoding_and_training/mnist/hpo/single_spk_input_multi_spk_output/hpo_data/hpo_iteration_data/4339499/params_1_9.pkl
2025-05-10 06:39:17,218 - INFO - Loaded HPO parameters
2025-05-10 06:39:17,218 - INFO - Preparing datasets...
2025-05-10 06:39:20,365 - INFO - Prepared datasets: 583 train & 1000 validation samples
2025-05-10 06:39:20,366 - INFO - Initializing model...
2025-05-10 06:39:20,368 - INFO - Fitting model...
2025-05-10 06:41:01,436 - INFO - Saved weights to /s/ls4/users/selibrin/spiking_researches/correlation_encoding_and_training/mnist/hpo/single_spk_input_multi_spk_output/hpo_data/hpo_iteration_data/4339499/estimator_1_neuron_9_weights.npy
2025-05-10 06:41:01,436 - INFO - Evaluating model...
2025-05-10 06:43:45,205 - INFO - Saved validation outputs to /s/ls4/users/selibrin/spiking_researches/correlation_encoding_and_training/mnist/hpo/single_spk_input_multi_spk_output/hpo_data/hpo_iteration_data/4339499/estimator_1_neuron_9_validation_outputs.npy
2025-05-10 06:43:45,206 - INFO - Waiting for parameters file: /s/ls4/users/selibrin/spiking_researches/correlation_encoding_and_training/mnist/hpo/single_spk_input_multi_spk_output/hpo_data/hpo_iteration_data/4339499/params_1_9.pkl
2025-05-10 06:44:25,253 - INFO - Loaded HPO parameters
2025-05-10 06:44:25,253 - INFO - Preparing datasets...
2025-05-10 06:44:28,330 - INFO - Prepared datasets: 583 train & 1000 validation samples
2025-05-10 06:44:28,330 - INFO - Initializing model...
2025-05-10 06:44:28,332 - INFO - Fitting model...
2025-05-10 06:46:11,068 - INFO - Saved weights to /s/ls4/users/selibrin/spiking_researches/correlation_encoding_and_training/mnist/hpo/single_spk_input_multi_spk_output/hpo_data/hpo_iteration_data/4339499/estimator_1_neuron_9_weights.npy
2025-05-10 06:46:11,068 - INFO - Evaluating model...
2025-05-10 06:49:00,291 - INFO - Saved validation outputs to /s/ls4/users/selibrin/spiking_researches/correlation_encoding_and_training/mnist/hpo/single_spk_input_multi_spk_output/hpo_data/hpo_iteration_data/4339499/estimator_1_neuron_9_validation_outputs.npy
2025-05-10 06:49:00,292 - INFO - Waiting for parameters file: /s/ls4/users/selibrin/spiking_researches/correlation_encoding_and_training/mnist/hpo/single_spk_input_multi_spk_output/hpo_data/hpo_iteration_data/4339499/params_1_9.pkl
2025-05-10 06:49:30,324 - INFO - Loaded HPO parameters
2025-05-10 06:49:30,324 - INFO - Preparing datasets...
2025-05-10 06:49:33,352 - INFO - Prepared datasets: 1166 train & 1000 validation samples
2025-05-10 06:49:33,352 - INFO - Initializing model...
2025-05-10 06:49:33,355 - INFO - Fitting model...
2025-05-10 06:52:52,109 - INFO - Saved weights to /s/ls4/users/selibrin/spiking_researches/correlation_encoding_and_training/mnist/hpo/single_spk_input_multi_spk_output/hpo_data/hpo_iteration_data/4339499/estimator_1_neuron_9_weights.npy
2025-05-10 06:52:52,110 - INFO - Evaluating model...
2025-05-10 06:55:34,558 - INFO - Saved validation outputs to /s/ls4/users/selibrin/spiking_researches/correlation_encoding_and_training/mnist/hpo/single_spk_input_multi_spk_output/hpo_data/hpo_iteration_data/4339499/estimator_1_neuron_9_validation_outputs.npy
2025-05-10 06:55:34,558 - INFO - Waiting for parameters file: /s/ls4/users/selibrin/spiking_researches/correlation_encoding_and_training/mnist/hpo/single_spk_input_multi_spk_output/hpo_data/hpo_iteration_data/4339499/params_1_9.pkl
2025-05-10 06:56:04,594 - INFO - Loaded HPO parameters
2025-05-10 06:56:04,594 - INFO - Preparing datasets...
2025-05-10 06:56:07,533 - INFO - Prepared datasets: 583 train & 1000 validation samples
2025-05-10 06:56:07,534 - INFO - Initializing model...
2025-05-10 06:56:07,536 - INFO - Fitting model...
2025-05-10 06:57:50,366 - INFO - Saved weights to /s/ls4/users/selibrin/spiking_researches/correlation_encoding_and_training/mnist/hpo/single_spk_input_multi_spk_output/hpo_data/hpo_iteration_data/4339499/estimator_1_neuron_9_weights.npy
2025-05-10 06:57:50,366 - INFO - Evaluating model...
2025-05-10 07:00:35,891 - INFO - Saved validation outputs to /s/ls4/users/selibrin/spiking_researches/correlation_encoding_and_training/mnist/hpo/single_spk_input_multi_spk_output/hpo_data/hpo_iteration_data/4339499/estimator_1_neuron_9_validation_outputs.npy
2025-05-10 07:00:35,891 - INFO - Waiting for parameters file: /s/ls4/users/selibrin/spiking_researches/correlation_encoding_and_training/mnist/hpo/single_spk_input_multi_spk_output/hpo_data/hpo_iteration_data/4339499/params_1_9.pkl
2025-05-10 07:01:10,936 - INFO - Loaded HPO parameters
2025-05-10 07:01:10,936 - INFO - Preparing datasets...
2025-05-10 07:01:14,281 - INFO - Prepared datasets: 291 train & 1000 validation samples
2025-05-10 07:01:14,282 - INFO - Initializing model...
2025-05-10 07:01:14,284 - INFO - Fitting model...
2025-05-10 07:02:04,354 - INFO - Saved weights to /s/ls4/users/selibrin/spiking_researches/correlation_encoding_and_training/mnist/hpo/single_spk_input_multi_spk_output/hpo_data/hpo_iteration_data/4339499/estimator_1_neuron_9_weights.npy
2025-05-10 07:02:04,354 - INFO - Evaluating model...
2025-05-10 07:04:48,322 - INFO - Saved validation outputs to /s/ls4/users/selibrin/spiking_researches/correlation_encoding_and_training/mnist/hpo/single_spk_input_multi_spk_output/hpo_data/hpo_iteration_data/4339499/estimator_1_neuron_9_validation_outputs.npy
2025-05-10 07:04:48,322 - INFO - Waiting for parameters file: /s/ls4/users/selibrin/spiking_researches/correlation_encoding_and_training/mnist/hpo/single_spk_input_multi_spk_output/hpo_data/hpo_iteration_data/4339499/params_1_9.pkl
2025-05-10 07:05:18,358 - INFO - Loaded HPO parameters
2025-05-10 07:05:18,358 - INFO - Preparing datasets...
2025-05-10 07:05:21,494 - INFO - Prepared datasets: 583 train & 1000 validation samples
2025-05-10 07:05:21,494 - INFO - Initializing model...
2025-05-10 07:05:21,496 - INFO - Fitting model...
2025-05-10 07:07:02,080 - INFO - Saved weights to /s/ls4/users/selibrin/spiking_researches/correlation_encoding_and_training/mnist/hpo/single_spk_input_multi_spk_output/hpo_data/hpo_iteration_data/4339499/estimator_1_neuron_9_weights.npy
2025-05-10 07:07:02,081 - INFO - Evaluating model...
2025-05-10 07:09:43,228 - INFO - Saved validation outputs to /s/ls4/users/selibrin/spiking_researches/correlation_encoding_and_training/mnist/hpo/single_spk_input_multi_spk_output/hpo_data/hpo_iteration_data/4339499/estimator_1_neuron_9_validation_outputs.npy
2025-05-10 07:09:43,228 - INFO - Waiting for parameters file: /s/ls4/users/selibrin/spiking_researches/correlation_encoding_and_training/mnist/hpo/single_spk_input_multi_spk_output/hpo_data/hpo_iteration_data/4339499/params_1_9.pkl
2025-05-10 07:10:23,274 - INFO - Loaded HPO parameters
2025-05-10 07:10:23,275 - INFO - Preparing datasets...
2025-05-10 07:10:26,158 - INFO - Prepared datasets: 583 train & 1000 validation samples
2025-05-10 07:10:26,158 - INFO - Initializing model...
2025-05-10 07:10:26,160 - INFO - Fitting model...
2025-05-10 07:12:06,748 - INFO - Saved weights to /s/ls4/users/selibrin/spiking_researches/correlation_encoding_and_training/mnist/hpo/single_spk_input_multi_spk_output/hpo_data/hpo_iteration_data/4339499/estimator_1_neuron_9_weights.npy
2025-05-10 07:12:06,749 - INFO - Evaluating model...
2025-05-10 07:14:47,087 - INFO - Saved validation outputs to /s/ls4/users/selibrin/spiking_researches/correlation_encoding_and_training/mnist/hpo/single_spk_input_multi_spk_output/hpo_data/hpo_iteration_data/4339499/estimator_1_neuron_9_validation_outputs.npy
2025-05-10 07:14:47,087 - INFO - Waiting for parameters file: /s/ls4/users/selibrin/spiking_researches/correlation_encoding_and_training/mnist/hpo/single_spk_input_multi_spk_output/hpo_data/hpo_iteration_data/4339499/params_1_9.pkl
2025-05-10 07:15:27,152 - INFO - Loaded HPO parameters
2025-05-10 07:15:27,152 - INFO - Preparing datasets...
2025-05-10 07:15:30,425 - INFO - Prepared datasets: 583 train & 1000 validation samples
2025-05-10 07:15:30,425 - INFO - Initializing model...
2025-05-10 07:15:30,428 - INFO - Fitting model...
2025-05-10 07:17:11,873 - INFO - Saved weights to /s/ls4/users/selibrin/spiking_researches/correlation_encoding_and_training/mnist/hpo/single_spk_input_multi_spk_output/hpo_data/hpo_iteration_data/4339499/estimator_1_neuron_9_weights.npy
2025-05-10 07:17:11,874 - INFO - Evaluating model...
2025-05-10 07:19:56,430 - INFO - Saved validation outputs to /s/ls4/users/selibrin/spiking_researches/correlation_encoding_and_training/mnist/hpo/single_spk_input_multi_spk_output/hpo_data/hpo_iteration_data/4339499/estimator_1_neuron_9_validation_outputs.npy
2025-05-10 07:19:56,430 - INFO - Waiting for parameters file: /s/ls4/users/selibrin/spiking_researches/correlation_encoding_and_training/mnist/hpo/single_spk_input_multi_spk_output/hpo_data/hpo_iteration_data/4339499/params_1_9.pkl
2025-05-10 07:20:31,474 - INFO - Loaded HPO parameters
2025-05-10 07:20:31,474 - INFO - Preparing datasets...
2025-05-10 07:20:34,483 - INFO - Prepared datasets: 1166 train & 1000 validation samples
2025-05-10 07:20:34,484 - INFO - Initializing model...
2025-05-10 07:20:34,486 - INFO - Fitting model...
2025-05-10 07:23:57,478 - INFO - Saved weights to /s/ls4/users/selibrin/spiking_researches/correlation_encoding_and_training/mnist/hpo/single_spk_input_multi_spk_output/hpo_data/hpo_iteration_data/4339499/estimator_1_neuron_9_weights.npy
2025-05-10 07:23:57,478 - INFO - Evaluating model...
2025-05-10 07:26:41,420 - INFO - Saved validation outputs to /s/ls4/users/selibrin/spiking_researches/correlation_encoding_and_training/mnist/hpo/single_spk_input_multi_spk_output/hpo_data/hpo_iteration_data/4339499/estimator_1_neuron_9_validation_outputs.npy
2025-05-10 07:26:41,420 - INFO - Waiting for parameters file: /s/ls4/users/selibrin/spiking_researches/correlation_encoding_and_training/mnist/hpo/single_spk_input_multi_spk_output/hpo_data/hpo_iteration_data/4339499/params_1_9.pkl
2025-05-10 07:27:06,450 - INFO - Loaded HPO parameters
2025-05-10 07:27:06,451 - INFO - Preparing datasets...
2025-05-10 07:27:09,477 - INFO - Prepared datasets: 583 train & 1000 validation samples
2025-05-10 07:27:09,478 - INFO - Initializing model...
2025-05-10 07:27:09,480 - INFO - Fitting model...
2025-05-10 07:28:48,994 - INFO - Saved weights to /s/ls4/users/selibrin/spiking_researches/correlation_encoding_and_training/mnist/hpo/single_spk_input_multi_spk_output/hpo_data/hpo_iteration_data/4339499/estimator_1_neuron_9_weights.npy
2025-05-10 07:28:48,994 - INFO - Evaluating model...
2025-05-10 07:31:32,214 - INFO - Saved validation outputs to /s/ls4/users/selibrin/spiking_researches/correlation_encoding_and_training/mnist/hpo/single_spk_input_multi_spk_output/hpo_data/hpo_iteration_data/4339499/estimator_1_neuron_9_validation_outputs.npy
2025-05-10 07:31:32,214 - INFO - Waiting for parameters file: /s/ls4/users/selibrin/spiking_researches/correlation_encoding_and_training/mnist/hpo/single_spk_input_multi_spk_output/hpo_data/hpo_iteration_data/4339499/params_1_9.pkl
2025-05-10 07:32:12,261 - INFO - Loaded HPO parameters
2025-05-10 07:32:12,261 - INFO - Preparing datasets...
2025-05-10 07:32:15,203 - INFO - Prepared datasets: 291 train & 1000 validation samples
2025-05-10 07:32:15,204 - INFO - Initializing model...
2025-05-10 07:32:15,206 - INFO - Fitting model...
2025-05-10 07:33:05,753 - INFO - Saved weights to /s/ls4/users/selibrin/spiking_researches/correlation_encoding_and_training/mnist/hpo/single_spk_input_multi_spk_output/hpo_data/hpo_iteration_data/4339499/estimator_1_neuron_9_weights.npy
2025-05-10 07:33:05,753 - INFO - Evaluating model...
2025-05-10 07:35:50,734 - INFO - Saved validation outputs to /s/ls4/users/selibrin/spiking_researches/correlation_encoding_and_training/mnist/hpo/single_spk_input_multi_spk_output/hpo_data/hpo_iteration_data/4339499/estimator_1_neuron_9_validation_outputs.npy
2025-05-10 07:35:50,734 - INFO - Waiting for parameters file: /s/ls4/users/selibrin/spiking_researches/correlation_encoding_and_training/mnist/hpo/single_spk_input_multi_spk_output/hpo_data/hpo_iteration_data/4339499/params_1_9.pkl
2025-05-10 07:36:20,769 - INFO - Loaded HPO parameters
2025-05-10 07:36:20,770 - INFO - Preparing datasets...
2025-05-10 07:36:23,727 - INFO - Prepared datasets: 583 train & 1000 validation samples
2025-05-10 07:36:23,727 - INFO - Initializing model...
2025-05-10 07:36:23,729 - INFO - Fitting model...
2025-05-10 07:38:03,816 - INFO - Saved weights to /s/ls4/users/selibrin/spiking_researches/correlation_encoding_and_training/mnist/hpo/single_spk_input_multi_spk_output/hpo_data/hpo_iteration_data/4339499/estimator_1_neuron_9_weights.npy
2025-05-10 07:38:03,817 - INFO - Evaluating model...
2025-05-10 07:40:46,532 - INFO - Saved validation outputs to /s/ls4/users/selibrin/spiking_researches/correlation_encoding_and_training/mnist/hpo/single_spk_input_multi_spk_output/hpo_data/hpo_iteration_data/4339499/estimator_1_neuron_9_validation_outputs.npy
2025-05-10 07:40:46,532 - INFO - Waiting for parameters file: /s/ls4/users/selibrin/spiking_researches/correlation_encoding_and_training/mnist/hpo/single_spk_input_multi_spk_output/hpo_data/hpo_iteration_data/4339499/params_1_9.pkl
2025-05-10 07:41:26,615 - INFO - Loaded HPO parameters
2025-05-10 07:41:26,615 - INFO - Preparing datasets...
2025-05-10 07:41:29,701 - INFO - Prepared datasets: 583 train & 1000 validation samples
2025-05-10 07:41:29,701 - INFO - Initializing model...
2025-05-10 07:41:29,703 - INFO - Fitting model...
2025-05-10 07:43:11,901 - INFO - Saved weights to /s/ls4/users/selibrin/spiking_researches/correlation_encoding_and_training/mnist/hpo/single_spk_input_multi_spk_output/hpo_data/hpo_iteration_data/4339499/estimator_1_neuron_9_weights.npy
2025-05-10 07:43:11,901 - INFO - Evaluating model...
2025-05-10 07:45:55,984 - INFO - Saved validation outputs to /s/ls4/users/selibrin/spiking_researches/correlation_encoding_and_training/mnist/hpo/single_spk_input_multi_spk_output/hpo_data/hpo_iteration_data/4339499/estimator_1_neuron_9_validation_outputs.npy
2025-05-10 07:45:55,984 - INFO - Waiting for parameters file: /s/ls4/users/selibrin/spiking_researches/correlation_encoding_and_training/mnist/hpo/single_spk_input_multi_spk_output/hpo_data/hpo_iteration_data/4339499/params_1_9.pkl
2025-05-10 07:46:31,027 - INFO - Loaded HPO parameters
2025-05-10 07:46:31,027 - INFO - Preparing datasets...
2025-05-10 07:46:34,013 - INFO - Prepared datasets: 583 train & 1000 validation samples
2025-05-10 07:46:34,013 - INFO - Initializing model...
2025-05-10 07:46:34,015 - INFO - Fitting model...
2025-05-10 07:48:13,090 - INFO - Saved weights to /s/ls4/users/selibrin/spiking_researches/correlation_encoding_and_training/mnist/hpo/single_spk_input_multi_spk_output/hpo_data/hpo_iteration_data/4339499/estimator_1_neuron_9_weights.npy
2025-05-10 07:48:13,090 - INFO - Evaluating model...
2025-05-10 07:50:55,467 - INFO - Saved validation outputs to /s/ls4/users/selibrin/spiking_researches/correlation_encoding_and_training/mnist/hpo/single_spk_input_multi_spk_output/hpo_data/hpo_iteration_data/4339499/estimator_1_neuron_9_validation_outputs.npy
2025-05-10 07:50:55,467 - INFO - Waiting for parameters file: /s/ls4/users/selibrin/spiking_researches/correlation_encoding_and_training/mnist/hpo/single_spk_input_multi_spk_output/hpo_data/hpo_iteration_data/4339499/params_1_9.pkl
2025-05-10 07:51:35,514 - INFO - Loaded HPO parameters
2025-05-10 07:51:35,515 - INFO - Preparing datasets...
2025-05-10 07:51:38,522 - INFO - Prepared datasets: 1166 train & 1000 validation samples
2025-05-10 07:51:38,522 - INFO - Initializing model...
2025-05-10 07:51:38,524 - INFO - Fitting model...
2025-05-10 07:54:58,484 - INFO - Saved weights to /s/ls4/users/selibrin/spiking_researches/correlation_encoding_and_training/mnist/hpo/single_spk_input_multi_spk_output/hpo_data/hpo_iteration_data/4339499/estimator_1_neuron_9_weights.npy
2025-05-10 07:54:58,484 - INFO - Evaluating model...
2025-05-10 07:57:43,132 - INFO - Saved validation outputs to /s/ls4/users/selibrin/spiking_researches/correlation_encoding_and_training/mnist/hpo/single_spk_input_multi_spk_output/hpo_data/hpo_iteration_data/4339499/estimator_1_neuron_9_validation_outputs.npy
2025-05-10 07:57:43,132 - INFO - Waiting for parameters file: /s/ls4/users/selibrin/spiking_researches/correlation_encoding_and_training/mnist/hpo/single_spk_input_multi_spk_output/hpo_data/hpo_iteration_data/4339499/params_1_9.pkl
2025-05-10 07:58:08,184 - INFO - Loaded HPO parameters
2025-05-10 07:58:08,184 - INFO - Preparing datasets...
2025-05-10 07:58:11,167 - INFO - Prepared datasets: 583 train & 1000 validation samples
2025-05-10 07:58:11,172 - INFO - Initializing model...
2025-05-10 07:58:11,174 - INFO - Fitting model...
2025-05-10 07:59:52,585 - INFO - Saved weights to /s/ls4/users/selibrin/spiking_researches/correlation_encoding_and_training/mnist/hpo/single_spk_input_multi_spk_output/hpo_data/hpo_iteration_data/4339499/estimator_1_neuron_9_weights.npy
2025-05-10 07:59:52,585 - INFO - Evaluating model...
2025-05-10 08:02:38,294 - INFO - Saved validation outputs to /s/ls4/users/selibrin/spiking_researches/correlation_encoding_and_training/mnist/hpo/single_spk_input_multi_spk_output/hpo_data/hpo_iteration_data/4339499/estimator_1_neuron_9_validation_outputs.npy
2025-05-10 08:02:38,294 - INFO - Waiting for parameters file: /s/ls4/users/selibrin/spiking_researches/correlation_encoding_and_training/mnist/hpo/single_spk_input_multi_spk_output/hpo_data/hpo_iteration_data/4339499/params_1_9.pkl
2025-05-10 08:03:18,342 - INFO - Loaded HPO parameters
2025-05-10 08:03:18,342 - INFO - Preparing datasets...
2025-05-10 08:03:21,243 - INFO - Prepared datasets: 583 train & 1000 validation samples
2025-05-10 08:03:21,253 - INFO - Initializing model...
2025-05-10 08:03:21,255 - INFO - Fitting model...
2025-05-10 08:05:02,050 - INFO - Saved weights to /s/ls4/users/selibrin/spiking_researches/correlation_encoding_and_training/mnist/hpo/single_spk_input_multi_spk_output/hpo_data/hpo_iteration_data/4339499/estimator_1_neuron_9_weights.npy
2025-05-10 08:05:02,050 - INFO - Evaluating model...
2025-05-10 08:07:49,476 - INFO - Saved validation outputs to /s/ls4/users/selibrin/spiking_researches/correlation_encoding_and_training/mnist/hpo/single_spk_input_multi_spk_output/hpo_data/hpo_iteration_data/4339499/estimator_1_neuron_9_validation_outputs.npy
2025-05-10 08:07:49,476 - INFO - Waiting for parameters file: /s/ls4/users/selibrin/spiking_researches/correlation_encoding_and_training/mnist/hpo/single_spk_input_multi_spk_output/hpo_data/hpo_iteration_data/4339499/params_1_9.pkl
2025-05-10 08:08:19,520 - INFO - Loaded HPO parameters
2025-05-10 08:08:19,521 - INFO - Preparing datasets...
2025-05-10 08:08:22,499 - INFO - Prepared datasets: 291 train & 1000 validation samples
2025-05-10 08:08:22,499 - INFO - Initializing model...
2025-05-10 08:08:22,502 - INFO - Fitting model...
2025-05-10 08:09:12,841 - INFO - Saved weights to /s/ls4/users/selibrin/spiking_researches/correlation_encoding_and_training/mnist/hpo/single_spk_input_multi_spk_output/hpo_data/hpo_iteration_data/4339499/estimator_1_neuron_9_weights.npy
2025-05-10 08:09:12,841 - INFO - Evaluating model...
2025-05-10 08:12:01,030 - INFO - Saved validation outputs to /s/ls4/users/selibrin/spiking_researches/correlation_encoding_and_training/mnist/hpo/single_spk_input_multi_spk_output/hpo_data/hpo_iteration_data/4339499/estimator_1_neuron_9_validation_outputs.npy
2025-05-10 08:12:01,030 - INFO - Waiting for parameters file: /s/ls4/users/selibrin/spiking_researches/correlation_encoding_and_training/mnist/hpo/single_spk_input_multi_spk_output/hpo_data/hpo_iteration_data/4339499/params_1_9.pkl
2025-05-10 08:12:26,062 - INFO - Loaded HPO parameters
2025-05-10 08:12:26,062 - INFO - Preparing datasets...
2025-05-10 08:12:29,174 - INFO - Prepared datasets: 583 train & 1000 validation samples
2025-05-10 08:12:29,175 - INFO - Initializing model...
2025-05-10 08:12:29,178 - INFO - Fitting model...
2025-05-10 08:14:12,623 - INFO - Saved weights to /s/ls4/users/selibrin/spiking_researches/correlation_encoding_and_training/mnist/hpo/single_spk_input_multi_spk_output/hpo_data/hpo_iteration_data/4339499/estimator_1_neuron_9_weights.npy
2025-05-10 08:14:12,623 - INFO - Evaluating model...
2025-05-10 08:16:59,221 - INFO - Saved validation outputs to /s/ls4/users/selibrin/spiking_researches/correlation_encoding_and_training/mnist/hpo/single_spk_input_multi_spk_output/hpo_data/hpo_iteration_data/4339499/estimator_1_neuron_9_validation_outputs.npy
2025-05-10 08:16:59,221 - INFO - Waiting for parameters file: /s/ls4/users/selibrin/spiking_researches/correlation_encoding_and_training/mnist/hpo/single_spk_input_multi_spk_output/hpo_data/hpo_iteration_data/4339499/params_1_9.pkl
2025-05-10 08:17:34,264 - INFO - Loaded HPO parameters
2025-05-10 08:17:34,264 - INFO - Preparing datasets...
2025-05-10 08:17:37,395 - INFO - Prepared datasets: 583 train & 1000 validation samples
2025-05-10 08:17:37,395 - INFO - Initializing model...
2025-05-10 08:17:37,397 - INFO - Fitting model...
2025-05-10 08:19:19,332 - INFO - Saved weights to /s/ls4/users/selibrin/spiking_researches/correlation_encoding_and_training/mnist/hpo/single_spk_input_multi_spk_output/hpo_data/hpo_iteration_data/4339499/estimator_1_neuron_9_weights.npy
2025-05-10 08:19:19,332 - INFO - Evaluating model...
2025-05-10 08:22:09,355 - INFO - Saved validation outputs to /s/ls4/users/selibrin/spiking_researches/correlation_encoding_and_training/mnist/hpo/single_spk_input_multi_spk_output/hpo_data/hpo_iteration_data/4339499/estimator_1_neuron_9_validation_outputs.npy
2025-05-10 08:22:09,355 - INFO - Waiting for parameters file: /s/ls4/users/selibrin/spiking_researches/correlation_encoding_and_training/mnist/hpo/single_spk_input_multi_spk_output/hpo_data/hpo_iteration_data/4339499/params_1_9.pkl
2025-05-10 08:22:39,392 - INFO - Loaded HPO parameters
2025-05-10 08:22:39,392 - INFO - Preparing datasets...
2025-05-10 08:22:42,383 - INFO - Prepared datasets: 1166 train & 1000 validation samples
2025-05-10 08:22:42,387 - INFO - Initializing model...
2025-05-10 08:22:42,390 - INFO - Fitting model...
2025-05-10 08:26:05,115 - INFO - Saved weights to /s/ls4/users/selibrin/spiking_researches/correlation_encoding_and_training/mnist/hpo/single_spk_input_multi_spk_output/hpo_data/hpo_iteration_data/4339499/estimator_1_neuron_9_weights.npy
2025-05-10 08:26:05,115 - INFO - Evaluating model...
2025-05-10 08:28:52,526 - INFO - Saved validation outputs to /s/ls4/users/selibrin/spiking_researches/correlation_encoding_and_training/mnist/hpo/single_spk_input_multi_spk_output/hpo_data/hpo_iteration_data/4339499/estimator_1_neuron_9_validation_outputs.npy
2025-05-10 08:28:52,527 - INFO - Waiting for parameters file: /s/ls4/users/selibrin/spiking_researches/correlation_encoding_and_training/mnist/hpo/single_spk_input_multi_spk_output/hpo_data/hpo_iteration_data/4339499/params_1_9.pkl
2025-05-10 08:29:12,552 - INFO - Loaded HPO parameters
2025-05-10 08:29:12,552 - INFO - Preparing datasets...
2025-05-10 08:29:15,591 - INFO - Prepared datasets: 583 train & 1000 validation samples
2025-05-10 08:29:15,592 - INFO - Initializing model...
2025-05-10 08:29:15,594 - INFO - Fitting model...
2025-05-10 08:30:56,675 - INFO - Saved weights to /s/ls4/users/selibrin/spiking_researches/correlation_encoding_and_training/mnist/hpo/single_spk_input_multi_spk_output/hpo_data/hpo_iteration_data/4339499/estimator_1_neuron_9_weights.npy
2025-05-10 08:30:56,675 - INFO - Evaluating model...
2025-05-10 08:33:44,758 - INFO - Saved validation outputs to /s/ls4/users/selibrin/spiking_researches/correlation_encoding_and_training/mnist/hpo/single_spk_input_multi_spk_output/hpo_data/hpo_iteration_data/4339499/estimator_1_neuron_9_validation_outputs.npy
2025-05-10 08:33:44,759 - INFO - Waiting for parameters file: /s/ls4/users/selibrin/spiking_researches/correlation_encoding_and_training/mnist/hpo/single_spk_input_multi_spk_output/hpo_data/hpo_iteration_data/4339499/params_1_9.pkl
2025-05-10 08:34:20,020 - INFO - Loaded HPO parameters
2025-05-10 08:34:20,021 - INFO - Preparing datasets...
2025-05-10 08:34:23,284 - INFO - Prepared datasets: 583 train & 1000 validation samples
2025-05-10 08:34:23,284 - INFO - Initializing model...
2025-05-10 08:34:23,286 - INFO - Fitting model...
2025-05-10 08:36:01,618 - INFO - Saved weights to /s/ls4/users/selibrin/spiking_researches/correlation_encoding_and_training/mnist/hpo/single_spk_input_multi_spk_output/hpo_data/hpo_iteration_data/4339499/estimator_1_neuron_9_weights.npy
2025-05-10 08:36:01,618 - INFO - Evaluating model...
2025-05-10 08:38:42,907 - INFO - Saved validation outputs to /s/ls4/users/selibrin/spiking_researches/correlation_encoding_and_training/mnist/hpo/single_spk_input_multi_spk_output/hpo_data/hpo_iteration_data/4339499/estimator_1_neuron_9_validation_outputs.npy
2025-05-10 08:38:42,908 - INFO - Waiting for parameters file: /s/ls4/users/selibrin/spiking_researches/correlation_encoding_and_training/mnist/hpo/single_spk_input_multi_spk_output/hpo_data/hpo_iteration_data/4339499/params_1_9.pkl
2025-05-10 08:39:22,959 - INFO - Loaded HPO parameters
2025-05-10 08:39:22,960 - INFO - Preparing datasets...
2025-05-10 08:39:26,017 - INFO - Prepared datasets: 291 train & 1000 validation samples
2025-05-10 08:39:26,017 - INFO - Initializing model...
2025-05-10 08:39:26,023 - INFO - Fitting model...
2025-05-10 08:40:15,751 - INFO - Saved weights to /s/ls4/users/selibrin/spiking_researches/correlation_encoding_and_training/mnist/hpo/single_spk_input_multi_spk_output/hpo_data/hpo_iteration_data/4339499/estimator_1_neuron_9_weights.npy
2025-05-10 08:40:15,751 - INFO - Evaluating model...
2025-05-10 08:43:02,025 - INFO - Saved validation outputs to /s/ls4/users/selibrin/spiking_researches/correlation_encoding_and_training/mnist/hpo/single_spk_input_multi_spk_output/hpo_data/hpo_iteration_data/4339499/estimator_1_neuron_9_validation_outputs.npy
2025-05-10 08:43:02,025 - INFO - Waiting for parameters file: /s/ls4/users/selibrin/spiking_researches/correlation_encoding_and_training/mnist/hpo/single_spk_input_multi_spk_output/hpo_data/hpo_iteration_data/4339499/params_1_9.pkl
2025-05-10 08:43:32,061 - INFO - Loaded HPO parameters
2025-05-10 08:43:32,062 - INFO - Preparing datasets...
2025-05-10 08:43:35,354 - INFO - Prepared datasets: 583 train & 1000 validation samples
2025-05-10 08:43:35,355 - INFO - Initializing model...
2025-05-10 08:43:35,357 - INFO - Fitting model...
2025-05-10 08:45:17,797 - INFO - Saved weights to /s/ls4/users/selibrin/spiking_researches/correlation_encoding_and_training/mnist/hpo/single_spk_input_multi_spk_output/hpo_data/hpo_iteration_data/4339499/estimator_1_neuron_9_weights.npy
2025-05-10 08:45:17,798 - INFO - Evaluating model...
2025-05-10 08:48:08,906 - INFO - Saved validation outputs to /s/ls4/users/selibrin/spiking_researches/correlation_encoding_and_training/mnist/hpo/single_spk_input_multi_spk_output/hpo_data/hpo_iteration_data/4339499/estimator_1_neuron_9_validation_outputs.npy
2025-05-10 08:48:08,906 - INFO - Waiting for parameters file: /s/ls4/users/selibrin/spiking_researches/correlation_encoding_and_training/mnist/hpo/single_spk_input_multi_spk_output/hpo_data/hpo_iteration_data/4339499/params_1_9.pkl
2025-05-10 08:48:34,970 - INFO - Loaded HPO parameters
2025-05-10 08:48:34,970 - INFO - Preparing datasets...
2025-05-10 08:48:37,996 - INFO - Prepared datasets: 583 train & 1000 validation samples
2025-05-10 08:48:37,996 - INFO - Initializing model...
2025-05-10 08:48:37,999 - INFO - Fitting model...
2025-05-10 08:50:18,423 - INFO - Saved weights to /s/ls4/users/selibrin/spiking_researches/correlation_encoding_and_training/mnist/hpo/single_spk_input_multi_spk_output/hpo_data/hpo_iteration_data/4339499/estimator_1_neuron_9_weights.npy
2025-05-10 08:50:18,424 - INFO - Evaluating model...
2025-05-10 08:53:03,617 - INFO - Saved validation outputs to /s/ls4/users/selibrin/spiking_researches/correlation_encoding_and_training/mnist/hpo/single_spk_input_multi_spk_output/hpo_data/hpo_iteration_data/4339499/estimator_1_neuron_9_validation_outputs.npy
2025-05-10 08:53:03,617 - INFO - Waiting for parameters file: /s/ls4/users/selibrin/spiking_researches/correlation_encoding_and_training/mnist/hpo/single_spk_input_multi_spk_output/hpo_data/hpo_iteration_data/4339499/params_1_9.pkl
2025-05-10 08:53:43,688 - INFO - Loaded HPO parameters
2025-05-10 08:53:43,689 - INFO - Preparing datasets...
2025-05-10 08:53:46,753 - INFO - Prepared datasets: 1166 train & 1000 validation samples
2025-05-10 08:53:46,759 - INFO - Initializing model...
2025-05-10 08:53:46,761 - INFO - Fitting model...
2025-05-10 08:57:10,676 - INFO - Saved weights to /s/ls4/users/selibrin/spiking_researches/correlation_encoding_and_training/mnist/hpo/single_spk_input_multi_spk_output/hpo_data/hpo_iteration_data/4339499/estimator_1_neuron_9_weights.npy
2025-05-10 08:57:10,676 - INFO - Evaluating model...
2025-05-10 08:59:59,790 - INFO - Saved validation outputs to /s/ls4/users/selibrin/spiking_researches/correlation_encoding_and_training/mnist/hpo/single_spk_input_multi_spk_output/hpo_data/hpo_iteration_data/4339499/estimator_1_neuron_9_validation_outputs.npy
2025-05-10 08:59:59,791 - INFO - Waiting for parameters file: /s/ls4/users/selibrin/spiking_researches/correlation_encoding_and_training/mnist/hpo/single_spk_input_multi_spk_output/hpo_data/hpo_iteration_data/4339499/params_1_9.pkl
2025-05-10 09:00:14,812 - INFO - Loaded HPO parameters
2025-05-10 09:00:14,812 - INFO - Preparing datasets...
2025-05-10 09:00:18,231 - INFO - Prepared datasets: 583 train & 1000 validation samples
2025-05-10 09:00:18,231 - INFO - Initializing model...
2025-05-10 09:00:18,234 - INFO - Fitting model...
2025-05-10 09:01:57,643 - INFO - Saved weights to /s/ls4/users/selibrin/spiking_researches/correlation_encoding_and_training/mnist/hpo/single_spk_input_multi_spk_output/hpo_data/hpo_iteration_data/4339499/estimator_1_neuron_9_weights.npy
2025-05-10 09:01:57,644 - INFO - Evaluating model...
2025-05-10 09:04:45,581 - INFO - Saved validation outputs to /s/ls4/users/selibrin/spiking_researches/correlation_encoding_and_training/mnist/hpo/single_spk_input_multi_spk_output/hpo_data/hpo_iteration_data/4339499/estimator_1_neuron_9_validation_outputs.npy
2025-05-10 09:04:45,582 - INFO - Waiting for parameters file: /s/ls4/users/selibrin/spiking_researches/correlation_encoding_and_training/mnist/hpo/single_spk_input_multi_spk_output/hpo_data/hpo_iteration_data/4339499/params_1_9.pkl
2025-05-10 09:05:20,624 - INFO - Loaded HPO parameters
2025-05-10 09:05:20,624 - INFO - Preparing datasets...
2025-05-10 09:05:23,880 - INFO - Prepared datasets: 583 train & 1000 validation samples
2025-05-10 09:05:23,881 - INFO - Initializing model...
2025-05-10 09:05:23,884 - INFO - Fitting model...
2025-05-10 09:07:05,713 - INFO - Saved weights to /s/ls4/users/selibrin/spiking_researches/correlation_encoding_and_training/mnist/hpo/single_spk_input_multi_spk_output/hpo_data/hpo_iteration_data/4339499/estimator_1_neuron_9_weights.npy
2025-05-10 09:07:05,713 - INFO - Evaluating model...
2025-05-10 09:09:55,925 - INFO - Saved validation outputs to /s/ls4/users/selibrin/spiking_researches/correlation_encoding_and_training/mnist/hpo/single_spk_input_multi_spk_output/hpo_data/hpo_iteration_data/4339499/estimator_1_neuron_9_validation_outputs.npy
2025-05-10 09:09:55,926 - INFO - Waiting for parameters file: /s/ls4/users/selibrin/spiking_researches/correlation_encoding_and_training/mnist/hpo/single_spk_input_multi_spk_output/hpo_data/hpo_iteration_data/4339499/params_1_9.pkl
2025-05-10 09:10:25,986 - INFO - Loaded HPO parameters
2025-05-10 09:10:25,986 - INFO - Preparing datasets...
2025-05-10 09:10:28,967 - INFO - Prepared datasets: 291 train & 1000 validation samples
2025-05-10 09:10:28,968 - INFO - Initializing model...
2025-05-10 09:10:28,970 - INFO - Fitting model...
2025-05-10 09:11:20,624 - INFO - Saved weights to /s/ls4/users/selibrin/spiking_researches/correlation_encoding_and_training/mnist/hpo/single_spk_input_multi_spk_output/hpo_data/hpo_iteration_data/4339499/estimator_1_neuron_9_weights.npy
2025-05-10 09:11:20,624 - INFO - Evaluating model...
2025-05-10 09:14:12,204 - INFO - Saved validation outputs to /s/ls4/users/selibrin/spiking_researches/correlation_encoding_and_training/mnist/hpo/single_spk_input_multi_spk_output/hpo_data/hpo_iteration_data/4339499/estimator_1_neuron_9_validation_outputs.npy
2025-05-10 09:14:12,205 - INFO - Waiting for parameters file: /s/ls4/users/selibrin/spiking_researches/correlation_encoding_and_training/mnist/hpo/single_spk_input_multi_spk_output/hpo_data/hpo_iteration_data/4339499/params_1_9.pkl
2025-05-10 09:14:32,229 - INFO - Loaded HPO parameters
2025-05-10 09:14:32,229 - INFO - Preparing datasets...
2025-05-10 09:14:35,170 - INFO - Prepared datasets: 583 train & 1000 validation samples
2025-05-10 09:14:35,171 - INFO - Initializing model...
2025-05-10 09:14:35,173 - INFO - Fitting model...
2025-05-10 09:16:17,122 - INFO - Saved weights to /s/ls4/users/selibrin/spiking_researches/correlation_encoding_and_training/mnist/hpo/single_spk_input_multi_spk_output/hpo_data/hpo_iteration_data/4339499/estimator_1_neuron_9_weights.npy
2025-05-10 09:16:17,122 - INFO - Evaluating model...
2025-05-10 09:19:07,513 - INFO - Saved validation outputs to /s/ls4/users/selibrin/spiking_researches/correlation_encoding_and_training/mnist/hpo/single_spk_input_multi_spk_output/hpo_data/hpo_iteration_data/4339499/estimator_1_neuron_9_validation_outputs.npy
2025-05-10 09:19:07,514 - INFO - Waiting for parameters file: /s/ls4/users/selibrin/spiking_researches/correlation_encoding_and_training/mnist/hpo/single_spk_input_multi_spk_output/hpo_data/hpo_iteration_data/4339499/params_1_9.pkl
2025-05-10 09:19:37,549 - INFO - Loaded HPO parameters
2025-05-10 09:19:37,549 - INFO - Preparing datasets...
2025-05-10 09:19:40,734 - INFO - Prepared datasets: 583 train & 1000 validation samples
2025-05-10 09:19:40,735 - INFO - Initializing model...
2025-05-10 09:19:40,738 - INFO - Fitting model...
2025-05-10 09:21:23,007 - INFO - Saved weights to /s/ls4/users/selibrin/spiking_researches/correlation_encoding_and_training/mnist/hpo/single_spk_input_multi_spk_output/hpo_data/hpo_iteration_data/4339499/estimator_1_neuron_9_weights.npy
2025-05-10 09:21:23,007 - INFO - Evaluating model...
2025-05-10 09:24:12,547 - INFO - Saved validation outputs to /s/ls4/users/selibrin/spiking_researches/correlation_encoding_and_training/mnist/hpo/single_spk_input_multi_spk_output/hpo_data/hpo_iteration_data/4339499/estimator_1_neuron_9_validation_outputs.npy
2025-05-10 09:24:12,547 - INFO - Waiting for parameters file: /s/ls4/users/selibrin/spiking_researches/correlation_encoding_and_training/mnist/hpo/single_spk_input_multi_spk_output/hpo_data/hpo_iteration_data/4339499/params_1_9.pkl
2025-05-10 09:24:42,584 - INFO - Loaded HPO parameters
2025-05-10 09:24:42,584 - INFO - Preparing datasets...
2025-05-10 09:24:46,132 - INFO - Prepared datasets: 1166 train & 1000 validation samples
2025-05-10 09:24:46,133 - INFO - Initializing model...
2025-05-10 09:24:46,136 - INFO - Fitting model...
2025-05-10 09:28:09,336 - INFO - Saved weights to /s/ls4/users/selibrin/spiking_researches/correlation_encoding_and_training/mnist/hpo/single_spk_input_multi_spk_output/hpo_data/hpo_iteration_data/4339499/estimator_1_neuron_9_weights.npy
2025-05-10 09:28:09,336 - INFO - Evaluating model...
2025-05-10 09:31:00,654 - INFO - Saved validation outputs to /s/ls4/users/selibrin/spiking_researches/correlation_encoding_and_training/mnist/hpo/single_spk_input_multi_spk_output/hpo_data/hpo_iteration_data/4339499/estimator_1_neuron_9_validation_outputs.npy
2025-05-10 09:31:00,654 - INFO - Waiting for parameters file: /s/ls4/users/selibrin/spiking_researches/correlation_encoding_and_training/mnist/hpo/single_spk_input_multi_spk_output/hpo_data/hpo_iteration_data/4339499/params_1_9.pkl
2025-05-10 09:31:20,755 - INFO - Loaded HPO parameters
2025-05-10 09:31:20,756 - INFO - Preparing datasets...
2025-05-10 09:31:23,787 - INFO - Prepared datasets: 583 train & 1000 validation samples
2025-05-10 09:31:23,788 - INFO - Initializing model...
2025-05-10 09:31:23,790 - INFO - Fitting model...
2025-05-10 09:33:06,136 - INFO - Saved weights to /s/ls4/users/selibrin/spiking_researches/correlation_encoding_and_training/mnist/hpo/single_spk_input_multi_spk_output/hpo_data/hpo_iteration_data/4339499/estimator_1_neuron_9_weights.npy
2025-05-10 09:33:06,136 - INFO - Evaluating model...
2025-05-10 09:35:56,195 - INFO - Saved validation outputs to /s/ls4/users/selibrin/spiking_researches/correlation_encoding_and_training/mnist/hpo/single_spk_input_multi_spk_output/hpo_data/hpo_iteration_data/4339499/estimator_1_neuron_9_validation_outputs.npy
2025-05-10 09:35:56,196 - INFO - Waiting for parameters file: /s/ls4/users/selibrin/spiking_researches/correlation_encoding_and_training/mnist/hpo/single_spk_input_multi_spk_output/hpo_data/hpo_iteration_data/4339499/params_1_9.pkl
2025-05-10 09:36:26,232 - INFO - Loaded HPO parameters
2025-05-10 09:36:26,232 - INFO - Preparing datasets...
2025-05-10 09:36:29,232 - INFO - Prepared datasets: 583 train & 1000 validation samples
2025-05-10 09:36:29,232 - INFO - Initializing model...
2025-05-10 09:36:29,234 - INFO - Fitting model...
2025-05-10 09:38:10,398 - INFO - Saved weights to /s/ls4/users/selibrin/spiking_researches/correlation_encoding_and_training/mnist/hpo/single_spk_input_multi_spk_output/hpo_data/hpo_iteration_data/4339499/estimator_1_neuron_9_weights.npy
2025-05-10 09:38:10,398 - INFO - Evaluating model...
2025-05-10 09:40:57,905 - INFO - Saved validation outputs to /s/ls4/users/selibrin/spiking_researches/correlation_encoding_and_training/mnist/hpo/single_spk_input_multi_spk_output/hpo_data/hpo_iteration_data/4339499/estimator_1_neuron_9_validation_outputs.npy
2025-05-10 09:40:57,905 - INFO - Waiting for parameters file: /s/ls4/users/selibrin/spiking_researches/correlation_encoding_and_training/mnist/hpo/single_spk_input_multi_spk_output/hpo_data/hpo_iteration_data/4339499/params_1_9.pkl
2025-05-10 09:41:32,947 - INFO - Loaded HPO parameters
2025-05-10 09:41:32,947 - INFO - Preparing datasets...
2025-05-10 09:41:36,198 - INFO - Prepared datasets: 291 train & 1000 validation samples
2025-05-10 09:41:36,199 - INFO - Initializing model...
2025-05-10 09:41:36,202 - INFO - Fitting model...
2025-05-10 09:42:27,064 - INFO - Saved weights to /s/ls4/users/selibrin/spiking_researches/correlation_encoding_and_training/mnist/hpo/single_spk_input_multi_spk_output/hpo_data/hpo_iteration_data/4339499/estimator_1_neuron_9_weights.npy
2025-05-10 09:42:27,065 - INFO - Evaluating model...
2025-05-10 09:45:17,814 - INFO - Saved validation outputs to /s/ls4/users/selibrin/spiking_researches/correlation_encoding_and_training/mnist/hpo/single_spk_input_multi_spk_output/hpo_data/hpo_iteration_data/4339499/estimator_1_neuron_9_validation_outputs.npy
2025-05-10 09:45:17,814 - INFO - Waiting for parameters file: /s/ls4/users/selibrin/spiking_researches/correlation_encoding_and_training/mnist/hpo/single_spk_input_multi_spk_output/hpo_data/hpo_iteration_data/4339499/params_1_9.pkl
2025-05-10 09:45:37,840 - INFO - Loaded HPO parameters
2025-05-10 09:45:37,841 - INFO - Preparing datasets...
2025-05-10 09:45:40,879 - INFO - Prepared datasets: 583 train & 1000 validation samples
2025-05-10 09:45:40,880 - INFO - Initializing model...
2025-05-10 09:45:40,882 - INFO - Fitting model...
2025-05-10 09:47:23,152 - INFO - Saved weights to /s/ls4/users/selibrin/spiking_researches/correlation_encoding_and_training/mnist/hpo/single_spk_input_multi_spk_output/hpo_data/hpo_iteration_data/4339499/estimator_1_neuron_9_weights.npy
2025-05-10 09:47:23,152 - INFO - Evaluating model...
2025-05-10 09:50:12,543 - INFO - Saved validation outputs to /s/ls4/users/selibrin/spiking_researches/correlation_encoding_and_training/mnist/hpo/single_spk_input_multi_spk_output/hpo_data/hpo_iteration_data/4339499/estimator_1_neuron_9_validation_outputs.npy
2025-05-10 09:50:12,544 - INFO - Waiting for parameters file: /s/ls4/users/selibrin/spiking_researches/correlation_encoding_and_training/mnist/hpo/single_spk_input_multi_spk_output/hpo_data/hpo_iteration_data/4339499/params_1_9.pkl
2025-05-10 09:50:42,580 - INFO - Loaded HPO parameters
2025-05-10 09:50:42,580 - INFO - Preparing datasets...
2025-05-10 09:50:45,526 - INFO - Prepared datasets: 583 train & 1000 validation samples
2025-05-10 09:50:45,527 - INFO - Initializing model...
2025-05-10 09:50:45,529 - INFO - Fitting model...
2025-05-10 09:52:27,423 - INFO - Saved weights to /s/ls4/users/selibrin/spiking_researches/correlation_encoding_and_training/mnist/hpo/single_spk_input_multi_spk_output/hpo_data/hpo_iteration_data/4339499/estimator_1_neuron_9_weights.npy
2025-05-10 09:52:27,423 - INFO - Evaluating model...
2025-05-10 09:55:17,173 - INFO - Saved validation outputs to /s/ls4/users/selibrin/spiking_researches/correlation_encoding_and_training/mnist/hpo/single_spk_input_multi_spk_output/hpo_data/hpo_iteration_data/4339499/estimator_1_neuron_9_validation_outputs.npy
2025-05-10 09:55:17,173 - INFO - Waiting for parameters file: /s/ls4/users/selibrin/spiking_researches/correlation_encoding_and_training/mnist/hpo/single_spk_input_multi_spk_output/hpo_data/hpo_iteration_data/4339499/params_1_9.pkl
2025-05-10 09:55:47,209 - INFO - Loaded HPO parameters
2025-05-10 09:55:47,210 - INFO - Preparing datasets...
2025-05-10 09:55:50,183 - INFO - Prepared datasets: 1166 train & 1000 validation samples
2025-05-10 09:55:50,184 - INFO - Initializing model...
2025-05-10 09:55:50,186 - INFO - Fitting model...
2025-05-10 09:59:13,270 - INFO - Saved weights to /s/ls4/users/selibrin/spiking_researches/correlation_encoding_and_training/mnist/hpo/single_spk_input_multi_spk_output/hpo_data/hpo_iteration_data/4339499/estimator_1_neuron_9_weights.npy
2025-05-10 09:59:13,271 - INFO - Evaluating model...
2025-05-10 10:02:03,254 - INFO - Saved validation outputs to /s/ls4/users/selibrin/spiking_researches/correlation_encoding_and_training/mnist/hpo/single_spk_input_multi_spk_output/hpo_data/hpo_iteration_data/4339499/estimator_1_neuron_9_validation_outputs.npy
2025-05-10 10:02:03,254 - INFO - Waiting for parameters file: /s/ls4/users/selibrin/spiking_researches/correlation_encoding_and_training/mnist/hpo/single_spk_input_multi_spk_output/hpo_data/hpo_iteration_data/4339499/params_1_9.pkl
2025-05-10 10:02:23,280 - INFO - Loaded HPO parameters
2025-05-10 10:02:23,280 - INFO - Preparing datasets...
2025-05-10 10:02:26,191 - INFO - Prepared datasets: 583 train & 1000 validation samples
2025-05-10 10:02:26,192 - INFO - Initializing model...
2025-05-10 10:02:26,194 - INFO - Fitting model...
2025-05-10 10:04:07,738 - INFO - Saved weights to /s/ls4/users/selibrin/spiking_researches/correlation_encoding_and_training/mnist/hpo/single_spk_input_multi_spk_output/hpo_data/hpo_iteration_data/4339499/estimator_1_neuron_9_weights.npy
2025-05-10 10:04:07,738 - INFO - Evaluating model...
2025-05-10 10:06:57,692 - INFO - Saved validation outputs to /s/ls4/users/selibrin/spiking_researches/correlation_encoding_and_training/mnist/hpo/single_spk_input_multi_spk_output/hpo_data/hpo_iteration_data/4339499/estimator_1_neuron_9_validation_outputs.npy
2025-05-10 10:06:57,692 - INFO - Waiting for parameters file: /s/ls4/users/selibrin/spiking_researches/correlation_encoding_and_training/mnist/hpo/single_spk_input_multi_spk_output/hpo_data/hpo_iteration_data/4339499/params_1_9.pkl
2025-05-10 10:07:27,728 - INFO - Loaded HPO parameters
2025-05-10 10:07:27,729 - INFO - Preparing datasets...
2025-05-10 10:07:30,678 - INFO - Prepared datasets: 583 train & 1000 validation samples
2025-05-10 10:07:30,679 - INFO - Initializing model...
2025-05-10 10:07:30,681 - INFO - Fitting model...
2025-05-10 10:09:11,728 - INFO - Saved weights to /s/ls4/users/selibrin/spiking_researches/correlation_encoding_and_training/mnist/hpo/single_spk_input_multi_spk_output/hpo_data/hpo_iteration_data/4339499/estimator_1_neuron_9_weights.npy
2025-05-10 10:09:11,728 - INFO - Evaluating model...
2025-05-10 10:12:02,725 - INFO - Saved validation outputs to /s/ls4/users/selibrin/spiking_researches/correlation_encoding_and_training/mnist/hpo/single_spk_input_multi_spk_output/hpo_data/hpo_iteration_data/4339499/estimator_1_neuron_9_validation_outputs.npy
2025-05-10 10:12:02,726 - INFO - Waiting for parameters file: /s/ls4/users/selibrin/spiking_researches/correlation_encoding_and_training/mnist/hpo/single_spk_input_multi_spk_output/hpo_data/hpo_iteration_data/4339499/params_1_9.pkl
2025-05-10 10:12:32,761 - INFO - Loaded HPO parameters
2025-05-10 10:12:32,761 - INFO - Preparing datasets...
2025-05-10 10:12:35,743 - INFO - Prepared datasets: 291 train & 1000 validation samples
2025-05-10 10:12:35,744 - INFO - Initializing model...
2025-05-10 10:12:35,746 - INFO - Fitting model...
2025-05-10 10:13:25,907 - INFO - Saved weights to /s/ls4/users/selibrin/spiking_researches/correlation_encoding_and_training/mnist/hpo/single_spk_input_multi_spk_output/hpo_data/hpo_iteration_data/4339499/estimator_1_neuron_9_weights.npy
2025-05-10 10:13:25,907 - INFO - Evaluating model...
2025-05-10 10:16:11,550 - INFO - Saved validation outputs to /s/ls4/users/selibrin/spiking_researches/correlation_encoding_and_training/mnist/hpo/single_spk_input_multi_spk_output/hpo_data/hpo_iteration_data/4339499/estimator_1_neuron_9_validation_outputs.npy
2025-05-10 10:16:11,550 - INFO - Waiting for parameters file: /s/ls4/users/selibrin/spiking_researches/correlation_encoding_and_training/mnist/hpo/single_spk_input_multi_spk_output/hpo_data/hpo_iteration_data/4339499/params_1_9.pkl
2025-05-10 10:16:41,588 - INFO - Loaded HPO parameters
2025-05-10 10:16:41,589 - INFO - Preparing datasets...
2025-05-10 10:16:44,564 - INFO - Prepared datasets: 583 train & 1000 validation samples
2025-05-10 10:16:44,565 - INFO - Initializing model...
2025-05-10 10:16:44,567 - INFO - Fitting model...
2025-05-10 10:18:23,520 - INFO - Saved weights to /s/ls4/users/selibrin/spiking_researches/correlation_encoding_and_training/mnist/hpo/single_spk_input_multi_spk_output/hpo_data/hpo_iteration_data/4339499/estimator_1_neuron_9_weights.npy
2025-05-10 10:18:23,520 - INFO - Evaluating model...
2025-05-10 10:21:09,256 - INFO - Saved validation outputs to /s/ls4/users/selibrin/spiking_researches/correlation_encoding_and_training/mnist/hpo/single_spk_input_multi_spk_output/hpo_data/hpo_iteration_data/4339499/estimator_1_neuron_9_validation_outputs.npy
2025-05-10 10:21:09,257 - INFO - Waiting for parameters file: /s/ls4/users/selibrin/spiking_researches/correlation_encoding_and_training/mnist/hpo/single_spk_input_multi_spk_output/hpo_data/hpo_iteration_data/4339499/params_1_9.pkl
2025-05-10 10:21:44,299 - INFO - Loaded HPO parameters
2025-05-10 10:21:44,300 - INFO - Preparing datasets...
2025-05-10 10:21:47,251 - INFO - Prepared datasets: 583 train & 1000 validation samples
2025-05-10 10:21:47,251 - INFO - Initializing model...
2025-05-10 10:21:47,253 - INFO - Fitting model...
2025-05-10 10:23:25,973 - INFO - Saved weights to /s/ls4/users/selibrin/spiking_researches/correlation_encoding_and_training/mnist/hpo/single_spk_input_multi_spk_output/hpo_data/hpo_iteration_data/4339499/estimator_1_neuron_9_weights.npy
2025-05-10 10:23:25,974 - INFO - Evaluating model...
2025-05-10 10:26:12,028 - INFO - Saved validation outputs to /s/ls4/users/selibrin/spiking_researches/correlation_encoding_and_training/mnist/hpo/single_spk_input_multi_spk_output/hpo_data/hpo_iteration_data/4339499/estimator_1_neuron_9_validation_outputs.npy
2025-05-10 10:26:12,028 - INFO - Waiting for parameters file: /s/ls4/users/selibrin/spiking_researches/correlation_encoding_and_training/mnist/hpo/single_spk_input_multi_spk_output/hpo_data/hpo_iteration_data/4339499/params_1_9.pkl
2025-05-10 10:26:52,077 - INFO - Loaded HPO parameters
2025-05-10 10:26:52,077 - INFO - Preparing datasets...
2025-05-10 10:26:55,013 - INFO - Prepared datasets: 1166 train & 1000 validation samples
2025-05-10 10:26:55,014 - INFO - Initializing model...
2025-05-10 10:26:55,016 - INFO - Fitting model...
2025-05-10 10:30:17,094 - INFO - Saved weights to /s/ls4/users/selibrin/spiking_researches/correlation_encoding_and_training/mnist/hpo/single_spk_input_multi_spk_output/hpo_data/hpo_iteration_data/4339499/estimator_1_neuron_9_weights.npy
2025-05-10 10:30:17,094 - INFO - Evaluating model...
2025-05-10 10:33:06,585 - INFO - Saved validation outputs to /s/ls4/users/selibrin/spiking_researches/correlation_encoding_and_training/mnist/hpo/single_spk_input_multi_spk_output/hpo_data/hpo_iteration_data/4339499/estimator_1_neuron_9_validation_outputs.npy
2025-05-10 10:33:06,585 - INFO - Waiting for parameters file: /s/ls4/users/selibrin/spiking_researches/correlation_encoding_and_training/mnist/hpo/single_spk_input_multi_spk_output/hpo_data/hpo_iteration_data/4339499/params_1_9.pkl
2025-05-10 10:33:26,611 - INFO - Loaded HPO parameters
2025-05-10 10:33:26,611 - INFO - Preparing datasets...
2025-05-10 10:33:29,720 - INFO - Prepared datasets: 583 train & 1000 validation samples
2025-05-10 10:33:29,721 - INFO - Initializing model...
2025-05-10 10:33:29,723 - INFO - Fitting model...
2025-05-10 10:35:12,768 - INFO - Saved weights to /s/ls4/users/selibrin/spiking_researches/correlation_encoding_and_training/mnist/hpo/single_spk_input_multi_spk_output/hpo_data/hpo_iteration_data/4339499/estimator_1_neuron_9_weights.npy
2025-05-10 10:35:12,768 - INFO - Evaluating model...
2025-05-10 10:38:05,268 - INFO - Saved validation outputs to /s/ls4/users/selibrin/spiking_researches/correlation_encoding_and_training/mnist/hpo/single_spk_input_multi_spk_output/hpo_data/hpo_iteration_data/4339499/estimator_1_neuron_9_validation_outputs.npy
2025-05-10 10:38:05,269 - INFO - Waiting for parameters file: /s/ls4/users/selibrin/spiking_researches/correlation_encoding_and_training/mnist/hpo/single_spk_input_multi_spk_output/hpo_data/hpo_iteration_data/4339499/params_1_9.pkl
2025-05-10 10:38:30,300 - INFO - Loaded HPO parameters
2025-05-10 10:38:30,300 - INFO - Preparing datasets...
2025-05-10 10:38:33,667 - INFO - Prepared datasets: 583 train & 1000 validation samples
2025-05-10 10:38:33,668 - INFO - Initializing model...
2025-05-10 10:38:33,670 - INFO - Fitting model...
2025-05-10 10:40:15,490 - INFO - Saved weights to /s/ls4/users/selibrin/spiking_researches/correlation_encoding_and_training/mnist/hpo/single_spk_input_multi_spk_output/hpo_data/hpo_iteration_data/4339499/estimator_1_neuron_9_weights.npy
2025-05-10 10:40:15,491 - INFO - Evaluating model...
2025-05-10 10:43:04,941 - INFO - Saved validation outputs to /s/ls4/users/selibrin/spiking_researches/correlation_encoding_and_training/mnist/hpo/single_spk_input_multi_spk_output/hpo_data/hpo_iteration_data/4339499/estimator_1_neuron_9_validation_outputs.npy
2025-05-10 10:43:04,941 - INFO - Waiting for parameters file: /s/ls4/users/selibrin/spiking_researches/correlation_encoding_and_training/mnist/hpo/single_spk_input_multi_spk_output/hpo_data/hpo_iteration_data/4339499/params_1_9.pkl
2025-05-10 10:43:34,978 - INFO - Loaded HPO parameters
2025-05-10 10:43:34,978 - INFO - Preparing datasets...
2025-05-10 10:43:38,213 - INFO - Prepared datasets: 583 train & 1000 validation samples
2025-05-10 10:43:38,214 - INFO - Initializing model...
2025-05-10 10:43:38,216 - INFO - Fitting model...
2025-05-10 10:45:18,470 - INFO - Saved weights to /s/ls4/users/selibrin/spiking_researches/correlation_encoding_and_training/mnist/hpo/single_spk_input_multi_spk_output/hpo_data/hpo_iteration_data/4339499/estimator_1_neuron_9_weights.npy
2025-05-10 10:45:18,471 - INFO - Evaluating model...
2025-05-10 10:48:11,046 - INFO - Saved validation outputs to /s/ls4/users/selibrin/spiking_researches/correlation_encoding_and_training/mnist/hpo/single_spk_input_multi_spk_output/hpo_data/hpo_iteration_data/4339499/estimator_1_neuron_9_validation_outputs.npy
2025-05-10 10:48:11,046 - INFO - Waiting for parameters file: /s/ls4/users/selibrin/spiking_researches/correlation_encoding_and_training/mnist/hpo/single_spk_input_multi_spk_output/hpo_data/hpo_iteration_data/4339499/params_1_9.pkl
2025-05-10 10:48:41,083 - INFO - Loaded HPO parameters
2025-05-10 10:48:41,083 - INFO - Preparing datasets...
2025-05-10 10:48:44,705 - INFO - Prepared datasets: 583 train & 1000 validation samples
2025-05-10 10:48:44,705 - INFO - Initializing model...
2025-05-10 10:48:44,708 - INFO - Fitting model...
2025-05-10 10:50:26,964 - INFO - Saved weights to /s/ls4/users/selibrin/spiking_researches/correlation_encoding_and_training/mnist/hpo/single_spk_input_multi_spk_output/hpo_data/hpo_iteration_data/4339499/estimator_1_neuron_9_weights.npy
2025-05-10 10:50:26,965 - INFO - Evaluating model...
2025-05-10 10:53:18,756 - INFO - Saved validation outputs to /s/ls4/users/selibrin/spiking_researches/correlation_encoding_and_training/mnist/hpo/single_spk_input_multi_spk_output/hpo_data/hpo_iteration_data/4339499/estimator_1_neuron_9_validation_outputs.npy
2025-05-10 10:53:18,757 - INFO - Waiting for parameters file: /s/ls4/users/selibrin/spiking_researches/correlation_encoding_and_training/mnist/hpo/single_spk_input_multi_spk_output/hpo_data/hpo_iteration_data/4339499/params_1_9.pkl
2025-05-10 10:53:48,792 - INFO - Loaded HPO parameters
2025-05-10 10:53:48,793 - INFO - Preparing datasets...
2025-05-10 10:53:52,023 - INFO - Prepared datasets: 583 train & 1000 validation samples
2025-05-10 10:53:52,023 - INFO - Initializing model...
2025-05-10 10:53:52,026 - INFO - Fitting model...
2025-05-10 10:55:33,808 - INFO - Saved weights to /s/ls4/users/selibrin/spiking_researches/correlation_encoding_and_training/mnist/hpo/single_spk_input_multi_spk_output/hpo_data/hpo_iteration_data/4339499/estimator_1_neuron_9_weights.npy
2025-05-10 10:55:33,808 - INFO - Evaluating model...
2025-05-10 10:58:28,147 - INFO - Saved validation outputs to /s/ls4/users/selibrin/spiking_researches/correlation_encoding_and_training/mnist/hpo/single_spk_input_multi_spk_output/hpo_data/hpo_iteration_data/4339499/estimator_1_neuron_9_validation_outputs.npy
2025-05-10 10:58:28,147 - INFO - Waiting for parameters file: /s/ls4/users/selibrin/spiking_researches/correlation_encoding_and_training/mnist/hpo/single_spk_input_multi_spk_output/hpo_data/hpo_iteration_data/4339499/params_1_9.pkl
2025-05-10 10:58:53,179 - INFO - Loaded HPO parameters
2025-05-10 10:58:53,179 - INFO - Preparing datasets...
2025-05-10 10:58:56,251 - INFO - Prepared datasets: 583 train & 1000 validation samples
2025-05-10 10:58:56,252 - INFO - Initializing model...
2025-05-10 10:58:56,254 - INFO - Fitting model...
2025-05-10 11:00:39,029 - INFO - Saved weights to /s/ls4/users/selibrin/spiking_researches/correlation_encoding_and_training/mnist/hpo/single_spk_input_multi_spk_output/hpo_data/hpo_iteration_data/4339499/estimator_1_neuron_9_weights.npy
2025-05-10 11:00:39,030 - INFO - Evaluating model...
2025-05-10 11:03:33,665 - INFO - Saved validation outputs to /s/ls4/users/selibrin/spiking_researches/correlation_encoding_and_training/mnist/hpo/single_spk_input_multi_spk_output/hpo_data/hpo_iteration_data/4339499/estimator_1_neuron_9_validation_outputs.npy
2025-05-10 11:03:33,666 - INFO - Waiting for parameters file: /s/ls4/users/selibrin/spiking_researches/correlation_encoding_and_training/mnist/hpo/single_spk_input_multi_spk_output/hpo_data/hpo_iteration_data/4339499/params_1_9.pkl
2025-05-10 11:03:58,697 - INFO - Loaded HPO parameters
2025-05-10 11:03:58,697 - INFO - Preparing datasets...
2025-05-10 11:04:01,926 - INFO - Prepared datasets: 583 train & 1000 validation samples
2025-05-10 11:04:01,927 - INFO - Initializing model...
2025-05-10 11:04:01,930 - INFO - Fitting model...
2025-05-10 11:05:43,911 - INFO - Saved weights to /s/ls4/users/selibrin/spiking_researches/correlation_encoding_and_training/mnist/hpo/single_spk_input_multi_spk_output/hpo_data/hpo_iteration_data/4339499/estimator_1_neuron_9_weights.npy
2025-05-10 11:05:43,911 - INFO - Evaluating model...
2025-05-10 11:08:36,012 - INFO - Saved validation outputs to /s/ls4/users/selibrin/spiking_researches/correlation_encoding_and_training/mnist/hpo/single_spk_input_multi_spk_output/hpo_data/hpo_iteration_data/4339499/estimator_1_neuron_9_validation_outputs.npy
2025-05-10 11:08:36,012 - INFO - Waiting for parameters file: /s/ls4/users/selibrin/spiking_researches/correlation_encoding_and_training/mnist/hpo/single_spk_input_multi_spk_output/hpo_data/hpo_iteration_data/4339499/params_1_9.pkl
2025-05-10 11:09:06,048 - INFO - Loaded HPO parameters
2025-05-10 11:09:06,048 - INFO - Preparing datasets...
2025-05-10 11:09:09,200 - INFO - Prepared datasets: 583 train & 1000 validation samples
2025-05-10 11:09:09,201 - INFO - Initializing model...
2025-05-10 11:09:09,203 - INFO - Fitting model...
2025-05-10 11:10:51,241 - INFO - Saved weights to /s/ls4/users/selibrin/spiking_researches/correlation_encoding_and_training/mnist/hpo/single_spk_input_multi_spk_output/hpo_data/hpo_iteration_data/4339499/estimator_1_neuron_9_weights.npy
2025-05-10 11:10:51,241 - INFO - Evaluating model...
2025-05-10 11:13:43,509 - INFO - Saved validation outputs to /s/ls4/users/selibrin/spiking_researches/correlation_encoding_and_training/mnist/hpo/single_spk_input_multi_spk_output/hpo_data/hpo_iteration_data/4339499/estimator_1_neuron_9_validation_outputs.npy
2025-05-10 11:13:43,509 - INFO - Waiting for parameters file: /s/ls4/users/selibrin/spiking_researches/correlation_encoding_and_training/mnist/hpo/single_spk_input_multi_spk_output/hpo_data/hpo_iteration_data/4339499/params_1_9.pkl
2025-05-10 11:14:08,540 - INFO - Loaded HPO parameters
2025-05-10 11:14:08,541 - INFO - Preparing datasets...
2025-05-10 11:14:11,684 - INFO - Prepared datasets: 583 train & 1000 validation samples
2025-05-10 11:14:11,684 - INFO - Initializing model...
2025-05-10 11:14:11,687 - INFO - Fitting model...
2025-05-10 11:15:53,551 - INFO - Saved weights to /s/ls4/users/selibrin/spiking_researches/correlation_encoding_and_training/mnist/hpo/single_spk_input_multi_spk_output/hpo_data/hpo_iteration_data/4339499/estimator_1_neuron_9_weights.npy
2025-05-10 11:15:53,551 - INFO - Evaluating model...
2025-05-10 11:18:46,228 - INFO - Saved validation outputs to /s/ls4/users/selibrin/spiking_researches/correlation_encoding_and_training/mnist/hpo/single_spk_input_multi_spk_output/hpo_data/hpo_iteration_data/4339499/estimator_1_neuron_9_validation_outputs.npy
2025-05-10 11:18:46,229 - INFO - Waiting for parameters file: /s/ls4/users/selibrin/spiking_researches/correlation_encoding_and_training/mnist/hpo/single_spk_input_multi_spk_output/hpo_data/hpo_iteration_data/4339499/params_1_9.pkl
2025-05-10 11:19:16,263 - INFO - Loaded HPO parameters
2025-05-10 11:19:16,263 - INFO - Preparing datasets...
2025-05-10 11:19:19,543 - INFO - Prepared datasets: 583 train & 1000 validation samples
2025-05-10 11:19:19,544 - INFO - Initializing model...
2025-05-10 11:19:19,546 - INFO - Fitting model...
2025-05-10 11:21:01,468 - INFO - Saved weights to /s/ls4/users/selibrin/spiking_researches/correlation_encoding_and_training/mnist/hpo/single_spk_input_multi_spk_output/hpo_data/hpo_iteration_data/4339499/estimator_1_neuron_9_weights.npy
2025-05-10 11:21:01,469 - INFO - Evaluating model...
2025-05-10 11:23:54,597 - INFO - Saved validation outputs to /s/ls4/users/selibrin/spiking_researches/correlation_encoding_and_training/mnist/hpo/single_spk_input_multi_spk_output/hpo_data/hpo_iteration_data/4339499/estimator_1_neuron_9_validation_outputs.npy
2025-05-10 11:23:54,597 - INFO - Waiting for parameters file: /s/ls4/users/selibrin/spiking_researches/correlation_encoding_and_training/mnist/hpo/single_spk_input_multi_spk_output/hpo_data/hpo_iteration_data/4339499/params_1_9.pkl
2025-05-10 11:24:19,628 - INFO - Loaded HPO parameters
2025-05-10 11:24:19,628 - INFO - Preparing datasets...
2025-05-10 11:24:22,680 - INFO - Prepared datasets: 583 train & 1000 validation samples
2025-05-10 11:24:22,681 - INFO - Initializing model...
2025-05-10 11:24:22,683 - INFO - Fitting model...
2025-05-10 11:26:06,806 - INFO - Saved weights to /s/ls4/users/selibrin/spiking_researches/correlation_encoding_and_training/mnist/hpo/single_spk_input_multi_spk_output/hpo_data/hpo_iteration_data/4339499/estimator_1_neuron_9_weights.npy
2025-05-10 11:26:06,806 - INFO - Evaluating model...
2025-05-10 11:28:59,214 - INFO - Saved validation outputs to /s/ls4/users/selibrin/spiking_researches/correlation_encoding_and_training/mnist/hpo/single_spk_input_multi_spk_output/hpo_data/hpo_iteration_data/4339499/estimator_1_neuron_9_validation_outputs.npy
2025-05-10 11:28:59,214 - INFO - Waiting for parameters file: /s/ls4/users/selibrin/spiking_researches/correlation_encoding_and_training/mnist/hpo/single_spk_input_multi_spk_output/hpo_data/hpo_iteration_data/4339499/params_1_9.pkl
2025-05-10 11:29:24,244 - INFO - Loaded HPO parameters
2025-05-10 11:29:24,245 - INFO - Preparing datasets...
2025-05-10 11:29:27,619 - INFO - Prepared datasets: 583 train & 1000 validation samples
2025-05-10 11:29:27,620 - INFO - Initializing model...
2025-05-10 11:29:27,623 - INFO - Fitting model...
2025-05-10 11:31:11,526 - INFO - Saved weights to /s/ls4/users/selibrin/spiking_researches/correlation_encoding_and_training/mnist/hpo/single_spk_input_multi_spk_output/hpo_data/hpo_iteration_data/4339499/estimator_1_neuron_9_weights.npy
2025-05-10 11:31:11,526 - INFO - Evaluating model...
2025-05-10 11:34:07,414 - INFO - Saved validation outputs to /s/ls4/users/selibrin/spiking_researches/correlation_encoding_and_training/mnist/hpo/single_spk_input_multi_spk_output/hpo_data/hpo_iteration_data/4339499/estimator_1_neuron_9_validation_outputs.npy
2025-05-10 11:34:07,415 - INFO - Waiting for parameters file: /s/ls4/users/selibrin/spiking_researches/correlation_encoding_and_training/mnist/hpo/single_spk_input_multi_spk_output/hpo_data/hpo_iteration_data/4339499/params_1_9.pkl
2025-05-10 11:34:32,445 - INFO - Loaded HPO parameters
2025-05-10 11:34:32,445 - INFO - Preparing datasets...
2025-05-10 11:34:35,606 - INFO - Prepared datasets: 583 train & 1000 validation samples
2025-05-10 11:34:35,607 - INFO - Initializing model...
2025-05-10 11:34:35,609 - INFO - Fitting model...
2025-05-10 11:36:19,505 - INFO - Saved weights to /s/ls4/users/selibrin/spiking_researches/correlation_encoding_and_training/mnist/hpo/single_spk_input_multi_spk_output/hpo_data/hpo_iteration_data/4339499/estimator_1_neuron_9_weights.npy
2025-05-10 11:36:19,505 - INFO - Evaluating model...
2025-05-10 11:39:15,093 - INFO - Saved validation outputs to /s/ls4/users/selibrin/spiking_researches/correlation_encoding_and_training/mnist/hpo/single_spk_input_multi_spk_output/hpo_data/hpo_iteration_data/4339499/estimator_1_neuron_9_validation_outputs.npy
2025-05-10 11:39:15,093 - INFO - Waiting for parameters file: /s/ls4/users/selibrin/spiking_researches/correlation_encoding_and_training/mnist/hpo/single_spk_input_multi_spk_output/hpo_data/hpo_iteration_data/4339499/params_1_9.pkl
2025-05-10 11:39:35,118 - INFO - Loaded HPO parameters
2025-05-10 11:39:35,118 - INFO - Preparing datasets...
2025-05-10 11:39:38,355 - INFO - Prepared datasets: 583 train & 1000 validation samples
2025-05-10 11:39:38,356 - INFO - Initializing model...
2025-05-10 11:39:38,359 - INFO - Fitting model...
2025-05-10 11:41:21,581 - INFO - Saved weights to /s/ls4/users/selibrin/spiking_researches/correlation_encoding_and_training/mnist/hpo/single_spk_input_multi_spk_output/hpo_data/hpo_iteration_data/4339499/estimator_1_neuron_9_weights.npy
2025-05-10 11:41:21,581 - INFO - Evaluating model...
2025-05-10 11:44:13,121 - INFO - Saved validation outputs to /s/ls4/users/selibrin/spiking_researches/correlation_encoding_and_training/mnist/hpo/single_spk_input_multi_spk_output/hpo_data/hpo_iteration_data/4339499/estimator_1_neuron_9_validation_outputs.npy
2025-05-10 11:44:13,121 - INFO - Waiting for parameters file: /s/ls4/users/selibrin/spiking_researches/correlation_encoding_and_training/mnist/hpo/single_spk_input_multi_spk_output/hpo_data/hpo_iteration_data/4339499/params_1_9.pkl
2025-05-10 11:44:43,156 - INFO - Loaded HPO parameters
2025-05-10 11:44:43,157 - INFO - Preparing datasets...
2025-05-10 11:44:46,614 - INFO - Prepared datasets: 583 train & 1000 validation samples
2025-05-10 11:44:46,615 - INFO - Initializing model...
2025-05-10 11:44:46,617 - INFO - Fitting model...
2025-05-10 11:46:29,793 - INFO - Saved weights to /s/ls4/users/selibrin/spiking_researches/correlation_encoding_and_training/mnist/hpo/single_spk_input_multi_spk_output/hpo_data/hpo_iteration_data/4339499/estimator_1_neuron_9_weights.npy
2025-05-10 11:46:29,793 - INFO - Evaluating model...
2025-05-10 11:49:23,433 - INFO - Saved validation outputs to /s/ls4/users/selibrin/spiking_researches/correlation_encoding_and_training/mnist/hpo/single_spk_input_multi_spk_output/hpo_data/hpo_iteration_data/4339499/estimator_1_neuron_9_validation_outputs.npy
2025-05-10 11:49:23,433 - INFO - Waiting for parameters file: /s/ls4/users/selibrin/spiking_researches/correlation_encoding_and_training/mnist/hpo/single_spk_input_multi_spk_output/hpo_data/hpo_iteration_data/4339499/params_1_9.pkl
2025-05-10 11:49:48,465 - INFO - Loaded HPO parameters
2025-05-10 11:49:48,465 - INFO - Preparing datasets...
2025-05-10 11:49:51,622 - INFO - Prepared datasets: 583 train & 1000 validation samples
2025-05-10 11:49:51,623 - INFO - Initializing model...
2025-05-10 11:49:51,625 - INFO - Fitting model...
2025-05-10 11:51:35,193 - INFO - Saved weights to /s/ls4/users/selibrin/spiking_researches/correlation_encoding_and_training/mnist/hpo/single_spk_input_multi_spk_output/hpo_data/hpo_iteration_data/4339499/estimator_1_neuron_9_weights.npy
2025-05-10 11:51:35,193 - INFO - Evaluating model...
2025-05-10 11:54:27,569 - INFO - Saved validation outputs to /s/ls4/users/selibrin/spiking_researches/correlation_encoding_and_training/mnist/hpo/single_spk_input_multi_spk_output/hpo_data/hpo_iteration_data/4339499/estimator_1_neuron_9_validation_outputs.npy
2025-05-10 11:54:27,570 - INFO - Waiting for parameters file: /s/ls4/users/selibrin/spiking_researches/correlation_encoding_and_training/mnist/hpo/single_spk_input_multi_spk_output/hpo_data/hpo_iteration_data/4339499/params_1_9.pkl
2025-05-10 11:54:52,621 - INFO - Loaded HPO parameters
2025-05-10 11:54:52,621 - INFO - Preparing datasets...
2025-05-10 11:54:56,381 - INFO - Prepared datasets: 291 train & 1000 validation samples
2025-05-10 11:54:56,382 - INFO - Initializing model...
2025-05-10 11:54:56,385 - INFO - Fitting model...
2025-05-10 11:55:48,252 - INFO - Saved weights to /s/ls4/users/selibrin/spiking_researches/correlation_encoding_and_training/mnist/hpo/single_spk_input_multi_spk_output/hpo_data/hpo_iteration_data/4339499/estimator_1_neuron_9_weights.npy
2025-05-10 11:55:48,252 - INFO - Evaluating model...
2025-05-10 11:58:42,076 - INFO - Saved validation outputs to /s/ls4/users/selibrin/spiking_researches/correlation_encoding_and_training/mnist/hpo/single_spk_input_multi_spk_output/hpo_data/hpo_iteration_data/4339499/estimator_1_neuron_9_validation_outputs.npy
2025-05-10 11:58:42,076 - INFO - Waiting for parameters file: /s/ls4/users/selibrin/spiking_researches/correlation_encoding_and_training/mnist/hpo/single_spk_input_multi_spk_output/hpo_data/hpo_iteration_data/4339499/params_1_9.pkl
2025-05-10 11:58:57,096 - INFO - Loaded HPO parameters
2025-05-10 11:58:57,097 - INFO - Preparing datasets...
2025-05-10 11:59:00,161 - INFO - Prepared datasets: 583 train & 1000 validation samples
2025-05-10 11:59:00,162 - INFO - Initializing model...
2025-05-10 11:59:00,164 - INFO - Fitting model...
2025-05-10 12:00:44,106 - INFO - Saved weights to /s/ls4/users/selibrin/spiking_researches/correlation_encoding_and_training/mnist/hpo/single_spk_input_multi_spk_output/hpo_data/hpo_iteration_data/4339499/estimator_1_neuron_9_weights.npy
2025-05-10 12:00:44,106 - INFO - Evaluating model...
2025-05-10 12:03:40,809 - INFO - Saved validation outputs to /s/ls4/users/selibrin/spiking_researches/correlation_encoding_and_training/mnist/hpo/single_spk_input_multi_spk_output/hpo_data/hpo_iteration_data/4339499/estimator_1_neuron_9_validation_outputs.npy
2025-05-10 12:03:40,809 - INFO - Waiting for parameters file: /s/ls4/users/selibrin/spiking_researches/correlation_encoding_and_training/mnist/hpo/single_spk_input_multi_spk_output/hpo_data/hpo_iteration_data/4339499/params_1_9.pkl
2025-05-10 12:04:05,840 - INFO - Loaded HPO parameters
2025-05-10 12:04:05,842 - INFO - Preparing datasets...
2025-05-10 12:04:09,144 - INFO - Prepared datasets: 583 train & 1000 validation samples
2025-05-10 12:04:09,145 - INFO - Initializing model...
2025-05-10 12:04:09,147 - INFO - Fitting model...
2025-05-10 12:05:51,755 - INFO - Saved weights to /s/ls4/users/selibrin/spiking_researches/correlation_encoding_and_training/mnist/hpo/single_spk_input_multi_spk_output/hpo_data/hpo_iteration_data/4339499/estimator_1_neuron_9_weights.npy
2025-05-10 12:05:51,756 - INFO - Evaluating model...
2025-05-10 12:08:44,675 - INFO - Saved validation outputs to /s/ls4/users/selibrin/spiking_researches/correlation_encoding_and_training/mnist/hpo/single_spk_input_multi_spk_output/hpo_data/hpo_iteration_data/4339499/estimator_1_neuron_9_validation_outputs.npy
2025-05-10 12:08:44,675 - INFO - Waiting for parameters file: /s/ls4/users/selibrin/spiking_researches/correlation_encoding_and_training/mnist/hpo/single_spk_input_multi_spk_output/hpo_data/hpo_iteration_data/4339499/params_1_9.pkl
2025-05-10 12:09:09,705 - INFO - Loaded HPO parameters
2025-05-10 12:09:09,705 - INFO - Preparing datasets...
2025-05-10 12:09:12,909 - INFO - Prepared datasets: 583 train & 1000 validation samples
2025-05-10 12:09:12,910 - INFO - Initializing model...
2025-05-10 12:09:12,912 - INFO - Fitting model...
2025-05-10 12:10:59,223 - INFO - Saved weights to /s/ls4/users/selibrin/spiking_researches/correlation_encoding_and_training/mnist/hpo/single_spk_input_multi_spk_output/hpo_data/hpo_iteration_data/4339499/estimator_1_neuron_9_weights.npy
2025-05-10 12:10:59,223 - INFO - Evaluating model...
2025-05-10 12:13:55,527 - INFO - Saved validation outputs to /s/ls4/users/selibrin/spiking_researches/correlation_encoding_and_training/mnist/hpo/single_spk_input_multi_spk_output/hpo_data/hpo_iteration_data/4339499/estimator_1_neuron_9_validation_outputs.npy
2025-05-10 12:13:55,527 - INFO - Waiting for parameters file: /s/ls4/users/selibrin/spiking_researches/correlation_encoding_and_training/mnist/hpo/single_spk_input_multi_spk_output/hpo_data/hpo_iteration_data/4339499/params_1_9.pkl
2025-05-10 12:14:15,553 - INFO - Loaded HPO parameters
2025-05-10 12:14:15,554 - INFO - Preparing datasets...
2025-05-10 12:14:18,706 - INFO - Prepared datasets: 583 train & 1000 validation samples
2025-05-10 12:14:18,707 - INFO - Initializing model...
2025-05-10 12:14:18,709 - INFO - Fitting model...
2025-05-10 12:16:02,214 - INFO - Saved weights to /s/ls4/users/selibrin/spiking_researches/correlation_encoding_and_training/mnist/hpo/single_spk_input_multi_spk_output/hpo_data/hpo_iteration_data/4339499/estimator_1_neuron_9_weights.npy
2025-05-10 12:16:02,214 - INFO - Evaluating model...
2025-05-10 12:18:58,943 - INFO - Saved validation outputs to /s/ls4/users/selibrin/spiking_researches/correlation_encoding_and_training/mnist/hpo/single_spk_input_multi_spk_output/hpo_data/hpo_iteration_data/4339499/estimator_1_neuron_9_validation_outputs.npy
2025-05-10 12:18:58,944 - INFO - Waiting for parameters file: /s/ls4/users/selibrin/spiking_researches/correlation_encoding_and_training/mnist/hpo/single_spk_input_multi_spk_output/hpo_data/hpo_iteration_data/4339499/params_1_9.pkl
2025-05-10 12:19:18,970 - INFO - Loaded HPO parameters
2025-05-10 12:19:18,970 - INFO - Preparing datasets...
2025-05-10 12:19:22,264 - INFO - Prepared datasets: 1166 train & 1000 validation samples
2025-05-10 12:19:22,264 - INFO - Initializing model...
2025-05-10 12:19:22,267 - INFO - Fitting model...
2025-05-10 12:22:41,821 - INFO - Saved weights to /s/ls4/users/selibrin/spiking_researches/correlation_encoding_and_training/mnist/hpo/single_spk_input_multi_spk_output/hpo_data/hpo_iteration_data/4339499/estimator_1_neuron_9_weights.npy
2025-05-10 12:22:41,821 - INFO - Evaluating model...
2025-05-10 12:25:32,246 - INFO - Saved validation outputs to /s/ls4/users/selibrin/spiking_researches/correlation_encoding_and_training/mnist/hpo/single_spk_input_multi_spk_output/hpo_data/hpo_iteration_data/4339499/estimator_1_neuron_9_validation_outputs.npy
2025-05-10 12:25:32,246 - INFO - Waiting for parameters file: /s/ls4/users/selibrin/spiking_researches/correlation_encoding_and_training/mnist/hpo/single_spk_input_multi_spk_output/hpo_data/hpo_iteration_data/4339499/params_1_9.pkl
2025-05-10 12:26:27,309 - INFO - Loaded HPO parameters
2025-05-10 12:26:27,309 - INFO - Preparing datasets...
2025-05-10 12:26:30,464 - INFO - Prepared datasets: 583 train & 1000 validation samples
2025-05-10 12:26:30,465 - INFO - Initializing model...
2025-05-10 12:26:30,468 - INFO - Fitting model...
2025-05-10 12:28:13,568 - INFO - Saved weights to /s/ls4/users/selibrin/spiking_researches/correlation_encoding_and_training/mnist/hpo/single_spk_input_multi_spk_output/hpo_data/hpo_iteration_data/4339499/estimator_1_neuron_9_weights.npy
2025-05-10 12:28:13,568 - INFO - Evaluating model...
2025-05-10 12:31:07,720 - INFO - Saved validation outputs to /s/ls4/users/selibrin/spiking_researches/correlation_encoding_and_training/mnist/hpo/single_spk_input_multi_spk_output/hpo_data/hpo_iteration_data/4339499/estimator_1_neuron_9_validation_outputs.npy
2025-05-10 12:31:07,721 - INFO - Waiting for parameters file: /s/ls4/users/selibrin/spiking_researches/correlation_encoding_and_training/mnist/hpo/single_spk_input_multi_spk_output/hpo_data/hpo_iteration_data/4339499/params_1_9.pkl
2025-05-10 12:31:32,752 - INFO - Loaded HPO parameters
2025-05-10 12:31:32,752 - INFO - Preparing datasets...
2025-05-10 12:31:35,925 - INFO - Prepared datasets: 291 train & 1000 validation samples
2025-05-10 12:31:35,926 - INFO - Initializing model...
2025-05-10 12:31:35,928 - INFO - Fitting model...
2025-05-10 12:32:27,688 - INFO - Saved weights to /s/ls4/users/selibrin/spiking_researches/correlation_encoding_and_training/mnist/hpo/single_spk_input_multi_spk_output/hpo_data/hpo_iteration_data/4339499/estimator_1_neuron_9_weights.npy
2025-05-10 12:32:27,688 - INFO - Evaluating model...
2025-05-10 12:35:21,153 - INFO - Saved validation outputs to /s/ls4/users/selibrin/spiking_researches/correlation_encoding_and_training/mnist/hpo/single_spk_input_multi_spk_output/hpo_data/hpo_iteration_data/4339499/estimator_1_neuron_9_validation_outputs.npy
2025-05-10 12:35:21,154 - INFO - Waiting for parameters file: /s/ls4/users/selibrin/spiking_researches/correlation_encoding_and_training/mnist/hpo/single_spk_input_multi_spk_output/hpo_data/hpo_iteration_data/4339499/params_1_9.pkl
2025-05-10 12:35:36,174 - INFO - Loaded HPO parameters
2025-05-10 12:35:36,174 - INFO - Preparing datasets...
2025-05-10 12:35:39,630 - INFO - Prepared datasets: 583 train & 1000 validation samples
2025-05-10 12:35:39,631 - INFO - Initializing model...
2025-05-10 12:35:39,633 - INFO - Fitting model...
2025-05-10 12:37:21,261 - INFO - Saved weights to /s/ls4/users/selibrin/spiking_researches/correlation_encoding_and_training/mnist/hpo/single_spk_input_multi_spk_output/hpo_data/hpo_iteration_data/4339499/estimator_1_neuron_9_weights.npy
2025-05-10 12:37:21,261 - INFO - Evaluating model...
2025-05-10 12:40:14,541 - INFO - Saved validation outputs to /s/ls4/users/selibrin/spiking_researches/correlation_encoding_and_training/mnist/hpo/single_spk_input_multi_spk_output/hpo_data/hpo_iteration_data/4339499/estimator_1_neuron_9_validation_outputs.npy
2025-05-10 12:40:14,542 - INFO - Waiting for parameters file: /s/ls4/users/selibrin/spiking_researches/correlation_encoding_and_training/mnist/hpo/single_spk_input_multi_spk_output/hpo_data/hpo_iteration_data/4339499/params_1_9.pkl
2025-05-10 12:40:39,575 - INFO - Loaded HPO parameters
2025-05-10 12:40:39,576 - INFO - Preparing datasets...
2025-05-10 12:40:42,713 - INFO - Prepared datasets: 583 train & 1000 validation samples
2025-05-10 12:40:42,714 - INFO - Initializing model...
2025-05-10 12:40:42,717 - INFO - Fitting model...
2025-05-10 12:42:25,215 - INFO - Saved weights to /s/ls4/users/selibrin/spiking_researches/correlation_encoding_and_training/mnist/hpo/single_spk_input_multi_spk_output/hpo_data/hpo_iteration_data/4339499/estimator_1_neuron_9_weights.npy
2025-05-10 12:42:25,215 - INFO - Evaluating model...
2025-05-10 12:45:18,454 - INFO - Saved validation outputs to /s/ls4/users/selibrin/spiking_researches/correlation_encoding_and_training/mnist/hpo/single_spk_input_multi_spk_output/hpo_data/hpo_iteration_data/4339499/estimator_1_neuron_9_validation_outputs.npy
2025-05-10 12:45:18,455 - INFO - Waiting for parameters file: /s/ls4/users/selibrin/spiking_researches/correlation_encoding_and_training/mnist/hpo/single_spk_input_multi_spk_output/hpo_data/hpo_iteration_data/4339499/params_1_9.pkl
2025-05-10 12:45:48,490 - INFO - Loaded HPO parameters
2025-05-10 12:45:48,490 - INFO - Preparing datasets...
2025-05-10 12:45:51,462 - INFO - Prepared datasets: 583 train & 1000 validation samples
2025-05-10 12:45:51,463 - INFO - Initializing model...
2025-05-10 12:45:51,465 - INFO - Fitting model...
2025-05-10 12:47:34,492 - INFO - Saved weights to /s/ls4/users/selibrin/spiking_researches/correlation_encoding_and_training/mnist/hpo/single_spk_input_multi_spk_output/hpo_data/hpo_iteration_data/4339499/estimator_1_neuron_9_weights.npy
2025-05-10 12:47:34,492 - INFO - Evaluating model...
2025-05-10 12:50:29,428 - INFO - Saved validation outputs to /s/ls4/users/selibrin/spiking_researches/correlation_encoding_and_training/mnist/hpo/single_spk_input_multi_spk_output/hpo_data/hpo_iteration_data/4339499/estimator_1_neuron_9_validation_outputs.npy
2025-05-10 12:50:29,429 - INFO - Waiting for parameters file: /s/ls4/users/selibrin/spiking_researches/correlation_encoding_and_training/mnist/hpo/single_spk_input_multi_spk_output/hpo_data/hpo_iteration_data/4339499/params_1_9.pkl
2025-05-10 12:50:54,458 - INFO - Loaded HPO parameters
2025-05-10 12:50:54,458 - INFO - Preparing datasets...
2025-05-10 12:50:57,817 - INFO - Prepared datasets: 1166 train & 1000 validation samples
2025-05-10 12:50:57,818 - INFO - Initializing model...
2025-05-10 12:50:57,820 - INFO - Fitting model...
2025-05-10 12:54:24,776 - INFO - Saved weights to /s/ls4/users/selibrin/spiking_researches/correlation_encoding_and_training/mnist/hpo/single_spk_input_multi_spk_output/hpo_data/hpo_iteration_data/4339499/estimator_1_neuron_9_weights.npy
2025-05-10 12:54:24,776 - INFO - Evaluating model...
2025-05-10 12:57:24,943 - INFO - Saved validation outputs to /s/ls4/users/selibrin/spiking_researches/correlation_encoding_and_training/mnist/hpo/single_spk_input_multi_spk_output/hpo_data/hpo_iteration_data/4339499/estimator_1_neuron_9_validation_outputs.npy
2025-05-10 12:57:24,943 - INFO - Waiting for parameters file: /s/ls4/users/selibrin/spiking_researches/correlation_encoding_and_training/mnist/hpo/single_spk_input_multi_spk_output/hpo_data/hpo_iteration_data/4339499/params_1_9.pkl
2025-05-10 12:57:59,986 - INFO - Loaded HPO parameters
2025-05-10 12:57:59,986 - INFO - Preparing datasets...
2025-05-10 12:58:03,275 - INFO - Prepared datasets: 583 train & 1000 validation samples
2025-05-10 12:58:03,276 - INFO - Initializing model...
2025-05-10 12:58:03,278 - INFO - Fitting model...
2025-05-10 12:59:48,107 - INFO - Saved weights to /s/ls4/users/selibrin/spiking_researches/correlation_encoding_and_training/mnist/hpo/single_spk_input_multi_spk_output/hpo_data/hpo_iteration_data/4339499/estimator_1_neuron_9_weights.npy
2025-05-10 12:59:48,108 - INFO - Evaluating model...
2025-05-10 13:02:45,665 - INFO - Saved validation outputs to /s/ls4/users/selibrin/spiking_researches/correlation_encoding_and_training/mnist/hpo/single_spk_input_multi_spk_output/hpo_data/hpo_iteration_data/4339499/estimator_1_neuron_9_validation_outputs.npy
2025-05-10 13:02:45,666 - INFO - Waiting for parameters file: /s/ls4/users/selibrin/spiking_researches/correlation_encoding_and_training/mnist/hpo/single_spk_input_multi_spk_output/hpo_data/hpo_iteration_data/4339499/params_1_9.pkl
2025-05-10 13:03:05,691 - INFO - Loaded HPO parameters
2025-05-10 13:03:05,691 - INFO - Preparing datasets...
2025-05-10 13:03:08,716 - INFO - Prepared datasets: 583 train & 1000 validation samples
2025-05-10 13:03:08,717 - INFO - Initializing model...
2025-05-10 13:03:08,719 - INFO - Fitting model...
2025-05-10 13:04:51,406 - INFO - Saved weights to /s/ls4/users/selibrin/spiking_researches/correlation_encoding_and_training/mnist/hpo/single_spk_input_multi_spk_output/hpo_data/hpo_iteration_data/4339499/estimator_1_neuron_9_weights.npy
2025-05-10 13:04:51,406 - INFO - Evaluating model...
2025-05-10 13:07:45,997 - INFO - Saved validation outputs to /s/ls4/users/selibrin/spiking_researches/correlation_encoding_and_training/mnist/hpo/single_spk_input_multi_spk_output/hpo_data/hpo_iteration_data/4339499/estimator_1_neuron_9_validation_outputs.npy
2025-05-10 13:07:45,997 - INFO - Waiting for parameters file: /s/ls4/users/selibrin/spiking_researches/correlation_encoding_and_training/mnist/hpo/single_spk_input_multi_spk_output/hpo_data/hpo_iteration_data/4339499/params_1_9.pkl
2025-05-10 13:08:11,028 - INFO - Loaded HPO parameters
2025-05-10 13:08:11,028 - INFO - Preparing datasets...
2025-05-10 13:08:14,158 - INFO - Prepared datasets: 291 train & 1000 validation samples
2025-05-10 13:08:14,159 - INFO - Initializing model...
2025-05-10 13:08:14,161 - INFO - Fitting model...
2025-05-10 13:09:06,745 - INFO - Saved weights to /s/ls4/users/selibrin/spiking_researches/correlation_encoding_and_training/mnist/hpo/single_spk_input_multi_spk_output/hpo_data/hpo_iteration_data/4339499/estimator_1_neuron_9_weights.npy
2025-05-10 13:09:06,746 - INFO - Evaluating model...
2025-05-10 13:12:01,159 - INFO - Saved validation outputs to /s/ls4/users/selibrin/spiking_researches/correlation_encoding_and_training/mnist/hpo/single_spk_input_multi_spk_output/hpo_data/hpo_iteration_data/4339499/estimator_1_neuron_9_validation_outputs.npy
2025-05-10 13:12:01,159 - INFO - Waiting for parameters file: /s/ls4/users/selibrin/spiking_researches/correlation_encoding_and_training/mnist/hpo/single_spk_input_multi_spk_output/hpo_data/hpo_iteration_data/4339499/params_1_9.pkl
2025-05-10 13:12:16,178 - INFO - Loaded HPO parameters
2025-05-10 13:12:16,178 - INFO - Preparing datasets...
2025-05-10 13:12:19,171 - INFO - Prepared datasets: 583 train & 1000 validation samples
2025-05-10 13:12:19,172 - INFO - Initializing model...
2025-05-10 13:12:19,174 - INFO - Fitting model...
2025-05-10 13:14:02,216 - INFO - Saved weights to /s/ls4/users/selibrin/spiking_researches/correlation_encoding_and_training/mnist/hpo/single_spk_input_multi_spk_output/hpo_data/hpo_iteration_data/4339499/estimator_1_neuron_9_weights.npy
2025-05-10 13:14:02,216 - INFO - Evaluating model...
2025-05-10 13:16:57,777 - INFO - Saved validation outputs to /s/ls4/users/selibrin/spiking_researches/correlation_encoding_and_training/mnist/hpo/single_spk_input_multi_spk_output/hpo_data/hpo_iteration_data/4339499/estimator_1_neuron_9_validation_outputs.npy
2025-05-10 13:16:57,777 - INFO - Waiting for parameters file: /s/ls4/users/selibrin/spiking_researches/correlation_encoding_and_training/mnist/hpo/single_spk_input_multi_spk_output/hpo_data/hpo_iteration_data/4339499/params_1_9.pkl
2025-05-10 13:17:17,800 - INFO - Loaded HPO parameters
2025-05-10 13:17:17,800 - INFO - Preparing datasets...
2025-05-10 13:17:20,793 - INFO - Prepared datasets: 583 train & 1000 validation samples
2025-05-10 13:17:20,794 - INFO - Initializing model...
2025-05-10 13:17:20,796 - INFO - Fitting model...
2025-05-10 13:19:01,860 - INFO - Saved weights to /s/ls4/users/selibrin/spiking_researches/correlation_encoding_and_training/mnist/hpo/single_spk_input_multi_spk_output/hpo_data/hpo_iteration_data/4339499/estimator_1_neuron_9_weights.npy
2025-05-10 13:19:01,860 - INFO - Evaluating model...
2025-05-10 13:21:53,151 - INFO - Saved validation outputs to /s/ls4/users/selibrin/spiking_researches/correlation_encoding_and_training/mnist/hpo/single_spk_input_multi_spk_output/hpo_data/hpo_iteration_data/4339499/estimator_1_neuron_9_validation_outputs.npy
2025-05-10 13:21:53,151 - INFO - Waiting for parameters file: /s/ls4/users/selibrin/spiking_researches/correlation_encoding_and_training/mnist/hpo/single_spk_input_multi_spk_output/hpo_data/hpo_iteration_data/4339499/params_1_9.pkl
2025-05-10 13:22:23,190 - INFO - Loaded HPO parameters
2025-05-10 13:22:23,191 - INFO - Preparing datasets...
2025-05-10 13:22:26,301 - INFO - Prepared datasets: 1166 train & 1000 validation samples
2025-05-10 13:22:26,302 - INFO - Initializing model...
2025-05-10 13:22:26,304 - INFO - Fitting model...
2025-05-10 13:25:51,759 - INFO - Saved weights to /s/ls4/users/selibrin/spiking_researches/correlation_encoding_and_training/mnist/hpo/single_spk_input_multi_spk_output/hpo_data/hpo_iteration_data/4339499/estimator_1_neuron_9_weights.npy
2025-05-10 13:25:51,759 - INFO - Evaluating model...
2025-05-10 13:28:47,768 - INFO - Saved validation outputs to /s/ls4/users/selibrin/spiking_researches/correlation_encoding_and_training/mnist/hpo/single_spk_input_multi_spk_output/hpo_data/hpo_iteration_data/4339499/estimator_1_neuron_9_validation_outputs.npy
2025-05-10 13:28:47,769 - INFO - Waiting for parameters file: /s/ls4/users/selibrin/spiking_researches/correlation_encoding_and_training/mnist/hpo/single_spk_input_multi_spk_output/hpo_data/hpo_iteration_data/4339499/params_1_9.pkl
2025-05-10 13:29:32,822 - INFO - Loaded HPO parameters
2025-05-10 13:29:32,822 - INFO - Preparing datasets...
2025-05-10 13:29:35,886 - INFO - Prepared datasets: 583 train & 1000 validation samples
2025-05-10 13:29:35,887 - INFO - Initializing model...
2025-05-10 13:29:35,889 - INFO - Fitting model...
2025-05-10 13:31:18,932 - INFO - Saved weights to /s/ls4/users/selibrin/spiking_researches/correlation_encoding_and_training/mnist/hpo/single_spk_input_multi_spk_output/hpo_data/hpo_iteration_data/4339499/estimator_1_neuron_9_weights.npy
2025-05-10 13:31:18,933 - INFO - Evaluating model...
2025-05-10 13:34:13,583 - INFO - Saved validation outputs to /s/ls4/users/selibrin/spiking_researches/correlation_encoding_and_training/mnist/hpo/single_spk_input_multi_spk_output/hpo_data/hpo_iteration_data/4339499/estimator_1_neuron_9_validation_outputs.npy
2025-05-10 13:34:13,583 - INFO - Waiting for parameters file: /s/ls4/users/selibrin/spiking_researches/correlation_encoding_and_training/mnist/hpo/single_spk_input_multi_spk_output/hpo_data/hpo_iteration_data/4339499/params_1_9.pkl
2025-05-10 13:34:38,613 - INFO - Loaded HPO parameters
2025-05-10 13:34:38,613 - INFO - Preparing datasets...
2025-05-10 13:34:41,938 - INFO - Prepared datasets: 583 train & 1000 validation samples
2025-05-10 13:34:41,939 - INFO - Initializing model...
2025-05-10 13:34:41,940 - INFO - Fitting model...
2025-05-10 13:36:25,395 - INFO - Saved weights to /s/ls4/users/selibrin/spiking_researches/correlation_encoding_and_training/mnist/hpo/single_spk_input_multi_spk_output/hpo_data/hpo_iteration_data/4339499/estimator_1_neuron_9_weights.npy
2025-05-10 13:36:25,395 - INFO - Evaluating model...
2025-05-10 13:39:20,236 - INFO - Saved validation outputs to /s/ls4/users/selibrin/spiking_researches/correlation_encoding_and_training/mnist/hpo/single_spk_input_multi_spk_output/hpo_data/hpo_iteration_data/4339499/estimator_1_neuron_9_validation_outputs.npy
2025-05-10 13:39:20,237 - INFO - Waiting for parameters file: /s/ls4/users/selibrin/spiking_researches/correlation_encoding_and_training/mnist/hpo/single_spk_input_multi_spk_output/hpo_data/hpo_iteration_data/4339499/params_1_9.pkl
2025-05-10 13:39:40,262 - INFO - Loaded HPO parameters
2025-05-10 13:39:40,262 - INFO - Preparing datasets...
2025-05-10 13:39:43,668 - INFO - Prepared datasets: 291 train & 1000 validation samples
2025-05-10 13:39:43,669 - INFO - Initializing model...
2025-05-10 13:39:43,671 - INFO - Fitting model...
2025-05-10 13:40:34,507 - INFO - Saved weights to /s/ls4/users/selibrin/spiking_researches/correlation_encoding_and_training/mnist/hpo/single_spk_input_multi_spk_output/hpo_data/hpo_iteration_data/4339499/estimator_1_neuron_9_weights.npy
2025-05-10 13:40:34,507 - INFO - Evaluating model...
2025-05-10 13:43:24,891 - INFO - Saved validation outputs to /s/ls4/users/selibrin/spiking_researches/correlation_encoding_and_training/mnist/hpo/single_spk_input_multi_spk_output/hpo_data/hpo_iteration_data/4339499/estimator_1_neuron_9_validation_outputs.npy
2025-05-10 13:43:24,892 - INFO - Waiting for parameters file: /s/ls4/users/selibrin/spiking_researches/correlation_encoding_and_training/mnist/hpo/single_spk_input_multi_spk_output/hpo_data/hpo_iteration_data/4339499/params_1_9.pkl
2025-05-10 13:43:49,922 - INFO - Loaded HPO parameters
2025-05-10 13:43:49,923 - INFO - Preparing datasets...
2025-05-10 13:43:52,930 - INFO - Prepared datasets: 583 train & 1000 validation samples
2025-05-10 13:43:52,931 - INFO - Initializing model...
2025-05-10 13:43:52,933 - INFO - Fitting model...
2025-05-10 13:45:32,834 - INFO - Saved weights to /s/ls4/users/selibrin/spiking_researches/correlation_encoding_and_training/mnist/hpo/single_spk_input_multi_spk_output/hpo_data/hpo_iteration_data/4339499/estimator_1_neuron_9_weights.npy
2025-05-10 13:45:32,834 - INFO - Evaluating model...
2025-05-10 13:48:24,168 - INFO - Saved validation outputs to /s/ls4/users/selibrin/spiking_researches/correlation_encoding_and_training/mnist/hpo/single_spk_input_multi_spk_output/hpo_data/hpo_iteration_data/4339499/estimator_1_neuron_9_validation_outputs.npy
2025-05-10 13:48:24,168 - INFO - Waiting for parameters file: /s/ls4/users/selibrin/spiking_researches/correlation_encoding_and_training/mnist/hpo/single_spk_input_multi_spk_output/hpo_data/hpo_iteration_data/4339499/params_1_9.pkl
2025-05-10 13:48:54,225 - INFO - Loaded HPO parameters
2025-05-10 13:48:54,226 - INFO - Preparing datasets...
2025-05-10 13:48:57,722 - INFO - Prepared datasets: 583 train & 1000 validation samples
2025-05-10 13:48:57,730 - INFO - Initializing model...
2025-05-10 13:48:57,732 - INFO - Fitting model...
2025-05-10 13:50:41,037 - INFO - Saved weights to /s/ls4/users/selibrin/spiking_researches/correlation_encoding_and_training/mnist/hpo/single_spk_input_multi_spk_output/hpo_data/hpo_iteration_data/4339499/estimator_1_neuron_9_weights.npy
2025-05-10 13:50:41,037 - INFO - Evaluating model...
2025-05-10 13:53:36,016 - INFO - Saved validation outputs to /s/ls4/users/selibrin/spiking_researches/correlation_encoding_and_training/mnist/hpo/single_spk_input_multi_spk_output/hpo_data/hpo_iteration_data/4339499/estimator_1_neuron_9_validation_outputs.npy
2025-05-10 13:53:36,016 - INFO - Waiting for parameters file: /s/ls4/users/selibrin/spiking_researches/correlation_encoding_and_training/mnist/hpo/single_spk_input_multi_spk_output/hpo_data/hpo_iteration_data/4339499/params_1_9.pkl
2025-05-10 13:54:01,045 - INFO - Loaded HPO parameters
2025-05-10 13:54:01,045 - INFO - Preparing datasets...
2025-05-10 13:54:04,247 - INFO - Prepared datasets: 583 train & 1000 validation samples
2025-05-10 13:54:04,247 - INFO - Initializing model...
2025-05-10 13:54:04,250 - INFO - Fitting model...
2025-05-10 13:55:47,529 - INFO - Saved weights to /s/ls4/users/selibrin/spiking_researches/correlation_encoding_and_training/mnist/hpo/single_spk_input_multi_spk_output/hpo_data/hpo_iteration_data/4339499/estimator_1_neuron_9_weights.npy
2025-05-10 13:55:47,530 - INFO - Evaluating model...
2025-05-10 13:58:42,830 - INFO - Saved validation outputs to /s/ls4/users/selibrin/spiking_researches/correlation_encoding_and_training/mnist/hpo/single_spk_input_multi_spk_output/hpo_data/hpo_iteration_data/4339499/estimator_1_neuron_9_validation_outputs.npy
2025-05-10 13:58:42,830 - INFO - Waiting for parameters file: /s/ls4/users/selibrin/spiking_researches/correlation_encoding_and_training/mnist/hpo/single_spk_input_multi_spk_output/hpo_data/hpo_iteration_data/4339499/params_1_9.pkl
2025-05-10 13:59:02,855 - INFO - Loaded HPO parameters
2025-05-10 13:59:02,855 - INFO - Preparing datasets...
2025-05-10 13:59:06,017 - INFO - Prepared datasets: 1166 train & 1000 validation samples
2025-05-10 13:59:06,017 - INFO - Initializing model...
2025-05-10 13:59:06,020 - INFO - Fitting model...
2025-05-10 14:02:29,148 - INFO - Saved weights to /s/ls4/users/selibrin/spiking_researches/correlation_encoding_and_training/mnist/hpo/single_spk_input_multi_spk_output/hpo_data/hpo_iteration_data/4339499/estimator_1_neuron_9_weights.npy
2025-05-10 14:02:29,148 - INFO - Evaluating model...
2025-05-10 14:05:23,566 - INFO - Saved validation outputs to /s/ls4/users/selibrin/spiking_researches/correlation_encoding_and_training/mnist/hpo/single_spk_input_multi_spk_output/hpo_data/hpo_iteration_data/4339499/estimator_1_neuron_9_validation_outputs.npy
2025-05-10 14:05:23,566 - INFO - Waiting for parameters file: /s/ls4/users/selibrin/spiking_researches/correlation_encoding_and_training/mnist/hpo/single_spk_input_multi_spk_output/hpo_data/hpo_iteration_data/4339499/params_1_9.pkl
2025-05-10 14:06:08,617 - INFO - Loaded HPO parameters
2025-05-10 14:06:08,617 - INFO - Preparing datasets...
2025-05-10 14:06:11,833 - INFO - Prepared datasets: 583 train & 1000 validation samples
2025-05-10 14:06:11,833 - INFO - Initializing model...
2025-05-10 14:06:11,836 - INFO - Fitting model...
2025-05-10 14:07:55,535 - INFO - Saved weights to /s/ls4/users/selibrin/spiking_researches/correlation_encoding_and_training/mnist/hpo/single_spk_input_multi_spk_output/hpo_data/hpo_iteration_data/4339499/estimator_1_neuron_9_weights.npy
2025-05-10 14:07:55,535 - INFO - Evaluating model...
2025-05-10 14:10:50,842 - INFO - Saved validation outputs to /s/ls4/users/selibrin/spiking_researches/correlation_encoding_and_training/mnist/hpo/single_spk_input_multi_spk_output/hpo_data/hpo_iteration_data/4339499/estimator_1_neuron_9_validation_outputs.npy
2025-05-10 14:10:50,842 - INFO - Waiting for parameters file: /s/ls4/users/selibrin/spiking_researches/correlation_encoding_and_training/mnist/hpo/single_spk_input_multi_spk_output/hpo_data/hpo_iteration_data/4339499/params_1_9.pkl
2025-05-10 14:11:15,871 - INFO - Loaded HPO parameters
2025-05-10 14:11:15,871 - INFO - Preparing datasets...
2025-05-10 14:11:19,342 - INFO - Prepared datasets: 583 train & 1000 validation samples
2025-05-10 14:11:19,343 - INFO - Initializing model...
2025-05-10 14:11:19,345 - INFO - Fitting model...
2025-05-10 14:13:03,168 - INFO - Saved weights to /s/ls4/users/selibrin/spiking_researches/correlation_encoding_and_training/mnist/hpo/single_spk_input_multi_spk_output/hpo_data/hpo_iteration_data/4339499/estimator_1_neuron_9_weights.npy
2025-05-10 14:13:03,168 - INFO - Evaluating model...
2025-05-10 14:15:59,690 - INFO - Saved validation outputs to /s/ls4/users/selibrin/spiking_researches/correlation_encoding_and_training/mnist/hpo/single_spk_input_multi_spk_output/hpo_data/hpo_iteration_data/4339499/estimator_1_neuron_9_validation_outputs.npy
2025-05-10 14:15:59,690 - INFO - Waiting for parameters file: /s/ls4/users/selibrin/spiking_researches/correlation_encoding_and_training/mnist/hpo/single_spk_input_multi_spk_output/hpo_data/hpo_iteration_data/4339499/params_1_9.pkl
2025-05-10 14:16:19,715 - INFO - Loaded HPO parameters
2025-05-10 14:16:19,716 - INFO - Preparing datasets...
2025-05-10 14:16:23,343 - INFO - Prepared datasets: 583 train & 1000 validation samples
2025-05-10 14:16:23,344 - INFO - Initializing model...
2025-05-10 14:16:23,347 - INFO - Fitting model...
2025-05-10 14:18:08,455 - INFO - Saved weights to /s/ls4/users/selibrin/spiking_researches/correlation_encoding_and_training/mnist/hpo/single_spk_input_multi_spk_output/hpo_data/hpo_iteration_data/4339499/estimator_1_neuron_9_weights.npy
2025-05-10 14:18:08,455 - INFO - Evaluating model...
2025-05-10 14:21:06,340 - INFO - Saved validation outputs to /s/ls4/users/selibrin/spiking_researches/correlation_encoding_and_training/mnist/hpo/single_spk_input_multi_spk_output/hpo_data/hpo_iteration_data/4339499/estimator_1_neuron_9_validation_outputs.npy
2025-05-10 14:21:06,340 - INFO - Waiting for parameters file: /s/ls4/users/selibrin/spiking_researches/correlation_encoding_and_training/mnist/hpo/single_spk_input_multi_spk_output/hpo_data/hpo_iteration_data/4339499/params_1_9.pkl
2025-05-10 14:21:26,390 - INFO - Loaded HPO parameters
2025-05-10 14:21:26,390 - INFO - Preparing datasets...
2025-05-10 14:21:29,501 - INFO - Prepared datasets: 291 train & 1000 validation samples
2025-05-10 14:21:29,501 - INFO - Initializing model...
2025-05-10 14:21:29,503 - INFO - Fitting model...
2025-05-10 14:22:22,070 - INFO - Saved weights to /s/ls4/users/selibrin/spiking_researches/correlation_encoding_and_training/mnist/hpo/single_spk_input_multi_spk_output/hpo_data/hpo_iteration_data/4339499/estimator_1_neuron_9_weights.npy
2025-05-10 14:22:22,070 - INFO - Evaluating model...
2025-05-10 14:25:18,990 - INFO - Saved validation outputs to /s/ls4/users/selibrin/spiking_researches/correlation_encoding_and_training/mnist/hpo/single_spk_input_multi_spk_output/hpo_data/hpo_iteration_data/4339499/estimator_1_neuron_9_validation_outputs.npy
2025-05-10 14:25:18,990 - INFO - Waiting for parameters file: /s/ls4/users/selibrin/spiking_researches/correlation_encoding_and_training/mnist/hpo/single_spk_input_multi_spk_output/hpo_data/hpo_iteration_data/4339499/params_1_9.pkl
2025-05-10 14:25:59,036 - INFO - Loaded HPO parameters
2025-05-10 14:25:59,037 - INFO - Preparing datasets...
2025-05-10 14:26:02,211 - INFO - Prepared datasets: 583 train & 1000 validation samples
2025-05-10 14:26:02,220 - INFO - Initializing model...
2025-05-10 14:26:02,222 - INFO - Fitting model...
2025-05-10 14:27:46,614 - INFO - Saved weights to /s/ls4/users/selibrin/spiking_researches/correlation_encoding_and_training/mnist/hpo/single_spk_input_multi_spk_output/hpo_data/hpo_iteration_data/4339499/estimator_1_neuron_9_weights.npy
2025-05-10 14:27:46,614 - INFO - Evaluating model...
2025-05-10 14:30:41,787 - INFO - Saved validation outputs to /s/ls4/users/selibrin/spiking_researches/correlation_encoding_and_training/mnist/hpo/single_spk_input_multi_spk_output/hpo_data/hpo_iteration_data/4339499/estimator_1_neuron_9_validation_outputs.npy
2025-05-10 14:30:41,787 - INFO - Waiting for parameters file: /s/ls4/users/selibrin/spiking_researches/correlation_encoding_and_training/mnist/hpo/single_spk_input_multi_spk_output/hpo_data/hpo_iteration_data/4339499/params_1_9.pkl
2025-05-10 14:31:06,817 - INFO - Loaded HPO parameters
2025-05-10 14:31:06,817 - INFO - Preparing datasets...
2025-05-10 14:31:09,913 - INFO - Prepared datasets: 583 train & 1000 validation samples
2025-05-10 14:31:09,914 - INFO - Initializing model...
2025-05-10 14:31:09,915 - INFO - Fitting model...
2025-05-10 14:32:56,128 - INFO - Saved weights to /s/ls4/users/selibrin/spiking_researches/correlation_encoding_and_training/mnist/hpo/single_spk_input_multi_spk_output/hpo_data/hpo_iteration_data/4339499/estimator_1_neuron_9_weights.npy
2025-05-10 14:32:56,128 - INFO - Evaluating model...
2025-05-10 14:35:53,028 - INFO - Saved validation outputs to /s/ls4/users/selibrin/spiking_researches/correlation_encoding_and_training/mnist/hpo/single_spk_input_multi_spk_output/hpo_data/hpo_iteration_data/4339499/estimator_1_neuron_9_validation_outputs.npy
2025-05-10 14:35:53,028 - INFO - Waiting for parameters file: /s/ls4/users/selibrin/spiking_researches/correlation_encoding_and_training/mnist/hpo/single_spk_input_multi_spk_output/hpo_data/hpo_iteration_data/4339499/params_1_9.pkl
2025-05-10 14:36:13,076 - INFO - Loaded HPO parameters
2025-05-10 14:36:13,076 - INFO - Preparing datasets...
2025-05-10 14:36:16,040 - INFO - Prepared datasets: 1166 train & 1000 validation samples
2025-05-10 14:36:16,048 - INFO - Initializing model...
2025-05-10 14:36:16,050 - INFO - Fitting model...
2025-05-10 14:39:41,934 - INFO - Saved weights to /s/ls4/users/selibrin/spiking_researches/correlation_encoding_and_training/mnist/hpo/single_spk_input_multi_spk_output/hpo_data/hpo_iteration_data/4339499/estimator_1_neuron_9_weights.npy
2025-05-10 14:39:41,935 - INFO - Evaluating model...
2025-05-10 14:42:40,295 - INFO - Saved validation outputs to /s/ls4/users/selibrin/spiking_researches/correlation_encoding_and_training/mnist/hpo/single_spk_input_multi_spk_output/hpo_data/hpo_iteration_data/4339499/estimator_1_neuron_9_validation_outputs.npy
2025-05-10 14:42:40,295 - INFO - Waiting for parameters file: /s/ls4/users/selibrin/spiking_researches/correlation_encoding_and_training/mnist/hpo/single_spk_input_multi_spk_output/hpo_data/hpo_iteration_data/4339499/params_1_9.pkl
2025-05-10 14:43:20,384 - INFO - Loaded HPO parameters
2025-05-10 14:43:20,385 - INFO - Preparing datasets...
2025-05-10 14:43:23,740 - INFO - Prepared datasets: 583 train & 1000 validation samples
2025-05-10 14:43:23,741 - INFO - Initializing model...
2025-05-10 14:43:23,743 - INFO - Fitting model...
2025-05-10 14:45:08,047 - INFO - Saved weights to /s/ls4/users/selibrin/spiking_researches/correlation_encoding_and_training/mnist/hpo/single_spk_input_multi_spk_output/hpo_data/hpo_iteration_data/4339499/estimator_1_neuron_9_weights.npy
2025-05-10 14:45:08,048 - INFO - Evaluating model...
2025-05-10 14:48:05,400 - INFO - Saved validation outputs to /s/ls4/users/selibrin/spiking_researches/correlation_encoding_and_training/mnist/hpo/single_spk_input_multi_spk_output/hpo_data/hpo_iteration_data/4339499/estimator_1_neuron_9_validation_outputs.npy
2025-05-10 14:48:05,401 - INFO - Waiting for parameters file: /s/ls4/users/selibrin/spiking_researches/correlation_encoding_and_training/mnist/hpo/single_spk_input_multi_spk_output/hpo_data/hpo_iteration_data/4339499/params_1_9.pkl
2025-05-10 14:48:25,425 - INFO - Loaded HPO parameters
2025-05-10 14:48:25,425 - INFO - Preparing datasets...
2025-05-10 14:48:28,738 - INFO - Prepared datasets: 583 train & 1000 validation samples
2025-05-10 14:48:28,739 - INFO - Initializing model...
2025-05-10 14:48:28,741 - INFO - Fitting model...
2025-05-10 14:50:12,113 - INFO - Saved weights to /s/ls4/users/selibrin/spiking_researches/correlation_encoding_and_training/mnist/hpo/single_spk_input_multi_spk_output/hpo_data/hpo_iteration_data/4339499/estimator_1_neuron_9_weights.npy
2025-05-10 14:50:12,113 - INFO - Evaluating model...
2025-05-10 14:53:07,318 - INFO - Saved validation outputs to /s/ls4/users/selibrin/spiking_researches/correlation_encoding_and_training/mnist/hpo/single_spk_input_multi_spk_output/hpo_data/hpo_iteration_data/4339499/estimator_1_neuron_9_validation_outputs.npy
2025-05-10 14:53:07,319 - INFO - Waiting for parameters file: /s/ls4/users/selibrin/spiking_researches/correlation_encoding_and_training/mnist/hpo/single_spk_input_multi_spk_output/hpo_data/hpo_iteration_data/4339499/params_1_9.pkl
2025-05-10 14:53:32,349 - INFO - Loaded HPO parameters
2025-05-10 14:53:32,350 - INFO - Preparing datasets...
2025-05-10 14:53:35,447 - INFO - Prepared datasets: 583 train & 1000 validation samples
2025-05-10 14:53:35,457 - INFO - Initializing model...
2025-05-10 14:53:35,460 - INFO - Fitting model...
2025-05-10 14:55:20,419 - INFO - Saved weights to /s/ls4/users/selibrin/spiking_researches/correlation_encoding_and_training/mnist/hpo/single_spk_input_multi_spk_output/hpo_data/hpo_iteration_data/4339499/estimator_1_neuron_9_weights.npy
2025-05-10 14:55:20,420 - INFO - Evaluating model...
2025-05-10 14:58:16,130 - INFO - Saved validation outputs to /s/ls4/users/selibrin/spiking_researches/correlation_encoding_and_training/mnist/hpo/single_spk_input_multi_spk_output/hpo_data/hpo_iteration_data/4339499/estimator_1_neuron_9_validation_outputs.npy
2025-05-10 14:58:16,130 - INFO - Waiting for parameters file: /s/ls4/users/selibrin/spiking_researches/correlation_encoding_and_training/mnist/hpo/single_spk_input_multi_spk_output/hpo_data/hpo_iteration_data/4339499/params_1_9.pkl
2025-05-10 14:58:36,154 - INFO - Loaded HPO parameters
2025-05-10 14:58:36,154 - INFO - Preparing datasets...
2025-05-10 14:58:39,147 - INFO - Prepared datasets: 291 train & 1000 validation samples
2025-05-10 14:58:39,147 - INFO - Initializing model...
2025-05-10 14:58:39,149 - INFO - Fitting model...
2025-05-10 14:59:31,722 - INFO - Saved weights to /s/ls4/users/selibrin/spiking_researches/correlation_encoding_and_training/mnist/hpo/single_spk_input_multi_spk_output/hpo_data/hpo_iteration_data/4339499/estimator_1_neuron_9_weights.npy
2025-05-10 14:59:31,722 - INFO - Evaluating model...
2025-05-10 15:02:30,140 - INFO - Saved validation outputs to /s/ls4/users/selibrin/spiking_researches/correlation_encoding_and_training/mnist/hpo/single_spk_input_multi_spk_output/hpo_data/hpo_iteration_data/4339499/estimator_1_neuron_9_validation_outputs.npy
2025-05-10 15:02:30,140 - INFO - Waiting for parameters file: /s/ls4/users/selibrin/spiking_researches/correlation_encoding_and_training/mnist/hpo/single_spk_input_multi_spk_output/hpo_data/hpo_iteration_data/4339499/params_1_9.pkl
2025-05-10 15:03:10,185 - INFO - Loaded HPO parameters
2025-05-10 15:03:10,185 - INFO - Preparing datasets...
2025-05-10 15:03:13,160 - INFO - Prepared datasets: 583 train & 1000 validation samples
2025-05-10 15:03:13,165 - INFO - Initializing model...
2025-05-10 15:03:13,167 - INFO - Fitting model...
2025-05-10 15:04:57,366 - INFO - Saved weights to /s/ls4/users/selibrin/spiking_researches/correlation_encoding_and_training/mnist/hpo/single_spk_input_multi_spk_output/hpo_data/hpo_iteration_data/4339499/estimator_1_neuron_9_weights.npy
2025-05-10 15:04:57,366 - INFO - Evaluating model...
2025-05-10 15:07:54,846 - INFO - Saved validation outputs to /s/ls4/users/selibrin/spiking_researches/correlation_encoding_and_training/mnist/hpo/single_spk_input_multi_spk_output/hpo_data/hpo_iteration_data/4339499/estimator_1_neuron_9_validation_outputs.npy
2025-05-10 15:07:54,846 - INFO - Waiting for parameters file: /s/ls4/users/selibrin/spiking_researches/correlation_encoding_and_training/mnist/hpo/single_spk_input_multi_spk_output/hpo_data/hpo_iteration_data/4339499/params_1_9.pkl
2025-05-10 15:08:14,872 - INFO - Loaded HPO parameters
2025-05-10 15:08:14,872 - INFO - Preparing datasets...
2025-05-10 15:08:17,929 - INFO - Prepared datasets: 583 train & 1000 validation samples
2025-05-10 15:08:17,936 - INFO - Initializing model...
2025-05-10 15:08:17,939 - INFO - Fitting model...
2025-05-10 15:10:03,003 - INFO - Saved weights to /s/ls4/users/selibrin/spiking_researches/correlation_encoding_and_training/mnist/hpo/single_spk_input_multi_spk_output/hpo_data/hpo_iteration_data/4339499/estimator_1_neuron_9_weights.npy
2025-05-10 15:10:03,003 - INFO - Evaluating model...
2025-05-10 15:13:02,843 - INFO - Saved validation outputs to /s/ls4/users/selibrin/spiking_researches/correlation_encoding_and_training/mnist/hpo/single_spk_input_multi_spk_output/hpo_data/hpo_iteration_data/4339499/estimator_1_neuron_9_validation_outputs.npy
2025-05-10 15:13:02,844 - INFO - Waiting for parameters file: /s/ls4/users/selibrin/spiking_researches/correlation_encoding_and_training/mnist/hpo/single_spk_input_multi_spk_output/hpo_data/hpo_iteration_data/4339499/params_1_9.pkl
2025-05-10 15:13:22,869 - INFO - Loaded HPO parameters
2025-05-10 15:13:22,869 - INFO - Preparing datasets...
2025-05-10 15:13:25,845 - INFO - Prepared datasets: 1166 train & 1000 validation samples
2025-05-10 15:13:25,845 - INFO - Initializing model...
2025-05-10 15:13:25,847 - INFO - Fitting model...
