2025-05-09 20:08:40,457 - INFO - Initialized Neuron trainer
2025-05-09 20:08:40,458 - INFO - Waiting for parameters file: /s/ls4/users/selibrin/spiking_researches/correlation_encoding_and_training/mnist/hpo/shifted_nn_symm_stdp_synapse/hpo_data/hpo_iteration_data/4339491/params_1_7.pkl
2025-05-09 20:08:40,462 - INFO - Loaded HPO parameters
2025-05-09 20:08:40,462 - INFO - Preparing datasets...
2025-05-09 20:08:45,937 - INFO - Prepared datasets: 295 train & 1000 validation samples
2025-05-09 20:08:45,937 - INFO - Initializing model...
2025-05-09 20:08:45,944 - INFO - Fitting model...
2025-05-09 20:10:00,454 - INFO - Saved weights to /s/ls4/users/selibrin/spiking_researches/correlation_encoding_and_training/mnist/hpo/shifted_nn_symm_stdp_synapse/hpo_data/hpo_iteration_data/4339491/estimator_1_neuron_7_weights.npy
2025-05-09 20:10:00,455 - INFO - Evaluating model...
2025-05-09 20:13:38,681 - INFO - Saved validation outputs to /s/ls4/users/selibrin/spiking_researches/correlation_encoding_and_training/mnist/hpo/shifted_nn_symm_stdp_synapse/hpo_data/hpo_iteration_data/4339491/estimator_1_neuron_7_validation_outputs.npy
2025-05-09 20:13:38,682 - INFO - Waiting for parameters file: /s/ls4/users/selibrin/spiking_researches/correlation_encoding_and_training/mnist/hpo/shifted_nn_symm_stdp_synapse/hpo_data/hpo_iteration_data/4339491/params_1_7.pkl
2025-05-09 20:14:03,713 - INFO - Loaded HPO parameters
2025-05-09 20:14:03,713 - INFO - Preparing datasets...
2025-05-09 20:14:08,857 - INFO - Prepared datasets: 1180 train & 1000 validation samples
2025-05-09 20:14:08,857 - INFO - Initializing model...
2025-05-09 20:14:08,860 - INFO - Fitting model...
2025-05-09 20:18:49,984 - INFO - Saved weights to /s/ls4/users/selibrin/spiking_researches/correlation_encoding_and_training/mnist/hpo/shifted_nn_symm_stdp_synapse/hpo_data/hpo_iteration_data/4339491/estimator_1_neuron_7_weights.npy
2025-05-09 20:18:49,984 - INFO - Evaluating model...
2025-05-09 20:22:26,823 - INFO - Saved validation outputs to /s/ls4/users/selibrin/spiking_researches/correlation_encoding_and_training/mnist/hpo/shifted_nn_symm_stdp_synapse/hpo_data/hpo_iteration_data/4339491/estimator_1_neuron_7_validation_outputs.npy
2025-05-09 20:22:26,823 - INFO - Waiting for parameters file: /s/ls4/users/selibrin/spiking_researches/correlation_encoding_and_training/mnist/hpo/shifted_nn_symm_stdp_synapse/hpo_data/hpo_iteration_data/4339491/params_1_7.pkl
2025-05-09 20:22:36,839 - INFO - Loaded HPO parameters
2025-05-09 20:22:36,839 - INFO - Preparing datasets...
2025-05-09 20:22:41,667 - INFO - Prepared datasets: 590 train & 1000 validation samples
2025-05-09 20:22:41,668 - INFO - Initializing model...
2025-05-09 20:22:41,671 - INFO - Fitting model...
2025-05-09 20:25:17,800 - INFO - Saved weights to /s/ls4/users/selibrin/spiking_researches/correlation_encoding_and_training/mnist/hpo/shifted_nn_symm_stdp_synapse/hpo_data/hpo_iteration_data/4339491/estimator_1_neuron_7_weights.npy
2025-05-09 20:25:17,801 - INFO - Evaluating model...
2025-05-09 20:29:01,716 - INFO - Saved validation outputs to /s/ls4/users/selibrin/spiking_researches/correlation_encoding_and_training/mnist/hpo/shifted_nn_symm_stdp_synapse/hpo_data/hpo_iteration_data/4339491/estimator_1_neuron_7_validation_outputs.npy
2025-05-09 20:29:01,717 - INFO - Waiting for parameters file: /s/ls4/users/selibrin/spiking_researches/correlation_encoding_and_training/mnist/hpo/shifted_nn_symm_stdp_synapse/hpo_data/hpo_iteration_data/4339491/params_1_7.pkl
2025-05-09 20:29:46,801 - INFO - Loaded HPO parameters
2025-05-09 20:29:46,801 - INFO - Preparing datasets...
2025-05-09 20:29:52,036 - INFO - Prepared datasets: 590 train & 1000 validation samples
2025-05-09 20:29:52,036 - INFO - Initializing model...
2025-05-09 20:29:52,040 - INFO - Fitting model...
2025-05-09 20:32:14,385 - INFO - Saved weights to /s/ls4/users/selibrin/spiking_researches/correlation_encoding_and_training/mnist/hpo/shifted_nn_symm_stdp_synapse/hpo_data/hpo_iteration_data/4339491/estimator_1_neuron_7_weights.npy
2025-05-09 20:32:14,386 - INFO - Evaluating model...
2025-05-09 20:35:52,765 - INFO - Saved validation outputs to /s/ls4/users/selibrin/spiking_researches/correlation_encoding_and_training/mnist/hpo/shifted_nn_symm_stdp_synapse/hpo_data/hpo_iteration_data/4339491/estimator_1_neuron_7_validation_outputs.npy
2025-05-09 20:35:52,766 - INFO - Waiting for parameters file: /s/ls4/users/selibrin/spiking_researches/correlation_encoding_and_training/mnist/hpo/shifted_nn_symm_stdp_synapse/hpo_data/hpo_iteration_data/4339491/params_1_7.pkl
2025-05-09 20:36:22,802 - INFO - Loaded HPO parameters
2025-05-09 20:36:22,802 - INFO - Preparing datasets...
2025-05-09 20:36:28,187 - INFO - Prepared datasets: 295 train & 1000 validation samples
2025-05-09 20:36:28,187 - INFO - Initializing model...
2025-05-09 20:36:28,192 - INFO - Fitting model...
2025-05-09 20:37:42,122 - INFO - Saved weights to /s/ls4/users/selibrin/spiking_researches/correlation_encoding_and_training/mnist/hpo/shifted_nn_symm_stdp_synapse/hpo_data/hpo_iteration_data/4339491/estimator_1_neuron_7_weights.npy
2025-05-09 20:37:42,122 - INFO - Evaluating model...
2025-05-09 20:41:23,195 - INFO - Saved validation outputs to /s/ls4/users/selibrin/spiking_researches/correlation_encoding_and_training/mnist/hpo/shifted_nn_symm_stdp_synapse/hpo_data/hpo_iteration_data/4339491/estimator_1_neuron_7_validation_outputs.npy
2025-05-09 20:41:23,195 - INFO - Waiting for parameters file: /s/ls4/users/selibrin/spiking_researches/correlation_encoding_and_training/mnist/hpo/shifted_nn_symm_stdp_synapse/hpo_data/hpo_iteration_data/4339491/params_1_7.pkl
2025-05-09 20:41:58,238 - INFO - Loaded HPO parameters
2025-05-09 20:41:58,239 - INFO - Preparing datasets...
2025-05-09 20:42:03,696 - INFO - Prepared datasets: 590 train & 1000 validation samples
2025-05-09 20:42:03,696 - INFO - Initializing model...
2025-05-09 20:42:03,699 - INFO - Fitting model...
2025-05-09 20:44:27,586 - INFO - Saved weights to /s/ls4/users/selibrin/spiking_researches/correlation_encoding_and_training/mnist/hpo/shifted_nn_symm_stdp_synapse/hpo_data/hpo_iteration_data/4339491/estimator_1_neuron_7_weights.npy
2025-05-09 20:44:27,586 - INFO - Evaluating model...
2025-05-09 20:48:08,065 - INFO - Saved validation outputs to /s/ls4/users/selibrin/spiking_researches/correlation_encoding_and_training/mnist/hpo/shifted_nn_symm_stdp_synapse/hpo_data/hpo_iteration_data/4339491/estimator_1_neuron_7_validation_outputs.npy
2025-05-09 20:48:08,065 - INFO - Waiting for parameters file: /s/ls4/users/selibrin/spiking_researches/correlation_encoding_and_training/mnist/hpo/shifted_nn_symm_stdp_synapse/hpo_data/hpo_iteration_data/4339491/params_1_7.pkl
2025-05-09 20:48:33,099 - INFO - Loaded HPO parameters
2025-05-09 20:48:33,100 - INFO - Preparing datasets...
2025-05-09 20:48:38,137 - INFO - Prepared datasets: 590 train & 1000 validation samples
2025-05-09 20:48:38,137 - INFO - Initializing model...
2025-05-09 20:48:38,141 - INFO - Fitting model...
2025-05-09 20:51:00,701 - INFO - Saved weights to /s/ls4/users/selibrin/spiking_researches/correlation_encoding_and_training/mnist/hpo/shifted_nn_symm_stdp_synapse/hpo_data/hpo_iteration_data/4339491/estimator_1_neuron_7_weights.npy
2025-05-09 20:51:00,702 - INFO - Evaluating model...
2025-05-09 20:54:41,031 - INFO - Saved validation outputs to /s/ls4/users/selibrin/spiking_researches/correlation_encoding_and_training/mnist/hpo/shifted_nn_symm_stdp_synapse/hpo_data/hpo_iteration_data/4339491/estimator_1_neuron_7_validation_outputs.npy
2025-05-09 20:54:41,031 - INFO - Waiting for parameters file: /s/ls4/users/selibrin/spiking_researches/correlation_encoding_and_training/mnist/hpo/shifted_nn_symm_stdp_synapse/hpo_data/hpo_iteration_data/4339491/params_1_7.pkl
2025-05-09 20:55:11,070 - INFO - Loaded HPO parameters
2025-05-09 20:55:11,070 - INFO - Preparing datasets...
2025-05-09 20:55:16,446 - INFO - Prepared datasets: 1180 train & 1000 validation samples
2025-05-09 20:55:16,447 - INFO - Initializing model...
2025-05-09 20:55:16,450 - INFO - Fitting model...
2025-05-09 21:00:04,527 - INFO - Saved weights to /s/ls4/users/selibrin/spiking_researches/correlation_encoding_and_training/mnist/hpo/shifted_nn_symm_stdp_synapse/hpo_data/hpo_iteration_data/4339491/estimator_1_neuron_7_weights.npy
2025-05-09 21:00:04,528 - INFO - Evaluating model...
2025-05-09 21:03:44,611 - INFO - Saved validation outputs to /s/ls4/users/selibrin/spiking_researches/correlation_encoding_and_training/mnist/hpo/shifted_nn_symm_stdp_synapse/hpo_data/hpo_iteration_data/4339491/estimator_1_neuron_7_validation_outputs.npy
2025-05-09 21:03:44,612 - INFO - Waiting for parameters file: /s/ls4/users/selibrin/spiking_researches/correlation_encoding_and_training/mnist/hpo/shifted_nn_symm_stdp_synapse/hpo_data/hpo_iteration_data/4339491/params_1_7.pkl
2025-05-09 21:04:14,650 - INFO - Loaded HPO parameters
2025-05-09 21:04:14,650 - INFO - Preparing datasets...
2025-05-09 21:04:19,637 - INFO - Prepared datasets: 1180 train & 1000 validation samples
2025-05-09 21:04:19,638 - INFO - Initializing model...
2025-05-09 21:04:19,644 - INFO - Fitting model...
2025-05-09 21:10:10,851 - INFO - Saved weights to /s/ls4/users/selibrin/spiking_researches/correlation_encoding_and_training/mnist/hpo/shifted_nn_symm_stdp_synapse/hpo_data/hpo_iteration_data/4339491/estimator_1_neuron_7_weights.npy
2025-05-09 21:10:10,851 - INFO - Evaluating model...
2025-05-09 21:13:54,309 - INFO - Saved validation outputs to /s/ls4/users/selibrin/spiking_researches/correlation_encoding_and_training/mnist/hpo/shifted_nn_symm_stdp_synapse/hpo_data/hpo_iteration_data/4339491/estimator_1_neuron_7_validation_outputs.npy
2025-05-09 21:13:54,310 - INFO - Waiting for parameters file: /s/ls4/users/selibrin/spiking_researches/correlation_encoding_and_training/mnist/hpo/shifted_nn_symm_stdp_synapse/hpo_data/hpo_iteration_data/4339491/params_1_7.pkl
2025-05-09 21:14:19,340 - INFO - Loaded HPO parameters
2025-05-09 21:14:19,340 - INFO - Preparing datasets...
2025-05-09 21:14:24,594 - INFO - Prepared datasets: 1180 train & 1000 validation samples
2025-05-09 21:14:24,595 - INFO - Initializing model...
2025-05-09 21:14:24,599 - INFO - Fitting model...
2025-05-09 21:19:07,593 - INFO - Saved weights to /s/ls4/users/selibrin/spiking_researches/correlation_encoding_and_training/mnist/hpo/shifted_nn_symm_stdp_synapse/hpo_data/hpo_iteration_data/4339491/estimator_1_neuron_7_weights.npy
2025-05-09 21:19:07,593 - INFO - Evaluating model...
2025-05-09 21:22:38,459 - INFO - Saved validation outputs to /s/ls4/users/selibrin/spiking_researches/correlation_encoding_and_training/mnist/hpo/shifted_nn_symm_stdp_synapse/hpo_data/hpo_iteration_data/4339491/estimator_1_neuron_7_validation_outputs.npy
2025-05-09 21:22:38,459 - INFO - Waiting for parameters file: /s/ls4/users/selibrin/spiking_researches/correlation_encoding_and_training/mnist/hpo/shifted_nn_symm_stdp_synapse/hpo_data/hpo_iteration_data/4339491/params_1_7.pkl
2025-05-09 21:22:53,480 - INFO - Loaded HPO parameters
2025-05-09 21:22:53,481 - INFO - Preparing datasets...
2025-05-09 21:22:58,507 - INFO - Prepared datasets: 1180 train & 1000 validation samples
2025-05-09 21:22:58,508 - INFO - Initializing model...
2025-05-09 21:22:58,511 - INFO - Fitting model...
2025-05-09 21:27:40,796 - INFO - Saved weights to /s/ls4/users/selibrin/spiking_researches/correlation_encoding_and_training/mnist/hpo/shifted_nn_symm_stdp_synapse/hpo_data/hpo_iteration_data/4339491/estimator_1_neuron_7_weights.npy
2025-05-09 21:27:40,796 - INFO - Evaluating model...
2025-05-09 21:31:16,512 - INFO - Saved validation outputs to /s/ls4/users/selibrin/spiking_researches/correlation_encoding_and_training/mnist/hpo/shifted_nn_symm_stdp_synapse/hpo_data/hpo_iteration_data/4339491/estimator_1_neuron_7_validation_outputs.npy
2025-05-09 21:31:16,513 - INFO - Waiting for parameters file: /s/ls4/users/selibrin/spiking_researches/correlation_encoding_and_training/mnist/hpo/shifted_nn_symm_stdp_synapse/hpo_data/hpo_iteration_data/4339491/params_1_7.pkl
2025-05-09 21:31:26,530 - INFO - Loaded HPO parameters
2025-05-09 21:31:26,530 - INFO - Preparing datasets...
2025-05-09 21:31:31,729 - INFO - Prepared datasets: 295 train & 1000 validation samples
2025-05-09 21:31:31,729 - INFO - Initializing model...
2025-05-09 21:31:31,733 - INFO - Fitting model...
2025-05-09 21:33:06,508 - INFO - Saved weights to /s/ls4/users/selibrin/spiking_researches/correlation_encoding_and_training/mnist/hpo/shifted_nn_symm_stdp_synapse/hpo_data/hpo_iteration_data/4339491/estimator_1_neuron_7_weights.npy
2025-05-09 21:33:06,508 - INFO - Evaluating model...
2025-05-09 21:36:57,334 - INFO - Saved validation outputs to /s/ls4/users/selibrin/spiking_researches/correlation_encoding_and_training/mnist/hpo/shifted_nn_symm_stdp_synapse/hpo_data/hpo_iteration_data/4339491/estimator_1_neuron_7_validation_outputs.npy
2025-05-09 21:36:57,334 - INFO - Waiting for parameters file: /s/ls4/users/selibrin/spiking_researches/correlation_encoding_and_training/mnist/hpo/shifted_nn_symm_stdp_synapse/hpo_data/hpo_iteration_data/4339491/params_1_7.pkl
2025-05-09 21:37:27,373 - INFO - Loaded HPO parameters
2025-05-09 21:37:27,373 - INFO - Preparing datasets...
2025-05-09 21:37:32,682 - INFO - Prepared datasets: 1180 train & 1000 validation samples
2025-05-09 21:37:32,683 - INFO - Initializing model...
2025-05-09 21:37:32,686 - INFO - Fitting model...
2025-05-09 21:44:00,143 - INFO - Saved weights to /s/ls4/users/selibrin/spiking_researches/correlation_encoding_and_training/mnist/hpo/shifted_nn_symm_stdp_synapse/hpo_data/hpo_iteration_data/4339491/estimator_1_neuron_7_weights.npy
2025-05-09 21:44:00,143 - INFO - Evaluating model...
2025-05-09 21:47:52,663 - INFO - Saved validation outputs to /s/ls4/users/selibrin/spiking_researches/correlation_encoding_and_training/mnist/hpo/shifted_nn_symm_stdp_synapse/hpo_data/hpo_iteration_data/4339491/estimator_1_neuron_7_validation_outputs.npy
2025-05-09 21:47:52,664 - INFO - Waiting for parameters file: /s/ls4/users/selibrin/spiking_researches/correlation_encoding_and_training/mnist/hpo/shifted_nn_symm_stdp_synapse/hpo_data/hpo_iteration_data/4339491/params_1_7.pkl
2025-05-09 21:48:02,679 - INFO - Loaded HPO parameters
2025-05-09 21:48:02,680 - INFO - Preparing datasets...
2025-05-09 21:48:07,963 - INFO - Prepared datasets: 295 train & 1000 validation samples
2025-05-09 21:48:07,963 - INFO - Initializing model...
2025-05-09 21:48:07,966 - INFO - Fitting model...
2025-05-09 21:49:23,745 - INFO - Saved weights to /s/ls4/users/selibrin/spiking_researches/correlation_encoding_and_training/mnist/hpo/shifted_nn_symm_stdp_synapse/hpo_data/hpo_iteration_data/4339491/estimator_1_neuron_7_weights.npy
2025-05-09 21:49:23,745 - INFO - Evaluating model...
2025-05-09 21:53:04,302 - INFO - Saved validation outputs to /s/ls4/users/selibrin/spiking_researches/correlation_encoding_and_training/mnist/hpo/shifted_nn_symm_stdp_synapse/hpo_data/hpo_iteration_data/4339491/estimator_1_neuron_7_validation_outputs.npy
2025-05-09 21:53:04,302 - INFO - Waiting for parameters file: /s/ls4/users/selibrin/spiking_researches/correlation_encoding_and_training/mnist/hpo/shifted_nn_symm_stdp_synapse/hpo_data/hpo_iteration_data/4339491/params_1_7.pkl
2025-05-09 21:53:34,339 - INFO - Loaded HPO parameters
2025-05-09 21:53:34,340 - INFO - Preparing datasets...
2025-05-09 21:53:39,756 - INFO - Prepared datasets: 295 train & 1000 validation samples
2025-05-09 21:53:39,757 - INFO - Initializing model...
2025-05-09 21:53:39,760 - INFO - Fitting model...
2025-05-09 21:54:53,797 - INFO - Saved weights to /s/ls4/users/selibrin/spiking_researches/correlation_encoding_and_training/mnist/hpo/shifted_nn_symm_stdp_synapse/hpo_data/hpo_iteration_data/4339491/estimator_1_neuron_7_weights.npy
2025-05-09 21:54:53,798 - INFO - Evaluating model...
2025-05-09 21:58:36,168 - INFO - Saved validation outputs to /s/ls4/users/selibrin/spiking_researches/correlation_encoding_and_training/mnist/hpo/shifted_nn_symm_stdp_synapse/hpo_data/hpo_iteration_data/4339491/estimator_1_neuron_7_validation_outputs.npy
2025-05-09 21:58:36,168 - INFO - Waiting for parameters file: /s/ls4/users/selibrin/spiking_researches/correlation_encoding_and_training/mnist/hpo/shifted_nn_symm_stdp_synapse/hpo_data/hpo_iteration_data/4339491/params_1_7.pkl
2025-05-09 21:59:11,225 - INFO - Loaded HPO parameters
2025-05-09 21:59:11,225 - INFO - Preparing datasets...
2025-05-09 21:59:16,344 - INFO - Prepared datasets: 590 train & 1000 validation samples
2025-05-09 21:59:16,344 - INFO - Initializing model...
2025-05-09 21:59:16,347 - INFO - Fitting model...
2025-05-09 22:02:29,492 - INFO - Saved weights to /s/ls4/users/selibrin/spiking_researches/correlation_encoding_and_training/mnist/hpo/shifted_nn_symm_stdp_synapse/hpo_data/hpo_iteration_data/4339491/estimator_1_neuron_7_weights.npy
2025-05-09 22:02:29,493 - INFO - Evaluating model...
2025-05-09 22:06:20,403 - INFO - Saved validation outputs to /s/ls4/users/selibrin/spiking_researches/correlation_encoding_and_training/mnist/hpo/shifted_nn_symm_stdp_synapse/hpo_data/hpo_iteration_data/4339491/estimator_1_neuron_7_validation_outputs.npy
2025-05-09 22:06:20,404 - INFO - Waiting for parameters file: /s/ls4/users/selibrin/spiking_researches/correlation_encoding_and_training/mnist/hpo/shifted_nn_symm_stdp_synapse/hpo_data/hpo_iteration_data/4339491/params_1_7.pkl
2025-05-09 22:06:45,435 - INFO - Loaded HPO parameters
2025-05-09 22:06:45,435 - INFO - Preparing datasets...
2025-05-09 22:06:50,606 - INFO - Prepared datasets: 590 train & 1000 validation samples
2025-05-09 22:06:50,606 - INFO - Initializing model...
2025-05-09 22:06:50,610 - INFO - Fitting model...
2025-05-09 22:09:37,907 - INFO - Saved weights to /s/ls4/users/selibrin/spiking_researches/correlation_encoding_and_training/mnist/hpo/shifted_nn_symm_stdp_synapse/hpo_data/hpo_iteration_data/4339491/estimator_1_neuron_7_weights.npy
2025-05-09 22:09:37,908 - INFO - Evaluating model...
2025-05-09 22:13:22,118 - INFO - Saved validation outputs to /s/ls4/users/selibrin/spiking_researches/correlation_encoding_and_training/mnist/hpo/shifted_nn_symm_stdp_synapse/hpo_data/hpo_iteration_data/4339491/estimator_1_neuron_7_validation_outputs.npy
2025-05-09 22:13:22,118 - INFO - Waiting for parameters file: /s/ls4/users/selibrin/spiking_researches/correlation_encoding_and_training/mnist/hpo/shifted_nn_symm_stdp_synapse/hpo_data/hpo_iteration_data/4339491/params_1_7.pkl
2025-05-09 22:13:47,547 - INFO - Loaded HPO parameters
2025-05-09 22:13:47,547 - INFO - Preparing datasets...
2025-05-09 22:13:52,713 - INFO - Prepared datasets: 1180 train & 1000 validation samples
2025-05-09 22:13:52,714 - INFO - Initializing model...
2025-05-09 22:13:52,717 - INFO - Fitting model...
2025-05-09 22:18:35,600 - INFO - Saved weights to /s/ls4/users/selibrin/spiking_researches/correlation_encoding_and_training/mnist/hpo/shifted_nn_symm_stdp_synapse/hpo_data/hpo_iteration_data/4339491/estimator_1_neuron_7_weights.npy
2025-05-09 22:18:35,600 - INFO - Evaluating model...
2025-05-09 22:22:13,430 - INFO - Saved validation outputs to /s/ls4/users/selibrin/spiking_researches/correlation_encoding_and_training/mnist/hpo/shifted_nn_symm_stdp_synapse/hpo_data/hpo_iteration_data/4339491/estimator_1_neuron_7_validation_outputs.npy
2025-05-09 22:22:13,430 - INFO - Waiting for parameters file: /s/ls4/users/selibrin/spiking_researches/correlation_encoding_and_training/mnist/hpo/shifted_nn_symm_stdp_synapse/hpo_data/hpo_iteration_data/4339491/params_1_7.pkl
2025-05-09 22:22:48,480 - INFO - Loaded HPO parameters
2025-05-09 22:22:48,480 - INFO - Preparing datasets...
2025-05-09 22:22:53,806 - INFO - Prepared datasets: 590 train & 1000 validation samples
2025-05-09 22:22:53,806 - INFO - Initializing model...
2025-05-09 22:22:53,906 - INFO - Fitting model...
2025-05-09 22:25:26,084 - INFO - Saved weights to /s/ls4/users/selibrin/spiking_researches/correlation_encoding_and_training/mnist/hpo/shifted_nn_symm_stdp_synapse/hpo_data/hpo_iteration_data/4339491/estimator_1_neuron_7_weights.npy
2025-05-09 22:25:26,084 - INFO - Evaluating model...
2025-05-09 22:29:08,375 - INFO - Saved validation outputs to /s/ls4/users/selibrin/spiking_researches/correlation_encoding_and_training/mnist/hpo/shifted_nn_symm_stdp_synapse/hpo_data/hpo_iteration_data/4339491/estimator_1_neuron_7_validation_outputs.npy
2025-05-09 22:29:08,375 - INFO - Waiting for parameters file: /s/ls4/users/selibrin/spiking_researches/correlation_encoding_and_training/mnist/hpo/shifted_nn_symm_stdp_synapse/hpo_data/hpo_iteration_data/4339491/params_1_7.pkl
2025-05-09 22:29:23,399 - INFO - Loaded HPO parameters
2025-05-09 22:29:23,399 - INFO - Preparing datasets...
2025-05-09 22:29:28,712 - INFO - Prepared datasets: 590 train & 1000 validation samples
2025-05-09 22:29:28,712 - INFO - Initializing model...
2025-05-09 22:29:28,716 - INFO - Fitting model...
2025-05-09 22:32:06,290 - INFO - Saved weights to /s/ls4/users/selibrin/spiking_researches/correlation_encoding_and_training/mnist/hpo/shifted_nn_symm_stdp_synapse/hpo_data/hpo_iteration_data/4339491/estimator_1_neuron_7_weights.npy
2025-05-09 22:32:06,290 - INFO - Evaluating model...
2025-05-09 22:35:49,553 - INFO - Saved validation outputs to /s/ls4/users/selibrin/spiking_researches/correlation_encoding_and_training/mnist/hpo/shifted_nn_symm_stdp_synapse/hpo_data/hpo_iteration_data/4339491/estimator_1_neuron_7_validation_outputs.npy
2025-05-09 22:35:49,554 - INFO - Waiting for parameters file: /s/ls4/users/selibrin/spiking_researches/correlation_encoding_and_training/mnist/hpo/shifted_nn_symm_stdp_synapse/hpo_data/hpo_iteration_data/4339491/params_1_7.pkl
2025-05-09 22:36:29,605 - INFO - Loaded HPO parameters
2025-05-09 22:36:29,605 - INFO - Preparing datasets...
2025-05-09 22:36:34,609 - INFO - Prepared datasets: 295 train & 1000 validation samples
2025-05-09 22:36:34,609 - INFO - Initializing model...
2025-05-09 22:36:34,612 - INFO - Fitting model...
2025-05-09 22:37:47,520 - INFO - Saved weights to /s/ls4/users/selibrin/spiking_researches/correlation_encoding_and_training/mnist/hpo/shifted_nn_symm_stdp_synapse/hpo_data/hpo_iteration_data/4339491/estimator_1_neuron_7_weights.npy
2025-05-09 22:37:47,520 - INFO - Evaluating model...
2025-05-09 22:41:25,896 - INFO - Saved validation outputs to /s/ls4/users/selibrin/spiking_researches/correlation_encoding_and_training/mnist/hpo/shifted_nn_symm_stdp_synapse/hpo_data/hpo_iteration_data/4339491/estimator_1_neuron_7_validation_outputs.npy
2025-05-09 22:41:25,897 - INFO - Waiting for parameters file: /s/ls4/users/selibrin/spiking_researches/correlation_encoding_and_training/mnist/hpo/shifted_nn_symm_stdp_synapse/hpo_data/hpo_iteration_data/4339491/params_1_7.pkl
2025-05-09 22:42:00,943 - INFO - Loaded HPO parameters
2025-05-09 22:42:00,944 - INFO - Preparing datasets...
2025-05-09 22:42:06,329 - INFO - Prepared datasets: 295 train & 1000 validation samples
2025-05-09 22:42:06,329 - INFO - Initializing model...
2025-05-09 22:42:06,333 - INFO - Fitting model...
2025-05-09 22:43:21,729 - INFO - Saved weights to /s/ls4/users/selibrin/spiking_researches/correlation_encoding_and_training/mnist/hpo/shifted_nn_symm_stdp_synapse/hpo_data/hpo_iteration_data/4339491/estimator_1_neuron_7_weights.npy
2025-05-09 22:43:21,730 - INFO - Evaluating model...
2025-05-09 22:47:04,210 - INFO - Saved validation outputs to /s/ls4/users/selibrin/spiking_researches/correlation_encoding_and_training/mnist/hpo/shifted_nn_symm_stdp_synapse/hpo_data/hpo_iteration_data/4339491/estimator_1_neuron_7_validation_outputs.npy
2025-05-09 22:47:04,210 - INFO - Waiting for parameters file: /s/ls4/users/selibrin/spiking_researches/correlation_encoding_and_training/mnist/hpo/shifted_nn_symm_stdp_synapse/hpo_data/hpo_iteration_data/4339491/params_1_7.pkl
2025-05-09 22:47:34,247 - INFO - Loaded HPO parameters
2025-05-09 22:47:34,248 - INFO - Preparing datasets...
2025-05-09 22:47:39,697 - INFO - Prepared datasets: 295 train & 1000 validation samples
2025-05-09 22:47:39,697 - INFO - Initializing model...
2025-05-09 22:47:39,702 - INFO - Fitting model...
2025-05-09 22:49:01,106 - INFO - Saved weights to /s/ls4/users/selibrin/spiking_researches/correlation_encoding_and_training/mnist/hpo/shifted_nn_symm_stdp_synapse/hpo_data/hpo_iteration_data/4339491/estimator_1_neuron_7_weights.npy
2025-05-09 22:49:01,106 - INFO - Evaluating model...
2025-05-09 22:52:46,775 - INFO - Saved validation outputs to /s/ls4/users/selibrin/spiking_researches/correlation_encoding_and_training/mnist/hpo/shifted_nn_symm_stdp_synapse/hpo_data/hpo_iteration_data/4339491/estimator_1_neuron_7_validation_outputs.npy
2025-05-09 22:52:46,775 - INFO - Waiting for parameters file: /s/ls4/users/selibrin/spiking_researches/correlation_encoding_and_training/mnist/hpo/shifted_nn_symm_stdp_synapse/hpo_data/hpo_iteration_data/4339491/params_1_7.pkl
2025-05-09 22:53:11,806 - INFO - Loaded HPO parameters
2025-05-09 22:53:11,807 - INFO - Preparing datasets...
2025-05-09 22:53:16,884 - INFO - Prepared datasets: 295 train & 1000 validation samples
2025-05-09 22:53:16,884 - INFO - Initializing model...
2025-05-09 22:53:16,887 - INFO - Fitting model...
2025-05-09 22:54:28,448 - INFO - Saved weights to /s/ls4/users/selibrin/spiking_researches/correlation_encoding_and_training/mnist/hpo/shifted_nn_symm_stdp_synapse/hpo_data/hpo_iteration_data/4339491/estimator_1_neuron_7_weights.npy
2025-05-09 22:54:28,448 - INFO - Evaluating model...
2025-05-09 22:58:09,086 - INFO - Saved validation outputs to /s/ls4/users/selibrin/spiking_researches/correlation_encoding_and_training/mnist/hpo/shifted_nn_symm_stdp_synapse/hpo_data/hpo_iteration_data/4339491/estimator_1_neuron_7_validation_outputs.npy
2025-05-09 22:58:09,087 - INFO - Waiting for parameters file: /s/ls4/users/selibrin/spiking_researches/correlation_encoding_and_training/mnist/hpo/shifted_nn_symm_stdp_synapse/hpo_data/hpo_iteration_data/4339491/params_1_7.pkl
2025-05-09 22:58:44,128 - INFO - Loaded HPO parameters
2025-05-09 22:58:44,129 - INFO - Preparing datasets...
2025-05-09 22:58:49,273 - INFO - Prepared datasets: 295 train & 1000 validation samples
2025-05-09 22:58:49,273 - INFO - Initializing model...
2025-05-09 22:58:49,276 - INFO - Fitting model...
2025-05-09 23:00:04,287 - INFO - Saved weights to /s/ls4/users/selibrin/spiking_researches/correlation_encoding_and_training/mnist/hpo/shifted_nn_symm_stdp_synapse/hpo_data/hpo_iteration_data/4339491/estimator_1_neuron_7_weights.npy
2025-05-09 23:00:04,288 - INFO - Evaluating model...
2025-05-09 23:03:48,505 - INFO - Saved validation outputs to /s/ls4/users/selibrin/spiking_researches/correlation_encoding_and_training/mnist/hpo/shifted_nn_symm_stdp_synapse/hpo_data/hpo_iteration_data/4339491/estimator_1_neuron_7_validation_outputs.npy
2025-05-09 23:03:48,505 - INFO - Waiting for parameters file: /s/ls4/users/selibrin/spiking_researches/correlation_encoding_and_training/mnist/hpo/shifted_nn_symm_stdp_synapse/hpo_data/hpo_iteration_data/4339491/params_1_7.pkl
2025-05-09 23:04:18,542 - INFO - Loaded HPO parameters
2025-05-09 23:04:18,543 - INFO - Preparing datasets...
2025-05-09 23:04:23,828 - INFO - Prepared datasets: 295 train & 1000 validation samples
2025-05-09 23:04:23,829 - INFO - Initializing model...
2025-05-09 23:04:23,832 - INFO - Fitting model...
2025-05-09 23:05:44,062 - INFO - Saved weights to /s/ls4/users/selibrin/spiking_researches/correlation_encoding_and_training/mnist/hpo/shifted_nn_symm_stdp_synapse/hpo_data/hpo_iteration_data/4339491/estimator_1_neuron_7_weights.npy
2025-05-09 23:05:44,063 - INFO - Evaluating model...
2025-05-09 23:09:28,053 - INFO - Saved validation outputs to /s/ls4/users/selibrin/spiking_researches/correlation_encoding_and_training/mnist/hpo/shifted_nn_symm_stdp_synapse/hpo_data/hpo_iteration_data/4339491/estimator_1_neuron_7_validation_outputs.npy
2025-05-09 23:09:28,053 - INFO - Waiting for parameters file: /s/ls4/users/selibrin/spiking_researches/correlation_encoding_and_training/mnist/hpo/shifted_nn_symm_stdp_synapse/hpo_data/hpo_iteration_data/4339491/params_1_7.pkl
2025-05-09 23:09:53,088 - INFO - Loaded HPO parameters
2025-05-09 23:09:53,088 - INFO - Preparing datasets...
2025-05-09 23:09:58,537 - INFO - Prepared datasets: 295 train & 1000 validation samples
2025-05-09 23:09:58,537 - INFO - Initializing model...
2025-05-09 23:09:58,540 - INFO - Fitting model...
2025-05-09 23:11:08,577 - INFO - Saved weights to /s/ls4/users/selibrin/spiking_researches/correlation_encoding_and_training/mnist/hpo/shifted_nn_symm_stdp_synapse/hpo_data/hpo_iteration_data/4339491/estimator_1_neuron_7_weights.npy
2025-05-09 23:11:08,577 - INFO - Evaluating model...
2025-05-09 23:14:43,680 - INFO - Saved validation outputs to /s/ls4/users/selibrin/spiking_researches/correlation_encoding_and_training/mnist/hpo/shifted_nn_symm_stdp_synapse/hpo_data/hpo_iteration_data/4339491/estimator_1_neuron_7_validation_outputs.npy
2025-05-09 23:14:43,681 - INFO - Waiting for parameters file: /s/ls4/users/selibrin/spiking_researches/correlation_encoding_and_training/mnist/hpo/shifted_nn_symm_stdp_synapse/hpo_data/hpo_iteration_data/4339491/params_1_7.pkl
2025-05-09 23:14:58,702 - INFO - Loaded HPO parameters
2025-05-09 23:14:58,702 - INFO - Preparing datasets...
2025-05-09 23:15:03,906 - INFO - Prepared datasets: 295 train & 1000 validation samples
2025-05-09 23:15:03,906 - INFO - Initializing model...
2025-05-09 23:15:03,910 - INFO - Fitting model...
2025-05-09 23:16:17,770 - INFO - Saved weights to /s/ls4/users/selibrin/spiking_researches/correlation_encoding_and_training/mnist/hpo/shifted_nn_symm_stdp_synapse/hpo_data/hpo_iteration_data/4339491/estimator_1_neuron_7_weights.npy
2025-05-09 23:16:17,771 - INFO - Evaluating model...
2025-05-09 23:19:56,404 - INFO - Saved validation outputs to /s/ls4/users/selibrin/spiking_researches/correlation_encoding_and_training/mnist/hpo/shifted_nn_symm_stdp_synapse/hpo_data/hpo_iteration_data/4339491/estimator_1_neuron_7_validation_outputs.npy
2025-05-09 23:19:56,405 - INFO - Waiting for parameters file: /s/ls4/users/selibrin/spiking_researches/correlation_encoding_and_training/mnist/hpo/shifted_nn_symm_stdp_synapse/hpo_data/hpo_iteration_data/4339491/params_1_7.pkl
2025-05-09 23:20:31,443 - INFO - Loaded HPO parameters
2025-05-09 23:20:31,443 - INFO - Preparing datasets...
2025-05-09 23:20:36,595 - INFO - Prepared datasets: 295 train & 1000 validation samples
2025-05-09 23:20:36,595 - INFO - Initializing model...
2025-05-09 23:20:36,599 - INFO - Fitting model...
2025-05-09 23:21:55,546 - INFO - Saved weights to /s/ls4/users/selibrin/spiking_researches/correlation_encoding_and_training/mnist/hpo/shifted_nn_symm_stdp_synapse/hpo_data/hpo_iteration_data/4339491/estimator_1_neuron_7_weights.npy
2025-05-09 23:21:55,546 - INFO - Evaluating model...
2025-05-09 23:25:37,614 - INFO - Saved validation outputs to /s/ls4/users/selibrin/spiking_researches/correlation_encoding_and_training/mnist/hpo/shifted_nn_symm_stdp_synapse/hpo_data/hpo_iteration_data/4339491/estimator_1_neuron_7_validation_outputs.npy
2025-05-09 23:25:37,614 - INFO - Waiting for parameters file: /s/ls4/users/selibrin/spiking_researches/correlation_encoding_and_training/mnist/hpo/shifted_nn_symm_stdp_synapse/hpo_data/hpo_iteration_data/4339491/params_1_7.pkl
2025-05-09 23:26:07,653 - INFO - Loaded HPO parameters
2025-05-09 23:26:07,653 - INFO - Preparing datasets...
2025-05-09 23:26:12,840 - INFO - Prepared datasets: 295 train & 1000 validation samples
2025-05-09 23:26:12,840 - INFO - Initializing model...
2025-05-09 23:26:12,844 - INFO - Fitting model...
2025-05-09 23:27:21,902 - INFO - Saved weights to /s/ls4/users/selibrin/spiking_researches/correlation_encoding_and_training/mnist/hpo/shifted_nn_symm_stdp_synapse/hpo_data/hpo_iteration_data/4339491/estimator_1_neuron_7_weights.npy
2025-05-09 23:27:21,903 - INFO - Evaluating model...
2025-05-09 23:30:57,408 - INFO - Saved validation outputs to /s/ls4/users/selibrin/spiking_researches/correlation_encoding_and_training/mnist/hpo/shifted_nn_symm_stdp_synapse/hpo_data/hpo_iteration_data/4339491/estimator_1_neuron_7_validation_outputs.npy
2025-05-09 23:30:57,409 - INFO - Waiting for parameters file: /s/ls4/users/selibrin/spiking_researches/correlation_encoding_and_training/mnist/hpo/shifted_nn_symm_stdp_synapse/hpo_data/hpo_iteration_data/4339491/params_1_7.pkl
2025-05-09 23:31:12,432 - INFO - Loaded HPO parameters
2025-05-09 23:31:12,432 - INFO - Preparing datasets...
2025-05-09 23:31:17,725 - INFO - Prepared datasets: 295 train & 1000 validation samples
2025-05-09 23:31:17,726 - INFO - Initializing model...
2025-05-09 23:31:17,729 - INFO - Fitting model...
2025-05-09 23:32:32,647 - INFO - Saved weights to /s/ls4/users/selibrin/spiking_researches/correlation_encoding_and_training/mnist/hpo/shifted_nn_symm_stdp_synapse/hpo_data/hpo_iteration_data/4339491/estimator_1_neuron_7_weights.npy
2025-05-09 23:32:32,647 - INFO - Evaluating model...
2025-05-09 23:36:14,434 - INFO - Saved validation outputs to /s/ls4/users/selibrin/spiking_researches/correlation_encoding_and_training/mnist/hpo/shifted_nn_symm_stdp_synapse/hpo_data/hpo_iteration_data/4339491/estimator_1_neuron_7_validation_outputs.npy
2025-05-09 23:36:14,434 - INFO - Waiting for parameters file: /s/ls4/users/selibrin/spiking_researches/correlation_encoding_and_training/mnist/hpo/shifted_nn_symm_stdp_synapse/hpo_data/hpo_iteration_data/4339491/params_1_7.pkl
2025-05-09 23:36:49,476 - INFO - Loaded HPO parameters
2025-05-09 23:36:49,477 - INFO - Preparing datasets...
2025-05-09 23:36:54,796 - INFO - Prepared datasets: 295 train & 1000 validation samples
2025-05-09 23:36:54,797 - INFO - Initializing model...
2025-05-09 23:36:54,800 - INFO - Fitting model...
2025-05-09 23:38:16,492 - INFO - Saved weights to /s/ls4/users/selibrin/spiking_researches/correlation_encoding_and_training/mnist/hpo/shifted_nn_symm_stdp_synapse/hpo_data/hpo_iteration_data/4339491/estimator_1_neuron_7_weights.npy
2025-05-09 23:38:16,492 - INFO - Evaluating model...
2025-05-09 23:41:59,302 - INFO - Saved validation outputs to /s/ls4/users/selibrin/spiking_researches/correlation_encoding_and_training/mnist/hpo/shifted_nn_symm_stdp_synapse/hpo_data/hpo_iteration_data/4339491/estimator_1_neuron_7_validation_outputs.npy
2025-05-09 23:41:59,302 - INFO - Waiting for parameters file: /s/ls4/users/selibrin/spiking_researches/correlation_encoding_and_training/mnist/hpo/shifted_nn_symm_stdp_synapse/hpo_data/hpo_iteration_data/4339491/params_1_7.pkl
2025-05-09 23:42:24,336 - INFO - Loaded HPO parameters
2025-05-09 23:42:24,337 - INFO - Preparing datasets...
2025-05-09 23:42:29,927 - INFO - Prepared datasets: 295 train & 1000 validation samples
2025-05-09 23:42:29,928 - INFO - Initializing model...
2025-05-09 23:42:29,932 - INFO - Fitting model...
2025-05-09 23:43:50,798 - INFO - Saved weights to /s/ls4/users/selibrin/spiking_researches/correlation_encoding_and_training/mnist/hpo/shifted_nn_symm_stdp_synapse/hpo_data/hpo_iteration_data/4339491/estimator_1_neuron_7_weights.npy
2025-05-09 23:43:50,798 - INFO - Evaluating model...
2025-05-09 23:47:36,958 - INFO - Saved validation outputs to /s/ls4/users/selibrin/spiking_researches/correlation_encoding_and_training/mnist/hpo/shifted_nn_symm_stdp_synapse/hpo_data/hpo_iteration_data/4339491/estimator_1_neuron_7_validation_outputs.npy
2025-05-09 23:47:36,959 - INFO - Waiting for parameters file: /s/ls4/users/selibrin/spiking_researches/correlation_encoding_and_training/mnist/hpo/shifted_nn_symm_stdp_synapse/hpo_data/hpo_iteration_data/4339491/params_1_7.pkl
2025-05-09 23:48:01,991 - INFO - Loaded HPO parameters
2025-05-09 23:48:01,991 - INFO - Preparing datasets...
2025-05-09 23:48:07,288 - INFO - Prepared datasets: 295 train & 1000 validation samples
2025-05-09 23:48:07,288 - INFO - Initializing model...
2025-05-09 23:48:07,291 - INFO - Fitting model...
2025-05-09 23:49:23,389 - INFO - Saved weights to /s/ls4/users/selibrin/spiking_researches/correlation_encoding_and_training/mnist/hpo/shifted_nn_symm_stdp_synapse/hpo_data/hpo_iteration_data/4339491/estimator_1_neuron_7_weights.npy
2025-05-09 23:49:23,390 - INFO - Evaluating model...
2025-05-09 23:53:07,854 - INFO - Saved validation outputs to /s/ls4/users/selibrin/spiking_researches/correlation_encoding_and_training/mnist/hpo/shifted_nn_symm_stdp_synapse/hpo_data/hpo_iteration_data/4339491/estimator_1_neuron_7_validation_outputs.npy
2025-05-09 23:53:07,854 - INFO - Waiting for parameters file: /s/ls4/users/selibrin/spiking_researches/correlation_encoding_and_training/mnist/hpo/shifted_nn_symm_stdp_synapse/hpo_data/hpo_iteration_data/4339491/params_1_7.pkl
2025-05-09 23:53:37,893 - INFO - Loaded HPO parameters
2025-05-09 23:53:37,893 - INFO - Preparing datasets...
2025-05-09 23:53:43,167 - INFO - Prepared datasets: 295 train & 1000 validation samples
2025-05-09 23:53:43,167 - INFO - Initializing model...
2025-05-09 23:53:43,170 - INFO - Fitting model...
2025-05-09 23:55:05,429 - INFO - Saved weights to /s/ls4/users/selibrin/spiking_researches/correlation_encoding_and_training/mnist/hpo/shifted_nn_symm_stdp_synapse/hpo_data/hpo_iteration_data/4339491/estimator_1_neuron_7_weights.npy
2025-05-09 23:55:05,429 - INFO - Evaluating model...
2025-05-09 23:58:51,927 - INFO - Saved validation outputs to /s/ls4/users/selibrin/spiking_researches/correlation_encoding_and_training/mnist/hpo/shifted_nn_symm_stdp_synapse/hpo_data/hpo_iteration_data/4339491/estimator_1_neuron_7_validation_outputs.npy
2025-05-09 23:58:51,928 - INFO - Waiting for parameters file: /s/ls4/users/selibrin/spiking_researches/correlation_encoding_and_training/mnist/hpo/shifted_nn_symm_stdp_synapse/hpo_data/hpo_iteration_data/4339491/params_1_7.pkl
2025-05-09 23:59:16,958 - INFO - Loaded HPO parameters
2025-05-09 23:59:16,958 - INFO - Preparing datasets...
2025-05-09 23:59:22,186 - INFO - Prepared datasets: 295 train & 1000 validation samples
2025-05-09 23:59:22,186 - INFO - Initializing model...
2025-05-09 23:59:22,190 - INFO - Fitting model...
2025-05-10 00:00:35,254 - INFO - Saved weights to /s/ls4/users/selibrin/spiking_researches/correlation_encoding_and_training/mnist/hpo/shifted_nn_symm_stdp_synapse/hpo_data/hpo_iteration_data/4339491/estimator_1_neuron_7_weights.npy
2025-05-10 00:00:35,254 - INFO - Evaluating model...
2025-05-10 00:04:17,182 - INFO - Saved validation outputs to /s/ls4/users/selibrin/spiking_researches/correlation_encoding_and_training/mnist/hpo/shifted_nn_symm_stdp_synapse/hpo_data/hpo_iteration_data/4339491/estimator_1_neuron_7_validation_outputs.npy
2025-05-10 00:04:17,182 - INFO - Waiting for parameters file: /s/ls4/users/selibrin/spiking_researches/correlation_encoding_and_training/mnist/hpo/shifted_nn_symm_stdp_synapse/hpo_data/hpo_iteration_data/4339491/params_1_7.pkl
2025-05-10 00:04:52,228 - INFO - Loaded HPO parameters
2025-05-10 00:04:52,228 - INFO - Preparing datasets...
2025-05-10 00:04:57,395 - INFO - Prepared datasets: 590 train & 1000 validation samples
2025-05-10 00:04:57,395 - INFO - Initializing model...
2025-05-10 00:04:57,398 - INFO - Fitting model...
2025-05-10 00:07:34,562 - INFO - Saved weights to /s/ls4/users/selibrin/spiking_researches/correlation_encoding_and_training/mnist/hpo/shifted_nn_symm_stdp_synapse/hpo_data/hpo_iteration_data/4339491/estimator_1_neuron_7_weights.npy
2025-05-10 00:07:34,562 - INFO - Evaluating model...
2025-05-10 00:11:18,575 - INFO - Saved validation outputs to /s/ls4/users/selibrin/spiking_researches/correlation_encoding_and_training/mnist/hpo/shifted_nn_symm_stdp_synapse/hpo_data/hpo_iteration_data/4339491/estimator_1_neuron_7_validation_outputs.npy
2025-05-10 00:11:18,576 - INFO - Waiting for parameters file: /s/ls4/users/selibrin/spiking_researches/correlation_encoding_and_training/mnist/hpo/shifted_nn_symm_stdp_synapse/hpo_data/hpo_iteration_data/4339491/params_1_7.pkl
2025-05-10 00:11:58,651 - INFO - Loaded HPO parameters
2025-05-10 00:11:58,652 - INFO - Preparing datasets...
2025-05-10 00:12:03,743 - INFO - Prepared datasets: 1180 train & 1000 validation samples
2025-05-10 00:12:03,743 - INFO - Initializing model...
2025-05-10 00:12:03,746 - INFO - Fitting model...
2025-05-10 00:16:57,070 - INFO - Saved weights to /s/ls4/users/selibrin/spiking_researches/correlation_encoding_and_training/mnist/hpo/shifted_nn_symm_stdp_synapse/hpo_data/hpo_iteration_data/4339491/estimator_1_neuron_7_weights.npy
2025-05-10 00:16:57,070 - INFO - Evaluating model...
2025-05-10 00:20:37,364 - INFO - Saved validation outputs to /s/ls4/users/selibrin/spiking_researches/correlation_encoding_and_training/mnist/hpo/shifted_nn_symm_stdp_synapse/hpo_data/hpo_iteration_data/4339491/estimator_1_neuron_7_validation_outputs.npy
2025-05-10 00:20:37,365 - INFO - Waiting for parameters file: /s/ls4/users/selibrin/spiking_researches/correlation_encoding_and_training/mnist/hpo/shifted_nn_symm_stdp_synapse/hpo_data/hpo_iteration_data/4339491/params_1_7.pkl
2025-05-10 00:21:07,403 - INFO - Loaded HPO parameters
2025-05-10 00:21:07,403 - INFO - Preparing datasets...
2025-05-10 00:21:12,659 - INFO - Prepared datasets: 295 train & 1000 validation samples
2025-05-10 00:21:12,659 - INFO - Initializing model...
2025-05-10 00:21:12,662 - INFO - Fitting model...
2025-05-10 00:22:27,738 - INFO - Saved weights to /s/ls4/users/selibrin/spiking_researches/correlation_encoding_and_training/mnist/hpo/shifted_nn_symm_stdp_synapse/hpo_data/hpo_iteration_data/4339491/estimator_1_neuron_7_weights.npy
2025-05-10 00:22:27,738 - INFO - Evaluating model...
2025-05-10 00:26:06,700 - INFO - Saved validation outputs to /s/ls4/users/selibrin/spiking_researches/correlation_encoding_and_training/mnist/hpo/shifted_nn_symm_stdp_synapse/hpo_data/hpo_iteration_data/4339491/estimator_1_neuron_7_validation_outputs.npy
2025-05-10 00:26:06,700 - INFO - Waiting for parameters file: /s/ls4/users/selibrin/spiking_researches/correlation_encoding_and_training/mnist/hpo/shifted_nn_symm_stdp_synapse/hpo_data/hpo_iteration_data/4339491/params_1_7.pkl
2025-05-10 00:26:41,743 - INFO - Loaded HPO parameters
2025-05-10 00:26:41,744 - INFO - Preparing datasets...
2025-05-10 00:26:47,177 - INFO - Prepared datasets: 295 train & 1000 validation samples
2025-05-10 00:26:47,178 - INFO - Initializing model...
2025-05-10 00:26:47,182 - INFO - Fitting model...
2025-05-10 00:28:02,904 - INFO - Saved weights to /s/ls4/users/selibrin/spiking_researches/correlation_encoding_and_training/mnist/hpo/shifted_nn_symm_stdp_synapse/hpo_data/hpo_iteration_data/4339491/estimator_1_neuron_7_weights.npy
2025-05-10 00:28:02,905 - INFO - Evaluating model...
2025-05-10 00:31:44,073 - INFO - Saved validation outputs to /s/ls4/users/selibrin/spiking_researches/correlation_encoding_and_training/mnist/hpo/shifted_nn_symm_stdp_synapse/hpo_data/hpo_iteration_data/4339491/estimator_1_neuron_7_validation_outputs.npy
2025-05-10 00:31:44,073 - INFO - Waiting for parameters file: /s/ls4/users/selibrin/spiking_researches/correlation_encoding_and_training/mnist/hpo/shifted_nn_symm_stdp_synapse/hpo_data/hpo_iteration_data/4339491/params_1_7.pkl
2025-05-10 00:32:19,115 - INFO - Loaded HPO parameters
2025-05-10 00:32:19,115 - INFO - Preparing datasets...
2025-05-10 00:32:24,545 - INFO - Prepared datasets: 1180 train & 1000 validation samples
2025-05-10 00:32:24,546 - INFO - Initializing model...
2025-05-10 00:32:24,550 - INFO - Fitting model...
2025-05-10 00:37:31,192 - INFO - Saved weights to /s/ls4/users/selibrin/spiking_researches/correlation_encoding_and_training/mnist/hpo/shifted_nn_symm_stdp_synapse/hpo_data/hpo_iteration_data/4339491/estimator_1_neuron_7_weights.npy
2025-05-10 00:37:31,192 - INFO - Evaluating model...
2025-05-10 00:41:14,788 - INFO - Saved validation outputs to /s/ls4/users/selibrin/spiking_researches/correlation_encoding_and_training/mnist/hpo/shifted_nn_symm_stdp_synapse/hpo_data/hpo_iteration_data/4339491/estimator_1_neuron_7_validation_outputs.npy
2025-05-10 00:41:14,788 - INFO - Waiting for parameters file: /s/ls4/users/selibrin/spiking_researches/correlation_encoding_and_training/mnist/hpo/shifted_nn_symm_stdp_synapse/hpo_data/hpo_iteration_data/4339491/params_1_7.pkl
2025-05-10 00:41:24,804 - INFO - Loaded HPO parameters
2025-05-10 00:41:24,805 - INFO - Preparing datasets...
2025-05-10 00:41:30,108 - INFO - Prepared datasets: 295 train & 1000 validation samples
2025-05-10 00:41:30,109 - INFO - Initializing model...
2025-05-10 00:41:30,322 - INFO - Fitting model...
2025-05-10 00:42:57,032 - INFO - Saved weights to /s/ls4/users/selibrin/spiking_researches/correlation_encoding_and_training/mnist/hpo/shifted_nn_symm_stdp_synapse/hpo_data/hpo_iteration_data/4339491/estimator_1_neuron_7_weights.npy
2025-05-10 00:42:57,032 - INFO - Evaluating model...
2025-05-10 00:46:42,845 - INFO - Saved validation outputs to /s/ls4/users/selibrin/spiking_researches/correlation_encoding_and_training/mnist/hpo/shifted_nn_symm_stdp_synapse/hpo_data/hpo_iteration_data/4339491/estimator_1_neuron_7_validation_outputs.npy
2025-05-10 00:46:42,845 - INFO - Waiting for parameters file: /s/ls4/users/selibrin/spiking_researches/correlation_encoding_and_training/mnist/hpo/shifted_nn_symm_stdp_synapse/hpo_data/hpo_iteration_data/4339491/params_1_7.pkl
2025-05-10 00:47:02,875 - INFO - Loaded HPO parameters
2025-05-10 00:47:02,875 - INFO - Preparing datasets...
2025-05-10 00:47:08,169 - INFO - Prepared datasets: 590 train & 1000 validation samples
2025-05-10 00:47:08,169 - INFO - Initializing model...
2025-05-10 00:47:08,173 - INFO - Fitting model...
2025-05-10 00:49:37,756 - INFO - Saved weights to /s/ls4/users/selibrin/spiking_researches/correlation_encoding_and_training/mnist/hpo/shifted_nn_symm_stdp_synapse/hpo_data/hpo_iteration_data/4339491/estimator_1_neuron_7_weights.npy
2025-05-10 00:49:37,756 - INFO - Evaluating model...
2025-05-10 00:53:17,388 - INFO - Saved validation outputs to /s/ls4/users/selibrin/spiking_researches/correlation_encoding_and_training/mnist/hpo/shifted_nn_symm_stdp_synapse/hpo_data/hpo_iteration_data/4339491/estimator_1_neuron_7_validation_outputs.npy
2025-05-10 00:53:17,389 - INFO - Waiting for parameters file: /s/ls4/users/selibrin/spiking_researches/correlation_encoding_and_training/mnist/hpo/shifted_nn_symm_stdp_synapse/hpo_data/hpo_iteration_data/4339491/params_1_7.pkl
2025-05-10 00:53:37,417 - INFO - Loaded HPO parameters
2025-05-10 00:53:37,417 - INFO - Preparing datasets...
2025-05-10 00:53:42,736 - INFO - Prepared datasets: 1180 train & 1000 validation samples
2025-05-10 00:53:42,736 - INFO - Initializing model...
2025-05-10 00:53:42,740 - INFO - Fitting model...
2025-05-10 00:58:35,084 - INFO - Saved weights to /s/ls4/users/selibrin/spiking_researches/correlation_encoding_and_training/mnist/hpo/shifted_nn_symm_stdp_synapse/hpo_data/hpo_iteration_data/4339491/estimator_1_neuron_7_weights.npy
2025-05-10 00:58:35,084 - INFO - Evaluating model...
2025-05-10 01:02:12,697 - INFO - Saved validation outputs to /s/ls4/users/selibrin/spiking_researches/correlation_encoding_and_training/mnist/hpo/shifted_nn_symm_stdp_synapse/hpo_data/hpo_iteration_data/4339491/estimator_1_neuron_7_validation_outputs.npy
2025-05-10 01:02:12,697 - INFO - Waiting for parameters file: /s/ls4/users/selibrin/spiking_researches/correlation_encoding_and_training/mnist/hpo/shifted_nn_symm_stdp_synapse/hpo_data/hpo_iteration_data/4339491/params_1_7.pkl
2025-05-10 01:02:47,742 - INFO - Loaded HPO parameters
2025-05-10 01:02:47,742 - INFO - Preparing datasets...
2025-05-10 01:02:52,881 - INFO - Prepared datasets: 1180 train & 1000 validation samples
2025-05-10 01:02:52,882 - INFO - Initializing model...
2025-05-10 01:02:52,886 - INFO - Fitting model...
2025-05-10 01:07:42,967 - INFO - Saved weights to /s/ls4/users/selibrin/spiking_researches/correlation_encoding_and_training/mnist/hpo/shifted_nn_symm_stdp_synapse/hpo_data/hpo_iteration_data/4339491/estimator_1_neuron_7_weights.npy
2025-05-10 01:07:42,967 - INFO - Evaluating model...
2025-05-10 01:11:17,199 - INFO - Saved validation outputs to /s/ls4/users/selibrin/spiking_researches/correlation_encoding_and_training/mnist/hpo/shifted_nn_symm_stdp_synapse/hpo_data/hpo_iteration_data/4339491/estimator_1_neuron_7_validation_outputs.npy
2025-05-10 01:11:17,200 - INFO - Waiting for parameters file: /s/ls4/users/selibrin/spiking_researches/correlation_encoding_and_training/mnist/hpo/shifted_nn_symm_stdp_synapse/hpo_data/hpo_iteration_data/4339491/params_1_7.pkl
2025-05-10 01:11:52,243 - INFO - Loaded HPO parameters
2025-05-10 01:11:52,243 - INFO - Preparing datasets...
2025-05-10 01:11:57,357 - INFO - Prepared datasets: 1180 train & 1000 validation samples
2025-05-10 01:11:57,358 - INFO - Initializing model...
2025-05-10 01:11:57,361 - INFO - Fitting model...
2025-05-10 01:16:50,139 - INFO - Saved weights to /s/ls4/users/selibrin/spiking_researches/correlation_encoding_and_training/mnist/hpo/shifted_nn_symm_stdp_synapse/hpo_data/hpo_iteration_data/4339491/estimator_1_neuron_7_weights.npy
2025-05-10 01:16:50,139 - INFO - Evaluating model...
2025-05-10 01:20:34,672 - INFO - Saved validation outputs to /s/ls4/users/selibrin/spiking_researches/correlation_encoding_and_training/mnist/hpo/shifted_nn_symm_stdp_synapse/hpo_data/hpo_iteration_data/4339491/estimator_1_neuron_7_validation_outputs.npy
2025-05-10 01:20:34,673 - INFO - Waiting for parameters file: /s/ls4/users/selibrin/spiking_researches/correlation_encoding_and_training/mnist/hpo/shifted_nn_symm_stdp_synapse/hpo_data/hpo_iteration_data/4339491/params_1_7.pkl
2025-05-10 01:20:59,706 - INFO - Loaded HPO parameters
2025-05-10 01:20:59,706 - INFO - Preparing datasets...
2025-05-10 01:21:05,124 - INFO - Prepared datasets: 1180 train & 1000 validation samples
2025-05-10 01:21:05,125 - INFO - Initializing model...
2025-05-10 01:21:05,128 - INFO - Fitting model...
2025-05-10 01:26:00,453 - INFO - Saved weights to /s/ls4/users/selibrin/spiking_researches/correlation_encoding_and_training/mnist/hpo/shifted_nn_symm_stdp_synapse/hpo_data/hpo_iteration_data/4339491/estimator_1_neuron_7_weights.npy
2025-05-10 01:26:00,453 - INFO - Evaluating model...
2025-05-10 01:29:36,583 - INFO - Saved validation outputs to /s/ls4/users/selibrin/spiking_researches/correlation_encoding_and_training/mnist/hpo/shifted_nn_symm_stdp_synapse/hpo_data/hpo_iteration_data/4339491/estimator_1_neuron_7_validation_outputs.npy
2025-05-10 01:29:36,583 - INFO - Waiting for parameters file: /s/ls4/users/selibrin/spiking_researches/correlation_encoding_and_training/mnist/hpo/shifted_nn_symm_stdp_synapse/hpo_data/hpo_iteration_data/4339491/params_1_7.pkl
2025-05-10 01:30:06,622 - INFO - Loaded HPO parameters
2025-05-10 01:30:06,622 - INFO - Preparing datasets...
2025-05-10 01:30:11,751 - INFO - Prepared datasets: 1180 train & 1000 validation samples
2025-05-10 01:30:11,751 - INFO - Initializing model...
2025-05-10 01:30:11,754 - INFO - Fitting model...
2025-05-10 01:34:57,744 - INFO - Saved weights to /s/ls4/users/selibrin/spiking_researches/correlation_encoding_and_training/mnist/hpo/shifted_nn_symm_stdp_synapse/hpo_data/hpo_iteration_data/4339491/estimator_1_neuron_7_weights.npy
2025-05-10 01:34:57,745 - INFO - Evaluating model...
2025-05-10 01:38:37,080 - INFO - Saved validation outputs to /s/ls4/users/selibrin/spiking_researches/correlation_encoding_and_training/mnist/hpo/shifted_nn_symm_stdp_synapse/hpo_data/hpo_iteration_data/4339491/estimator_1_neuron_7_validation_outputs.npy
2025-05-10 01:38:37,081 - INFO - Waiting for parameters file: /s/ls4/users/selibrin/spiking_researches/correlation_encoding_and_training/mnist/hpo/shifted_nn_symm_stdp_synapse/hpo_data/hpo_iteration_data/4339491/params_1_7.pkl
2025-05-10 01:39:12,141 - INFO - Loaded HPO parameters
2025-05-10 01:39:12,142 - INFO - Preparing datasets...
2025-05-10 01:39:17,326 - INFO - Prepared datasets: 1180 train & 1000 validation samples
2025-05-10 01:39:17,327 - INFO - Initializing model...
2025-05-10 01:39:17,332 - INFO - Fitting model...
2025-05-10 01:44:00,576 - INFO - Saved weights to /s/ls4/users/selibrin/spiking_researches/correlation_encoding_and_training/mnist/hpo/shifted_nn_symm_stdp_synapse/hpo_data/hpo_iteration_data/4339491/estimator_1_neuron_7_weights.npy
2025-05-10 01:44:00,576 - INFO - Evaluating model...
2025-05-10 01:47:35,520 - INFO - Saved validation outputs to /s/ls4/users/selibrin/spiking_researches/correlation_encoding_and_training/mnist/hpo/shifted_nn_symm_stdp_synapse/hpo_data/hpo_iteration_data/4339491/estimator_1_neuron_7_validation_outputs.npy
2025-05-10 01:47:35,520 - INFO - Waiting for parameters file: /s/ls4/users/selibrin/spiking_researches/correlation_encoding_and_training/mnist/hpo/shifted_nn_symm_stdp_synapse/hpo_data/hpo_iteration_data/4339491/params_1_7.pkl
2025-05-10 01:48:20,574 - INFO - Loaded HPO parameters
2025-05-10 01:48:20,574 - INFO - Preparing datasets...
2025-05-10 01:48:25,603 - INFO - Prepared datasets: 1180 train & 1000 validation samples
2025-05-10 01:48:25,604 - INFO - Initializing model...
2025-05-10 01:48:25,608 - INFO - Fitting model...
2025-05-10 01:54:52,187 - INFO - Saved weights to /s/ls4/users/selibrin/spiking_researches/correlation_encoding_and_training/mnist/hpo/shifted_nn_symm_stdp_synapse/hpo_data/hpo_iteration_data/4339491/estimator_1_neuron_7_weights.npy
2025-05-10 01:54:52,187 - INFO - Evaluating model...
2025-05-10 01:58:41,665 - INFO - Saved validation outputs to /s/ls4/users/selibrin/spiking_researches/correlation_encoding_and_training/mnist/hpo/shifted_nn_symm_stdp_synapse/hpo_data/hpo_iteration_data/4339491/estimator_1_neuron_7_validation_outputs.npy
2025-05-10 01:58:41,665 - INFO - Waiting for parameters file: /s/ls4/users/selibrin/spiking_researches/correlation_encoding_and_training/mnist/hpo/shifted_nn_symm_stdp_synapse/hpo_data/hpo_iteration_data/4339491/params_1_7.pkl
2025-05-10 01:59:26,718 - INFO - Loaded HPO parameters
2025-05-10 01:59:26,719 - INFO - Preparing datasets...
2025-05-10 01:59:31,915 - INFO - Prepared datasets: 1180 train & 1000 validation samples
2025-05-10 01:59:31,916 - INFO - Initializing model...
2025-05-10 01:59:31,919 - INFO - Fitting model...
2025-05-10 02:04:18,823 - INFO - Saved weights to /s/ls4/users/selibrin/spiking_researches/correlation_encoding_and_training/mnist/hpo/shifted_nn_symm_stdp_synapse/hpo_data/hpo_iteration_data/4339491/estimator_1_neuron_7_weights.npy
2025-05-10 02:04:18,824 - INFO - Evaluating model...
2025-05-10 02:07:58,481 - INFO - Saved validation outputs to /s/ls4/users/selibrin/spiking_researches/correlation_encoding_and_training/mnist/hpo/shifted_nn_symm_stdp_synapse/hpo_data/hpo_iteration_data/4339491/estimator_1_neuron_7_validation_outputs.npy
2025-05-10 02:07:58,482 - INFO - Waiting for parameters file: /s/ls4/users/selibrin/spiking_researches/correlation_encoding_and_training/mnist/hpo/shifted_nn_symm_stdp_synapse/hpo_data/hpo_iteration_data/4339491/params_1_7.pkl
2025-05-10 02:08:33,526 - INFO - Loaded HPO parameters
2025-05-10 02:08:33,526 - INFO - Preparing datasets...
2025-05-10 02:08:38,669 - INFO - Prepared datasets: 1180 train & 1000 validation samples
2025-05-10 02:08:38,669 - INFO - Initializing model...
2025-05-10 02:08:38,672 - INFO - Fitting model...
2025-05-10 02:14:18,422 - INFO - Saved weights to /s/ls4/users/selibrin/spiking_researches/correlation_encoding_and_training/mnist/hpo/shifted_nn_symm_stdp_synapse/hpo_data/hpo_iteration_data/4339491/estimator_1_neuron_7_weights.npy
2025-05-10 02:14:18,422 - INFO - Evaluating model...
2025-05-10 02:18:02,677 - INFO - Saved validation outputs to /s/ls4/users/selibrin/spiking_researches/correlation_encoding_and_training/mnist/hpo/shifted_nn_symm_stdp_synapse/hpo_data/hpo_iteration_data/4339491/estimator_1_neuron_7_validation_outputs.npy
2025-05-10 02:18:02,678 - INFO - Waiting for parameters file: /s/ls4/users/selibrin/spiking_researches/correlation_encoding_and_training/mnist/hpo/shifted_nn_symm_stdp_synapse/hpo_data/hpo_iteration_data/4339491/params_1_7.pkl
2025-05-10 02:18:37,721 - INFO - Loaded HPO parameters
2025-05-10 02:18:37,722 - INFO - Preparing datasets...
2025-05-10 02:18:42,846 - INFO - Prepared datasets: 1180 train & 1000 validation samples
2025-05-10 02:18:42,847 - INFO - Initializing model...
2025-05-10 02:18:42,850 - INFO - Fitting model...
2025-05-10 02:24:30,134 - INFO - Saved weights to /s/ls4/users/selibrin/spiking_researches/correlation_encoding_and_training/mnist/hpo/shifted_nn_symm_stdp_synapse/hpo_data/hpo_iteration_data/4339491/estimator_1_neuron_7_weights.npy
2025-05-10 02:24:30,135 - INFO - Evaluating model...
2025-05-10 02:28:10,875 - INFO - Saved validation outputs to /s/ls4/users/selibrin/spiking_researches/correlation_encoding_and_training/mnist/hpo/shifted_nn_symm_stdp_synapse/hpo_data/hpo_iteration_data/4339491/estimator_1_neuron_7_validation_outputs.npy
2025-05-10 02:28:10,876 - INFO - Waiting for parameters file: /s/ls4/users/selibrin/spiking_researches/correlation_encoding_and_training/mnist/hpo/shifted_nn_symm_stdp_synapse/hpo_data/hpo_iteration_data/4339491/params_1_7.pkl
2025-05-10 02:28:45,917 - INFO - Loaded HPO parameters
2025-05-10 02:28:45,918 - INFO - Preparing datasets...
2025-05-10 02:28:50,901 - INFO - Prepared datasets: 1180 train & 1000 validation samples
2025-05-10 02:28:50,901 - INFO - Initializing model...
2025-05-10 02:28:50,904 - INFO - Fitting model...
2025-05-10 02:34:24,667 - INFO - Saved weights to /s/ls4/users/selibrin/spiking_researches/correlation_encoding_and_training/mnist/hpo/shifted_nn_symm_stdp_synapse/hpo_data/hpo_iteration_data/4339491/estimator_1_neuron_7_weights.npy
2025-05-10 02:34:24,667 - INFO - Evaluating model...
2025-05-10 02:38:02,258 - INFO - Saved validation outputs to /s/ls4/users/selibrin/spiking_researches/correlation_encoding_and_training/mnist/hpo/shifted_nn_symm_stdp_synapse/hpo_data/hpo_iteration_data/4339491/estimator_1_neuron_7_validation_outputs.npy
2025-05-10 02:38:02,258 - INFO - Waiting for parameters file: /s/ls4/users/selibrin/spiking_researches/correlation_encoding_and_training/mnist/hpo/shifted_nn_symm_stdp_synapse/hpo_data/hpo_iteration_data/4339491/params_1_7.pkl
2025-05-10 02:38:52,318 - INFO - Loaded HPO parameters
2025-05-10 02:38:52,318 - INFO - Preparing datasets...
2025-05-10 02:38:57,319 - INFO - Prepared datasets: 1180 train & 1000 validation samples
2025-05-10 02:38:57,319 - INFO - Initializing model...
2025-05-10 02:38:57,323 - INFO - Fitting model...
2025-05-10 02:44:31,018 - INFO - Saved weights to /s/ls4/users/selibrin/spiking_researches/correlation_encoding_and_training/mnist/hpo/shifted_nn_symm_stdp_synapse/hpo_data/hpo_iteration_data/4339491/estimator_1_neuron_7_weights.npy
2025-05-10 02:44:31,019 - INFO - Evaluating model...
2025-05-10 02:48:15,753 - INFO - Saved validation outputs to /s/ls4/users/selibrin/spiking_researches/correlation_encoding_and_training/mnist/hpo/shifted_nn_symm_stdp_synapse/hpo_data/hpo_iteration_data/4339491/estimator_1_neuron_7_validation_outputs.npy
2025-05-10 02:48:15,754 - INFO - Waiting for parameters file: /s/ls4/users/selibrin/spiking_researches/correlation_encoding_and_training/mnist/hpo/shifted_nn_symm_stdp_synapse/hpo_data/hpo_iteration_data/4339491/params_1_7.pkl
2025-05-10 02:48:55,802 - INFO - Loaded HPO parameters
2025-05-10 02:48:55,803 - INFO - Preparing datasets...
2025-05-10 02:49:00,873 - INFO - Prepared datasets: 1180 train & 1000 validation samples
2025-05-10 02:49:00,874 - INFO - Initializing model...
2025-05-10 02:49:00,878 - INFO - Fitting model...
2025-05-10 02:54:43,494 - INFO - Saved weights to /s/ls4/users/selibrin/spiking_researches/correlation_encoding_and_training/mnist/hpo/shifted_nn_symm_stdp_synapse/hpo_data/hpo_iteration_data/4339491/estimator_1_neuron_7_weights.npy
2025-05-10 02:54:43,494 - INFO - Evaluating model...
2025-05-10 02:58:25,614 - INFO - Saved validation outputs to /s/ls4/users/selibrin/spiking_researches/correlation_encoding_and_training/mnist/hpo/shifted_nn_symm_stdp_synapse/hpo_data/hpo_iteration_data/4339491/estimator_1_neuron_7_validation_outputs.npy
2025-05-10 02:58:25,614 - INFO - Waiting for parameters file: /s/ls4/users/selibrin/spiking_researches/correlation_encoding_and_training/mnist/hpo/shifted_nn_symm_stdp_synapse/hpo_data/hpo_iteration_data/4339491/params_1_7.pkl
2025-05-10 02:59:00,658 - INFO - Loaded HPO parameters
2025-05-10 02:59:00,658 - INFO - Preparing datasets...
2025-05-10 02:59:05,692 - INFO - Prepared datasets: 1180 train & 1000 validation samples
2025-05-10 02:59:05,692 - INFO - Initializing model...
2025-05-10 02:59:05,696 - INFO - Fitting model...
2025-05-10 03:03:57,151 - INFO - Saved weights to /s/ls4/users/selibrin/spiking_researches/correlation_encoding_and_training/mnist/hpo/shifted_nn_symm_stdp_synapse/hpo_data/hpo_iteration_data/4339491/estimator_1_neuron_7_weights.npy
2025-05-10 03:03:57,151 - INFO - Evaluating model...
2025-05-10 03:07:34,272 - INFO - Saved validation outputs to /s/ls4/users/selibrin/spiking_researches/correlation_encoding_and_training/mnist/hpo/shifted_nn_symm_stdp_synapse/hpo_data/hpo_iteration_data/4339491/estimator_1_neuron_7_validation_outputs.npy
2025-05-10 03:07:34,273 - INFO - Waiting for parameters file: /s/ls4/users/selibrin/spiking_researches/correlation_encoding_and_training/mnist/hpo/shifted_nn_symm_stdp_synapse/hpo_data/hpo_iteration_data/4339491/params_1_7.pkl
2025-05-10 03:08:04,311 - INFO - Loaded HPO parameters
2025-05-10 03:08:04,311 - INFO - Preparing datasets...
2025-05-10 03:08:09,288 - INFO - Prepared datasets: 1180 train & 1000 validation samples
2025-05-10 03:08:09,289 - INFO - Initializing model...
2025-05-10 03:08:09,292 - INFO - Fitting model...
2025-05-10 03:14:28,364 - INFO - Saved weights to /s/ls4/users/selibrin/spiking_researches/correlation_encoding_and_training/mnist/hpo/shifted_nn_symm_stdp_synapse/hpo_data/hpo_iteration_data/4339491/estimator_1_neuron_7_weights.npy
2025-05-10 03:14:28,364 - INFO - Evaluating model...
2025-05-10 03:18:18,938 - INFO - Saved validation outputs to /s/ls4/users/selibrin/spiking_researches/correlation_encoding_and_training/mnist/hpo/shifted_nn_symm_stdp_synapse/hpo_data/hpo_iteration_data/4339491/estimator_1_neuron_7_validation_outputs.npy
2025-05-10 03:18:18,938 - INFO - Waiting for parameters file: /s/ls4/users/selibrin/spiking_researches/correlation_encoding_and_training/mnist/hpo/shifted_nn_symm_stdp_synapse/hpo_data/hpo_iteration_data/4339491/params_1_7.pkl
2025-05-10 03:19:08,995 - INFO - Loaded HPO parameters
2025-05-10 03:19:08,995 - INFO - Preparing datasets...
2025-05-10 03:19:14,285 - INFO - Prepared datasets: 590 train & 1000 validation samples
2025-05-10 03:19:14,286 - INFO - Initializing model...
2025-05-10 03:19:14,289 - INFO - Fitting model...
2025-05-10 03:21:33,976 - INFO - Saved weights to /s/ls4/users/selibrin/spiking_researches/correlation_encoding_and_training/mnist/hpo/shifted_nn_symm_stdp_synapse/hpo_data/hpo_iteration_data/4339491/estimator_1_neuron_7_weights.npy
2025-05-10 03:21:33,976 - INFO - Evaluating model...
2025-05-10 03:25:10,345 - INFO - Saved validation outputs to /s/ls4/users/selibrin/spiking_researches/correlation_encoding_and_training/mnist/hpo/shifted_nn_symm_stdp_synapse/hpo_data/hpo_iteration_data/4339491/estimator_1_neuron_7_validation_outputs.npy
2025-05-10 03:25:10,346 - INFO - Waiting for parameters file: /s/ls4/users/selibrin/spiking_researches/correlation_encoding_and_training/mnist/hpo/shifted_nn_symm_stdp_synapse/hpo_data/hpo_iteration_data/4339491/params_1_7.pkl
2025-05-10 03:25:40,385 - INFO - Loaded HPO parameters
2025-05-10 03:25:40,385 - INFO - Preparing datasets...
2025-05-10 03:25:45,798 - INFO - Prepared datasets: 1180 train & 1000 validation samples
2025-05-10 03:25:45,799 - INFO - Initializing model...
2025-05-10 03:25:45,802 - INFO - Fitting model...
2025-05-10 03:30:50,720 - INFO - Saved weights to /s/ls4/users/selibrin/spiking_researches/correlation_encoding_and_training/mnist/hpo/shifted_nn_symm_stdp_synapse/hpo_data/hpo_iteration_data/4339491/estimator_1_neuron_7_weights.npy
2025-05-10 03:30:50,720 - INFO - Evaluating model...
2025-05-10 03:34:27,631 - INFO - Saved validation outputs to /s/ls4/users/selibrin/spiking_researches/correlation_encoding_and_training/mnist/hpo/shifted_nn_symm_stdp_synapse/hpo_data/hpo_iteration_data/4339491/estimator_1_neuron_7_validation_outputs.npy
2025-05-10 03:34:27,631 - INFO - Waiting for parameters file: /s/ls4/users/selibrin/spiking_researches/correlation_encoding_and_training/mnist/hpo/shifted_nn_symm_stdp_synapse/hpo_data/hpo_iteration_data/4339491/params_1_7.pkl
2025-05-10 03:35:12,699 - INFO - Loaded HPO parameters
2025-05-10 03:35:12,699 - INFO - Preparing datasets...
2025-05-10 03:35:17,531 - INFO - Prepared datasets: 1180 train & 1000 validation samples
2025-05-10 03:35:17,532 - INFO - Initializing model...
2025-05-10 03:35:17,535 - INFO - Fitting model...
2025-05-10 03:40:54,505 - INFO - Saved weights to /s/ls4/users/selibrin/spiking_researches/correlation_encoding_and_training/mnist/hpo/shifted_nn_symm_stdp_synapse/hpo_data/hpo_iteration_data/4339491/estimator_1_neuron_7_weights.npy
2025-05-10 03:40:54,505 - INFO - Evaluating model...
2025-05-10 03:44:35,622 - INFO - Saved validation outputs to /s/ls4/users/selibrin/spiking_researches/correlation_encoding_and_training/mnist/hpo/shifted_nn_symm_stdp_synapse/hpo_data/hpo_iteration_data/4339491/estimator_1_neuron_7_validation_outputs.npy
2025-05-10 03:44:35,622 - INFO - Waiting for parameters file: /s/ls4/users/selibrin/spiking_researches/correlation_encoding_and_training/mnist/hpo/shifted_nn_symm_stdp_synapse/hpo_data/hpo_iteration_data/4339491/params_1_7.pkl
2025-05-10 03:45:15,696 - INFO - Loaded HPO parameters
2025-05-10 03:45:15,696 - INFO - Preparing datasets...
2025-05-10 03:45:20,759 - INFO - Prepared datasets: 590 train & 1000 validation samples
2025-05-10 03:45:20,760 - INFO - Initializing model...
2025-05-10 03:45:20,763 - INFO - Fitting model...
2025-05-10 03:47:40,071 - INFO - Saved weights to /s/ls4/users/selibrin/spiking_researches/correlation_encoding_and_training/mnist/hpo/shifted_nn_symm_stdp_synapse/hpo_data/hpo_iteration_data/4339491/estimator_1_neuron_7_weights.npy
2025-05-10 03:47:40,071 - INFO - Evaluating model...
2025-05-10 03:51:10,518 - INFO - Saved validation outputs to /s/ls4/users/selibrin/spiking_researches/correlation_encoding_and_training/mnist/hpo/shifted_nn_symm_stdp_synapse/hpo_data/hpo_iteration_data/4339491/estimator_1_neuron_7_validation_outputs.npy
2025-05-10 03:51:10,518 - INFO - Waiting for parameters file: /s/ls4/users/selibrin/spiking_researches/correlation_encoding_and_training/mnist/hpo/shifted_nn_symm_stdp_synapse/hpo_data/hpo_iteration_data/4339491/params_1_7.pkl
2025-05-10 03:51:50,568 - INFO - Loaded HPO parameters
2025-05-10 03:51:50,568 - INFO - Preparing datasets...
2025-05-10 03:51:55,642 - INFO - Prepared datasets: 1180 train & 1000 validation samples
2025-05-10 03:51:55,642 - INFO - Initializing model...
2025-05-10 03:51:55,645 - INFO - Fitting model...
2025-05-10 03:56:35,289 - INFO - Saved weights to /s/ls4/users/selibrin/spiking_researches/correlation_encoding_and_training/mnist/hpo/shifted_nn_symm_stdp_synapse/hpo_data/hpo_iteration_data/4339491/estimator_1_neuron_7_weights.npy
2025-05-10 03:56:35,289 - INFO - Evaluating model...
2025-05-10 04:00:08,221 - INFO - Saved validation outputs to /s/ls4/users/selibrin/spiking_researches/correlation_encoding_and_training/mnist/hpo/shifted_nn_symm_stdp_synapse/hpo_data/hpo_iteration_data/4339491/estimator_1_neuron_7_validation_outputs.npy
2025-05-10 04:00:08,222 - INFO - Waiting for parameters file: /s/ls4/users/selibrin/spiking_researches/correlation_encoding_and_training/mnist/hpo/shifted_nn_symm_stdp_synapse/hpo_data/hpo_iteration_data/4339491/params_1_7.pkl
2025-05-10 04:00:53,276 - INFO - Loaded HPO parameters
2025-05-10 04:00:53,276 - INFO - Preparing datasets...
2025-05-10 04:00:58,468 - INFO - Prepared datasets: 1180 train & 1000 validation samples
2025-05-10 04:00:58,469 - INFO - Initializing model...
2025-05-10 04:00:58,480 - INFO - Fitting model...
2025-05-10 04:05:55,592 - INFO - Saved weights to /s/ls4/users/selibrin/spiking_researches/correlation_encoding_and_training/mnist/hpo/shifted_nn_symm_stdp_synapse/hpo_data/hpo_iteration_data/4339491/estimator_1_neuron_7_weights.npy
2025-05-10 04:05:55,592 - INFO - Evaluating model...
2025-05-10 04:09:34,011 - INFO - Saved validation outputs to /s/ls4/users/selibrin/spiking_researches/correlation_encoding_and_training/mnist/hpo/shifted_nn_symm_stdp_synapse/hpo_data/hpo_iteration_data/4339491/estimator_1_neuron_7_validation_outputs.npy
2025-05-10 04:09:34,012 - INFO - Waiting for parameters file: /s/ls4/users/selibrin/spiking_researches/correlation_encoding_and_training/mnist/hpo/shifted_nn_symm_stdp_synapse/hpo_data/hpo_iteration_data/4339491/params_1_7.pkl
2025-05-10 04:09:59,043 - INFO - Loaded HPO parameters
2025-05-10 04:09:59,043 - INFO - Preparing datasets...
2025-05-10 04:10:04,019 - INFO - Prepared datasets: 1180 train & 1000 validation samples
2025-05-10 04:10:04,019 - INFO - Initializing model...
2025-05-10 04:10:04,023 - INFO - Fitting model...
2025-05-10 04:15:45,802 - INFO - Saved weights to /s/ls4/users/selibrin/spiking_researches/correlation_encoding_and_training/mnist/hpo/shifted_nn_symm_stdp_synapse/hpo_data/hpo_iteration_data/4339491/estimator_1_neuron_7_weights.npy
2025-05-10 04:15:45,802 - INFO - Evaluating model...
2025-05-10 04:19:26,414 - INFO - Saved validation outputs to /s/ls4/users/selibrin/spiking_researches/correlation_encoding_and_training/mnist/hpo/shifted_nn_symm_stdp_synapse/hpo_data/hpo_iteration_data/4339491/estimator_1_neuron_7_validation_outputs.npy
2025-05-10 04:19:26,415 - INFO - Waiting for parameters file: /s/ls4/users/selibrin/spiking_researches/correlation_encoding_and_training/mnist/hpo/shifted_nn_symm_stdp_synapse/hpo_data/hpo_iteration_data/4339491/params_1_7.pkl
2025-05-10 04:20:01,487 - INFO - Loaded HPO parameters
2025-05-10 04:20:01,488 - INFO - Preparing datasets...
2025-05-10 04:20:06,610 - INFO - Prepared datasets: 1180 train & 1000 validation samples
2025-05-10 04:20:06,611 - INFO - Initializing model...
2025-05-10 04:20:06,614 - INFO - Fitting model...
2025-05-10 04:24:56,007 - INFO - Saved weights to /s/ls4/users/selibrin/spiking_researches/correlation_encoding_and_training/mnist/hpo/shifted_nn_symm_stdp_synapse/hpo_data/hpo_iteration_data/4339491/estimator_1_neuron_7_weights.npy
2025-05-10 04:24:56,007 - INFO - Evaluating model...
2025-05-10 04:28:30,850 - INFO - Saved validation outputs to /s/ls4/users/selibrin/spiking_researches/correlation_encoding_and_training/mnist/hpo/shifted_nn_symm_stdp_synapse/hpo_data/hpo_iteration_data/4339491/estimator_1_neuron_7_validation_outputs.npy
2025-05-10 04:28:30,850 - INFO - Waiting for parameters file: /s/ls4/users/selibrin/spiking_researches/correlation_encoding_and_training/mnist/hpo/shifted_nn_symm_stdp_synapse/hpo_data/hpo_iteration_data/4339491/params_1_7.pkl
2025-05-10 04:29:05,894 - INFO - Loaded HPO parameters
2025-05-10 04:29:05,895 - INFO - Preparing datasets...
2025-05-10 04:29:10,865 - INFO - Prepared datasets: 1180 train & 1000 validation samples
2025-05-10 04:29:10,865 - INFO - Initializing model...
2025-05-10 04:29:10,868 - INFO - Fitting model...
2025-05-10 04:34:00,083 - INFO - Saved weights to /s/ls4/users/selibrin/spiking_researches/correlation_encoding_and_training/mnist/hpo/shifted_nn_symm_stdp_synapse/hpo_data/hpo_iteration_data/4339491/estimator_1_neuron_7_weights.npy
2025-05-10 04:34:00,083 - INFO - Evaluating model...
2025-05-10 04:37:36,263 - INFO - Saved validation outputs to /s/ls4/users/selibrin/spiking_researches/correlation_encoding_and_training/mnist/hpo/shifted_nn_symm_stdp_synapse/hpo_data/hpo_iteration_data/4339491/estimator_1_neuron_7_validation_outputs.npy
2025-05-10 04:37:36,263 - INFO - Waiting for parameters file: /s/ls4/users/selibrin/spiking_researches/correlation_encoding_and_training/mnist/hpo/shifted_nn_symm_stdp_synapse/hpo_data/hpo_iteration_data/4339491/params_1_7.pkl
2025-05-10 04:38:11,305 - INFO - Loaded HPO parameters
2025-05-10 04:38:11,305 - INFO - Preparing datasets...
2025-05-10 04:38:16,418 - INFO - Prepared datasets: 1180 train & 1000 validation samples
2025-05-10 04:38:16,418 - INFO - Initializing model...
2025-05-10 04:38:16,421 - INFO - Fitting model...
2025-05-10 04:43:08,157 - INFO - Saved weights to /s/ls4/users/selibrin/spiking_researches/correlation_encoding_and_training/mnist/hpo/shifted_nn_symm_stdp_synapse/hpo_data/hpo_iteration_data/4339491/estimator_1_neuron_7_weights.npy
2025-05-10 04:43:08,157 - INFO - Evaluating model...
2025-05-10 04:46:39,570 - INFO - Saved validation outputs to /s/ls4/users/selibrin/spiking_researches/correlation_encoding_and_training/mnist/hpo/shifted_nn_symm_stdp_synapse/hpo_data/hpo_iteration_data/4339491/estimator_1_neuron_7_validation_outputs.npy
2025-05-10 04:46:39,570 - INFO - Waiting for parameters file: /s/ls4/users/selibrin/spiking_researches/correlation_encoding_and_training/mnist/hpo/shifted_nn_symm_stdp_synapse/hpo_data/hpo_iteration_data/4339491/params_1_7.pkl
2025-05-10 04:47:14,611 - INFO - Loaded HPO parameters
2025-05-10 04:47:14,611 - INFO - Preparing datasets...
2025-05-10 04:47:19,569 - INFO - Prepared datasets: 1180 train & 1000 validation samples
2025-05-10 04:47:19,569 - INFO - Initializing model...
2025-05-10 04:47:19,573 - INFO - Fitting model...
2025-05-10 04:52:01,910 - INFO - Saved weights to /s/ls4/users/selibrin/spiking_researches/correlation_encoding_and_training/mnist/hpo/shifted_nn_symm_stdp_synapse/hpo_data/hpo_iteration_data/4339491/estimator_1_neuron_7_weights.npy
2025-05-10 04:52:01,911 - INFO - Evaluating model...
2025-05-10 04:55:36,874 - INFO - Saved validation outputs to /s/ls4/users/selibrin/spiking_researches/correlation_encoding_and_training/mnist/hpo/shifted_nn_symm_stdp_synapse/hpo_data/hpo_iteration_data/4339491/estimator_1_neuron_7_validation_outputs.npy
2025-05-10 04:55:36,875 - INFO - Waiting for parameters file: /s/ls4/users/selibrin/spiking_researches/correlation_encoding_and_training/mnist/hpo/shifted_nn_symm_stdp_synapse/hpo_data/hpo_iteration_data/4339491/params_1_7.pkl
2025-05-10 04:56:16,923 - INFO - Loaded HPO parameters
2025-05-10 04:56:16,923 - INFO - Preparing datasets...
2025-05-10 04:56:22,137 - INFO - Prepared datasets: 1180 train & 1000 validation samples
2025-05-10 04:56:22,138 - INFO - Initializing model...
2025-05-10 04:56:22,141 - INFO - Fitting model...
2025-05-10 05:01:28,231 - INFO - Saved weights to /s/ls4/users/selibrin/spiking_researches/correlation_encoding_and_training/mnist/hpo/shifted_nn_symm_stdp_synapse/hpo_data/hpo_iteration_data/4339491/estimator_1_neuron_7_weights.npy
2025-05-10 05:01:28,231 - INFO - Evaluating model...
2025-05-10 05:05:01,885 - INFO - Saved validation outputs to /s/ls4/users/selibrin/spiking_researches/correlation_encoding_and_training/mnist/hpo/shifted_nn_symm_stdp_synapse/hpo_data/hpo_iteration_data/4339491/estimator_1_neuron_7_validation_outputs.npy
2025-05-10 05:05:01,886 - INFO - Waiting for parameters file: /s/ls4/users/selibrin/spiking_researches/correlation_encoding_and_training/mnist/hpo/shifted_nn_symm_stdp_synapse/hpo_data/hpo_iteration_data/4339491/params_1_7.pkl
2025-05-10 05:05:21,915 - INFO - Loaded HPO parameters
2025-05-10 05:05:21,915 - INFO - Preparing datasets...
2025-05-10 05:05:26,821 - INFO - Prepared datasets: 1180 train & 1000 validation samples
2025-05-10 05:05:26,821 - INFO - Initializing model...
2025-05-10 05:05:26,826 - INFO - Fitting model...
2025-05-10 05:11:55,965 - INFO - Saved weights to /s/ls4/users/selibrin/spiking_researches/correlation_encoding_and_training/mnist/hpo/shifted_nn_symm_stdp_synapse/hpo_data/hpo_iteration_data/4339491/estimator_1_neuron_7_weights.npy
2025-05-10 05:11:55,965 - INFO - Evaluating model...
2025-05-10 05:15:45,088 - INFO - Saved validation outputs to /s/ls4/users/selibrin/spiking_researches/correlation_encoding_and_training/mnist/hpo/shifted_nn_symm_stdp_synapse/hpo_data/hpo_iteration_data/4339491/estimator_1_neuron_7_validation_outputs.npy
2025-05-10 05:15:45,089 - INFO - Waiting for parameters file: /s/ls4/users/selibrin/spiking_researches/correlation_encoding_and_training/mnist/hpo/shifted_nn_symm_stdp_synapse/hpo_data/hpo_iteration_data/4339491/params_1_7.pkl
2025-05-10 05:16:25,139 - INFO - Loaded HPO parameters
2025-05-10 05:16:25,139 - INFO - Preparing datasets...
2025-05-10 05:16:30,295 - INFO - Prepared datasets: 1180 train & 1000 validation samples
2025-05-10 05:16:30,295 - INFO - Initializing model...
2025-05-10 05:16:30,299 - INFO - Fitting model...
2025-05-10 05:21:21,674 - INFO - Saved weights to /s/ls4/users/selibrin/spiking_researches/correlation_encoding_and_training/mnist/hpo/shifted_nn_symm_stdp_synapse/hpo_data/hpo_iteration_data/4339491/estimator_1_neuron_7_weights.npy
2025-05-10 05:21:21,674 - INFO - Evaluating model...
2025-05-10 05:24:58,325 - INFO - Saved validation outputs to /s/ls4/users/selibrin/spiking_researches/correlation_encoding_and_training/mnist/hpo/shifted_nn_symm_stdp_synapse/hpo_data/hpo_iteration_data/4339491/estimator_1_neuron_7_validation_outputs.npy
2025-05-10 05:24:58,326 - INFO - Waiting for parameters file: /s/ls4/users/selibrin/spiking_researches/correlation_encoding_and_training/mnist/hpo/shifted_nn_symm_stdp_synapse/hpo_data/hpo_iteration_data/4339491/params_1_7.pkl
2025-05-10 05:25:28,365 - INFO - Loaded HPO parameters
2025-05-10 05:25:28,366 - INFO - Preparing datasets...
2025-05-10 05:25:33,447 - INFO - Prepared datasets: 590 train & 1000 validation samples
2025-05-10 05:25:33,448 - INFO - Initializing model...
2025-05-10 05:25:33,451 - INFO - Fitting model...
2025-05-10 05:27:56,187 - INFO - Saved weights to /s/ls4/users/selibrin/spiking_researches/correlation_encoding_and_training/mnist/hpo/shifted_nn_symm_stdp_synapse/hpo_data/hpo_iteration_data/4339491/estimator_1_neuron_7_weights.npy
2025-05-10 05:27:56,188 - INFO - Evaluating model...
2025-05-10 05:31:35,717 - INFO - Saved validation outputs to /s/ls4/users/selibrin/spiking_researches/correlation_encoding_and_training/mnist/hpo/shifted_nn_symm_stdp_synapse/hpo_data/hpo_iteration_data/4339491/estimator_1_neuron_7_validation_outputs.npy
2025-05-10 05:31:35,717 - INFO - Waiting for parameters file: /s/ls4/users/selibrin/spiking_researches/correlation_encoding_and_training/mnist/hpo/shifted_nn_symm_stdp_synapse/hpo_data/hpo_iteration_data/4339491/params_1_7.pkl
2025-05-10 05:32:00,751 - INFO - Loaded HPO parameters
2025-05-10 05:32:00,751 - INFO - Preparing datasets...
2025-05-10 05:32:06,203 - INFO - Prepared datasets: 1180 train & 1000 validation samples
2025-05-10 05:32:06,203 - INFO - Initializing model...
2025-05-10 05:32:06,208 - INFO - Fitting model...
2025-05-10 05:37:48,259 - INFO - Saved weights to /s/ls4/users/selibrin/spiking_researches/correlation_encoding_and_training/mnist/hpo/shifted_nn_symm_stdp_synapse/hpo_data/hpo_iteration_data/4339491/estimator_1_neuron_7_weights.npy
2025-05-10 05:37:48,259 - INFO - Evaluating model...
2025-05-10 05:41:30,830 - INFO - Saved validation outputs to /s/ls4/users/selibrin/spiking_researches/correlation_encoding_and_training/mnist/hpo/shifted_nn_symm_stdp_synapse/hpo_data/hpo_iteration_data/4339491/estimator_1_neuron_7_validation_outputs.npy
2025-05-10 05:41:30,831 - INFO - Waiting for parameters file: /s/ls4/users/selibrin/spiking_researches/correlation_encoding_and_training/mnist/hpo/shifted_nn_symm_stdp_synapse/hpo_data/hpo_iteration_data/4339491/params_1_7.pkl
2025-05-10 05:42:05,874 - INFO - Loaded HPO parameters
2025-05-10 05:42:05,875 - INFO - Preparing datasets...
2025-05-10 05:42:11,169 - INFO - Prepared datasets: 1180 train & 1000 validation samples
2025-05-10 05:42:11,169 - INFO - Initializing model...
2025-05-10 05:42:11,173 - INFO - Fitting model...
2025-05-10 05:46:53,799 - INFO - Saved weights to /s/ls4/users/selibrin/spiking_researches/correlation_encoding_and_training/mnist/hpo/shifted_nn_symm_stdp_synapse/hpo_data/hpo_iteration_data/4339491/estimator_1_neuron_7_weights.npy
2025-05-10 05:46:53,799 - INFO - Evaluating model...
2025-05-10 05:50:31,620 - INFO - Saved validation outputs to /s/ls4/users/selibrin/spiking_researches/correlation_encoding_and_training/mnist/hpo/shifted_nn_symm_stdp_synapse/hpo_data/hpo_iteration_data/4339491/estimator_1_neuron_7_validation_outputs.npy
2025-05-10 05:50:31,621 - INFO - Waiting for parameters file: /s/ls4/users/selibrin/spiking_researches/correlation_encoding_and_training/mnist/hpo/shifted_nn_symm_stdp_synapse/hpo_data/hpo_iteration_data/4339491/params_1_7.pkl
2025-05-10 05:51:06,685 - INFO - Loaded HPO parameters
2025-05-10 05:51:06,686 - INFO - Preparing datasets...
2025-05-10 05:51:12,110 - INFO - Prepared datasets: 1180 train & 1000 validation samples
2025-05-10 05:51:12,110 - INFO - Initializing model...
2025-05-10 05:51:12,114 - INFO - Fitting model...
2025-05-10 05:56:24,638 - INFO - Saved weights to /s/ls4/users/selibrin/spiking_researches/correlation_encoding_and_training/mnist/hpo/shifted_nn_symm_stdp_synapse/hpo_data/hpo_iteration_data/4339491/estimator_1_neuron_7_weights.npy
2025-05-10 05:56:24,639 - INFO - Evaluating model...
2025-05-10 06:00:20,403 - INFO - Saved validation outputs to /s/ls4/users/selibrin/spiking_researches/correlation_encoding_and_training/mnist/hpo/shifted_nn_symm_stdp_synapse/hpo_data/hpo_iteration_data/4339491/estimator_1_neuron_7_validation_outputs.npy
2025-05-10 06:00:20,403 - INFO - Waiting for parameters file: /s/ls4/users/selibrin/spiking_researches/correlation_encoding_and_training/mnist/hpo/shifted_nn_symm_stdp_synapse/hpo_data/hpo_iteration_data/4339491/params_1_7.pkl
2025-05-10 06:00:40,430 - INFO - Loaded HPO parameters
2025-05-10 06:00:40,430 - INFO - Preparing datasets...
2025-05-10 06:00:45,758 - INFO - Prepared datasets: 590 train & 1000 validation samples
2025-05-10 06:00:45,759 - INFO - Initializing model...
2025-05-10 06:00:45,762 - INFO - Fitting model...
2025-05-10 06:03:20,796 - INFO - Saved weights to /s/ls4/users/selibrin/spiking_researches/correlation_encoding_and_training/mnist/hpo/shifted_nn_symm_stdp_synapse/hpo_data/hpo_iteration_data/4339491/estimator_1_neuron_7_weights.npy
2025-05-10 06:03:20,797 - INFO - Evaluating model...
2025-05-10 06:07:09,063 - INFO - Saved validation outputs to /s/ls4/users/selibrin/spiking_researches/correlation_encoding_and_training/mnist/hpo/shifted_nn_symm_stdp_synapse/hpo_data/hpo_iteration_data/4339491/estimator_1_neuron_7_validation_outputs.npy
2025-05-10 06:07:09,064 - INFO - Waiting for parameters file: /s/ls4/users/selibrin/spiking_researches/correlation_encoding_and_training/mnist/hpo/shifted_nn_symm_stdp_synapse/hpo_data/hpo_iteration_data/4339491/params_1_7.pkl
2025-05-10 06:07:44,114 - INFO - Loaded HPO parameters
2025-05-10 06:07:44,114 - INFO - Preparing datasets...
2025-05-10 06:07:49,819 - INFO - Prepared datasets: 1180 train & 1000 validation samples
2025-05-10 06:07:49,819 - INFO - Initializing model...
2025-05-10 06:07:49,822 - INFO - Fitting model...
2025-05-10 06:13:02,674 - INFO - Saved weights to /s/ls4/users/selibrin/spiking_researches/correlation_encoding_and_training/mnist/hpo/shifted_nn_symm_stdp_synapse/hpo_data/hpo_iteration_data/4339491/estimator_1_neuron_7_weights.npy
2025-05-10 06:13:02,675 - INFO - Evaluating model...
2025-05-10 06:16:55,286 - INFO - Saved validation outputs to /s/ls4/users/selibrin/spiking_researches/correlation_encoding_and_training/mnist/hpo/shifted_nn_symm_stdp_synapse/hpo_data/hpo_iteration_data/4339491/estimator_1_neuron_7_validation_outputs.npy
2025-05-10 06:16:55,287 - INFO - Waiting for parameters file: /s/ls4/users/selibrin/spiking_researches/correlation_encoding_and_training/mnist/hpo/shifted_nn_symm_stdp_synapse/hpo_data/hpo_iteration_data/4339491/params_1_7.pkl
2025-05-10 06:17:20,319 - INFO - Loaded HPO parameters
2025-05-10 06:17:20,319 - INFO - Preparing datasets...
2025-05-10 06:17:25,470 - INFO - Prepared datasets: 1180 train & 1000 validation samples
2025-05-10 06:17:25,487 - INFO - Initializing model...
2025-05-10 06:17:25,491 - INFO - Fitting model...
2025-05-10 06:23:19,644 - INFO - Saved weights to /s/ls4/users/selibrin/spiking_researches/correlation_encoding_and_training/mnist/hpo/shifted_nn_symm_stdp_synapse/hpo_data/hpo_iteration_data/4339491/estimator_1_neuron_7_weights.npy
2025-05-10 06:23:19,644 - INFO - Evaluating model...
2025-05-10 06:27:21,155 - INFO - Saved validation outputs to /s/ls4/users/selibrin/spiking_researches/correlation_encoding_and_training/mnist/hpo/shifted_nn_symm_stdp_synapse/hpo_data/hpo_iteration_data/4339491/estimator_1_neuron_7_validation_outputs.npy
2025-05-10 06:27:21,156 - INFO - Waiting for parameters file: /s/ls4/users/selibrin/spiking_researches/correlation_encoding_and_training/mnist/hpo/shifted_nn_symm_stdp_synapse/hpo_data/hpo_iteration_data/4339491/params_1_7.pkl
2025-05-10 06:27:51,222 - INFO - Loaded HPO parameters
2025-05-10 06:27:51,222 - INFO - Preparing datasets...
2025-05-10 06:27:56,552 - INFO - Prepared datasets: 1180 train & 1000 validation samples
2025-05-10 06:27:56,553 - INFO - Initializing model...
2025-05-10 06:27:56,689 - INFO - Fitting model...
2025-05-10 06:33:33,447 - INFO - Saved weights to /s/ls4/users/selibrin/spiking_researches/correlation_encoding_and_training/mnist/hpo/shifted_nn_symm_stdp_synapse/hpo_data/hpo_iteration_data/4339491/estimator_1_neuron_7_weights.npy
2025-05-10 06:33:33,447 - INFO - Evaluating model...
2025-05-10 06:37:29,401 - INFO - Saved validation outputs to /s/ls4/users/selibrin/spiking_researches/correlation_encoding_and_training/mnist/hpo/shifted_nn_symm_stdp_synapse/hpo_data/hpo_iteration_data/4339491/estimator_1_neuron_7_validation_outputs.npy
2025-05-10 06:37:29,401 - INFO - Waiting for parameters file: /s/ls4/users/selibrin/spiking_researches/correlation_encoding_and_training/mnist/hpo/shifted_nn_symm_stdp_synapse/hpo_data/hpo_iteration_data/4339491/params_1_7.pkl
2025-05-10 06:37:59,436 - INFO - Loaded HPO parameters
2025-05-10 06:37:59,436 - INFO - Preparing datasets...
2025-05-10 06:38:04,656 - INFO - Prepared datasets: 590 train & 1000 validation samples
2025-05-10 06:38:04,656 - INFO - Initializing model...
2025-05-10 06:38:04,661 - INFO - Fitting model...
2025-05-10 06:41:04,597 - INFO - Saved weights to /s/ls4/users/selibrin/spiking_researches/correlation_encoding_and_training/mnist/hpo/shifted_nn_symm_stdp_synapse/hpo_data/hpo_iteration_data/4339491/estimator_1_neuron_7_weights.npy
2025-05-10 06:41:04,597 - INFO - Evaluating model...
2025-05-10 06:45:04,704 - INFO - Saved validation outputs to /s/ls4/users/selibrin/spiking_researches/correlation_encoding_and_training/mnist/hpo/shifted_nn_symm_stdp_synapse/hpo_data/hpo_iteration_data/4339491/estimator_1_neuron_7_validation_outputs.npy
2025-05-10 06:45:04,705 - INFO - Waiting for parameters file: /s/ls4/users/selibrin/spiking_researches/correlation_encoding_and_training/mnist/hpo/shifted_nn_symm_stdp_synapse/hpo_data/hpo_iteration_data/4339491/params_1_7.pkl
2025-05-10 06:45:29,738 - INFO - Loaded HPO parameters
2025-05-10 06:45:29,739 - INFO - Preparing datasets...
2025-05-10 06:45:35,436 - INFO - Prepared datasets: 1180 train & 1000 validation samples
2025-05-10 06:45:35,437 - INFO - Initializing model...
2025-05-10 06:45:35,441 - INFO - Fitting model...
2025-05-10 06:52:30,832 - INFO - Saved weights to /s/ls4/users/selibrin/spiking_researches/correlation_encoding_and_training/mnist/hpo/shifted_nn_symm_stdp_synapse/hpo_data/hpo_iteration_data/4339491/estimator_1_neuron_7_weights.npy
2025-05-10 06:52:30,832 - INFO - Evaluating model...
2025-05-10 06:56:40,988 - INFO - Saved validation outputs to /s/ls4/users/selibrin/spiking_researches/correlation_encoding_and_training/mnist/hpo/shifted_nn_symm_stdp_synapse/hpo_data/hpo_iteration_data/4339491/estimator_1_neuron_7_validation_outputs.npy
2025-05-10 06:56:40,989 - INFO - Waiting for parameters file: /s/ls4/users/selibrin/spiking_researches/correlation_encoding_and_training/mnist/hpo/shifted_nn_symm_stdp_synapse/hpo_data/hpo_iteration_data/4339491/params_1_7.pkl
2025-05-10 06:57:06,020 - INFO - Loaded HPO parameters
2025-05-10 06:57:06,020 - INFO - Preparing datasets...
2025-05-10 06:57:11,521 - INFO - Prepared datasets: 1180 train & 1000 validation samples
2025-05-10 06:57:11,522 - INFO - Initializing model...
2025-05-10 06:57:11,525 - INFO - Fitting model...
2025-05-10 07:02:24,574 - INFO - Saved weights to /s/ls4/users/selibrin/spiking_researches/correlation_encoding_and_training/mnist/hpo/shifted_nn_symm_stdp_synapse/hpo_data/hpo_iteration_data/4339491/estimator_1_neuron_7_weights.npy
2025-05-10 07:02:24,574 - INFO - Evaluating model...
2025-05-10 07:06:19,445 - INFO - Saved validation outputs to /s/ls4/users/selibrin/spiking_researches/correlation_encoding_and_training/mnist/hpo/shifted_nn_symm_stdp_synapse/hpo_data/hpo_iteration_data/4339491/estimator_1_neuron_7_validation_outputs.npy
2025-05-10 07:06:19,445 - INFO - Waiting for parameters file: /s/ls4/users/selibrin/spiking_researches/correlation_encoding_and_training/mnist/hpo/shifted_nn_symm_stdp_synapse/hpo_data/hpo_iteration_data/4339491/params_1_7.pkl
2025-05-10 07:06:39,473 - INFO - Loaded HPO parameters
2025-05-10 07:06:39,473 - INFO - Preparing datasets...
2025-05-10 07:06:44,887 - INFO - Prepared datasets: 1180 train & 1000 validation samples
2025-05-10 07:06:44,887 - INFO - Initializing model...
2025-05-10 07:06:44,891 - INFO - Fitting model...
2025-05-10 07:11:49,718 - INFO - Saved weights to /s/ls4/users/selibrin/spiking_researches/correlation_encoding_and_training/mnist/hpo/shifted_nn_symm_stdp_synapse/hpo_data/hpo_iteration_data/4339491/estimator_1_neuron_7_weights.npy
2025-05-10 07:11:49,719 - INFO - Evaluating model...
2025-05-10 07:15:42,604 - INFO - Saved validation outputs to /s/ls4/users/selibrin/spiking_researches/correlation_encoding_and_training/mnist/hpo/shifted_nn_symm_stdp_synapse/hpo_data/hpo_iteration_data/4339491/estimator_1_neuron_7_validation_outputs.npy
2025-05-10 07:15:42,604 - INFO - Waiting for parameters file: /s/ls4/users/selibrin/spiking_researches/correlation_encoding_and_training/mnist/hpo/shifted_nn_symm_stdp_synapse/hpo_data/hpo_iteration_data/4339491/params_1_7.pkl
2025-05-10 07:16:12,642 - INFO - Loaded HPO parameters
2025-05-10 07:16:12,642 - INFO - Preparing datasets...
2025-05-10 07:16:17,818 - INFO - Prepared datasets: 1180 train & 1000 validation samples
2025-05-10 07:16:17,819 - INFO - Initializing model...
2025-05-10 07:16:17,822 - INFO - Fitting model...
2025-05-10 07:22:19,595 - INFO - Saved weights to /s/ls4/users/selibrin/spiking_researches/correlation_encoding_and_training/mnist/hpo/shifted_nn_symm_stdp_synapse/hpo_data/hpo_iteration_data/4339491/estimator_1_neuron_7_weights.npy
2025-05-10 07:22:19,595 - INFO - Evaluating model...
2025-05-10 07:26:22,695 - INFO - Saved validation outputs to /s/ls4/users/selibrin/spiking_researches/correlation_encoding_and_training/mnist/hpo/shifted_nn_symm_stdp_synapse/hpo_data/hpo_iteration_data/4339491/estimator_1_neuron_7_validation_outputs.npy
2025-05-10 07:26:22,696 - INFO - Waiting for parameters file: /s/ls4/users/selibrin/spiking_researches/correlation_encoding_and_training/mnist/hpo/shifted_nn_symm_stdp_synapse/hpo_data/hpo_iteration_data/4339491/params_1_7.pkl
2025-05-10 07:26:47,730 - INFO - Loaded HPO parameters
2025-05-10 07:26:47,730 - INFO - Preparing datasets...
2025-05-10 07:26:53,451 - INFO - Prepared datasets: 590 train & 1000 validation samples
2025-05-10 07:26:53,451 - INFO - Initializing model...
2025-05-10 07:26:53,455 - INFO - Fitting model...
2025-05-10 07:29:31,508 - INFO - Saved weights to /s/ls4/users/selibrin/spiking_researches/correlation_encoding_and_training/mnist/hpo/shifted_nn_symm_stdp_synapse/hpo_data/hpo_iteration_data/4339491/estimator_1_neuron_7_weights.npy
2025-05-10 07:29:31,508 - INFO - Evaluating model...
2025-05-10 07:33:27,245 - INFO - Saved validation outputs to /s/ls4/users/selibrin/spiking_researches/correlation_encoding_and_training/mnist/hpo/shifted_nn_symm_stdp_synapse/hpo_data/hpo_iteration_data/4339491/estimator_1_neuron_7_validation_outputs.npy
2025-05-10 07:33:27,245 - INFO - Waiting for parameters file: /s/ls4/users/selibrin/spiking_researches/correlation_encoding_and_training/mnist/hpo/shifted_nn_symm_stdp_synapse/hpo_data/hpo_iteration_data/4339491/params_1_7.pkl
2025-05-10 07:33:47,278 - INFO - Loaded HPO parameters
2025-05-10 07:33:47,279 - INFO - Preparing datasets...
2025-05-10 07:33:52,672 - INFO - Prepared datasets: 1180 train & 1000 validation samples
2025-05-10 07:33:52,672 - INFO - Initializing model...
2025-05-10 07:33:53,304 - INFO - Fitting model...
2025-05-10 07:39:01,377 - INFO - Saved weights to /s/ls4/users/selibrin/spiking_researches/correlation_encoding_and_training/mnist/hpo/shifted_nn_symm_stdp_synapse/hpo_data/hpo_iteration_data/4339491/estimator_1_neuron_7_weights.npy
2025-05-10 07:39:01,377 - INFO - Evaluating model...
2025-05-10 07:42:56,403 - INFO - Saved validation outputs to /s/ls4/users/selibrin/spiking_researches/correlation_encoding_and_training/mnist/hpo/shifted_nn_symm_stdp_synapse/hpo_data/hpo_iteration_data/4339491/estimator_1_neuron_7_validation_outputs.npy
2025-05-10 07:42:56,404 - INFO - Waiting for parameters file: /s/ls4/users/selibrin/spiking_researches/correlation_encoding_and_training/mnist/hpo/shifted_nn_symm_stdp_synapse/hpo_data/hpo_iteration_data/4339491/params_1_7.pkl
2025-05-10 07:43:21,437 - INFO - Loaded HPO parameters
2025-05-10 07:43:21,438 - INFO - Preparing datasets...
2025-05-10 07:43:26,850 - INFO - Prepared datasets: 1180 train & 1000 validation samples
2025-05-10 07:43:26,851 - INFO - Initializing model...
2025-05-10 07:43:26,854 - INFO - Fitting model...
2025-05-10 07:48:51,698 - INFO - Saved weights to /s/ls4/users/selibrin/spiking_researches/correlation_encoding_and_training/mnist/hpo/shifted_nn_symm_stdp_synapse/hpo_data/hpo_iteration_data/4339491/estimator_1_neuron_7_weights.npy
2025-05-10 07:48:51,699 - INFO - Evaluating model...
2025-05-10 07:52:49,749 - INFO - Saved validation outputs to /s/ls4/users/selibrin/spiking_researches/correlation_encoding_and_training/mnist/hpo/shifted_nn_symm_stdp_synapse/hpo_data/hpo_iteration_data/4339491/estimator_1_neuron_7_validation_outputs.npy
2025-05-10 07:52:49,751 - INFO - Waiting for parameters file: /s/ls4/users/selibrin/spiking_researches/correlation_encoding_and_training/mnist/hpo/shifted_nn_symm_stdp_synapse/hpo_data/hpo_iteration_data/4339491/params_1_7.pkl
2025-05-10 07:53:24,801 - INFO - Loaded HPO parameters
2025-05-10 07:53:24,802 - INFO - Preparing datasets...
2025-05-10 07:53:30,241 - INFO - Prepared datasets: 1180 train & 1000 validation samples
2025-05-10 07:53:30,242 - INFO - Initializing model...
2025-05-10 07:53:30,245 - INFO - Fitting model...
2025-05-10 07:59:19,136 - INFO - Saved weights to /s/ls4/users/selibrin/spiking_researches/correlation_encoding_and_training/mnist/hpo/shifted_nn_symm_stdp_synapse/hpo_data/hpo_iteration_data/4339491/estimator_1_neuron_7_weights.npy
2025-05-10 07:59:19,137 - INFO - Evaluating model...
2025-05-10 08:03:15,427 - INFO - Saved validation outputs to /s/ls4/users/selibrin/spiking_researches/correlation_encoding_and_training/mnist/hpo/shifted_nn_symm_stdp_synapse/hpo_data/hpo_iteration_data/4339491/estimator_1_neuron_7_validation_outputs.npy
2025-05-10 08:03:15,427 - INFO - Waiting for parameters file: /s/ls4/users/selibrin/spiking_researches/correlation_encoding_and_training/mnist/hpo/shifted_nn_symm_stdp_synapse/hpo_data/hpo_iteration_data/4339491/params_1_7.pkl
2025-05-10 08:03:30,447 - INFO - Loaded HPO parameters
2025-05-10 08:03:30,447 - INFO - Preparing datasets...
2025-05-10 08:03:35,748 - INFO - Prepared datasets: 1180 train & 1000 validation samples
2025-05-10 08:03:35,748 - INFO - Initializing model...
2025-05-10 08:03:35,752 - INFO - Fitting model...
2025-05-10 08:08:52,630 - INFO - Saved weights to /s/ls4/users/selibrin/spiking_researches/correlation_encoding_and_training/mnist/hpo/shifted_nn_symm_stdp_synapse/hpo_data/hpo_iteration_data/4339491/estimator_1_neuron_7_weights.npy
2025-05-10 08:08:52,631 - INFO - Evaluating model...
2025-05-10 08:12:47,585 - INFO - Saved validation outputs to /s/ls4/users/selibrin/spiking_researches/correlation_encoding_and_training/mnist/hpo/shifted_nn_symm_stdp_synapse/hpo_data/hpo_iteration_data/4339491/estimator_1_neuron_7_validation_outputs.npy
2025-05-10 08:12:47,585 - INFO - Waiting for parameters file: /s/ls4/users/selibrin/spiking_researches/correlation_encoding_and_training/mnist/hpo/shifted_nn_symm_stdp_synapse/hpo_data/hpo_iteration_data/4339491/params_1_7.pkl
2025-05-10 08:13:02,607 - INFO - Loaded HPO parameters
2025-05-10 08:13:02,608 - INFO - Preparing datasets...
2025-05-10 08:13:08,143 - INFO - Prepared datasets: 590 train & 1000 validation samples
2025-05-10 08:13:08,143 - INFO - Initializing model...
2025-05-10 08:13:08,153 - INFO - Fitting model...
2025-05-10 08:15:47,832 - INFO - Saved weights to /s/ls4/users/selibrin/spiking_researches/correlation_encoding_and_training/mnist/hpo/shifted_nn_symm_stdp_synapse/hpo_data/hpo_iteration_data/4339491/estimator_1_neuron_7_weights.npy
2025-05-10 08:15:47,833 - INFO - Evaluating model...
2025-05-10 08:19:47,834 - INFO - Saved validation outputs to /s/ls4/users/selibrin/spiking_researches/correlation_encoding_and_training/mnist/hpo/shifted_nn_symm_stdp_synapse/hpo_data/hpo_iteration_data/4339491/estimator_1_neuron_7_validation_outputs.npy
2025-05-10 08:19:47,834 - INFO - Waiting for parameters file: /s/ls4/users/selibrin/spiking_researches/correlation_encoding_and_training/mnist/hpo/shifted_nn_symm_stdp_synapse/hpo_data/hpo_iteration_data/4339491/params_1_7.pkl
2025-05-10 08:20:07,863 - INFO - Loaded HPO parameters
2025-05-10 08:20:07,863 - INFO - Preparing datasets...
2025-05-10 08:20:13,501 - INFO - Prepared datasets: 1180 train & 1000 validation samples
2025-05-10 08:20:13,502 - INFO - Initializing model...
2025-05-10 08:20:13,506 - INFO - Fitting model...
2025-05-10 08:26:25,743 - INFO - Saved weights to /s/ls4/users/selibrin/spiking_researches/correlation_encoding_and_training/mnist/hpo/shifted_nn_symm_stdp_synapse/hpo_data/hpo_iteration_data/4339491/estimator_1_neuron_7_weights.npy
2025-05-10 08:26:25,743 - INFO - Evaluating model...
2025-05-10 08:30:28,986 - INFO - Saved validation outputs to /s/ls4/users/selibrin/spiking_researches/correlation_encoding_and_training/mnist/hpo/shifted_nn_symm_stdp_synapse/hpo_data/hpo_iteration_data/4339491/estimator_1_neuron_7_validation_outputs.npy
2025-05-10 08:30:28,986 - INFO - Waiting for parameters file: /s/ls4/users/selibrin/spiking_researches/correlation_encoding_and_training/mnist/hpo/shifted_nn_symm_stdp_synapse/hpo_data/hpo_iteration_data/4339491/params_1_7.pkl
2025-05-10 08:30:44,008 - INFO - Loaded HPO parameters
2025-05-10 08:30:44,008 - INFO - Preparing datasets...
2025-05-10 08:30:49,028 - INFO - Prepared datasets: 1180 train & 1000 validation samples
2025-05-10 08:30:49,029 - INFO - Initializing model...
2025-05-10 08:30:49,032 - INFO - Fitting model...
2025-05-10 08:37:45,885 - INFO - Saved weights to /s/ls4/users/selibrin/spiking_researches/correlation_encoding_and_training/mnist/hpo/shifted_nn_symm_stdp_synapse/hpo_data/hpo_iteration_data/4339491/estimator_1_neuron_7_weights.npy
2025-05-10 08:37:45,885 - INFO - Evaluating model...
2025-05-10 08:41:55,745 - INFO - Saved validation outputs to /s/ls4/users/selibrin/spiking_researches/correlation_encoding_and_training/mnist/hpo/shifted_nn_symm_stdp_synapse/hpo_data/hpo_iteration_data/4339491/estimator_1_neuron_7_validation_outputs.npy
2025-05-10 08:41:55,746 - INFO - Waiting for parameters file: /s/ls4/users/selibrin/spiking_researches/correlation_encoding_and_training/mnist/hpo/shifted_nn_symm_stdp_synapse/hpo_data/hpo_iteration_data/4339491/params_1_7.pkl
2025-05-10 08:42:15,773 - INFO - Loaded HPO parameters
2025-05-10 08:42:15,773 - INFO - Preparing datasets...
2025-05-10 08:42:21,285 - INFO - Prepared datasets: 1180 train & 1000 validation samples
2025-05-10 08:42:21,286 - INFO - Initializing model...
2025-05-10 08:42:21,290 - INFO - Fitting model...
2025-05-10 08:47:30,833 - INFO - Saved weights to /s/ls4/users/selibrin/spiking_researches/correlation_encoding_and_training/mnist/hpo/shifted_nn_symm_stdp_synapse/hpo_data/hpo_iteration_data/4339491/estimator_1_neuron_7_weights.npy
2025-05-10 08:47:30,833 - INFO - Evaluating model...
2025-05-10 08:51:26,232 - INFO - Saved validation outputs to /s/ls4/users/selibrin/spiking_researches/correlation_encoding_and_training/mnist/hpo/shifted_nn_symm_stdp_synapse/hpo_data/hpo_iteration_data/4339491/estimator_1_neuron_7_validation_outputs.npy
2025-05-10 08:51:26,232 - INFO - Waiting for parameters file: /s/ls4/users/selibrin/spiking_researches/correlation_encoding_and_training/mnist/hpo/shifted_nn_symm_stdp_synapse/hpo_data/hpo_iteration_data/4339491/params_1_7.pkl
2025-05-10 08:51:51,266 - INFO - Loaded HPO parameters
2025-05-10 08:51:51,266 - INFO - Preparing datasets...
2025-05-10 08:51:56,583 - INFO - Prepared datasets: 1180 train & 1000 validation samples
2025-05-10 08:51:56,583 - INFO - Initializing model...
2025-05-10 08:51:56,587 - INFO - Fitting model...
2025-05-10 08:57:33,243 - INFO - Saved weights to /s/ls4/users/selibrin/spiking_researches/correlation_encoding_and_training/mnist/hpo/shifted_nn_symm_stdp_synapse/hpo_data/hpo_iteration_data/4339491/estimator_1_neuron_7_weights.npy
2025-05-10 08:57:33,243 - INFO - Evaluating model...
2025-05-10 09:01:35,471 - INFO - Saved validation outputs to /s/ls4/users/selibrin/spiking_researches/correlation_encoding_and_training/mnist/hpo/shifted_nn_symm_stdp_synapse/hpo_data/hpo_iteration_data/4339491/estimator_1_neuron_7_validation_outputs.npy
2025-05-10 09:01:35,471 - INFO - Waiting for parameters file: /s/ls4/users/selibrin/spiking_researches/correlation_encoding_and_training/mnist/hpo/shifted_nn_symm_stdp_synapse/hpo_data/hpo_iteration_data/4339491/params_1_7.pkl
2025-05-10 09:01:55,499 - INFO - Loaded HPO parameters
2025-05-10 09:01:55,499 - INFO - Preparing datasets...
2025-05-10 09:02:01,165 - INFO - Prepared datasets: 590 train & 1000 validation samples
2025-05-10 09:02:01,165 - INFO - Initializing model...
2025-05-10 09:02:01,169 - INFO - Fitting model...
2025-05-10 09:04:37,546 - INFO - Saved weights to /s/ls4/users/selibrin/spiking_researches/correlation_encoding_and_training/mnist/hpo/shifted_nn_symm_stdp_synapse/hpo_data/hpo_iteration_data/4339491/estimator_1_neuron_7_weights.npy
2025-05-10 09:04:37,547 - INFO - Evaluating model...
2025-05-10 09:08:32,755 - INFO - Saved validation outputs to /s/ls4/users/selibrin/spiking_researches/correlation_encoding_and_training/mnist/hpo/shifted_nn_symm_stdp_synapse/hpo_data/hpo_iteration_data/4339491/estimator_1_neuron_7_validation_outputs.npy
2025-05-10 09:08:32,755 - INFO - Waiting for parameters file: /s/ls4/users/selibrin/spiking_researches/correlation_encoding_and_training/mnist/hpo/shifted_nn_symm_stdp_synapse/hpo_data/hpo_iteration_data/4339491/params_1_7.pkl
2025-05-10 09:08:57,790 - INFO - Loaded HPO parameters
2025-05-10 09:08:57,791 - INFO - Preparing datasets...
2025-05-10 09:09:03,469 - INFO - Prepared datasets: 295 train & 1000 validation samples
2025-05-10 09:09:03,469 - INFO - Initializing model...
2025-05-10 09:09:03,475 - INFO - Fitting model...
2025-05-10 09:10:36,820 - INFO - Saved weights to /s/ls4/users/selibrin/spiking_researches/correlation_encoding_and_training/mnist/hpo/shifted_nn_symm_stdp_synapse/hpo_data/hpo_iteration_data/4339491/estimator_1_neuron_7_weights.npy
2025-05-10 09:10:36,820 - INFO - Evaluating model...
2025-05-10 09:14:38,776 - INFO - Saved validation outputs to /s/ls4/users/selibrin/spiking_researches/correlation_encoding_and_training/mnist/hpo/shifted_nn_symm_stdp_synapse/hpo_data/hpo_iteration_data/4339491/estimator_1_neuron_7_validation_outputs.npy
2025-05-10 09:14:38,776 - INFO - Waiting for parameters file: /s/ls4/users/selibrin/spiking_researches/correlation_encoding_and_training/mnist/hpo/shifted_nn_symm_stdp_synapse/hpo_data/hpo_iteration_data/4339491/params_1_7.pkl
2025-05-10 09:14:58,806 - INFO - Loaded HPO parameters
2025-05-10 09:14:58,807 - INFO - Preparing datasets...
2025-05-10 09:15:04,416 - INFO - Prepared datasets: 1180 train & 1000 validation samples
2025-05-10 09:15:04,416 - INFO - Initializing model...
2025-05-10 09:15:04,429 - INFO - Fitting model...
2025-05-10 09:20:32,316 - INFO - Saved weights to /s/ls4/users/selibrin/spiking_researches/correlation_encoding_and_training/mnist/hpo/shifted_nn_symm_stdp_synapse/hpo_data/hpo_iteration_data/4339491/estimator_1_neuron_7_weights.npy
2025-05-10 09:20:32,316 - INFO - Evaluating model...
2025-05-10 09:24:31,351 - INFO - Saved validation outputs to /s/ls4/users/selibrin/spiking_researches/correlation_encoding_and_training/mnist/hpo/shifted_nn_symm_stdp_synapse/hpo_data/hpo_iteration_data/4339491/estimator_1_neuron_7_validation_outputs.npy
2025-05-10 09:24:31,351 - INFO - Waiting for parameters file: /s/ls4/users/selibrin/spiking_researches/correlation_encoding_and_training/mnist/hpo/shifted_nn_symm_stdp_synapse/hpo_data/hpo_iteration_data/4339491/params_1_7.pkl
2025-05-10 09:25:06,396 - INFO - Loaded HPO parameters
2025-05-10 09:25:06,397 - INFO - Preparing datasets...
2025-05-10 09:25:11,704 - INFO - Prepared datasets: 1180 train & 1000 validation samples
2025-05-10 09:25:11,705 - INFO - Initializing model...
2025-05-10 09:25:11,708 - INFO - Fitting model...
2025-05-10 09:30:22,753 - INFO - Saved weights to /s/ls4/users/selibrin/spiking_researches/correlation_encoding_and_training/mnist/hpo/shifted_nn_symm_stdp_synapse/hpo_data/hpo_iteration_data/4339491/estimator_1_neuron_7_weights.npy
2025-05-10 09:30:22,753 - INFO - Evaluating model...
2025-05-10 09:34:17,138 - INFO - Saved validation outputs to /s/ls4/users/selibrin/spiking_researches/correlation_encoding_and_training/mnist/hpo/shifted_nn_symm_stdp_synapse/hpo_data/hpo_iteration_data/4339491/estimator_1_neuron_7_validation_outputs.npy
2025-05-10 09:34:17,138 - INFO - Waiting for parameters file: /s/ls4/users/selibrin/spiking_researches/correlation_encoding_and_training/mnist/hpo/shifted_nn_symm_stdp_synapse/hpo_data/hpo_iteration_data/4339491/params_1_7.pkl
2025-05-10 09:34:37,166 - INFO - Loaded HPO parameters
2025-05-10 09:34:37,166 - INFO - Preparing datasets...
2025-05-10 09:34:42,635 - INFO - Prepared datasets: 1180 train & 1000 validation samples
2025-05-10 09:34:42,636 - INFO - Initializing model...
2025-05-10 09:34:42,639 - INFO - Fitting model...
2025-05-10 09:40:28,242 - INFO - Saved weights to /s/ls4/users/selibrin/spiking_researches/correlation_encoding_and_training/mnist/hpo/shifted_nn_symm_stdp_synapse/hpo_data/hpo_iteration_data/4339491/estimator_1_neuron_7_weights.npy
2025-05-10 09:40:28,242 - INFO - Evaluating model...
2025-05-10 09:44:32,487 - INFO - Saved validation outputs to /s/ls4/users/selibrin/spiking_researches/correlation_encoding_and_training/mnist/hpo/shifted_nn_symm_stdp_synapse/hpo_data/hpo_iteration_data/4339491/estimator_1_neuron_7_validation_outputs.npy
2025-05-10 09:44:32,487 - INFO - Waiting for parameters file: /s/ls4/users/selibrin/spiking_researches/correlation_encoding_and_training/mnist/hpo/shifted_nn_symm_stdp_synapse/hpo_data/hpo_iteration_data/4339491/params_1_7.pkl
2025-05-10 09:44:42,502 - INFO - Loaded HPO parameters
2025-05-10 09:44:42,503 - INFO - Preparing datasets...
2025-05-10 09:44:48,129 - INFO - Prepared datasets: 295 train & 1000 validation samples
2025-05-10 09:44:48,130 - INFO - Initializing model...
2025-05-10 09:44:48,134 - INFO - Fitting model...
2025-05-10 09:46:04,119 - INFO - Saved weights to /s/ls4/users/selibrin/spiking_researches/correlation_encoding_and_training/mnist/hpo/shifted_nn_symm_stdp_synapse/hpo_data/hpo_iteration_data/4339491/estimator_1_neuron_7_weights.npy
2025-05-10 09:46:04,120 - INFO - Evaluating model...
2025-05-10 09:49:52,195 - INFO - Saved validation outputs to /s/ls4/users/selibrin/spiking_researches/correlation_encoding_and_training/mnist/hpo/shifted_nn_symm_stdp_synapse/hpo_data/hpo_iteration_data/4339491/estimator_1_neuron_7_validation_outputs.npy
2025-05-10 09:49:52,195 - INFO - Waiting for parameters file: /s/ls4/users/selibrin/spiking_researches/correlation_encoding_and_training/mnist/hpo/shifted_nn_symm_stdp_synapse/hpo_data/hpo_iteration_data/4339491/params_1_7.pkl
2025-05-10 09:50:17,226 - INFO - Loaded HPO parameters
2025-05-10 09:50:17,226 - INFO - Preparing datasets...
2025-05-10 09:50:22,509 - INFO - Prepared datasets: 1180 train & 1000 validation samples
2025-05-10 09:50:22,509 - INFO - Initializing model...
2025-05-10 09:50:22,514 - INFO - Fitting model...
2025-05-10 09:55:45,103 - INFO - Saved weights to /s/ls4/users/selibrin/spiking_researches/correlation_encoding_and_training/mnist/hpo/shifted_nn_symm_stdp_synapse/hpo_data/hpo_iteration_data/4339491/estimator_1_neuron_7_weights.npy
2025-05-10 09:55:45,103 - INFO - Evaluating model...
2025-05-10 09:59:47,024 - INFO - Saved validation outputs to /s/ls4/users/selibrin/spiking_researches/correlation_encoding_and_training/mnist/hpo/shifted_nn_symm_stdp_synapse/hpo_data/hpo_iteration_data/4339491/estimator_1_neuron_7_validation_outputs.npy
2025-05-10 09:59:47,024 - INFO - Waiting for parameters file: /s/ls4/users/selibrin/spiking_researches/correlation_encoding_and_training/mnist/hpo/shifted_nn_symm_stdp_synapse/hpo_data/hpo_iteration_data/4339491/params_1_7.pkl
2025-05-10 10:00:17,062 - INFO - Loaded HPO parameters
2025-05-10 10:00:17,062 - INFO - Preparing datasets...
2025-05-10 10:00:22,499 - INFO - Prepared datasets: 590 train & 1000 validation samples
2025-05-10 10:00:22,499 - INFO - Initializing model...
2025-05-10 10:00:22,512 - INFO - Fitting model...
2025-05-10 10:03:03,456 - INFO - Saved weights to /s/ls4/users/selibrin/spiking_researches/correlation_encoding_and_training/mnist/hpo/shifted_nn_symm_stdp_synapse/hpo_data/hpo_iteration_data/4339491/estimator_1_neuron_7_weights.npy
2025-05-10 10:03:03,456 - INFO - Evaluating model...
2025-05-10 10:07:01,514 - INFO - Saved validation outputs to /s/ls4/users/selibrin/spiking_researches/correlation_encoding_and_training/mnist/hpo/shifted_nn_symm_stdp_synapse/hpo_data/hpo_iteration_data/4339491/estimator_1_neuron_7_validation_outputs.npy
2025-05-10 10:07:01,514 - INFO - Waiting for parameters file: /s/ls4/users/selibrin/spiking_researches/correlation_encoding_and_training/mnist/hpo/shifted_nn_symm_stdp_synapse/hpo_data/hpo_iteration_data/4339491/params_1_7.pkl
2025-05-10 10:07:21,539 - INFO - Loaded HPO parameters
2025-05-10 10:07:21,539 - INFO - Preparing datasets...
2025-05-10 10:07:26,886 - INFO - Prepared datasets: 1180 train & 1000 validation samples
2025-05-10 10:07:26,887 - INFO - Initializing model...
2025-05-10 10:07:26,890 - INFO - Fitting model...
2025-05-10 10:13:42,643 - INFO - Saved weights to /s/ls4/users/selibrin/spiking_researches/correlation_encoding_and_training/mnist/hpo/shifted_nn_symm_stdp_synapse/hpo_data/hpo_iteration_data/4339491/estimator_1_neuron_7_weights.npy
2025-05-10 10:13:42,644 - INFO - Evaluating model...
2025-05-10 10:17:47,830 - INFO - Saved validation outputs to /s/ls4/users/selibrin/spiking_researches/correlation_encoding_and_training/mnist/hpo/shifted_nn_symm_stdp_synapse/hpo_data/hpo_iteration_data/4339491/estimator_1_neuron_7_validation_outputs.npy
2025-05-10 10:17:47,831 - INFO - Waiting for parameters file: /s/ls4/users/selibrin/spiking_researches/correlation_encoding_and_training/mnist/hpo/shifted_nn_symm_stdp_synapse/hpo_data/hpo_iteration_data/4339491/params_1_7.pkl
2025-05-10 10:18:27,878 - INFO - Loaded HPO parameters
2025-05-10 10:18:27,878 - INFO - Preparing datasets...
2025-05-10 10:18:33,313 - INFO - Prepared datasets: 1180 train & 1000 validation samples
2025-05-10 10:18:33,314 - INFO - Initializing model...
2025-05-10 10:18:33,317 - INFO - Fitting model...
2025-05-10 10:24:14,260 - INFO - Saved weights to /s/ls4/users/selibrin/spiking_researches/correlation_encoding_and_training/mnist/hpo/shifted_nn_symm_stdp_synapse/hpo_data/hpo_iteration_data/4339491/estimator_1_neuron_7_weights.npy
2025-05-10 10:24:14,260 - INFO - Evaluating model...
2025-05-10 10:28:13,702 - INFO - Saved validation outputs to /s/ls4/users/selibrin/spiking_researches/correlation_encoding_and_training/mnist/hpo/shifted_nn_symm_stdp_synapse/hpo_data/hpo_iteration_data/4339491/estimator_1_neuron_7_validation_outputs.npy
2025-05-10 10:28:13,702 - INFO - Waiting for parameters file: /s/ls4/users/selibrin/spiking_researches/correlation_encoding_and_training/mnist/hpo/shifted_nn_symm_stdp_synapse/hpo_data/hpo_iteration_data/4339491/params_1_7.pkl
2025-05-10 10:28:28,728 - INFO - Loaded HPO parameters
2025-05-10 10:28:28,728 - INFO - Preparing datasets...
2025-05-10 10:28:34,158 - INFO - Prepared datasets: 295 train & 1000 validation samples
2025-05-10 10:28:34,158 - INFO - Initializing model...
2025-05-10 10:28:34,162 - INFO - Fitting model...
2025-05-10 10:30:17,680 - INFO - Saved weights to /s/ls4/users/selibrin/spiking_researches/correlation_encoding_and_training/mnist/hpo/shifted_nn_symm_stdp_synapse/hpo_data/hpo_iteration_data/4339491/estimator_1_neuron_7_weights.npy
2025-05-10 10:30:17,681 - INFO - Evaluating model...
2025-05-10 10:34:27,172 - INFO - Saved validation outputs to /s/ls4/users/selibrin/spiking_researches/correlation_encoding_and_training/mnist/hpo/shifted_nn_symm_stdp_synapse/hpo_data/hpo_iteration_data/4339491/estimator_1_neuron_7_validation_outputs.npy
2025-05-10 10:34:27,172 - INFO - Waiting for parameters file: /s/ls4/users/selibrin/spiking_researches/correlation_encoding_and_training/mnist/hpo/shifted_nn_symm_stdp_synapse/hpo_data/hpo_iteration_data/4339491/params_1_7.pkl
2025-05-10 10:35:02,216 - INFO - Loaded HPO parameters
2025-05-10 10:35:02,216 - INFO - Preparing datasets...
2025-05-10 10:35:07,801 - INFO - Prepared datasets: 1180 train & 1000 validation samples
2025-05-10 10:35:07,801 - INFO - Initializing model...
2025-05-10 10:35:07,805 - INFO - Fitting model...
2025-05-10 10:40:23,426 - INFO - Saved weights to /s/ls4/users/selibrin/spiking_researches/correlation_encoding_and_training/mnist/hpo/shifted_nn_symm_stdp_synapse/hpo_data/hpo_iteration_data/4339491/estimator_1_neuron_7_weights.npy
2025-05-10 10:40:23,427 - INFO - Evaluating model...
2025-05-10 10:44:12,200 - INFO - Saved validation outputs to /s/ls4/users/selibrin/spiking_researches/correlation_encoding_and_training/mnist/hpo/shifted_nn_symm_stdp_synapse/hpo_data/hpo_iteration_data/4339491/estimator_1_neuron_7_validation_outputs.npy
2025-05-10 10:44:12,201 - INFO - Waiting for parameters file: /s/ls4/users/selibrin/spiking_researches/correlation_encoding_and_training/mnist/hpo/shifted_nn_symm_stdp_synapse/hpo_data/hpo_iteration_data/4339491/params_1_7.pkl
2025-05-10 10:44:37,234 - INFO - Loaded HPO parameters
2025-05-10 10:44:37,234 - INFO - Preparing datasets...
2025-05-10 10:44:42,465 - INFO - Prepared datasets: 1180 train & 1000 validation samples
2025-05-10 10:44:42,465 - INFO - Initializing model...
2025-05-10 10:44:42,469 - INFO - Fitting model...
2025-05-10 10:50:57,461 - INFO - Saved weights to /s/ls4/users/selibrin/spiking_researches/correlation_encoding_and_training/mnist/hpo/shifted_nn_symm_stdp_synapse/hpo_data/hpo_iteration_data/4339491/estimator_1_neuron_7_weights.npy
2025-05-10 10:50:57,461 - INFO - Evaluating model...
2025-05-10 10:55:04,141 - INFO - Saved validation outputs to /s/ls4/users/selibrin/spiking_researches/correlation_encoding_and_training/mnist/hpo/shifted_nn_symm_stdp_synapse/hpo_data/hpo_iteration_data/4339491/estimator_1_neuron_7_validation_outputs.npy
2025-05-10 10:55:04,141 - INFO - Waiting for parameters file: /s/ls4/users/selibrin/spiking_researches/correlation_encoding_and_training/mnist/hpo/shifted_nn_symm_stdp_synapse/hpo_data/hpo_iteration_data/4339491/params_1_7.pkl
2025-05-10 10:55:39,186 - INFO - Loaded HPO parameters
2025-05-10 10:55:39,186 - INFO - Preparing datasets...
2025-05-10 10:55:44,870 - INFO - Prepared datasets: 1180 train & 1000 validation samples
2025-05-10 10:55:44,870 - INFO - Initializing model...
2025-05-10 10:55:45,075 - INFO - Fitting model...
2025-05-10 11:01:16,947 - INFO - Saved weights to /s/ls4/users/selibrin/spiking_researches/correlation_encoding_and_training/mnist/hpo/shifted_nn_symm_stdp_synapse/hpo_data/hpo_iteration_data/4339491/estimator_1_neuron_7_weights.npy
2025-05-10 11:01:16,948 - INFO - Evaluating model...
2025-05-10 11:05:16,151 - INFO - Saved validation outputs to /s/ls4/users/selibrin/spiking_researches/correlation_encoding_and_training/mnist/hpo/shifted_nn_symm_stdp_synapse/hpo_data/hpo_iteration_data/4339491/estimator_1_neuron_7_validation_outputs.npy
2025-05-10 11:05:16,152 - INFO - Waiting for parameters file: /s/ls4/users/selibrin/spiking_researches/correlation_encoding_and_training/mnist/hpo/shifted_nn_symm_stdp_synapse/hpo_data/hpo_iteration_data/4339491/params_1_7.pkl
2025-05-10 11:05:46,192 - INFO - Loaded HPO parameters
2025-05-10 11:05:46,192 - INFO - Preparing datasets...
2025-05-10 11:05:51,562 - INFO - Prepared datasets: 590 train & 1000 validation samples
2025-05-10 11:05:51,562 - INFO - Initializing model...
2025-05-10 11:05:51,566 - INFO - Fitting model...
2025-05-10 11:08:28,746 - INFO - Saved weights to /s/ls4/users/selibrin/spiking_researches/correlation_encoding_and_training/mnist/hpo/shifted_nn_symm_stdp_synapse/hpo_data/hpo_iteration_data/4339491/estimator_1_neuron_7_weights.npy
2025-05-10 11:08:28,746 - INFO - Evaluating model...
2025-05-10 11:12:26,888 - INFO - Saved validation outputs to /s/ls4/users/selibrin/spiking_researches/correlation_encoding_and_training/mnist/hpo/shifted_nn_symm_stdp_synapse/hpo_data/hpo_iteration_data/4339491/estimator_1_neuron_7_validation_outputs.npy
2025-05-10 11:12:26,889 - INFO - Waiting for parameters file: /s/ls4/users/selibrin/spiking_researches/correlation_encoding_and_training/mnist/hpo/shifted_nn_symm_stdp_synapse/hpo_data/hpo_iteration_data/4339491/params_1_7.pkl
2025-05-10 11:12:46,916 - INFO - Loaded HPO parameters
2025-05-10 11:12:46,917 - INFO - Preparing datasets...
2025-05-10 11:12:52,796 - INFO - Prepared datasets: 1180 train & 1000 validation samples
2025-05-10 11:12:52,796 - INFO - Initializing model...
2025-05-10 11:12:52,800 - INFO - Fitting model...
2025-05-10 11:17:31,742 - INFO - Saved weights to /s/ls4/users/selibrin/spiking_researches/correlation_encoding_and_training/mnist/hpo/shifted_nn_symm_stdp_synapse/hpo_data/hpo_iteration_data/4339491/estimator_1_neuron_7_weights.npy
2025-05-10 11:17:31,742 - INFO - Evaluating model...
2025-05-10 11:19:47,526 - INFO - Saved validation outputs to /s/ls4/users/selibrin/spiking_researches/correlation_encoding_and_training/mnist/hpo/shifted_nn_symm_stdp_synapse/hpo_data/hpo_iteration_data/4339491/estimator_1_neuron_7_validation_outputs.npy
2025-05-10 11:19:47,526 - INFO - Waiting for parameters file: /s/ls4/users/selibrin/spiking_researches/correlation_encoding_and_training/mnist/hpo/shifted_nn_symm_stdp_synapse/hpo_data/hpo_iteration_data/4339491/params_1_7.pkl
2025-05-10 11:20:22,568 - INFO - Loaded HPO parameters
2025-05-10 11:20:22,568 - INFO - Preparing datasets...
2025-05-10 11:20:25,744 - INFO - Prepared datasets: 295 train & 1000 validation samples
2025-05-10 11:20:25,744 - INFO - Initializing model...
2025-05-10 11:20:25,747 - INFO - Fitting model...
2025-05-10 11:21:10,028 - INFO - Saved weights to /s/ls4/users/selibrin/spiking_researches/correlation_encoding_and_training/mnist/hpo/shifted_nn_symm_stdp_synapse/hpo_data/hpo_iteration_data/4339491/estimator_1_neuron_7_weights.npy
2025-05-10 11:21:10,028 - INFO - Evaluating model...
2025-05-10 11:23:27,112 - INFO - Saved validation outputs to /s/ls4/users/selibrin/spiking_researches/correlation_encoding_and_training/mnist/hpo/shifted_nn_symm_stdp_synapse/hpo_data/hpo_iteration_data/4339491/estimator_1_neuron_7_validation_outputs.npy
2025-05-10 11:23:27,112 - INFO - Waiting for parameters file: /s/ls4/users/selibrin/spiking_researches/correlation_encoding_and_training/mnist/hpo/shifted_nn_symm_stdp_synapse/hpo_data/hpo_iteration_data/4339491/params_1_7.pkl
2025-05-10 11:23:57,148 - INFO - Loaded HPO parameters
2025-05-10 11:23:57,149 - INFO - Preparing datasets...
2025-05-10 11:24:00,282 - INFO - Prepared datasets: 1180 train & 1000 validation samples
2025-05-10 11:24:00,282 - INFO - Initializing model...
2025-05-10 11:24:00,284 - INFO - Fitting model...
2025-05-10 11:27:20,715 - INFO - Saved weights to /s/ls4/users/selibrin/spiking_researches/correlation_encoding_and_training/mnist/hpo/shifted_nn_symm_stdp_synapse/hpo_data/hpo_iteration_data/4339491/estimator_1_neuron_7_weights.npy
2025-05-10 11:27:20,715 - INFO - Evaluating model...
2025-05-10 11:29:39,149 - INFO - Saved validation outputs to /s/ls4/users/selibrin/spiking_researches/correlation_encoding_and_training/mnist/hpo/shifted_nn_symm_stdp_synapse/hpo_data/hpo_iteration_data/4339491/estimator_1_neuron_7_validation_outputs.npy
2025-05-10 11:29:39,150 - INFO - Waiting for parameters file: /s/ls4/users/selibrin/spiking_researches/correlation_encoding_and_training/mnist/hpo/shifted_nn_symm_stdp_synapse/hpo_data/hpo_iteration_data/4339491/params_1_7.pkl
2025-05-10 11:29:59,176 - INFO - Loaded HPO parameters
2025-05-10 11:29:59,176 - INFO - Preparing datasets...
2025-05-10 11:30:02,381 - INFO - Prepared datasets: 1180 train & 1000 validation samples
2025-05-10 11:30:02,381 - INFO - Initializing model...
2025-05-10 11:30:02,383 - INFO - Fitting model...
2025-05-10 11:33:04,633 - INFO - Saved weights to /s/ls4/users/selibrin/spiking_researches/correlation_encoding_and_training/mnist/hpo/shifted_nn_symm_stdp_synapse/hpo_data/hpo_iteration_data/4339491/estimator_1_neuron_7_weights.npy
2025-05-10 11:33:04,633 - INFO - Evaluating model...
2025-05-10 11:35:20,825 - INFO - Saved validation outputs to /s/ls4/users/selibrin/spiking_researches/correlation_encoding_and_training/mnist/hpo/shifted_nn_symm_stdp_synapse/hpo_data/hpo_iteration_data/4339491/estimator_1_neuron_7_validation_outputs.npy
2025-05-10 11:35:20,826 - INFO - Waiting for parameters file: /s/ls4/users/selibrin/spiking_researches/correlation_encoding_and_training/mnist/hpo/shifted_nn_symm_stdp_synapse/hpo_data/hpo_iteration_data/4339491/params_1_7.pkl
2025-05-10 11:35:30,841 - INFO - Loaded HPO parameters
2025-05-10 11:35:30,842 - INFO - Preparing datasets...
2025-05-10 11:35:34,109 - INFO - Prepared datasets: 1180 train & 1000 validation samples
2025-05-10 11:35:34,110 - INFO - Initializing model...
2025-05-10 11:35:34,113 - INFO - Fitting model...
2025-05-10 11:38:32,246 - INFO - Saved weights to /s/ls4/users/selibrin/spiking_researches/correlation_encoding_and_training/mnist/hpo/shifted_nn_symm_stdp_synapse/hpo_data/hpo_iteration_data/4339491/estimator_1_neuron_7_weights.npy
2025-05-10 11:38:32,246 - INFO - Evaluating model...
2025-05-10 11:40:47,192 - INFO - Saved validation outputs to /s/ls4/users/selibrin/spiking_researches/correlation_encoding_and_training/mnist/hpo/shifted_nn_symm_stdp_synapse/hpo_data/hpo_iteration_data/4339491/estimator_1_neuron_7_validation_outputs.npy
2025-05-10 11:40:47,192 - INFO - Waiting for parameters file: /s/ls4/users/selibrin/spiking_researches/correlation_encoding_and_training/mnist/hpo/shifted_nn_symm_stdp_synapse/hpo_data/hpo_iteration_data/4339491/params_1_7.pkl
2025-05-10 11:41:07,218 - INFO - Loaded HPO parameters
2025-05-10 11:41:07,218 - INFO - Preparing datasets...
2025-05-10 11:41:10,496 - INFO - Prepared datasets: 590 train & 1000 validation samples
2025-05-10 11:41:10,496 - INFO - Initializing model...
2025-05-10 11:41:10,499 - INFO - Fitting model...
2025-05-10 11:42:58,354 - INFO - Saved weights to /s/ls4/users/selibrin/spiking_researches/correlation_encoding_and_training/mnist/hpo/shifted_nn_symm_stdp_synapse/hpo_data/hpo_iteration_data/4339491/estimator_1_neuron_7_weights.npy
2025-05-10 11:42:58,355 - INFO - Evaluating model...
2025-05-10 11:45:17,478 - INFO - Saved validation outputs to /s/ls4/users/selibrin/spiking_researches/correlation_encoding_and_training/mnist/hpo/shifted_nn_symm_stdp_synapse/hpo_data/hpo_iteration_data/4339491/estimator_1_neuron_7_validation_outputs.npy
2025-05-10 11:45:17,478 - INFO - Waiting for parameters file: /s/ls4/users/selibrin/spiking_researches/correlation_encoding_and_training/mnist/hpo/shifted_nn_symm_stdp_synapse/hpo_data/hpo_iteration_data/4339491/params_1_7.pkl
2025-05-10 11:45:37,529 - INFO - Loaded HPO parameters
2025-05-10 11:45:37,529 - INFO - Preparing datasets...
2025-05-10 11:45:40,655 - INFO - Prepared datasets: 1180 train & 1000 validation samples
2025-05-10 11:45:40,660 - INFO - Initializing model...
2025-05-10 11:45:40,663 - INFO - Fitting model...
2025-05-10 11:49:40,611 - INFO - Saved weights to /s/ls4/users/selibrin/spiking_researches/correlation_encoding_and_training/mnist/hpo/shifted_nn_symm_stdp_synapse/hpo_data/hpo_iteration_data/4339491/estimator_1_neuron_7_weights.npy
2025-05-10 11:49:40,611 - INFO - Evaluating model...
2025-05-10 11:52:02,556 - INFO - Saved validation outputs to /s/ls4/users/selibrin/spiking_researches/correlation_encoding_and_training/mnist/hpo/shifted_nn_symm_stdp_synapse/hpo_data/hpo_iteration_data/4339491/estimator_1_neuron_7_validation_outputs.npy
2025-05-10 11:52:02,556 - INFO - Waiting for parameters file: /s/ls4/users/selibrin/spiking_researches/correlation_encoding_and_training/mnist/hpo/shifted_nn_symm_stdp_synapse/hpo_data/hpo_iteration_data/4339491/params_1_7.pkl
2025-05-10 11:52:12,570 - INFO - Loaded HPO parameters
2025-05-10 11:52:12,571 - INFO - Preparing datasets...
2025-05-10 11:52:16,186 - INFO - Prepared datasets: 295 train & 1000 validation samples
2025-05-10 11:52:16,187 - INFO - Initializing model...
2025-05-10 11:52:16,190 - INFO - Fitting model...
2025-05-10 11:53:04,306 - INFO - Saved weights to /s/ls4/users/selibrin/spiking_researches/correlation_encoding_and_training/mnist/hpo/shifted_nn_symm_stdp_synapse/hpo_data/hpo_iteration_data/4339491/estimator_1_neuron_7_weights.npy
2025-05-10 11:53:04,306 - INFO - Evaluating model...
2025-05-10 11:55:21,194 - INFO - Saved validation outputs to /s/ls4/users/selibrin/spiking_researches/correlation_encoding_and_training/mnist/hpo/shifted_nn_symm_stdp_synapse/hpo_data/hpo_iteration_data/4339491/estimator_1_neuron_7_validation_outputs.npy
2025-05-10 11:55:21,194 - INFO - Waiting for parameters file: /s/ls4/users/selibrin/spiking_researches/correlation_encoding_and_training/mnist/hpo/shifted_nn_symm_stdp_synapse/hpo_data/hpo_iteration_data/4339491/params_1_7.pkl
2025-05-10 11:55:46,225 - INFO - Loaded HPO parameters
2025-05-10 11:55:46,225 - INFO - Preparing datasets...
2025-05-10 11:55:49,285 - INFO - Prepared datasets: 1180 train & 1000 validation samples
2025-05-10 11:55:49,285 - INFO - Initializing model...
2025-05-10 11:55:49,287 - INFO - Fitting model...
2025-05-10 11:58:49,853 - INFO - Saved weights to /s/ls4/users/selibrin/spiking_researches/correlation_encoding_and_training/mnist/hpo/shifted_nn_symm_stdp_synapse/hpo_data/hpo_iteration_data/4339491/estimator_1_neuron_7_weights.npy
2025-05-10 11:58:49,853 - INFO - Evaluating model...
2025-05-10 12:01:06,559 - INFO - Saved validation outputs to /s/ls4/users/selibrin/spiking_researches/correlation_encoding_and_training/mnist/hpo/shifted_nn_symm_stdp_synapse/hpo_data/hpo_iteration_data/4339491/estimator_1_neuron_7_validation_outputs.npy
2025-05-10 12:01:06,559 - INFO - Waiting for parameters file: /s/ls4/users/selibrin/spiking_researches/correlation_encoding_and_training/mnist/hpo/shifted_nn_symm_stdp_synapse/hpo_data/hpo_iteration_data/4339491/params_1_7.pkl
2025-05-10 12:01:21,580 - INFO - Loaded HPO parameters
2025-05-10 12:01:21,580 - INFO - Preparing datasets...
2025-05-10 12:01:24,711 - INFO - Prepared datasets: 1180 train & 1000 validation samples
2025-05-10 12:01:24,712 - INFO - Initializing model...
2025-05-10 12:01:24,715 - INFO - Fitting model...
2025-05-10 12:04:56,478 - INFO - Saved weights to /s/ls4/users/selibrin/spiking_researches/correlation_encoding_and_training/mnist/hpo/shifted_nn_symm_stdp_synapse/hpo_data/hpo_iteration_data/4339491/estimator_1_neuron_7_weights.npy
2025-05-10 12:04:56,478 - INFO - Evaluating model...
2025-05-10 12:07:15,748 - INFO - Saved validation outputs to /s/ls4/users/selibrin/spiking_researches/correlation_encoding_and_training/mnist/hpo/shifted_nn_symm_stdp_synapse/hpo_data/hpo_iteration_data/4339491/estimator_1_neuron_7_validation_outputs.npy
2025-05-10 12:07:15,748 - INFO - Waiting for parameters file: /s/ls4/users/selibrin/spiking_researches/correlation_encoding_and_training/mnist/hpo/shifted_nn_symm_stdp_synapse/hpo_data/hpo_iteration_data/4339491/params_1_7.pkl
2025-05-10 12:07:25,763 - INFO - Loaded HPO parameters
2025-05-10 12:07:25,763 - INFO - Preparing datasets...
2025-05-10 12:07:28,917 - INFO - Prepared datasets: 1180 train & 1000 validation samples
2025-05-10 12:07:28,917 - INFO - Initializing model...
2025-05-10 12:07:28,919 - INFO - Fitting model...
2025-05-10 12:11:03,049 - INFO - Saved weights to /s/ls4/users/selibrin/spiking_researches/correlation_encoding_and_training/mnist/hpo/shifted_nn_symm_stdp_synapse/hpo_data/hpo_iteration_data/4339491/estimator_1_neuron_7_weights.npy
2025-05-10 12:11:03,049 - INFO - Evaluating model...
2025-05-10 12:13:22,237 - INFO - Saved validation outputs to /s/ls4/users/selibrin/spiking_researches/correlation_encoding_and_training/mnist/hpo/shifted_nn_symm_stdp_synapse/hpo_data/hpo_iteration_data/4339491/estimator_1_neuron_7_validation_outputs.npy
2025-05-10 12:13:22,237 - INFO - Waiting for parameters file: /s/ls4/users/selibrin/spiking_researches/correlation_encoding_and_training/mnist/hpo/shifted_nn_symm_stdp_synapse/hpo_data/hpo_iteration_data/4339491/params_1_7.pkl
2025-05-10 12:13:27,247 - INFO - Loaded HPO parameters
2025-05-10 12:13:27,247 - INFO - Preparing datasets...
2025-05-10 12:13:30,322 - INFO - Prepared datasets: 590 train & 1000 validation samples
2025-05-10 12:13:30,323 - INFO - Initializing model...
2025-05-10 12:13:30,325 - INFO - Fitting model...
2025-05-10 12:15:15,787 - INFO - Saved weights to /s/ls4/users/selibrin/spiking_researches/correlation_encoding_and_training/mnist/hpo/shifted_nn_symm_stdp_synapse/hpo_data/hpo_iteration_data/4339491/estimator_1_neuron_7_weights.npy
2025-05-10 12:15:15,787 - INFO - Evaluating model...
2025-05-10 12:17:32,642 - INFO - Saved validation outputs to /s/ls4/users/selibrin/spiking_researches/correlation_encoding_and_training/mnist/hpo/shifted_nn_symm_stdp_synapse/hpo_data/hpo_iteration_data/4339491/estimator_1_neuron_7_validation_outputs.npy
2025-05-10 12:17:32,642 - INFO - Waiting for parameters file: /s/ls4/users/selibrin/spiking_researches/correlation_encoding_and_training/mnist/hpo/shifted_nn_symm_stdp_synapse/hpo_data/hpo_iteration_data/4339491/params_1_7.pkl
2025-05-10 12:18:07,686 - INFO - Loaded HPO parameters
2025-05-10 12:18:07,687 - INFO - Preparing datasets...
2025-05-10 12:18:10,826 - INFO - Prepared datasets: 1180 train & 1000 validation samples
2025-05-10 12:18:10,827 - INFO - Initializing model...
2025-05-10 12:18:10,829 - INFO - Fitting model...
2025-05-10 12:21:42,720 - INFO - Saved weights to /s/ls4/users/selibrin/spiking_researches/correlation_encoding_and_training/mnist/hpo/shifted_nn_symm_stdp_synapse/hpo_data/hpo_iteration_data/4339491/estimator_1_neuron_7_weights.npy
2025-05-10 12:21:42,720 - INFO - Evaluating model...
2025-05-10 12:24:01,353 - INFO - Saved validation outputs to /s/ls4/users/selibrin/spiking_researches/correlation_encoding_and_training/mnist/hpo/shifted_nn_symm_stdp_synapse/hpo_data/hpo_iteration_data/4339491/estimator_1_neuron_7_validation_outputs.npy
2025-05-10 12:24:01,353 - INFO - Waiting for parameters file: /s/ls4/users/selibrin/spiking_researches/correlation_encoding_and_training/mnist/hpo/shifted_nn_symm_stdp_synapse/hpo_data/hpo_iteration_data/4339491/params_1_7.pkl
2025-05-10 12:24:11,369 - INFO - Loaded HPO parameters
2025-05-10 12:24:11,369 - INFO - Preparing datasets...
2025-05-10 12:24:14,787 - INFO - Prepared datasets: 1180 train & 1000 validation samples
2025-05-10 12:24:14,787 - INFO - Initializing model...
2025-05-10 12:24:14,790 - INFO - Fitting model...
2025-05-10 12:27:49,635 - INFO - Saved weights to /s/ls4/users/selibrin/spiking_researches/correlation_encoding_and_training/mnist/hpo/shifted_nn_symm_stdp_synapse/hpo_data/hpo_iteration_data/4339491/estimator_1_neuron_7_weights.npy
2025-05-10 12:27:49,635 - INFO - Evaluating model...
2025-05-10 12:30:08,860 - INFO - Saved validation outputs to /s/ls4/users/selibrin/spiking_researches/correlation_encoding_and_training/mnist/hpo/shifted_nn_symm_stdp_synapse/hpo_data/hpo_iteration_data/4339491/estimator_1_neuron_7_validation_outputs.npy
2025-05-10 12:30:08,860 - INFO - Waiting for parameters file: /s/ls4/users/selibrin/spiking_researches/correlation_encoding_and_training/mnist/hpo/shifted_nn_symm_stdp_synapse/hpo_data/hpo_iteration_data/4339491/params_1_7.pkl
2025-05-10 12:30:48,905 - INFO - Loaded HPO parameters
2025-05-10 12:30:48,905 - INFO - Preparing datasets...
2025-05-10 12:30:52,060 - INFO - Prepared datasets: 295 train & 1000 validation samples
2025-05-10 12:30:52,065 - INFO - Initializing model...
2025-05-10 12:30:52,067 - INFO - Fitting model...
2025-05-10 12:31:45,594 - INFO - Saved weights to /s/ls4/users/selibrin/spiking_researches/correlation_encoding_and_training/mnist/hpo/shifted_nn_symm_stdp_synapse/hpo_data/hpo_iteration_data/4339491/estimator_1_neuron_7_weights.npy
2025-05-10 12:31:45,594 - INFO - Evaluating model...
2025-05-10 12:34:05,892 - INFO - Saved validation outputs to /s/ls4/users/selibrin/spiking_researches/correlation_encoding_and_training/mnist/hpo/shifted_nn_symm_stdp_synapse/hpo_data/hpo_iteration_data/4339491/estimator_1_neuron_7_validation_outputs.npy
2025-05-10 12:34:05,893 - INFO - Waiting for parameters file: /s/ls4/users/selibrin/spiking_researches/correlation_encoding_and_training/mnist/hpo/shifted_nn_symm_stdp_synapse/hpo_data/hpo_iteration_data/4339491/params_1_7.pkl
2025-05-10 12:34:25,932 - INFO - Loaded HPO parameters
2025-05-10 12:34:25,933 - INFO - Preparing datasets...
2025-05-10 12:34:29,132 - INFO - Prepared datasets: 1180 train & 1000 validation samples
2025-05-10 12:34:29,132 - INFO - Initializing model...
2025-05-10 12:34:29,134 - INFO - Fitting model...
2025-05-10 12:38:06,824 - INFO - Saved weights to /s/ls4/users/selibrin/spiking_researches/correlation_encoding_and_training/mnist/hpo/shifted_nn_symm_stdp_synapse/hpo_data/hpo_iteration_data/4339491/estimator_1_neuron_7_weights.npy
2025-05-10 12:38:06,824 - INFO - Evaluating model...
2025-05-10 12:40:29,434 - INFO - Saved validation outputs to /s/ls4/users/selibrin/spiking_researches/correlation_encoding_and_training/mnist/hpo/shifted_nn_symm_stdp_synapse/hpo_data/hpo_iteration_data/4339491/estimator_1_neuron_7_validation_outputs.npy
2025-05-10 12:40:29,435 - INFO - Waiting for parameters file: /s/ls4/users/selibrin/spiking_researches/correlation_encoding_and_training/mnist/hpo/shifted_nn_symm_stdp_synapse/hpo_data/hpo_iteration_data/4339491/params_1_7.pkl
2025-05-10 12:40:59,472 - INFO - Loaded HPO parameters
2025-05-10 12:40:59,472 - INFO - Preparing datasets...
2025-05-10 12:41:02,672 - INFO - Prepared datasets: 1180 train & 1000 validation samples
2025-05-10 12:41:02,677 - INFO - Initializing model...
2025-05-10 12:41:02,679 - INFO - Fitting model...
2025-05-10 12:44:37,081 - INFO - Saved weights to /s/ls4/users/selibrin/spiking_researches/correlation_encoding_and_training/mnist/hpo/shifted_nn_symm_stdp_synapse/hpo_data/hpo_iteration_data/4339491/estimator_1_neuron_7_weights.npy
2025-05-10 12:44:37,081 - INFO - Evaluating model...
2025-05-10 12:46:56,266 - INFO - Saved validation outputs to /s/ls4/users/selibrin/spiking_researches/correlation_encoding_and_training/mnist/hpo/shifted_nn_symm_stdp_synapse/hpo_data/hpo_iteration_data/4339491/estimator_1_neuron_7_validation_outputs.npy
2025-05-10 12:46:56,266 - INFO - Waiting for parameters file: /s/ls4/users/selibrin/spiking_researches/correlation_encoding_and_training/mnist/hpo/shifted_nn_symm_stdp_synapse/hpo_data/hpo_iteration_data/4339491/params_1_7.pkl
2025-05-10 12:47:36,330 - INFO - Loaded HPO parameters
2025-05-10 12:47:36,331 - INFO - Preparing datasets...
2025-05-10 12:47:39,545 - INFO - Prepared datasets: 1180 train & 1000 validation samples
2025-05-10 12:47:39,546 - INFO - Initializing model...
2025-05-10 12:47:39,549 - INFO - Fitting model...
2025-05-10 12:50:34,521 - INFO - Saved weights to /s/ls4/users/selibrin/spiking_researches/correlation_encoding_and_training/mnist/hpo/shifted_nn_symm_stdp_synapse/hpo_data/hpo_iteration_data/4339491/estimator_1_neuron_7_weights.npy
2025-05-10 12:50:34,521 - INFO - Evaluating model...
2025-05-10 12:52:48,390 - INFO - Saved validation outputs to /s/ls4/users/selibrin/spiking_researches/correlation_encoding_and_training/mnist/hpo/shifted_nn_symm_stdp_synapse/hpo_data/hpo_iteration_data/4339491/estimator_1_neuron_7_validation_outputs.npy
2025-05-10 12:52:48,390 - INFO - Waiting for parameters file: /s/ls4/users/selibrin/spiking_researches/correlation_encoding_and_training/mnist/hpo/shifted_nn_symm_stdp_synapse/hpo_data/hpo_iteration_data/4339491/params_1_7.pkl
2025-05-10 12:53:13,424 - INFO - Loaded HPO parameters
2025-05-10 12:53:13,424 - INFO - Preparing datasets...
2025-05-10 12:53:16,502 - INFO - Prepared datasets: 590 train & 1000 validation samples
2025-05-10 12:53:16,507 - INFO - Initializing model...
2025-05-10 12:53:16,509 - INFO - Fitting model...
2025-05-10 12:54:49,030 - INFO - Saved weights to /s/ls4/users/selibrin/spiking_researches/correlation_encoding_and_training/mnist/hpo/shifted_nn_symm_stdp_synapse/hpo_data/hpo_iteration_data/4339491/estimator_1_neuron_7_weights.npy
2025-05-10 12:54:49,030 - INFO - Evaluating model...
2025-05-10 12:57:05,158 - INFO - Saved validation outputs to /s/ls4/users/selibrin/spiking_researches/correlation_encoding_and_training/mnist/hpo/shifted_nn_symm_stdp_synapse/hpo_data/hpo_iteration_data/4339491/estimator_1_neuron_7_validation_outputs.npy
2025-05-10 12:57:05,158 - INFO - Waiting for parameters file: /s/ls4/users/selibrin/spiking_researches/correlation_encoding_and_training/mnist/hpo/shifted_nn_symm_stdp_synapse/hpo_data/hpo_iteration_data/4339491/params_1_7.pkl
2025-05-10 12:57:20,179 - INFO - Loaded HPO parameters
2025-05-10 12:57:20,180 - INFO - Preparing datasets...
2025-05-10 12:57:23,516 - INFO - Prepared datasets: 1180 train & 1000 validation samples
2025-05-10 12:57:23,517 - INFO - Initializing model...
2025-05-10 12:57:23,519 - INFO - Fitting model...
2025-05-10 13:00:57,947 - INFO - Saved weights to /s/ls4/users/selibrin/spiking_researches/correlation_encoding_and_training/mnist/hpo/shifted_nn_symm_stdp_synapse/hpo_data/hpo_iteration_data/4339491/estimator_1_neuron_7_weights.npy
2025-05-10 13:00:57,947 - INFO - Evaluating model...
2025-05-10 13:03:17,318 - INFO - Saved validation outputs to /s/ls4/users/selibrin/spiking_researches/correlation_encoding_and_training/mnist/hpo/shifted_nn_symm_stdp_synapse/hpo_data/hpo_iteration_data/4339491/estimator_1_neuron_7_validation_outputs.npy
2025-05-10 13:03:17,318 - INFO - Waiting for parameters file: /s/ls4/users/selibrin/spiking_researches/correlation_encoding_and_training/mnist/hpo/shifted_nn_symm_stdp_synapse/hpo_data/hpo_iteration_data/4339491/params_1_7.pkl
2025-05-10 13:03:57,369 - INFO - Loaded HPO parameters
2025-05-10 13:03:57,369 - INFO - Preparing datasets...
2025-05-10 13:04:00,432 - INFO - Prepared datasets: 295 train & 1000 validation samples
2025-05-10 13:04:00,438 - INFO - Initializing model...
2025-05-10 13:04:00,440 - INFO - Fitting model...
2025-05-10 13:04:50,742 - INFO - Saved weights to /s/ls4/users/selibrin/spiking_researches/correlation_encoding_and_training/mnist/hpo/shifted_nn_symm_stdp_synapse/hpo_data/hpo_iteration_data/4339491/estimator_1_neuron_7_weights.npy
2025-05-10 13:04:50,742 - INFO - Evaluating model...
2025-05-10 13:07:09,038 - INFO - Saved validation outputs to /s/ls4/users/selibrin/spiking_researches/correlation_encoding_and_training/mnist/hpo/shifted_nn_symm_stdp_synapse/hpo_data/hpo_iteration_data/4339491/estimator_1_neuron_7_validation_outputs.npy
2025-05-10 13:07:09,038 - INFO - Waiting for parameters file: /s/ls4/users/selibrin/spiking_researches/correlation_encoding_and_training/mnist/hpo/shifted_nn_symm_stdp_synapse/hpo_data/hpo_iteration_data/4339491/params_1_7.pkl
2025-05-10 13:07:34,070 - INFO - Loaded HPO parameters
2025-05-10 13:07:34,070 - INFO - Preparing datasets...
2025-05-10 13:07:37,237 - INFO - Prepared datasets: 1180 train & 1000 validation samples
2025-05-10 13:07:37,238 - INFO - Initializing model...
2025-05-10 13:07:37,240 - INFO - Fitting model...
2025-05-10 13:10:30,749 - INFO - Saved weights to /s/ls4/users/selibrin/spiking_researches/correlation_encoding_and_training/mnist/hpo/shifted_nn_symm_stdp_synapse/hpo_data/hpo_iteration_data/4339491/estimator_1_neuron_7_weights.npy
2025-05-10 13:10:30,749 - INFO - Evaluating model...
2025-05-10 13:12:45,826 - INFO - Saved validation outputs to /s/ls4/users/selibrin/spiking_researches/correlation_encoding_and_training/mnist/hpo/shifted_nn_symm_stdp_synapse/hpo_data/hpo_iteration_data/4339491/estimator_1_neuron_7_validation_outputs.npy
2025-05-10 13:12:45,826 - INFO - Waiting for parameters file: /s/ls4/users/selibrin/spiking_researches/correlation_encoding_and_training/mnist/hpo/shifted_nn_symm_stdp_synapse/hpo_data/hpo_iteration_data/4339491/params_1_7.pkl
2025-05-10 13:13:10,858 - INFO - Loaded HPO parameters
2025-05-10 13:13:10,858 - INFO - Preparing datasets...
2025-05-10 13:13:14,022 - INFO - Prepared datasets: 1180 train & 1000 validation samples
2025-05-10 13:13:14,027 - INFO - Initializing model...
2025-05-10 13:13:14,032 - INFO - Fitting model...
2025-05-10 13:16:17,271 - INFO - Saved weights to /s/ls4/users/selibrin/spiking_researches/correlation_encoding_and_training/mnist/hpo/shifted_nn_symm_stdp_synapse/hpo_data/hpo_iteration_data/4339491/estimator_1_neuron_7_weights.npy
2025-05-10 13:16:17,271 - INFO - Evaluating model...
2025-05-10 13:18:34,260 - INFO - Saved validation outputs to /s/ls4/users/selibrin/spiking_researches/correlation_encoding_and_training/mnist/hpo/shifted_nn_symm_stdp_synapse/hpo_data/hpo_iteration_data/4339491/estimator_1_neuron_7_validation_outputs.npy
2025-05-10 13:18:34,261 - INFO - Waiting for parameters file: /s/ls4/users/selibrin/spiking_researches/correlation_encoding_and_training/mnist/hpo/shifted_nn_symm_stdp_synapse/hpo_data/hpo_iteration_data/4339491/params_1_7.pkl
2025-05-10 13:18:49,281 - INFO - Loaded HPO parameters
2025-05-10 13:18:49,281 - INFO - Preparing datasets...
2025-05-10 13:18:52,472 - INFO - Prepared datasets: 1180 train & 1000 validation samples
2025-05-10 13:18:52,472 - INFO - Initializing model...
2025-05-10 13:18:52,475 - INFO - Fitting model...
2025-05-10 13:22:26,728 - INFO - Saved weights to /s/ls4/users/selibrin/spiking_researches/correlation_encoding_and_training/mnist/hpo/shifted_nn_symm_stdp_synapse/hpo_data/hpo_iteration_data/4339491/estimator_1_neuron_7_weights.npy
2025-05-10 13:22:26,728 - INFO - Evaluating model...
2025-05-10 13:24:46,227 - INFO - Saved validation outputs to /s/ls4/users/selibrin/spiking_researches/correlation_encoding_and_training/mnist/hpo/shifted_nn_symm_stdp_synapse/hpo_data/hpo_iteration_data/4339491/estimator_1_neuron_7_validation_outputs.npy
2025-05-10 13:24:46,227 - INFO - Waiting for parameters file: /s/ls4/users/selibrin/spiking_researches/correlation_encoding_and_training/mnist/hpo/shifted_nn_symm_stdp_synapse/hpo_data/hpo_iteration_data/4339491/params_1_7.pkl
2025-05-10 13:25:26,275 - INFO - Loaded HPO parameters
2025-05-10 13:25:26,275 - INFO - Preparing datasets...
2025-05-10 13:25:29,347 - INFO - Prepared datasets: 590 train & 1000 validation samples
2025-05-10 13:25:29,351 - INFO - Initializing model...
2025-05-10 13:25:29,353 - INFO - Fitting model...
2025-05-10 13:27:04,329 - INFO - Saved weights to /s/ls4/users/selibrin/spiking_researches/correlation_encoding_and_training/mnist/hpo/shifted_nn_symm_stdp_synapse/hpo_data/hpo_iteration_data/4339491/estimator_1_neuron_7_weights.npy
2025-05-10 13:27:04,330 - INFO - Evaluating model...
2025-05-10 13:29:19,223 - INFO - Saved validation outputs to /s/ls4/users/selibrin/spiking_researches/correlation_encoding_and_training/mnist/hpo/shifted_nn_symm_stdp_synapse/hpo_data/hpo_iteration_data/4339491/estimator_1_neuron_7_validation_outputs.npy
2025-05-10 13:29:19,223 - INFO - Waiting for parameters file: /s/ls4/users/selibrin/spiking_researches/correlation_encoding_and_training/mnist/hpo/shifted_nn_symm_stdp_synapse/hpo_data/hpo_iteration_data/4339491/params_1_7.pkl
2025-05-10 13:29:59,271 - INFO - Loaded HPO parameters
2025-05-10 13:29:59,271 - INFO - Preparing datasets...
2025-05-10 13:30:02,424 - INFO - Prepared datasets: 1180 train & 1000 validation samples
2025-05-10 13:30:02,424 - INFO - Initializing model...
2025-05-10 13:30:02,426 - INFO - Fitting model...
2025-05-10 13:34:04,071 - INFO - Saved weights to /s/ls4/users/selibrin/spiking_researches/correlation_encoding_and_training/mnist/hpo/shifted_nn_symm_stdp_synapse/hpo_data/hpo_iteration_data/4339491/estimator_1_neuron_7_weights.npy
2025-05-10 13:34:04,072 - INFO - Evaluating model...
2025-05-10 13:36:28,812 - INFO - Saved validation outputs to /s/ls4/users/selibrin/spiking_researches/correlation_encoding_and_training/mnist/hpo/shifted_nn_symm_stdp_synapse/hpo_data/hpo_iteration_data/4339491/estimator_1_neuron_7_validation_outputs.npy
2025-05-10 13:36:28,812 - INFO - Waiting for parameters file: /s/ls4/users/selibrin/spiking_researches/correlation_encoding_and_training/mnist/hpo/shifted_nn_symm_stdp_synapse/hpo_data/hpo_iteration_data/4339491/params_1_7.pkl
2025-05-10 13:37:08,860 - INFO - Loaded HPO parameters
2025-05-10 13:37:08,860 - INFO - Preparing datasets...
2025-05-10 13:37:11,979 - INFO - Prepared datasets: 295 train & 1000 validation samples
2025-05-10 13:37:11,983 - INFO - Initializing model...
2025-05-10 13:37:11,986 - INFO - Fitting model...
2025-05-10 13:38:05,247 - INFO - Saved weights to /s/ls4/users/selibrin/spiking_researches/correlation_encoding_and_training/mnist/hpo/shifted_nn_symm_stdp_synapse/hpo_data/hpo_iteration_data/4339491/estimator_1_neuron_7_weights.npy
2025-05-10 13:38:05,247 - INFO - Evaluating model...
2025-05-10 13:40:24,394 - INFO - Saved validation outputs to /s/ls4/users/selibrin/spiking_researches/correlation_encoding_and_training/mnist/hpo/shifted_nn_symm_stdp_synapse/hpo_data/hpo_iteration_data/4339491/estimator_1_neuron_7_validation_outputs.npy
2025-05-10 13:40:24,395 - INFO - Waiting for parameters file: /s/ls4/users/selibrin/spiking_researches/correlation_encoding_and_training/mnist/hpo/shifted_nn_symm_stdp_synapse/hpo_data/hpo_iteration_data/4339491/params_1_7.pkl
2025-05-10 13:40:44,423 - INFO - Loaded HPO parameters
2025-05-10 13:40:44,423 - INFO - Preparing datasets...
2025-05-10 13:40:47,570 - INFO - Prepared datasets: 1180 train & 1000 validation samples
2025-05-10 13:40:47,570 - INFO - Initializing model...
2025-05-10 13:40:47,572 - INFO - Fitting model...
2025-05-10 13:43:41,742 - INFO - Saved weights to /s/ls4/users/selibrin/spiking_researches/correlation_encoding_and_training/mnist/hpo/shifted_nn_symm_stdp_synapse/hpo_data/hpo_iteration_data/4339491/estimator_1_neuron_7_weights.npy
2025-05-10 13:43:41,742 - INFO - Evaluating model...
2025-05-10 13:45:54,775 - INFO - Saved validation outputs to /s/ls4/users/selibrin/spiking_researches/correlation_encoding_and_training/mnist/hpo/shifted_nn_symm_stdp_synapse/hpo_data/hpo_iteration_data/4339491/estimator_1_neuron_7_validation_outputs.npy
2025-05-10 13:45:54,776 - INFO - Waiting for parameters file: /s/ls4/users/selibrin/spiking_researches/correlation_encoding_and_training/mnist/hpo/shifted_nn_symm_stdp_synapse/hpo_data/hpo_iteration_data/4339491/params_1_7.pkl
2025-05-10 13:46:19,809 - INFO - Loaded HPO parameters
2025-05-10 13:46:19,809 - INFO - Preparing datasets...
2025-05-10 13:46:22,920 - INFO - Prepared datasets: 1180 train & 1000 validation samples
2025-05-10 13:46:22,926 - INFO - Initializing model...
2025-05-10 13:46:22,928 - INFO - Fitting model...
2025-05-10 13:50:00,796 - INFO - Saved weights to /s/ls4/users/selibrin/spiking_researches/correlation_encoding_and_training/mnist/hpo/shifted_nn_symm_stdp_synapse/hpo_data/hpo_iteration_data/4339491/estimator_1_neuron_7_weights.npy
2025-05-10 13:50:00,797 - INFO - Evaluating model...
2025-05-10 13:52:22,312 - INFO - Saved validation outputs to /s/ls4/users/selibrin/spiking_researches/correlation_encoding_and_training/mnist/hpo/shifted_nn_symm_stdp_synapse/hpo_data/hpo_iteration_data/4339491/estimator_1_neuron_7_validation_outputs.npy
2025-05-10 13:52:22,312 - INFO - Waiting for parameters file: /s/ls4/users/selibrin/spiking_researches/correlation_encoding_and_training/mnist/hpo/shifted_nn_symm_stdp_synapse/hpo_data/hpo_iteration_data/4339491/params_1_7.pkl
2025-05-10 13:52:57,727 - INFO - Loaded HPO parameters
2025-05-10 13:52:57,727 - INFO - Preparing datasets...
2025-05-10 13:53:01,167 - INFO - Prepared datasets: 1180 train & 1000 validation samples
2025-05-10 13:53:01,167 - INFO - Initializing model...
2025-05-10 13:53:01,170 - INFO - Fitting model...
2025-05-10 13:56:11,254 - INFO - Saved weights to /s/ls4/users/selibrin/spiking_researches/correlation_encoding_and_training/mnist/hpo/shifted_nn_symm_stdp_synapse/hpo_data/hpo_iteration_data/4339491/estimator_1_neuron_7_weights.npy
2025-05-10 13:56:11,254 - INFO - Evaluating model...
2025-05-10 13:58:26,227 - INFO - Saved validation outputs to /s/ls4/users/selibrin/spiking_researches/correlation_encoding_and_training/mnist/hpo/shifted_nn_symm_stdp_synapse/hpo_data/hpo_iteration_data/4339491/estimator_1_neuron_7_validation_outputs.npy
2025-05-10 13:58:26,228 - INFO - Waiting for parameters file: /s/ls4/users/selibrin/spiking_researches/correlation_encoding_and_training/mnist/hpo/shifted_nn_symm_stdp_synapse/hpo_data/hpo_iteration_data/4339491/params_1_7.pkl
2025-05-10 13:59:06,274 - INFO - Loaded HPO parameters
2025-05-10 13:59:06,274 - INFO - Preparing datasets...
2025-05-10 13:59:09,408 - INFO - Prepared datasets: 590 train & 1000 validation samples
2025-05-10 13:59:09,413 - INFO - Initializing model...
2025-05-10 13:59:09,417 - INFO - Fitting model...
2025-05-10 14:00:37,438 - INFO - Saved weights to /s/ls4/users/selibrin/spiking_researches/correlation_encoding_and_training/mnist/hpo/shifted_nn_symm_stdp_synapse/hpo_data/hpo_iteration_data/4339491/estimator_1_neuron_7_weights.npy
2025-05-10 14:00:37,438 - INFO - Evaluating model...
2025-05-10 14:02:50,794 - INFO - Saved validation outputs to /s/ls4/users/selibrin/spiking_researches/correlation_encoding_and_training/mnist/hpo/shifted_nn_symm_stdp_synapse/hpo_data/hpo_iteration_data/4339491/estimator_1_neuron_7_validation_outputs.npy
2025-05-10 14:02:50,794 - INFO - Waiting for parameters file: /s/ls4/users/selibrin/spiking_researches/correlation_encoding_and_training/mnist/hpo/shifted_nn_symm_stdp_synapse/hpo_data/hpo_iteration_data/4339491/params_1_7.pkl
2025-05-10 14:03:10,821 - INFO - Loaded HPO parameters
2025-05-10 14:03:10,821 - INFO - Preparing datasets...
2025-05-10 14:03:14,076 - INFO - Prepared datasets: 1180 train & 1000 validation samples
2025-05-10 14:03:14,077 - INFO - Initializing model...
2025-05-10 14:03:14,079 - INFO - Fitting model...
2025-05-10 14:06:48,139 - INFO - Saved weights to /s/ls4/users/selibrin/spiking_researches/correlation_encoding_and_training/mnist/hpo/shifted_nn_symm_stdp_synapse/hpo_data/hpo_iteration_data/4339491/estimator_1_neuron_7_weights.npy
2025-05-10 14:06:48,139 - INFO - Evaluating model...
2025-05-10 14:09:08,546 - INFO - Saved validation outputs to /s/ls4/users/selibrin/spiking_researches/correlation_encoding_and_training/mnist/hpo/shifted_nn_symm_stdp_synapse/hpo_data/hpo_iteration_data/4339491/estimator_1_neuron_7_validation_outputs.npy
2025-05-10 14:09:08,547 - INFO - Waiting for parameters file: /s/ls4/users/selibrin/spiking_researches/correlation_encoding_and_training/mnist/hpo/shifted_nn_symm_stdp_synapse/hpo_data/hpo_iteration_data/4339491/params_1_7.pkl
2025-05-10 14:09:48,593 - INFO - Loaded HPO parameters
2025-05-10 14:09:48,593 - INFO - Preparing datasets...
2025-05-10 14:09:51,836 - INFO - Prepared datasets: 295 train & 1000 validation samples
2025-05-10 14:09:51,842 - INFO - Initializing model...
2025-05-10 14:09:51,845 - INFO - Fitting model...
2025-05-10 14:10:42,569 - INFO - Saved weights to /s/ls4/users/selibrin/spiking_researches/correlation_encoding_and_training/mnist/hpo/shifted_nn_symm_stdp_synapse/hpo_data/hpo_iteration_data/4339491/estimator_1_neuron_7_weights.npy
2025-05-10 14:10:42,569 - INFO - Evaluating model...
2025-05-10 14:13:03,097 - INFO - Saved validation outputs to /s/ls4/users/selibrin/spiking_researches/correlation_encoding_and_training/mnist/hpo/shifted_nn_symm_stdp_synapse/hpo_data/hpo_iteration_data/4339491/estimator_1_neuron_7_validation_outputs.npy
2025-05-10 14:13:03,097 - INFO - Waiting for parameters file: /s/ls4/users/selibrin/spiking_researches/correlation_encoding_and_training/mnist/hpo/shifted_nn_symm_stdp_synapse/hpo_data/hpo_iteration_data/4339491/params_1_7.pkl
2025-05-10 14:13:23,122 - INFO - Loaded HPO parameters
2025-05-10 14:13:23,122 - INFO - Preparing datasets...
2025-05-10 14:13:26,307 - INFO - Prepared datasets: 1180 train & 1000 validation samples
2025-05-10 14:13:26,307 - INFO - Initializing model...
2025-05-10 14:13:26,310 - INFO - Fitting model...
2025-05-10 14:16:36,766 - INFO - Saved weights to /s/ls4/users/selibrin/spiking_researches/correlation_encoding_and_training/mnist/hpo/shifted_nn_symm_stdp_synapse/hpo_data/hpo_iteration_data/4339491/estimator_1_neuron_7_weights.npy
2025-05-10 14:16:36,766 - INFO - Evaluating model...
2025-05-10 14:18:52,724 - INFO - Saved validation outputs to /s/ls4/users/selibrin/spiking_researches/correlation_encoding_and_training/mnist/hpo/shifted_nn_symm_stdp_synapse/hpo_data/hpo_iteration_data/4339491/estimator_1_neuron_7_validation_outputs.npy
2025-05-10 14:18:52,724 - INFO - Waiting for parameters file: /s/ls4/users/selibrin/spiking_researches/correlation_encoding_and_training/mnist/hpo/shifted_nn_symm_stdp_synapse/hpo_data/hpo_iteration_data/4339491/params_1_7.pkl
2025-05-10 14:19:32,771 - INFO - Loaded HPO parameters
2025-05-10 14:19:32,771 - INFO - Preparing datasets...
2025-05-10 14:19:36,104 - INFO - Prepared datasets: 1180 train & 1000 validation samples
2025-05-10 14:19:36,110 - INFO - Initializing model...
2025-05-10 14:19:36,112 - INFO - Fitting model...
2025-05-10 14:22:37,059 - INFO - Saved weights to /s/ls4/users/selibrin/spiking_researches/correlation_encoding_and_training/mnist/hpo/shifted_nn_symm_stdp_synapse/hpo_data/hpo_iteration_data/4339491/estimator_1_neuron_7_weights.npy
2025-05-10 14:22:37,059 - INFO - Evaluating model...
2025-05-10 14:24:54,193 - INFO - Saved validation outputs to /s/ls4/users/selibrin/spiking_researches/correlation_encoding_and_training/mnist/hpo/shifted_nn_symm_stdp_synapse/hpo_data/hpo_iteration_data/4339491/estimator_1_neuron_7_validation_outputs.npy
2025-05-10 14:24:54,193 - INFO - Waiting for parameters file: /s/ls4/users/selibrin/spiking_researches/correlation_encoding_and_training/mnist/hpo/shifted_nn_symm_stdp_synapse/hpo_data/hpo_iteration_data/4339491/params_1_7.pkl
2025-05-10 14:25:09,214 - INFO - Loaded HPO parameters
2025-05-10 14:25:09,215 - INFO - Preparing datasets...
2025-05-10 14:25:12,296 - INFO - Prepared datasets: 1180 train & 1000 validation samples
2025-05-10 14:25:12,296 - INFO - Initializing model...
2025-05-10 14:25:12,298 - INFO - Fitting model...
2025-05-10 14:28:46,623 - INFO - Saved weights to /s/ls4/users/selibrin/spiking_researches/correlation_encoding_and_training/mnist/hpo/shifted_nn_symm_stdp_synapse/hpo_data/hpo_iteration_data/4339491/estimator_1_neuron_7_weights.npy
2025-05-10 14:28:46,623 - INFO - Evaluating model...
2025-05-10 14:31:08,456 - INFO - Saved validation outputs to /s/ls4/users/selibrin/spiking_researches/correlation_encoding_and_training/mnist/hpo/shifted_nn_symm_stdp_synapse/hpo_data/hpo_iteration_data/4339491/estimator_1_neuron_7_validation_outputs.npy
2025-05-10 14:31:08,456 - INFO - Waiting for parameters file: /s/ls4/users/selibrin/spiking_researches/correlation_encoding_and_training/mnist/hpo/shifted_nn_symm_stdp_synapse/hpo_data/hpo_iteration_data/4339491/params_1_7.pkl
2025-05-10 14:31:43,499 - INFO - Loaded HPO parameters
2025-05-10 14:31:43,499 - INFO - Preparing datasets...
2025-05-10 14:31:46,670 - INFO - Prepared datasets: 1180 train & 1000 validation samples
2025-05-10 14:31:46,675 - INFO - Initializing model...
2025-05-10 14:31:46,678 - INFO - Fitting model...
2025-05-10 14:35:19,467 - INFO - Saved weights to /s/ls4/users/selibrin/spiking_researches/correlation_encoding_and_training/mnist/hpo/shifted_nn_symm_stdp_synapse/hpo_data/hpo_iteration_data/4339491/estimator_1_neuron_7_weights.npy
2025-05-10 14:35:19,467 - INFO - Evaluating model...
2025-05-10 14:37:38,623 - INFO - Saved validation outputs to /s/ls4/users/selibrin/spiking_researches/correlation_encoding_and_training/mnist/hpo/shifted_nn_symm_stdp_synapse/hpo_data/hpo_iteration_data/4339491/estimator_1_neuron_7_validation_outputs.npy
2025-05-10 14:37:38,624 - INFO - Waiting for parameters file: /s/ls4/users/selibrin/spiking_researches/correlation_encoding_and_training/mnist/hpo/shifted_nn_symm_stdp_synapse/hpo_data/hpo_iteration_data/4339491/params_1_7.pkl
2025-05-10 14:38:18,673 - INFO - Loaded HPO parameters
2025-05-10 14:38:18,673 - INFO - Preparing datasets...
2025-05-10 14:38:21,858 - INFO - Prepared datasets: 1180 train & 1000 validation samples
2025-05-10 14:38:21,858 - INFO - Initializing model...
2025-05-10 14:38:21,861 - INFO - Fitting model...
2025-05-10 14:41:55,111 - INFO - Saved weights to /s/ls4/users/selibrin/spiking_researches/correlation_encoding_and_training/mnist/hpo/shifted_nn_symm_stdp_synapse/hpo_data/hpo_iteration_data/4339491/estimator_1_neuron_7_weights.npy
2025-05-10 14:41:55,112 - INFO - Evaluating model...
2025-05-10 14:44:15,981 - INFO - Saved validation outputs to /s/ls4/users/selibrin/spiking_researches/correlation_encoding_and_training/mnist/hpo/shifted_nn_symm_stdp_synapse/hpo_data/hpo_iteration_data/4339491/estimator_1_neuron_7_validation_outputs.npy
2025-05-10 14:44:15,981 - INFO - Waiting for parameters file: /s/ls4/users/selibrin/spiking_researches/correlation_encoding_and_training/mnist/hpo/shifted_nn_symm_stdp_synapse/hpo_data/hpo_iteration_data/4339491/params_1_7.pkl
2025-05-10 14:44:56,027 - INFO - Loaded HPO parameters
2025-05-10 14:44:56,027 - INFO - Preparing datasets...
2025-05-10 14:44:59,182 - INFO - Prepared datasets: 1180 train & 1000 validation samples
2025-05-10 14:44:59,182 - INFO - Initializing model...
2025-05-10 14:44:59,185 - INFO - Fitting model...
2025-05-10 14:48:31,648 - INFO - Saved weights to /s/ls4/users/selibrin/spiking_researches/correlation_encoding_and_training/mnist/hpo/shifted_nn_symm_stdp_synapse/hpo_data/hpo_iteration_data/4339491/estimator_1_neuron_7_weights.npy
2025-05-10 14:48:31,648 - INFO - Evaluating model...
2025-05-10 14:50:50,930 - INFO - Saved validation outputs to /s/ls4/users/selibrin/spiking_researches/correlation_encoding_and_training/mnist/hpo/shifted_nn_symm_stdp_synapse/hpo_data/hpo_iteration_data/4339491/estimator_1_neuron_7_validation_outputs.npy
2025-05-10 14:50:50,931 - INFO - Waiting for parameters file: /s/ls4/users/selibrin/spiking_researches/correlation_encoding_and_training/mnist/hpo/shifted_nn_symm_stdp_synapse/hpo_data/hpo_iteration_data/4339491/params_1_7.pkl
2025-05-10 14:51:30,978 - INFO - Loaded HPO parameters
2025-05-10 14:51:30,978 - INFO - Preparing datasets...
2025-05-10 14:51:33,987 - INFO - Prepared datasets: 1180 train & 1000 validation samples
2025-05-10 14:51:33,996 - INFO - Initializing model...
2025-05-10 14:51:33,998 - INFO - Fitting model...
2025-05-10 14:55:08,134 - INFO - Saved weights to /s/ls4/users/selibrin/spiking_researches/correlation_encoding_and_training/mnist/hpo/shifted_nn_symm_stdp_synapse/hpo_data/hpo_iteration_data/4339491/estimator_1_neuron_7_weights.npy
2025-05-10 14:55:08,134 - INFO - Evaluating model...
2025-05-10 14:57:28,993 - INFO - Saved validation outputs to /s/ls4/users/selibrin/spiking_researches/correlation_encoding_and_training/mnist/hpo/shifted_nn_symm_stdp_synapse/hpo_data/hpo_iteration_data/4339491/estimator_1_neuron_7_validation_outputs.npy
2025-05-10 14:57:28,994 - INFO - Waiting for parameters file: /s/ls4/users/selibrin/spiking_researches/correlation_encoding_and_training/mnist/hpo/shifted_nn_symm_stdp_synapse/hpo_data/hpo_iteration_data/4339491/params_1_7.pkl
2025-05-10 14:58:09,042 - INFO - Loaded HPO parameters
2025-05-10 14:58:09,042 - INFO - Preparing datasets...
2025-05-10 14:58:12,332 - INFO - Prepared datasets: 1180 train & 1000 validation samples
2025-05-10 14:58:12,333 - INFO - Initializing model...
2025-05-10 14:58:12,336 - INFO - Fitting model...
2025-05-10 15:01:48,991 - INFO - Saved weights to /s/ls4/users/selibrin/spiking_researches/correlation_encoding_and_training/mnist/hpo/shifted_nn_symm_stdp_synapse/hpo_data/hpo_iteration_data/4339491/estimator_1_neuron_7_weights.npy
2025-05-10 15:01:48,991 - INFO - Evaluating model...
2025-05-10 15:04:11,650 - INFO - Saved validation outputs to /s/ls4/users/selibrin/spiking_researches/correlation_encoding_and_training/mnist/hpo/shifted_nn_symm_stdp_synapse/hpo_data/hpo_iteration_data/4339491/estimator_1_neuron_7_validation_outputs.npy
2025-05-10 15:04:11,650 - INFO - Waiting for parameters file: /s/ls4/users/selibrin/spiking_researches/correlation_encoding_and_training/mnist/hpo/shifted_nn_symm_stdp_synapse/hpo_data/hpo_iteration_data/4339491/params_1_7.pkl
2025-05-10 15:04:46,690 - INFO - Loaded HPO parameters
2025-05-10 15:04:46,691 - INFO - Preparing datasets...
2025-05-10 15:04:49,888 - INFO - Prepared datasets: 1180 train & 1000 validation samples
2025-05-10 15:04:49,888 - INFO - Initializing model...
2025-05-10 15:04:49,890 - INFO - Fitting model...
2025-05-10 15:08:25,323 - INFO - Saved weights to /s/ls4/users/selibrin/spiking_researches/correlation_encoding_and_training/mnist/hpo/shifted_nn_symm_stdp_synapse/hpo_data/hpo_iteration_data/4339491/estimator_1_neuron_7_weights.npy
2025-05-10 15:08:25,323 - INFO - Evaluating model...
2025-05-10 15:10:43,951 - INFO - Saved validation outputs to /s/ls4/users/selibrin/spiking_researches/correlation_encoding_and_training/mnist/hpo/shifted_nn_symm_stdp_synapse/hpo_data/hpo_iteration_data/4339491/estimator_1_neuron_7_validation_outputs.npy
2025-05-10 15:10:43,952 - INFO - Waiting for parameters file: /s/ls4/users/selibrin/spiking_researches/correlation_encoding_and_training/mnist/hpo/shifted_nn_symm_stdp_synapse/hpo_data/hpo_iteration_data/4339491/params_1_7.pkl
2025-05-10 15:11:24,000 - INFO - Loaded HPO parameters
2025-05-10 15:11:24,000 - INFO - Preparing datasets...
2025-05-10 15:11:27,113 - INFO - Prepared datasets: 1180 train & 1000 validation samples
2025-05-10 15:11:27,124 - INFO - Initializing model...
2025-05-10 15:11:27,126 - INFO - Fitting model...
