2025-05-09 20:08:40,456 - INFO - Initialized Neuron trainer
2025-05-09 20:08:40,458 - INFO - Waiting for parameters file: /s/ls4/users/selibrin/spiking_researches/correlation_encoding_and_training/mnist/hpo/shifted_nn_symm_stdp_synapse/hpo_data/hpo_iteration_data/4339491/params_1_4.pkl
2025-05-09 20:08:40,463 - INFO - Loaded HPO parameters
2025-05-09 20:08:40,463 - INFO - Preparing datasets...
2025-05-09 20:08:45,999 - INFO - Prepared datasets: 288 train & 1000 validation samples
2025-05-09 20:08:45,999 - INFO - Initializing model...
2025-05-09 20:08:46,003 - INFO - Fitting model...
2025-05-09 20:09:56,693 - INFO - Saved weights to /s/ls4/users/selibrin/spiking_researches/correlation_encoding_and_training/mnist/hpo/shifted_nn_symm_stdp_synapse/hpo_data/hpo_iteration_data/4339491/estimator_1_neuron_4_weights.npy
2025-05-09 20:09:56,694 - INFO - Evaluating model...
2025-05-09 20:13:38,127 - INFO - Saved validation outputs to /s/ls4/users/selibrin/spiking_researches/correlation_encoding_and_training/mnist/hpo/shifted_nn_symm_stdp_synapse/hpo_data/hpo_iteration_data/4339491/estimator_1_neuron_4_validation_outputs.npy
2025-05-09 20:13:38,127 - INFO - Waiting for parameters file: /s/ls4/users/selibrin/spiking_researches/correlation_encoding_and_training/mnist/hpo/shifted_nn_symm_stdp_synapse/hpo_data/hpo_iteration_data/4339491/params_1_4.pkl
2025-05-09 20:14:03,157 - INFO - Loaded HPO parameters
2025-05-09 20:14:03,158 - INFO - Preparing datasets...
2025-05-09 20:14:08,515 - INFO - Prepared datasets: 1153 train & 1000 validation samples
2025-05-09 20:14:08,515 - INFO - Initializing model...
2025-05-09 20:14:08,518 - INFO - Fitting model...
2025-05-09 20:18:52,224 - INFO - Saved weights to /s/ls4/users/selibrin/spiking_researches/correlation_encoding_and_training/mnist/hpo/shifted_nn_symm_stdp_synapse/hpo_data/hpo_iteration_data/4339491/estimator_1_neuron_4_weights.npy
2025-05-09 20:18:52,224 - INFO - Evaluating model...
2025-05-09 20:22:25,922 - INFO - Saved validation outputs to /s/ls4/users/selibrin/spiking_researches/correlation_encoding_and_training/mnist/hpo/shifted_nn_symm_stdp_synapse/hpo_data/hpo_iteration_data/4339491/estimator_1_neuron_4_validation_outputs.npy
2025-05-09 20:22:25,922 - INFO - Waiting for parameters file: /s/ls4/users/selibrin/spiking_researches/correlation_encoding_and_training/mnist/hpo/shifted_nn_symm_stdp_synapse/hpo_data/hpo_iteration_data/4339491/params_1_4.pkl
2025-05-09 20:22:40,941 - INFO - Loaded HPO parameters
2025-05-09 20:22:40,942 - INFO - Preparing datasets...
2025-05-09 20:22:46,546 - INFO - Prepared datasets: 576 train & 1000 validation samples
2025-05-09 20:22:46,547 - INFO - Initializing model...
2025-05-09 20:22:46,552 - INFO - Fitting model...
2025-05-09 20:25:21,122 - INFO - Saved weights to /s/ls4/users/selibrin/spiking_researches/correlation_encoding_and_training/mnist/hpo/shifted_nn_symm_stdp_synapse/hpo_data/hpo_iteration_data/4339491/estimator_1_neuron_4_weights.npy
2025-05-09 20:25:21,122 - INFO - Evaluating model...
2025-05-09 20:29:05,748 - INFO - Saved validation outputs to /s/ls4/users/selibrin/spiking_researches/correlation_encoding_and_training/mnist/hpo/shifted_nn_symm_stdp_synapse/hpo_data/hpo_iteration_data/4339491/estimator_1_neuron_4_validation_outputs.npy
2025-05-09 20:29:05,748 - INFO - Waiting for parameters file: /s/ls4/users/selibrin/spiking_researches/correlation_encoding_and_training/mnist/hpo/shifted_nn_symm_stdp_synapse/hpo_data/hpo_iteration_data/4339491/params_1_4.pkl
2025-05-09 20:29:45,796 - INFO - Loaded HPO parameters
2025-05-09 20:29:45,797 - INFO - Preparing datasets...
2025-05-09 20:29:51,148 - INFO - Prepared datasets: 576 train & 1000 validation samples
2025-05-09 20:29:51,149 - INFO - Initializing model...
2025-05-09 20:29:51,153 - INFO - Fitting model...
2025-05-09 20:32:10,713 - INFO - Saved weights to /s/ls4/users/selibrin/spiking_researches/correlation_encoding_and_training/mnist/hpo/shifted_nn_symm_stdp_synapse/hpo_data/hpo_iteration_data/4339491/estimator_1_neuron_4_weights.npy
2025-05-09 20:32:10,713 - INFO - Evaluating model...
2025-05-09 20:35:49,114 - INFO - Saved validation outputs to /s/ls4/users/selibrin/spiking_researches/correlation_encoding_and_training/mnist/hpo/shifted_nn_symm_stdp_synapse/hpo_data/hpo_iteration_data/4339491/estimator_1_neuron_4_validation_outputs.npy
2025-05-09 20:35:49,115 - INFO - Waiting for parameters file: /s/ls4/users/selibrin/spiking_researches/correlation_encoding_and_training/mnist/hpo/shifted_nn_symm_stdp_synapse/hpo_data/hpo_iteration_data/4339491/params_1_4.pkl
2025-05-09 20:36:19,153 - INFO - Loaded HPO parameters
2025-05-09 20:36:19,154 - INFO - Preparing datasets...
2025-05-09 20:36:24,572 - INFO - Prepared datasets: 288 train & 1000 validation samples
2025-05-09 20:36:24,573 - INFO - Initializing model...
2025-05-09 20:36:24,577 - INFO - Fitting model...
2025-05-09 20:37:37,107 - INFO - Saved weights to /s/ls4/users/selibrin/spiking_researches/correlation_encoding_and_training/mnist/hpo/shifted_nn_symm_stdp_synapse/hpo_data/hpo_iteration_data/4339491/estimator_1_neuron_4_weights.npy
2025-05-09 20:37:37,107 - INFO - Evaluating model...
2025-05-09 20:41:18,161 - INFO - Saved validation outputs to /s/ls4/users/selibrin/spiking_researches/correlation_encoding_and_training/mnist/hpo/shifted_nn_symm_stdp_synapse/hpo_data/hpo_iteration_data/4339491/estimator_1_neuron_4_validation_outputs.npy
2025-05-09 20:41:18,161 - INFO - Waiting for parameters file: /s/ls4/users/selibrin/spiking_researches/correlation_encoding_and_training/mnist/hpo/shifted_nn_symm_stdp_synapse/hpo_data/hpo_iteration_data/4339491/params_1_4.pkl
2025-05-09 20:41:58,214 - INFO - Loaded HPO parameters
2025-05-09 20:41:58,215 - INFO - Preparing datasets...
2025-05-09 20:42:03,679 - INFO - Prepared datasets: 576 train & 1000 validation samples
2025-05-09 20:42:03,680 - INFO - Initializing model...
2025-05-09 20:42:03,684 - INFO - Fitting model...
2025-05-09 20:44:22,121 - INFO - Saved weights to /s/ls4/users/selibrin/spiking_researches/correlation_encoding_and_training/mnist/hpo/shifted_nn_symm_stdp_synapse/hpo_data/hpo_iteration_data/4339491/estimator_1_neuron_4_weights.npy
2025-05-09 20:44:22,122 - INFO - Evaluating model...
2025-05-09 20:48:00,693 - INFO - Saved validation outputs to /s/ls4/users/selibrin/spiking_researches/correlation_encoding_and_training/mnist/hpo/shifted_nn_symm_stdp_synapse/hpo_data/hpo_iteration_data/4339491/estimator_1_neuron_4_validation_outputs.npy
2025-05-09 20:48:00,693 - INFO - Waiting for parameters file: /s/ls4/users/selibrin/spiking_researches/correlation_encoding_and_training/mnist/hpo/shifted_nn_symm_stdp_synapse/hpo_data/hpo_iteration_data/4339491/params_1_4.pkl
2025-05-09 20:48:35,730 - INFO - Loaded HPO parameters
2025-05-09 20:48:35,731 - INFO - Preparing datasets...
2025-05-09 20:48:41,084 - INFO - Prepared datasets: 576 train & 1000 validation samples
2025-05-09 20:48:41,084 - INFO - Initializing model...
2025-05-09 20:48:41,088 - INFO - Fitting model...
2025-05-09 20:51:01,011 - INFO - Saved weights to /s/ls4/users/selibrin/spiking_researches/correlation_encoding_and_training/mnist/hpo/shifted_nn_symm_stdp_synapse/hpo_data/hpo_iteration_data/4339491/estimator_1_neuron_4_weights.npy
2025-05-09 20:51:01,011 - INFO - Evaluating model...
2025-05-09 20:54:39,558 - INFO - Saved validation outputs to /s/ls4/users/selibrin/spiking_researches/correlation_encoding_and_training/mnist/hpo/shifted_nn_symm_stdp_synapse/hpo_data/hpo_iteration_data/4339491/estimator_1_neuron_4_validation_outputs.npy
2025-05-09 20:54:39,558 - INFO - Waiting for parameters file: /s/ls4/users/selibrin/spiking_researches/correlation_encoding_and_training/mnist/hpo/shifted_nn_symm_stdp_synapse/hpo_data/hpo_iteration_data/4339491/params_1_4.pkl
2025-05-09 20:55:09,611 - INFO - Loaded HPO parameters
2025-05-09 20:55:09,611 - INFO - Preparing datasets...
2025-05-09 20:55:15,106 - INFO - Prepared datasets: 1153 train & 1000 validation samples
2025-05-09 20:55:15,106 - INFO - Initializing model...
2025-05-09 20:55:15,111 - INFO - Fitting model...
2025-05-09 20:59:53,828 - INFO - Saved weights to /s/ls4/users/selibrin/spiking_researches/correlation_encoding_and_training/mnist/hpo/shifted_nn_symm_stdp_synapse/hpo_data/hpo_iteration_data/4339491/estimator_1_neuron_4_weights.npy
2025-05-09 20:59:53,828 - INFO - Evaluating model...
2025-05-09 21:03:33,147 - INFO - Saved validation outputs to /s/ls4/users/selibrin/spiking_researches/correlation_encoding_and_training/mnist/hpo/shifted_nn_symm_stdp_synapse/hpo_data/hpo_iteration_data/4339491/estimator_1_neuron_4_validation_outputs.npy
2025-05-09 21:03:33,148 - INFO - Waiting for parameters file: /s/ls4/users/selibrin/spiking_researches/correlation_encoding_and_training/mnist/hpo/shifted_nn_symm_stdp_synapse/hpo_data/hpo_iteration_data/4339491/params_1_4.pkl
2025-05-09 21:04:13,197 - INFO - Loaded HPO parameters
2025-05-09 21:04:13,197 - INFO - Preparing datasets...
2025-05-09 21:04:18,533 - INFO - Prepared datasets: 1153 train & 1000 validation samples
2025-05-09 21:04:18,533 - INFO - Initializing model...
2025-05-09 21:04:18,536 - INFO - Fitting model...
2025-05-09 21:09:59,041 - INFO - Saved weights to /s/ls4/users/selibrin/spiking_researches/correlation_encoding_and_training/mnist/hpo/shifted_nn_symm_stdp_synapse/hpo_data/hpo_iteration_data/4339491/estimator_1_neuron_4_weights.npy
2025-05-09 21:09:59,042 - INFO - Evaluating model...
2025-05-09 21:13:44,160 - INFO - Saved validation outputs to /s/ls4/users/selibrin/spiking_researches/correlation_encoding_and_training/mnist/hpo/shifted_nn_symm_stdp_synapse/hpo_data/hpo_iteration_data/4339491/estimator_1_neuron_4_validation_outputs.npy
2025-05-09 21:13:44,160 - INFO - Waiting for parameters file: /s/ls4/users/selibrin/spiking_researches/correlation_encoding_and_training/mnist/hpo/shifted_nn_symm_stdp_synapse/hpo_data/hpo_iteration_data/4339491/params_1_4.pkl
2025-05-09 21:14:19,204 - INFO - Loaded HPO parameters
2025-05-09 21:14:19,204 - INFO - Preparing datasets...
2025-05-09 21:14:24,161 - INFO - Prepared datasets: 1153 train & 1000 validation samples
2025-05-09 21:14:24,162 - INFO - Initializing model...
2025-05-09 21:14:24,166 - INFO - Fitting model...
2025-05-09 21:19:01,018 - INFO - Saved weights to /s/ls4/users/selibrin/spiking_researches/correlation_encoding_and_training/mnist/hpo/shifted_nn_symm_stdp_synapse/hpo_data/hpo_iteration_data/4339491/estimator_1_neuron_4_weights.npy
2025-05-09 21:19:01,018 - INFO - Evaluating model...
2025-05-09 21:22:32,260 - INFO - Saved validation outputs to /s/ls4/users/selibrin/spiking_researches/correlation_encoding_and_training/mnist/hpo/shifted_nn_symm_stdp_synapse/hpo_data/hpo_iteration_data/4339491/estimator_1_neuron_4_validation_outputs.npy
2025-05-09 21:22:32,260 - INFO - Waiting for parameters file: /s/ls4/users/selibrin/spiking_researches/correlation_encoding_and_training/mnist/hpo/shifted_nn_symm_stdp_synapse/hpo_data/hpo_iteration_data/4339491/params_1_4.pkl
2025-05-09 21:22:52,287 - INFO - Loaded HPO parameters
2025-05-09 21:22:52,287 - INFO - Preparing datasets...
2025-05-09 21:22:57,298 - INFO - Prepared datasets: 1153 train & 1000 validation samples
2025-05-09 21:22:57,298 - INFO - Initializing model...
2025-05-09 21:22:57,301 - INFO - Fitting model...
2025-05-09 21:27:33,839 - INFO - Saved weights to /s/ls4/users/selibrin/spiking_researches/correlation_encoding_and_training/mnist/hpo/shifted_nn_symm_stdp_synapse/hpo_data/hpo_iteration_data/4339491/estimator_1_neuron_4_weights.npy
2025-05-09 21:27:33,839 - INFO - Evaluating model...
2025-05-09 21:31:10,874 - INFO - Saved validation outputs to /s/ls4/users/selibrin/spiking_researches/correlation_encoding_and_training/mnist/hpo/shifted_nn_symm_stdp_synapse/hpo_data/hpo_iteration_data/4339491/estimator_1_neuron_4_validation_outputs.npy
2025-05-09 21:31:10,875 - INFO - Waiting for parameters file: /s/ls4/users/selibrin/spiking_researches/correlation_encoding_and_training/mnist/hpo/shifted_nn_symm_stdp_synapse/hpo_data/hpo_iteration_data/4339491/params_1_4.pkl
2025-05-09 21:31:25,895 - INFO - Loaded HPO parameters
2025-05-09 21:31:25,895 - INFO - Preparing datasets...
2025-05-09 21:31:31,162 - INFO - Prepared datasets: 288 train & 1000 validation samples
2025-05-09 21:31:31,163 - INFO - Initializing model...
2025-05-09 21:31:31,166 - INFO - Fitting model...
2025-05-09 21:33:03,930 - INFO - Saved weights to /s/ls4/users/selibrin/spiking_researches/correlation_encoding_and_training/mnist/hpo/shifted_nn_symm_stdp_synapse/hpo_data/hpo_iteration_data/4339491/estimator_1_neuron_4_weights.npy
2025-05-09 21:33:03,930 - INFO - Evaluating model...
2025-05-09 21:36:53,056 - INFO - Saved validation outputs to /s/ls4/users/selibrin/spiking_researches/correlation_encoding_and_training/mnist/hpo/shifted_nn_symm_stdp_synapse/hpo_data/hpo_iteration_data/4339491/estimator_1_neuron_4_validation_outputs.npy
2025-05-09 21:36:53,057 - INFO - Waiting for parameters file: /s/ls4/users/selibrin/spiking_researches/correlation_encoding_and_training/mnist/hpo/shifted_nn_symm_stdp_synapse/hpo_data/hpo_iteration_data/4339491/params_1_4.pkl
2025-05-09 21:37:28,097 - INFO - Loaded HPO parameters
2025-05-09 21:37:28,098 - INFO - Preparing datasets...
2025-05-09 21:37:33,293 - INFO - Prepared datasets: 1153 train & 1000 validation samples
2025-05-09 21:37:33,293 - INFO - Initializing model...
2025-05-09 21:37:33,296 - INFO - Fitting model...
2025-05-09 21:43:46,903 - INFO - Saved weights to /s/ls4/users/selibrin/spiking_researches/correlation_encoding_and_training/mnist/hpo/shifted_nn_symm_stdp_synapse/hpo_data/hpo_iteration_data/4339491/estimator_1_neuron_4_weights.npy
2025-05-09 21:43:46,904 - INFO - Evaluating model...
2025-05-09 21:47:38,994 - INFO - Saved validation outputs to /s/ls4/users/selibrin/spiking_researches/correlation_encoding_and_training/mnist/hpo/shifted_nn_symm_stdp_synapse/hpo_data/hpo_iteration_data/4339491/estimator_1_neuron_4_validation_outputs.npy
2025-05-09 21:47:38,995 - INFO - Waiting for parameters file: /s/ls4/users/selibrin/spiking_researches/correlation_encoding_and_training/mnist/hpo/shifted_nn_symm_stdp_synapse/hpo_data/hpo_iteration_data/4339491/params_1_4.pkl
2025-05-09 21:48:04,029 - INFO - Loaded HPO parameters
2025-05-09 21:48:04,029 - INFO - Preparing datasets...
2025-05-09 21:48:09,449 - INFO - Prepared datasets: 288 train & 1000 validation samples
2025-05-09 21:48:09,450 - INFO - Initializing model...
2025-05-09 21:48:09,453 - INFO - Fitting model...
2025-05-09 21:49:21,612 - INFO - Saved weights to /s/ls4/users/selibrin/spiking_researches/correlation_encoding_and_training/mnist/hpo/shifted_nn_symm_stdp_synapse/hpo_data/hpo_iteration_data/4339491/estimator_1_neuron_4_weights.npy
2025-05-09 21:49:21,613 - INFO - Evaluating model...
2025-05-09 21:53:00,085 - INFO - Saved validation outputs to /s/ls4/users/selibrin/spiking_researches/correlation_encoding_and_training/mnist/hpo/shifted_nn_symm_stdp_synapse/hpo_data/hpo_iteration_data/4339491/estimator_1_neuron_4_validation_outputs.npy
2025-05-09 21:53:00,086 - INFO - Waiting for parameters file: /s/ls4/users/selibrin/spiking_researches/correlation_encoding_and_training/mnist/hpo/shifted_nn_symm_stdp_synapse/hpo_data/hpo_iteration_data/4339491/params_1_4.pkl
2025-05-09 21:53:35,131 - INFO - Loaded HPO parameters
2025-05-09 21:53:35,132 - INFO - Preparing datasets...
2025-05-09 21:53:40,595 - INFO - Prepared datasets: 288 train & 1000 validation samples
2025-05-09 21:53:40,596 - INFO - Initializing model...
2025-05-09 21:53:40,600 - INFO - Fitting model...
2025-05-09 21:54:52,742 - INFO - Saved weights to /s/ls4/users/selibrin/spiking_researches/correlation_encoding_and_training/mnist/hpo/shifted_nn_symm_stdp_synapse/hpo_data/hpo_iteration_data/4339491/estimator_1_neuron_4_weights.npy
2025-05-09 21:54:52,742 - INFO - Evaluating model...
2025-05-09 21:58:32,019 - INFO - Saved validation outputs to /s/ls4/users/selibrin/spiking_researches/correlation_encoding_and_training/mnist/hpo/shifted_nn_symm_stdp_synapse/hpo_data/hpo_iteration_data/4339491/estimator_1_neuron_4_validation_outputs.npy
2025-05-09 21:58:32,019 - INFO - Waiting for parameters file: /s/ls4/users/selibrin/spiking_researches/correlation_encoding_and_training/mnist/hpo/shifted_nn_symm_stdp_synapse/hpo_data/hpo_iteration_data/4339491/params_1_4.pkl
2025-05-09 21:59:12,068 - INFO - Loaded HPO parameters
2025-05-09 21:59:12,068 - INFO - Preparing datasets...
2025-05-09 21:59:17,277 - INFO - Prepared datasets: 576 train & 1000 validation samples
2025-05-09 21:59:17,277 - INFO - Initializing model...
2025-05-09 21:59:17,281 - INFO - Fitting model...
2025-05-09 22:02:29,036 - INFO - Saved weights to /s/ls4/users/selibrin/spiking_researches/correlation_encoding_and_training/mnist/hpo/shifted_nn_symm_stdp_synapse/hpo_data/hpo_iteration_data/4339491/estimator_1_neuron_4_weights.npy
2025-05-09 22:02:29,036 - INFO - Evaluating model...
2025-05-09 22:06:21,796 - INFO - Saved validation outputs to /s/ls4/users/selibrin/spiking_researches/correlation_encoding_and_training/mnist/hpo/shifted_nn_symm_stdp_synapse/hpo_data/hpo_iteration_data/4339491/estimator_1_neuron_4_validation_outputs.npy
2025-05-09 22:06:21,796 - INFO - Waiting for parameters file: /s/ls4/users/selibrin/spiking_researches/correlation_encoding_and_training/mnist/hpo/shifted_nn_symm_stdp_synapse/hpo_data/hpo_iteration_data/4339491/params_1_4.pkl
2025-05-09 22:06:41,821 - INFO - Loaded HPO parameters
2025-05-09 22:06:41,822 - INFO - Preparing datasets...
2025-05-09 22:06:46,909 - INFO - Prepared datasets: 576 train & 1000 validation samples
2025-05-09 22:06:46,910 - INFO - Initializing model...
2025-05-09 22:06:46,914 - INFO - Fitting model...
2025-05-09 22:09:32,144 - INFO - Saved weights to /s/ls4/users/selibrin/spiking_researches/correlation_encoding_and_training/mnist/hpo/shifted_nn_symm_stdp_synapse/hpo_data/hpo_iteration_data/4339491/estimator_1_neuron_4_weights.npy
2025-05-09 22:09:32,145 - INFO - Evaluating model...
2025-05-09 22:13:13,263 - INFO - Saved validation outputs to /s/ls4/users/selibrin/spiking_researches/correlation_encoding_and_training/mnist/hpo/shifted_nn_symm_stdp_synapse/hpo_data/hpo_iteration_data/4339491/estimator_1_neuron_4_validation_outputs.npy
2025-05-09 22:13:13,263 - INFO - Waiting for parameters file: /s/ls4/users/selibrin/spiking_researches/correlation_encoding_and_training/mnist/hpo/shifted_nn_symm_stdp_synapse/hpo_data/hpo_iteration_data/4339491/params_1_4.pkl
2025-05-09 22:13:48,306 - INFO - Loaded HPO parameters
2025-05-09 22:13:48,307 - INFO - Preparing datasets...
2025-05-09 22:13:53,425 - INFO - Prepared datasets: 1153 train & 1000 validation samples
2025-05-09 22:13:53,426 - INFO - Initializing model...
2025-05-09 22:13:53,428 - INFO - Fitting model...
2025-05-09 22:18:31,733 - INFO - Saved weights to /s/ls4/users/selibrin/spiking_researches/correlation_encoding_and_training/mnist/hpo/shifted_nn_symm_stdp_synapse/hpo_data/hpo_iteration_data/4339491/estimator_1_neuron_4_weights.npy
2025-05-09 22:18:31,734 - INFO - Evaluating model...
2025-05-09 22:22:02,601 - INFO - Saved validation outputs to /s/ls4/users/selibrin/spiking_researches/correlation_encoding_and_training/mnist/hpo/shifted_nn_symm_stdp_synapse/hpo_data/hpo_iteration_data/4339491/estimator_1_neuron_4_validation_outputs.npy
2025-05-09 22:22:02,602 - INFO - Waiting for parameters file: /s/ls4/users/selibrin/spiking_researches/correlation_encoding_and_training/mnist/hpo/shifted_nn_symm_stdp_synapse/hpo_data/hpo_iteration_data/4339491/params_1_4.pkl
2025-05-09 22:22:52,662 - INFO - Loaded HPO parameters
2025-05-09 22:22:52,662 - INFO - Preparing datasets...
2025-05-09 22:22:57,835 - INFO - Prepared datasets: 576 train & 1000 validation samples
2025-05-09 22:22:57,835 - INFO - Initializing model...
2025-05-09 22:22:57,839 - INFO - Fitting model...
2025-05-09 22:25:25,056 - INFO - Saved weights to /s/ls4/users/selibrin/spiking_researches/correlation_encoding_and_training/mnist/hpo/shifted_nn_symm_stdp_synapse/hpo_data/hpo_iteration_data/4339491/estimator_1_neuron_4_weights.npy
2025-05-09 22:25:25,057 - INFO - Evaluating model...
2025-05-09 22:29:07,117 - INFO - Saved validation outputs to /s/ls4/users/selibrin/spiking_researches/correlation_encoding_and_training/mnist/hpo/shifted_nn_symm_stdp_synapse/hpo_data/hpo_iteration_data/4339491/estimator_1_neuron_4_validation_outputs.npy
2025-05-09 22:29:07,118 - INFO - Waiting for parameters file: /s/ls4/users/selibrin/spiking_researches/correlation_encoding_and_training/mnist/hpo/shifted_nn_symm_stdp_synapse/hpo_data/hpo_iteration_data/4339491/params_1_4.pkl
2025-05-09 22:29:22,139 - INFO - Loaded HPO parameters
2025-05-09 22:29:22,140 - INFO - Preparing datasets...
2025-05-09 22:29:27,396 - INFO - Prepared datasets: 576 train & 1000 validation samples
2025-05-09 22:29:27,396 - INFO - Initializing model...
2025-05-09 22:29:27,400 - INFO - Fitting model...
2025-05-09 22:31:58,494 - INFO - Saved weights to /s/ls4/users/selibrin/spiking_researches/correlation_encoding_and_training/mnist/hpo/shifted_nn_symm_stdp_synapse/hpo_data/hpo_iteration_data/4339491/estimator_1_neuron_4_weights.npy
2025-05-09 22:31:58,494 - INFO - Evaluating model...
2025-05-09 22:35:37,318 - INFO - Saved validation outputs to /s/ls4/users/selibrin/spiking_researches/correlation_encoding_and_training/mnist/hpo/shifted_nn_symm_stdp_synapse/hpo_data/hpo_iteration_data/4339491/estimator_1_neuron_4_validation_outputs.npy
2025-05-09 22:35:37,318 - INFO - Waiting for parameters file: /s/ls4/users/selibrin/spiking_researches/correlation_encoding_and_training/mnist/hpo/shifted_nn_symm_stdp_synapse/hpo_data/hpo_iteration_data/4339491/params_1_4.pkl
2025-05-09 22:36:27,380 - INFO - Loaded HPO parameters
2025-05-09 22:36:27,380 - INFO - Preparing datasets...
2025-05-09 22:36:32,770 - INFO - Prepared datasets: 288 train & 1000 validation samples
2025-05-09 22:36:32,770 - INFO - Initializing model...
2025-05-09 22:36:32,779 - INFO - Fitting model...
2025-05-09 22:37:43,810 - INFO - Saved weights to /s/ls4/users/selibrin/spiking_researches/correlation_encoding_and_training/mnist/hpo/shifted_nn_symm_stdp_synapse/hpo_data/hpo_iteration_data/4339491/estimator_1_neuron_4_weights.npy
2025-05-09 22:37:43,810 - INFO - Evaluating model...
2025-05-09 22:41:21,575 - INFO - Saved validation outputs to /s/ls4/users/selibrin/spiking_researches/correlation_encoding_and_training/mnist/hpo/shifted_nn_symm_stdp_synapse/hpo_data/hpo_iteration_data/4339491/estimator_1_neuron_4_validation_outputs.npy
2025-05-09 22:41:21,575 - INFO - Waiting for parameters file: /s/ls4/users/selibrin/spiking_researches/correlation_encoding_and_training/mnist/hpo/shifted_nn_symm_stdp_synapse/hpo_data/hpo_iteration_data/4339491/params_1_4.pkl
2025-05-09 22:42:01,620 - INFO - Loaded HPO parameters
2025-05-09 22:42:01,621 - INFO - Preparing datasets...
2025-05-09 22:42:07,023 - INFO - Prepared datasets: 288 train & 1000 validation samples
2025-05-09 22:42:07,023 - INFO - Initializing model...
2025-05-09 22:42:07,028 - INFO - Fitting model...
2025-05-09 22:43:21,365 - INFO - Saved weights to /s/ls4/users/selibrin/spiking_researches/correlation_encoding_and_training/mnist/hpo/shifted_nn_symm_stdp_synapse/hpo_data/hpo_iteration_data/4339491/estimator_1_neuron_4_weights.npy
2025-05-09 22:43:21,365 - INFO - Evaluating model...
2025-05-09 22:47:05,792 - INFO - Saved validation outputs to /s/ls4/users/selibrin/spiking_researches/correlation_encoding_and_training/mnist/hpo/shifted_nn_symm_stdp_synapse/hpo_data/hpo_iteration_data/4339491/estimator_1_neuron_4_validation_outputs.npy
2025-05-09 22:47:05,793 - INFO - Waiting for parameters file: /s/ls4/users/selibrin/spiking_researches/correlation_encoding_and_training/mnist/hpo/shifted_nn_symm_stdp_synapse/hpo_data/hpo_iteration_data/4339491/params_1_4.pkl
2025-05-09 22:47:35,832 - INFO - Loaded HPO parameters
2025-05-09 22:47:35,832 - INFO - Preparing datasets...
2025-05-09 22:47:41,264 - INFO - Prepared datasets: 288 train & 1000 validation samples
2025-05-09 22:47:41,264 - INFO - Initializing model...
2025-05-09 22:47:41,267 - INFO - Fitting model...
2025-05-09 22:49:01,076 - INFO - Saved weights to /s/ls4/users/selibrin/spiking_researches/correlation_encoding_and_training/mnist/hpo/shifted_nn_symm_stdp_synapse/hpo_data/hpo_iteration_data/4339491/estimator_1_neuron_4_weights.npy
2025-05-09 22:49:01,076 - INFO - Evaluating model...
2025-05-09 22:52:44,749 - INFO - Saved validation outputs to /s/ls4/users/selibrin/spiking_researches/correlation_encoding_and_training/mnist/hpo/shifted_nn_symm_stdp_synapse/hpo_data/hpo_iteration_data/4339491/estimator_1_neuron_4_validation_outputs.npy
2025-05-09 22:52:44,749 - INFO - Waiting for parameters file: /s/ls4/users/selibrin/spiking_researches/correlation_encoding_and_training/mnist/hpo/shifted_nn_symm_stdp_synapse/hpo_data/hpo_iteration_data/4339491/params_1_4.pkl
2025-05-09 22:53:09,784 - INFO - Loaded HPO parameters
2025-05-09 22:53:09,784 - INFO - Preparing datasets...
2025-05-09 22:53:14,925 - INFO - Prepared datasets: 288 train & 1000 validation samples
2025-05-09 22:53:14,925 - INFO - Initializing model...
2025-05-09 22:53:14,928 - INFO - Fitting model...
2025-05-09 22:54:25,469 - INFO - Saved weights to /s/ls4/users/selibrin/spiking_researches/correlation_encoding_and_training/mnist/hpo/shifted_nn_symm_stdp_synapse/hpo_data/hpo_iteration_data/4339491/estimator_1_neuron_4_weights.npy
2025-05-09 22:54:25,470 - INFO - Evaluating model...
2025-05-09 22:58:05,068 - INFO - Saved validation outputs to /s/ls4/users/selibrin/spiking_researches/correlation_encoding_and_training/mnist/hpo/shifted_nn_symm_stdp_synapse/hpo_data/hpo_iteration_data/4339491/estimator_1_neuron_4_validation_outputs.npy
2025-05-09 22:58:05,068 - INFO - Waiting for parameters file: /s/ls4/users/selibrin/spiking_researches/correlation_encoding_and_training/mnist/hpo/shifted_nn_symm_stdp_synapse/hpo_data/hpo_iteration_data/4339491/params_1_4.pkl
2025-05-09 22:58:45,118 - INFO - Loaded HPO parameters
2025-05-09 22:58:45,118 - INFO - Preparing datasets...
2025-05-09 22:58:50,226 - INFO - Prepared datasets: 288 train & 1000 validation samples
2025-05-09 22:58:50,226 - INFO - Initializing model...
2025-05-09 22:58:50,229 - INFO - Fitting model...
2025-05-09 23:00:02,592 - INFO - Saved weights to /s/ls4/users/selibrin/spiking_researches/correlation_encoding_and_training/mnist/hpo/shifted_nn_symm_stdp_synapse/hpo_data/hpo_iteration_data/4339491/estimator_1_neuron_4_weights.npy
2025-05-09 23:00:02,592 - INFO - Evaluating model...
2025-05-09 23:03:47,273 - INFO - Saved validation outputs to /s/ls4/users/selibrin/spiking_researches/correlation_encoding_and_training/mnist/hpo/shifted_nn_symm_stdp_synapse/hpo_data/hpo_iteration_data/4339491/estimator_1_neuron_4_validation_outputs.npy
2025-05-09 23:03:47,274 - INFO - Waiting for parameters file: /s/ls4/users/selibrin/spiking_researches/correlation_encoding_and_training/mnist/hpo/shifted_nn_symm_stdp_synapse/hpo_data/hpo_iteration_data/4339491/params_1_4.pkl
2025-05-09 23:04:17,338 - INFO - Loaded HPO parameters
2025-05-09 23:04:17,338 - INFO - Preparing datasets...
2025-05-09 23:04:22,597 - INFO - Prepared datasets: 288 train & 1000 validation samples
2025-05-09 23:04:22,598 - INFO - Initializing model...
2025-05-09 23:04:22,601 - INFO - Fitting model...
2025-05-09 23:05:40,965 - INFO - Saved weights to /s/ls4/users/selibrin/spiking_researches/correlation_encoding_and_training/mnist/hpo/shifted_nn_symm_stdp_synapse/hpo_data/hpo_iteration_data/4339491/estimator_1_neuron_4_weights.npy
2025-05-09 23:05:40,965 - INFO - Evaluating model...
2025-05-09 23:09:25,642 - INFO - Saved validation outputs to /s/ls4/users/selibrin/spiking_researches/correlation_encoding_and_training/mnist/hpo/shifted_nn_symm_stdp_synapse/hpo_data/hpo_iteration_data/4339491/estimator_1_neuron_4_validation_outputs.npy
2025-05-09 23:09:25,642 - INFO - Waiting for parameters file: /s/ls4/users/selibrin/spiking_researches/correlation_encoding_and_training/mnist/hpo/shifted_nn_symm_stdp_synapse/hpo_data/hpo_iteration_data/4339491/params_1_4.pkl
2025-05-09 23:09:50,674 - INFO - Loaded HPO parameters
2025-05-09 23:09:50,674 - INFO - Preparing datasets...
2025-05-09 23:09:56,031 - INFO - Prepared datasets: 288 train & 1000 validation samples
2025-05-09 23:09:56,032 - INFO - Initializing model...
2025-05-09 23:09:56,035 - INFO - Fitting model...
2025-05-09 23:11:05,360 - INFO - Saved weights to /s/ls4/users/selibrin/spiking_researches/correlation_encoding_and_training/mnist/hpo/shifted_nn_symm_stdp_synapse/hpo_data/hpo_iteration_data/4339491/estimator_1_neuron_4_weights.npy
2025-05-09 23:11:05,360 - INFO - Evaluating model...
2025-05-09 23:14:39,177 - INFO - Saved validation outputs to /s/ls4/users/selibrin/spiking_researches/correlation_encoding_and_training/mnist/hpo/shifted_nn_symm_stdp_synapse/hpo_data/hpo_iteration_data/4339491/estimator_1_neuron_4_validation_outputs.npy
2025-05-09 23:14:39,178 - INFO - Waiting for parameters file: /s/ls4/users/selibrin/spiking_researches/correlation_encoding_and_training/mnist/hpo/shifted_nn_symm_stdp_synapse/hpo_data/hpo_iteration_data/4339491/params_1_4.pkl
2025-05-09 23:14:59,203 - INFO - Loaded HPO parameters
2025-05-09 23:14:59,203 - INFO - Preparing datasets...
2025-05-09 23:15:04,326 - INFO - Prepared datasets: 288 train & 1000 validation samples
2025-05-09 23:15:04,326 - INFO - Initializing model...
2025-05-09 23:15:04,329 - INFO - Fitting model...
2025-05-09 23:16:16,623 - INFO - Saved weights to /s/ls4/users/selibrin/spiking_researches/correlation_encoding_and_training/mnist/hpo/shifted_nn_symm_stdp_synapse/hpo_data/hpo_iteration_data/4339491/estimator_1_neuron_4_weights.npy
2025-05-09 23:16:16,623 - INFO - Evaluating model...
2025-05-09 23:19:54,485 - INFO - Saved validation outputs to /s/ls4/users/selibrin/spiking_researches/correlation_encoding_and_training/mnist/hpo/shifted_nn_symm_stdp_synapse/hpo_data/hpo_iteration_data/4339491/estimator_1_neuron_4_validation_outputs.npy
2025-05-09 23:19:54,486 - INFO - Waiting for parameters file: /s/ls4/users/selibrin/spiking_researches/correlation_encoding_and_training/mnist/hpo/shifted_nn_symm_stdp_synapse/hpo_data/hpo_iteration_data/4339491/params_1_4.pkl
2025-05-09 23:20:34,551 - INFO - Loaded HPO parameters
2025-05-09 23:20:34,552 - INFO - Preparing datasets...
2025-05-09 23:20:39,662 - INFO - Prepared datasets: 288 train & 1000 validation samples
2025-05-09 23:20:39,663 - INFO - Initializing model...
2025-05-09 23:20:39,666 - INFO - Fitting model...
2025-05-09 23:21:57,171 - INFO - Saved weights to /s/ls4/users/selibrin/spiking_researches/correlation_encoding_and_training/mnist/hpo/shifted_nn_symm_stdp_synapse/hpo_data/hpo_iteration_data/4339491/estimator_1_neuron_4_weights.npy
2025-05-09 23:21:57,172 - INFO - Evaluating model...
2025-05-09 23:25:35,238 - INFO - Saved validation outputs to /s/ls4/users/selibrin/spiking_researches/correlation_encoding_and_training/mnist/hpo/shifted_nn_symm_stdp_synapse/hpo_data/hpo_iteration_data/4339491/estimator_1_neuron_4_validation_outputs.npy
2025-05-09 23:25:35,239 - INFO - Waiting for parameters file: /s/ls4/users/selibrin/spiking_researches/correlation_encoding_and_training/mnist/hpo/shifted_nn_symm_stdp_synapse/hpo_data/hpo_iteration_data/4339491/params_1_4.pkl
2025-05-09 23:26:10,281 - INFO - Loaded HPO parameters
2025-05-09 23:26:10,281 - INFO - Preparing datasets...
2025-05-09 23:26:15,629 - INFO - Prepared datasets: 288 train & 1000 validation samples
2025-05-09 23:26:15,629 - INFO - Initializing model...
2025-05-09 23:26:15,633 - INFO - Fitting model...
2025-05-09 23:27:23,836 - INFO - Saved weights to /s/ls4/users/selibrin/spiking_researches/correlation_encoding_and_training/mnist/hpo/shifted_nn_symm_stdp_synapse/hpo_data/hpo_iteration_data/4339491/estimator_1_neuron_4_weights.npy
2025-05-09 23:27:23,836 - INFO - Evaluating model...
2025-05-09 23:30:59,169 - INFO - Saved validation outputs to /s/ls4/users/selibrin/spiking_researches/correlation_encoding_and_training/mnist/hpo/shifted_nn_symm_stdp_synapse/hpo_data/hpo_iteration_data/4339491/estimator_1_neuron_4_validation_outputs.npy
2025-05-09 23:30:59,169 - INFO - Waiting for parameters file: /s/ls4/users/selibrin/spiking_researches/correlation_encoding_and_training/mnist/hpo/shifted_nn_symm_stdp_synapse/hpo_data/hpo_iteration_data/4339491/params_1_4.pkl
2025-05-09 23:31:14,190 - INFO - Loaded HPO parameters
2025-05-09 23:31:14,190 - INFO - Preparing datasets...
2025-05-09 23:31:19,476 - INFO - Prepared datasets: 288 train & 1000 validation samples
2025-05-09 23:31:19,476 - INFO - Initializing model...
2025-05-09 23:31:19,479 - INFO - Fitting model...
2025-05-09 23:32:34,089 - INFO - Saved weights to /s/ls4/users/selibrin/spiking_researches/correlation_encoding_and_training/mnist/hpo/shifted_nn_symm_stdp_synapse/hpo_data/hpo_iteration_data/4339491/estimator_1_neuron_4_weights.npy
2025-05-09 23:32:34,089 - INFO - Evaluating model...
2025-05-09 23:36:17,767 - INFO - Saved validation outputs to /s/ls4/users/selibrin/spiking_researches/correlation_encoding_and_training/mnist/hpo/shifted_nn_symm_stdp_synapse/hpo_data/hpo_iteration_data/4339491/estimator_1_neuron_4_validation_outputs.npy
2025-05-09 23:36:17,767 - INFO - Waiting for parameters file: /s/ls4/users/selibrin/spiking_researches/correlation_encoding_and_training/mnist/hpo/shifted_nn_symm_stdp_synapse/hpo_data/hpo_iteration_data/4339491/params_1_4.pkl
2025-05-09 23:36:47,803 - INFO - Loaded HPO parameters
2025-05-09 23:36:47,804 - INFO - Preparing datasets...
2025-05-09 23:36:53,160 - INFO - Prepared datasets: 288 train & 1000 validation samples
2025-05-09 23:36:53,160 - INFO - Initializing model...
2025-05-09 23:36:53,165 - INFO - Fitting model...
2025-05-09 23:38:12,122 - INFO - Saved weights to /s/ls4/users/selibrin/spiking_researches/correlation_encoding_and_training/mnist/hpo/shifted_nn_symm_stdp_synapse/hpo_data/hpo_iteration_data/4339491/estimator_1_neuron_4_weights.npy
2025-05-09 23:38:12,122 - INFO - Evaluating model...
2025-05-09 23:41:54,995 - INFO - Saved validation outputs to /s/ls4/users/selibrin/spiking_researches/correlation_encoding_and_training/mnist/hpo/shifted_nn_symm_stdp_synapse/hpo_data/hpo_iteration_data/4339491/estimator_1_neuron_4_validation_outputs.npy
2025-05-09 23:41:54,995 - INFO - Waiting for parameters file: /s/ls4/users/selibrin/spiking_researches/correlation_encoding_and_training/mnist/hpo/shifted_nn_symm_stdp_synapse/hpo_data/hpo_iteration_data/4339491/params_1_4.pkl
2025-05-09 23:42:25,047 - INFO - Loaded HPO parameters
2025-05-09 23:42:25,048 - INFO - Preparing datasets...
2025-05-09 23:42:30,324 - INFO - Prepared datasets: 288 train & 1000 validation samples
2025-05-09 23:42:30,325 - INFO - Initializing model...
2025-05-09 23:42:30,328 - INFO - Fitting model...
2025-05-09 23:43:50,537 - INFO - Saved weights to /s/ls4/users/selibrin/spiking_researches/correlation_encoding_and_training/mnist/hpo/shifted_nn_symm_stdp_synapse/hpo_data/hpo_iteration_data/4339491/estimator_1_neuron_4_weights.npy
2025-05-09 23:43:50,538 - INFO - Evaluating model...
2025-05-09 23:47:32,131 - INFO - Saved validation outputs to /s/ls4/users/selibrin/spiking_researches/correlation_encoding_and_training/mnist/hpo/shifted_nn_symm_stdp_synapse/hpo_data/hpo_iteration_data/4339491/estimator_1_neuron_4_validation_outputs.npy
2025-05-09 23:47:32,131 - INFO - Waiting for parameters file: /s/ls4/users/selibrin/spiking_researches/correlation_encoding_and_training/mnist/hpo/shifted_nn_symm_stdp_synapse/hpo_data/hpo_iteration_data/4339491/params_1_4.pkl
2025-05-09 23:48:02,167 - INFO - Loaded HPO parameters
2025-05-09 23:48:02,167 - INFO - Preparing datasets...
2025-05-09 23:48:07,395 - INFO - Prepared datasets: 288 train & 1000 validation samples
2025-05-09 23:48:07,396 - INFO - Initializing model...
2025-05-09 23:48:07,399 - INFO - Fitting model...
2025-05-09 23:49:20,743 - INFO - Saved weights to /s/ls4/users/selibrin/spiking_researches/correlation_encoding_and_training/mnist/hpo/shifted_nn_symm_stdp_synapse/hpo_data/hpo_iteration_data/4339491/estimator_1_neuron_4_weights.npy
2025-05-09 23:49:20,743 - INFO - Evaluating model...
2025-05-09 23:53:00,677 - INFO - Saved validation outputs to /s/ls4/users/selibrin/spiking_researches/correlation_encoding_and_training/mnist/hpo/shifted_nn_symm_stdp_synapse/hpo_data/hpo_iteration_data/4339491/estimator_1_neuron_4_validation_outputs.npy
2025-05-09 23:53:00,677 - INFO - Waiting for parameters file: /s/ls4/users/selibrin/spiking_researches/correlation_encoding_and_training/mnist/hpo/shifted_nn_symm_stdp_synapse/hpo_data/hpo_iteration_data/4339491/params_1_4.pkl
2025-05-09 23:53:40,726 - INFO - Loaded HPO parameters
2025-05-09 23:53:40,726 - INFO - Preparing datasets...
2025-05-09 23:53:45,985 - INFO - Prepared datasets: 288 train & 1000 validation samples
2025-05-09 23:53:45,986 - INFO - Initializing model...
2025-05-09 23:53:45,989 - INFO - Fitting model...
2025-05-09 23:55:05,892 - INFO - Saved weights to /s/ls4/users/selibrin/spiking_researches/correlation_encoding_and_training/mnist/hpo/shifted_nn_symm_stdp_synapse/hpo_data/hpo_iteration_data/4339491/estimator_1_neuron_4_weights.npy
2025-05-09 23:55:05,892 - INFO - Evaluating model...
2025-05-09 23:58:51,505 - INFO - Saved validation outputs to /s/ls4/users/selibrin/spiking_researches/correlation_encoding_and_training/mnist/hpo/shifted_nn_symm_stdp_synapse/hpo_data/hpo_iteration_data/4339491/estimator_1_neuron_4_validation_outputs.npy
2025-05-09 23:58:51,505 - INFO - Waiting for parameters file: /s/ls4/users/selibrin/spiking_researches/correlation_encoding_and_training/mnist/hpo/shifted_nn_symm_stdp_synapse/hpo_data/hpo_iteration_data/4339491/params_1_4.pkl
2025-05-09 23:59:16,537 - INFO - Loaded HPO parameters
2025-05-09 23:59:16,537 - INFO - Preparing datasets...
2025-05-09 23:59:21,711 - INFO - Prepared datasets: 288 train & 1000 validation samples
2025-05-09 23:59:21,711 - INFO - Initializing model...
2025-05-09 23:59:21,715 - INFO - Fitting model...
2025-05-10 00:00:32,937 - INFO - Saved weights to /s/ls4/users/selibrin/spiking_researches/correlation_encoding_and_training/mnist/hpo/shifted_nn_symm_stdp_synapse/hpo_data/hpo_iteration_data/4339491/estimator_1_neuron_4_weights.npy
2025-05-10 00:00:32,937 - INFO - Evaluating model...
2025-05-10 00:04:11,931 - INFO - Saved validation outputs to /s/ls4/users/selibrin/spiking_researches/correlation_encoding_and_training/mnist/hpo/shifted_nn_symm_stdp_synapse/hpo_data/hpo_iteration_data/4339491/estimator_1_neuron_4_validation_outputs.npy
2025-05-10 00:04:11,932 - INFO - Waiting for parameters file: /s/ls4/users/selibrin/spiking_researches/correlation_encoding_and_training/mnist/hpo/shifted_nn_symm_stdp_synapse/hpo_data/hpo_iteration_data/4339491/params_1_4.pkl
2025-05-10 00:04:51,978 - INFO - Loaded HPO parameters
2025-05-10 00:04:51,978 - INFO - Preparing datasets...
2025-05-10 00:04:57,079 - INFO - Prepared datasets: 576 train & 1000 validation samples
2025-05-10 00:04:57,079 - INFO - Initializing model...
2025-05-10 00:04:57,082 - INFO - Fitting model...
2025-05-10 00:07:24,434 - INFO - Saved weights to /s/ls4/users/selibrin/spiking_researches/correlation_encoding_and_training/mnist/hpo/shifted_nn_symm_stdp_synapse/hpo_data/hpo_iteration_data/4339491/estimator_1_neuron_4_weights.npy
2025-05-10 00:07:24,435 - INFO - Evaluating model...
2025-05-10 00:11:03,165 - INFO - Saved validation outputs to /s/ls4/users/selibrin/spiking_researches/correlation_encoding_and_training/mnist/hpo/shifted_nn_symm_stdp_synapse/hpo_data/hpo_iteration_data/4339491/estimator_1_neuron_4_validation_outputs.npy
2025-05-10 00:11:03,166 - INFO - Waiting for parameters file: /s/ls4/users/selibrin/spiking_researches/correlation_encoding_and_training/mnist/hpo/shifted_nn_symm_stdp_synapse/hpo_data/hpo_iteration_data/4339491/params_1_4.pkl
2025-05-10 00:11:58,242 - INFO - Loaded HPO parameters
2025-05-10 00:11:58,242 - INFO - Preparing datasets...
2025-05-10 00:12:03,542 - INFO - Prepared datasets: 1153 train & 1000 validation samples
2025-05-10 00:12:03,543 - INFO - Initializing model...
2025-05-10 00:12:03,546 - INFO - Fitting model...
2025-05-10 00:16:43,027 - INFO - Saved weights to /s/ls4/users/selibrin/spiking_researches/correlation_encoding_and_training/mnist/hpo/shifted_nn_symm_stdp_synapse/hpo_data/hpo_iteration_data/4339491/estimator_1_neuron_4_weights.npy
2025-05-10 00:16:43,027 - INFO - Evaluating model...
2025-05-10 00:20:14,912 - INFO - Saved validation outputs to /s/ls4/users/selibrin/spiking_researches/correlation_encoding_and_training/mnist/hpo/shifted_nn_symm_stdp_synapse/hpo_data/hpo_iteration_data/4339491/estimator_1_neuron_4_validation_outputs.npy
2025-05-10 00:20:14,913 - INFO - Waiting for parameters file: /s/ls4/users/selibrin/spiking_researches/correlation_encoding_and_training/mnist/hpo/shifted_nn_symm_stdp_synapse/hpo_data/hpo_iteration_data/4339491/params_1_4.pkl
2025-05-10 00:21:04,980 - INFO - Loaded HPO parameters
2025-05-10 00:21:04,981 - INFO - Preparing datasets...
2025-05-10 00:21:10,191 - INFO - Prepared datasets: 288 train & 1000 validation samples
2025-05-10 00:21:10,191 - INFO - Initializing model...
2025-05-10 00:21:10,194 - INFO - Fitting model...
2025-05-10 00:22:20,743 - INFO - Saved weights to /s/ls4/users/selibrin/spiking_researches/correlation_encoding_and_training/mnist/hpo/shifted_nn_symm_stdp_synapse/hpo_data/hpo_iteration_data/4339491/estimator_1_neuron_4_weights.npy
2025-05-10 00:22:20,743 - INFO - Evaluating model...
2025-05-10 00:25:52,710 - INFO - Saved validation outputs to /s/ls4/users/selibrin/spiking_researches/correlation_encoding_and_training/mnist/hpo/shifted_nn_symm_stdp_synapse/hpo_data/hpo_iteration_data/4339491/estimator_1_neuron_4_validation_outputs.npy
2025-05-10 00:25:52,711 - INFO - Waiting for parameters file: /s/ls4/users/selibrin/spiking_researches/correlation_encoding_and_training/mnist/hpo/shifted_nn_symm_stdp_synapse/hpo_data/hpo_iteration_data/4339491/params_1_4.pkl
2025-05-10 00:26:42,774 - INFO - Loaded HPO parameters
2025-05-10 00:26:42,774 - INFO - Preparing datasets...
2025-05-10 00:26:48,103 - INFO - Prepared datasets: 288 train & 1000 validation samples
2025-05-10 00:26:48,104 - INFO - Initializing model...
2025-05-10 00:26:48,108 - INFO - Fitting model...
2025-05-10 00:28:00,445 - INFO - Saved weights to /s/ls4/users/selibrin/spiking_researches/correlation_encoding_and_training/mnist/hpo/shifted_nn_symm_stdp_synapse/hpo_data/hpo_iteration_data/4339491/estimator_1_neuron_4_weights.npy
2025-05-10 00:28:00,445 - INFO - Evaluating model...
2025-05-10 00:31:37,002 - INFO - Saved validation outputs to /s/ls4/users/selibrin/spiking_researches/correlation_encoding_and_training/mnist/hpo/shifted_nn_symm_stdp_synapse/hpo_data/hpo_iteration_data/4339491/estimator_1_neuron_4_validation_outputs.npy
2025-05-10 00:31:37,003 - INFO - Waiting for parameters file: /s/ls4/users/selibrin/spiking_researches/correlation_encoding_and_training/mnist/hpo/shifted_nn_symm_stdp_synapse/hpo_data/hpo_iteration_data/4339491/params_1_4.pkl
2025-05-10 00:32:22,090 - INFO - Loaded HPO parameters
2025-05-10 00:32:22,090 - INFO - Preparing datasets...
2025-05-10 00:32:27,477 - INFO - Prepared datasets: 1153 train & 1000 validation samples
2025-05-10 00:32:27,478 - INFO - Initializing model...
2025-05-10 00:32:27,482 - INFO - Fitting model...
2025-05-10 00:37:14,729 - INFO - Saved weights to /s/ls4/users/selibrin/spiking_researches/correlation_encoding_and_training/mnist/hpo/shifted_nn_symm_stdp_synapse/hpo_data/hpo_iteration_data/4339491/estimator_1_neuron_4_weights.npy
2025-05-10 00:37:14,730 - INFO - Evaluating model...
2025-05-10 00:40:52,859 - INFO - Saved validation outputs to /s/ls4/users/selibrin/spiking_researches/correlation_encoding_and_training/mnist/hpo/shifted_nn_symm_stdp_synapse/hpo_data/hpo_iteration_data/4339491/estimator_1_neuron_4_validation_outputs.npy
2025-05-10 00:40:52,859 - INFO - Waiting for parameters file: /s/ls4/users/selibrin/spiking_researches/correlation_encoding_and_training/mnist/hpo/shifted_nn_symm_stdp_synapse/hpo_data/hpo_iteration_data/4339491/params_1_4.pkl
2025-05-10 00:41:27,905 - INFO - Loaded HPO parameters
2025-05-10 00:41:27,906 - INFO - Preparing datasets...
2025-05-10 00:41:33,204 - INFO - Prepared datasets: 288 train & 1000 validation samples
2025-05-10 00:41:33,205 - INFO - Initializing model...
2025-05-10 00:41:33,209 - INFO - Fitting model...
2025-05-10 00:42:56,022 - INFO - Saved weights to /s/ls4/users/selibrin/spiking_researches/correlation_encoding_and_training/mnist/hpo/shifted_nn_symm_stdp_synapse/hpo_data/hpo_iteration_data/4339491/estimator_1_neuron_4_weights.npy
2025-05-10 00:42:56,022 - INFO - Evaluating model...
2025-05-10 00:46:39,946 - INFO - Saved validation outputs to /s/ls4/users/selibrin/spiking_researches/correlation_encoding_and_training/mnist/hpo/shifted_nn_symm_stdp_synapse/hpo_data/hpo_iteration_data/4339491/estimator_1_neuron_4_validation_outputs.npy
2025-05-10 00:46:39,947 - INFO - Waiting for parameters file: /s/ls4/users/selibrin/spiking_researches/correlation_encoding_and_training/mnist/hpo/shifted_nn_symm_stdp_synapse/hpo_data/hpo_iteration_data/4339491/params_1_4.pkl
2025-05-10 00:47:04,981 - INFO - Loaded HPO parameters
2025-05-10 00:47:04,981 - INFO - Preparing datasets...
2025-05-10 00:47:10,298 - INFO - Prepared datasets: 576 train & 1000 validation samples
2025-05-10 00:47:10,298 - INFO - Initializing model...
2025-05-10 00:47:10,301 - INFO - Fitting model...
2025-05-10 00:49:33,761 - INFO - Saved weights to /s/ls4/users/selibrin/spiking_researches/correlation_encoding_and_training/mnist/hpo/shifted_nn_symm_stdp_synapse/hpo_data/hpo_iteration_data/4339491/estimator_1_neuron_4_weights.npy
2025-05-10 00:49:33,761 - INFO - Evaluating model...
2025-05-10 00:53:10,031 - INFO - Saved validation outputs to /s/ls4/users/selibrin/spiking_researches/correlation_encoding_and_training/mnist/hpo/shifted_nn_symm_stdp_synapse/hpo_data/hpo_iteration_data/4339491/estimator_1_neuron_4_validation_outputs.npy
2025-05-10 00:53:10,031 - INFO - Waiting for parameters file: /s/ls4/users/selibrin/spiking_researches/correlation_encoding_and_training/mnist/hpo/shifted_nn_symm_stdp_synapse/hpo_data/hpo_iteration_data/4339491/params_1_4.pkl
2025-05-10 00:53:40,068 - INFO - Loaded HPO parameters
2025-05-10 00:53:40,068 - INFO - Preparing datasets...
2025-05-10 00:53:45,269 - INFO - Prepared datasets: 1153 train & 1000 validation samples
2025-05-10 00:53:45,269 - INFO - Initializing model...
2025-05-10 00:53:45,272 - INFO - Fitting model...
2025-05-10 00:58:25,144 - INFO - Saved weights to /s/ls4/users/selibrin/spiking_researches/correlation_encoding_and_training/mnist/hpo/shifted_nn_symm_stdp_synapse/hpo_data/hpo_iteration_data/4339491/estimator_1_neuron_4_weights.npy
2025-05-10 00:58:25,144 - INFO - Evaluating model...
2025-05-10 01:01:59,729 - INFO - Saved validation outputs to /s/ls4/users/selibrin/spiking_researches/correlation_encoding_and_training/mnist/hpo/shifted_nn_symm_stdp_synapse/hpo_data/hpo_iteration_data/4339491/estimator_1_neuron_4_validation_outputs.npy
2025-05-10 01:01:59,729 - INFO - Waiting for parameters file: /s/ls4/users/selibrin/spiking_researches/correlation_encoding_and_training/mnist/hpo/shifted_nn_symm_stdp_synapse/hpo_data/hpo_iteration_data/4339491/params_1_4.pkl
2025-05-10 01:02:44,783 - INFO - Loaded HPO parameters
2025-05-10 01:02:44,784 - INFO - Preparing datasets...
2025-05-10 01:02:49,930 - INFO - Prepared datasets: 1153 train & 1000 validation samples
2025-05-10 01:02:49,931 - INFO - Initializing model...
2025-05-10 01:02:49,934 - INFO - Fitting model...
2025-05-10 01:07:29,888 - INFO - Saved weights to /s/ls4/users/selibrin/spiking_researches/correlation_encoding_and_training/mnist/hpo/shifted_nn_symm_stdp_synapse/hpo_data/hpo_iteration_data/4339491/estimator_1_neuron_4_weights.npy
2025-05-10 01:07:29,889 - INFO - Evaluating model...
2025-05-10 01:11:00,809 - INFO - Saved validation outputs to /s/ls4/users/selibrin/spiking_researches/correlation_encoding_and_training/mnist/hpo/shifted_nn_symm_stdp_synapse/hpo_data/hpo_iteration_data/4339491/estimator_1_neuron_4_validation_outputs.npy
2025-05-10 01:11:00,809 - INFO - Waiting for parameters file: /s/ls4/users/selibrin/spiking_researches/correlation_encoding_and_training/mnist/hpo/shifted_nn_symm_stdp_synapse/hpo_data/hpo_iteration_data/4339491/params_1_4.pkl
2025-05-10 01:11:50,870 - INFO - Loaded HPO parameters
2025-05-10 01:11:50,870 - INFO - Preparing datasets...
2025-05-10 01:11:55,917 - INFO - Prepared datasets: 1153 train & 1000 validation samples
2025-05-10 01:11:55,918 - INFO - Initializing model...
2025-05-10 01:11:55,921 - INFO - Fitting model...
2025-05-10 01:16:35,296 - INFO - Saved weights to /s/ls4/users/selibrin/spiking_researches/correlation_encoding_and_training/mnist/hpo/shifted_nn_symm_stdp_synapse/hpo_data/hpo_iteration_data/4339491/estimator_1_neuron_4_weights.npy
2025-05-10 01:16:35,296 - INFO - Evaluating model...
2025-05-10 01:20:09,931 - INFO - Saved validation outputs to /s/ls4/users/selibrin/spiking_researches/correlation_encoding_and_training/mnist/hpo/shifted_nn_symm_stdp_synapse/hpo_data/hpo_iteration_data/4339491/estimator_1_neuron_4_validation_outputs.npy
2025-05-10 01:20:09,931 - INFO - Waiting for parameters file: /s/ls4/users/selibrin/spiking_researches/correlation_encoding_and_training/mnist/hpo/shifted_nn_symm_stdp_synapse/hpo_data/hpo_iteration_data/4339491/params_1_4.pkl
2025-05-10 01:20:59,989 - INFO - Loaded HPO parameters
2025-05-10 01:20:59,990 - INFO - Preparing datasets...
2025-05-10 01:21:05,468 - INFO - Prepared datasets: 1153 train & 1000 validation samples
2025-05-10 01:21:05,468 - INFO - Initializing model...
2025-05-10 01:21:05,471 - INFO - Fitting model...
2025-05-10 01:25:44,803 - INFO - Saved weights to /s/ls4/users/selibrin/spiking_researches/correlation_encoding_and_training/mnist/hpo/shifted_nn_symm_stdp_synapse/hpo_data/hpo_iteration_data/4339491/estimator_1_neuron_4_weights.npy
2025-05-10 01:25:44,804 - INFO - Evaluating model...
2025-05-10 01:29:22,894 - INFO - Saved validation outputs to /s/ls4/users/selibrin/spiking_researches/correlation_encoding_and_training/mnist/hpo/shifted_nn_symm_stdp_synapse/hpo_data/hpo_iteration_data/4339491/estimator_1_neuron_4_validation_outputs.npy
2025-05-10 01:29:22,894 - INFO - Waiting for parameters file: /s/ls4/users/selibrin/spiking_researches/correlation_encoding_and_training/mnist/hpo/shifted_nn_symm_stdp_synapse/hpo_data/hpo_iteration_data/4339491/params_1_4.pkl
2025-05-10 01:30:08,219 - INFO - Loaded HPO parameters
2025-05-10 01:30:08,219 - INFO - Preparing datasets...
2025-05-10 01:30:13,622 - INFO - Prepared datasets: 1153 train & 1000 validation samples
2025-05-10 01:30:13,622 - INFO - Initializing model...
2025-05-10 01:30:13,625 - INFO - Fitting model...
2025-05-10 01:34:54,928 - INFO - Saved weights to /s/ls4/users/selibrin/spiking_researches/correlation_encoding_and_training/mnist/hpo/shifted_nn_symm_stdp_synapse/hpo_data/hpo_iteration_data/4339491/estimator_1_neuron_4_weights.npy
2025-05-10 01:34:54,928 - INFO - Evaluating model...
2025-05-10 01:38:28,172 - INFO - Saved validation outputs to /s/ls4/users/selibrin/spiking_researches/correlation_encoding_and_training/mnist/hpo/shifted_nn_symm_stdp_synapse/hpo_data/hpo_iteration_data/4339491/estimator_1_neuron_4_validation_outputs.npy
2025-05-10 01:38:28,173 - INFO - Waiting for parameters file: /s/ls4/users/selibrin/spiking_researches/correlation_encoding_and_training/mnist/hpo/shifted_nn_symm_stdp_synapse/hpo_data/hpo_iteration_data/4339491/params_1_4.pkl
2025-05-10 01:39:13,223 - INFO - Loaded HPO parameters
2025-05-10 01:39:13,223 - INFO - Preparing datasets...
2025-05-10 01:39:18,613 - INFO - Prepared datasets: 1153 train & 1000 validation samples
2025-05-10 01:39:18,614 - INFO - Initializing model...
2025-05-10 01:39:18,617 - INFO - Fitting model...
2025-05-10 01:43:56,946 - INFO - Saved weights to /s/ls4/users/selibrin/spiking_researches/correlation_encoding_and_training/mnist/hpo/shifted_nn_symm_stdp_synapse/hpo_data/hpo_iteration_data/4339491/estimator_1_neuron_4_weights.npy
2025-05-10 01:43:56,946 - INFO - Evaluating model...
2025-05-10 01:47:32,757 - INFO - Saved validation outputs to /s/ls4/users/selibrin/spiking_researches/correlation_encoding_and_training/mnist/hpo/shifted_nn_symm_stdp_synapse/hpo_data/hpo_iteration_data/4339491/estimator_1_neuron_4_validation_outputs.npy
2025-05-10 01:47:32,757 - INFO - Waiting for parameters file: /s/ls4/users/selibrin/spiking_researches/correlation_encoding_and_training/mnist/hpo/shifted_nn_symm_stdp_synapse/hpo_data/hpo_iteration_data/4339491/params_1_4.pkl
2025-05-10 01:48:17,811 - INFO - Loaded HPO parameters
2025-05-10 01:48:17,811 - INFO - Preparing datasets...
2025-05-10 01:48:22,923 - INFO - Prepared datasets: 1153 train & 1000 validation samples
2025-05-10 01:48:22,923 - INFO - Initializing model...
2025-05-10 01:48:23,004 - INFO - Fitting model...
2025-05-10 01:54:45,042 - INFO - Saved weights to /s/ls4/users/selibrin/spiking_researches/correlation_encoding_and_training/mnist/hpo/shifted_nn_symm_stdp_synapse/hpo_data/hpo_iteration_data/4339491/estimator_1_neuron_4_weights.npy
2025-05-10 01:54:45,042 - INFO - Evaluating model...
2025-05-10 01:58:33,980 - INFO - Saved validation outputs to /s/ls4/users/selibrin/spiking_researches/correlation_encoding_and_training/mnist/hpo/shifted_nn_symm_stdp_synapse/hpo_data/hpo_iteration_data/4339491/estimator_1_neuron_4_validation_outputs.npy
2025-05-10 01:58:33,980 - INFO - Waiting for parameters file: /s/ls4/users/selibrin/spiking_researches/correlation_encoding_and_training/mnist/hpo/shifted_nn_symm_stdp_synapse/hpo_data/hpo_iteration_data/4339491/params_1_4.pkl
2025-05-10 01:59:24,046 - INFO - Loaded HPO parameters
2025-05-10 01:59:24,046 - INFO - Preparing datasets...
2025-05-10 01:59:29,377 - INFO - Prepared datasets: 1153 train & 1000 validation samples
2025-05-10 01:59:29,377 - INFO - Initializing model...
2025-05-10 01:59:29,380 - INFO - Fitting model...
2025-05-10 02:04:15,358 - INFO - Saved weights to /s/ls4/users/selibrin/spiking_researches/correlation_encoding_and_training/mnist/hpo/shifted_nn_symm_stdp_synapse/hpo_data/hpo_iteration_data/4339491/estimator_1_neuron_4_weights.npy
2025-05-10 02:04:15,359 - INFO - Evaluating model...
2025-05-10 02:07:48,395 - INFO - Saved validation outputs to /s/ls4/users/selibrin/spiking_researches/correlation_encoding_and_training/mnist/hpo/shifted_nn_symm_stdp_synapse/hpo_data/hpo_iteration_data/4339491/estimator_1_neuron_4_validation_outputs.npy
2025-05-10 02:07:48,395 - INFO - Waiting for parameters file: /s/ls4/users/selibrin/spiking_researches/correlation_encoding_and_training/mnist/hpo/shifted_nn_symm_stdp_synapse/hpo_data/hpo_iteration_data/4339491/params_1_4.pkl
2025-05-10 02:08:33,442 - INFO - Loaded HPO parameters
2025-05-10 02:08:33,442 - INFO - Preparing datasets...
2025-05-10 02:08:38,913 - INFO - Prepared datasets: 1153 train & 1000 validation samples
2025-05-10 02:08:38,913 - INFO - Initializing model...
2025-05-10 02:08:38,916 - INFO - Fitting model...
2025-05-10 02:14:13,122 - INFO - Saved weights to /s/ls4/users/selibrin/spiking_researches/correlation_encoding_and_training/mnist/hpo/shifted_nn_symm_stdp_synapse/hpo_data/hpo_iteration_data/4339491/estimator_1_neuron_4_weights.npy
2025-05-10 02:14:13,123 - INFO - Evaluating model...
2025-05-10 02:17:59,233 - INFO - Saved validation outputs to /s/ls4/users/selibrin/spiking_researches/correlation_encoding_and_training/mnist/hpo/shifted_nn_symm_stdp_synapse/hpo_data/hpo_iteration_data/4339491/estimator_1_neuron_4_validation_outputs.npy
2025-05-10 02:17:59,233 - INFO - Waiting for parameters file: /s/ls4/users/selibrin/spiking_researches/correlation_encoding_and_training/mnist/hpo/shifted_nn_symm_stdp_synapse/hpo_data/hpo_iteration_data/4339491/params_1_4.pkl
2025-05-10 02:18:39,286 - INFO - Loaded HPO parameters
2025-05-10 02:18:39,287 - INFO - Preparing datasets...
2025-05-10 02:18:44,615 - INFO - Prepared datasets: 1153 train & 1000 validation samples
2025-05-10 02:18:44,615 - INFO - Initializing model...
2025-05-10 02:18:44,618 - INFO - Fitting model...
2025-05-10 02:24:22,901 - INFO - Saved weights to /s/ls4/users/selibrin/spiking_researches/correlation_encoding_and_training/mnist/hpo/shifted_nn_symm_stdp_synapse/hpo_data/hpo_iteration_data/4339491/estimator_1_neuron_4_weights.npy
2025-05-10 02:24:22,901 - INFO - Evaluating model...
2025-05-10 02:28:07,642 - INFO - Saved validation outputs to /s/ls4/users/selibrin/spiking_researches/correlation_encoding_and_training/mnist/hpo/shifted_nn_symm_stdp_synapse/hpo_data/hpo_iteration_data/4339491/estimator_1_neuron_4_validation_outputs.npy
2025-05-10 02:28:07,643 - INFO - Waiting for parameters file: /s/ls4/users/selibrin/spiking_researches/correlation_encoding_and_training/mnist/hpo/shifted_nn_symm_stdp_synapse/hpo_data/hpo_iteration_data/4339491/params_1_4.pkl
2025-05-10 02:28:42,686 - INFO - Loaded HPO parameters
2025-05-10 02:28:42,686 - INFO - Preparing datasets...
2025-05-10 02:28:47,897 - INFO - Prepared datasets: 1153 train & 1000 validation samples
2025-05-10 02:28:47,897 - INFO - Initializing model...
2025-05-10 02:28:47,901 - INFO - Fitting model...
2025-05-10 02:34:17,862 - INFO - Saved weights to /s/ls4/users/selibrin/spiking_researches/correlation_encoding_and_training/mnist/hpo/shifted_nn_symm_stdp_synapse/hpo_data/hpo_iteration_data/4339491/estimator_1_neuron_4_weights.npy
2025-05-10 02:34:17,863 - INFO - Evaluating model...
2025-05-10 02:37:58,050 - INFO - Saved validation outputs to /s/ls4/users/selibrin/spiking_researches/correlation_encoding_and_training/mnist/hpo/shifted_nn_symm_stdp_synapse/hpo_data/hpo_iteration_data/4339491/estimator_1_neuron_4_validation_outputs.npy
2025-05-10 02:37:58,050 - INFO - Waiting for parameters file: /s/ls4/users/selibrin/spiking_researches/correlation_encoding_and_training/mnist/hpo/shifted_nn_symm_stdp_synapse/hpo_data/hpo_iteration_data/4339491/params_1_4.pkl
2025-05-10 02:38:53,120 - INFO - Loaded HPO parameters
2025-05-10 02:38:53,120 - INFO - Preparing datasets...
2025-05-10 02:38:58,337 - INFO - Prepared datasets: 1153 train & 1000 validation samples
2025-05-10 02:38:58,338 - INFO - Initializing model...
2025-05-10 02:38:58,341 - INFO - Fitting model...
2025-05-10 02:44:28,047 - INFO - Saved weights to /s/ls4/users/selibrin/spiking_researches/correlation_encoding_and_training/mnist/hpo/shifted_nn_symm_stdp_synapse/hpo_data/hpo_iteration_data/4339491/estimator_1_neuron_4_weights.npy
2025-05-10 02:44:28,048 - INFO - Evaluating model...
2025-05-10 02:48:12,889 - INFO - Saved validation outputs to /s/ls4/users/selibrin/spiking_researches/correlation_encoding_and_training/mnist/hpo/shifted_nn_symm_stdp_synapse/hpo_data/hpo_iteration_data/4339491/estimator_1_neuron_4_validation_outputs.npy
2025-05-10 02:48:12,890 - INFO - Waiting for parameters file: /s/ls4/users/selibrin/spiking_researches/correlation_encoding_and_training/mnist/hpo/shifted_nn_symm_stdp_synapse/hpo_data/hpo_iteration_data/4339491/params_1_4.pkl
2025-05-10 02:48:52,941 - INFO - Loaded HPO parameters
2025-05-10 02:48:52,942 - INFO - Preparing datasets...
2025-05-10 02:48:58,142 - INFO - Prepared datasets: 1153 train & 1000 validation samples
2025-05-10 02:48:58,142 - INFO - Initializing model...
2025-05-10 02:48:58,148 - INFO - Fitting model...
2025-05-10 02:54:35,003 - INFO - Saved weights to /s/ls4/users/selibrin/spiking_researches/correlation_encoding_and_training/mnist/hpo/shifted_nn_symm_stdp_synapse/hpo_data/hpo_iteration_data/4339491/estimator_1_neuron_4_weights.npy
2025-05-10 02:54:35,003 - INFO - Evaluating model...
2025-05-10 02:58:21,720 - INFO - Saved validation outputs to /s/ls4/users/selibrin/spiking_researches/correlation_encoding_and_training/mnist/hpo/shifted_nn_symm_stdp_synapse/hpo_data/hpo_iteration_data/4339491/estimator_1_neuron_4_validation_outputs.npy
2025-05-10 02:58:21,720 - INFO - Waiting for parameters file: /s/ls4/users/selibrin/spiking_researches/correlation_encoding_and_training/mnist/hpo/shifted_nn_symm_stdp_synapse/hpo_data/hpo_iteration_data/4339491/params_1_4.pkl
2025-05-10 02:58:56,763 - INFO - Loaded HPO parameters
2025-05-10 02:58:56,763 - INFO - Preparing datasets...
2025-05-10 02:59:02,005 - INFO - Prepared datasets: 1153 train & 1000 validation samples
2025-05-10 02:59:02,006 - INFO - Initializing model...
2025-05-10 02:59:02,009 - INFO - Fitting model...
2025-05-10 03:03:49,333 - INFO - Saved weights to /s/ls4/users/selibrin/spiking_researches/correlation_encoding_and_training/mnist/hpo/shifted_nn_symm_stdp_synapse/hpo_data/hpo_iteration_data/4339491/estimator_1_neuron_4_weights.npy
2025-05-10 03:03:49,333 - INFO - Evaluating model...
2025-05-10 03:07:28,513 - INFO - Saved validation outputs to /s/ls4/users/selibrin/spiking_researches/correlation_encoding_and_training/mnist/hpo/shifted_nn_symm_stdp_synapse/hpo_data/hpo_iteration_data/4339491/estimator_1_neuron_4_validation_outputs.npy
2025-05-10 03:07:28,513 - INFO - Waiting for parameters file: /s/ls4/users/selibrin/spiking_researches/correlation_encoding_and_training/mnist/hpo/shifted_nn_symm_stdp_synapse/hpo_data/hpo_iteration_data/4339491/params_1_4.pkl
2025-05-10 03:08:03,556 - INFO - Loaded HPO parameters
2025-05-10 03:08:03,556 - INFO - Preparing datasets...
2025-05-10 03:08:08,708 - INFO - Prepared datasets: 1153 train & 1000 validation samples
2025-05-10 03:08:08,708 - INFO - Initializing model...
2025-05-10 03:08:08,711 - INFO - Fitting model...
2025-05-10 03:14:26,743 - INFO - Saved weights to /s/ls4/users/selibrin/spiking_researches/correlation_encoding_and_training/mnist/hpo/shifted_nn_symm_stdp_synapse/hpo_data/hpo_iteration_data/4339491/estimator_1_neuron_4_weights.npy
2025-05-10 03:14:26,744 - INFO - Evaluating model...
2025-05-10 03:18:16,924 - INFO - Saved validation outputs to /s/ls4/users/selibrin/spiking_researches/correlation_encoding_and_training/mnist/hpo/shifted_nn_symm_stdp_synapse/hpo_data/hpo_iteration_data/4339491/estimator_1_neuron_4_validation_outputs.npy
2025-05-10 03:18:16,924 - INFO - Waiting for parameters file: /s/ls4/users/selibrin/spiking_researches/correlation_encoding_and_training/mnist/hpo/shifted_nn_symm_stdp_synapse/hpo_data/hpo_iteration_data/4339491/params_1_4.pkl
2025-05-10 03:19:06,988 - INFO - Loaded HPO parameters
2025-05-10 03:19:06,988 - INFO - Preparing datasets...
2025-05-10 03:19:12,495 - INFO - Prepared datasets: 576 train & 1000 validation samples
2025-05-10 03:19:12,495 - INFO - Initializing model...
2025-05-10 03:19:12,498 - INFO - Fitting model...
2025-05-10 03:21:29,401 - INFO - Saved weights to /s/ls4/users/selibrin/spiking_researches/correlation_encoding_and_training/mnist/hpo/shifted_nn_symm_stdp_synapse/hpo_data/hpo_iteration_data/4339491/estimator_1_neuron_4_weights.npy
2025-05-10 03:21:29,402 - INFO - Evaluating model...
2025-05-10 03:25:07,474 - INFO - Saved validation outputs to /s/ls4/users/selibrin/spiking_researches/correlation_encoding_and_training/mnist/hpo/shifted_nn_symm_stdp_synapse/hpo_data/hpo_iteration_data/4339491/estimator_1_neuron_4_validation_outputs.npy
2025-05-10 03:25:07,475 - INFO - Waiting for parameters file: /s/ls4/users/selibrin/spiking_researches/correlation_encoding_and_training/mnist/hpo/shifted_nn_symm_stdp_synapse/hpo_data/hpo_iteration_data/4339491/params_1_4.pkl
2025-05-10 03:25:42,518 - INFO - Loaded HPO parameters
2025-05-10 03:25:42,518 - INFO - Preparing datasets...
2025-05-10 03:25:47,973 - INFO - Prepared datasets: 1153 train & 1000 validation samples
2025-05-10 03:25:47,973 - INFO - Initializing model...
2025-05-10 03:25:47,976 - INFO - Fitting model...
2025-05-10 03:30:50,230 - INFO - Saved weights to /s/ls4/users/selibrin/spiking_researches/correlation_encoding_and_training/mnist/hpo/shifted_nn_symm_stdp_synapse/hpo_data/hpo_iteration_data/4339491/estimator_1_neuron_4_weights.npy
2025-05-10 03:30:50,230 - INFO - Evaluating model...
2025-05-10 03:34:33,632 - INFO - Saved validation outputs to /s/ls4/users/selibrin/spiking_researches/correlation_encoding_and_training/mnist/hpo/shifted_nn_symm_stdp_synapse/hpo_data/hpo_iteration_data/4339491/estimator_1_neuron_4_validation_outputs.npy
2025-05-10 03:34:33,632 - INFO - Waiting for parameters file: /s/ls4/users/selibrin/spiking_researches/correlation_encoding_and_training/mnist/hpo/shifted_nn_symm_stdp_synapse/hpo_data/hpo_iteration_data/4339491/params_1_4.pkl
2025-05-10 03:35:13,679 - INFO - Loaded HPO parameters
2025-05-10 03:35:13,679 - INFO - Preparing datasets...
2025-05-10 03:35:18,889 - INFO - Prepared datasets: 1153 train & 1000 validation samples
2025-05-10 03:35:18,889 - INFO - Initializing model...
2025-05-10 03:35:18,892 - INFO - Fitting model...
2025-05-10 03:40:48,827 - INFO - Saved weights to /s/ls4/users/selibrin/spiking_researches/correlation_encoding_and_training/mnist/hpo/shifted_nn_symm_stdp_synapse/hpo_data/hpo_iteration_data/4339491/estimator_1_neuron_4_weights.npy
2025-05-10 03:40:48,827 - INFO - Evaluating model...
2025-05-10 03:44:33,408 - INFO - Saved validation outputs to /s/ls4/users/selibrin/spiking_researches/correlation_encoding_and_training/mnist/hpo/shifted_nn_symm_stdp_synapse/hpo_data/hpo_iteration_data/4339491/estimator_1_neuron_4_validation_outputs.npy
2025-05-10 03:44:33,408 - INFO - Waiting for parameters file: /s/ls4/users/selibrin/spiking_researches/correlation_encoding_and_training/mnist/hpo/shifted_nn_symm_stdp_synapse/hpo_data/hpo_iteration_data/4339491/params_1_4.pkl
2025-05-10 03:45:18,456 - INFO - Loaded HPO parameters
2025-05-10 03:45:18,457 - INFO - Preparing datasets...
2025-05-10 03:45:23,740 - INFO - Prepared datasets: 576 train & 1000 validation samples
2025-05-10 03:45:23,741 - INFO - Initializing model...
2025-05-10 03:45:23,745 - INFO - Fitting model...
2025-05-10 03:47:42,231 - INFO - Saved weights to /s/ls4/users/selibrin/spiking_researches/correlation_encoding_and_training/mnist/hpo/shifted_nn_symm_stdp_synapse/hpo_data/hpo_iteration_data/4339491/estimator_1_neuron_4_weights.npy
2025-05-10 03:47:42,231 - INFO - Evaluating model...
2025-05-10 03:51:14,117 - INFO - Saved validation outputs to /s/ls4/users/selibrin/spiking_researches/correlation_encoding_and_training/mnist/hpo/shifted_nn_symm_stdp_synapse/hpo_data/hpo_iteration_data/4339491/estimator_1_neuron_4_validation_outputs.npy
2025-05-10 03:51:14,118 - INFO - Waiting for parameters file: /s/ls4/users/selibrin/spiking_researches/correlation_encoding_and_training/mnist/hpo/shifted_nn_symm_stdp_synapse/hpo_data/hpo_iteration_data/4339491/params_1_4.pkl
2025-05-10 03:51:49,164 - INFO - Loaded HPO parameters
2025-05-10 03:51:49,164 - INFO - Preparing datasets...
2025-05-10 03:51:54,366 - INFO - Prepared datasets: 1153 train & 1000 validation samples
2025-05-10 03:51:54,367 - INFO - Initializing model...
2025-05-10 03:51:54,370 - INFO - Fitting model...
2025-05-10 03:56:31,071 - INFO - Saved weights to /s/ls4/users/selibrin/spiking_researches/correlation_encoding_and_training/mnist/hpo/shifted_nn_symm_stdp_synapse/hpo_data/hpo_iteration_data/4339491/estimator_1_neuron_4_weights.npy
2025-05-10 03:56:31,071 - INFO - Evaluating model...
2025-05-10 04:00:06,010 - INFO - Saved validation outputs to /s/ls4/users/selibrin/spiking_researches/correlation_encoding_and_training/mnist/hpo/shifted_nn_symm_stdp_synapse/hpo_data/hpo_iteration_data/4339491/estimator_1_neuron_4_validation_outputs.npy
2025-05-10 04:00:06,011 - INFO - Waiting for parameters file: /s/ls4/users/selibrin/spiking_researches/correlation_encoding_and_training/mnist/hpo/shifted_nn_symm_stdp_synapse/hpo_data/hpo_iteration_data/4339491/params_1_4.pkl
2025-05-10 04:00:56,092 - INFO - Loaded HPO parameters
2025-05-10 04:00:56,092 - INFO - Preparing datasets...
2025-05-10 04:01:01,492 - INFO - Prepared datasets: 1153 train & 1000 validation samples
2025-05-10 04:01:01,492 - INFO - Initializing model...
2025-05-10 04:01:01,495 - INFO - Fitting model...
2025-05-10 04:05:54,697 - INFO - Saved weights to /s/ls4/users/selibrin/spiking_researches/correlation_encoding_and_training/mnist/hpo/shifted_nn_symm_stdp_synapse/hpo_data/hpo_iteration_data/4339491/estimator_1_neuron_4_weights.npy
2025-05-10 04:05:54,698 - INFO - Evaluating model...
2025-05-10 04:09:34,958 - INFO - Saved validation outputs to /s/ls4/users/selibrin/spiking_researches/correlation_encoding_and_training/mnist/hpo/shifted_nn_symm_stdp_synapse/hpo_data/hpo_iteration_data/4339491/estimator_1_neuron_4_validation_outputs.npy
2025-05-10 04:09:34,959 - INFO - Waiting for parameters file: /s/ls4/users/selibrin/spiking_researches/correlation_encoding_and_training/mnist/hpo/shifted_nn_symm_stdp_synapse/hpo_data/hpo_iteration_data/4339491/params_1_4.pkl
2025-05-10 04:09:59,992 - INFO - Loaded HPO parameters
2025-05-10 04:09:59,993 - INFO - Preparing datasets...
2025-05-10 04:10:05,261 - INFO - Prepared datasets: 1153 train & 1000 validation samples
2025-05-10 04:10:05,261 - INFO - Initializing model...
2025-05-10 04:10:05,265 - INFO - Fitting model...
2025-05-10 04:15:40,650 - INFO - Saved weights to /s/ls4/users/selibrin/spiking_researches/correlation_encoding_and_training/mnist/hpo/shifted_nn_symm_stdp_synapse/hpo_data/hpo_iteration_data/4339491/estimator_1_neuron_4_weights.npy
2025-05-10 04:15:40,650 - INFO - Evaluating model...
2025-05-10 04:19:28,667 - INFO - Saved validation outputs to /s/ls4/users/selibrin/spiking_researches/correlation_encoding_and_training/mnist/hpo/shifted_nn_symm_stdp_synapse/hpo_data/hpo_iteration_data/4339491/estimator_1_neuron_4_validation_outputs.npy
2025-05-10 04:19:28,667 - INFO - Waiting for parameters file: /s/ls4/users/selibrin/spiking_researches/correlation_encoding_and_training/mnist/hpo/shifted_nn_symm_stdp_synapse/hpo_data/hpo_iteration_data/4339491/params_1_4.pkl
2025-05-10 04:20:03,710 - INFO - Loaded HPO parameters
2025-05-10 04:20:03,710 - INFO - Preparing datasets...
2025-05-10 04:20:09,061 - INFO - Prepared datasets: 1153 train & 1000 validation samples
2025-05-10 04:20:09,062 - INFO - Initializing model...
2025-05-10 04:20:09,065 - INFO - Fitting model...
2025-05-10 04:24:49,746 - INFO - Saved weights to /s/ls4/users/selibrin/spiking_researches/correlation_encoding_and_training/mnist/hpo/shifted_nn_symm_stdp_synapse/hpo_data/hpo_iteration_data/4339491/estimator_1_neuron_4_weights.npy
2025-05-10 04:24:49,746 - INFO - Evaluating model...
2025-05-10 04:28:26,730 - INFO - Saved validation outputs to /s/ls4/users/selibrin/spiking_researches/correlation_encoding_and_training/mnist/hpo/shifted_nn_symm_stdp_synapse/hpo_data/hpo_iteration_data/4339491/estimator_1_neuron_4_validation_outputs.npy
2025-05-10 04:28:26,731 - INFO - Waiting for parameters file: /s/ls4/users/selibrin/spiking_researches/correlation_encoding_and_training/mnist/hpo/shifted_nn_symm_stdp_synapse/hpo_data/hpo_iteration_data/4339491/params_1_4.pkl
2025-05-10 04:29:06,779 - INFO - Loaded HPO parameters
2025-05-10 04:29:06,780 - INFO - Preparing datasets...
2025-05-10 04:29:12,028 - INFO - Prepared datasets: 1153 train & 1000 validation samples
2025-05-10 04:29:12,029 - INFO - Initializing model...
2025-05-10 04:29:12,033 - INFO - Fitting model...
2025-05-10 04:33:58,180 - INFO - Saved weights to /s/ls4/users/selibrin/spiking_researches/correlation_encoding_and_training/mnist/hpo/shifted_nn_symm_stdp_synapse/hpo_data/hpo_iteration_data/4339491/estimator_1_neuron_4_weights.npy
2025-05-10 04:33:58,180 - INFO - Evaluating model...
2025-05-10 04:37:40,615 - INFO - Saved validation outputs to /s/ls4/users/selibrin/spiking_researches/correlation_encoding_and_training/mnist/hpo/shifted_nn_symm_stdp_synapse/hpo_data/hpo_iteration_data/4339491/estimator_1_neuron_4_validation_outputs.npy
2025-05-10 04:37:40,615 - INFO - Waiting for parameters file: /s/ls4/users/selibrin/spiking_researches/correlation_encoding_and_training/mnist/hpo/shifted_nn_symm_stdp_synapse/hpo_data/hpo_iteration_data/4339491/params_1_4.pkl
2025-05-10 04:38:10,653 - INFO - Loaded HPO parameters
2025-05-10 04:38:10,653 - INFO - Preparing datasets...
2025-05-10 04:38:15,909 - INFO - Prepared datasets: 1153 train & 1000 validation samples
2025-05-10 04:38:15,910 - INFO - Initializing model...
2025-05-10 04:38:15,913 - INFO - Fitting model...
2025-05-10 04:43:00,527 - INFO - Saved weights to /s/ls4/users/selibrin/spiking_researches/correlation_encoding_and_training/mnist/hpo/shifted_nn_symm_stdp_synapse/hpo_data/hpo_iteration_data/4339491/estimator_1_neuron_4_weights.npy
2025-05-10 04:43:00,528 - INFO - Evaluating model...
2025-05-10 04:46:35,315 - INFO - Saved validation outputs to /s/ls4/users/selibrin/spiking_researches/correlation_encoding_and_training/mnist/hpo/shifted_nn_symm_stdp_synapse/hpo_data/hpo_iteration_data/4339491/estimator_1_neuron_4_validation_outputs.npy
2025-05-10 04:46:35,316 - INFO - Waiting for parameters file: /s/ls4/users/selibrin/spiking_researches/correlation_encoding_and_training/mnist/hpo/shifted_nn_symm_stdp_synapse/hpo_data/hpo_iteration_data/4339491/params_1_4.pkl
2025-05-10 04:47:15,364 - INFO - Loaded HPO parameters
2025-05-10 04:47:15,364 - INFO - Preparing datasets...
2025-05-10 04:47:20,618 - INFO - Prepared datasets: 1153 train & 1000 validation samples
2025-05-10 04:47:20,619 - INFO - Initializing model...
2025-05-10 04:47:20,621 - INFO - Fitting model...
2025-05-10 04:52:04,809 - INFO - Saved weights to /s/ls4/users/selibrin/spiking_researches/correlation_encoding_and_training/mnist/hpo/shifted_nn_symm_stdp_synapse/hpo_data/hpo_iteration_data/4339491/estimator_1_neuron_4_weights.npy
2025-05-10 04:52:04,809 - INFO - Evaluating model...
2025-05-10 04:55:39,558 - INFO - Saved validation outputs to /s/ls4/users/selibrin/spiking_researches/correlation_encoding_and_training/mnist/hpo/shifted_nn_symm_stdp_synapse/hpo_data/hpo_iteration_data/4339491/estimator_1_neuron_4_validation_outputs.npy
2025-05-10 04:55:39,558 - INFO - Waiting for parameters file: /s/ls4/users/selibrin/spiking_researches/correlation_encoding_and_training/mnist/hpo/shifted_nn_symm_stdp_synapse/hpo_data/hpo_iteration_data/4339491/params_1_4.pkl
2025-05-10 04:56:14,735 - INFO - Loaded HPO parameters
2025-05-10 04:56:14,735 - INFO - Preparing datasets...
2025-05-10 04:56:19,864 - INFO - Prepared datasets: 1153 train & 1000 validation samples
2025-05-10 04:56:19,865 - INFO - Initializing model...
2025-05-10 04:56:19,870 - INFO - Fitting model...
2025-05-10 05:01:19,505 - INFO - Saved weights to /s/ls4/users/selibrin/spiking_researches/correlation_encoding_and_training/mnist/hpo/shifted_nn_symm_stdp_synapse/hpo_data/hpo_iteration_data/4339491/estimator_1_neuron_4_weights.npy
2025-05-10 05:01:19,506 - INFO - Evaluating model...
2025-05-10 05:04:58,213 - INFO - Saved validation outputs to /s/ls4/users/selibrin/spiking_researches/correlation_encoding_and_training/mnist/hpo/shifted_nn_symm_stdp_synapse/hpo_data/hpo_iteration_data/4339491/estimator_1_neuron_4_validation_outputs.npy
2025-05-10 05:04:58,214 - INFO - Waiting for parameters file: /s/ls4/users/selibrin/spiking_researches/correlation_encoding_and_training/mnist/hpo/shifted_nn_symm_stdp_synapse/hpo_data/hpo_iteration_data/4339491/params_1_4.pkl
2025-05-10 05:05:23,247 - INFO - Loaded HPO parameters
2025-05-10 05:05:23,247 - INFO - Preparing datasets...
2025-05-10 05:05:28,461 - INFO - Prepared datasets: 1153 train & 1000 validation samples
2025-05-10 05:05:28,462 - INFO - Initializing model...
2025-05-10 05:05:28,465 - INFO - Fitting model...
2025-05-10 05:11:57,287 - INFO - Saved weights to /s/ls4/users/selibrin/spiking_researches/correlation_encoding_and_training/mnist/hpo/shifted_nn_symm_stdp_synapse/hpo_data/hpo_iteration_data/4339491/estimator_1_neuron_4_weights.npy
2025-05-10 05:11:57,287 - INFO - Evaluating model...
2025-05-10 05:15:49,093 - INFO - Saved validation outputs to /s/ls4/users/selibrin/spiking_researches/correlation_encoding_and_training/mnist/hpo/shifted_nn_symm_stdp_synapse/hpo_data/hpo_iteration_data/4339491/estimator_1_neuron_4_validation_outputs.npy
2025-05-10 05:15:49,095 - INFO - Waiting for parameters file: /s/ls4/users/selibrin/spiking_researches/correlation_encoding_and_training/mnist/hpo/shifted_nn_symm_stdp_synapse/hpo_data/hpo_iteration_data/4339491/params_1_4.pkl
2025-05-10 05:16:24,138 - INFO - Loaded HPO parameters
2025-05-10 05:16:24,139 - INFO - Preparing datasets...
2025-05-10 05:16:29,491 - INFO - Prepared datasets: 1153 train & 1000 validation samples
2025-05-10 05:16:29,492 - INFO - Initializing model...
2025-05-10 05:16:29,495 - INFO - Fitting model...
2025-05-10 05:21:22,621 - INFO - Saved weights to /s/ls4/users/selibrin/spiking_researches/correlation_encoding_and_training/mnist/hpo/shifted_nn_symm_stdp_synapse/hpo_data/hpo_iteration_data/4339491/estimator_1_neuron_4_weights.npy
2025-05-10 05:21:22,621 - INFO - Evaluating model...
2025-05-10 05:25:03,224 - INFO - Saved validation outputs to /s/ls4/users/selibrin/spiking_researches/correlation_encoding_and_training/mnist/hpo/shifted_nn_symm_stdp_synapse/hpo_data/hpo_iteration_data/4339491/estimator_1_neuron_4_validation_outputs.npy
2025-05-10 05:25:03,224 - INFO - Waiting for parameters file: /s/ls4/users/selibrin/spiking_researches/correlation_encoding_and_training/mnist/hpo/shifted_nn_symm_stdp_synapse/hpo_data/hpo_iteration_data/4339491/params_1_4.pkl
2025-05-10 05:25:28,255 - INFO - Loaded HPO parameters
2025-05-10 05:25:28,256 - INFO - Preparing datasets...
2025-05-10 05:25:33,540 - INFO - Prepared datasets: 576 train & 1000 validation samples
2025-05-10 05:25:33,540 - INFO - Initializing model...
2025-05-10 05:25:33,544 - INFO - Fitting model...
2025-05-10 05:27:56,525 - INFO - Saved weights to /s/ls4/users/selibrin/spiking_researches/correlation_encoding_and_training/mnist/hpo/shifted_nn_symm_stdp_synapse/hpo_data/hpo_iteration_data/4339491/estimator_1_neuron_4_weights.npy
2025-05-10 05:27:56,525 - INFO - Evaluating model...
2025-05-10 05:31:36,414 - INFO - Saved validation outputs to /s/ls4/users/selibrin/spiking_researches/correlation_encoding_and_training/mnist/hpo/shifted_nn_symm_stdp_synapse/hpo_data/hpo_iteration_data/4339491/estimator_1_neuron_4_validation_outputs.npy
2025-05-10 05:31:36,414 - INFO - Waiting for parameters file: /s/ls4/users/selibrin/spiking_researches/correlation_encoding_and_training/mnist/hpo/shifted_nn_symm_stdp_synapse/hpo_data/hpo_iteration_data/4339491/params_1_4.pkl
2025-05-10 05:32:01,446 - INFO - Loaded HPO parameters
2025-05-10 05:32:01,447 - INFO - Preparing datasets...
2025-05-10 05:32:06,718 - INFO - Prepared datasets: 1153 train & 1000 validation samples
2025-05-10 05:32:06,718 - INFO - Initializing model...
2025-05-10 05:32:06,721 - INFO - Fitting model...
2025-05-10 05:37:48,466 - INFO - Saved weights to /s/ls4/users/selibrin/spiking_researches/correlation_encoding_and_training/mnist/hpo/shifted_nn_symm_stdp_synapse/hpo_data/hpo_iteration_data/4339491/estimator_1_neuron_4_weights.npy
2025-05-10 05:37:48,467 - INFO - Evaluating model...
2025-05-10 05:41:37,271 - INFO - Saved validation outputs to /s/ls4/users/selibrin/spiking_researches/correlation_encoding_and_training/mnist/hpo/shifted_nn_symm_stdp_synapse/hpo_data/hpo_iteration_data/4339491/estimator_1_neuron_4_validation_outputs.npy
2025-05-10 05:41:37,271 - INFO - Waiting for parameters file: /s/ls4/users/selibrin/spiking_researches/correlation_encoding_and_training/mnist/hpo/shifted_nn_symm_stdp_synapse/hpo_data/hpo_iteration_data/4339491/params_1_4.pkl
2025-05-10 05:42:07,312 - INFO - Loaded HPO parameters
2025-05-10 05:42:07,313 - INFO - Preparing datasets...
2025-05-10 05:42:12,898 - INFO - Prepared datasets: 1153 train & 1000 validation samples
2025-05-10 05:42:12,899 - INFO - Initializing model...
2025-05-10 05:42:12,903 - INFO - Fitting model...
2025-05-10 05:46:53,091 - INFO - Saved weights to /s/ls4/users/selibrin/spiking_researches/correlation_encoding_and_training/mnist/hpo/shifted_nn_symm_stdp_synapse/hpo_data/hpo_iteration_data/4339491/estimator_1_neuron_4_weights.npy
2025-05-10 05:46:53,091 - INFO - Evaluating model...
2025-05-10 05:50:33,910 - INFO - Saved validation outputs to /s/ls4/users/selibrin/spiking_researches/correlation_encoding_and_training/mnist/hpo/shifted_nn_symm_stdp_synapse/hpo_data/hpo_iteration_data/4339491/estimator_1_neuron_4_validation_outputs.npy
2025-05-10 05:50:33,911 - INFO - Waiting for parameters file: /s/ls4/users/selibrin/spiking_researches/correlation_encoding_and_training/mnist/hpo/shifted_nn_symm_stdp_synapse/hpo_data/hpo_iteration_data/4339491/params_1_4.pkl
2025-05-10 05:51:08,958 - INFO - Loaded HPO parameters
2025-05-10 05:51:08,958 - INFO - Preparing datasets...
2025-05-10 05:51:14,576 - INFO - Prepared datasets: 1153 train & 1000 validation samples
2025-05-10 05:51:14,576 - INFO - Initializing model...
2025-05-10 05:51:14,579 - INFO - Fitting model...
2025-05-10 05:56:24,670 - INFO - Saved weights to /s/ls4/users/selibrin/spiking_researches/correlation_encoding_and_training/mnist/hpo/shifted_nn_symm_stdp_synapse/hpo_data/hpo_iteration_data/4339491/estimator_1_neuron_4_weights.npy
2025-05-10 05:56:24,671 - INFO - Evaluating model...
2025-05-10 06:00:22,237 - INFO - Saved validation outputs to /s/ls4/users/selibrin/spiking_researches/correlation_encoding_and_training/mnist/hpo/shifted_nn_symm_stdp_synapse/hpo_data/hpo_iteration_data/4339491/estimator_1_neuron_4_validation_outputs.npy
2025-05-10 06:00:22,237 - INFO - Waiting for parameters file: /s/ls4/users/selibrin/spiking_researches/correlation_encoding_and_training/mnist/hpo/shifted_nn_symm_stdp_synapse/hpo_data/hpo_iteration_data/4339491/params_1_4.pkl
2025-05-10 06:00:42,262 - INFO - Loaded HPO parameters
2025-05-10 06:00:42,262 - INFO - Preparing datasets...
2025-05-10 06:00:47,972 - INFO - Prepared datasets: 576 train & 1000 validation samples
2025-05-10 06:00:47,972 - INFO - Initializing model...
2025-05-10 06:00:47,977 - INFO - Fitting model...
2025-05-10 06:03:20,501 - INFO - Saved weights to /s/ls4/users/selibrin/spiking_researches/correlation_encoding_and_training/mnist/hpo/shifted_nn_symm_stdp_synapse/hpo_data/hpo_iteration_data/4339491/estimator_1_neuron_4_weights.npy
2025-05-10 06:03:20,501 - INFO - Evaluating model...
2025-05-10 06:07:10,879 - INFO - Saved validation outputs to /s/ls4/users/selibrin/spiking_researches/correlation_encoding_and_training/mnist/hpo/shifted_nn_symm_stdp_synapse/hpo_data/hpo_iteration_data/4339491/estimator_1_neuron_4_validation_outputs.npy
2025-05-10 06:07:10,880 - INFO - Waiting for parameters file: /s/ls4/users/selibrin/spiking_researches/correlation_encoding_and_training/mnist/hpo/shifted_nn_symm_stdp_synapse/hpo_data/hpo_iteration_data/4339491/params_1_4.pkl
2025-05-10 06:07:45,928 - INFO - Loaded HPO parameters
2025-05-10 06:07:45,928 - INFO - Preparing datasets...
2025-05-10 06:07:51,637 - INFO - Prepared datasets: 1153 train & 1000 validation samples
2025-05-10 06:07:51,637 - INFO - Initializing model...
2025-05-10 06:07:51,641 - INFO - Fitting model...
2025-05-10 06:12:59,130 - INFO - Saved weights to /s/ls4/users/selibrin/spiking_researches/correlation_encoding_and_training/mnist/hpo/shifted_nn_symm_stdp_synapse/hpo_data/hpo_iteration_data/4339491/estimator_1_neuron_4_weights.npy
2025-05-10 06:12:59,130 - INFO - Evaluating model...
2025-05-10 06:16:54,229 - INFO - Saved validation outputs to /s/ls4/users/selibrin/spiking_researches/correlation_encoding_and_training/mnist/hpo/shifted_nn_symm_stdp_synapse/hpo_data/hpo_iteration_data/4339491/estimator_1_neuron_4_validation_outputs.npy
2025-05-10 06:16:54,230 - INFO - Waiting for parameters file: /s/ls4/users/selibrin/spiking_researches/correlation_encoding_and_training/mnist/hpo/shifted_nn_symm_stdp_synapse/hpo_data/hpo_iteration_data/4339491/params_1_4.pkl
2025-05-10 06:17:19,261 - INFO - Loaded HPO parameters
2025-05-10 06:17:19,261 - INFO - Preparing datasets...
2025-05-10 06:17:24,801 - INFO - Prepared datasets: 1153 train & 1000 validation samples
2025-05-10 06:17:24,801 - INFO - Initializing model...
2025-05-10 06:17:24,805 - INFO - Fitting model...
2025-05-10 06:23:14,459 - INFO - Saved weights to /s/ls4/users/selibrin/spiking_researches/correlation_encoding_and_training/mnist/hpo/shifted_nn_symm_stdp_synapse/hpo_data/hpo_iteration_data/4339491/estimator_1_neuron_4_weights.npy
2025-05-10 06:23:14,459 - INFO - Evaluating model...
2025-05-10 06:27:16,645 - INFO - Saved validation outputs to /s/ls4/users/selibrin/spiking_researches/correlation_encoding_and_training/mnist/hpo/shifted_nn_symm_stdp_synapse/hpo_data/hpo_iteration_data/4339491/estimator_1_neuron_4_validation_outputs.npy
2025-05-10 06:27:16,645 - INFO - Waiting for parameters file: /s/ls4/users/selibrin/spiking_researches/correlation_encoding_and_training/mnist/hpo/shifted_nn_symm_stdp_synapse/hpo_data/hpo_iteration_data/4339491/params_1_4.pkl
2025-05-10 06:27:51,690 - INFO - Loaded HPO parameters
2025-05-10 06:27:51,690 - INFO - Preparing datasets...
2025-05-10 06:27:57,158 - INFO - Prepared datasets: 1153 train & 1000 validation samples
2025-05-10 06:27:57,158 - INFO - Initializing model...
2025-05-10 06:27:57,162 - INFO - Fitting model...
2025-05-10 06:33:25,625 - INFO - Saved weights to /s/ls4/users/selibrin/spiking_researches/correlation_encoding_and_training/mnist/hpo/shifted_nn_symm_stdp_synapse/hpo_data/hpo_iteration_data/4339491/estimator_1_neuron_4_weights.npy
2025-05-10 06:33:25,625 - INFO - Evaluating model...
2025-05-10 06:37:25,905 - INFO - Saved validation outputs to /s/ls4/users/selibrin/spiking_researches/correlation_encoding_and_training/mnist/hpo/shifted_nn_symm_stdp_synapse/hpo_data/hpo_iteration_data/4339491/estimator_1_neuron_4_validation_outputs.npy
2025-05-10 06:37:25,905 - INFO - Waiting for parameters file: /s/ls4/users/selibrin/spiking_researches/correlation_encoding_and_training/mnist/hpo/shifted_nn_symm_stdp_synapse/hpo_data/hpo_iteration_data/4339491/params_1_4.pkl
2025-05-10 06:37:55,943 - INFO - Loaded HPO parameters
2025-05-10 06:37:55,944 - INFO - Preparing datasets...
2025-05-10 06:38:01,386 - INFO - Prepared datasets: 576 train & 1000 validation samples
2025-05-10 06:38:01,387 - INFO - Initializing model...
2025-05-10 06:38:01,391 - INFO - Fitting model...
2025-05-10 06:40:55,337 - INFO - Saved weights to /s/ls4/users/selibrin/spiking_researches/correlation_encoding_and_training/mnist/hpo/shifted_nn_symm_stdp_synapse/hpo_data/hpo_iteration_data/4339491/estimator_1_neuron_4_weights.npy
2025-05-10 06:40:55,337 - INFO - Evaluating model...
2025-05-10 06:44:57,343 - INFO - Saved validation outputs to /s/ls4/users/selibrin/spiking_researches/correlation_encoding_and_training/mnist/hpo/shifted_nn_symm_stdp_synapse/hpo_data/hpo_iteration_data/4339491/estimator_1_neuron_4_validation_outputs.npy
2025-05-10 06:44:57,343 - INFO - Waiting for parameters file: /s/ls4/users/selibrin/spiking_researches/correlation_encoding_and_training/mnist/hpo/shifted_nn_symm_stdp_synapse/hpo_data/hpo_iteration_data/4339491/params_1_4.pkl
2025-05-10 06:45:32,383 - INFO - Loaded HPO parameters
2025-05-10 06:45:32,383 - INFO - Preparing datasets...
2025-05-10 06:45:38,127 - INFO - Prepared datasets: 1153 train & 1000 validation samples
2025-05-10 06:45:38,127 - INFO - Initializing model...
2025-05-10 06:45:38,132 - INFO - Fitting model...
2025-05-10 06:52:31,953 - INFO - Saved weights to /s/ls4/users/selibrin/spiking_researches/correlation_encoding_and_training/mnist/hpo/shifted_nn_symm_stdp_synapse/hpo_data/hpo_iteration_data/4339491/estimator_1_neuron_4_weights.npy
2025-05-10 06:52:31,953 - INFO - Evaluating model...
2025-05-10 06:56:42,385 - INFO - Saved validation outputs to /s/ls4/users/selibrin/spiking_researches/correlation_encoding_and_training/mnist/hpo/shifted_nn_symm_stdp_synapse/hpo_data/hpo_iteration_data/4339491/estimator_1_neuron_4_validation_outputs.npy
2025-05-10 06:56:42,386 - INFO - Waiting for parameters file: /s/ls4/users/selibrin/spiking_researches/correlation_encoding_and_training/mnist/hpo/shifted_nn_symm_stdp_synapse/hpo_data/hpo_iteration_data/4339491/params_1_4.pkl
2025-05-10 06:57:07,422 - INFO - Loaded HPO parameters
2025-05-10 06:57:07,422 - INFO - Preparing datasets...
2025-05-10 06:57:13,425 - INFO - Prepared datasets: 1153 train & 1000 validation samples
2025-05-10 06:57:13,426 - INFO - Initializing model...
2025-05-10 06:57:13,429 - INFO - Fitting model...
2025-05-10 07:02:24,202 - INFO - Saved weights to /s/ls4/users/selibrin/spiking_researches/correlation_encoding_and_training/mnist/hpo/shifted_nn_symm_stdp_synapse/hpo_data/hpo_iteration_data/4339491/estimator_1_neuron_4_weights.npy
2025-05-10 07:02:24,203 - INFO - Evaluating model...
2025-05-10 07:06:22,906 - INFO - Saved validation outputs to /s/ls4/users/selibrin/spiking_researches/correlation_encoding_and_training/mnist/hpo/shifted_nn_symm_stdp_synapse/hpo_data/hpo_iteration_data/4339491/estimator_1_neuron_4_validation_outputs.npy
2025-05-10 07:06:22,906 - INFO - Waiting for parameters file: /s/ls4/users/selibrin/spiking_researches/correlation_encoding_and_training/mnist/hpo/shifted_nn_symm_stdp_synapse/hpo_data/hpo_iteration_data/4339491/params_1_4.pkl
2025-05-10 07:06:38,054 - INFO - Loaded HPO parameters
2025-05-10 07:06:38,054 - INFO - Preparing datasets...
2025-05-10 07:06:43,681 - INFO - Prepared datasets: 1153 train & 1000 validation samples
2025-05-10 07:06:43,681 - INFO - Initializing model...
2025-05-10 07:06:43,684 - INFO - Fitting model...
2025-05-10 07:11:44,391 - INFO - Saved weights to /s/ls4/users/selibrin/spiking_researches/correlation_encoding_and_training/mnist/hpo/shifted_nn_symm_stdp_synapse/hpo_data/hpo_iteration_data/4339491/estimator_1_neuron_4_weights.npy
2025-05-10 07:11:44,391 - INFO - Evaluating model...
2025-05-10 07:15:41,137 - INFO - Saved validation outputs to /s/ls4/users/selibrin/spiking_researches/correlation_encoding_and_training/mnist/hpo/shifted_nn_symm_stdp_synapse/hpo_data/hpo_iteration_data/4339491/estimator_1_neuron_4_validation_outputs.npy
2025-05-10 07:15:41,137 - INFO - Waiting for parameters file: /s/ls4/users/selibrin/spiking_researches/correlation_encoding_and_training/mnist/hpo/shifted_nn_symm_stdp_synapse/hpo_data/hpo_iteration_data/4339491/params_1_4.pkl
2025-05-10 07:16:11,171 - INFO - Loaded HPO parameters
2025-05-10 07:16:11,171 - INFO - Preparing datasets...
2025-05-10 07:16:16,592 - INFO - Prepared datasets: 1153 train & 1000 validation samples
2025-05-10 07:16:16,593 - INFO - Initializing model...
2025-05-10 07:16:16,596 - INFO - Fitting model...
2025-05-10 07:22:19,171 - INFO - Saved weights to /s/ls4/users/selibrin/spiking_researches/correlation_encoding_and_training/mnist/hpo/shifted_nn_symm_stdp_synapse/hpo_data/hpo_iteration_data/4339491/estimator_1_neuron_4_weights.npy
2025-05-10 07:22:19,172 - INFO - Evaluating model...
2025-05-10 07:26:24,034 - INFO - Saved validation outputs to /s/ls4/users/selibrin/spiking_researches/correlation_encoding_and_training/mnist/hpo/shifted_nn_symm_stdp_synapse/hpo_data/hpo_iteration_data/4339491/estimator_1_neuron_4_validation_outputs.npy
2025-05-10 07:26:24,035 - INFO - Waiting for parameters file: /s/ls4/users/selibrin/spiking_researches/correlation_encoding_and_training/mnist/hpo/shifted_nn_symm_stdp_synapse/hpo_data/hpo_iteration_data/4339491/params_1_4.pkl
2025-05-10 07:26:44,066 - INFO - Loaded HPO parameters
2025-05-10 07:26:44,066 - INFO - Preparing datasets...
2025-05-10 07:26:49,820 - INFO - Prepared datasets: 576 train & 1000 validation samples
2025-05-10 07:26:49,820 - INFO - Initializing model...
2025-05-10 07:26:49,824 - INFO - Fitting model...
2025-05-10 07:29:26,939 - INFO - Saved weights to /s/ls4/users/selibrin/spiking_researches/correlation_encoding_and_training/mnist/hpo/shifted_nn_symm_stdp_synapse/hpo_data/hpo_iteration_data/4339491/estimator_1_neuron_4_weights.npy
2025-05-10 07:29:26,939 - INFO - Evaluating model...
2025-05-10 07:33:28,741 - INFO - Saved validation outputs to /s/ls4/users/selibrin/spiking_researches/correlation_encoding_and_training/mnist/hpo/shifted_nn_symm_stdp_synapse/hpo_data/hpo_iteration_data/4339491/estimator_1_neuron_4_validation_outputs.npy
2025-05-10 07:33:28,741 - INFO - Waiting for parameters file: /s/ls4/users/selibrin/spiking_researches/correlation_encoding_and_training/mnist/hpo/shifted_nn_symm_stdp_synapse/hpo_data/hpo_iteration_data/4339491/params_1_4.pkl
2025-05-10 07:33:48,770 - INFO - Loaded HPO parameters
2025-05-10 07:33:48,770 - INFO - Preparing datasets...
2025-05-10 07:33:54,421 - INFO - Prepared datasets: 1153 train & 1000 validation samples
2025-05-10 07:33:54,422 - INFO - Initializing model...
2025-05-10 07:33:54,425 - INFO - Fitting model...
2025-05-10 07:39:02,345 - INFO - Saved weights to /s/ls4/users/selibrin/spiking_researches/correlation_encoding_and_training/mnist/hpo/shifted_nn_symm_stdp_synapse/hpo_data/hpo_iteration_data/4339491/estimator_1_neuron_4_weights.npy
2025-05-10 07:39:02,346 - INFO - Evaluating model...
2025-05-10 07:43:00,171 - INFO - Saved validation outputs to /s/ls4/users/selibrin/spiking_researches/correlation_encoding_and_training/mnist/hpo/shifted_nn_symm_stdp_synapse/hpo_data/hpo_iteration_data/4339491/estimator_1_neuron_4_validation_outputs.npy
2025-05-10 07:43:00,171 - INFO - Waiting for parameters file: /s/ls4/users/selibrin/spiking_researches/correlation_encoding_and_training/mnist/hpo/shifted_nn_symm_stdp_synapse/hpo_data/hpo_iteration_data/4339491/params_1_4.pkl
2025-05-10 07:43:25,203 - INFO - Loaded HPO parameters
2025-05-10 07:43:25,203 - INFO - Preparing datasets...
2025-05-10 07:43:30,817 - INFO - Prepared datasets: 1153 train & 1000 validation samples
2025-05-10 07:43:30,818 - INFO - Initializing model...
2025-05-10 07:43:30,821 - INFO - Fitting model...
2025-05-10 07:48:49,492 - INFO - Saved weights to /s/ls4/users/selibrin/spiking_researches/correlation_encoding_and_training/mnist/hpo/shifted_nn_symm_stdp_synapse/hpo_data/hpo_iteration_data/4339491/estimator_1_neuron_4_weights.npy
2025-05-10 07:48:49,492 - INFO - Evaluating model...
2025-05-10 07:52:47,722 - INFO - Saved validation outputs to /s/ls4/users/selibrin/spiking_researches/correlation_encoding_and_training/mnist/hpo/shifted_nn_symm_stdp_synapse/hpo_data/hpo_iteration_data/4339491/estimator_1_neuron_4_validation_outputs.npy
2025-05-10 07:52:47,722 - INFO - Waiting for parameters file: /s/ls4/users/selibrin/spiking_researches/correlation_encoding_and_training/mnist/hpo/shifted_nn_symm_stdp_synapse/hpo_data/hpo_iteration_data/4339491/params_1_4.pkl
2025-05-10 07:53:27,779 - INFO - Loaded HPO parameters
2025-05-10 07:53:27,780 - INFO - Preparing datasets...
2025-05-10 07:53:33,397 - INFO - Prepared datasets: 1153 train & 1000 validation samples
2025-05-10 07:53:33,398 - INFO - Initializing model...
2025-05-10 07:53:33,402 - INFO - Fitting model...
2025-05-10 07:59:14,064 - INFO - Saved weights to /s/ls4/users/selibrin/spiking_researches/correlation_encoding_and_training/mnist/hpo/shifted_nn_symm_stdp_synapse/hpo_data/hpo_iteration_data/4339491/estimator_1_neuron_4_weights.npy
2025-05-10 07:59:14,065 - INFO - Evaluating model...
2025-05-10 08:03:14,366 - INFO - Saved validation outputs to /s/ls4/users/selibrin/spiking_researches/correlation_encoding_and_training/mnist/hpo/shifted_nn_symm_stdp_synapse/hpo_data/hpo_iteration_data/4339491/estimator_1_neuron_4_validation_outputs.npy
2025-05-10 08:03:14,366 - INFO - Waiting for parameters file: /s/ls4/users/selibrin/spiking_researches/correlation_encoding_and_training/mnist/hpo/shifted_nn_symm_stdp_synapse/hpo_data/hpo_iteration_data/4339491/params_1_4.pkl
2025-05-10 08:03:29,392 - INFO - Loaded HPO parameters
2025-05-10 08:03:29,392 - INFO - Preparing datasets...
2025-05-10 08:03:34,926 - INFO - Prepared datasets: 1153 train & 1000 validation samples
2025-05-10 08:03:34,927 - INFO - Initializing model...
2025-05-10 08:03:34,931 - INFO - Fitting model...
2025-05-10 08:08:44,101 - INFO - Saved weights to /s/ls4/users/selibrin/spiking_researches/correlation_encoding_and_training/mnist/hpo/shifted_nn_symm_stdp_synapse/hpo_data/hpo_iteration_data/4339491/estimator_1_neuron_4_weights.npy
2025-05-10 08:08:44,101 - INFO - Evaluating model...
2025-05-10 08:12:47,626 - INFO - Saved validation outputs to /s/ls4/users/selibrin/spiking_researches/correlation_encoding_and_training/mnist/hpo/shifted_nn_symm_stdp_synapse/hpo_data/hpo_iteration_data/4339491/estimator_1_neuron_4_validation_outputs.npy
2025-05-10 08:12:47,626 - INFO - Waiting for parameters file: /s/ls4/users/selibrin/spiking_researches/correlation_encoding_and_training/mnist/hpo/shifted_nn_symm_stdp_synapse/hpo_data/hpo_iteration_data/4339491/params_1_4.pkl
2025-05-10 08:13:02,648 - INFO - Loaded HPO parameters
2025-05-10 08:13:02,648 - INFO - Preparing datasets...
2025-05-10 08:13:08,388 - INFO - Prepared datasets: 576 train & 1000 validation samples
2025-05-10 08:13:08,388 - INFO - Initializing model...
2025-05-10 08:13:08,392 - INFO - Fitting model...
2025-05-10 08:15:43,811 - INFO - Saved weights to /s/ls4/users/selibrin/spiking_researches/correlation_encoding_and_training/mnist/hpo/shifted_nn_symm_stdp_synapse/hpo_data/hpo_iteration_data/4339491/estimator_1_neuron_4_weights.npy
2025-05-10 08:15:43,812 - INFO - Evaluating model...
2025-05-10 08:19:38,700 - INFO - Saved validation outputs to /s/ls4/users/selibrin/spiking_researches/correlation_encoding_and_training/mnist/hpo/shifted_nn_symm_stdp_synapse/hpo_data/hpo_iteration_data/4339491/estimator_1_neuron_4_validation_outputs.npy
2025-05-10 08:19:38,700 - INFO - Waiting for parameters file: /s/ls4/users/selibrin/spiking_researches/correlation_encoding_and_training/mnist/hpo/shifted_nn_symm_stdp_synapse/hpo_data/hpo_iteration_data/4339491/params_1_4.pkl
2025-05-10 08:20:08,738 - INFO - Loaded HPO parameters
2025-05-10 08:20:08,738 - INFO - Preparing datasets...
2025-05-10 08:20:14,514 - INFO - Prepared datasets: 1153 train & 1000 validation samples
2025-05-10 08:20:14,514 - INFO - Initializing model...
2025-05-10 08:20:14,518 - INFO - Fitting model...
2025-05-10 08:26:23,186 - INFO - Saved weights to /s/ls4/users/selibrin/spiking_researches/correlation_encoding_and_training/mnist/hpo/shifted_nn_symm_stdp_synapse/hpo_data/hpo_iteration_data/4339491/estimator_1_neuron_4_weights.npy
2025-05-10 08:26:23,186 - INFO - Evaluating model...
2025-05-10 08:30:28,899 - INFO - Saved validation outputs to /s/ls4/users/selibrin/spiking_researches/correlation_encoding_and_training/mnist/hpo/shifted_nn_symm_stdp_synapse/hpo_data/hpo_iteration_data/4339491/estimator_1_neuron_4_validation_outputs.npy
2025-05-10 08:30:28,900 - INFO - Waiting for parameters file: /s/ls4/users/selibrin/spiking_researches/correlation_encoding_and_training/mnist/hpo/shifted_nn_symm_stdp_synapse/hpo_data/hpo_iteration_data/4339491/params_1_4.pkl
2025-05-10 08:30:43,922 - INFO - Loaded HPO parameters
2025-05-10 08:30:43,922 - INFO - Preparing datasets...
2025-05-10 08:30:49,284 - INFO - Prepared datasets: 1153 train & 1000 validation samples
2025-05-10 08:30:49,285 - INFO - Initializing model...
2025-05-10 08:30:49,289 - INFO - Fitting model...
2025-05-10 08:37:36,953 - INFO - Saved weights to /s/ls4/users/selibrin/spiking_researches/correlation_encoding_and_training/mnist/hpo/shifted_nn_symm_stdp_synapse/hpo_data/hpo_iteration_data/4339491/estimator_1_neuron_4_weights.npy
2025-05-10 08:37:36,953 - INFO - Evaluating model...
2025-05-10 08:41:47,801 - INFO - Saved validation outputs to /s/ls4/users/selibrin/spiking_researches/correlation_encoding_and_training/mnist/hpo/shifted_nn_symm_stdp_synapse/hpo_data/hpo_iteration_data/4339491/estimator_1_neuron_4_validation_outputs.npy
2025-05-10 08:41:47,801 - INFO - Waiting for parameters file: /s/ls4/users/selibrin/spiking_researches/correlation_encoding_and_training/mnist/hpo/shifted_nn_symm_stdp_synapse/hpo_data/hpo_iteration_data/4339491/params_1_4.pkl
2025-05-10 08:42:17,842 - INFO - Loaded HPO parameters
2025-05-10 08:42:17,842 - INFO - Preparing datasets...
2025-05-10 08:42:23,440 - INFO - Prepared datasets: 1153 train & 1000 validation samples
2025-05-10 08:42:23,441 - INFO - Initializing model...
2025-05-10 08:42:23,445 - INFO - Fitting model...
2025-05-10 08:47:28,583 - INFO - Saved weights to /s/ls4/users/selibrin/spiking_researches/correlation_encoding_and_training/mnist/hpo/shifted_nn_symm_stdp_synapse/hpo_data/hpo_iteration_data/4339491/estimator_1_neuron_4_weights.npy
2025-05-10 08:47:28,583 - INFO - Evaluating model...
2025-05-10 08:51:18,400 - INFO - Saved validation outputs to /s/ls4/users/selibrin/spiking_researches/correlation_encoding_and_training/mnist/hpo/shifted_nn_symm_stdp_synapse/hpo_data/hpo_iteration_data/4339491/estimator_1_neuron_4_validation_outputs.npy
2025-05-10 08:51:18,400 - INFO - Waiting for parameters file: /s/ls4/users/selibrin/spiking_researches/correlation_encoding_and_training/mnist/hpo/shifted_nn_symm_stdp_synapse/hpo_data/hpo_iteration_data/4339491/params_1_4.pkl
2025-05-10 08:51:48,460 - INFO - Loaded HPO parameters
2025-05-10 08:51:48,460 - INFO - Preparing datasets...
2025-05-10 08:51:54,020 - INFO - Prepared datasets: 1153 train & 1000 validation samples
2025-05-10 08:51:54,021 - INFO - Initializing model...
2025-05-10 08:51:54,025 - INFO - Fitting model...
2025-05-10 08:57:19,244 - INFO - Saved weights to /s/ls4/users/selibrin/spiking_researches/correlation_encoding_and_training/mnist/hpo/shifted_nn_symm_stdp_synapse/hpo_data/hpo_iteration_data/4339491/estimator_1_neuron_4_weights.npy
2025-05-10 08:57:19,245 - INFO - Evaluating model...
2025-05-10 09:01:19,276 - INFO - Saved validation outputs to /s/ls4/users/selibrin/spiking_researches/correlation_encoding_and_training/mnist/hpo/shifted_nn_symm_stdp_synapse/hpo_data/hpo_iteration_data/4339491/estimator_1_neuron_4_validation_outputs.npy
2025-05-10 09:01:19,276 - INFO - Waiting for parameters file: /s/ls4/users/selibrin/spiking_researches/correlation_encoding_and_training/mnist/hpo/shifted_nn_symm_stdp_synapse/hpo_data/hpo_iteration_data/4339491/params_1_4.pkl
2025-05-10 09:01:54,325 - INFO - Loaded HPO parameters
2025-05-10 09:01:54,325 - INFO - Preparing datasets...
2025-05-10 09:01:59,760 - INFO - Prepared datasets: 576 train & 1000 validation samples
2025-05-10 09:01:59,760 - INFO - Initializing model...
2025-05-10 09:01:59,763 - INFO - Fitting model...
2025-05-10 09:04:32,201 - INFO - Saved weights to /s/ls4/users/selibrin/spiking_researches/correlation_encoding_and_training/mnist/hpo/shifted_nn_symm_stdp_synapse/hpo_data/hpo_iteration_data/4339491/estimator_1_neuron_4_weights.npy
2025-05-10 09:04:32,202 - INFO - Evaluating model...
2025-05-10 09:08:25,427 - INFO - Saved validation outputs to /s/ls4/users/selibrin/spiking_researches/correlation_encoding_and_training/mnist/hpo/shifted_nn_symm_stdp_synapse/hpo_data/hpo_iteration_data/4339491/estimator_1_neuron_4_validation_outputs.npy
2025-05-10 09:08:25,428 - INFO - Waiting for parameters file: /s/ls4/users/selibrin/spiking_researches/correlation_encoding_and_training/mnist/hpo/shifted_nn_symm_stdp_synapse/hpo_data/hpo_iteration_data/4339491/params_1_4.pkl
2025-05-10 09:08:55,467 - INFO - Loaded HPO parameters
2025-05-10 09:08:55,467 - INFO - Preparing datasets...
2025-05-10 09:09:01,114 - INFO - Prepared datasets: 288 train & 1000 validation samples
2025-05-10 09:09:01,115 - INFO - Initializing model...
2025-05-10 09:09:01,119 - INFO - Fitting model...
2025-05-10 09:10:30,892 - INFO - Saved weights to /s/ls4/users/selibrin/spiking_researches/correlation_encoding_and_training/mnist/hpo/shifted_nn_symm_stdp_synapse/hpo_data/hpo_iteration_data/4339491/estimator_1_neuron_4_weights.npy
2025-05-10 09:10:30,892 - INFO - Evaluating model...
2025-05-10 09:14:32,914 - INFO - Saved validation outputs to /s/ls4/users/selibrin/spiking_researches/correlation_encoding_and_training/mnist/hpo/shifted_nn_symm_stdp_synapse/hpo_data/hpo_iteration_data/4339491/estimator_1_neuron_4_validation_outputs.npy
2025-05-10 09:14:32,914 - INFO - Waiting for parameters file: /s/ls4/users/selibrin/spiking_researches/correlation_encoding_and_training/mnist/hpo/shifted_nn_symm_stdp_synapse/hpo_data/hpo_iteration_data/4339491/params_1_4.pkl
2025-05-10 09:15:02,956 - INFO - Loaded HPO parameters
2025-05-10 09:15:02,956 - INFO - Preparing datasets...
2025-05-10 09:15:08,722 - INFO - Prepared datasets: 1153 train & 1000 validation samples
2025-05-10 09:15:08,724 - INFO - Initializing model...
2025-05-10 09:15:08,732 - INFO - Fitting model...
2025-05-10 09:20:27,563 - INFO - Saved weights to /s/ls4/users/selibrin/spiking_researches/correlation_encoding_and_training/mnist/hpo/shifted_nn_symm_stdp_synapse/hpo_data/hpo_iteration_data/4339491/estimator_1_neuron_4_weights.npy
2025-05-10 09:20:27,564 - INFO - Evaluating model...
2025-05-10 09:24:26,398 - INFO - Saved validation outputs to /s/ls4/users/selibrin/spiking_researches/correlation_encoding_and_training/mnist/hpo/shifted_nn_symm_stdp_synapse/hpo_data/hpo_iteration_data/4339491/estimator_1_neuron_4_validation_outputs.npy
2025-05-10 09:24:26,398 - INFO - Waiting for parameters file: /s/ls4/users/selibrin/spiking_researches/correlation_encoding_and_training/mnist/hpo/shifted_nn_symm_stdp_synapse/hpo_data/hpo_iteration_data/4339491/params_1_4.pkl
2025-05-10 09:25:06,448 - INFO - Loaded HPO parameters
2025-05-10 09:25:06,448 - INFO - Preparing datasets...
2025-05-10 09:25:11,801 - INFO - Prepared datasets: 1153 train & 1000 validation samples
2025-05-10 09:25:11,802 - INFO - Initializing model...
2025-05-10 09:25:11,806 - INFO - Fitting model...
2025-05-10 09:30:16,712 - INFO - Saved weights to /s/ls4/users/selibrin/spiking_researches/correlation_encoding_and_training/mnist/hpo/shifted_nn_symm_stdp_synapse/hpo_data/hpo_iteration_data/4339491/estimator_1_neuron_4_weights.npy
2025-05-10 09:30:16,712 - INFO - Evaluating model...
2025-05-10 09:34:13,751 - INFO - Saved validation outputs to /s/ls4/users/selibrin/spiking_researches/correlation_encoding_and_training/mnist/hpo/shifted_nn_symm_stdp_synapse/hpo_data/hpo_iteration_data/4339491/estimator_1_neuron_4_validation_outputs.npy
2025-05-10 09:34:13,751 - INFO - Waiting for parameters file: /s/ls4/users/selibrin/spiking_researches/correlation_encoding_and_training/mnist/hpo/shifted_nn_symm_stdp_synapse/hpo_data/hpo_iteration_data/4339491/params_1_4.pkl
2025-05-10 09:34:38,789 - INFO - Loaded HPO parameters
2025-05-10 09:34:38,790 - INFO - Preparing datasets...
2025-05-10 09:34:44,203 - INFO - Prepared datasets: 1153 train & 1000 validation samples
2025-05-10 09:34:44,204 - INFO - Initializing model...
2025-05-10 09:34:44,207 - INFO - Fitting model...
2025-05-10 09:40:23,201 - INFO - Saved weights to /s/ls4/users/selibrin/spiking_researches/correlation_encoding_and_training/mnist/hpo/shifted_nn_symm_stdp_synapse/hpo_data/hpo_iteration_data/4339491/estimator_1_neuron_4_weights.npy
2025-05-10 09:40:23,201 - INFO - Evaluating model...
2025-05-10 09:44:21,297 - INFO - Saved validation outputs to /s/ls4/users/selibrin/spiking_researches/correlation_encoding_and_training/mnist/hpo/shifted_nn_symm_stdp_synapse/hpo_data/hpo_iteration_data/4339491/estimator_1_neuron_4_validation_outputs.npy
2025-05-10 09:44:21,297 - INFO - Waiting for parameters file: /s/ls4/users/selibrin/spiking_researches/correlation_encoding_and_training/mnist/hpo/shifted_nn_symm_stdp_synapse/hpo_data/hpo_iteration_data/4339491/params_1_4.pkl
2025-05-10 09:44:41,324 - INFO - Loaded HPO parameters
2025-05-10 09:44:41,324 - INFO - Preparing datasets...
2025-05-10 09:44:46,965 - INFO - Prepared datasets: 288 train & 1000 validation samples
2025-05-10 09:44:46,966 - INFO - Initializing model...
2025-05-10 09:44:46,970 - INFO - Fitting model...
2025-05-10 09:46:01,512 - INFO - Saved weights to /s/ls4/users/selibrin/spiking_researches/correlation_encoding_and_training/mnist/hpo/shifted_nn_symm_stdp_synapse/hpo_data/hpo_iteration_data/4339491/estimator_1_neuron_4_weights.npy
2025-05-10 09:46:01,512 - INFO - Evaluating model...
2025-05-10 09:49:49,633 - INFO - Saved validation outputs to /s/ls4/users/selibrin/spiking_researches/correlation_encoding_and_training/mnist/hpo/shifted_nn_symm_stdp_synapse/hpo_data/hpo_iteration_data/4339491/estimator_1_neuron_4_validation_outputs.npy
2025-05-10 09:49:49,634 - INFO - Waiting for parameters file: /s/ls4/users/selibrin/spiking_researches/correlation_encoding_and_training/mnist/hpo/shifted_nn_symm_stdp_synapse/hpo_data/hpo_iteration_data/4339491/params_1_4.pkl
2025-05-10 09:50:14,667 - INFO - Loaded HPO parameters
2025-05-10 09:50:14,667 - INFO - Preparing datasets...
2025-05-10 09:50:19,976 - INFO - Prepared datasets: 1153 train & 1000 validation samples
2025-05-10 09:50:19,976 - INFO - Initializing model...
2025-05-10 09:50:19,979 - INFO - Fitting model...
2025-05-10 09:55:32,600 - INFO - Saved weights to /s/ls4/users/selibrin/spiking_researches/correlation_encoding_and_training/mnist/hpo/shifted_nn_symm_stdp_synapse/hpo_data/hpo_iteration_data/4339491/estimator_1_neuron_4_weights.npy
2025-05-10 09:55:32,601 - INFO - Evaluating model...
2025-05-10 09:59:28,809 - INFO - Saved validation outputs to /s/ls4/users/selibrin/spiking_researches/correlation_encoding_and_training/mnist/hpo/shifted_nn_symm_stdp_synapse/hpo_data/hpo_iteration_data/4339491/estimator_1_neuron_4_validation_outputs.npy
2025-05-10 09:59:28,809 - INFO - Waiting for parameters file: /s/ls4/users/selibrin/spiking_researches/correlation_encoding_and_training/mnist/hpo/shifted_nn_symm_stdp_synapse/hpo_data/hpo_iteration_data/4339491/params_1_4.pkl
2025-05-10 10:00:18,873 - INFO - Loaded HPO parameters
2025-05-10 10:00:18,873 - INFO - Preparing datasets...
2025-05-10 10:00:24,371 - INFO - Prepared datasets: 576 train & 1000 validation samples
2025-05-10 10:00:24,372 - INFO - Initializing model...
2025-05-10 10:00:24,375 - INFO - Fitting model...
2025-05-10 10:02:58,397 - INFO - Saved weights to /s/ls4/users/selibrin/spiking_researches/correlation_encoding_and_training/mnist/hpo/shifted_nn_symm_stdp_synapse/hpo_data/hpo_iteration_data/4339491/estimator_1_neuron_4_weights.npy
2025-05-10 10:02:58,397 - INFO - Evaluating model...
2025-05-10 10:06:53,882 - INFO - Saved validation outputs to /s/ls4/users/selibrin/spiking_researches/correlation_encoding_and_training/mnist/hpo/shifted_nn_symm_stdp_synapse/hpo_data/hpo_iteration_data/4339491/estimator_1_neuron_4_validation_outputs.npy
2025-05-10 10:06:53,883 - INFO - Waiting for parameters file: /s/ls4/users/selibrin/spiking_researches/correlation_encoding_and_training/mnist/hpo/shifted_nn_symm_stdp_synapse/hpo_data/hpo_iteration_data/4339491/params_1_4.pkl
2025-05-10 10:07:23,919 - INFO - Loaded HPO parameters
2025-05-10 10:07:23,919 - INFO - Preparing datasets...
2025-05-10 10:07:29,365 - INFO - Prepared datasets: 1153 train & 1000 validation samples
2025-05-10 10:07:29,365 - INFO - Initializing model...
2025-05-10 10:07:29,369 - INFO - Fitting model...
2025-05-10 10:13:34,821 - INFO - Saved weights to /s/ls4/users/selibrin/spiking_researches/correlation_encoding_and_training/mnist/hpo/shifted_nn_symm_stdp_synapse/hpo_data/hpo_iteration_data/4339491/estimator_1_neuron_4_weights.npy
2025-05-10 10:13:34,822 - INFO - Evaluating model...
2025-05-10 10:17:39,451 - INFO - Saved validation outputs to /s/ls4/users/selibrin/spiking_researches/correlation_encoding_and_training/mnist/hpo/shifted_nn_symm_stdp_synapse/hpo_data/hpo_iteration_data/4339491/estimator_1_neuron_4_validation_outputs.npy
2025-05-10 10:17:39,452 - INFO - Waiting for parameters file: /s/ls4/users/selibrin/spiking_researches/correlation_encoding_and_training/mnist/hpo/shifted_nn_symm_stdp_synapse/hpo_data/hpo_iteration_data/4339491/params_1_4.pkl
2025-05-10 10:18:24,508 - INFO - Loaded HPO parameters
2025-05-10 10:18:24,508 - INFO - Preparing datasets...
2025-05-10 10:18:29,910 - INFO - Prepared datasets: 1153 train & 1000 validation samples
2025-05-10 10:18:29,910 - INFO - Initializing model...
2025-05-10 10:18:29,921 - INFO - Fitting model...
2025-05-10 10:24:02,239 - INFO - Saved weights to /s/ls4/users/selibrin/spiking_researches/correlation_encoding_and_training/mnist/hpo/shifted_nn_symm_stdp_synapse/hpo_data/hpo_iteration_data/4339491/estimator_1_neuron_4_weights.npy
2025-05-10 10:24:02,239 - INFO - Evaluating model...
2025-05-10 10:27:59,013 - INFO - Saved validation outputs to /s/ls4/users/selibrin/spiking_researches/correlation_encoding_and_training/mnist/hpo/shifted_nn_symm_stdp_synapse/hpo_data/hpo_iteration_data/4339491/estimator_1_neuron_4_validation_outputs.npy
2025-05-10 10:27:59,014 - INFO - Waiting for parameters file: /s/ls4/users/selibrin/spiking_researches/correlation_encoding_and_training/mnist/hpo/shifted_nn_symm_stdp_synapse/hpo_data/hpo_iteration_data/4339491/params_1_4.pkl
2025-05-10 10:28:29,073 - INFO - Loaded HPO parameters
2025-05-10 10:28:29,074 - INFO - Preparing datasets...
2025-05-10 10:28:34,603 - INFO - Prepared datasets: 288 train & 1000 validation samples
2025-05-10 10:28:34,604 - INFO - Initializing model...
2025-05-10 10:28:34,607 - INFO - Fitting model...
2025-05-10 10:30:15,354 - INFO - Saved weights to /s/ls4/users/selibrin/spiking_researches/correlation_encoding_and_training/mnist/hpo/shifted_nn_symm_stdp_synapse/hpo_data/hpo_iteration_data/4339491/estimator_1_neuron_4_weights.npy
2025-05-10 10:30:15,355 - INFO - Evaluating model...
2025-05-10 10:34:23,794 - INFO - Saved validation outputs to /s/ls4/users/selibrin/spiking_researches/correlation_encoding_and_training/mnist/hpo/shifted_nn_symm_stdp_synapse/hpo_data/hpo_iteration_data/4339491/estimator_1_neuron_4_validation_outputs.npy
2025-05-10 10:34:23,795 - INFO - Waiting for parameters file: /s/ls4/users/selibrin/spiking_researches/correlation_encoding_and_training/mnist/hpo/shifted_nn_symm_stdp_synapse/hpo_data/hpo_iteration_data/4339491/params_1_4.pkl
2025-05-10 10:35:03,844 - INFO - Loaded HPO parameters
2025-05-10 10:35:03,844 - INFO - Preparing datasets...
2025-05-10 10:35:09,358 - INFO - Prepared datasets: 1153 train & 1000 validation samples
2025-05-10 10:35:09,359 - INFO - Initializing model...
2025-05-10 10:35:09,362 - INFO - Fitting model...
2025-05-10 10:40:17,708 - INFO - Saved weights to /s/ls4/users/selibrin/spiking_researches/correlation_encoding_and_training/mnist/hpo/shifted_nn_symm_stdp_synapse/hpo_data/hpo_iteration_data/4339491/estimator_1_neuron_4_weights.npy
2025-05-10 10:40:17,708 - INFO - Evaluating model...
2025-05-10 10:44:08,227 - INFO - Saved validation outputs to /s/ls4/users/selibrin/spiking_researches/correlation_encoding_and_training/mnist/hpo/shifted_nn_symm_stdp_synapse/hpo_data/hpo_iteration_data/4339491/estimator_1_neuron_4_validation_outputs.npy
2025-05-10 10:44:08,227 - INFO - Waiting for parameters file: /s/ls4/users/selibrin/spiking_researches/correlation_encoding_and_training/mnist/hpo/shifted_nn_symm_stdp_synapse/hpo_data/hpo_iteration_data/4339491/params_1_4.pkl
2025-05-10 10:44:38,263 - INFO - Loaded HPO parameters
2025-05-10 10:44:38,263 - INFO - Preparing datasets...
2025-05-10 10:44:43,589 - INFO - Prepared datasets: 1153 train & 1000 validation samples
2025-05-10 10:44:43,589 - INFO - Initializing model...
2025-05-10 10:44:43,593 - INFO - Fitting model...
2025-05-10 10:50:47,139 - INFO - Saved weights to /s/ls4/users/selibrin/spiking_researches/correlation_encoding_and_training/mnist/hpo/shifted_nn_symm_stdp_synapse/hpo_data/hpo_iteration_data/4339491/estimator_1_neuron_4_weights.npy
2025-05-10 10:50:47,139 - INFO - Evaluating model...
2025-05-10 10:54:50,313 - INFO - Saved validation outputs to /s/ls4/users/selibrin/spiking_researches/correlation_encoding_and_training/mnist/hpo/shifted_nn_symm_stdp_synapse/hpo_data/hpo_iteration_data/4339491/estimator_1_neuron_4_validation_outputs.npy
2025-05-10 10:54:50,313 - INFO - Waiting for parameters file: /s/ls4/users/selibrin/spiking_researches/correlation_encoding_and_training/mnist/hpo/shifted_nn_symm_stdp_synapse/hpo_data/hpo_iteration_data/4339491/params_1_4.pkl
2025-05-10 10:55:40,376 - INFO - Loaded HPO parameters
2025-05-10 10:55:40,376 - INFO - Preparing datasets...
2025-05-10 10:55:45,809 - INFO - Prepared datasets: 1153 train & 1000 validation samples
2025-05-10 10:55:45,809 - INFO - Initializing model...
2025-05-10 10:55:45,814 - INFO - Fitting model...
2025-05-10 11:01:07,665 - INFO - Saved weights to /s/ls4/users/selibrin/spiking_researches/correlation_encoding_and_training/mnist/hpo/shifted_nn_symm_stdp_synapse/hpo_data/hpo_iteration_data/4339491/estimator_1_neuron_4_weights.npy
2025-05-10 11:01:07,666 - INFO - Evaluating model...
2025-05-10 11:05:06,686 - INFO - Saved validation outputs to /s/ls4/users/selibrin/spiking_researches/correlation_encoding_and_training/mnist/hpo/shifted_nn_symm_stdp_synapse/hpo_data/hpo_iteration_data/4339491/estimator_1_neuron_4_validation_outputs.npy
2025-05-10 11:05:06,687 - INFO - Waiting for parameters file: /s/ls4/users/selibrin/spiking_researches/correlation_encoding_and_training/mnist/hpo/shifted_nn_symm_stdp_synapse/hpo_data/hpo_iteration_data/4339491/params_1_4.pkl
2025-05-10 11:05:46,737 - INFO - Loaded HPO parameters
2025-05-10 11:05:46,737 - INFO - Preparing datasets...
2025-05-10 11:05:52,105 - INFO - Prepared datasets: 576 train & 1000 validation samples
2025-05-10 11:05:52,106 - INFO - Initializing model...
2025-05-10 11:05:52,109 - INFO - Fitting model...
2025-05-10 11:08:25,243 - INFO - Saved weights to /s/ls4/users/selibrin/spiking_researches/correlation_encoding_and_training/mnist/hpo/shifted_nn_symm_stdp_synapse/hpo_data/hpo_iteration_data/4339491/estimator_1_neuron_4_weights.npy
2025-05-10 11:08:25,243 - INFO - Evaluating model...
2025-05-10 11:12:21,142 - INFO - Saved validation outputs to /s/ls4/users/selibrin/spiking_researches/correlation_encoding_and_training/mnist/hpo/shifted_nn_symm_stdp_synapse/hpo_data/hpo_iteration_data/4339491/estimator_1_neuron_4_validation_outputs.npy
2025-05-10 11:12:21,143 - INFO - Waiting for parameters file: /s/ls4/users/selibrin/spiking_researches/correlation_encoding_and_training/mnist/hpo/shifted_nn_symm_stdp_synapse/hpo_data/hpo_iteration_data/4339491/params_1_4.pkl
2025-05-10 11:12:51,178 - INFO - Loaded HPO parameters
2025-05-10 11:12:51,178 - INFO - Preparing datasets...
2025-05-10 11:12:56,816 - INFO - Prepared datasets: 1153 train & 1000 validation samples
2025-05-10 11:12:56,816 - INFO - Initializing model...
2025-05-10 11:12:56,820 - INFO - Fitting model...
2025-05-10 11:17:29,745 - INFO - Saved weights to /s/ls4/users/selibrin/spiking_researches/correlation_encoding_and_training/mnist/hpo/shifted_nn_symm_stdp_synapse/hpo_data/hpo_iteration_data/4339491/estimator_1_neuron_4_weights.npy
2025-05-10 11:17:29,745 - INFO - Evaluating model...
2025-05-10 11:19:44,436 - INFO - Saved validation outputs to /s/ls4/users/selibrin/spiking_researches/correlation_encoding_and_training/mnist/hpo/shifted_nn_symm_stdp_synapse/hpo_data/hpo_iteration_data/4339491/estimator_1_neuron_4_validation_outputs.npy
2025-05-10 11:19:44,436 - INFO - Waiting for parameters file: /s/ls4/users/selibrin/spiking_researches/correlation_encoding_and_training/mnist/hpo/shifted_nn_symm_stdp_synapse/hpo_data/hpo_iteration_data/4339491/params_1_4.pkl
2025-05-10 11:20:24,484 - INFO - Loaded HPO parameters
2025-05-10 11:20:24,484 - INFO - Preparing datasets...
2025-05-10 11:20:27,651 - INFO - Prepared datasets: 288 train & 1000 validation samples
2025-05-10 11:20:27,651 - INFO - Initializing model...
2025-05-10 11:20:27,653 - INFO - Fitting model...
2025-05-10 11:21:10,534 - INFO - Saved weights to /s/ls4/users/selibrin/spiking_researches/correlation_encoding_and_training/mnist/hpo/shifted_nn_symm_stdp_synapse/hpo_data/hpo_iteration_data/4339491/estimator_1_neuron_4_weights.npy
2025-05-10 11:21:10,534 - INFO - Evaluating model...
2025-05-10 11:23:26,053 - INFO - Saved validation outputs to /s/ls4/users/selibrin/spiking_researches/correlation_encoding_and_training/mnist/hpo/shifted_nn_symm_stdp_synapse/hpo_data/hpo_iteration_data/4339491/estimator_1_neuron_4_validation_outputs.npy
2025-05-10 11:23:26,053 - INFO - Waiting for parameters file: /s/ls4/users/selibrin/spiking_researches/correlation_encoding_and_training/mnist/hpo/shifted_nn_symm_stdp_synapse/hpo_data/hpo_iteration_data/4339491/params_1_4.pkl
2025-05-10 11:23:56,333 - INFO - Loaded HPO parameters
2025-05-10 11:23:56,334 - INFO - Preparing datasets...
2025-05-10 11:23:59,514 - INFO - Prepared datasets: 1153 train & 1000 validation samples
2025-05-10 11:23:59,514 - INFO - Initializing model...
2025-05-10 11:23:59,516 - INFO - Fitting model...
2025-05-10 11:27:14,927 - INFO - Saved weights to /s/ls4/users/selibrin/spiking_researches/correlation_encoding_and_training/mnist/hpo/shifted_nn_symm_stdp_synapse/hpo_data/hpo_iteration_data/4339491/estimator_1_neuron_4_weights.npy
2025-05-10 11:27:14,927 - INFO - Evaluating model...
2025-05-10 11:29:31,809 - INFO - Saved validation outputs to /s/ls4/users/selibrin/spiking_researches/correlation_encoding_and_training/mnist/hpo/shifted_nn_symm_stdp_synapse/hpo_data/hpo_iteration_data/4339491/estimator_1_neuron_4_validation_outputs.npy
2025-05-10 11:29:31,809 - INFO - Waiting for parameters file: /s/ls4/users/selibrin/spiking_researches/correlation_encoding_and_training/mnist/hpo/shifted_nn_symm_stdp_synapse/hpo_data/hpo_iteration_data/4339491/params_1_4.pkl
2025-05-10 11:29:56,841 - INFO - Loaded HPO parameters
2025-05-10 11:29:56,842 - INFO - Preparing datasets...
2025-05-10 11:30:00,131 - INFO - Prepared datasets: 1153 train & 1000 validation samples
2025-05-10 11:30:00,132 - INFO - Initializing model...
2025-05-10 11:30:00,134 - INFO - Fitting model...
2025-05-10 11:32:57,833 - INFO - Saved weights to /s/ls4/users/selibrin/spiking_researches/correlation_encoding_and_training/mnist/hpo/shifted_nn_symm_stdp_synapse/hpo_data/hpo_iteration_data/4339491/estimator_1_neuron_4_weights.npy
2025-05-10 11:32:57,833 - INFO - Evaluating model...
2025-05-10 11:35:11,718 - INFO - Saved validation outputs to /s/ls4/users/selibrin/spiking_researches/correlation_encoding_and_training/mnist/hpo/shifted_nn_symm_stdp_synapse/hpo_data/hpo_iteration_data/4339491/estimator_1_neuron_4_validation_outputs.npy
2025-05-10 11:35:11,718 - INFO - Waiting for parameters file: /s/ls4/users/selibrin/spiking_researches/correlation_encoding_and_training/mnist/hpo/shifted_nn_symm_stdp_synapse/hpo_data/hpo_iteration_data/4339491/params_1_4.pkl
2025-05-10 11:35:31,745 - INFO - Loaded HPO parameters
2025-05-10 11:35:31,745 - INFO - Preparing datasets...
2025-05-10 11:35:34,985 - INFO - Prepared datasets: 1153 train & 1000 validation samples
2025-05-10 11:35:34,986 - INFO - Initializing model...
2025-05-10 11:35:34,988 - INFO - Fitting model...
2025-05-10 11:38:27,911 - INFO - Saved weights to /s/ls4/users/selibrin/spiking_researches/correlation_encoding_and_training/mnist/hpo/shifted_nn_symm_stdp_synapse/hpo_data/hpo_iteration_data/4339491/estimator_1_neuron_4_weights.npy
2025-05-10 11:38:27,911 - INFO - Evaluating model...
2025-05-10 11:40:42,065 - INFO - Saved validation outputs to /s/ls4/users/selibrin/spiking_researches/correlation_encoding_and_training/mnist/hpo/shifted_nn_symm_stdp_synapse/hpo_data/hpo_iteration_data/4339491/estimator_1_neuron_4_validation_outputs.npy
2025-05-10 11:40:42,065 - INFO - Waiting for parameters file: /s/ls4/users/selibrin/spiking_researches/correlation_encoding_and_training/mnist/hpo/shifted_nn_symm_stdp_synapse/hpo_data/hpo_iteration_data/4339491/params_1_4.pkl
2025-05-10 11:41:07,097 - INFO - Loaded HPO parameters
2025-05-10 11:41:07,097 - INFO - Preparing datasets...
2025-05-10 11:41:10,247 - INFO - Prepared datasets: 576 train & 1000 validation samples
2025-05-10 11:41:10,248 - INFO - Initializing model...
2025-05-10 11:41:10,250 - INFO - Fitting model...
2025-05-10 11:42:54,103 - INFO - Saved weights to /s/ls4/users/selibrin/spiking_researches/correlation_encoding_and_training/mnist/hpo/shifted_nn_symm_stdp_synapse/hpo_data/hpo_iteration_data/4339491/estimator_1_neuron_4_weights.npy
2025-05-10 11:42:54,103 - INFO - Evaluating model...
2025-05-10 11:45:12,319 - INFO - Saved validation outputs to /s/ls4/users/selibrin/spiking_researches/correlation_encoding_and_training/mnist/hpo/shifted_nn_symm_stdp_synapse/hpo_data/hpo_iteration_data/4339491/estimator_1_neuron_4_validation_outputs.npy
2025-05-10 11:45:12,319 - INFO - Waiting for parameters file: /s/ls4/users/selibrin/spiking_researches/correlation_encoding_and_training/mnist/hpo/shifted_nn_symm_stdp_synapse/hpo_data/hpo_iteration_data/4339491/params_1_4.pkl
2025-05-10 11:45:37,351 - INFO - Loaded HPO parameters
2025-05-10 11:45:37,351 - INFO - Preparing datasets...
2025-05-10 11:45:40,520 - INFO - Prepared datasets: 1153 train & 1000 validation samples
2025-05-10 11:45:40,520 - INFO - Initializing model...
2025-05-10 11:45:40,522 - INFO - Fitting model...
2025-05-10 11:49:34,080 - INFO - Saved weights to /s/ls4/users/selibrin/spiking_researches/correlation_encoding_and_training/mnist/hpo/shifted_nn_symm_stdp_synapse/hpo_data/hpo_iteration_data/4339491/estimator_1_neuron_4_weights.npy
2025-05-10 11:49:34,080 - INFO - Evaluating model...
2025-05-10 11:51:56,515 - INFO - Saved validation outputs to /s/ls4/users/selibrin/spiking_researches/correlation_encoding_and_training/mnist/hpo/shifted_nn_symm_stdp_synapse/hpo_data/hpo_iteration_data/4339491/estimator_1_neuron_4_validation_outputs.npy
2025-05-10 11:51:56,515 - INFO - Waiting for parameters file: /s/ls4/users/selibrin/spiking_researches/correlation_encoding_and_training/mnist/hpo/shifted_nn_symm_stdp_synapse/hpo_data/hpo_iteration_data/4339491/params_1_4.pkl
2025-05-10 11:52:11,537 - INFO - Loaded HPO parameters
2025-05-10 11:52:11,537 - INFO - Preparing datasets...
2025-05-10 11:52:14,660 - INFO - Prepared datasets: 288 train & 1000 validation samples
2025-05-10 11:52:14,660 - INFO - Initializing model...
2025-05-10 11:52:14,662 - INFO - Fitting model...
2025-05-10 11:53:01,756 - INFO - Saved weights to /s/ls4/users/selibrin/spiking_researches/correlation_encoding_and_training/mnist/hpo/shifted_nn_symm_stdp_synapse/hpo_data/hpo_iteration_data/4339491/estimator_1_neuron_4_weights.npy
2025-05-10 11:53:01,756 - INFO - Evaluating model...
2025-05-10 11:55:17,674 - INFO - Saved validation outputs to /s/ls4/users/selibrin/spiking_researches/correlation_encoding_and_training/mnist/hpo/shifted_nn_symm_stdp_synapse/hpo_data/hpo_iteration_data/4339491/estimator_1_neuron_4_validation_outputs.npy
2025-05-10 11:55:17,674 - INFO - Waiting for parameters file: /s/ls4/users/selibrin/spiking_researches/correlation_encoding_and_training/mnist/hpo/shifted_nn_symm_stdp_synapse/hpo_data/hpo_iteration_data/4339491/params_1_4.pkl
2025-05-10 11:55:47,717 - INFO - Loaded HPO parameters
2025-05-10 11:55:47,717 - INFO - Preparing datasets...
2025-05-10 11:55:50,929 - INFO - Prepared datasets: 1153 train & 1000 validation samples
2025-05-10 11:55:50,929 - INFO - Initializing model...
2025-05-10 11:55:50,932 - INFO - Fitting model...
2025-05-10 11:58:45,369 - INFO - Saved weights to /s/ls4/users/selibrin/spiking_researches/correlation_encoding_and_training/mnist/hpo/shifted_nn_symm_stdp_synapse/hpo_data/hpo_iteration_data/4339491/estimator_1_neuron_4_weights.npy
2025-05-10 11:58:45,370 - INFO - Evaluating model...
2025-05-10 12:01:00,664 - INFO - Saved validation outputs to /s/ls4/users/selibrin/spiking_researches/correlation_encoding_and_training/mnist/hpo/shifted_nn_symm_stdp_synapse/hpo_data/hpo_iteration_data/4339491/estimator_1_neuron_4_validation_outputs.npy
2025-05-10 12:01:00,665 - INFO - Waiting for parameters file: /s/ls4/users/selibrin/spiking_researches/correlation_encoding_and_training/mnist/hpo/shifted_nn_symm_stdp_synapse/hpo_data/hpo_iteration_data/4339491/params_1_4.pkl
2025-05-10 12:01:20,691 - INFO - Loaded HPO parameters
2025-05-10 12:01:20,691 - INFO - Preparing datasets...
2025-05-10 12:01:23,757 - INFO - Prepared datasets: 1153 train & 1000 validation samples
2025-05-10 12:01:23,758 - INFO - Initializing model...
2025-05-10 12:01:23,760 - INFO - Fitting model...
2025-05-10 12:04:51,168 - INFO - Saved weights to /s/ls4/users/selibrin/spiking_researches/correlation_encoding_and_training/mnist/hpo/shifted_nn_symm_stdp_synapse/hpo_data/hpo_iteration_data/4339491/estimator_1_neuron_4_weights.npy
2025-05-10 12:04:51,168 - INFO - Evaluating model...
2025-05-10 12:07:09,645 - INFO - Saved validation outputs to /s/ls4/users/selibrin/spiking_researches/correlation_encoding_and_training/mnist/hpo/shifted_nn_symm_stdp_synapse/hpo_data/hpo_iteration_data/4339491/estimator_1_neuron_4_validation_outputs.npy
2025-05-10 12:07:09,645 - INFO - Waiting for parameters file: /s/ls4/users/selibrin/spiking_researches/correlation_encoding_and_training/mnist/hpo/shifted_nn_symm_stdp_synapse/hpo_data/hpo_iteration_data/4339491/params_1_4.pkl
2025-05-10 12:07:24,666 - INFO - Loaded HPO parameters
2025-05-10 12:07:24,666 - INFO - Preparing datasets...
2025-05-10 12:07:28,284 - INFO - Prepared datasets: 1153 train & 1000 validation samples
2025-05-10 12:07:28,285 - INFO - Initializing model...
2025-05-10 12:07:28,288 - INFO - Fitting model...
2025-05-10 12:10:56,735 - INFO - Saved weights to /s/ls4/users/selibrin/spiking_researches/correlation_encoding_and_training/mnist/hpo/shifted_nn_symm_stdp_synapse/hpo_data/hpo_iteration_data/4339491/estimator_1_neuron_4_weights.npy
2025-05-10 12:10:56,735 - INFO - Evaluating model...
2025-05-10 12:13:15,278 - INFO - Saved validation outputs to /s/ls4/users/selibrin/spiking_researches/correlation_encoding_and_training/mnist/hpo/shifted_nn_symm_stdp_synapse/hpo_data/hpo_iteration_data/4339491/estimator_1_neuron_4_validation_outputs.npy
2025-05-10 12:13:15,278 - INFO - Waiting for parameters file: /s/ls4/users/selibrin/spiking_researches/correlation_encoding_and_training/mnist/hpo/shifted_nn_symm_stdp_synapse/hpo_data/hpo_iteration_data/4339491/params_1_4.pkl
2025-05-10 12:13:30,297 - INFO - Loaded HPO parameters
2025-05-10 12:13:30,298 - INFO - Preparing datasets...
2025-05-10 12:13:33,394 - INFO - Prepared datasets: 576 train & 1000 validation samples
2025-05-10 12:13:33,399 - INFO - Initializing model...
2025-05-10 12:13:33,401 - INFO - Fitting model...
2025-05-10 12:15:17,496 - INFO - Saved weights to /s/ls4/users/selibrin/spiking_researches/correlation_encoding_and_training/mnist/hpo/shifted_nn_symm_stdp_synapse/hpo_data/hpo_iteration_data/4339491/estimator_1_neuron_4_weights.npy
2025-05-10 12:15:17,496 - INFO - Evaluating model...
2025-05-10 12:17:35,717 - INFO - Saved validation outputs to /s/ls4/users/selibrin/spiking_researches/correlation_encoding_and_training/mnist/hpo/shifted_nn_symm_stdp_synapse/hpo_data/hpo_iteration_data/4339491/estimator_1_neuron_4_validation_outputs.npy
2025-05-10 12:17:35,717 - INFO - Waiting for parameters file: /s/ls4/users/selibrin/spiking_researches/correlation_encoding_and_training/mnist/hpo/shifted_nn_symm_stdp_synapse/hpo_data/hpo_iteration_data/4339491/params_1_4.pkl
2025-05-10 12:18:05,755 - INFO - Loaded HPO parameters
2025-05-10 12:18:05,755 - INFO - Preparing datasets...
2025-05-10 12:18:09,076 - INFO - Prepared datasets: 1153 train & 1000 validation samples
2025-05-10 12:18:09,076 - INFO - Initializing model...
2025-05-10 12:18:09,078 - INFO - Fitting model...
2025-05-10 12:21:37,585 - INFO - Saved weights to /s/ls4/users/selibrin/spiking_researches/correlation_encoding_and_training/mnist/hpo/shifted_nn_symm_stdp_synapse/hpo_data/hpo_iteration_data/4339491/estimator_1_neuron_4_weights.npy
2025-05-10 12:21:37,586 - INFO - Evaluating model...
2025-05-10 12:23:58,544 - INFO - Saved validation outputs to /s/ls4/users/selibrin/spiking_researches/correlation_encoding_and_training/mnist/hpo/shifted_nn_symm_stdp_synapse/hpo_data/hpo_iteration_data/4339491/estimator_1_neuron_4_validation_outputs.npy
2025-05-10 12:23:58,544 - INFO - Waiting for parameters file: /s/ls4/users/selibrin/spiking_researches/correlation_encoding_and_training/mnist/hpo/shifted_nn_symm_stdp_synapse/hpo_data/hpo_iteration_data/4339491/params_1_4.pkl
2025-05-10 12:24:13,565 - INFO - Loaded HPO parameters
2025-05-10 12:24:13,566 - INFO - Preparing datasets...
2025-05-10 12:24:16,712 - INFO - Prepared datasets: 1153 train & 1000 validation samples
2025-05-10 12:24:16,713 - INFO - Initializing model...
2025-05-10 12:24:16,715 - INFO - Fitting model...
2025-05-10 12:27:45,121 - INFO - Saved weights to /s/ls4/users/selibrin/spiking_researches/correlation_encoding_and_training/mnist/hpo/shifted_nn_symm_stdp_synapse/hpo_data/hpo_iteration_data/4339491/estimator_1_neuron_4_weights.npy
2025-05-10 12:27:45,121 - INFO - Evaluating model...
2025-05-10 12:30:04,851 - INFO - Saved validation outputs to /s/ls4/users/selibrin/spiking_researches/correlation_encoding_and_training/mnist/hpo/shifted_nn_symm_stdp_synapse/hpo_data/hpo_iteration_data/4339491/estimator_1_neuron_4_validation_outputs.npy
2025-05-10 12:30:04,851 - INFO - Waiting for parameters file: /s/ls4/users/selibrin/spiking_researches/correlation_encoding_and_training/mnist/hpo/shifted_nn_symm_stdp_synapse/hpo_data/hpo_iteration_data/4339491/params_1_4.pkl
2025-05-10 12:30:49,906 - INFO - Loaded HPO parameters
2025-05-10 12:30:49,906 - INFO - Preparing datasets...
2025-05-10 12:30:53,073 - INFO - Prepared datasets: 288 train & 1000 validation samples
2025-05-10 12:30:53,073 - INFO - Initializing model...
2025-05-10 12:30:53,075 - INFO - Fitting model...
2025-05-10 12:31:43,907 - INFO - Saved weights to /s/ls4/users/selibrin/spiking_researches/correlation_encoding_and_training/mnist/hpo/shifted_nn_symm_stdp_synapse/hpo_data/hpo_iteration_data/4339491/estimator_1_neuron_4_weights.npy
2025-05-10 12:31:43,907 - INFO - Evaluating model...
2025-05-10 12:33:59,281 - INFO - Saved validation outputs to /s/ls4/users/selibrin/spiking_researches/correlation_encoding_and_training/mnist/hpo/shifted_nn_symm_stdp_synapse/hpo_data/hpo_iteration_data/4339491/estimator_1_neuron_4_validation_outputs.npy
2025-05-10 12:33:59,281 - INFO - Waiting for parameters file: /s/ls4/users/selibrin/spiking_researches/correlation_encoding_and_training/mnist/hpo/shifted_nn_symm_stdp_synapse/hpo_data/hpo_iteration_data/4339491/params_1_4.pkl
2025-05-10 12:34:24,313 - INFO - Loaded HPO parameters
2025-05-10 12:34:24,313 - INFO - Preparing datasets...
2025-05-10 12:34:27,352 - INFO - Prepared datasets: 1153 train & 1000 validation samples
2025-05-10 12:34:27,352 - INFO - Initializing model...
2025-05-10 12:34:27,354 - INFO - Fitting model...
2025-05-10 12:37:53,644 - INFO - Saved weights to /s/ls4/users/selibrin/spiking_researches/correlation_encoding_and_training/mnist/hpo/shifted_nn_symm_stdp_synapse/hpo_data/hpo_iteration_data/4339491/estimator_1_neuron_4_weights.npy
2025-05-10 12:37:53,644 - INFO - Evaluating model...
2025-05-10 12:40:08,905 - INFO - Saved validation outputs to /s/ls4/users/selibrin/spiking_researches/correlation_encoding_and_training/mnist/hpo/shifted_nn_symm_stdp_synapse/hpo_data/hpo_iteration_data/4339491/estimator_1_neuron_4_validation_outputs.npy
2025-05-10 12:40:08,905 - INFO - Waiting for parameters file: /s/ls4/users/selibrin/spiking_researches/correlation_encoding_and_training/mnist/hpo/shifted_nn_symm_stdp_synapse/hpo_data/hpo_iteration_data/4339491/params_1_4.pkl
2025-05-10 12:41:04,031 - INFO - Loaded HPO parameters
2025-05-10 12:41:04,031 - INFO - Preparing datasets...
2025-05-10 12:41:07,155 - INFO - Prepared datasets: 1153 train & 1000 validation samples
2025-05-10 12:41:07,156 - INFO - Initializing model...
2025-05-10 12:41:07,158 - INFO - Fitting model...
2025-05-10 12:44:32,806 - INFO - Saved weights to /s/ls4/users/selibrin/spiking_researches/correlation_encoding_and_training/mnist/hpo/shifted_nn_symm_stdp_synapse/hpo_data/hpo_iteration_data/4339491/estimator_1_neuron_4_weights.npy
2025-05-10 12:44:32,806 - INFO - Evaluating model...
2025-05-10 12:46:48,985 - INFO - Saved validation outputs to /s/ls4/users/selibrin/spiking_researches/correlation_encoding_and_training/mnist/hpo/shifted_nn_symm_stdp_synapse/hpo_data/hpo_iteration_data/4339491/estimator_1_neuron_4_validation_outputs.npy
2025-05-10 12:46:48,985 - INFO - Waiting for parameters file: /s/ls4/users/selibrin/spiking_researches/correlation_encoding_and_training/mnist/hpo/shifted_nn_symm_stdp_synapse/hpo_data/hpo_iteration_data/4339491/params_1_4.pkl
2025-05-10 12:47:39,041 - INFO - Loaded HPO parameters
2025-05-10 12:47:39,041 - INFO - Preparing datasets...
2025-05-10 12:47:42,302 - INFO - Prepared datasets: 1153 train & 1000 validation samples
2025-05-10 12:47:42,307 - INFO - Initializing model...
2025-05-10 12:47:42,309 - INFO - Fitting model...
2025-05-10 12:50:31,995 - INFO - Saved weights to /s/ls4/users/selibrin/spiking_researches/correlation_encoding_and_training/mnist/hpo/shifted_nn_symm_stdp_synapse/hpo_data/hpo_iteration_data/4339491/estimator_1_neuron_4_weights.npy
2025-05-10 12:50:31,996 - INFO - Evaluating model...
2025-05-10 12:52:43,662 - INFO - Saved validation outputs to /s/ls4/users/selibrin/spiking_researches/correlation_encoding_and_training/mnist/hpo/shifted_nn_symm_stdp_synapse/hpo_data/hpo_iteration_data/4339491/estimator_1_neuron_4_validation_outputs.npy
2025-05-10 12:52:43,662 - INFO - Waiting for parameters file: /s/ls4/users/selibrin/spiking_researches/correlation_encoding_and_training/mnist/hpo/shifted_nn_symm_stdp_synapse/hpo_data/hpo_iteration_data/4339491/params_1_4.pkl
2025-05-10 12:53:13,699 - INFO - Loaded HPO parameters
2025-05-10 12:53:13,699 - INFO - Preparing datasets...
2025-05-10 12:53:16,852 - INFO - Prepared datasets: 576 train & 1000 validation samples
2025-05-10 12:53:16,852 - INFO - Initializing model...
2025-05-10 12:53:16,854 - INFO - Fitting model...
2025-05-10 12:54:47,095 - INFO - Saved weights to /s/ls4/users/selibrin/spiking_researches/correlation_encoding_and_training/mnist/hpo/shifted_nn_symm_stdp_synapse/hpo_data/hpo_iteration_data/4339491/estimator_1_neuron_4_weights.npy
2025-05-10 12:54:47,095 - INFO - Evaluating model...
2025-05-10 12:57:01,745 - INFO - Saved validation outputs to /s/ls4/users/selibrin/spiking_researches/correlation_encoding_and_training/mnist/hpo/shifted_nn_symm_stdp_synapse/hpo_data/hpo_iteration_data/4339491/estimator_1_neuron_4_validation_outputs.npy
2025-05-10 12:57:01,745 - INFO - Waiting for parameters file: /s/ls4/users/selibrin/spiking_researches/correlation_encoding_and_training/mnist/hpo/shifted_nn_symm_stdp_synapse/hpo_data/hpo_iteration_data/4339491/params_1_4.pkl
2025-05-10 12:57:21,771 - INFO - Loaded HPO parameters
2025-05-10 12:57:21,772 - INFO - Preparing datasets...
2025-05-10 12:57:24,879 - INFO - Prepared datasets: 1153 train & 1000 validation samples
2025-05-10 12:57:24,880 - INFO - Initializing model...
2025-05-10 12:57:24,882 - INFO - Fitting model...
2025-05-10 13:00:54,976 - INFO - Saved weights to /s/ls4/users/selibrin/spiking_researches/correlation_encoding_and_training/mnist/hpo/shifted_nn_symm_stdp_synapse/hpo_data/hpo_iteration_data/4339491/estimator_1_neuron_4_weights.npy
2025-05-10 13:00:54,976 - INFO - Evaluating model...
2025-05-10 13:03:16,220 - INFO - Saved validation outputs to /s/ls4/users/selibrin/spiking_researches/correlation_encoding_and_training/mnist/hpo/shifted_nn_symm_stdp_synapse/hpo_data/hpo_iteration_data/4339491/estimator_1_neuron_4_validation_outputs.npy
2025-05-10 13:03:16,220 - INFO - Waiting for parameters file: /s/ls4/users/selibrin/spiking_researches/correlation_encoding_and_training/mnist/hpo/shifted_nn_symm_stdp_synapse/hpo_data/hpo_iteration_data/4339491/params_1_4.pkl
2025-05-10 13:03:56,268 - INFO - Loaded HPO parameters
2025-05-10 13:03:56,268 - INFO - Preparing datasets...
2025-05-10 13:03:59,381 - INFO - Prepared datasets: 288 train & 1000 validation samples
2025-05-10 13:03:59,382 - INFO - Initializing model...
2025-05-10 13:03:59,384 - INFO - Fitting model...
2025-05-10 13:04:48,637 - INFO - Saved weights to /s/ls4/users/selibrin/spiking_researches/correlation_encoding_and_training/mnist/hpo/shifted_nn_symm_stdp_synapse/hpo_data/hpo_iteration_data/4339491/estimator_1_neuron_4_weights.npy
2025-05-10 13:04:48,637 - INFO - Evaluating model...
2025-05-10 13:07:06,803 - INFO - Saved validation outputs to /s/ls4/users/selibrin/spiking_researches/correlation_encoding_and_training/mnist/hpo/shifted_nn_symm_stdp_synapse/hpo_data/hpo_iteration_data/4339491/estimator_1_neuron_4_validation_outputs.npy
2025-05-10 13:07:06,803 - INFO - Waiting for parameters file: /s/ls4/users/selibrin/spiking_researches/correlation_encoding_and_training/mnist/hpo/shifted_nn_symm_stdp_synapse/hpo_data/hpo_iteration_data/4339491/params_1_4.pkl
2025-05-10 13:07:31,834 - INFO - Loaded HPO parameters
2025-05-10 13:07:31,835 - INFO - Preparing datasets...
2025-05-10 13:07:34,952 - INFO - Prepared datasets: 1153 train & 1000 validation samples
2025-05-10 13:07:34,953 - INFO - Initializing model...
2025-05-10 13:07:35,071 - INFO - Fitting model...
2025-05-10 13:10:26,782 - INFO - Saved weights to /s/ls4/users/selibrin/spiking_researches/correlation_encoding_and_training/mnist/hpo/shifted_nn_symm_stdp_synapse/hpo_data/hpo_iteration_data/4339491/estimator_1_neuron_4_weights.npy
2025-05-10 13:10:26,782 - INFO - Evaluating model...
2025-05-10 13:12:40,471 - INFO - Saved validation outputs to /s/ls4/users/selibrin/spiking_researches/correlation_encoding_and_training/mnist/hpo/shifted_nn_symm_stdp_synapse/hpo_data/hpo_iteration_data/4339491/estimator_1_neuron_4_validation_outputs.npy
2025-05-10 13:12:40,471 - INFO - Waiting for parameters file: /s/ls4/users/selibrin/spiking_researches/correlation_encoding_and_training/mnist/hpo/shifted_nn_symm_stdp_synapse/hpo_data/hpo_iteration_data/4339491/params_1_4.pkl
2025-05-10 13:13:10,504 - INFO - Loaded HPO parameters
2025-05-10 13:13:10,504 - INFO - Preparing datasets...
2025-05-10 13:13:13,654 - INFO - Prepared datasets: 1153 train & 1000 validation samples
2025-05-10 13:13:13,654 - INFO - Initializing model...
2025-05-10 13:13:13,656 - INFO - Fitting model...
2025-05-10 13:16:10,254 - INFO - Saved weights to /s/ls4/users/selibrin/spiking_researches/correlation_encoding_and_training/mnist/hpo/shifted_nn_symm_stdp_synapse/hpo_data/hpo_iteration_data/4339491/estimator_1_neuron_4_weights.npy
2025-05-10 13:16:10,254 - INFO - Evaluating model...
2025-05-10 13:18:25,833 - INFO - Saved validation outputs to /s/ls4/users/selibrin/spiking_researches/correlation_encoding_and_training/mnist/hpo/shifted_nn_symm_stdp_synapse/hpo_data/hpo_iteration_data/4339491/estimator_1_neuron_4_validation_outputs.npy
2025-05-10 13:18:25,834 - INFO - Waiting for parameters file: /s/ls4/users/selibrin/spiking_researches/correlation_encoding_and_training/mnist/hpo/shifted_nn_symm_stdp_synapse/hpo_data/hpo_iteration_data/4339491/params_1_4.pkl
2025-05-10 13:18:45,861 - INFO - Loaded HPO parameters
2025-05-10 13:18:45,861 - INFO - Preparing datasets...
2025-05-10 13:18:49,013 - INFO - Prepared datasets: 1153 train & 1000 validation samples
2025-05-10 13:18:49,018 - INFO - Initializing model...
2025-05-10 13:18:49,020 - INFO - Fitting model...
2025-05-10 13:22:14,052 - INFO - Saved weights to /s/ls4/users/selibrin/spiking_researches/correlation_encoding_and_training/mnist/hpo/shifted_nn_symm_stdp_synapse/hpo_data/hpo_iteration_data/4339491/estimator_1_neuron_4_weights.npy
2025-05-10 13:22:14,052 - INFO - Evaluating model...
2025-05-10 13:24:30,314 - INFO - Saved validation outputs to /s/ls4/users/selibrin/spiking_researches/correlation_encoding_and_training/mnist/hpo/shifted_nn_symm_stdp_synapse/hpo_data/hpo_iteration_data/4339491/estimator_1_neuron_4_validation_outputs.npy
2025-05-10 13:24:30,314 - INFO - Waiting for parameters file: /s/ls4/users/selibrin/spiking_researches/correlation_encoding_and_training/mnist/hpo/shifted_nn_symm_stdp_synapse/hpo_data/hpo_iteration_data/4339491/params_1_4.pkl
2025-05-10 13:25:25,381 - INFO - Loaded HPO parameters
2025-05-10 13:25:25,381 - INFO - Preparing datasets...
2025-05-10 13:25:28,664 - INFO - Prepared datasets: 576 train & 1000 validation samples
2025-05-10 13:25:28,664 - INFO - Initializing model...
2025-05-10 13:25:28,666 - INFO - Fitting model...
2025-05-10 13:27:03,134 - INFO - Saved weights to /s/ls4/users/selibrin/spiking_researches/correlation_encoding_and_training/mnist/hpo/shifted_nn_symm_stdp_synapse/hpo_data/hpo_iteration_data/4339491/estimator_1_neuron_4_weights.npy
2025-05-10 13:27:03,135 - INFO - Evaluating model...
2025-05-10 13:29:20,297 - INFO - Saved validation outputs to /s/ls4/users/selibrin/spiking_researches/correlation_encoding_and_training/mnist/hpo/shifted_nn_symm_stdp_synapse/hpo_data/hpo_iteration_data/4339491/estimator_1_neuron_4_validation_outputs.npy
2025-05-10 13:29:20,297 - INFO - Waiting for parameters file: /s/ls4/users/selibrin/spiking_researches/correlation_encoding_and_training/mnist/hpo/shifted_nn_symm_stdp_synapse/hpo_data/hpo_iteration_data/4339491/params_1_4.pkl
2025-05-10 13:30:00,371 - INFO - Loaded HPO parameters
2025-05-10 13:30:00,371 - INFO - Preparing datasets...
2025-05-10 13:30:03,604 - INFO - Prepared datasets: 1153 train & 1000 validation samples
2025-05-10 13:30:03,605 - INFO - Initializing model...
2025-05-10 13:30:03,607 - INFO - Fitting model...
2025-05-10 13:34:00,976 - INFO - Saved weights to /s/ls4/users/selibrin/spiking_researches/correlation_encoding_and_training/mnist/hpo/shifted_nn_symm_stdp_synapse/hpo_data/hpo_iteration_data/4339491/estimator_1_neuron_4_weights.npy
2025-05-10 13:34:00,976 - INFO - Evaluating model...
2025-05-10 13:36:22,540 - INFO - Saved validation outputs to /s/ls4/users/selibrin/spiking_researches/correlation_encoding_and_training/mnist/hpo/shifted_nn_symm_stdp_synapse/hpo_data/hpo_iteration_data/4339491/estimator_1_neuron_4_validation_outputs.npy
2025-05-10 13:36:22,540 - INFO - Waiting for parameters file: /s/ls4/users/selibrin/spiking_researches/correlation_encoding_and_training/mnist/hpo/shifted_nn_symm_stdp_synapse/hpo_data/hpo_iteration_data/4339491/params_1_4.pkl
2025-05-10 13:37:07,591 - INFO - Loaded HPO parameters
2025-05-10 13:37:07,591 - INFO - Preparing datasets...
2025-05-10 13:37:10,865 - INFO - Prepared datasets: 288 train & 1000 validation samples
2025-05-10 13:37:10,865 - INFO - Initializing model...
2025-05-10 13:37:10,867 - INFO - Fitting model...
2025-05-10 13:38:03,502 - INFO - Saved weights to /s/ls4/users/selibrin/spiking_researches/correlation_encoding_and_training/mnist/hpo/shifted_nn_symm_stdp_synapse/hpo_data/hpo_iteration_data/4339491/estimator_1_neuron_4_weights.npy
2025-05-10 13:38:03,502 - INFO - Evaluating model...
2025-05-10 13:40:24,634 - INFO - Saved validation outputs to /s/ls4/users/selibrin/spiking_researches/correlation_encoding_and_training/mnist/hpo/shifted_nn_symm_stdp_synapse/hpo_data/hpo_iteration_data/4339491/estimator_1_neuron_4_validation_outputs.npy
2025-05-10 13:40:24,634 - INFO - Waiting for parameters file: /s/ls4/users/selibrin/spiking_researches/correlation_encoding_and_training/mnist/hpo/shifted_nn_symm_stdp_synapse/hpo_data/hpo_iteration_data/4339491/params_1_4.pkl
2025-05-10 13:40:44,662 - INFO - Loaded HPO parameters
2025-05-10 13:40:44,662 - INFO - Preparing datasets...
2025-05-10 13:40:47,797 - INFO - Prepared datasets: 1153 train & 1000 validation samples
2025-05-10 13:40:47,798 - INFO - Initializing model...
2025-05-10 13:40:47,800 - INFO - Fitting model...
2025-05-10 13:43:43,572 - INFO - Saved weights to /s/ls4/users/selibrin/spiking_researches/correlation_encoding_and_training/mnist/hpo/shifted_nn_symm_stdp_synapse/hpo_data/hpo_iteration_data/4339491/estimator_1_neuron_4_weights.npy
2025-05-10 13:43:43,572 - INFO - Evaluating model...
2025-05-10 13:46:01,275 - INFO - Saved validation outputs to /s/ls4/users/selibrin/spiking_researches/correlation_encoding_and_training/mnist/hpo/shifted_nn_symm_stdp_synapse/hpo_data/hpo_iteration_data/4339491/estimator_1_neuron_4_validation_outputs.npy
2025-05-10 13:46:01,276 - INFO - Waiting for parameters file: /s/ls4/users/selibrin/spiking_researches/correlation_encoding_and_training/mnist/hpo/shifted_nn_symm_stdp_synapse/hpo_data/hpo_iteration_data/4339491/params_1_4.pkl
2025-05-10 13:46:21,304 - INFO - Loaded HPO parameters
2025-05-10 13:46:21,304 - INFO - Preparing datasets...
2025-05-10 13:46:24,451 - INFO - Prepared datasets: 1153 train & 1000 validation samples
2025-05-10 13:46:24,451 - INFO - Initializing model...
2025-05-10 13:46:24,454 - INFO - Fitting model...
2025-05-10 13:49:57,303 - INFO - Saved weights to /s/ls4/users/selibrin/spiking_researches/correlation_encoding_and_training/mnist/hpo/shifted_nn_symm_stdp_synapse/hpo_data/hpo_iteration_data/4339491/estimator_1_neuron_4_weights.npy
2025-05-10 13:49:57,303 - INFO - Evaluating model...
2025-05-10 13:52:18,453 - INFO - Saved validation outputs to /s/ls4/users/selibrin/spiking_researches/correlation_encoding_and_training/mnist/hpo/shifted_nn_symm_stdp_synapse/hpo_data/hpo_iteration_data/4339491/estimator_1_neuron_4_validation_outputs.npy
2025-05-10 13:52:18,453 - INFO - Waiting for parameters file: /s/ls4/users/selibrin/spiking_researches/correlation_encoding_and_training/mnist/hpo/shifted_nn_symm_stdp_synapse/hpo_data/hpo_iteration_data/4339491/params_1_4.pkl
2025-05-10 13:52:58,499 - INFO - Loaded HPO parameters
2025-05-10 13:52:58,500 - INFO - Preparing datasets...
2025-05-10 13:53:01,709 - INFO - Prepared datasets: 1153 train & 1000 validation samples
2025-05-10 13:53:01,710 - INFO - Initializing model...
2025-05-10 13:53:01,712 - INFO - Fitting model...
2025-05-10 13:56:04,118 - INFO - Saved weights to /s/ls4/users/selibrin/spiking_researches/correlation_encoding_and_training/mnist/hpo/shifted_nn_symm_stdp_synapse/hpo_data/hpo_iteration_data/4339491/estimator_1_neuron_4_weights.npy
2025-05-10 13:56:04,119 - INFO - Evaluating model...
2025-05-10 13:58:18,495 - INFO - Saved validation outputs to /s/ls4/users/selibrin/spiking_researches/correlation_encoding_and_training/mnist/hpo/shifted_nn_symm_stdp_synapse/hpo_data/hpo_iteration_data/4339491/estimator_1_neuron_4_validation_outputs.npy
2025-05-10 13:58:18,496 - INFO - Waiting for parameters file: /s/ls4/users/selibrin/spiking_researches/correlation_encoding_and_training/mnist/hpo/shifted_nn_symm_stdp_synapse/hpo_data/hpo_iteration_data/4339491/params_1_4.pkl
2025-05-10 13:59:03,548 - INFO - Loaded HPO parameters
2025-05-10 13:59:03,548 - INFO - Preparing datasets...
2025-05-10 13:59:06,692 - INFO - Prepared datasets: 576 train & 1000 validation samples
2025-05-10 13:59:06,692 - INFO - Initializing model...
2025-05-10 13:59:06,694 - INFO - Fitting model...
2025-05-10 14:00:30,562 - INFO - Saved weights to /s/ls4/users/selibrin/spiking_researches/correlation_encoding_and_training/mnist/hpo/shifted_nn_symm_stdp_synapse/hpo_data/hpo_iteration_data/4339491/estimator_1_neuron_4_weights.npy
2025-05-10 14:00:30,562 - INFO - Evaluating model...
2025-05-10 14:02:41,160 - INFO - Saved validation outputs to /s/ls4/users/selibrin/spiking_researches/correlation_encoding_and_training/mnist/hpo/shifted_nn_symm_stdp_synapse/hpo_data/hpo_iteration_data/4339491/estimator_1_neuron_4_validation_outputs.npy
2025-05-10 14:02:41,160 - INFO - Waiting for parameters file: /s/ls4/users/selibrin/spiking_researches/correlation_encoding_and_training/mnist/hpo/shifted_nn_symm_stdp_synapse/hpo_data/hpo_iteration_data/4339491/params_1_4.pkl
2025-05-10 14:03:11,198 - INFO - Loaded HPO parameters
2025-05-10 14:03:11,198 - INFO - Preparing datasets...
2025-05-10 14:03:14,326 - INFO - Prepared datasets: 1153 train & 1000 validation samples
2025-05-10 14:03:14,327 - INFO - Initializing model...
2025-05-10 14:03:14,329 - INFO - Fitting model...
2025-05-10 14:06:41,308 - INFO - Saved weights to /s/ls4/users/selibrin/spiking_researches/correlation_encoding_and_training/mnist/hpo/shifted_nn_symm_stdp_synapse/hpo_data/hpo_iteration_data/4339491/estimator_1_neuron_4_weights.npy
2025-05-10 14:06:41,308 - INFO - Evaluating model...
2025-05-10 14:08:58,092 - INFO - Saved validation outputs to /s/ls4/users/selibrin/spiking_researches/correlation_encoding_and_training/mnist/hpo/shifted_nn_symm_stdp_synapse/hpo_data/hpo_iteration_data/4339491/estimator_1_neuron_4_validation_outputs.npy
2025-05-10 14:08:58,092 - INFO - Waiting for parameters file: /s/ls4/users/selibrin/spiking_researches/correlation_encoding_and_training/mnist/hpo/shifted_nn_symm_stdp_synapse/hpo_data/hpo_iteration_data/4339491/params_1_4.pkl
2025-05-10 14:09:48,151 - INFO - Loaded HPO parameters
2025-05-10 14:09:48,152 - INFO - Preparing datasets...
2025-05-10 14:09:51,364 - INFO - Prepared datasets: 288 train & 1000 validation samples
2025-05-10 14:09:51,364 - INFO - Initializing model...
2025-05-10 14:09:51,367 - INFO - Fitting model...
2025-05-10 14:10:39,819 - INFO - Saved weights to /s/ls4/users/selibrin/spiking_researches/correlation_encoding_and_training/mnist/hpo/shifted_nn_symm_stdp_synapse/hpo_data/hpo_iteration_data/4339491/estimator_1_neuron_4_weights.npy
2025-05-10 14:10:39,820 - INFO - Evaluating model...
2025-05-10 14:12:56,785 - INFO - Saved validation outputs to /s/ls4/users/selibrin/spiking_researches/correlation_encoding_and_training/mnist/hpo/shifted_nn_symm_stdp_synapse/hpo_data/hpo_iteration_data/4339491/estimator_1_neuron_4_validation_outputs.npy
2025-05-10 14:12:56,786 - INFO - Waiting for parameters file: /s/ls4/users/selibrin/spiking_researches/correlation_encoding_and_training/mnist/hpo/shifted_nn_symm_stdp_synapse/hpo_data/hpo_iteration_data/4339491/params_1_4.pkl
2025-05-10 14:13:26,822 - INFO - Loaded HPO parameters
2025-05-10 14:13:26,823 - INFO - Preparing datasets...
2025-05-10 14:13:29,967 - INFO - Prepared datasets: 1153 train & 1000 validation samples
2025-05-10 14:13:29,968 - INFO - Initializing model...
2025-05-10 14:13:29,970 - INFO - Fitting model...
2025-05-10 14:16:36,417 - INFO - Saved weights to /s/ls4/users/selibrin/spiking_researches/correlation_encoding_and_training/mnist/hpo/shifted_nn_symm_stdp_synapse/hpo_data/hpo_iteration_data/4339491/estimator_1_neuron_4_weights.npy
2025-05-10 14:16:36,417 - INFO - Evaluating model...
2025-05-10 14:18:51,066 - INFO - Saved validation outputs to /s/ls4/users/selibrin/spiking_researches/correlation_encoding_and_training/mnist/hpo/shifted_nn_symm_stdp_synapse/hpo_data/hpo_iteration_data/4339491/estimator_1_neuron_4_validation_outputs.npy
2025-05-10 14:18:51,066 - INFO - Waiting for parameters file: /s/ls4/users/selibrin/spiking_researches/correlation_encoding_and_training/mnist/hpo/shifted_nn_symm_stdp_synapse/hpo_data/hpo_iteration_data/4339491/params_1_4.pkl
2025-05-10 14:19:31,113 - INFO - Loaded HPO parameters
2025-05-10 14:19:31,113 - INFO - Preparing datasets...
2025-05-10 14:19:34,323 - INFO - Prepared datasets: 1153 train & 1000 validation samples
2025-05-10 14:19:34,324 - INFO - Initializing model...
2025-05-10 14:19:34,326 - INFO - Fitting model...
2025-05-10 14:22:32,021 - INFO - Saved weights to /s/ls4/users/selibrin/spiking_researches/correlation_encoding_and_training/mnist/hpo/shifted_nn_symm_stdp_synapse/hpo_data/hpo_iteration_data/4339491/estimator_1_neuron_4_weights.npy
2025-05-10 14:22:32,021 - INFO - Evaluating model...
2025-05-10 14:24:47,303 - INFO - Saved validation outputs to /s/ls4/users/selibrin/spiking_researches/correlation_encoding_and_training/mnist/hpo/shifted_nn_symm_stdp_synapse/hpo_data/hpo_iteration_data/4339491/estimator_1_neuron_4_validation_outputs.npy
2025-05-10 14:24:47,303 - INFO - Waiting for parameters file: /s/ls4/users/selibrin/spiking_researches/correlation_encoding_and_training/mnist/hpo/shifted_nn_symm_stdp_synapse/hpo_data/hpo_iteration_data/4339491/params_1_4.pkl
2025-05-10 14:25:07,330 - INFO - Loaded HPO parameters
2025-05-10 14:25:07,330 - INFO - Preparing datasets...
2025-05-10 14:25:10,444 - INFO - Prepared datasets: 1153 train & 1000 validation samples
2025-05-10 14:25:10,445 - INFO - Initializing model...
2025-05-10 14:25:10,447 - INFO - Fitting model...
2025-05-10 14:28:35,840 - INFO - Saved weights to /s/ls4/users/selibrin/spiking_researches/correlation_encoding_and_training/mnist/hpo/shifted_nn_symm_stdp_synapse/hpo_data/hpo_iteration_data/4339491/estimator_1_neuron_4_weights.npy
2025-05-10 14:28:35,840 - INFO - Evaluating model...
2025-05-10 14:30:52,599 - INFO - Saved validation outputs to /s/ls4/users/selibrin/spiking_researches/correlation_encoding_and_training/mnist/hpo/shifted_nn_symm_stdp_synapse/hpo_data/hpo_iteration_data/4339491/estimator_1_neuron_4_validation_outputs.npy
2025-05-10 14:30:52,599 - INFO - Waiting for parameters file: /s/ls4/users/selibrin/spiking_researches/correlation_encoding_and_training/mnist/hpo/shifted_nn_symm_stdp_synapse/hpo_data/hpo_iteration_data/4339491/params_1_4.pkl
2025-05-10 14:31:42,657 - INFO - Loaded HPO parameters
2025-05-10 14:31:42,658 - INFO - Preparing datasets...
2025-05-10 14:31:45,776 - INFO - Prepared datasets: 1153 train & 1000 validation samples
2025-05-10 14:31:45,777 - INFO - Initializing model...
2025-05-10 14:31:45,779 - INFO - Fitting model...
2025-05-10 14:35:11,882 - INFO - Saved weights to /s/ls4/users/selibrin/spiking_researches/correlation_encoding_and_training/mnist/hpo/shifted_nn_symm_stdp_synapse/hpo_data/hpo_iteration_data/4339491/estimator_1_neuron_4_weights.npy
2025-05-10 14:35:11,882 - INFO - Evaluating model...
2025-05-10 14:37:28,513 - INFO - Saved validation outputs to /s/ls4/users/selibrin/spiking_researches/correlation_encoding_and_training/mnist/hpo/shifted_nn_symm_stdp_synapse/hpo_data/hpo_iteration_data/4339491/estimator_1_neuron_4_validation_outputs.npy
2025-05-10 14:37:28,513 - INFO - Waiting for parameters file: /s/ls4/users/selibrin/spiking_researches/correlation_encoding_and_training/mnist/hpo/shifted_nn_symm_stdp_synapse/hpo_data/hpo_iteration_data/4339491/params_1_4.pkl
2025-05-10 14:38:18,571 - INFO - Loaded HPO parameters
2025-05-10 14:38:18,571 - INFO - Preparing datasets...
2025-05-10 14:38:21,671 - INFO - Prepared datasets: 1153 train & 1000 validation samples
2025-05-10 14:38:21,672 - INFO - Initializing model...
2025-05-10 14:38:21,674 - INFO - Fitting model...
2025-05-10 14:41:47,801 - INFO - Saved weights to /s/ls4/users/selibrin/spiking_researches/correlation_encoding_and_training/mnist/hpo/shifted_nn_symm_stdp_synapse/hpo_data/hpo_iteration_data/4339491/estimator_1_neuron_4_weights.npy
2025-05-10 14:41:47,801 - INFO - Evaluating model...
2025-05-10 14:44:04,787 - INFO - Saved validation outputs to /s/ls4/users/selibrin/spiking_researches/correlation_encoding_and_training/mnist/hpo/shifted_nn_symm_stdp_synapse/hpo_data/hpo_iteration_data/4339491/estimator_1_neuron_4_validation_outputs.npy
2025-05-10 14:44:04,788 - INFO - Waiting for parameters file: /s/ls4/users/selibrin/spiking_researches/correlation_encoding_and_training/mnist/hpo/shifted_nn_symm_stdp_synapse/hpo_data/hpo_iteration_data/4339491/params_1_4.pkl
2025-05-10 14:44:54,846 - INFO - Loaded HPO parameters
2025-05-10 14:44:54,847 - INFO - Preparing datasets...
2025-05-10 14:44:58,013 - INFO - Prepared datasets: 1153 train & 1000 validation samples
2025-05-10 14:44:58,013 - INFO - Initializing model...
2025-05-10 14:44:58,015 - INFO - Fitting model...
2025-05-10 14:48:24,037 - INFO - Saved weights to /s/ls4/users/selibrin/spiking_researches/correlation_encoding_and_training/mnist/hpo/shifted_nn_symm_stdp_synapse/hpo_data/hpo_iteration_data/4339491/estimator_1_neuron_4_weights.npy
2025-05-10 14:48:24,037 - INFO - Evaluating model...
2025-05-10 14:50:41,456 - INFO - Saved validation outputs to /s/ls4/users/selibrin/spiking_researches/correlation_encoding_and_training/mnist/hpo/shifted_nn_symm_stdp_synapse/hpo_data/hpo_iteration_data/4339491/estimator_1_neuron_4_validation_outputs.npy
2025-05-10 14:50:41,457 - INFO - Waiting for parameters file: /s/ls4/users/selibrin/spiking_researches/correlation_encoding_and_training/mnist/hpo/shifted_nn_symm_stdp_synapse/hpo_data/hpo_iteration_data/4339491/params_1_4.pkl
2025-05-10 14:51:31,552 - INFO - Loaded HPO parameters
2025-05-10 14:51:31,552 - INFO - Preparing datasets...
2025-05-10 14:51:34,737 - INFO - Prepared datasets: 1153 train & 1000 validation samples
2025-05-10 14:51:34,738 - INFO - Initializing model...
2025-05-10 14:51:34,740 - INFO - Fitting model...
2025-05-10 14:55:05,129 - INFO - Saved weights to /s/ls4/users/selibrin/spiking_researches/correlation_encoding_and_training/mnist/hpo/shifted_nn_symm_stdp_synapse/hpo_data/hpo_iteration_data/4339491/estimator_1_neuron_4_weights.npy
2025-05-10 14:55:05,129 - INFO - Evaluating model...
2025-05-10 14:57:27,460 - INFO - Saved validation outputs to /s/ls4/users/selibrin/spiking_researches/correlation_encoding_and_training/mnist/hpo/shifted_nn_symm_stdp_synapse/hpo_data/hpo_iteration_data/4339491/estimator_1_neuron_4_validation_outputs.npy
2025-05-10 14:57:27,461 - INFO - Waiting for parameters file: /s/ls4/users/selibrin/spiking_researches/correlation_encoding_and_training/mnist/hpo/shifted_nn_symm_stdp_synapse/hpo_data/hpo_iteration_data/4339491/params_1_4.pkl
2025-05-10 14:58:07,509 - INFO - Loaded HPO parameters
2025-05-10 14:58:07,509 - INFO - Preparing datasets...
2025-05-10 14:58:10,710 - INFO - Prepared datasets: 1153 train & 1000 validation samples
2025-05-10 14:58:10,710 - INFO - Initializing model...
2025-05-10 14:58:10,712 - INFO - Fitting model...
2025-05-10 15:01:40,759 - INFO - Saved weights to /s/ls4/users/selibrin/spiking_researches/correlation_encoding_and_training/mnist/hpo/shifted_nn_symm_stdp_synapse/hpo_data/hpo_iteration_data/4339491/estimator_1_neuron_4_weights.npy
2025-05-10 15:01:40,759 - INFO - Evaluating model...
2025-05-10 15:04:01,656 - INFO - Saved validation outputs to /s/ls4/users/selibrin/spiking_researches/correlation_encoding_and_training/mnist/hpo/shifted_nn_symm_stdp_synapse/hpo_data/hpo_iteration_data/4339491/estimator_1_neuron_4_validation_outputs.npy
2025-05-10 15:04:01,656 - INFO - Waiting for parameters file: /s/ls4/users/selibrin/spiking_researches/correlation_encoding_and_training/mnist/hpo/shifted_nn_symm_stdp_synapse/hpo_data/hpo_iteration_data/4339491/params_1_4.pkl
2025-05-10 15:04:46,709 - INFO - Loaded HPO parameters
2025-05-10 15:04:46,709 - INFO - Preparing datasets...
2025-05-10 15:04:49,884 - INFO - Prepared datasets: 1153 train & 1000 validation samples
2025-05-10 15:04:49,885 - INFO - Initializing model...
2025-05-10 15:04:49,887 - INFO - Fitting model...
2025-05-10 15:08:22,134 - INFO - Saved weights to /s/ls4/users/selibrin/spiking_researches/correlation_encoding_and_training/mnist/hpo/shifted_nn_symm_stdp_synapse/hpo_data/hpo_iteration_data/4339491/estimator_1_neuron_4_weights.npy
2025-05-10 15:08:22,134 - INFO - Evaluating model...
2025-05-10 15:10:42,398 - INFO - Saved validation outputs to /s/ls4/users/selibrin/spiking_researches/correlation_encoding_and_training/mnist/hpo/shifted_nn_symm_stdp_synapse/hpo_data/hpo_iteration_data/4339491/estimator_1_neuron_4_validation_outputs.npy
2025-05-10 15:10:42,399 - INFO - Waiting for parameters file: /s/ls4/users/selibrin/spiking_researches/correlation_encoding_and_training/mnist/hpo/shifted_nn_symm_stdp_synapse/hpo_data/hpo_iteration_data/4339491/params_1_4.pkl
2025-05-10 15:11:22,448 - INFO - Loaded HPO parameters
2025-05-10 15:11:22,448 - INFO - Preparing datasets...
2025-05-10 15:11:25,607 - INFO - Prepared datasets: 1153 train & 1000 validation samples
2025-05-10 15:11:25,607 - INFO - Initializing model...
2025-05-10 15:11:25,609 - INFO - Fitting model...
