2025-05-09 20:08:40,461 - INFO - Initialized Neuron trainer
2025-05-09 20:08:40,462 - INFO - Waiting for parameters file: /s/ls4/users/selibrin/spiking_researches/correlation_encoding_and_training/mnist/hpo/shifted_nn_symm_stdp_synapse/hpo_data/hpo_iteration_data/4339491/params_1_6.pkl
2025-05-09 20:08:40,466 - INFO - Loaded HPO parameters
2025-05-09 20:08:40,466 - INFO - Preparing datasets...
2025-05-09 20:08:45,978 - INFO - Prepared datasets: 291 train & 1000 validation samples
2025-05-09 20:08:45,979 - INFO - Initializing model...
2025-05-09 20:08:45,984 - INFO - Fitting model...
2025-05-09 20:09:59,694 - INFO - Saved weights to /s/ls4/users/selibrin/spiking_researches/correlation_encoding_and_training/mnist/hpo/shifted_nn_symm_stdp_synapse/hpo_data/hpo_iteration_data/4339491/estimator_1_neuron_6_weights.npy
2025-05-09 20:09:59,694 - INFO - Evaluating model...
2025-05-09 20:13:40,447 - INFO - Saved validation outputs to /s/ls4/users/selibrin/spiking_researches/correlation_encoding_and_training/mnist/hpo/shifted_nn_symm_stdp_synapse/hpo_data/hpo_iteration_data/4339491/estimator_1_neuron_6_validation_outputs.npy
2025-05-09 20:13:40,447 - INFO - Waiting for parameters file: /s/ls4/users/selibrin/spiking_researches/correlation_encoding_and_training/mnist/hpo/shifted_nn_symm_stdp_synapse/hpo_data/hpo_iteration_data/4339491/params_1_6.pkl
2025-05-09 20:14:05,477 - INFO - Loaded HPO parameters
2025-05-09 20:14:05,477 - INFO - Preparing datasets...
2025-05-09 20:14:10,768 - INFO - Prepared datasets: 1164 train & 1000 validation samples
2025-05-09 20:14:10,768 - INFO - Initializing model...
2025-05-09 20:14:10,771 - INFO - Fitting model...
2025-05-09 20:18:53,435 - INFO - Saved weights to /s/ls4/users/selibrin/spiking_researches/correlation_encoding_and_training/mnist/hpo/shifted_nn_symm_stdp_synapse/hpo_data/hpo_iteration_data/4339491/estimator_1_neuron_6_weights.npy
2025-05-09 20:18:53,436 - INFO - Evaluating model...
2025-05-09 20:22:29,296 - INFO - Saved validation outputs to /s/ls4/users/selibrin/spiking_researches/correlation_encoding_and_training/mnist/hpo/shifted_nn_symm_stdp_synapse/hpo_data/hpo_iteration_data/4339491/estimator_1_neuron_6_validation_outputs.npy
2025-05-09 20:22:29,296 - INFO - Waiting for parameters file: /s/ls4/users/selibrin/spiking_researches/correlation_encoding_and_training/mnist/hpo/shifted_nn_symm_stdp_synapse/hpo_data/hpo_iteration_data/4339491/params_1_6.pkl
2025-05-09 20:22:39,314 - INFO - Loaded HPO parameters
2025-05-09 20:22:39,314 - INFO - Preparing datasets...
2025-05-09 20:22:44,234 - INFO - Prepared datasets: 582 train & 1000 validation samples
2025-05-09 20:22:44,234 - INFO - Initializing model...
2025-05-09 20:22:44,238 - INFO - Fitting model...
2025-05-09 20:25:21,055 - INFO - Saved weights to /s/ls4/users/selibrin/spiking_researches/correlation_encoding_and_training/mnist/hpo/shifted_nn_symm_stdp_synapse/hpo_data/hpo_iteration_data/4339491/estimator_1_neuron_6_weights.npy
2025-05-09 20:25:21,055 - INFO - Evaluating model...
2025-05-09 20:29:08,711 - INFO - Saved validation outputs to /s/ls4/users/selibrin/spiking_researches/correlation_encoding_and_training/mnist/hpo/shifted_nn_symm_stdp_synapse/hpo_data/hpo_iteration_data/4339491/estimator_1_neuron_6_validation_outputs.npy
2025-05-09 20:29:08,711 - INFO - Waiting for parameters file: /s/ls4/users/selibrin/spiking_researches/correlation_encoding_and_training/mnist/hpo/shifted_nn_symm_stdp_synapse/hpo_data/hpo_iteration_data/4339491/params_1_6.pkl
2025-05-09 20:29:43,753 - INFO - Loaded HPO parameters
2025-05-09 20:29:43,754 - INFO - Preparing datasets...
2025-05-09 20:29:48,819 - INFO - Prepared datasets: 582 train & 1000 validation samples
2025-05-09 20:29:48,819 - INFO - Initializing model...
2025-05-09 20:29:48,823 - INFO - Fitting model...
2025-05-09 20:32:11,104 - INFO - Saved weights to /s/ls4/users/selibrin/spiking_researches/correlation_encoding_and_training/mnist/hpo/shifted_nn_symm_stdp_synapse/hpo_data/hpo_iteration_data/4339491/estimator_1_neuron_6_weights.npy
2025-05-09 20:32:11,104 - INFO - Evaluating model...
2025-05-09 20:35:49,800 - INFO - Saved validation outputs to /s/ls4/users/selibrin/spiking_researches/correlation_encoding_and_training/mnist/hpo/shifted_nn_symm_stdp_synapse/hpo_data/hpo_iteration_data/4339491/estimator_1_neuron_6_validation_outputs.npy
2025-05-09 20:35:49,800 - INFO - Waiting for parameters file: /s/ls4/users/selibrin/spiking_researches/correlation_encoding_and_training/mnist/hpo/shifted_nn_symm_stdp_synapse/hpo_data/hpo_iteration_data/4339491/params_1_6.pkl
2025-05-09 20:36:19,839 - INFO - Loaded HPO parameters
2025-05-09 20:36:19,839 - INFO - Preparing datasets...
2025-05-09 20:36:25,084 - INFO - Prepared datasets: 291 train & 1000 validation samples
2025-05-09 20:36:25,084 - INFO - Initializing model...
2025-05-09 20:36:25,087 - INFO - Fitting model...
2025-05-09 20:37:39,928 - INFO - Saved weights to /s/ls4/users/selibrin/spiking_researches/correlation_encoding_and_training/mnist/hpo/shifted_nn_symm_stdp_synapse/hpo_data/hpo_iteration_data/4339491/estimator_1_neuron_6_weights.npy
2025-05-09 20:37:39,928 - INFO - Evaluating model...
2025-05-09 20:41:25,390 - INFO - Saved validation outputs to /s/ls4/users/selibrin/spiking_researches/correlation_encoding_and_training/mnist/hpo/shifted_nn_symm_stdp_synapse/hpo_data/hpo_iteration_data/4339491/estimator_1_neuron_6_validation_outputs.npy
2025-05-09 20:41:25,390 - INFO - Waiting for parameters file: /s/ls4/users/selibrin/spiking_researches/correlation_encoding_and_training/mnist/hpo/shifted_nn_symm_stdp_synapse/hpo_data/hpo_iteration_data/4339491/params_1_6.pkl
2025-05-09 20:41:55,427 - INFO - Loaded HPO parameters
2025-05-09 20:41:55,428 - INFO - Preparing datasets...
2025-05-09 20:42:00,738 - INFO - Prepared datasets: 582 train & 1000 validation samples
2025-05-09 20:42:00,738 - INFO - Initializing model...
2025-05-09 20:42:00,742 - INFO - Fitting model...
2025-05-09 20:44:23,276 - INFO - Saved weights to /s/ls4/users/selibrin/spiking_researches/correlation_encoding_and_training/mnist/hpo/shifted_nn_symm_stdp_synapse/hpo_data/hpo_iteration_data/4339491/estimator_1_neuron_6_weights.npy
2025-05-09 20:44:23,277 - INFO - Evaluating model...
2025-05-09 20:48:02,045 - INFO - Saved validation outputs to /s/ls4/users/selibrin/spiking_researches/correlation_encoding_and_training/mnist/hpo/shifted_nn_symm_stdp_synapse/hpo_data/hpo_iteration_data/4339491/estimator_1_neuron_6_validation_outputs.npy
2025-05-09 20:48:02,045 - INFO - Waiting for parameters file: /s/ls4/users/selibrin/spiking_researches/correlation_encoding_and_training/mnist/hpo/shifted_nn_symm_stdp_synapse/hpo_data/hpo_iteration_data/4339491/params_1_6.pkl
2025-05-09 20:48:32,099 - INFO - Loaded HPO parameters
2025-05-09 20:48:32,100 - INFO - Preparing datasets...
2025-05-09 20:48:37,060 - INFO - Prepared datasets: 582 train & 1000 validation samples
2025-05-09 20:48:37,060 - INFO - Initializing model...
2025-05-09 20:48:37,064 - INFO - Fitting model...
2025-05-09 20:51:01,974 - INFO - Saved weights to /s/ls4/users/selibrin/spiking_researches/correlation_encoding_and_training/mnist/hpo/shifted_nn_symm_stdp_synapse/hpo_data/hpo_iteration_data/4339491/estimator_1_neuron_6_weights.npy
2025-05-09 20:51:01,974 - INFO - Evaluating model...
2025-05-09 20:54:42,242 - INFO - Saved validation outputs to /s/ls4/users/selibrin/spiking_researches/correlation_encoding_and_training/mnist/hpo/shifted_nn_symm_stdp_synapse/hpo_data/hpo_iteration_data/4339491/estimator_1_neuron_6_validation_outputs.npy
2025-05-09 20:54:42,242 - INFO - Waiting for parameters file: /s/ls4/users/selibrin/spiking_researches/correlation_encoding_and_training/mnist/hpo/shifted_nn_symm_stdp_synapse/hpo_data/hpo_iteration_data/4339491/params_1_6.pkl
2025-05-09 20:55:07,276 - INFO - Loaded HPO parameters
2025-05-09 20:55:07,276 - INFO - Preparing datasets...
2025-05-09 20:55:12,692 - INFO - Prepared datasets: 1164 train & 1000 validation samples
2025-05-09 20:55:12,692 - INFO - Initializing model...
2025-05-09 20:55:12,696 - INFO - Fitting model...
2025-05-09 21:00:00,351 - INFO - Saved weights to /s/ls4/users/selibrin/spiking_researches/correlation_encoding_and_training/mnist/hpo/shifted_nn_symm_stdp_synapse/hpo_data/hpo_iteration_data/4339491/estimator_1_neuron_6_weights.npy
2025-05-09 21:00:00,351 - INFO - Evaluating model...
2025-05-09 21:03:42,492 - INFO - Saved validation outputs to /s/ls4/users/selibrin/spiking_researches/correlation_encoding_and_training/mnist/hpo/shifted_nn_symm_stdp_synapse/hpo_data/hpo_iteration_data/4339491/estimator_1_neuron_6_validation_outputs.npy
2025-05-09 21:03:42,492 - INFO - Waiting for parameters file: /s/ls4/users/selibrin/spiking_researches/correlation_encoding_and_training/mnist/hpo/shifted_nn_symm_stdp_synapse/hpo_data/hpo_iteration_data/4339491/params_1_6.pkl
2025-05-09 21:04:17,535 - INFO - Loaded HPO parameters
2025-05-09 21:04:17,535 - INFO - Preparing datasets...
2025-05-09 21:04:22,543 - INFO - Prepared datasets: 1164 train & 1000 validation samples
2025-05-09 21:04:22,544 - INFO - Initializing model...
2025-05-09 21:04:22,547 - INFO - Fitting model...
2025-05-09 21:10:07,132 - INFO - Saved weights to /s/ls4/users/selibrin/spiking_researches/correlation_encoding_and_training/mnist/hpo/shifted_nn_symm_stdp_synapse/hpo_data/hpo_iteration_data/4339491/estimator_1_neuron_6_weights.npy
2025-05-09 21:10:07,132 - INFO - Evaluating model...
2025-05-09 21:13:51,288 - INFO - Saved validation outputs to /s/ls4/users/selibrin/spiking_researches/correlation_encoding_and_training/mnist/hpo/shifted_nn_symm_stdp_synapse/hpo_data/hpo_iteration_data/4339491/estimator_1_neuron_6_validation_outputs.npy
2025-05-09 21:13:51,288 - INFO - Waiting for parameters file: /s/ls4/users/selibrin/spiking_researches/correlation_encoding_and_training/mnist/hpo/shifted_nn_symm_stdp_synapse/hpo_data/hpo_iteration_data/4339491/params_1_6.pkl
2025-05-09 21:14:21,322 - INFO - Loaded HPO parameters
2025-05-09 21:14:21,322 - INFO - Preparing datasets...
2025-05-09 21:14:26,667 - INFO - Prepared datasets: 1164 train & 1000 validation samples
2025-05-09 21:14:26,667 - INFO - Initializing model...
2025-05-09 21:14:26,672 - INFO - Fitting model...
2025-05-09 21:19:11,921 - INFO - Saved weights to /s/ls4/users/selibrin/spiking_researches/correlation_encoding_and_training/mnist/hpo/shifted_nn_symm_stdp_synapse/hpo_data/hpo_iteration_data/4339491/estimator_1_neuron_6_weights.npy
2025-05-09 21:19:11,922 - INFO - Evaluating model...
2025-05-09 21:22:42,787 - INFO - Saved validation outputs to /s/ls4/users/selibrin/spiking_researches/correlation_encoding_and_training/mnist/hpo/shifted_nn_symm_stdp_synapse/hpo_data/hpo_iteration_data/4339491/estimator_1_neuron_6_validation_outputs.npy
2025-05-09 21:22:42,787 - INFO - Waiting for parameters file: /s/ls4/users/selibrin/spiking_researches/correlation_encoding_and_training/mnist/hpo/shifted_nn_symm_stdp_synapse/hpo_data/hpo_iteration_data/4339491/params_1_6.pkl
2025-05-09 21:22:52,802 - INFO - Loaded HPO parameters
2025-05-09 21:22:52,803 - INFO - Preparing datasets...
2025-05-09 21:22:58,015 - INFO - Prepared datasets: 1164 train & 1000 validation samples
2025-05-09 21:22:58,015 - INFO - Initializing model...
2025-05-09 21:22:58,019 - INFO - Fitting model...
2025-05-09 21:27:38,773 - INFO - Saved weights to /s/ls4/users/selibrin/spiking_researches/correlation_encoding_and_training/mnist/hpo/shifted_nn_symm_stdp_synapse/hpo_data/hpo_iteration_data/4339491/estimator_1_neuron_6_weights.npy
2025-05-09 21:27:38,773 - INFO - Evaluating model...
2025-05-09 21:31:14,825 - INFO - Saved validation outputs to /s/ls4/users/selibrin/spiking_researches/correlation_encoding_and_training/mnist/hpo/shifted_nn_symm_stdp_synapse/hpo_data/hpo_iteration_data/4339491/estimator_1_neuron_6_validation_outputs.npy
2025-05-09 21:31:14,826 - INFO - Waiting for parameters file: /s/ls4/users/selibrin/spiking_researches/correlation_encoding_and_training/mnist/hpo/shifted_nn_symm_stdp_synapse/hpo_data/hpo_iteration_data/4339491/params_1_6.pkl
2025-05-09 21:31:24,841 - INFO - Loaded HPO parameters
2025-05-09 21:31:24,841 - INFO - Preparing datasets...
2025-05-09 21:31:30,084 - INFO - Prepared datasets: 291 train & 1000 validation samples
2025-05-09 21:31:30,084 - INFO - Initializing model...
2025-05-09 21:31:30,091 - INFO - Fitting model...
2025-05-09 21:33:04,002 - INFO - Saved weights to /s/ls4/users/selibrin/spiking_researches/correlation_encoding_and_training/mnist/hpo/shifted_nn_symm_stdp_synapse/hpo_data/hpo_iteration_data/4339491/estimator_1_neuron_6_weights.npy
2025-05-09 21:33:04,002 - INFO - Evaluating model...
2025-05-09 21:36:56,136 - INFO - Saved validation outputs to /s/ls4/users/selibrin/spiking_researches/correlation_encoding_and_training/mnist/hpo/shifted_nn_symm_stdp_synapse/hpo_data/hpo_iteration_data/4339491/estimator_1_neuron_6_validation_outputs.npy
2025-05-09 21:36:56,136 - INFO - Waiting for parameters file: /s/ls4/users/selibrin/spiking_researches/correlation_encoding_and_training/mnist/hpo/shifted_nn_symm_stdp_synapse/hpo_data/hpo_iteration_data/4339491/params_1_6.pkl
2025-05-09 21:37:31,181 - INFO - Loaded HPO parameters
2025-05-09 21:37:31,181 - INFO - Preparing datasets...
2025-05-09 21:37:36,378 - INFO - Prepared datasets: 1164 train & 1000 validation samples
2025-05-09 21:37:36,378 - INFO - Initializing model...
2025-05-09 21:37:36,382 - INFO - Fitting model...
2025-05-09 21:43:58,583 - INFO - Saved weights to /s/ls4/users/selibrin/spiking_researches/correlation_encoding_and_training/mnist/hpo/shifted_nn_symm_stdp_synapse/hpo_data/hpo_iteration_data/4339491/estimator_1_neuron_6_weights.npy
2025-05-09 21:43:58,584 - INFO - Evaluating model...
2025-05-09 21:47:52,032 - INFO - Saved validation outputs to /s/ls4/users/selibrin/spiking_researches/correlation_encoding_and_training/mnist/hpo/shifted_nn_symm_stdp_synapse/hpo_data/hpo_iteration_data/4339491/estimator_1_neuron_6_validation_outputs.npy
2025-05-09 21:47:52,033 - INFO - Waiting for parameters file: /s/ls4/users/selibrin/spiking_researches/correlation_encoding_and_training/mnist/hpo/shifted_nn_symm_stdp_synapse/hpo_data/hpo_iteration_data/4339491/params_1_6.pkl
2025-05-09 21:48:02,051 - INFO - Loaded HPO parameters
2025-05-09 21:48:02,052 - INFO - Preparing datasets...
2025-05-09 21:48:07,410 - INFO - Prepared datasets: 291 train & 1000 validation samples
2025-05-09 21:48:07,411 - INFO - Initializing model...
2025-05-09 21:48:07,414 - INFO - Fitting model...
2025-05-09 21:49:22,959 - INFO - Saved weights to /s/ls4/users/selibrin/spiking_researches/correlation_encoding_and_training/mnist/hpo/shifted_nn_symm_stdp_synapse/hpo_data/hpo_iteration_data/4339491/estimator_1_neuron_6_weights.npy
2025-05-09 21:49:22,960 - INFO - Evaluating model...
2025-05-09 21:53:04,898 - INFO - Saved validation outputs to /s/ls4/users/selibrin/spiking_researches/correlation_encoding_and_training/mnist/hpo/shifted_nn_symm_stdp_synapse/hpo_data/hpo_iteration_data/4339491/estimator_1_neuron_6_validation_outputs.npy
2025-05-09 21:53:04,898 - INFO - Waiting for parameters file: /s/ls4/users/selibrin/spiking_researches/correlation_encoding_and_training/mnist/hpo/shifted_nn_symm_stdp_synapse/hpo_data/hpo_iteration_data/4339491/params_1_6.pkl
2025-05-09 21:53:34,935 - INFO - Loaded HPO parameters
2025-05-09 21:53:34,936 - INFO - Preparing datasets...
2025-05-09 21:53:40,359 - INFO - Prepared datasets: 291 train & 1000 validation samples
2025-05-09 21:53:40,359 - INFO - Initializing model...
2025-05-09 21:53:40,363 - INFO - Fitting model...
2025-05-09 21:54:53,186 - INFO - Saved weights to /s/ls4/users/selibrin/spiking_researches/correlation_encoding_and_training/mnist/hpo/shifted_nn_symm_stdp_synapse/hpo_data/hpo_iteration_data/4339491/estimator_1_neuron_6_weights.npy
2025-05-09 21:54:53,186 - INFO - Evaluating model...
2025-05-09 21:58:35,027 - INFO - Saved validation outputs to /s/ls4/users/selibrin/spiking_researches/correlation_encoding_and_training/mnist/hpo/shifted_nn_symm_stdp_synapse/hpo_data/hpo_iteration_data/4339491/estimator_1_neuron_6_validation_outputs.npy
2025-05-09 21:58:35,028 - INFO - Waiting for parameters file: /s/ls4/users/selibrin/spiking_researches/correlation_encoding_and_training/mnist/hpo/shifted_nn_symm_stdp_synapse/hpo_data/hpo_iteration_data/4339491/params_1_6.pkl
2025-05-09 21:59:10,072 - INFO - Loaded HPO parameters
2025-05-09 21:59:10,072 - INFO - Preparing datasets...
2025-05-09 21:59:15,221 - INFO - Prepared datasets: 582 train & 1000 validation samples
2025-05-09 21:59:15,221 - INFO - Initializing model...
2025-05-09 21:59:15,225 - INFO - Fitting model...
2025-05-09 22:02:27,798 - INFO - Saved weights to /s/ls4/users/selibrin/spiking_researches/correlation_encoding_and_training/mnist/hpo/shifted_nn_symm_stdp_synapse/hpo_data/hpo_iteration_data/4339491/estimator_1_neuron_6_weights.npy
2025-05-09 22:02:27,798 - INFO - Evaluating model...
2025-05-09 22:06:21,754 - INFO - Saved validation outputs to /s/ls4/users/selibrin/spiking_researches/correlation_encoding_and_training/mnist/hpo/shifted_nn_symm_stdp_synapse/hpo_data/hpo_iteration_data/4339491/estimator_1_neuron_6_validation_outputs.npy
2025-05-09 22:06:21,754 - INFO - Waiting for parameters file: /s/ls4/users/selibrin/spiking_researches/correlation_encoding_and_training/mnist/hpo/shifted_nn_symm_stdp_synapse/hpo_data/hpo_iteration_data/4339491/params_1_6.pkl
2025-05-09 22:06:41,781 - INFO - Loaded HPO parameters
2025-05-09 22:06:41,781 - INFO - Preparing datasets...
2025-05-09 22:06:46,834 - INFO - Prepared datasets: 582 train & 1000 validation samples
2025-05-09 22:06:46,834 - INFO - Initializing model...
2025-05-09 22:06:46,838 - INFO - Fitting model...
2025-05-09 22:09:35,696 - INFO - Saved weights to /s/ls4/users/selibrin/spiking_researches/correlation_encoding_and_training/mnist/hpo/shifted_nn_symm_stdp_synapse/hpo_data/hpo_iteration_data/4339491/estimator_1_neuron_6_weights.npy
2025-05-09 22:09:35,696 - INFO - Evaluating model...
2025-05-09 22:13:18,713 - INFO - Saved validation outputs to /s/ls4/users/selibrin/spiking_researches/correlation_encoding_and_training/mnist/hpo/shifted_nn_symm_stdp_synapse/hpo_data/hpo_iteration_data/4339491/estimator_1_neuron_6_validation_outputs.npy
2025-05-09 22:13:18,713 - INFO - Waiting for parameters file: /s/ls4/users/selibrin/spiking_researches/correlation_encoding_and_training/mnist/hpo/shifted_nn_symm_stdp_synapse/hpo_data/hpo_iteration_data/4339491/params_1_6.pkl
2025-05-09 22:13:48,749 - INFO - Loaded HPO parameters
2025-05-09 22:13:48,749 - INFO - Preparing datasets...
2025-05-09 22:13:53,856 - INFO - Prepared datasets: 1164 train & 1000 validation samples
2025-05-09 22:13:53,856 - INFO - Initializing model...
2025-05-09 22:13:53,859 - INFO - Fitting model...
2025-05-09 22:18:38,914 - INFO - Saved weights to /s/ls4/users/selibrin/spiking_researches/correlation_encoding_and_training/mnist/hpo/shifted_nn_symm_stdp_synapse/hpo_data/hpo_iteration_data/4339491/estimator_1_neuron_6_weights.npy
2025-05-09 22:18:38,914 - INFO - Evaluating model...
2025-05-09 22:22:16,423 - INFO - Saved validation outputs to /s/ls4/users/selibrin/spiking_researches/correlation_encoding_and_training/mnist/hpo/shifted_nn_symm_stdp_synapse/hpo_data/hpo_iteration_data/4339491/estimator_1_neuron_6_validation_outputs.npy
2025-05-09 22:22:16,424 - INFO - Waiting for parameters file: /s/ls4/users/selibrin/spiking_researches/correlation_encoding_and_training/mnist/hpo/shifted_nn_symm_stdp_synapse/hpo_data/hpo_iteration_data/4339491/params_1_6.pkl
2025-05-09 22:22:51,470 - INFO - Loaded HPO parameters
2025-05-09 22:22:51,470 - INFO - Preparing datasets...
2025-05-09 22:22:56,647 - INFO - Prepared datasets: 582 train & 1000 validation samples
2025-05-09 22:22:56,647 - INFO - Initializing model...
2025-05-09 22:22:56,651 - INFO - Fitting model...
2025-05-09 22:25:28,032 - INFO - Saved weights to /s/ls4/users/selibrin/spiking_researches/correlation_encoding_and_training/mnist/hpo/shifted_nn_symm_stdp_synapse/hpo_data/hpo_iteration_data/4339491/estimator_1_neuron_6_weights.npy
2025-05-09 22:25:28,032 - INFO - Evaluating model...
2025-05-09 22:29:10,575 - INFO - Saved validation outputs to /s/ls4/users/selibrin/spiking_researches/correlation_encoding_and_training/mnist/hpo/shifted_nn_symm_stdp_synapse/hpo_data/hpo_iteration_data/4339491/estimator_1_neuron_6_validation_outputs.npy
2025-05-09 22:29:10,576 - INFO - Waiting for parameters file: /s/ls4/users/selibrin/spiking_researches/correlation_encoding_and_training/mnist/hpo/shifted_nn_symm_stdp_synapse/hpo_data/hpo_iteration_data/4339491/params_1_6.pkl
2025-05-09 22:29:25,596 - INFO - Loaded HPO parameters
2025-05-09 22:29:25,597 - INFO - Preparing datasets...
2025-05-09 22:29:30,896 - INFO - Prepared datasets: 582 train & 1000 validation samples
2025-05-09 22:29:30,897 - INFO - Initializing model...
2025-05-09 22:29:30,900 - INFO - Fitting model...
2025-05-09 22:32:05,008 - INFO - Saved weights to /s/ls4/users/selibrin/spiking_researches/correlation_encoding_and_training/mnist/hpo/shifted_nn_symm_stdp_synapse/hpo_data/hpo_iteration_data/4339491/estimator_1_neuron_6_weights.npy
2025-05-09 22:32:05,008 - INFO - Evaluating model...
2025-05-09 22:35:51,106 - INFO - Saved validation outputs to /s/ls4/users/selibrin/spiking_researches/correlation_encoding_and_training/mnist/hpo/shifted_nn_symm_stdp_synapse/hpo_data/hpo_iteration_data/4339491/estimator_1_neuron_6_validation_outputs.npy
2025-05-09 22:35:51,107 - INFO - Waiting for parameters file: /s/ls4/users/selibrin/spiking_researches/correlation_encoding_and_training/mnist/hpo/shifted_nn_symm_stdp_synapse/hpo_data/hpo_iteration_data/4339491/params_1_6.pkl
2025-05-09 22:36:31,155 - INFO - Loaded HPO parameters
2025-05-09 22:36:31,156 - INFO - Preparing datasets...
2025-05-09 22:36:36,195 - INFO - Prepared datasets: 291 train & 1000 validation samples
2025-05-09 22:36:36,195 - INFO - Initializing model...
2025-05-09 22:36:36,199 - INFO - Fitting model...
2025-05-09 22:37:48,558 - INFO - Saved weights to /s/ls4/users/selibrin/spiking_researches/correlation_encoding_and_training/mnist/hpo/shifted_nn_symm_stdp_synapse/hpo_data/hpo_iteration_data/4339491/estimator_1_neuron_6_weights.npy
2025-05-09 22:37:48,558 - INFO - Evaluating model...
2025-05-09 22:41:28,384 - INFO - Saved validation outputs to /s/ls4/users/selibrin/spiking_researches/correlation_encoding_and_training/mnist/hpo/shifted_nn_symm_stdp_synapse/hpo_data/hpo_iteration_data/4339491/estimator_1_neuron_6_validation_outputs.npy
2025-05-09 22:41:28,384 - INFO - Waiting for parameters file: /s/ls4/users/selibrin/spiking_researches/correlation_encoding_and_training/mnist/hpo/shifted_nn_symm_stdp_synapse/hpo_data/hpo_iteration_data/4339491/params_1_6.pkl
2025-05-09 22:42:03,430 - INFO - Loaded HPO parameters
2025-05-09 22:42:03,430 - INFO - Preparing datasets...
2025-05-09 22:42:08,561 - INFO - Prepared datasets: 291 train & 1000 validation samples
2025-05-09 22:42:08,562 - INFO - Initializing model...
2025-05-09 22:42:08,566 - INFO - Fitting model...
2025-05-09 22:43:23,814 - INFO - Saved weights to /s/ls4/users/selibrin/spiking_researches/correlation_encoding_and_training/mnist/hpo/shifted_nn_symm_stdp_synapse/hpo_data/hpo_iteration_data/4339491/estimator_1_neuron_6_weights.npy
2025-05-09 22:43:23,815 - INFO - Evaluating model...
2025-05-09 22:47:07,318 - INFO - Saved validation outputs to /s/ls4/users/selibrin/spiking_researches/correlation_encoding_and_training/mnist/hpo/shifted_nn_symm_stdp_synapse/hpo_data/hpo_iteration_data/4339491/estimator_1_neuron_6_validation_outputs.npy
2025-05-09 22:47:07,318 - INFO - Waiting for parameters file: /s/ls4/users/selibrin/spiking_researches/correlation_encoding_and_training/mnist/hpo/shifted_nn_symm_stdp_synapse/hpo_data/hpo_iteration_data/4339491/params_1_6.pkl
2025-05-09 22:47:37,360 - INFO - Loaded HPO parameters
2025-05-09 22:47:37,360 - INFO - Preparing datasets...
2025-05-09 22:47:42,632 - INFO - Prepared datasets: 291 train & 1000 validation samples
2025-05-09 22:47:42,632 - INFO - Initializing model...
2025-05-09 22:47:42,635 - INFO - Fitting model...
2025-05-09 22:49:04,527 - INFO - Saved weights to /s/ls4/users/selibrin/spiking_researches/correlation_encoding_and_training/mnist/hpo/shifted_nn_symm_stdp_synapse/hpo_data/hpo_iteration_data/4339491/estimator_1_neuron_6_weights.npy
2025-05-09 22:49:04,527 - INFO - Evaluating model...
2025-05-09 22:52:52,278 - INFO - Saved validation outputs to /s/ls4/users/selibrin/spiking_researches/correlation_encoding_and_training/mnist/hpo/shifted_nn_symm_stdp_synapse/hpo_data/hpo_iteration_data/4339491/estimator_1_neuron_6_validation_outputs.npy
2025-05-09 22:52:52,278 - INFO - Waiting for parameters file: /s/ls4/users/selibrin/spiking_researches/correlation_encoding_and_training/mnist/hpo/shifted_nn_symm_stdp_synapse/hpo_data/hpo_iteration_data/4339491/params_1_6.pkl
2025-05-09 22:53:07,301 - INFO - Loaded HPO parameters
2025-05-09 22:53:07,301 - INFO - Preparing datasets...
2025-05-09 22:53:12,467 - INFO - Prepared datasets: 291 train & 1000 validation samples
2025-05-09 22:53:12,468 - INFO - Initializing model...
2025-05-09 22:53:12,471 - INFO - Fitting model...
2025-05-09 22:54:24,097 - INFO - Saved weights to /s/ls4/users/selibrin/spiking_researches/correlation_encoding_and_training/mnist/hpo/shifted_nn_symm_stdp_synapse/hpo_data/hpo_iteration_data/4339491/estimator_1_neuron_6_weights.npy
2025-05-09 22:54:24,097 - INFO - Evaluating model...
2025-05-09 22:58:06,529 - INFO - Saved validation outputs to /s/ls4/users/selibrin/spiking_researches/correlation_encoding_and_training/mnist/hpo/shifted_nn_symm_stdp_synapse/hpo_data/hpo_iteration_data/4339491/estimator_1_neuron_6_validation_outputs.npy
2025-05-09 22:58:06,529 - INFO - Waiting for parameters file: /s/ls4/users/selibrin/spiking_researches/correlation_encoding_and_training/mnist/hpo/shifted_nn_symm_stdp_synapse/hpo_data/hpo_iteration_data/4339491/params_1_6.pkl
2025-05-09 22:58:41,574 - INFO - Loaded HPO parameters
2025-05-09 22:58:41,574 - INFO - Preparing datasets...
2025-05-09 22:58:46,618 - INFO - Prepared datasets: 291 train & 1000 validation samples
2025-05-09 22:58:46,618 - INFO - Initializing model...
2025-05-09 22:58:46,621 - INFO - Fitting model...
2025-05-09 23:00:00,131 - INFO - Saved weights to /s/ls4/users/selibrin/spiking_researches/correlation_encoding_and_training/mnist/hpo/shifted_nn_symm_stdp_synapse/hpo_data/hpo_iteration_data/4339491/estimator_1_neuron_6_weights.npy
2025-05-09 23:00:00,131 - INFO - Evaluating model...
2025-05-09 23:03:45,852 - INFO - Saved validation outputs to /s/ls4/users/selibrin/spiking_researches/correlation_encoding_and_training/mnist/hpo/shifted_nn_symm_stdp_synapse/hpo_data/hpo_iteration_data/4339491/estimator_1_neuron_6_validation_outputs.npy
2025-05-09 23:03:45,852 - INFO - Waiting for parameters file: /s/ls4/users/selibrin/spiking_researches/correlation_encoding_and_training/mnist/hpo/shifted_nn_symm_stdp_synapse/hpo_data/hpo_iteration_data/4339491/params_1_6.pkl
2025-05-09 23:04:15,892 - INFO - Loaded HPO parameters
2025-05-09 23:04:15,892 - INFO - Preparing datasets...
2025-05-09 23:04:21,039 - INFO - Prepared datasets: 291 train & 1000 validation samples
2025-05-09 23:04:21,040 - INFO - Initializing model...
2025-05-09 23:04:21,043 - INFO - Fitting model...
2025-05-09 23:05:41,070 - INFO - Saved weights to /s/ls4/users/selibrin/spiking_researches/correlation_encoding_and_training/mnist/hpo/shifted_nn_symm_stdp_synapse/hpo_data/hpo_iteration_data/4339491/estimator_1_neuron_6_weights.npy
2025-05-09 23:05:41,071 - INFO - Evaluating model...
2025-05-09 23:09:27,667 - INFO - Saved validation outputs to /s/ls4/users/selibrin/spiking_researches/correlation_encoding_and_training/mnist/hpo/shifted_nn_symm_stdp_synapse/hpo_data/hpo_iteration_data/4339491/estimator_1_neuron_6_validation_outputs.npy
2025-05-09 23:09:27,667 - INFO - Waiting for parameters file: /s/ls4/users/selibrin/spiking_researches/correlation_encoding_and_training/mnist/hpo/shifted_nn_symm_stdp_synapse/hpo_data/hpo_iteration_data/4339491/params_1_6.pkl
2025-05-09 23:09:52,697 - INFO - Loaded HPO parameters
2025-05-09 23:09:52,698 - INFO - Preparing datasets...
2025-05-09 23:09:58,106 - INFO - Prepared datasets: 291 train & 1000 validation samples
2025-05-09 23:09:58,106 - INFO - Initializing model...
2025-05-09 23:09:58,109 - INFO - Fitting model...
2025-05-09 23:11:08,569 - INFO - Saved weights to /s/ls4/users/selibrin/spiking_researches/correlation_encoding_and_training/mnist/hpo/shifted_nn_symm_stdp_synapse/hpo_data/hpo_iteration_data/4339491/estimator_1_neuron_6_weights.npy
2025-05-09 23:11:08,570 - INFO - Evaluating model...
2025-05-09 23:14:42,527 - INFO - Saved validation outputs to /s/ls4/users/selibrin/spiking_researches/correlation_encoding_and_training/mnist/hpo/shifted_nn_symm_stdp_synapse/hpo_data/hpo_iteration_data/4339491/estimator_1_neuron_6_validation_outputs.npy
2025-05-09 23:14:42,527 - INFO - Waiting for parameters file: /s/ls4/users/selibrin/spiking_researches/correlation_encoding_and_training/mnist/hpo/shifted_nn_symm_stdp_synapse/hpo_data/hpo_iteration_data/4339491/params_1_6.pkl
2025-05-09 23:14:57,550 - INFO - Loaded HPO parameters
2025-05-09 23:14:57,550 - INFO - Preparing datasets...
2025-05-09 23:15:02,584 - INFO - Prepared datasets: 291 train & 1000 validation samples
2025-05-09 23:15:02,584 - INFO - Initializing model...
2025-05-09 23:15:02,588 - INFO - Fitting model...
2025-05-09 23:16:16,524 - INFO - Saved weights to /s/ls4/users/selibrin/spiking_researches/correlation_encoding_and_training/mnist/hpo/shifted_nn_symm_stdp_synapse/hpo_data/hpo_iteration_data/4339491/estimator_1_neuron_6_weights.npy
2025-05-09 23:16:16,524 - INFO - Evaluating model...
2025-05-09 23:19:55,922 - INFO - Saved validation outputs to /s/ls4/users/selibrin/spiking_researches/correlation_encoding_and_training/mnist/hpo/shifted_nn_symm_stdp_synapse/hpo_data/hpo_iteration_data/4339491/estimator_1_neuron_6_validation_outputs.npy
2025-05-09 23:19:55,922 - INFO - Waiting for parameters file: /s/ls4/users/selibrin/spiking_researches/correlation_encoding_and_training/mnist/hpo/shifted_nn_symm_stdp_synapse/hpo_data/hpo_iteration_data/4339491/params_1_6.pkl
2025-05-09 23:20:30,964 - INFO - Loaded HPO parameters
2025-05-09 23:20:30,964 - INFO - Preparing datasets...
2025-05-09 23:20:36,165 - INFO - Prepared datasets: 291 train & 1000 validation samples
2025-05-09 23:20:36,166 - INFO - Initializing model...
2025-05-09 23:20:36,169 - INFO - Fitting model...
2025-05-09 23:21:55,604 - INFO - Saved weights to /s/ls4/users/selibrin/spiking_researches/correlation_encoding_and_training/mnist/hpo/shifted_nn_symm_stdp_synapse/hpo_data/hpo_iteration_data/4339491/estimator_1_neuron_6_weights.npy
2025-05-09 23:21:55,604 - INFO - Evaluating model...
2025-05-09 23:25:35,973 - INFO - Saved validation outputs to /s/ls4/users/selibrin/spiking_researches/correlation_encoding_and_training/mnist/hpo/shifted_nn_symm_stdp_synapse/hpo_data/hpo_iteration_data/4339491/estimator_1_neuron_6_validation_outputs.npy
2025-05-09 23:25:35,973 - INFO - Waiting for parameters file: /s/ls4/users/selibrin/spiking_researches/correlation_encoding_and_training/mnist/hpo/shifted_nn_symm_stdp_synapse/hpo_data/hpo_iteration_data/4339491/params_1_6.pkl
2025-05-09 23:26:11,017 - INFO - Loaded HPO parameters
2025-05-09 23:26:11,018 - INFO - Preparing datasets...
2025-05-09 23:26:16,255 - INFO - Prepared datasets: 291 train & 1000 validation samples
2025-05-09 23:26:16,255 - INFO - Initializing model...
2025-05-09 23:26:16,258 - INFO - Fitting model...
2025-05-09 23:27:24,920 - INFO - Saved weights to /s/ls4/users/selibrin/spiking_researches/correlation_encoding_and_training/mnist/hpo/shifted_nn_symm_stdp_synapse/hpo_data/hpo_iteration_data/4339491/estimator_1_neuron_6_weights.npy
2025-05-09 23:27:24,921 - INFO - Evaluating model...
2025-05-09 23:31:05,674 - INFO - Saved validation outputs to /s/ls4/users/selibrin/spiking_researches/correlation_encoding_and_training/mnist/hpo/shifted_nn_symm_stdp_synapse/hpo_data/hpo_iteration_data/4339491/estimator_1_neuron_6_validation_outputs.npy
2025-05-09 23:31:05,675 - INFO - Waiting for parameters file: /s/ls4/users/selibrin/spiking_researches/correlation_encoding_and_training/mnist/hpo/shifted_nn_symm_stdp_synapse/hpo_data/hpo_iteration_data/4339491/params_1_6.pkl
2025-05-09 23:31:10,690 - INFO - Loaded HPO parameters
2025-05-09 23:31:10,690 - INFO - Preparing datasets...
2025-05-09 23:31:15,849 - INFO - Prepared datasets: 291 train & 1000 validation samples
2025-05-09 23:31:15,849 - INFO - Initializing model...
2025-05-09 23:31:15,942 - INFO - Fitting model...
2025-05-09 23:32:31,074 - INFO - Saved weights to /s/ls4/users/selibrin/spiking_researches/correlation_encoding_and_training/mnist/hpo/shifted_nn_symm_stdp_synapse/hpo_data/hpo_iteration_data/4339491/estimator_1_neuron_6_weights.npy
2025-05-09 23:32:31,074 - INFO - Evaluating model...
2025-05-09 23:36:12,701 - INFO - Saved validation outputs to /s/ls4/users/selibrin/spiking_researches/correlation_encoding_and_training/mnist/hpo/shifted_nn_symm_stdp_synapse/hpo_data/hpo_iteration_data/4339491/estimator_1_neuron_6_validation_outputs.npy
2025-05-09 23:36:12,701 - INFO - Waiting for parameters file: /s/ls4/users/selibrin/spiking_researches/correlation_encoding_and_training/mnist/hpo/shifted_nn_symm_stdp_synapse/hpo_data/hpo_iteration_data/4339491/params_1_6.pkl
2025-05-09 23:36:47,744 - INFO - Loaded HPO parameters
2025-05-09 23:36:47,744 - INFO - Preparing datasets...
2025-05-09 23:36:53,104 - INFO - Prepared datasets: 291 train & 1000 validation samples
2025-05-09 23:36:53,105 - INFO - Initializing model...
2025-05-09 23:36:53,109 - INFO - Fitting model...
2025-05-09 23:38:14,977 - INFO - Saved weights to /s/ls4/users/selibrin/spiking_researches/correlation_encoding_and_training/mnist/hpo/shifted_nn_symm_stdp_synapse/hpo_data/hpo_iteration_data/4339491/estimator_1_neuron_6_weights.npy
2025-05-09 23:38:14,977 - INFO - Evaluating model...
2025-05-09 23:42:01,601 - INFO - Saved validation outputs to /s/ls4/users/selibrin/spiking_researches/correlation_encoding_and_training/mnist/hpo/shifted_nn_symm_stdp_synapse/hpo_data/hpo_iteration_data/4339491/estimator_1_neuron_6_validation_outputs.npy
2025-05-09 23:42:01,601 - INFO - Waiting for parameters file: /s/ls4/users/selibrin/spiking_researches/correlation_encoding_and_training/mnist/hpo/shifted_nn_symm_stdp_synapse/hpo_data/hpo_iteration_data/4339491/params_1_6.pkl
2025-05-09 23:42:26,639 - INFO - Loaded HPO parameters
2025-05-09 23:42:26,639 - INFO - Preparing datasets...
2025-05-09 23:42:31,962 - INFO - Prepared datasets: 291 train & 1000 validation samples
2025-05-09 23:42:31,962 - INFO - Initializing model...
2025-05-09 23:42:31,966 - INFO - Fitting model...
2025-05-09 23:43:52,037 - INFO - Saved weights to /s/ls4/users/selibrin/spiking_researches/correlation_encoding_and_training/mnist/hpo/shifted_nn_symm_stdp_synapse/hpo_data/hpo_iteration_data/4339491/estimator_1_neuron_6_weights.npy
2025-05-09 23:43:52,038 - INFO - Evaluating model...
2025-05-09 23:47:39,302 - INFO - Saved validation outputs to /s/ls4/users/selibrin/spiking_researches/correlation_encoding_and_training/mnist/hpo/shifted_nn_symm_stdp_synapse/hpo_data/hpo_iteration_data/4339491/estimator_1_neuron_6_validation_outputs.npy
2025-05-09 23:47:39,302 - INFO - Waiting for parameters file: /s/ls4/users/selibrin/spiking_researches/correlation_encoding_and_training/mnist/hpo/shifted_nn_symm_stdp_synapse/hpo_data/hpo_iteration_data/4339491/params_1_6.pkl
2025-05-09 23:48:04,334 - INFO - Loaded HPO parameters
2025-05-09 23:48:04,334 - INFO - Preparing datasets...
2025-05-09 23:48:09,582 - INFO - Prepared datasets: 291 train & 1000 validation samples
2025-05-09 23:48:09,582 - INFO - Initializing model...
2025-05-09 23:48:09,585 - INFO - Fitting model...
2025-05-09 23:49:25,829 - INFO - Saved weights to /s/ls4/users/selibrin/spiking_researches/correlation_encoding_and_training/mnist/hpo/shifted_nn_symm_stdp_synapse/hpo_data/hpo_iteration_data/4339491/estimator_1_neuron_6_weights.npy
2025-05-09 23:49:25,829 - INFO - Evaluating model...
2025-05-09 23:53:07,887 - INFO - Saved validation outputs to /s/ls4/users/selibrin/spiking_researches/correlation_encoding_and_training/mnist/hpo/shifted_nn_symm_stdp_synapse/hpo_data/hpo_iteration_data/4339491/estimator_1_neuron_6_validation_outputs.npy
2025-05-09 23:53:07,888 - INFO - Waiting for parameters file: /s/ls4/users/selibrin/spiking_researches/correlation_encoding_and_training/mnist/hpo/shifted_nn_symm_stdp_synapse/hpo_data/hpo_iteration_data/4339491/params_1_6.pkl
2025-05-09 23:53:37,926 - INFO - Loaded HPO parameters
2025-05-09 23:53:37,926 - INFO - Preparing datasets...
2025-05-09 23:53:43,248 - INFO - Prepared datasets: 291 train & 1000 validation samples
2025-05-09 23:53:43,249 - INFO - Initializing model...
2025-05-09 23:53:43,253 - INFO - Fitting model...
2025-05-09 23:55:04,619 - INFO - Saved weights to /s/ls4/users/selibrin/spiking_researches/correlation_encoding_and_training/mnist/hpo/shifted_nn_symm_stdp_synapse/hpo_data/hpo_iteration_data/4339491/estimator_1_neuron_6_weights.npy
2025-05-09 23:55:04,619 - INFO - Evaluating model...
2025-05-09 23:58:51,685 - INFO - Saved validation outputs to /s/ls4/users/selibrin/spiking_researches/correlation_encoding_and_training/mnist/hpo/shifted_nn_symm_stdp_synapse/hpo_data/hpo_iteration_data/4339491/estimator_1_neuron_6_validation_outputs.npy
2025-05-09 23:58:51,686 - INFO - Waiting for parameters file: /s/ls4/users/selibrin/spiking_researches/correlation_encoding_and_training/mnist/hpo/shifted_nn_symm_stdp_synapse/hpo_data/hpo_iteration_data/4339491/params_1_6.pkl
2025-05-09 23:59:16,718 - INFO - Loaded HPO parameters
2025-05-09 23:59:16,719 - INFO - Preparing datasets...
2025-05-09 23:59:21,890 - INFO - Prepared datasets: 291 train & 1000 validation samples
2025-05-09 23:59:21,890 - INFO - Initializing model...
2025-05-09 23:59:21,894 - INFO - Fitting model...
2025-05-10 00:00:35,164 - INFO - Saved weights to /s/ls4/users/selibrin/spiking_researches/correlation_encoding_and_training/mnist/hpo/shifted_nn_symm_stdp_synapse/hpo_data/hpo_iteration_data/4339491/estimator_1_neuron_6_weights.npy
2025-05-10 00:00:35,164 - INFO - Evaluating model...
2025-05-10 00:04:16,699 - INFO - Saved validation outputs to /s/ls4/users/selibrin/spiking_researches/correlation_encoding_and_training/mnist/hpo/shifted_nn_symm_stdp_synapse/hpo_data/hpo_iteration_data/4339491/estimator_1_neuron_6_validation_outputs.npy
2025-05-10 00:04:16,699 - INFO - Waiting for parameters file: /s/ls4/users/selibrin/spiking_researches/correlation_encoding_and_training/mnist/hpo/shifted_nn_symm_stdp_synapse/hpo_data/hpo_iteration_data/4339491/params_1_6.pkl
2025-05-10 00:04:51,740 - INFO - Loaded HPO parameters
2025-05-10 00:04:51,740 - INFO - Preparing datasets...
2025-05-10 00:04:56,721 - INFO - Prepared datasets: 582 train & 1000 validation samples
2025-05-10 00:04:56,721 - INFO - Initializing model...
2025-05-10 00:04:56,724 - INFO - Fitting model...
2025-05-10 00:07:33,092 - INFO - Saved weights to /s/ls4/users/selibrin/spiking_researches/correlation_encoding_and_training/mnist/hpo/shifted_nn_symm_stdp_synapse/hpo_data/hpo_iteration_data/4339491/estimator_1_neuron_6_weights.npy
2025-05-10 00:07:33,092 - INFO - Evaluating model...
2025-05-10 00:11:17,387 - INFO - Saved validation outputs to /s/ls4/users/selibrin/spiking_researches/correlation_encoding_and_training/mnist/hpo/shifted_nn_symm_stdp_synapse/hpo_data/hpo_iteration_data/4339491/estimator_1_neuron_6_validation_outputs.npy
2025-05-10 00:11:17,388 - INFO - Waiting for parameters file: /s/ls4/users/selibrin/spiking_researches/correlation_encoding_and_training/mnist/hpo/shifted_nn_symm_stdp_synapse/hpo_data/hpo_iteration_data/4339491/params_1_6.pkl
2025-05-10 00:11:57,437 - INFO - Loaded HPO parameters
2025-05-10 00:11:57,437 - INFO - Preparing datasets...
2025-05-10 00:12:02,490 - INFO - Prepared datasets: 1164 train & 1000 validation samples
2025-05-10 00:12:02,490 - INFO - Initializing model...
2025-05-10 00:12:02,493 - INFO - Fitting model...
2025-05-10 00:16:55,093 - INFO - Saved weights to /s/ls4/users/selibrin/spiking_researches/correlation_encoding_and_training/mnist/hpo/shifted_nn_symm_stdp_synapse/hpo_data/hpo_iteration_data/4339491/estimator_1_neuron_6_weights.npy
2025-05-10 00:16:55,093 - INFO - Evaluating model...
2025-05-10 00:20:38,054 - INFO - Saved validation outputs to /s/ls4/users/selibrin/spiking_researches/correlation_encoding_and_training/mnist/hpo/shifted_nn_symm_stdp_synapse/hpo_data/hpo_iteration_data/4339491/estimator_1_neuron_6_validation_outputs.npy
2025-05-10 00:20:38,054 - INFO - Waiting for parameters file: /s/ls4/users/selibrin/spiking_researches/correlation_encoding_and_training/mnist/hpo/shifted_nn_symm_stdp_synapse/hpo_data/hpo_iteration_data/4339491/params_1_6.pkl
2025-05-10 00:21:08,095 - INFO - Loaded HPO parameters
2025-05-10 00:21:08,095 - INFO - Preparing datasets...
2025-05-10 00:21:13,390 - INFO - Prepared datasets: 291 train & 1000 validation samples
2025-05-10 00:21:13,390 - INFO - Initializing model...
2025-05-10 00:21:13,394 - INFO - Fitting model...
2025-05-10 00:22:25,702 - INFO - Saved weights to /s/ls4/users/selibrin/spiking_researches/correlation_encoding_and_training/mnist/hpo/shifted_nn_symm_stdp_synapse/hpo_data/hpo_iteration_data/4339491/estimator_1_neuron_6_weights.npy
2025-05-10 00:22:25,702 - INFO - Evaluating model...
2025-05-10 00:26:02,737 - INFO - Saved validation outputs to /s/ls4/users/selibrin/spiking_researches/correlation_encoding_and_training/mnist/hpo/shifted_nn_symm_stdp_synapse/hpo_data/hpo_iteration_data/4339491/estimator_1_neuron_6_validation_outputs.npy
2025-05-10 00:26:02,738 - INFO - Waiting for parameters file: /s/ls4/users/selibrin/spiking_researches/correlation_encoding_and_training/mnist/hpo/shifted_nn_symm_stdp_synapse/hpo_data/hpo_iteration_data/4339491/params_1_6.pkl
2025-05-10 00:26:42,791 - INFO - Loaded HPO parameters
2025-05-10 00:26:42,792 - INFO - Preparing datasets...
2025-05-10 00:26:48,237 - INFO - Prepared datasets: 291 train & 1000 validation samples
2025-05-10 00:26:48,237 - INFO - Initializing model...
2025-05-10 00:26:48,240 - INFO - Fitting model...
2025-05-10 00:28:04,647 - INFO - Saved weights to /s/ls4/users/selibrin/spiking_researches/correlation_encoding_and_training/mnist/hpo/shifted_nn_symm_stdp_synapse/hpo_data/hpo_iteration_data/4339491/estimator_1_neuron_6_weights.npy
2025-05-10 00:28:04,648 - INFO - Evaluating model...
2025-05-10 00:31:47,330 - INFO - Saved validation outputs to /s/ls4/users/selibrin/spiking_researches/correlation_encoding_and_training/mnist/hpo/shifted_nn_symm_stdp_synapse/hpo_data/hpo_iteration_data/4339491/estimator_1_neuron_6_validation_outputs.npy
2025-05-10 00:31:47,331 - INFO - Waiting for parameters file: /s/ls4/users/selibrin/spiking_researches/correlation_encoding_and_training/mnist/hpo/shifted_nn_symm_stdp_synapse/hpo_data/hpo_iteration_data/4339491/params_1_6.pkl
2025-05-10 00:32:17,368 - INFO - Loaded HPO parameters
2025-05-10 00:32:17,368 - INFO - Preparing datasets...
2025-05-10 00:32:22,737 - INFO - Prepared datasets: 1164 train & 1000 validation samples
2025-05-10 00:32:22,738 - INFO - Initializing model...
2025-05-10 00:32:22,742 - INFO - Fitting model...
2025-05-10 00:37:29,024 - INFO - Saved weights to /s/ls4/users/selibrin/spiking_researches/correlation_encoding_and_training/mnist/hpo/shifted_nn_symm_stdp_synapse/hpo_data/hpo_iteration_data/4339491/estimator_1_neuron_6_weights.npy
2025-05-10 00:37:29,024 - INFO - Evaluating model...
2025-05-10 00:41:12,942 - INFO - Saved validation outputs to /s/ls4/users/selibrin/spiking_researches/correlation_encoding_and_training/mnist/hpo/shifted_nn_symm_stdp_synapse/hpo_data/hpo_iteration_data/4339491/estimator_1_neuron_6_validation_outputs.npy
2025-05-10 00:41:12,942 - INFO - Waiting for parameters file: /s/ls4/users/selibrin/spiking_researches/correlation_encoding_and_training/mnist/hpo/shifted_nn_symm_stdp_synapse/hpo_data/hpo_iteration_data/4339491/params_1_6.pkl
2025-05-10 00:41:27,964 - INFO - Loaded HPO parameters
2025-05-10 00:41:27,965 - INFO - Preparing datasets...
2025-05-10 00:41:33,345 - INFO - Prepared datasets: 291 train & 1000 validation samples
2025-05-10 00:41:33,345 - INFO - Initializing model...
2025-05-10 00:41:33,350 - INFO - Fitting model...
2025-05-10 00:42:58,974 - INFO - Saved weights to /s/ls4/users/selibrin/spiking_researches/correlation_encoding_and_training/mnist/hpo/shifted_nn_symm_stdp_synapse/hpo_data/hpo_iteration_data/4339491/estimator_1_neuron_6_weights.npy
2025-05-10 00:42:58,974 - INFO - Evaluating model...
2025-05-10 00:46:49,779 - INFO - Saved validation outputs to /s/ls4/users/selibrin/spiking_researches/correlation_encoding_and_training/mnist/hpo/shifted_nn_symm_stdp_synapse/hpo_data/hpo_iteration_data/4339491/estimator_1_neuron_6_validation_outputs.npy
2025-05-10 00:46:49,779 - INFO - Waiting for parameters file: /s/ls4/users/selibrin/spiking_researches/correlation_encoding_and_training/mnist/hpo/shifted_nn_symm_stdp_synapse/hpo_data/hpo_iteration_data/4339491/params_1_6.pkl
2025-05-10 00:47:04,800 - INFO - Loaded HPO parameters
2025-05-10 00:47:04,801 - INFO - Preparing datasets...
2025-05-10 00:47:10,218 - INFO - Prepared datasets: 582 train & 1000 validation samples
2025-05-10 00:47:10,219 - INFO - Initializing model...
2025-05-10 00:47:10,223 - INFO - Fitting model...
2025-05-10 00:49:38,292 - INFO - Saved weights to /s/ls4/users/selibrin/spiking_researches/correlation_encoding_and_training/mnist/hpo/shifted_nn_symm_stdp_synapse/hpo_data/hpo_iteration_data/4339491/estimator_1_neuron_6_weights.npy
2025-05-10 00:49:38,292 - INFO - Evaluating model...
2025-05-10 00:53:19,723 - INFO - Saved validation outputs to /s/ls4/users/selibrin/spiking_researches/correlation_encoding_and_training/mnist/hpo/shifted_nn_symm_stdp_synapse/hpo_data/hpo_iteration_data/4339491/estimator_1_neuron_6_validation_outputs.npy
2025-05-10 00:53:19,723 - INFO - Waiting for parameters file: /s/ls4/users/selibrin/spiking_researches/correlation_encoding_and_training/mnist/hpo/shifted_nn_symm_stdp_synapse/hpo_data/hpo_iteration_data/4339491/params_1_6.pkl
2025-05-10 00:53:39,749 - INFO - Loaded HPO parameters
2025-05-10 00:53:39,749 - INFO - Preparing datasets...
2025-05-10 00:53:44,706 - INFO - Prepared datasets: 1164 train & 1000 validation samples
2025-05-10 00:53:44,706 - INFO - Initializing model...
2025-05-10 00:53:44,709 - INFO - Fitting model...
2025-05-10 00:58:34,961 - INFO - Saved weights to /s/ls4/users/selibrin/spiking_researches/correlation_encoding_and_training/mnist/hpo/shifted_nn_symm_stdp_synapse/hpo_data/hpo_iteration_data/4339491/estimator_1_neuron_6_weights.npy
2025-05-10 00:58:34,961 - INFO - Evaluating model...
2025-05-10 01:02:15,681 - INFO - Saved validation outputs to /s/ls4/users/selibrin/spiking_researches/correlation_encoding_and_training/mnist/hpo/shifted_nn_symm_stdp_synapse/hpo_data/hpo_iteration_data/4339491/estimator_1_neuron_6_validation_outputs.npy
2025-05-10 01:02:15,681 - INFO - Waiting for parameters file: /s/ls4/users/selibrin/spiking_researches/correlation_encoding_and_training/mnist/hpo/shifted_nn_symm_stdp_synapse/hpo_data/hpo_iteration_data/4339491/params_1_6.pkl
2025-05-10 01:02:45,749 - INFO - Loaded HPO parameters
2025-05-10 01:02:45,749 - INFO - Preparing datasets...
2025-05-10 01:02:50,819 - INFO - Prepared datasets: 1164 train & 1000 validation samples
2025-05-10 01:02:50,820 - INFO - Initializing model...
2025-05-10 01:02:50,822 - INFO - Fitting model...
2025-05-10 01:07:42,057 - INFO - Saved weights to /s/ls4/users/selibrin/spiking_researches/correlation_encoding_and_training/mnist/hpo/shifted_nn_symm_stdp_synapse/hpo_data/hpo_iteration_data/4339491/estimator_1_neuron_6_weights.npy
2025-05-10 01:07:42,057 - INFO - Evaluating model...
2025-05-10 01:11:19,033 - INFO - Saved validation outputs to /s/ls4/users/selibrin/spiking_researches/correlation_encoding_and_training/mnist/hpo/shifted_nn_symm_stdp_synapse/hpo_data/hpo_iteration_data/4339491/estimator_1_neuron_6_validation_outputs.npy
2025-05-10 01:11:19,034 - INFO - Waiting for parameters file: /s/ls4/users/selibrin/spiking_researches/correlation_encoding_and_training/mnist/hpo/shifted_nn_symm_stdp_synapse/hpo_data/hpo_iteration_data/4339491/params_1_6.pkl
2025-05-10 01:11:54,075 - INFO - Loaded HPO parameters
2025-05-10 01:11:54,075 - INFO - Preparing datasets...
2025-05-10 01:11:59,163 - INFO - Prepared datasets: 1164 train & 1000 validation samples
2025-05-10 01:11:59,163 - INFO - Initializing model...
2025-05-10 01:11:59,166 - INFO - Fitting model...
2025-05-10 01:16:53,551 - INFO - Saved weights to /s/ls4/users/selibrin/spiking_researches/correlation_encoding_and_training/mnist/hpo/shifted_nn_symm_stdp_synapse/hpo_data/hpo_iteration_data/4339491/estimator_1_neuron_6_weights.npy
2025-05-10 01:16:53,551 - INFO - Evaluating model...
2025-05-10 01:20:34,272 - INFO - Saved validation outputs to /s/ls4/users/selibrin/spiking_researches/correlation_encoding_and_training/mnist/hpo/shifted_nn_symm_stdp_synapse/hpo_data/hpo_iteration_data/4339491/estimator_1_neuron_6_validation_outputs.npy
2025-05-10 01:20:34,272 - INFO - Waiting for parameters file: /s/ls4/users/selibrin/spiking_researches/correlation_encoding_and_training/mnist/hpo/shifted_nn_symm_stdp_synapse/hpo_data/hpo_iteration_data/4339491/params_1_6.pkl
2025-05-10 01:20:59,306 - INFO - Loaded HPO parameters
2025-05-10 01:20:59,307 - INFO - Preparing datasets...
2025-05-10 01:21:04,673 - INFO - Prepared datasets: 1164 train & 1000 validation samples
2025-05-10 01:21:04,674 - INFO - Initializing model...
2025-05-10 01:21:04,677 - INFO - Fitting model...
2025-05-10 01:25:58,292 - INFO - Saved weights to /s/ls4/users/selibrin/spiking_researches/correlation_encoding_and_training/mnist/hpo/shifted_nn_symm_stdp_synapse/hpo_data/hpo_iteration_data/4339491/estimator_1_neuron_6_weights.npy
2025-05-10 01:25:58,292 - INFO - Evaluating model...
2025-05-10 01:29:37,532 - INFO - Saved validation outputs to /s/ls4/users/selibrin/spiking_researches/correlation_encoding_and_training/mnist/hpo/shifted_nn_symm_stdp_synapse/hpo_data/hpo_iteration_data/4339491/estimator_1_neuron_6_validation_outputs.npy
2025-05-10 01:29:37,533 - INFO - Waiting for parameters file: /s/ls4/users/selibrin/spiking_researches/correlation_encoding_and_training/mnist/hpo/shifted_nn_symm_stdp_synapse/hpo_data/hpo_iteration_data/4339491/params_1_6.pkl
2025-05-10 01:30:08,000 - INFO - Loaded HPO parameters
2025-05-10 01:30:08,000 - INFO - Preparing datasets...
2025-05-10 01:30:13,318 - INFO - Prepared datasets: 1164 train & 1000 validation samples
2025-05-10 01:30:13,318 - INFO - Initializing model...
2025-05-10 01:30:13,321 - INFO - Fitting model...
2025-05-10 01:35:06,975 - INFO - Saved weights to /s/ls4/users/selibrin/spiking_researches/correlation_encoding_and_training/mnist/hpo/shifted_nn_symm_stdp_synapse/hpo_data/hpo_iteration_data/4339491/estimator_1_neuron_6_weights.npy
2025-05-10 01:35:06,975 - INFO - Evaluating model...
2025-05-10 01:38:50,375 - INFO - Saved validation outputs to /s/ls4/users/selibrin/spiking_researches/correlation_encoding_and_training/mnist/hpo/shifted_nn_symm_stdp_synapse/hpo_data/hpo_iteration_data/4339491/estimator_1_neuron_6_validation_outputs.npy
2025-05-10 01:38:50,375 - INFO - Waiting for parameters file: /s/ls4/users/selibrin/spiking_researches/correlation_encoding_and_training/mnist/hpo/shifted_nn_symm_stdp_synapse/hpo_data/hpo_iteration_data/4339491/params_1_6.pkl
2025-05-10 01:39:10,401 - INFO - Loaded HPO parameters
2025-05-10 01:39:10,401 - INFO - Preparing datasets...
2025-05-10 01:39:15,700 - INFO - Prepared datasets: 1164 train & 1000 validation samples
2025-05-10 01:39:15,700 - INFO - Initializing model...
2025-05-10 01:39:15,704 - INFO - Fitting model...
2025-05-10 01:44:06,267 - INFO - Saved weights to /s/ls4/users/selibrin/spiking_researches/correlation_encoding_and_training/mnist/hpo/shifted_nn_symm_stdp_synapse/hpo_data/hpo_iteration_data/4339491/estimator_1_neuron_6_weights.npy
2025-05-10 01:44:06,268 - INFO - Evaluating model...
2025-05-10 01:47:46,109 - INFO - Saved validation outputs to /s/ls4/users/selibrin/spiking_researches/correlation_encoding_and_training/mnist/hpo/shifted_nn_symm_stdp_synapse/hpo_data/hpo_iteration_data/4339491/estimator_1_neuron_6_validation_outputs.npy
2025-05-10 01:47:46,109 - INFO - Waiting for parameters file: /s/ls4/users/selibrin/spiking_researches/correlation_encoding_and_training/mnist/hpo/shifted_nn_symm_stdp_synapse/hpo_data/hpo_iteration_data/4339491/params_1_6.pkl
2025-05-10 01:48:21,153 - INFO - Loaded HPO parameters
2025-05-10 01:48:21,153 - INFO - Preparing datasets...
2025-05-10 01:48:26,396 - INFO - Prepared datasets: 1164 train & 1000 validation samples
2025-05-10 01:48:26,396 - INFO - Initializing model...
2025-05-10 01:48:26,401 - INFO - Fitting model...
2025-05-10 01:55:03,407 - INFO - Saved weights to /s/ls4/users/selibrin/spiking_researches/correlation_encoding_and_training/mnist/hpo/shifted_nn_symm_stdp_synapse/hpo_data/hpo_iteration_data/4339491/estimator_1_neuron_6_weights.npy
2025-05-10 01:55:03,407 - INFO - Evaluating model...
2025-05-10 01:58:58,291 - INFO - Saved validation outputs to /s/ls4/users/selibrin/spiking_researches/correlation_encoding_and_training/mnist/hpo/shifted_nn_symm_stdp_synapse/hpo_data/hpo_iteration_data/4339491/estimator_1_neuron_6_validation_outputs.npy
2025-05-10 01:58:58,291 - INFO - Waiting for parameters file: /s/ls4/users/selibrin/spiking_researches/correlation_encoding_and_training/mnist/hpo/shifted_nn_symm_stdp_synapse/hpo_data/hpo_iteration_data/4339491/params_1_6.pkl
2025-05-10 01:59:23,328 - INFO - Loaded HPO parameters
2025-05-10 01:59:23,328 - INFO - Preparing datasets...
2025-05-10 01:59:28,647 - INFO - Prepared datasets: 1164 train & 1000 validation samples
2025-05-10 01:59:28,648 - INFO - Initializing model...
2025-05-10 01:59:28,667 - INFO - Fitting model...
2025-05-10 02:04:25,371 - INFO - Saved weights to /s/ls4/users/selibrin/spiking_researches/correlation_encoding_and_training/mnist/hpo/shifted_nn_symm_stdp_synapse/hpo_data/hpo_iteration_data/4339491/estimator_1_neuron_6_weights.npy
2025-05-10 02:04:25,372 - INFO - Evaluating model...
2025-05-10 02:08:07,210 - INFO - Saved validation outputs to /s/ls4/users/selibrin/spiking_researches/correlation_encoding_and_training/mnist/hpo/shifted_nn_symm_stdp_synapse/hpo_data/hpo_iteration_data/4339491/estimator_1_neuron_6_validation_outputs.npy
2025-05-10 02:08:07,211 - INFO - Waiting for parameters file: /s/ls4/users/selibrin/spiking_researches/correlation_encoding_and_training/mnist/hpo/shifted_nn_symm_stdp_synapse/hpo_data/hpo_iteration_data/4339491/params_1_6.pkl
2025-05-10 02:08:32,243 - INFO - Loaded HPO parameters
2025-05-10 02:08:32,243 - INFO - Preparing datasets...
2025-05-10 02:08:37,493 - INFO - Prepared datasets: 1164 train & 1000 validation samples
2025-05-10 02:08:37,494 - INFO - Initializing model...
2025-05-10 02:08:37,497 - INFO - Fitting model...
2025-05-10 02:14:26,683 - INFO - Saved weights to /s/ls4/users/selibrin/spiking_researches/correlation_encoding_and_training/mnist/hpo/shifted_nn_symm_stdp_synapse/hpo_data/hpo_iteration_data/4339491/estimator_1_neuron_6_weights.npy
2025-05-10 02:14:26,683 - INFO - Evaluating model...
2025-05-10 02:18:17,049 - INFO - Saved validation outputs to /s/ls4/users/selibrin/spiking_researches/correlation_encoding_and_training/mnist/hpo/shifted_nn_symm_stdp_synapse/hpo_data/hpo_iteration_data/4339491/estimator_1_neuron_6_validation_outputs.npy
2025-05-10 02:18:17,050 - INFO - Waiting for parameters file: /s/ls4/users/selibrin/spiking_researches/correlation_encoding_and_training/mnist/hpo/shifted_nn_symm_stdp_synapse/hpo_data/hpo_iteration_data/4339491/params_1_6.pkl
2025-05-10 02:18:37,075 - INFO - Loaded HPO parameters
2025-05-10 02:18:37,075 - INFO - Preparing datasets...
2025-05-10 02:18:42,456 - INFO - Prepared datasets: 1164 train & 1000 validation samples
2025-05-10 02:18:42,456 - INFO - Initializing model...
2025-05-10 02:18:42,460 - INFO - Fitting model...
2025-05-10 02:24:34,625 - INFO - Saved weights to /s/ls4/users/selibrin/spiking_researches/correlation_encoding_and_training/mnist/hpo/shifted_nn_symm_stdp_synapse/hpo_data/hpo_iteration_data/4339491/estimator_1_neuron_6_weights.npy
2025-05-10 02:24:34,625 - INFO - Evaluating model...
2025-05-10 02:28:22,277 - INFO - Saved validation outputs to /s/ls4/users/selibrin/spiking_researches/correlation_encoding_and_training/mnist/hpo/shifted_nn_symm_stdp_synapse/hpo_data/hpo_iteration_data/4339491/estimator_1_neuron_6_validation_outputs.npy
2025-05-10 02:28:22,278 - INFO - Waiting for parameters file: /s/ls4/users/selibrin/spiking_researches/correlation_encoding_and_training/mnist/hpo/shifted_nn_symm_stdp_synapse/hpo_data/hpo_iteration_data/4339491/params_1_6.pkl
2025-05-10 02:28:42,303 - INFO - Loaded HPO parameters
2025-05-10 02:28:42,303 - INFO - Preparing datasets...
2025-05-10 02:28:47,413 - INFO - Prepared datasets: 1164 train & 1000 validation samples
2025-05-10 02:28:47,413 - INFO - Initializing model...
2025-05-10 02:28:47,416 - INFO - Fitting model...
2025-05-10 02:34:31,142 - INFO - Saved weights to /s/ls4/users/selibrin/spiking_researches/correlation_encoding_and_training/mnist/hpo/shifted_nn_symm_stdp_synapse/hpo_data/hpo_iteration_data/4339491/estimator_1_neuron_6_weights.npy
2025-05-10 02:34:31,142 - INFO - Evaluating model...
2025-05-10 02:38:17,204 - INFO - Saved validation outputs to /s/ls4/users/selibrin/spiking_researches/correlation_encoding_and_training/mnist/hpo/shifted_nn_symm_stdp_synapse/hpo_data/hpo_iteration_data/4339491/estimator_1_neuron_6_validation_outputs.npy
2025-05-10 02:38:17,204 - INFO - Waiting for parameters file: /s/ls4/users/selibrin/spiking_researches/correlation_encoding_and_training/mnist/hpo/shifted_nn_symm_stdp_synapse/hpo_data/hpo_iteration_data/4339491/params_1_6.pkl
2025-05-10 02:38:52,247 - INFO - Loaded HPO parameters
2025-05-10 02:38:52,247 - INFO - Preparing datasets...
2025-05-10 02:38:57,467 - INFO - Prepared datasets: 1164 train & 1000 validation samples
2025-05-10 02:38:57,468 - INFO - Initializing model...
2025-05-10 02:38:57,472 - INFO - Fitting model...
2025-05-10 02:44:45,761 - INFO - Saved weights to /s/ls4/users/selibrin/spiking_researches/correlation_encoding_and_training/mnist/hpo/shifted_nn_symm_stdp_synapse/hpo_data/hpo_iteration_data/4339491/estimator_1_neuron_6_weights.npy
2025-05-10 02:44:45,761 - INFO - Evaluating model...
2025-05-10 02:48:33,172 - INFO - Saved validation outputs to /s/ls4/users/selibrin/spiking_researches/correlation_encoding_and_training/mnist/hpo/shifted_nn_symm_stdp_synapse/hpo_data/hpo_iteration_data/4339491/estimator_1_neuron_6_validation_outputs.npy
2025-05-10 02:48:33,173 - INFO - Waiting for parameters file: /s/ls4/users/selibrin/spiking_researches/correlation_encoding_and_training/mnist/hpo/shifted_nn_symm_stdp_synapse/hpo_data/hpo_iteration_data/4339491/params_1_6.pkl
2025-05-10 02:48:53,199 - INFO - Loaded HPO parameters
2025-05-10 02:48:53,199 - INFO - Preparing datasets...
2025-05-10 02:48:58,391 - INFO - Prepared datasets: 1164 train & 1000 validation samples
2025-05-10 02:48:58,392 - INFO - Initializing model...
2025-05-10 02:48:58,396 - INFO - Fitting model...
2025-05-10 02:54:40,878 - INFO - Saved weights to /s/ls4/users/selibrin/spiking_researches/correlation_encoding_and_training/mnist/hpo/shifted_nn_symm_stdp_synapse/hpo_data/hpo_iteration_data/4339491/estimator_1_neuron_6_weights.npy
2025-05-10 02:54:40,879 - INFO - Evaluating model...
2025-05-10 02:58:20,931 - INFO - Saved validation outputs to /s/ls4/users/selibrin/spiking_researches/correlation_encoding_and_training/mnist/hpo/shifted_nn_symm_stdp_synapse/hpo_data/hpo_iteration_data/4339491/estimator_1_neuron_6_validation_outputs.npy
2025-05-10 02:58:20,931 - INFO - Waiting for parameters file: /s/ls4/users/selibrin/spiking_researches/correlation_encoding_and_training/mnist/hpo/shifted_nn_symm_stdp_synapse/hpo_data/hpo_iteration_data/4339491/params_1_6.pkl
2025-05-10 02:59:00,978 - INFO - Loaded HPO parameters
2025-05-10 02:59:00,978 - INFO - Preparing datasets...
2025-05-10 02:59:06,126 - INFO - Prepared datasets: 1164 train & 1000 validation samples
2025-05-10 02:59:06,126 - INFO - Initializing model...
2025-05-10 02:59:06,131 - INFO - Fitting model...
2025-05-10 03:03:56,436 - INFO - Saved weights to /s/ls4/users/selibrin/spiking_researches/correlation_encoding_and_training/mnist/hpo/shifted_nn_symm_stdp_synapse/hpo_data/hpo_iteration_data/4339491/estimator_1_neuron_6_weights.npy
2025-05-10 03:03:56,437 - INFO - Evaluating model...
2025-05-10 03:07:34,086 - INFO - Saved validation outputs to /s/ls4/users/selibrin/spiking_researches/correlation_encoding_and_training/mnist/hpo/shifted_nn_symm_stdp_synapse/hpo_data/hpo_iteration_data/4339491/estimator_1_neuron_6_validation_outputs.npy
2025-05-10 03:07:34,086 - INFO - Waiting for parameters file: /s/ls4/users/selibrin/spiking_researches/correlation_encoding_and_training/mnist/hpo/shifted_nn_symm_stdp_synapse/hpo_data/hpo_iteration_data/4339491/params_1_6.pkl
2025-05-10 03:08:04,136 - INFO - Loaded HPO parameters
2025-05-10 03:08:04,137 - INFO - Preparing datasets...
2025-05-10 03:08:09,173 - INFO - Prepared datasets: 1164 train & 1000 validation samples
2025-05-10 03:08:09,174 - INFO - Initializing model...
2025-05-10 03:08:09,177 - INFO - Fitting model...
2025-05-10 03:14:30,221 - INFO - Saved weights to /s/ls4/users/selibrin/spiking_researches/correlation_encoding_and_training/mnist/hpo/shifted_nn_symm_stdp_synapse/hpo_data/hpo_iteration_data/4339491/estimator_1_neuron_6_weights.npy
2025-05-10 03:14:30,221 - INFO - Evaluating model...
2025-05-10 03:18:16,099 - INFO - Saved validation outputs to /s/ls4/users/selibrin/spiking_researches/correlation_encoding_and_training/mnist/hpo/shifted_nn_symm_stdp_synapse/hpo_data/hpo_iteration_data/4339491/estimator_1_neuron_6_validation_outputs.npy
2025-05-10 03:18:16,100 - INFO - Waiting for parameters file: /s/ls4/users/selibrin/spiking_researches/correlation_encoding_and_training/mnist/hpo/shifted_nn_symm_stdp_synapse/hpo_data/hpo_iteration_data/4339491/params_1_6.pkl
2025-05-10 03:19:06,160 - INFO - Loaded HPO parameters
2025-05-10 03:19:06,160 - INFO - Preparing datasets...
2025-05-10 03:19:11,473 - INFO - Prepared datasets: 582 train & 1000 validation samples
2025-05-10 03:19:11,473 - INFO - Initializing model...
2025-05-10 03:19:11,477 - INFO - Fitting model...
2025-05-10 03:21:29,909 - INFO - Saved weights to /s/ls4/users/selibrin/spiking_researches/correlation_encoding_and_training/mnist/hpo/shifted_nn_symm_stdp_synapse/hpo_data/hpo_iteration_data/4339491/estimator_1_neuron_6_weights.npy
2025-05-10 03:21:29,909 - INFO - Evaluating model...
2025-05-10 03:25:06,101 - INFO - Saved validation outputs to /s/ls4/users/selibrin/spiking_researches/correlation_encoding_and_training/mnist/hpo/shifted_nn_symm_stdp_synapse/hpo_data/hpo_iteration_data/4339491/estimator_1_neuron_6_validation_outputs.npy
2025-05-10 03:25:06,102 - INFO - Waiting for parameters file: /s/ls4/users/selibrin/spiking_researches/correlation_encoding_and_training/mnist/hpo/shifted_nn_symm_stdp_synapse/hpo_data/hpo_iteration_data/4339491/params_1_6.pkl
2025-05-10 03:25:41,140 - INFO - Loaded HPO parameters
2025-05-10 03:25:41,140 - INFO - Preparing datasets...
2025-05-10 03:25:46,351 - INFO - Prepared datasets: 1164 train & 1000 validation samples
2025-05-10 03:25:46,351 - INFO - Initializing model...
2025-05-10 03:25:46,354 - INFO - Fitting model...
2025-05-10 03:30:54,177 - INFO - Saved weights to /s/ls4/users/selibrin/spiking_researches/correlation_encoding_and_training/mnist/hpo/shifted_nn_symm_stdp_synapse/hpo_data/hpo_iteration_data/4339491/estimator_1_neuron_6_weights.npy
2025-05-10 03:30:54,177 - INFO - Evaluating model...
2025-05-10 03:34:35,733 - INFO - Saved validation outputs to /s/ls4/users/selibrin/spiking_researches/correlation_encoding_and_training/mnist/hpo/shifted_nn_symm_stdp_synapse/hpo_data/hpo_iteration_data/4339491/estimator_1_neuron_6_validation_outputs.npy
2025-05-10 03:34:35,734 - INFO - Waiting for parameters file: /s/ls4/users/selibrin/spiking_researches/correlation_encoding_and_training/mnist/hpo/shifted_nn_symm_stdp_synapse/hpo_data/hpo_iteration_data/4339491/params_1_6.pkl
2025-05-10 03:35:15,783 - INFO - Loaded HPO parameters
2025-05-10 03:35:15,783 - INFO - Preparing datasets...
2025-05-10 03:35:20,791 - INFO - Prepared datasets: 1164 train & 1000 validation samples
2025-05-10 03:35:20,792 - INFO - Initializing model...
2025-05-10 03:35:20,795 - INFO - Fitting model...
2025-05-10 03:40:54,044 - INFO - Saved weights to /s/ls4/users/selibrin/spiking_researches/correlation_encoding_and_training/mnist/hpo/shifted_nn_symm_stdp_synapse/hpo_data/hpo_iteration_data/4339491/estimator_1_neuron_6_weights.npy
2025-05-10 03:40:54,044 - INFO - Evaluating model...
2025-05-10 03:44:32,716 - INFO - Saved validation outputs to /s/ls4/users/selibrin/spiking_researches/correlation_encoding_and_training/mnist/hpo/shifted_nn_symm_stdp_synapse/hpo_data/hpo_iteration_data/4339491/estimator_1_neuron_6_validation_outputs.npy
2025-05-10 03:44:32,716 - INFO - Waiting for parameters file: /s/ls4/users/selibrin/spiking_researches/correlation_encoding_and_training/mnist/hpo/shifted_nn_symm_stdp_synapse/hpo_data/hpo_iteration_data/4339491/params_1_6.pkl
2025-05-10 03:45:17,763 - INFO - Loaded HPO parameters
2025-05-10 03:45:17,764 - INFO - Preparing datasets...
2025-05-10 03:45:22,814 - INFO - Prepared datasets: 582 train & 1000 validation samples
2025-05-10 03:45:22,815 - INFO - Initializing model...
2025-05-10 03:45:22,818 - INFO - Fitting model...
2025-05-10 03:47:41,996 - INFO - Saved weights to /s/ls4/users/selibrin/spiking_researches/correlation_encoding_and_training/mnist/hpo/shifted_nn_symm_stdp_synapse/hpo_data/hpo_iteration_data/4339491/estimator_1_neuron_6_weights.npy
2025-05-10 03:47:41,997 - INFO - Evaluating model...
2025-05-10 03:51:12,926 - INFO - Saved validation outputs to /s/ls4/users/selibrin/spiking_researches/correlation_encoding_and_training/mnist/hpo/shifted_nn_symm_stdp_synapse/hpo_data/hpo_iteration_data/4339491/estimator_1_neuron_6_validation_outputs.npy
2025-05-10 03:51:12,926 - INFO - Waiting for parameters file: /s/ls4/users/selibrin/spiking_researches/correlation_encoding_and_training/mnist/hpo/shifted_nn_symm_stdp_synapse/hpo_data/hpo_iteration_data/4339491/params_1_6.pkl
2025-05-10 03:51:52,978 - INFO - Loaded HPO parameters
2025-05-10 03:51:52,978 - INFO - Preparing datasets...
2025-05-10 03:51:57,789 - INFO - Prepared datasets: 1164 train & 1000 validation samples
2025-05-10 03:51:57,790 - INFO - Initializing model...
2025-05-10 03:51:57,793 - INFO - Fitting model...
2025-05-10 03:56:33,829 - INFO - Saved weights to /s/ls4/users/selibrin/spiking_researches/correlation_encoding_and_training/mnist/hpo/shifted_nn_symm_stdp_synapse/hpo_data/hpo_iteration_data/4339491/estimator_1_neuron_6_weights.npy
2025-05-10 03:56:33,829 - INFO - Evaluating model...
2025-05-10 04:00:08,854 - INFO - Saved validation outputs to /s/ls4/users/selibrin/spiking_researches/correlation_encoding_and_training/mnist/hpo/shifted_nn_symm_stdp_synapse/hpo_data/hpo_iteration_data/4339491/estimator_1_neuron_6_validation_outputs.npy
2025-05-10 04:00:08,855 - INFO - Waiting for parameters file: /s/ls4/users/selibrin/spiking_researches/correlation_encoding_and_training/mnist/hpo/shifted_nn_symm_stdp_synapse/hpo_data/hpo_iteration_data/4339491/params_1_6.pkl
2025-05-10 04:00:53,911 - INFO - Loaded HPO parameters
2025-05-10 04:00:53,912 - INFO - Preparing datasets...
2025-05-10 04:00:58,942 - INFO - Prepared datasets: 1164 train & 1000 validation samples
2025-05-10 04:00:58,942 - INFO - Initializing model...
2025-05-10 04:00:58,945 - INFO - Fitting model...
2025-05-10 04:05:51,728 - INFO - Saved weights to /s/ls4/users/selibrin/spiking_researches/correlation_encoding_and_training/mnist/hpo/shifted_nn_symm_stdp_synapse/hpo_data/hpo_iteration_data/4339491/estimator_1_neuron_6_weights.npy
2025-05-10 04:05:51,729 - INFO - Evaluating model...
2025-05-10 04:09:29,835 - INFO - Saved validation outputs to /s/ls4/users/selibrin/spiking_researches/correlation_encoding_and_training/mnist/hpo/shifted_nn_symm_stdp_synapse/hpo_data/hpo_iteration_data/4339491/estimator_1_neuron_6_validation_outputs.npy
2025-05-10 04:09:29,835 - INFO - Waiting for parameters file: /s/ls4/users/selibrin/spiking_researches/correlation_encoding_and_training/mnist/hpo/shifted_nn_symm_stdp_synapse/hpo_data/hpo_iteration_data/4339491/params_1_6.pkl
2025-05-10 04:09:59,874 - INFO - Loaded HPO parameters
2025-05-10 04:09:59,874 - INFO - Preparing datasets...
2025-05-10 04:10:04,922 - INFO - Prepared datasets: 1164 train & 1000 validation samples
2025-05-10 04:10:04,922 - INFO - Initializing model...
2025-05-10 04:10:04,926 - INFO - Fitting model...
2025-05-10 04:15:46,112 - INFO - Saved weights to /s/ls4/users/selibrin/spiking_researches/correlation_encoding_and_training/mnist/hpo/shifted_nn_symm_stdp_synapse/hpo_data/hpo_iteration_data/4339491/estimator_1_neuron_6_weights.npy
2025-05-10 04:15:46,112 - INFO - Evaluating model...
2025-05-10 04:19:27,165 - INFO - Saved validation outputs to /s/ls4/users/selibrin/spiking_researches/correlation_encoding_and_training/mnist/hpo/shifted_nn_symm_stdp_synapse/hpo_data/hpo_iteration_data/4339491/estimator_1_neuron_6_validation_outputs.npy
2025-05-10 04:19:27,166 - INFO - Waiting for parameters file: /s/ls4/users/selibrin/spiking_researches/correlation_encoding_and_training/mnist/hpo/shifted_nn_symm_stdp_synapse/hpo_data/hpo_iteration_data/4339491/params_1_6.pkl
2025-05-10 04:20:02,210 - INFO - Loaded HPO parameters
2025-05-10 04:20:02,210 - INFO - Preparing datasets...
2025-05-10 04:20:07,343 - INFO - Prepared datasets: 1164 train & 1000 validation samples
2025-05-10 04:20:07,343 - INFO - Initializing model...
2025-05-10 04:20:07,347 - INFO - Fitting model...
2025-05-10 04:24:52,704 - INFO - Saved weights to /s/ls4/users/selibrin/spiking_researches/correlation_encoding_and_training/mnist/hpo/shifted_nn_symm_stdp_synapse/hpo_data/hpo_iteration_data/4339491/estimator_1_neuron_6_weights.npy
2025-05-10 04:24:52,704 - INFO - Evaluating model...
2025-05-10 04:28:28,638 - INFO - Saved validation outputs to /s/ls4/users/selibrin/spiking_researches/correlation_encoding_and_training/mnist/hpo/shifted_nn_symm_stdp_synapse/hpo_data/hpo_iteration_data/4339491/estimator_1_neuron_6_validation_outputs.npy
2025-05-10 04:28:28,638 - INFO - Waiting for parameters file: /s/ls4/users/selibrin/spiking_researches/correlation_encoding_and_training/mnist/hpo/shifted_nn_symm_stdp_synapse/hpo_data/hpo_iteration_data/4339491/params_1_6.pkl
2025-05-10 04:29:03,687 - INFO - Loaded HPO parameters
2025-05-10 04:29:03,687 - INFO - Preparing datasets...
2025-05-10 04:29:08,826 - INFO - Prepared datasets: 1164 train & 1000 validation samples
2025-05-10 04:29:08,826 - INFO - Initializing model...
2025-05-10 04:29:08,830 - INFO - Fitting model...
2025-05-10 04:33:56,110 - INFO - Saved weights to /s/ls4/users/selibrin/spiking_researches/correlation_encoding_and_training/mnist/hpo/shifted_nn_symm_stdp_synapse/hpo_data/hpo_iteration_data/4339491/estimator_1_neuron_6_weights.npy
2025-05-10 04:33:56,110 - INFO - Evaluating model...
2025-05-10 04:37:29,231 - INFO - Saved validation outputs to /s/ls4/users/selibrin/spiking_researches/correlation_encoding_and_training/mnist/hpo/shifted_nn_symm_stdp_synapse/hpo_data/hpo_iteration_data/4339491/estimator_1_neuron_6_validation_outputs.npy
2025-05-10 04:37:29,232 - INFO - Waiting for parameters file: /s/ls4/users/selibrin/spiking_researches/correlation_encoding_and_training/mnist/hpo/shifted_nn_symm_stdp_synapse/hpo_data/hpo_iteration_data/4339491/params_1_6.pkl
2025-05-10 04:38:09,280 - INFO - Loaded HPO parameters
2025-05-10 04:38:09,280 - INFO - Preparing datasets...
2025-05-10 04:38:14,354 - INFO - Prepared datasets: 1164 train & 1000 validation samples
2025-05-10 04:38:14,354 - INFO - Initializing model...
2025-05-10 04:38:14,357 - INFO - Fitting model...
2025-05-10 04:43:05,354 - INFO - Saved weights to /s/ls4/users/selibrin/spiking_researches/correlation_encoding_and_training/mnist/hpo/shifted_nn_symm_stdp_synapse/hpo_data/hpo_iteration_data/4339491/estimator_1_neuron_6_weights.npy
2025-05-10 04:43:05,355 - INFO - Evaluating model...
2025-05-10 04:46:41,638 - INFO - Saved validation outputs to /s/ls4/users/selibrin/spiking_researches/correlation_encoding_and_training/mnist/hpo/shifted_nn_symm_stdp_synapse/hpo_data/hpo_iteration_data/4339491/estimator_1_neuron_6_validation_outputs.npy
2025-05-10 04:46:41,638 - INFO - Waiting for parameters file: /s/ls4/users/selibrin/spiking_researches/correlation_encoding_and_training/mnist/hpo/shifted_nn_symm_stdp_synapse/hpo_data/hpo_iteration_data/4339491/params_1_6.pkl
2025-05-10 04:47:11,700 - INFO - Loaded HPO parameters
2025-05-10 04:47:11,700 - INFO - Preparing datasets...
2025-05-10 04:47:16,692 - INFO - Prepared datasets: 1164 train & 1000 validation samples
2025-05-10 04:47:16,692 - INFO - Initializing model...
2025-05-10 04:47:16,696 - INFO - Fitting model...
2025-05-10 04:52:00,195 - INFO - Saved weights to /s/ls4/users/selibrin/spiking_researches/correlation_encoding_and_training/mnist/hpo/shifted_nn_symm_stdp_synapse/hpo_data/hpo_iteration_data/4339491/estimator_1_neuron_6_weights.npy
2025-05-10 04:52:00,195 - INFO - Evaluating model...
2025-05-10 04:55:32,155 - INFO - Saved validation outputs to /s/ls4/users/selibrin/spiking_researches/correlation_encoding_and_training/mnist/hpo/shifted_nn_symm_stdp_synapse/hpo_data/hpo_iteration_data/4339491/estimator_1_neuron_6_validation_outputs.npy
2025-05-10 04:55:32,155 - INFO - Waiting for parameters file: /s/ls4/users/selibrin/spiking_researches/correlation_encoding_and_training/mnist/hpo/shifted_nn_symm_stdp_synapse/hpo_data/hpo_iteration_data/4339491/params_1_6.pkl
2025-05-10 04:56:17,209 - INFO - Loaded HPO parameters
2025-05-10 04:56:17,210 - INFO - Preparing datasets...
2025-05-10 04:56:22,170 - INFO - Prepared datasets: 1164 train & 1000 validation samples
2025-05-10 04:56:22,170 - INFO - Initializing model...
2025-05-10 04:56:22,174 - INFO - Fitting model...
2025-05-10 05:01:25,225 - INFO - Saved weights to /s/ls4/users/selibrin/spiking_researches/correlation_encoding_and_training/mnist/hpo/shifted_nn_symm_stdp_synapse/hpo_data/hpo_iteration_data/4339491/estimator_1_neuron_6_weights.npy
2025-05-10 05:01:25,226 - INFO - Evaluating model...
2025-05-10 05:04:58,653 - INFO - Saved validation outputs to /s/ls4/users/selibrin/spiking_researches/correlation_encoding_and_training/mnist/hpo/shifted_nn_symm_stdp_synapse/hpo_data/hpo_iteration_data/4339491/estimator_1_neuron_6_validation_outputs.npy
2025-05-10 05:04:58,654 - INFO - Waiting for parameters file: /s/ls4/users/selibrin/spiking_researches/correlation_encoding_and_training/mnist/hpo/shifted_nn_symm_stdp_synapse/hpo_data/hpo_iteration_data/4339491/params_1_6.pkl
2025-05-10 05:05:18,679 - INFO - Loaded HPO parameters
2025-05-10 05:05:18,680 - INFO - Preparing datasets...
2025-05-10 05:05:23,840 - INFO - Prepared datasets: 1164 train & 1000 validation samples
2025-05-10 05:05:23,841 - INFO - Initializing model...
2025-05-10 05:05:23,844 - INFO - Fitting model...
2025-05-10 05:11:51,667 - INFO - Saved weights to /s/ls4/users/selibrin/spiking_researches/correlation_encoding_and_training/mnist/hpo/shifted_nn_symm_stdp_synapse/hpo_data/hpo_iteration_data/4339491/estimator_1_neuron_6_weights.npy
2025-05-10 05:11:51,668 - INFO - Evaluating model...
2025-05-10 05:15:42,232 - INFO - Saved validation outputs to /s/ls4/users/selibrin/spiking_researches/correlation_encoding_and_training/mnist/hpo/shifted_nn_symm_stdp_synapse/hpo_data/hpo_iteration_data/4339491/estimator_1_neuron_6_validation_outputs.npy
2025-05-10 05:15:42,232 - INFO - Waiting for parameters file: /s/ls4/users/selibrin/spiking_researches/correlation_encoding_and_training/mnist/hpo/shifted_nn_symm_stdp_synapse/hpo_data/hpo_iteration_data/4339491/params_1_6.pkl
2025-05-10 05:16:22,280 - INFO - Loaded HPO parameters
2025-05-10 05:16:22,280 - INFO - Preparing datasets...
2025-05-10 05:16:27,447 - INFO - Prepared datasets: 1164 train & 1000 validation samples
2025-05-10 05:16:27,448 - INFO - Initializing model...
2025-05-10 05:16:27,576 - INFO - Fitting model...
2025-05-10 05:21:17,822 - INFO - Saved weights to /s/ls4/users/selibrin/spiking_researches/correlation_encoding_and_training/mnist/hpo/shifted_nn_symm_stdp_synapse/hpo_data/hpo_iteration_data/4339491/estimator_1_neuron_6_weights.npy
2025-05-10 05:21:17,823 - INFO - Evaluating model...
2025-05-10 05:24:53,084 - INFO - Saved validation outputs to /s/ls4/users/selibrin/spiking_researches/correlation_encoding_and_training/mnist/hpo/shifted_nn_symm_stdp_synapse/hpo_data/hpo_iteration_data/4339491/estimator_1_neuron_6_validation_outputs.npy
2025-05-10 05:24:53,084 - INFO - Waiting for parameters file: /s/ls4/users/selibrin/spiking_researches/correlation_encoding_and_training/mnist/hpo/shifted_nn_symm_stdp_synapse/hpo_data/hpo_iteration_data/4339491/params_1_6.pkl
2025-05-10 05:25:28,127 - INFO - Loaded HPO parameters
2025-05-10 05:25:28,128 - INFO - Preparing datasets...
2025-05-10 05:25:33,294 - INFO - Prepared datasets: 582 train & 1000 validation samples
2025-05-10 05:25:33,294 - INFO - Initializing model...
2025-05-10 05:25:33,298 - INFO - Fitting model...
2025-05-10 05:27:56,138 - INFO - Saved weights to /s/ls4/users/selibrin/spiking_researches/correlation_encoding_and_training/mnist/hpo/shifted_nn_symm_stdp_synapse/hpo_data/hpo_iteration_data/4339491/estimator_1_neuron_6_weights.npy
2025-05-10 05:27:56,138 - INFO - Evaluating model...
2025-05-10 05:31:33,692 - INFO - Saved validation outputs to /s/ls4/users/selibrin/spiking_researches/correlation_encoding_and_training/mnist/hpo/shifted_nn_symm_stdp_synapse/hpo_data/hpo_iteration_data/4339491/estimator_1_neuron_6_validation_outputs.npy
2025-05-10 05:31:33,692 - INFO - Waiting for parameters file: /s/ls4/users/selibrin/spiking_researches/correlation_encoding_and_training/mnist/hpo/shifted_nn_symm_stdp_synapse/hpo_data/hpo_iteration_data/4339491/params_1_6.pkl
2025-05-10 05:32:03,730 - INFO - Loaded HPO parameters
2025-05-10 05:32:03,731 - INFO - Preparing datasets...
2025-05-10 05:32:08,600 - INFO - Prepared datasets: 1164 train & 1000 validation samples
2025-05-10 05:32:08,600 - INFO - Initializing model...
2025-05-10 05:32:08,604 - INFO - Fitting model...
2025-05-10 05:37:51,143 - INFO - Saved weights to /s/ls4/users/selibrin/spiking_researches/correlation_encoding_and_training/mnist/hpo/shifted_nn_symm_stdp_synapse/hpo_data/hpo_iteration_data/4339491/estimator_1_neuron_6_weights.npy
2025-05-10 05:37:51,144 - INFO - Evaluating model...
2025-05-10 05:41:33,029 - INFO - Saved validation outputs to /s/ls4/users/selibrin/spiking_researches/correlation_encoding_and_training/mnist/hpo/shifted_nn_symm_stdp_synapse/hpo_data/hpo_iteration_data/4339491/estimator_1_neuron_6_validation_outputs.npy
2025-05-10 05:41:33,030 - INFO - Waiting for parameters file: /s/ls4/users/selibrin/spiking_researches/correlation_encoding_and_training/mnist/hpo/shifted_nn_symm_stdp_synapse/hpo_data/hpo_iteration_data/4339491/params_1_6.pkl
2025-05-10 05:42:03,085 - INFO - Loaded HPO parameters
2025-05-10 05:42:03,086 - INFO - Preparing datasets...
2025-05-10 05:42:08,324 - INFO - Prepared datasets: 1164 train & 1000 validation samples
2025-05-10 05:42:08,324 - INFO - Initializing model...
2025-05-10 05:42:08,328 - INFO - Fitting model...
2025-05-10 05:46:50,365 - INFO - Saved weights to /s/ls4/users/selibrin/spiking_researches/correlation_encoding_and_training/mnist/hpo/shifted_nn_symm_stdp_synapse/hpo_data/hpo_iteration_data/4339491/estimator_1_neuron_6_weights.npy
2025-05-10 05:46:50,365 - INFO - Evaluating model...
2025-05-10 05:50:25,977 - INFO - Saved validation outputs to /s/ls4/users/selibrin/spiking_researches/correlation_encoding_and_training/mnist/hpo/shifted_nn_symm_stdp_synapse/hpo_data/hpo_iteration_data/4339491/estimator_1_neuron_6_validation_outputs.npy
2025-05-10 05:50:25,978 - INFO - Waiting for parameters file: /s/ls4/users/selibrin/spiking_researches/correlation_encoding_and_training/mnist/hpo/shifted_nn_symm_stdp_synapse/hpo_data/hpo_iteration_data/4339491/params_1_6.pkl
2025-05-10 05:51:11,033 - INFO - Loaded HPO parameters
2025-05-10 05:51:11,034 - INFO - Preparing datasets...
2025-05-10 05:51:16,446 - INFO - Prepared datasets: 1164 train & 1000 validation samples
2025-05-10 05:51:16,447 - INFO - Initializing model...
2025-05-10 05:51:16,450 - INFO - Fitting model...
2025-05-10 05:56:28,489 - INFO - Saved weights to /s/ls4/users/selibrin/spiking_researches/correlation_encoding_and_training/mnist/hpo/shifted_nn_symm_stdp_synapse/hpo_data/hpo_iteration_data/4339491/estimator_1_neuron_6_weights.npy
2025-05-10 05:56:28,489 - INFO - Evaluating model...
2025-05-10 06:00:22,938 - INFO - Saved validation outputs to /s/ls4/users/selibrin/spiking_researches/correlation_encoding_and_training/mnist/hpo/shifted_nn_symm_stdp_synapse/hpo_data/hpo_iteration_data/4339491/estimator_1_neuron_6_validation_outputs.npy
2025-05-10 06:00:22,938 - INFO - Waiting for parameters file: /s/ls4/users/selibrin/spiking_researches/correlation_encoding_and_training/mnist/hpo/shifted_nn_symm_stdp_synapse/hpo_data/hpo_iteration_data/4339491/params_1_6.pkl
2025-05-10 06:00:42,965 - INFO - Loaded HPO parameters
2025-05-10 06:00:42,966 - INFO - Preparing datasets...
2025-05-10 06:00:48,451 - INFO - Prepared datasets: 582 train & 1000 validation samples
2025-05-10 06:00:48,452 - INFO - Initializing model...
2025-05-10 06:00:48,455 - INFO - Fitting model...
2025-05-10 06:03:21,083 - INFO - Saved weights to /s/ls4/users/selibrin/spiking_researches/correlation_encoding_and_training/mnist/hpo/shifted_nn_symm_stdp_synapse/hpo_data/hpo_iteration_data/4339491/estimator_1_neuron_6_weights.npy
2025-05-10 06:03:21,084 - INFO - Evaluating model...
2025-05-10 06:07:06,235 - INFO - Saved validation outputs to /s/ls4/users/selibrin/spiking_researches/correlation_encoding_and_training/mnist/hpo/shifted_nn_symm_stdp_synapse/hpo_data/hpo_iteration_data/4339491/estimator_1_neuron_6_validation_outputs.npy
2025-05-10 06:07:06,235 - INFO - Waiting for parameters file: /s/ls4/users/selibrin/spiking_researches/correlation_encoding_and_training/mnist/hpo/shifted_nn_symm_stdp_synapse/hpo_data/hpo_iteration_data/4339491/params_1_6.pkl
2025-05-10 06:07:46,291 - INFO - Loaded HPO parameters
2025-05-10 06:07:46,291 - INFO - Preparing datasets...
2025-05-10 06:07:51,789 - INFO - Prepared datasets: 1164 train & 1000 validation samples
2025-05-10 06:07:51,790 - INFO - Initializing model...
2025-05-10 06:07:51,793 - INFO - Fitting model...
2025-05-10 06:13:04,831 - INFO - Saved weights to /s/ls4/users/selibrin/spiking_researches/correlation_encoding_and_training/mnist/hpo/shifted_nn_symm_stdp_synapse/hpo_data/hpo_iteration_data/4339491/estimator_1_neuron_6_weights.npy
2025-05-10 06:13:04,831 - INFO - Evaluating model...
2025-05-10 06:16:58,934 - INFO - Saved validation outputs to /s/ls4/users/selibrin/spiking_researches/correlation_encoding_and_training/mnist/hpo/shifted_nn_symm_stdp_synapse/hpo_data/hpo_iteration_data/4339491/estimator_1_neuron_6_validation_outputs.npy
2025-05-10 06:16:58,934 - INFO - Waiting for parameters file: /s/ls4/users/selibrin/spiking_researches/correlation_encoding_and_training/mnist/hpo/shifted_nn_symm_stdp_synapse/hpo_data/hpo_iteration_data/4339491/params_1_6.pkl
2025-05-10 06:17:18,960 - INFO - Loaded HPO parameters
2025-05-10 06:17:18,961 - INFO - Preparing datasets...
2025-05-10 06:17:24,375 - INFO - Prepared datasets: 1164 train & 1000 validation samples
2025-05-10 06:17:24,376 - INFO - Initializing model...
2025-05-10 06:17:24,379 - INFO - Fitting model...
2025-05-10 06:23:12,660 - INFO - Saved weights to /s/ls4/users/selibrin/spiking_researches/correlation_encoding_and_training/mnist/hpo/shifted_nn_symm_stdp_synapse/hpo_data/hpo_iteration_data/4339491/estimator_1_neuron_6_weights.npy
2025-05-10 06:23:12,660 - INFO - Evaluating model...
2025-05-10 06:27:11,388 - INFO - Saved validation outputs to /s/ls4/users/selibrin/spiking_researches/correlation_encoding_and_training/mnist/hpo/shifted_nn_symm_stdp_synapse/hpo_data/hpo_iteration_data/4339491/estimator_1_neuron_6_validation_outputs.npy
2025-05-10 06:27:11,388 - INFO - Waiting for parameters file: /s/ls4/users/selibrin/spiking_researches/correlation_encoding_and_training/mnist/hpo/shifted_nn_symm_stdp_synapse/hpo_data/hpo_iteration_data/4339491/params_1_6.pkl
2025-05-10 06:27:51,444 - INFO - Loaded HPO parameters
2025-05-10 06:27:51,444 - INFO - Preparing datasets...
2025-05-10 06:27:56,659 - INFO - Prepared datasets: 1164 train & 1000 validation samples
2025-05-10 06:27:56,660 - INFO - Initializing model...
2025-05-10 06:27:56,689 - INFO - Fitting model...
2025-05-10 06:33:27,811 - INFO - Saved weights to /s/ls4/users/selibrin/spiking_researches/correlation_encoding_and_training/mnist/hpo/shifted_nn_symm_stdp_synapse/hpo_data/hpo_iteration_data/4339491/estimator_1_neuron_6_weights.npy
2025-05-10 06:33:27,812 - INFO - Evaluating model...
2025-05-10 06:37:22,786 - INFO - Saved validation outputs to /s/ls4/users/selibrin/spiking_researches/correlation_encoding_and_training/mnist/hpo/shifted_nn_symm_stdp_synapse/hpo_data/hpo_iteration_data/4339491/estimator_1_neuron_6_validation_outputs.npy
2025-05-10 06:37:22,786 - INFO - Waiting for parameters file: /s/ls4/users/selibrin/spiking_researches/correlation_encoding_and_training/mnist/hpo/shifted_nn_symm_stdp_synapse/hpo_data/hpo_iteration_data/4339491/params_1_6.pkl
2025-05-10 06:37:57,826 - INFO - Loaded HPO parameters
2025-05-10 06:37:57,826 - INFO - Preparing datasets...
2025-05-10 06:38:03,124 - INFO - Prepared datasets: 582 train & 1000 validation samples
2025-05-10 06:38:03,124 - INFO - Initializing model...
2025-05-10 06:38:03,128 - INFO - Fitting model...
2025-05-10 06:41:01,144 - INFO - Saved weights to /s/ls4/users/selibrin/spiking_researches/correlation_encoding_and_training/mnist/hpo/shifted_nn_symm_stdp_synapse/hpo_data/hpo_iteration_data/4339491/estimator_1_neuron_6_weights.npy
2025-05-10 06:41:01,144 - INFO - Evaluating model...
2025-05-10 06:45:00,354 - INFO - Saved validation outputs to /s/ls4/users/selibrin/spiking_researches/correlation_encoding_and_training/mnist/hpo/shifted_nn_symm_stdp_synapse/hpo_data/hpo_iteration_data/4339491/estimator_1_neuron_6_validation_outputs.npy
2025-05-10 06:45:00,354 - INFO - Waiting for parameters file: /s/ls4/users/selibrin/spiking_researches/correlation_encoding_and_training/mnist/hpo/shifted_nn_symm_stdp_synapse/hpo_data/hpo_iteration_data/4339491/params_1_6.pkl
2025-05-10 06:45:30,393 - INFO - Loaded HPO parameters
2025-05-10 06:45:30,394 - INFO - Preparing datasets...
2025-05-10 06:45:35,501 - INFO - Prepared datasets: 1164 train & 1000 validation samples
2025-05-10 06:45:35,502 - INFO - Initializing model...
2025-05-10 06:45:35,506 - INFO - Fitting model...
2025-05-10 06:52:30,047 - INFO - Saved weights to /s/ls4/users/selibrin/spiking_researches/correlation_encoding_and_training/mnist/hpo/shifted_nn_symm_stdp_synapse/hpo_data/hpo_iteration_data/4339491/estimator_1_neuron_6_weights.npy
2025-05-10 06:52:30,047 - INFO - Evaluating model...
2025-05-10 06:56:36,415 - INFO - Saved validation outputs to /s/ls4/users/selibrin/spiking_researches/correlation_encoding_and_training/mnist/hpo/shifted_nn_symm_stdp_synapse/hpo_data/hpo_iteration_data/4339491/estimator_1_neuron_6_validation_outputs.npy
2025-05-10 06:56:36,416 - INFO - Waiting for parameters file: /s/ls4/users/selibrin/spiking_researches/correlation_encoding_and_training/mnist/hpo/shifted_nn_symm_stdp_synapse/hpo_data/hpo_iteration_data/4339491/params_1_6.pkl
2025-05-10 06:57:06,455 - INFO - Loaded HPO parameters
2025-05-10 06:57:06,456 - INFO - Preparing datasets...
2025-05-10 06:57:11,900 - INFO - Prepared datasets: 1164 train & 1000 validation samples
2025-05-10 06:57:11,900 - INFO - Initializing model...
2025-05-10 06:57:11,904 - INFO - Fitting model...
2025-05-10 07:02:25,446 - INFO - Saved weights to /s/ls4/users/selibrin/spiking_researches/correlation_encoding_and_training/mnist/hpo/shifted_nn_symm_stdp_synapse/hpo_data/hpo_iteration_data/4339491/estimator_1_neuron_6_weights.npy
2025-05-10 07:02:25,447 - INFO - Evaluating model...
2025-05-10 07:06:21,985 - INFO - Saved validation outputs to /s/ls4/users/selibrin/spiking_researches/correlation_encoding_and_training/mnist/hpo/shifted_nn_symm_stdp_synapse/hpo_data/hpo_iteration_data/4339491/estimator_1_neuron_6_validation_outputs.npy
2025-05-10 07:06:21,986 - INFO - Waiting for parameters file: /s/ls4/users/selibrin/spiking_researches/correlation_encoding_and_training/mnist/hpo/shifted_nn_symm_stdp_synapse/hpo_data/hpo_iteration_data/4339491/params_1_6.pkl
2025-05-10 07:06:37,012 - INFO - Loaded HPO parameters
2025-05-10 07:06:37,013 - INFO - Preparing datasets...
2025-05-10 07:06:42,619 - INFO - Prepared datasets: 1164 train & 1000 validation samples
2025-05-10 07:06:42,619 - INFO - Initializing model...
2025-05-10 07:06:42,622 - INFO - Fitting model...
2025-05-10 07:11:45,975 - INFO - Saved weights to /s/ls4/users/selibrin/spiking_researches/correlation_encoding_and_training/mnist/hpo/shifted_nn_symm_stdp_synapse/hpo_data/hpo_iteration_data/4339491/estimator_1_neuron_6_weights.npy
2025-05-10 07:11:45,975 - INFO - Evaluating model...
2025-05-10 07:15:38,515 - INFO - Saved validation outputs to /s/ls4/users/selibrin/spiking_researches/correlation_encoding_and_training/mnist/hpo/shifted_nn_symm_stdp_synapse/hpo_data/hpo_iteration_data/4339491/estimator_1_neuron_6_validation_outputs.npy
2025-05-10 07:15:38,515 - INFO - Waiting for parameters file: /s/ls4/users/selibrin/spiking_researches/correlation_encoding_and_training/mnist/hpo/shifted_nn_symm_stdp_synapse/hpo_data/hpo_iteration_data/4339491/params_1_6.pkl
2025-05-10 07:16:13,559 - INFO - Loaded HPO parameters
2025-05-10 07:16:13,559 - INFO - Preparing datasets...
2025-05-10 07:16:18,835 - INFO - Prepared datasets: 1164 train & 1000 validation samples
2025-05-10 07:16:18,836 - INFO - Initializing model...
2025-05-10 07:16:18,839 - INFO - Fitting model...
2025-05-10 07:22:19,986 - INFO - Saved weights to /s/ls4/users/selibrin/spiking_researches/correlation_encoding_and_training/mnist/hpo/shifted_nn_symm_stdp_synapse/hpo_data/hpo_iteration_data/4339491/estimator_1_neuron_6_weights.npy
2025-05-10 07:22:19,986 - INFO - Evaluating model...
2025-05-10 07:26:23,755 - INFO - Saved validation outputs to /s/ls4/users/selibrin/spiking_researches/correlation_encoding_and_training/mnist/hpo/shifted_nn_symm_stdp_synapse/hpo_data/hpo_iteration_data/4339491/estimator_1_neuron_6_validation_outputs.npy
2025-05-10 07:26:23,755 - INFO - Waiting for parameters file: /s/ls4/users/selibrin/spiking_researches/correlation_encoding_and_training/mnist/hpo/shifted_nn_symm_stdp_synapse/hpo_data/hpo_iteration_data/4339491/params_1_6.pkl
2025-05-10 07:26:43,790 - INFO - Loaded HPO parameters
2025-05-10 07:26:43,790 - INFO - Preparing datasets...
2025-05-10 07:26:49,323 - INFO - Prepared datasets: 582 train & 1000 validation samples
2025-05-10 07:26:49,323 - INFO - Initializing model...
2025-05-10 07:26:49,328 - INFO - Fitting model...
2025-05-10 07:29:25,465 - INFO - Saved weights to /s/ls4/users/selibrin/spiking_researches/correlation_encoding_and_training/mnist/hpo/shifted_nn_symm_stdp_synapse/hpo_data/hpo_iteration_data/4339491/estimator_1_neuron_6_weights.npy
2025-05-10 07:29:25,465 - INFO - Evaluating model...
2025-05-10 07:33:20,615 - INFO - Saved validation outputs to /s/ls4/users/selibrin/spiking_researches/correlation_encoding_and_training/mnist/hpo/shifted_nn_symm_stdp_synapse/hpo_data/hpo_iteration_data/4339491/estimator_1_neuron_6_validation_outputs.npy
2025-05-10 07:33:20,615 - INFO - Waiting for parameters file: /s/ls4/users/selibrin/spiking_researches/correlation_encoding_and_training/mnist/hpo/shifted_nn_symm_stdp_synapse/hpo_data/hpo_iteration_data/4339491/params_1_6.pkl
2025-05-10 07:33:50,652 - INFO - Loaded HPO parameters
2025-05-10 07:33:50,652 - INFO - Preparing datasets...
2025-05-10 07:33:55,795 - INFO - Prepared datasets: 1164 train & 1000 validation samples
2025-05-10 07:33:55,795 - INFO - Initializing model...
2025-05-10 07:33:55,799 - INFO - Fitting model...
2025-05-10 07:39:00,293 - INFO - Saved weights to /s/ls4/users/selibrin/spiking_researches/correlation_encoding_and_training/mnist/hpo/shifted_nn_symm_stdp_synapse/hpo_data/hpo_iteration_data/4339491/estimator_1_neuron_6_weights.npy
2025-05-10 07:39:00,293 - INFO - Evaluating model...
2025-05-10 07:42:54,526 - INFO - Saved validation outputs to /s/ls4/users/selibrin/spiking_researches/correlation_encoding_and_training/mnist/hpo/shifted_nn_symm_stdp_synapse/hpo_data/hpo_iteration_data/4339491/estimator_1_neuron_6_validation_outputs.npy
2025-05-10 07:42:54,527 - INFO - Waiting for parameters file: /s/ls4/users/selibrin/spiking_researches/correlation_encoding_and_training/mnist/hpo/shifted_nn_symm_stdp_synapse/hpo_data/hpo_iteration_data/4339491/params_1_6.pkl
2025-05-10 07:43:24,567 - INFO - Loaded HPO parameters
2025-05-10 07:43:24,567 - INFO - Preparing datasets...
2025-05-10 07:43:29,906 - INFO - Prepared datasets: 1164 train & 1000 validation samples
2025-05-10 07:43:29,906 - INFO - Initializing model...
2025-05-10 07:43:29,909 - INFO - Fitting model...
2025-05-10 07:48:51,506 - INFO - Saved weights to /s/ls4/users/selibrin/spiking_researches/correlation_encoding_and_training/mnist/hpo/shifted_nn_symm_stdp_synapse/hpo_data/hpo_iteration_data/4339491/estimator_1_neuron_6_weights.npy
2025-05-10 07:48:51,506 - INFO - Evaluating model...
2025-05-10 07:52:48,814 - INFO - Saved validation outputs to /s/ls4/users/selibrin/spiking_researches/correlation_encoding_and_training/mnist/hpo/shifted_nn_symm_stdp_synapse/hpo_data/hpo_iteration_data/4339491/estimator_1_neuron_6_validation_outputs.npy
2025-05-10 07:52:48,814 - INFO - Waiting for parameters file: /s/ls4/users/selibrin/spiking_researches/correlation_encoding_and_training/mnist/hpo/shifted_nn_symm_stdp_synapse/hpo_data/hpo_iteration_data/4339491/params_1_6.pkl
2025-05-10 07:53:28,870 - INFO - Loaded HPO parameters
2025-05-10 07:53:28,870 - INFO - Preparing datasets...
2025-05-10 07:53:34,414 - INFO - Prepared datasets: 1164 train & 1000 validation samples
2025-05-10 07:53:34,414 - INFO - Initializing model...
2025-05-10 07:53:34,418 - INFO - Fitting model...
2025-05-10 07:59:18,469 - INFO - Saved weights to /s/ls4/users/selibrin/spiking_researches/correlation_encoding_and_training/mnist/hpo/shifted_nn_symm_stdp_synapse/hpo_data/hpo_iteration_data/4339491/estimator_1_neuron_6_weights.npy
2025-05-10 07:59:18,469 - INFO - Evaluating model...
2025-05-10 08:03:15,491 - INFO - Saved validation outputs to /s/ls4/users/selibrin/spiking_researches/correlation_encoding_and_training/mnist/hpo/shifted_nn_symm_stdp_synapse/hpo_data/hpo_iteration_data/4339491/estimator_1_neuron_6_validation_outputs.npy
2025-05-10 08:03:15,491 - INFO - Waiting for parameters file: /s/ls4/users/selibrin/spiking_researches/correlation_encoding_and_training/mnist/hpo/shifted_nn_symm_stdp_synapse/hpo_data/hpo_iteration_data/4339491/params_1_6.pkl
2025-05-10 08:03:30,512 - INFO - Loaded HPO parameters
2025-05-10 08:03:30,512 - INFO - Preparing datasets...
2025-05-10 08:03:35,851 - INFO - Prepared datasets: 1164 train & 1000 validation samples
2025-05-10 08:03:35,852 - INFO - Initializing model...
2025-05-10 08:03:35,855 - INFO - Fitting model...
2025-05-10 08:08:46,915 - INFO - Saved weights to /s/ls4/users/selibrin/spiking_researches/correlation_encoding_and_training/mnist/hpo/shifted_nn_symm_stdp_synapse/hpo_data/hpo_iteration_data/4339491/estimator_1_neuron_6_weights.npy
2025-05-10 08:08:46,915 - INFO - Evaluating model...
2025-05-10 08:12:44,136 - INFO - Saved validation outputs to /s/ls4/users/selibrin/spiking_researches/correlation_encoding_and_training/mnist/hpo/shifted_nn_symm_stdp_synapse/hpo_data/hpo_iteration_data/4339491/estimator_1_neuron_6_validation_outputs.npy
2025-05-10 08:12:44,137 - INFO - Waiting for parameters file: /s/ls4/users/selibrin/spiking_researches/correlation_encoding_and_training/mnist/hpo/shifted_nn_symm_stdp_synapse/hpo_data/hpo_iteration_data/4339491/params_1_6.pkl
2025-05-10 08:13:04,165 - INFO - Loaded HPO parameters
2025-05-10 08:13:04,165 - INFO - Preparing datasets...
2025-05-10 08:13:09,700 - INFO - Prepared datasets: 582 train & 1000 validation samples
2025-05-10 08:13:09,700 - INFO - Initializing model...
2025-05-10 08:13:09,704 - INFO - Fitting model...
2025-05-10 08:15:48,558 - INFO - Saved weights to /s/ls4/users/selibrin/spiking_researches/correlation_encoding_and_training/mnist/hpo/shifted_nn_symm_stdp_synapse/hpo_data/hpo_iteration_data/4339491/estimator_1_neuron_6_weights.npy
2025-05-10 08:15:48,558 - INFO - Evaluating model...
2025-05-10 08:19:46,569 - INFO - Saved validation outputs to /s/ls4/users/selibrin/spiking_researches/correlation_encoding_and_training/mnist/hpo/shifted_nn_symm_stdp_synapse/hpo_data/hpo_iteration_data/4339491/estimator_1_neuron_6_validation_outputs.npy
2025-05-10 08:19:46,570 - INFO - Waiting for parameters file: /s/ls4/users/selibrin/spiking_researches/correlation_encoding_and_training/mnist/hpo/shifted_nn_symm_stdp_synapse/hpo_data/hpo_iteration_data/4339491/params_1_6.pkl
2025-05-10 08:20:06,603 - INFO - Loaded HPO parameters
2025-05-10 08:20:06,603 - INFO - Preparing datasets...
2025-05-10 08:20:12,049 - INFO - Prepared datasets: 1164 train & 1000 validation samples
2025-05-10 08:20:12,050 - INFO - Initializing model...
2025-05-10 08:20:12,053 - INFO - Fitting model...
2025-05-10 08:26:25,227 - INFO - Saved weights to /s/ls4/users/selibrin/spiking_researches/correlation_encoding_and_training/mnist/hpo/shifted_nn_symm_stdp_synapse/hpo_data/hpo_iteration_data/4339491/estimator_1_neuron_6_weights.npy
2025-05-10 08:26:25,227 - INFO - Evaluating model...
2025-05-10 08:30:29,838 - INFO - Saved validation outputs to /s/ls4/users/selibrin/spiking_researches/correlation_encoding_and_training/mnist/hpo/shifted_nn_symm_stdp_synapse/hpo_data/hpo_iteration_data/4339491/estimator_1_neuron_6_validation_outputs.npy
2025-05-10 08:30:29,839 - INFO - Waiting for parameters file: /s/ls4/users/selibrin/spiking_researches/correlation_encoding_and_training/mnist/hpo/shifted_nn_symm_stdp_synapse/hpo_data/hpo_iteration_data/4339491/params_1_6.pkl
2025-05-10 08:30:44,860 - INFO - Loaded HPO parameters
2025-05-10 08:30:44,860 - INFO - Preparing datasets...
2025-05-10 08:30:50,057 - INFO - Prepared datasets: 1164 train & 1000 validation samples
2025-05-10 08:30:50,057 - INFO - Initializing model...
2025-05-10 08:30:50,061 - INFO - Fitting model...
2025-05-10 08:37:44,261 - INFO - Saved weights to /s/ls4/users/selibrin/spiking_researches/correlation_encoding_and_training/mnist/hpo/shifted_nn_symm_stdp_synapse/hpo_data/hpo_iteration_data/4339491/estimator_1_neuron_6_weights.npy
2025-05-10 08:37:44,261 - INFO - Evaluating model...
2025-05-10 08:41:56,512 - INFO - Saved validation outputs to /s/ls4/users/selibrin/spiking_researches/correlation_encoding_and_training/mnist/hpo/shifted_nn_symm_stdp_synapse/hpo_data/hpo_iteration_data/4339491/estimator_1_neuron_6_validation_outputs.npy
2025-05-10 08:41:56,512 - INFO - Waiting for parameters file: /s/ls4/users/selibrin/spiking_researches/correlation_encoding_and_training/mnist/hpo/shifted_nn_symm_stdp_synapse/hpo_data/hpo_iteration_data/4339491/params_1_6.pkl
2025-05-10 08:42:16,538 - INFO - Loaded HPO parameters
2025-05-10 08:42:16,539 - INFO - Preparing datasets...
2025-05-10 08:42:22,198 - INFO - Prepared datasets: 1164 train & 1000 validation samples
2025-05-10 08:42:22,199 - INFO - Initializing model...
2025-05-10 08:42:22,204 - INFO - Fitting model...
2025-05-10 08:47:27,431 - INFO - Saved weights to /s/ls4/users/selibrin/spiking_researches/correlation_encoding_and_training/mnist/hpo/shifted_nn_symm_stdp_synapse/hpo_data/hpo_iteration_data/4339491/estimator_1_neuron_6_weights.npy
2025-05-10 08:47:27,432 - INFO - Evaluating model...
2025-05-10 08:51:17,362 - INFO - Saved validation outputs to /s/ls4/users/selibrin/spiking_researches/correlation_encoding_and_training/mnist/hpo/shifted_nn_symm_stdp_synapse/hpo_data/hpo_iteration_data/4339491/estimator_1_neuron_6_validation_outputs.npy
2025-05-10 08:51:17,363 - INFO - Waiting for parameters file: /s/ls4/users/selibrin/spiking_researches/correlation_encoding_and_training/mnist/hpo/shifted_nn_symm_stdp_synapse/hpo_data/hpo_iteration_data/4339491/params_1_6.pkl
2025-05-10 08:51:52,406 - INFO - Loaded HPO parameters
2025-05-10 08:51:52,407 - INFO - Preparing datasets...
2025-05-10 08:51:57,823 - INFO - Prepared datasets: 1164 train & 1000 validation samples
2025-05-10 08:51:57,824 - INFO - Initializing model...
2025-05-10 08:51:57,827 - INFO - Fitting model...
2025-05-10 08:57:32,044 - INFO - Saved weights to /s/ls4/users/selibrin/spiking_researches/correlation_encoding_and_training/mnist/hpo/shifted_nn_symm_stdp_synapse/hpo_data/hpo_iteration_data/4339491/estimator_1_neuron_6_weights.npy
2025-05-10 08:57:32,044 - INFO - Evaluating model...
2025-05-10 09:01:33,977 - INFO - Saved validation outputs to /s/ls4/users/selibrin/spiking_researches/correlation_encoding_and_training/mnist/hpo/shifted_nn_symm_stdp_synapse/hpo_data/hpo_iteration_data/4339491/estimator_1_neuron_6_validation_outputs.npy
2025-05-10 09:01:33,977 - INFO - Waiting for parameters file: /s/ls4/users/selibrin/spiking_researches/correlation_encoding_and_training/mnist/hpo/shifted_nn_symm_stdp_synapse/hpo_data/hpo_iteration_data/4339491/params_1_6.pkl
2025-05-10 09:01:54,011 - INFO - Loaded HPO parameters
2025-05-10 09:01:54,011 - INFO - Preparing datasets...
2025-05-10 09:01:59,480 - INFO - Prepared datasets: 582 train & 1000 validation samples
2025-05-10 09:01:59,480 - INFO - Initializing model...
2025-05-10 09:01:59,483 - INFO - Fitting model...
2025-05-10 09:04:33,731 - INFO - Saved weights to /s/ls4/users/selibrin/spiking_researches/correlation_encoding_and_training/mnist/hpo/shifted_nn_symm_stdp_synapse/hpo_data/hpo_iteration_data/4339491/estimator_1_neuron_6_weights.npy
2025-05-10 09:04:33,732 - INFO - Evaluating model...
2025-05-10 09:08:28,361 - INFO - Saved validation outputs to /s/ls4/users/selibrin/spiking_researches/correlation_encoding_and_training/mnist/hpo/shifted_nn_symm_stdp_synapse/hpo_data/hpo_iteration_data/4339491/estimator_1_neuron_6_validation_outputs.npy
2025-05-10 09:08:28,362 - INFO - Waiting for parameters file: /s/ls4/users/selibrin/spiking_researches/correlation_encoding_and_training/mnist/hpo/shifted_nn_symm_stdp_synapse/hpo_data/hpo_iteration_data/4339491/params_1_6.pkl
2025-05-10 09:08:58,400 - INFO - Loaded HPO parameters
2025-05-10 09:08:58,400 - INFO - Preparing datasets...
2025-05-10 09:09:04,176 - INFO - Prepared datasets: 291 train & 1000 validation samples
2025-05-10 09:09:04,176 - INFO - Initializing model...
2025-05-10 09:09:04,180 - INFO - Fitting model...
2025-05-10 09:10:36,810 - INFO - Saved weights to /s/ls4/users/selibrin/spiking_researches/correlation_encoding_and_training/mnist/hpo/shifted_nn_symm_stdp_synapse/hpo_data/hpo_iteration_data/4339491/estimator_1_neuron_6_weights.npy
2025-05-10 09:10:36,811 - INFO - Evaluating model...
2025-05-10 09:14:41,651 - INFO - Saved validation outputs to /s/ls4/users/selibrin/spiking_researches/correlation_encoding_and_training/mnist/hpo/shifted_nn_symm_stdp_synapse/hpo_data/hpo_iteration_data/4339491/estimator_1_neuron_6_validation_outputs.npy
2025-05-10 09:14:41,652 - INFO - Waiting for parameters file: /s/ls4/users/selibrin/spiking_researches/correlation_encoding_and_training/mnist/hpo/shifted_nn_symm_stdp_synapse/hpo_data/hpo_iteration_data/4339491/params_1_6.pkl
2025-05-10 09:15:01,682 - INFO - Loaded HPO parameters
2025-05-10 09:15:01,683 - INFO - Preparing datasets...
2025-05-10 09:15:07,167 - INFO - Prepared datasets: 1164 train & 1000 validation samples
2025-05-10 09:15:07,168 - INFO - Initializing model...
2025-05-10 09:15:07,172 - INFO - Fitting model...
2025-05-10 09:20:33,469 - INFO - Saved weights to /s/ls4/users/selibrin/spiking_researches/correlation_encoding_and_training/mnist/hpo/shifted_nn_symm_stdp_synapse/hpo_data/hpo_iteration_data/4339491/estimator_1_neuron_6_weights.npy
2025-05-10 09:20:33,469 - INFO - Evaluating model...
2025-05-10 09:24:33,464 - INFO - Saved validation outputs to /s/ls4/users/selibrin/spiking_researches/correlation_encoding_and_training/mnist/hpo/shifted_nn_symm_stdp_synapse/hpo_data/hpo_iteration_data/4339491/estimator_1_neuron_6_validation_outputs.npy
2025-05-10 09:24:33,464 - INFO - Waiting for parameters file: /s/ls4/users/selibrin/spiking_researches/correlation_encoding_and_training/mnist/hpo/shifted_nn_symm_stdp_synapse/hpo_data/hpo_iteration_data/4339491/params_1_6.pkl
2025-05-10 09:25:03,510 - INFO - Loaded HPO parameters
2025-05-10 09:25:03,510 - INFO - Preparing datasets...
2025-05-10 09:25:08,933 - INFO - Prepared datasets: 1164 train & 1000 validation samples
2025-05-10 09:25:08,934 - INFO - Initializing model...
2025-05-10 09:25:08,938 - INFO - Fitting model...
2025-05-10 09:30:23,134 - INFO - Saved weights to /s/ls4/users/selibrin/spiking_researches/correlation_encoding_and_training/mnist/hpo/shifted_nn_symm_stdp_synapse/hpo_data/hpo_iteration_data/4339491/estimator_1_neuron_6_weights.npy
2025-05-10 09:30:23,134 - INFO - Evaluating model...
2025-05-10 09:34:19,317 - INFO - Saved validation outputs to /s/ls4/users/selibrin/spiking_researches/correlation_encoding_and_training/mnist/hpo/shifted_nn_symm_stdp_synapse/hpo_data/hpo_iteration_data/4339491/estimator_1_neuron_6_validation_outputs.npy
2025-05-10 09:34:19,317 - INFO - Waiting for parameters file: /s/ls4/users/selibrin/spiking_researches/correlation_encoding_and_training/mnist/hpo/shifted_nn_symm_stdp_synapse/hpo_data/hpo_iteration_data/4339491/params_1_6.pkl
2025-05-10 09:34:39,350 - INFO - Loaded HPO parameters
2025-05-10 09:34:39,351 - INFO - Preparing datasets...
2025-05-10 09:34:44,827 - INFO - Prepared datasets: 1164 train & 1000 validation samples
2025-05-10 09:34:44,828 - INFO - Initializing model...
2025-05-10 09:34:44,831 - INFO - Fitting model...
2025-05-10 09:40:30,819 - INFO - Saved weights to /s/ls4/users/selibrin/spiking_researches/correlation_encoding_and_training/mnist/hpo/shifted_nn_symm_stdp_synapse/hpo_data/hpo_iteration_data/4339491/estimator_1_neuron_6_weights.npy
2025-05-10 09:40:30,819 - INFO - Evaluating model...
2025-05-10 09:44:32,303 - INFO - Saved validation outputs to /s/ls4/users/selibrin/spiking_researches/correlation_encoding_and_training/mnist/hpo/shifted_nn_symm_stdp_synapse/hpo_data/hpo_iteration_data/4339491/estimator_1_neuron_6_validation_outputs.npy
2025-05-10 09:44:32,303 - INFO - Waiting for parameters file: /s/ls4/users/selibrin/spiking_researches/correlation_encoding_and_training/mnist/hpo/shifted_nn_symm_stdp_synapse/hpo_data/hpo_iteration_data/4339491/params_1_6.pkl
2025-05-10 09:44:42,319 - INFO - Loaded HPO parameters
2025-05-10 09:44:42,320 - INFO - Preparing datasets...
2025-05-10 09:44:47,931 - INFO - Prepared datasets: 291 train & 1000 validation samples
2025-05-10 09:44:47,932 - INFO - Initializing model...
2025-05-10 09:44:47,936 - INFO - Fitting model...
2025-05-10 09:46:03,004 - INFO - Saved weights to /s/ls4/users/selibrin/spiking_researches/correlation_encoding_and_training/mnist/hpo/shifted_nn_symm_stdp_synapse/hpo_data/hpo_iteration_data/4339491/estimator_1_neuron_6_weights.npy
2025-05-10 09:46:03,004 - INFO - Evaluating model...
2025-05-10 09:49:54,035 - INFO - Saved validation outputs to /s/ls4/users/selibrin/spiking_researches/correlation_encoding_and_training/mnist/hpo/shifted_nn_symm_stdp_synapse/hpo_data/hpo_iteration_data/4339491/estimator_1_neuron_6_validation_outputs.npy
2025-05-10 09:49:54,036 - INFO - Waiting for parameters file: /s/ls4/users/selibrin/spiking_researches/correlation_encoding_and_training/mnist/hpo/shifted_nn_symm_stdp_synapse/hpo_data/hpo_iteration_data/4339491/params_1_6.pkl
2025-05-10 09:50:14,064 - INFO - Loaded HPO parameters
2025-05-10 09:50:14,065 - INFO - Preparing datasets...
2025-05-10 09:50:19,399 - INFO - Prepared datasets: 1164 train & 1000 validation samples
2025-05-10 09:50:19,400 - INFO - Initializing model...
2025-05-10 09:50:19,404 - INFO - Fitting model...
2025-05-10 09:55:38,581 - INFO - Saved weights to /s/ls4/users/selibrin/spiking_researches/correlation_encoding_and_training/mnist/hpo/shifted_nn_symm_stdp_synapse/hpo_data/hpo_iteration_data/4339491/estimator_1_neuron_6_weights.npy
2025-05-10 09:55:38,581 - INFO - Evaluating model...
2025-05-10 09:59:36,198 - INFO - Saved validation outputs to /s/ls4/users/selibrin/spiking_researches/correlation_encoding_and_training/mnist/hpo/shifted_nn_symm_stdp_synapse/hpo_data/hpo_iteration_data/4339491/estimator_1_neuron_6_validation_outputs.npy
2025-05-10 09:59:36,198 - INFO - Waiting for parameters file: /s/ls4/users/selibrin/spiking_researches/correlation_encoding_and_training/mnist/hpo/shifted_nn_symm_stdp_synapse/hpo_data/hpo_iteration_data/4339491/params_1_6.pkl
2025-05-10 10:00:21,255 - INFO - Loaded HPO parameters
2025-05-10 10:00:21,256 - INFO - Preparing datasets...
2025-05-10 10:00:26,592 - INFO - Prepared datasets: 582 train & 1000 validation samples
2025-05-10 10:00:26,592 - INFO - Initializing model...
2025-05-10 10:00:26,596 - INFO - Fitting model...
2025-05-10 10:03:05,034 - INFO - Saved weights to /s/ls4/users/selibrin/spiking_researches/correlation_encoding_and_training/mnist/hpo/shifted_nn_symm_stdp_synapse/hpo_data/hpo_iteration_data/4339491/estimator_1_neuron_6_weights.npy
2025-05-10 10:03:05,035 - INFO - Evaluating model...
2025-05-10 10:07:00,498 - INFO - Saved validation outputs to /s/ls4/users/selibrin/spiking_researches/correlation_encoding_and_training/mnist/hpo/shifted_nn_symm_stdp_synapse/hpo_data/hpo_iteration_data/4339491/estimator_1_neuron_6_validation_outputs.npy
2025-05-10 10:07:00,499 - INFO - Waiting for parameters file: /s/ls4/users/selibrin/spiking_researches/correlation_encoding_and_training/mnist/hpo/shifted_nn_symm_stdp_synapse/hpo_data/hpo_iteration_data/4339491/params_1_6.pkl
2025-05-10 10:07:20,529 - INFO - Loaded HPO parameters
2025-05-10 10:07:20,530 - INFO - Preparing datasets...
2025-05-10 10:07:25,622 - INFO - Prepared datasets: 1164 train & 1000 validation samples
2025-05-10 10:07:25,622 - INFO - Initializing model...
2025-05-10 10:07:25,626 - INFO - Fitting model...
2025-05-10 10:13:38,740 - INFO - Saved weights to /s/ls4/users/selibrin/spiking_researches/correlation_encoding_and_training/mnist/hpo/shifted_nn_symm_stdp_synapse/hpo_data/hpo_iteration_data/4339491/estimator_1_neuron_6_weights.npy
2025-05-10 10:13:38,741 - INFO - Evaluating model...
2025-05-10 10:17:45,084 - INFO - Saved validation outputs to /s/ls4/users/selibrin/spiking_researches/correlation_encoding_and_training/mnist/hpo/shifted_nn_symm_stdp_synapse/hpo_data/hpo_iteration_data/4339491/estimator_1_neuron_6_validation_outputs.npy
2025-05-10 10:17:45,085 - INFO - Waiting for parameters file: /s/ls4/users/selibrin/spiking_researches/correlation_encoding_and_training/mnist/hpo/shifted_nn_symm_stdp_synapse/hpo_data/hpo_iteration_data/4339491/params_1_6.pkl
2025-05-10 10:18:25,133 - INFO - Loaded HPO parameters
2025-05-10 10:18:25,134 - INFO - Preparing datasets...
2025-05-10 10:18:30,503 - INFO - Prepared datasets: 1164 train & 1000 validation samples
2025-05-10 10:18:30,504 - INFO - Initializing model...
2025-05-10 10:18:30,507 - INFO - Fitting model...
2025-05-10 10:24:10,335 - INFO - Saved weights to /s/ls4/users/selibrin/spiking_researches/correlation_encoding_and_training/mnist/hpo/shifted_nn_symm_stdp_synapse/hpo_data/hpo_iteration_data/4339491/estimator_1_neuron_6_weights.npy
2025-05-10 10:24:10,335 - INFO - Evaluating model...
2025-05-10 10:28:08,232 - INFO - Saved validation outputs to /s/ls4/users/selibrin/spiking_researches/correlation_encoding_and_training/mnist/hpo/shifted_nn_symm_stdp_synapse/hpo_data/hpo_iteration_data/4339491/estimator_1_neuron_6_validation_outputs.npy
2025-05-10 10:28:08,232 - INFO - Waiting for parameters file: /s/ls4/users/selibrin/spiking_researches/correlation_encoding_and_training/mnist/hpo/shifted_nn_symm_stdp_synapse/hpo_data/hpo_iteration_data/4339491/params_1_6.pkl
2025-05-10 10:28:28,261 - INFO - Loaded HPO parameters
2025-05-10 10:28:28,261 - INFO - Preparing datasets...
2025-05-10 10:28:33,706 - INFO - Prepared datasets: 291 train & 1000 validation samples
2025-05-10 10:28:33,706 - INFO - Initializing model...
2025-05-10 10:28:33,710 - INFO - Fitting model...
2025-05-10 10:30:16,857 - INFO - Saved weights to /s/ls4/users/selibrin/spiking_researches/correlation_encoding_and_training/mnist/hpo/shifted_nn_symm_stdp_synapse/hpo_data/hpo_iteration_data/4339491/estimator_1_neuron_6_weights.npy
2025-05-10 10:30:16,858 - INFO - Evaluating model...
2025-05-10 10:34:25,527 - INFO - Saved validation outputs to /s/ls4/users/selibrin/spiking_researches/correlation_encoding_and_training/mnist/hpo/shifted_nn_symm_stdp_synapse/hpo_data/hpo_iteration_data/4339491/estimator_1_neuron_6_validation_outputs.npy
2025-05-10 10:34:25,527 - INFO - Waiting for parameters file: /s/ls4/users/selibrin/spiking_researches/correlation_encoding_and_training/mnist/hpo/shifted_nn_symm_stdp_synapse/hpo_data/hpo_iteration_data/4339491/params_1_6.pkl
2025-05-10 10:35:05,577 - INFO - Loaded HPO parameters
2025-05-10 10:35:05,577 - INFO - Preparing datasets...
2025-05-10 10:35:11,041 - INFO - Prepared datasets: 1164 train & 1000 validation samples
2025-05-10 10:35:11,042 - INFO - Initializing model...
2025-05-10 10:35:11,045 - INFO - Fitting model...
2025-05-10 10:40:21,863 - INFO - Saved weights to /s/ls4/users/selibrin/spiking_researches/correlation_encoding_and_training/mnist/hpo/shifted_nn_symm_stdp_synapse/hpo_data/hpo_iteration_data/4339491/estimator_1_neuron_6_weights.npy
2025-05-10 10:40:21,863 - INFO - Evaluating model...
2025-05-10 10:44:11,155 - INFO - Saved validation outputs to /s/ls4/users/selibrin/spiking_researches/correlation_encoding_and_training/mnist/hpo/shifted_nn_symm_stdp_synapse/hpo_data/hpo_iteration_data/4339491/estimator_1_neuron_6_validation_outputs.npy
2025-05-10 10:44:11,155 - INFO - Waiting for parameters file: /s/ls4/users/selibrin/spiking_researches/correlation_encoding_and_training/mnist/hpo/shifted_nn_symm_stdp_synapse/hpo_data/hpo_iteration_data/4339491/params_1_6.pkl
2025-05-10 10:44:36,189 - INFO - Loaded HPO parameters
2025-05-10 10:44:36,189 - INFO - Preparing datasets...
2025-05-10 10:44:41,393 - INFO - Prepared datasets: 1164 train & 1000 validation samples
2025-05-10 10:44:41,393 - INFO - Initializing model...
2025-05-10 10:44:41,397 - INFO - Fitting model...
2025-05-10 10:50:52,007 - INFO - Saved weights to /s/ls4/users/selibrin/spiking_researches/correlation_encoding_and_training/mnist/hpo/shifted_nn_symm_stdp_synapse/hpo_data/hpo_iteration_data/4339491/estimator_1_neuron_6_weights.npy
2025-05-10 10:50:52,008 - INFO - Evaluating model...
2025-05-10 10:54:57,514 - INFO - Saved validation outputs to /s/ls4/users/selibrin/spiking_researches/correlation_encoding_and_training/mnist/hpo/shifted_nn_symm_stdp_synapse/hpo_data/hpo_iteration_data/4339491/estimator_1_neuron_6_validation_outputs.npy
2025-05-10 10:54:57,514 - INFO - Waiting for parameters file: /s/ls4/users/selibrin/spiking_researches/correlation_encoding_and_training/mnist/hpo/shifted_nn_symm_stdp_synapse/hpo_data/hpo_iteration_data/4339491/params_1_6.pkl
2025-05-10 10:55:42,571 - INFO - Loaded HPO parameters
2025-05-10 10:55:42,571 - INFO - Preparing datasets...
2025-05-10 10:55:47,984 - INFO - Prepared datasets: 1164 train & 1000 validation samples
2025-05-10 10:55:47,984 - INFO - Initializing model...
2025-05-10 10:55:47,988 - INFO - Fitting model...
2025-05-10 11:01:16,706 - INFO - Saved weights to /s/ls4/users/selibrin/spiking_researches/correlation_encoding_and_training/mnist/hpo/shifted_nn_symm_stdp_synapse/hpo_data/hpo_iteration_data/4339491/estimator_1_neuron_6_weights.npy
2025-05-10 11:01:16,706 - INFO - Evaluating model...
2025-05-10 11:05:14,960 - INFO - Saved validation outputs to /s/ls4/users/selibrin/spiking_researches/correlation_encoding_and_training/mnist/hpo/shifted_nn_symm_stdp_synapse/hpo_data/hpo_iteration_data/4339491/estimator_1_neuron_6_validation_outputs.npy
2025-05-10 11:05:14,960 - INFO - Waiting for parameters file: /s/ls4/users/selibrin/spiking_researches/correlation_encoding_and_training/mnist/hpo/shifted_nn_symm_stdp_synapse/hpo_data/hpo_iteration_data/4339491/params_1_6.pkl
2025-05-10 11:05:44,999 - INFO - Loaded HPO parameters
2025-05-10 11:05:44,999 - INFO - Preparing datasets...
2025-05-10 11:05:50,402 - INFO - Prepared datasets: 582 train & 1000 validation samples
2025-05-10 11:05:50,402 - INFO - Initializing model...
2025-05-10 11:05:50,406 - INFO - Fitting model...
2025-05-10 11:08:26,111 - INFO - Saved weights to /s/ls4/users/selibrin/spiking_researches/correlation_encoding_and_training/mnist/hpo/shifted_nn_symm_stdp_synapse/hpo_data/hpo_iteration_data/4339491/estimator_1_neuron_6_weights.npy
2025-05-10 11:08:26,111 - INFO - Evaluating model...
2025-05-10 11:12:21,825 - INFO - Saved validation outputs to /s/ls4/users/selibrin/spiking_researches/correlation_encoding_and_training/mnist/hpo/shifted_nn_symm_stdp_synapse/hpo_data/hpo_iteration_data/4339491/estimator_1_neuron_6_validation_outputs.npy
2025-05-10 11:12:21,825 - INFO - Waiting for parameters file: /s/ls4/users/selibrin/spiking_researches/correlation_encoding_and_training/mnist/hpo/shifted_nn_symm_stdp_synapse/hpo_data/hpo_iteration_data/4339491/params_1_6.pkl
2025-05-10 11:12:46,854 - INFO - Loaded HPO parameters
2025-05-10 11:12:46,854 - INFO - Preparing datasets...
2025-05-10 11:12:52,431 - INFO - Prepared datasets: 1164 train & 1000 validation samples
2025-05-10 11:12:52,432 - INFO - Initializing model...
2025-05-10 11:12:52,436 - INFO - Fitting model...
2025-05-10 11:17:31,276 - INFO - Saved weights to /s/ls4/users/selibrin/spiking_researches/correlation_encoding_and_training/mnist/hpo/shifted_nn_symm_stdp_synapse/hpo_data/hpo_iteration_data/4339491/estimator_1_neuron_6_weights.npy
2025-05-10 11:17:31,276 - INFO - Evaluating model...
2025-05-10 11:19:46,784 - INFO - Saved validation outputs to /s/ls4/users/selibrin/spiking_researches/correlation_encoding_and_training/mnist/hpo/shifted_nn_symm_stdp_synapse/hpo_data/hpo_iteration_data/4339491/estimator_1_neuron_6_validation_outputs.npy
2025-05-10 11:19:46,784 - INFO - Waiting for parameters file: /s/ls4/users/selibrin/spiking_researches/correlation_encoding_and_training/mnist/hpo/shifted_nn_symm_stdp_synapse/hpo_data/hpo_iteration_data/4339491/params_1_6.pkl
2025-05-10 11:20:21,826 - INFO - Loaded HPO parameters
2025-05-10 11:20:21,826 - INFO - Preparing datasets...
2025-05-10 11:20:24,964 - INFO - Prepared datasets: 291 train & 1000 validation samples
2025-05-10 11:20:24,964 - INFO - Initializing model...
2025-05-10 11:20:24,966 - INFO - Fitting model...
2025-05-10 11:21:08,786 - INFO - Saved weights to /s/ls4/users/selibrin/spiking_researches/correlation_encoding_and_training/mnist/hpo/shifted_nn_symm_stdp_synapse/hpo_data/hpo_iteration_data/4339491/estimator_1_neuron_6_weights.npy
2025-05-10 11:21:08,786 - INFO - Evaluating model...
2025-05-10 11:23:22,320 - INFO - Saved validation outputs to /s/ls4/users/selibrin/spiking_researches/correlation_encoding_and_training/mnist/hpo/shifted_nn_symm_stdp_synapse/hpo_data/hpo_iteration_data/4339491/estimator_1_neuron_6_validation_outputs.npy
2025-05-10 11:23:22,320 - INFO - Waiting for parameters file: /s/ls4/users/selibrin/spiking_researches/correlation_encoding_and_training/mnist/hpo/shifted_nn_symm_stdp_synapse/hpo_data/hpo_iteration_data/4339491/params_1_6.pkl
2025-05-10 11:23:57,362 - INFO - Loaded HPO parameters
2025-05-10 11:23:57,363 - INFO - Preparing datasets...
2025-05-10 11:24:00,472 - INFO - Prepared datasets: 1164 train & 1000 validation samples
2025-05-10 11:24:00,472 - INFO - Initializing model...
2025-05-10 11:24:00,474 - INFO - Fitting model...
2025-05-10 11:27:19,408 - INFO - Saved weights to /s/ls4/users/selibrin/spiking_researches/correlation_encoding_and_training/mnist/hpo/shifted_nn_symm_stdp_synapse/hpo_data/hpo_iteration_data/4339491/estimator_1_neuron_6_weights.npy
2025-05-10 11:27:19,408 - INFO - Evaluating model...
2025-05-10 11:29:35,742 - INFO - Saved validation outputs to /s/ls4/users/selibrin/spiking_researches/correlation_encoding_and_training/mnist/hpo/shifted_nn_symm_stdp_synapse/hpo_data/hpo_iteration_data/4339491/estimator_1_neuron_6_validation_outputs.npy
2025-05-10 11:29:35,742 - INFO - Waiting for parameters file: /s/ls4/users/selibrin/spiking_researches/correlation_encoding_and_training/mnist/hpo/shifted_nn_symm_stdp_synapse/hpo_data/hpo_iteration_data/4339491/params_1_6.pkl
2025-05-10 11:30:00,774 - INFO - Loaded HPO parameters
2025-05-10 11:30:00,774 - INFO - Preparing datasets...
2025-05-10 11:30:03,866 - INFO - Prepared datasets: 1164 train & 1000 validation samples
2025-05-10 11:30:03,866 - INFO - Initializing model...
2025-05-10 11:30:03,868 - INFO - Fitting model...
2025-05-10 11:33:04,074 - INFO - Saved weights to /s/ls4/users/selibrin/spiking_researches/correlation_encoding_and_training/mnist/hpo/shifted_nn_symm_stdp_synapse/hpo_data/hpo_iteration_data/4339491/estimator_1_neuron_6_weights.npy
2025-05-10 11:33:04,075 - INFO - Evaluating model...
2025-05-10 11:35:17,362 - INFO - Saved validation outputs to /s/ls4/users/selibrin/spiking_researches/correlation_encoding_and_training/mnist/hpo/shifted_nn_symm_stdp_synapse/hpo_data/hpo_iteration_data/4339491/estimator_1_neuron_6_validation_outputs.npy
2025-05-10 11:35:17,362 - INFO - Waiting for parameters file: /s/ls4/users/selibrin/spiking_researches/correlation_encoding_and_training/mnist/hpo/shifted_nn_symm_stdp_synapse/hpo_data/hpo_iteration_data/4339491/params_1_6.pkl
2025-05-10 11:35:32,381 - INFO - Loaded HPO parameters
2025-05-10 11:35:32,382 - INFO - Preparing datasets...
2025-05-10 11:35:35,565 - INFO - Prepared datasets: 1164 train & 1000 validation samples
2025-05-10 11:35:35,565 - INFO - Initializing model...
2025-05-10 11:35:35,567 - INFO - Fitting model...
2025-05-10 11:38:31,871 - INFO - Saved weights to /s/ls4/users/selibrin/spiking_researches/correlation_encoding_and_training/mnist/hpo/shifted_nn_symm_stdp_synapse/hpo_data/hpo_iteration_data/4339491/estimator_1_neuron_6_weights.npy
2025-05-10 11:38:31,871 - INFO - Evaluating model...
2025-05-10 11:40:45,550 - INFO - Saved validation outputs to /s/ls4/users/selibrin/spiking_researches/correlation_encoding_and_training/mnist/hpo/shifted_nn_symm_stdp_synapse/hpo_data/hpo_iteration_data/4339491/estimator_1_neuron_6_validation_outputs.npy
2025-05-10 11:40:45,550 - INFO - Waiting for parameters file: /s/ls4/users/selibrin/spiking_researches/correlation_encoding_and_training/mnist/hpo/shifted_nn_symm_stdp_synapse/hpo_data/hpo_iteration_data/4339491/params_1_6.pkl
2025-05-10 11:41:05,577 - INFO - Loaded HPO parameters
2025-05-10 11:41:05,577 - INFO - Preparing datasets...
2025-05-10 11:41:08,700 - INFO - Prepared datasets: 582 train & 1000 validation samples
2025-05-10 11:41:08,701 - INFO - Initializing model...
2025-05-10 11:41:08,703 - INFO - Fitting model...
2025-05-10 11:42:55,182 - INFO - Saved weights to /s/ls4/users/selibrin/spiking_researches/correlation_encoding_and_training/mnist/hpo/shifted_nn_symm_stdp_synapse/hpo_data/hpo_iteration_data/4339491/estimator_1_neuron_6_weights.npy
2025-05-10 11:42:55,182 - INFO - Evaluating model...
2025-05-10 11:45:13,581 - INFO - Saved validation outputs to /s/ls4/users/selibrin/spiking_researches/correlation_encoding_and_training/mnist/hpo/shifted_nn_symm_stdp_synapse/hpo_data/hpo_iteration_data/4339491/estimator_1_neuron_6_validation_outputs.npy
2025-05-10 11:45:13,581 - INFO - Waiting for parameters file: /s/ls4/users/selibrin/spiking_researches/correlation_encoding_and_training/mnist/hpo/shifted_nn_symm_stdp_synapse/hpo_data/hpo_iteration_data/4339491/params_1_6.pkl
2025-05-10 11:45:38,613 - INFO - Loaded HPO parameters
2025-05-10 11:45:38,613 - INFO - Preparing datasets...
2025-05-10 11:45:41,780 - INFO - Prepared datasets: 1164 train & 1000 validation samples
2025-05-10 11:45:41,784 - INFO - Initializing model...
2025-05-10 11:45:41,786 - INFO - Fitting model...
2025-05-10 11:49:39,880 - INFO - Saved weights to /s/ls4/users/selibrin/spiking_researches/correlation_encoding_and_training/mnist/hpo/shifted_nn_symm_stdp_synapse/hpo_data/hpo_iteration_data/4339491/estimator_1_neuron_6_weights.npy
2025-05-10 11:49:39,880 - INFO - Evaluating model...
2025-05-10 11:51:58,596 - INFO - Saved validation outputs to /s/ls4/users/selibrin/spiking_researches/correlation_encoding_and_training/mnist/hpo/shifted_nn_symm_stdp_synapse/hpo_data/hpo_iteration_data/4339491/estimator_1_neuron_6_validation_outputs.npy
2025-05-10 11:51:58,596 - INFO - Waiting for parameters file: /s/ls4/users/selibrin/spiking_researches/correlation_encoding_and_training/mnist/hpo/shifted_nn_symm_stdp_synapse/hpo_data/hpo_iteration_data/4339491/params_1_6.pkl
2025-05-10 11:52:13,618 - INFO - Loaded HPO parameters
2025-05-10 11:52:13,618 - INFO - Preparing datasets...
2025-05-10 11:52:16,808 - INFO - Prepared datasets: 291 train & 1000 validation samples
2025-05-10 11:52:16,809 - INFO - Initializing model...
2025-05-10 11:52:16,811 - INFO - Fitting model...
2025-05-10 11:53:04,646 - INFO - Saved weights to /s/ls4/users/selibrin/spiking_researches/correlation_encoding_and_training/mnist/hpo/shifted_nn_symm_stdp_synapse/hpo_data/hpo_iteration_data/4339491/estimator_1_neuron_6_weights.npy
2025-05-10 11:53:04,646 - INFO - Evaluating model...
2025-05-10 11:55:19,124 - INFO - Saved validation outputs to /s/ls4/users/selibrin/spiking_researches/correlation_encoding_and_training/mnist/hpo/shifted_nn_symm_stdp_synapse/hpo_data/hpo_iteration_data/4339491/estimator_1_neuron_6_validation_outputs.npy
2025-05-10 11:55:19,124 - INFO - Waiting for parameters file: /s/ls4/users/selibrin/spiking_researches/correlation_encoding_and_training/mnist/hpo/shifted_nn_symm_stdp_synapse/hpo_data/hpo_iteration_data/4339491/params_1_6.pkl
2025-05-10 11:55:49,161 - INFO - Loaded HPO parameters
2025-05-10 11:55:49,162 - INFO - Preparing datasets...
2025-05-10 11:55:52,276 - INFO - Prepared datasets: 1164 train & 1000 validation samples
2025-05-10 11:55:52,277 - INFO - Initializing model...
2025-05-10 11:55:52,279 - INFO - Fitting model...
2025-05-10 11:58:49,141 - INFO - Saved weights to /s/ls4/users/selibrin/spiking_researches/correlation_encoding_and_training/mnist/hpo/shifted_nn_symm_stdp_synapse/hpo_data/hpo_iteration_data/4339491/estimator_1_neuron_6_weights.npy
2025-05-10 11:58:49,142 - INFO - Evaluating model...
2025-05-10 12:01:02,370 - INFO - Saved validation outputs to /s/ls4/users/selibrin/spiking_researches/correlation_encoding_and_training/mnist/hpo/shifted_nn_symm_stdp_synapse/hpo_data/hpo_iteration_data/4339491/estimator_1_neuron_6_validation_outputs.npy
2025-05-10 12:01:02,370 - INFO - Waiting for parameters file: /s/ls4/users/selibrin/spiking_researches/correlation_encoding_and_training/mnist/hpo/shifted_nn_symm_stdp_synapse/hpo_data/hpo_iteration_data/4339491/params_1_6.pkl
2025-05-10 12:01:22,397 - INFO - Loaded HPO parameters
2025-05-10 12:01:22,397 - INFO - Preparing datasets...
2025-05-10 12:01:25,499 - INFO - Prepared datasets: 1164 train & 1000 validation samples
2025-05-10 12:01:25,499 - INFO - Initializing model...
2025-05-10 12:01:25,502 - INFO - Fitting model...
2025-05-10 12:04:57,137 - INFO - Saved weights to /s/ls4/users/selibrin/spiking_researches/correlation_encoding_and_training/mnist/hpo/shifted_nn_symm_stdp_synapse/hpo_data/hpo_iteration_data/4339491/estimator_1_neuron_6_weights.npy
2025-05-10 12:04:57,137 - INFO - Evaluating model...
2025-05-10 12:07:15,032 - INFO - Saved validation outputs to /s/ls4/users/selibrin/spiking_researches/correlation_encoding_and_training/mnist/hpo/shifted_nn_symm_stdp_synapse/hpo_data/hpo_iteration_data/4339491/estimator_1_neuron_6_validation_outputs.npy
2025-05-10 12:07:15,032 - INFO - Waiting for parameters file: /s/ls4/users/selibrin/spiking_researches/correlation_encoding_and_training/mnist/hpo/shifted_nn_symm_stdp_synapse/hpo_data/hpo_iteration_data/4339491/params_1_6.pkl
2025-05-10 12:07:25,047 - INFO - Loaded HPO parameters
2025-05-10 12:07:25,047 - INFO - Preparing datasets...
2025-05-10 12:07:28,204 - INFO - Prepared datasets: 1164 train & 1000 validation samples
2025-05-10 12:07:28,209 - INFO - Initializing model...
2025-05-10 12:07:28,212 - INFO - Fitting model...
2025-05-10 12:10:59,302 - INFO - Saved weights to /s/ls4/users/selibrin/spiking_researches/correlation_encoding_and_training/mnist/hpo/shifted_nn_symm_stdp_synapse/hpo_data/hpo_iteration_data/4339491/estimator_1_neuron_6_weights.npy
2025-05-10 12:10:59,302 - INFO - Evaluating model...
2025-05-10 12:13:16,071 - INFO - Saved validation outputs to /s/ls4/users/selibrin/spiking_researches/correlation_encoding_and_training/mnist/hpo/shifted_nn_symm_stdp_synapse/hpo_data/hpo_iteration_data/4339491/estimator_1_neuron_6_validation_outputs.npy
2025-05-10 12:13:16,071 - INFO - Waiting for parameters file: /s/ls4/users/selibrin/spiking_researches/correlation_encoding_and_training/mnist/hpo/shifted_nn_symm_stdp_synapse/hpo_data/hpo_iteration_data/4339491/params_1_6.pkl
2025-05-10 12:13:26,086 - INFO - Loaded HPO parameters
2025-05-10 12:13:26,086 - INFO - Preparing datasets...
2025-05-10 12:13:29,176 - INFO - Prepared datasets: 582 train & 1000 validation samples
2025-05-10 12:13:29,177 - INFO - Initializing model...
2025-05-10 12:13:29,183 - INFO - Fitting model...
2025-05-10 12:15:15,022 - INFO - Saved weights to /s/ls4/users/selibrin/spiking_researches/correlation_encoding_and_training/mnist/hpo/shifted_nn_symm_stdp_synapse/hpo_data/hpo_iteration_data/4339491/estimator_1_neuron_6_weights.npy
2025-05-10 12:15:15,022 - INFO - Evaluating model...
2025-05-10 12:17:32,483 - INFO - Saved validation outputs to /s/ls4/users/selibrin/spiking_researches/correlation_encoding_and_training/mnist/hpo/shifted_nn_symm_stdp_synapse/hpo_data/hpo_iteration_data/4339491/estimator_1_neuron_6_validation_outputs.npy
2025-05-10 12:17:32,483 - INFO - Waiting for parameters file: /s/ls4/users/selibrin/spiking_researches/correlation_encoding_and_training/mnist/hpo/shifted_nn_symm_stdp_synapse/hpo_data/hpo_iteration_data/4339491/params_1_6.pkl
2025-05-10 12:18:07,525 - INFO - Loaded HPO parameters
2025-05-10 12:18:07,526 - INFO - Preparing datasets...
2025-05-10 12:18:10,502 - INFO - Prepared datasets: 1164 train & 1000 validation samples
2025-05-10 12:18:10,507 - INFO - Initializing model...
2025-05-10 12:18:10,510 - INFO - Fitting model...
2025-05-10 12:21:41,742 - INFO - Saved weights to /s/ls4/users/selibrin/spiking_researches/correlation_encoding_and_training/mnist/hpo/shifted_nn_symm_stdp_synapse/hpo_data/hpo_iteration_data/4339491/estimator_1_neuron_6_weights.npy
2025-05-10 12:21:41,742 - INFO - Evaluating model...
2025-05-10 12:23:58,137 - INFO - Saved validation outputs to /s/ls4/users/selibrin/spiking_researches/correlation_encoding_and_training/mnist/hpo/shifted_nn_symm_stdp_synapse/hpo_data/hpo_iteration_data/4339491/estimator_1_neuron_6_validation_outputs.npy
2025-05-10 12:23:58,137 - INFO - Waiting for parameters file: /s/ls4/users/selibrin/spiking_researches/correlation_encoding_and_training/mnist/hpo/shifted_nn_symm_stdp_synapse/hpo_data/hpo_iteration_data/4339491/params_1_6.pkl
2025-05-10 12:24:13,158 - INFO - Loaded HPO parameters
2025-05-10 12:24:13,158 - INFO - Preparing datasets...
2025-05-10 12:24:16,332 - INFO - Prepared datasets: 1164 train & 1000 validation samples
2025-05-10 12:24:16,332 - INFO - Initializing model...
2025-05-10 12:24:16,334 - INFO - Fitting model...
2025-05-10 12:27:49,054 - INFO - Saved weights to /s/ls4/users/selibrin/spiking_researches/correlation_encoding_and_training/mnist/hpo/shifted_nn_symm_stdp_synapse/hpo_data/hpo_iteration_data/4339491/estimator_1_neuron_6_weights.npy
2025-05-10 12:27:49,054 - INFO - Evaluating model...
2025-05-10 12:30:07,122 - INFO - Saved validation outputs to /s/ls4/users/selibrin/spiking_researches/correlation_encoding_and_training/mnist/hpo/shifted_nn_symm_stdp_synapse/hpo_data/hpo_iteration_data/4339491/estimator_1_neuron_6_validation_outputs.npy
2025-05-10 12:30:07,122 - INFO - Waiting for parameters file: /s/ls4/users/selibrin/spiking_researches/correlation_encoding_and_training/mnist/hpo/shifted_nn_symm_stdp_synapse/hpo_data/hpo_iteration_data/4339491/params_1_6.pkl
2025-05-10 12:30:47,171 - INFO - Loaded HPO parameters
2025-05-10 12:30:47,171 - INFO - Preparing datasets...
2025-05-10 12:30:50,202 - INFO - Prepared datasets: 291 train & 1000 validation samples
2025-05-10 12:30:50,202 - INFO - Initializing model...
2025-05-10 12:30:50,223 - INFO - Fitting model...
2025-05-10 12:31:43,387 - INFO - Saved weights to /s/ls4/users/selibrin/spiking_researches/correlation_encoding_and_training/mnist/hpo/shifted_nn_symm_stdp_synapse/hpo_data/hpo_iteration_data/4339491/estimator_1_neuron_6_weights.npy
2025-05-10 12:31:43,388 - INFO - Evaluating model...
2025-05-10 12:34:03,067 - INFO - Saved validation outputs to /s/ls4/users/selibrin/spiking_researches/correlation_encoding_and_training/mnist/hpo/shifted_nn_symm_stdp_synapse/hpo_data/hpo_iteration_data/4339491/estimator_1_neuron_6_validation_outputs.npy
2025-05-10 12:34:03,067 - INFO - Waiting for parameters file: /s/ls4/users/selibrin/spiking_researches/correlation_encoding_and_training/mnist/hpo/shifted_nn_symm_stdp_synapse/hpo_data/hpo_iteration_data/4339491/params_1_6.pkl
2025-05-10 12:34:28,101 - INFO - Loaded HPO parameters
2025-05-10 12:34:28,101 - INFO - Preparing datasets...
2025-05-10 12:34:31,319 - INFO - Prepared datasets: 1164 train & 1000 validation samples
2025-05-10 12:34:31,319 - INFO - Initializing model...
2025-05-10 12:34:31,321 - INFO - Fitting model...
2025-05-10 12:38:04,429 - INFO - Saved weights to /s/ls4/users/selibrin/spiking_researches/correlation_encoding_and_training/mnist/hpo/shifted_nn_symm_stdp_synapse/hpo_data/hpo_iteration_data/4339491/estimator_1_neuron_6_weights.npy
2025-05-10 12:38:04,429 - INFO - Evaluating model...
2025-05-10 12:40:23,303 - INFO - Saved validation outputs to /s/ls4/users/selibrin/spiking_researches/correlation_encoding_and_training/mnist/hpo/shifted_nn_symm_stdp_synapse/hpo_data/hpo_iteration_data/4339491/estimator_1_neuron_6_validation_outputs.npy
2025-05-10 12:40:23,303 - INFO - Waiting for parameters file: /s/ls4/users/selibrin/spiking_researches/correlation_encoding_and_training/mnist/hpo/shifted_nn_symm_stdp_synapse/hpo_data/hpo_iteration_data/4339491/params_1_6.pkl
2025-05-10 12:41:03,373 - INFO - Loaded HPO parameters
2025-05-10 12:41:03,373 - INFO - Preparing datasets...
2025-05-10 12:41:06,488 - INFO - Prepared datasets: 1164 train & 1000 validation samples
2025-05-10 12:41:06,489 - INFO - Initializing model...
2025-05-10 12:41:06,491 - INFO - Fitting model...
2025-05-10 12:44:40,951 - INFO - Saved weights to /s/ls4/users/selibrin/spiking_researches/correlation_encoding_and_training/mnist/hpo/shifted_nn_symm_stdp_synapse/hpo_data/hpo_iteration_data/4339491/estimator_1_neuron_6_weights.npy
2025-05-10 12:44:40,951 - INFO - Evaluating model...
2025-05-10 12:46:59,781 - INFO - Saved validation outputs to /s/ls4/users/selibrin/spiking_researches/correlation_encoding_and_training/mnist/hpo/shifted_nn_symm_stdp_synapse/hpo_data/hpo_iteration_data/4339491/estimator_1_neuron_6_validation_outputs.npy
2025-05-10 12:46:59,781 - INFO - Waiting for parameters file: /s/ls4/users/selibrin/spiking_researches/correlation_encoding_and_training/mnist/hpo/shifted_nn_symm_stdp_synapse/hpo_data/hpo_iteration_data/4339491/params_1_6.pkl
2025-05-10 12:47:39,829 - INFO - Loaded HPO parameters
2025-05-10 12:47:39,829 - INFO - Preparing datasets...
2025-05-10 12:47:42,987 - INFO - Prepared datasets: 1164 train & 1000 validation samples
2025-05-10 12:47:42,988 - INFO - Initializing model...
2025-05-10 12:47:42,990 - INFO - Fitting model...
2025-05-10 12:50:40,541 - INFO - Saved weights to /s/ls4/users/selibrin/spiking_researches/correlation_encoding_and_training/mnist/hpo/shifted_nn_symm_stdp_synapse/hpo_data/hpo_iteration_data/4339491/estimator_1_neuron_6_weights.npy
2025-05-10 12:50:40,541 - INFO - Evaluating model...
2025-05-10 12:52:56,180 - INFO - Saved validation outputs to /s/ls4/users/selibrin/spiking_researches/correlation_encoding_and_training/mnist/hpo/shifted_nn_symm_stdp_synapse/hpo_data/hpo_iteration_data/4339491/estimator_1_neuron_6_validation_outputs.npy
2025-05-10 12:52:56,180 - INFO - Waiting for parameters file: /s/ls4/users/selibrin/spiking_researches/correlation_encoding_and_training/mnist/hpo/shifted_nn_symm_stdp_synapse/hpo_data/hpo_iteration_data/4339491/params_1_6.pkl
2025-05-10 12:53:16,207 - INFO - Loaded HPO parameters
2025-05-10 12:53:16,207 - INFO - Preparing datasets...
2025-05-10 12:53:19,455 - INFO - Prepared datasets: 582 train & 1000 validation samples
2025-05-10 12:53:19,456 - INFO - Initializing model...
2025-05-10 12:53:19,459 - INFO - Fitting model...
2025-05-10 12:54:53,763 - INFO - Saved weights to /s/ls4/users/selibrin/spiking_researches/correlation_encoding_and_training/mnist/hpo/shifted_nn_symm_stdp_synapse/hpo_data/hpo_iteration_data/4339491/estimator_1_neuron_6_weights.npy
2025-05-10 12:54:53,763 - INFO - Evaluating model...
2025-05-10 12:57:11,132 - INFO - Saved validation outputs to /s/ls4/users/selibrin/spiking_researches/correlation_encoding_and_training/mnist/hpo/shifted_nn_symm_stdp_synapse/hpo_data/hpo_iteration_data/4339491/estimator_1_neuron_6_validation_outputs.npy
2025-05-10 12:57:11,132 - INFO - Waiting for parameters file: /s/ls4/users/selibrin/spiking_researches/correlation_encoding_and_training/mnist/hpo/shifted_nn_symm_stdp_synapse/hpo_data/hpo_iteration_data/4339491/params_1_6.pkl
2025-05-10 12:57:21,149 - INFO - Loaded HPO parameters
2025-05-10 12:57:21,149 - INFO - Preparing datasets...
2025-05-10 12:57:24,544 - INFO - Prepared datasets: 1164 train & 1000 validation samples
2025-05-10 12:57:24,545 - INFO - Initializing model...
2025-05-10 12:57:24,548 - INFO - Fitting model...
2025-05-10 13:00:58,649 - INFO - Saved weights to /s/ls4/users/selibrin/spiking_researches/correlation_encoding_and_training/mnist/hpo/shifted_nn_symm_stdp_synapse/hpo_data/hpo_iteration_data/4339491/estimator_1_neuron_6_weights.npy
2025-05-10 13:00:58,649 - INFO - Evaluating model...
2025-05-10 13:03:18,672 - INFO - Saved validation outputs to /s/ls4/users/selibrin/spiking_researches/correlation_encoding_and_training/mnist/hpo/shifted_nn_symm_stdp_synapse/hpo_data/hpo_iteration_data/4339491/estimator_1_neuron_6_validation_outputs.npy
2025-05-10 13:03:18,672 - INFO - Waiting for parameters file: /s/ls4/users/selibrin/spiking_researches/correlation_encoding_and_training/mnist/hpo/shifted_nn_symm_stdp_synapse/hpo_data/hpo_iteration_data/4339491/params_1_6.pkl
2025-05-10 13:03:58,719 - INFO - Loaded HPO parameters
2025-05-10 13:03:58,719 - INFO - Preparing datasets...
2025-05-10 13:04:01,802 - INFO - Prepared datasets: 291 train & 1000 validation samples
2025-05-10 13:04:01,803 - INFO - Initializing model...
2025-05-10 13:04:01,805 - INFO - Fitting model...
2025-05-10 13:04:52,103 - INFO - Saved weights to /s/ls4/users/selibrin/spiking_researches/correlation_encoding_and_training/mnist/hpo/shifted_nn_symm_stdp_synapse/hpo_data/hpo_iteration_data/4339491/estimator_1_neuron_6_weights.npy
2025-05-10 13:04:52,103 - INFO - Evaluating model...
2025-05-10 13:07:11,662 - INFO - Saved validation outputs to /s/ls4/users/selibrin/spiking_researches/correlation_encoding_and_training/mnist/hpo/shifted_nn_symm_stdp_synapse/hpo_data/hpo_iteration_data/4339491/estimator_1_neuron_6_validation_outputs.npy
2025-05-10 13:07:11,663 - INFO - Waiting for parameters file: /s/ls4/users/selibrin/spiking_researches/correlation_encoding_and_training/mnist/hpo/shifted_nn_symm_stdp_synapse/hpo_data/hpo_iteration_data/4339491/params_1_6.pkl
2025-05-10 13:07:31,689 - INFO - Loaded HPO parameters
2025-05-10 13:07:31,689 - INFO - Preparing datasets...
2025-05-10 13:07:35,105 - INFO - Prepared datasets: 1164 train & 1000 validation samples
2025-05-10 13:07:35,106 - INFO - Initializing model...
2025-05-10 13:07:35,109 - INFO - Fitting model...
2025-05-10 13:10:31,039 - INFO - Saved weights to /s/ls4/users/selibrin/spiking_researches/correlation_encoding_and_training/mnist/hpo/shifted_nn_symm_stdp_synapse/hpo_data/hpo_iteration_data/4339491/estimator_1_neuron_6_weights.npy
2025-05-10 13:10:31,039 - INFO - Evaluating model...
2025-05-10 13:12:45,510 - INFO - Saved validation outputs to /s/ls4/users/selibrin/spiking_researches/correlation_encoding_and_training/mnist/hpo/shifted_nn_symm_stdp_synapse/hpo_data/hpo_iteration_data/4339491/estimator_1_neuron_6_validation_outputs.npy
2025-05-10 13:12:45,511 - INFO - Waiting for parameters file: /s/ls4/users/selibrin/spiking_researches/correlation_encoding_and_training/mnist/hpo/shifted_nn_symm_stdp_synapse/hpo_data/hpo_iteration_data/4339491/params_1_6.pkl
2025-05-10 13:13:10,544 - INFO - Loaded HPO parameters
2025-05-10 13:13:10,544 - INFO - Preparing datasets...
2025-05-10 13:13:13,762 - INFO - Prepared datasets: 1164 train & 1000 validation samples
2025-05-10 13:13:13,762 - INFO - Initializing model...
2025-05-10 13:13:13,764 - INFO - Fitting model...
2025-05-10 13:16:14,612 - INFO - Saved weights to /s/ls4/users/selibrin/spiking_researches/correlation_encoding_and_training/mnist/hpo/shifted_nn_symm_stdp_synapse/hpo_data/hpo_iteration_data/4339491/estimator_1_neuron_6_weights.npy
2025-05-10 13:16:14,612 - INFO - Evaluating model...
2025-05-10 13:18:28,738 - INFO - Saved validation outputs to /s/ls4/users/selibrin/spiking_researches/correlation_encoding_and_training/mnist/hpo/shifted_nn_symm_stdp_synapse/hpo_data/hpo_iteration_data/4339491/estimator_1_neuron_6_validation_outputs.npy
2025-05-10 13:18:28,738 - INFO - Waiting for parameters file: /s/ls4/users/selibrin/spiking_researches/correlation_encoding_and_training/mnist/hpo/shifted_nn_symm_stdp_synapse/hpo_data/hpo_iteration_data/4339491/params_1_6.pkl
2025-05-10 13:18:48,765 - INFO - Loaded HPO parameters
2025-05-10 13:18:48,765 - INFO - Preparing datasets...
2025-05-10 13:18:51,849 - INFO - Prepared datasets: 1164 train & 1000 validation samples
2025-05-10 13:18:51,850 - INFO - Initializing model...
2025-05-10 13:18:51,852 - INFO - Fitting model...
2025-05-10 13:22:26,783 - INFO - Saved weights to /s/ls4/users/selibrin/spiking_researches/correlation_encoding_and_training/mnist/hpo/shifted_nn_symm_stdp_synapse/hpo_data/hpo_iteration_data/4339491/estimator_1_neuron_6_weights.npy
2025-05-10 13:22:26,783 - INFO - Evaluating model...
2025-05-10 13:24:46,500 - INFO - Saved validation outputs to /s/ls4/users/selibrin/spiking_researches/correlation_encoding_and_training/mnist/hpo/shifted_nn_symm_stdp_synapse/hpo_data/hpo_iteration_data/4339491/estimator_1_neuron_6_validation_outputs.npy
2025-05-10 13:24:46,501 - INFO - Waiting for parameters file: /s/ls4/users/selibrin/spiking_researches/correlation_encoding_and_training/mnist/hpo/shifted_nn_symm_stdp_synapse/hpo_data/hpo_iteration_data/4339491/params_1_6.pkl
2025-05-10 13:25:21,543 - INFO - Loaded HPO parameters
2025-05-10 13:25:21,543 - INFO - Preparing datasets...
2025-05-10 13:25:24,657 - INFO - Prepared datasets: 582 train & 1000 validation samples
2025-05-10 13:25:24,658 - INFO - Initializing model...
2025-05-10 13:25:24,660 - INFO - Fitting model...
2025-05-10 13:27:01,301 - INFO - Saved weights to /s/ls4/users/selibrin/spiking_researches/correlation_encoding_and_training/mnist/hpo/shifted_nn_symm_stdp_synapse/hpo_data/hpo_iteration_data/4339491/estimator_1_neuron_6_weights.npy
2025-05-10 13:27:01,301 - INFO - Evaluating model...
2025-05-10 13:29:18,464 - INFO - Saved validation outputs to /s/ls4/users/selibrin/spiking_researches/correlation_encoding_and_training/mnist/hpo/shifted_nn_symm_stdp_synapse/hpo_data/hpo_iteration_data/4339491/estimator_1_neuron_6_validation_outputs.npy
2025-05-10 13:29:18,464 - INFO - Waiting for parameters file: /s/ls4/users/selibrin/spiking_researches/correlation_encoding_and_training/mnist/hpo/shifted_nn_symm_stdp_synapse/hpo_data/hpo_iteration_data/4339491/params_1_6.pkl
2025-05-10 13:29:58,512 - INFO - Loaded HPO parameters
2025-05-10 13:29:58,512 - INFO - Preparing datasets...
2025-05-10 13:30:01,621 - INFO - Prepared datasets: 1164 train & 1000 validation samples
2025-05-10 13:30:01,621 - INFO - Initializing model...
2025-05-10 13:30:01,623 - INFO - Fitting model...
2025-05-10 13:34:00,181 - INFO - Saved weights to /s/ls4/users/selibrin/spiking_researches/correlation_encoding_and_training/mnist/hpo/shifted_nn_symm_stdp_synapse/hpo_data/hpo_iteration_data/4339491/estimator_1_neuron_6_weights.npy
2025-05-10 13:34:00,182 - INFO - Evaluating model...
2025-05-10 13:36:18,203 - INFO - Saved validation outputs to /s/ls4/users/selibrin/spiking_researches/correlation_encoding_and_training/mnist/hpo/shifted_nn_symm_stdp_synapse/hpo_data/hpo_iteration_data/4339491/estimator_1_neuron_6_validation_outputs.npy
2025-05-10 13:36:18,204 - INFO - Waiting for parameters file: /s/ls4/users/selibrin/spiking_researches/correlation_encoding_and_training/mnist/hpo/shifted_nn_symm_stdp_synapse/hpo_data/hpo_iteration_data/4339491/params_1_6.pkl
2025-05-10 13:37:08,263 - INFO - Loaded HPO parameters
2025-05-10 13:37:08,263 - INFO - Preparing datasets...
2025-05-10 13:37:11,412 - INFO - Prepared datasets: 291 train & 1000 validation samples
2025-05-10 13:37:11,412 - INFO - Initializing model...
2025-05-10 13:37:11,414 - INFO - Fitting model...
2025-05-10 13:38:04,201 - INFO - Saved weights to /s/ls4/users/selibrin/spiking_researches/correlation_encoding_and_training/mnist/hpo/shifted_nn_symm_stdp_synapse/hpo_data/hpo_iteration_data/4339491/estimator_1_neuron_6_weights.npy
2025-05-10 13:38:04,201 - INFO - Evaluating model...
2025-05-10 13:40:19,094 - INFO - Saved validation outputs to /s/ls4/users/selibrin/spiking_researches/correlation_encoding_and_training/mnist/hpo/shifted_nn_symm_stdp_synapse/hpo_data/hpo_iteration_data/4339491/estimator_1_neuron_6_validation_outputs.npy
2025-05-10 13:40:19,094 - INFO - Waiting for parameters file: /s/ls4/users/selibrin/spiking_researches/correlation_encoding_and_training/mnist/hpo/shifted_nn_symm_stdp_synapse/hpo_data/hpo_iteration_data/4339491/params_1_6.pkl
2025-05-10 13:40:44,127 - INFO - Loaded HPO parameters
2025-05-10 13:40:44,127 - INFO - Preparing datasets...
2025-05-10 13:40:47,274 - INFO - Prepared datasets: 1164 train & 1000 validation samples
2025-05-10 13:40:47,274 - INFO - Initializing model...
2025-05-10 13:40:47,276 - INFO - Fitting model...
2025-05-10 13:43:42,992 - INFO - Saved weights to /s/ls4/users/selibrin/spiking_researches/correlation_encoding_and_training/mnist/hpo/shifted_nn_symm_stdp_synapse/hpo_data/hpo_iteration_data/4339491/estimator_1_neuron_6_weights.npy
2025-05-10 13:43:42,992 - INFO - Evaluating model...
2025-05-10 13:45:56,859 - INFO - Saved validation outputs to /s/ls4/users/selibrin/spiking_researches/correlation_encoding_and_training/mnist/hpo/shifted_nn_symm_stdp_synapse/hpo_data/hpo_iteration_data/4339491/estimator_1_neuron_6_validation_outputs.npy
2025-05-10 13:45:56,859 - INFO - Waiting for parameters file: /s/ls4/users/selibrin/spiking_researches/correlation_encoding_and_training/mnist/hpo/shifted_nn_symm_stdp_synapse/hpo_data/hpo_iteration_data/4339491/params_1_6.pkl
2025-05-10 13:46:21,887 - INFO - Loaded HPO parameters
2025-05-10 13:46:21,887 - INFO - Preparing datasets...
2025-05-10 13:46:25,052 - INFO - Prepared datasets: 1164 train & 1000 validation samples
2025-05-10 13:46:25,053 - INFO - Initializing model...
2025-05-10 13:46:25,055 - INFO - Fitting model...
2025-05-10 13:49:58,760 - INFO - Saved weights to /s/ls4/users/selibrin/spiking_researches/correlation_encoding_and_training/mnist/hpo/shifted_nn_symm_stdp_synapse/hpo_data/hpo_iteration_data/4339491/estimator_1_neuron_6_weights.npy
2025-05-10 13:49:58,760 - INFO - Evaluating model...
2025-05-10 13:52:14,986 - INFO - Saved validation outputs to /s/ls4/users/selibrin/spiking_researches/correlation_encoding_and_training/mnist/hpo/shifted_nn_symm_stdp_synapse/hpo_data/hpo_iteration_data/4339491/estimator_1_neuron_6_validation_outputs.npy
2025-05-10 13:52:14,986 - INFO - Waiting for parameters file: /s/ls4/users/selibrin/spiking_researches/correlation_encoding_and_training/mnist/hpo/shifted_nn_symm_stdp_synapse/hpo_data/hpo_iteration_data/4339491/params_1_6.pkl
2025-05-10 13:53:00,039 - INFO - Loaded HPO parameters
2025-05-10 13:53:00,039 - INFO - Preparing datasets...
2025-05-10 13:53:03,172 - INFO - Prepared datasets: 1164 train & 1000 validation samples
2025-05-10 13:53:03,172 - INFO - Initializing model...
2025-05-10 13:53:03,175 - INFO - Fitting model...
2025-05-10 13:56:08,936 - INFO - Saved weights to /s/ls4/users/selibrin/spiking_researches/correlation_encoding_and_training/mnist/hpo/shifted_nn_symm_stdp_synapse/hpo_data/hpo_iteration_data/4339491/estimator_1_neuron_6_weights.npy
2025-05-10 13:56:08,936 - INFO - Evaluating model...
2025-05-10 13:58:23,647 - INFO - Saved validation outputs to /s/ls4/users/selibrin/spiking_researches/correlation_encoding_and_training/mnist/hpo/shifted_nn_symm_stdp_synapse/hpo_data/hpo_iteration_data/4339491/estimator_1_neuron_6_validation_outputs.npy
2025-05-10 13:58:23,647 - INFO - Waiting for parameters file: /s/ls4/users/selibrin/spiking_researches/correlation_encoding_and_training/mnist/hpo/shifted_nn_symm_stdp_synapse/hpo_data/hpo_iteration_data/4339491/params_1_6.pkl
2025-05-10 13:59:03,693 - INFO - Loaded HPO parameters
2025-05-10 13:59:03,693 - INFO - Preparing datasets...
2025-05-10 13:59:06,820 - INFO - Prepared datasets: 582 train & 1000 validation samples
2025-05-10 13:59:06,821 - INFO - Initializing model...
2025-05-10 13:59:06,823 - INFO - Fitting model...
2025-05-10 14:00:35,608 - INFO - Saved weights to /s/ls4/users/selibrin/spiking_researches/correlation_encoding_and_training/mnist/hpo/shifted_nn_symm_stdp_synapse/hpo_data/hpo_iteration_data/4339491/estimator_1_neuron_6_weights.npy
2025-05-10 14:00:35,608 - INFO - Evaluating model...
2025-05-10 14:02:52,270 - INFO - Saved validation outputs to /s/ls4/users/selibrin/spiking_researches/correlation_encoding_and_training/mnist/hpo/shifted_nn_symm_stdp_synapse/hpo_data/hpo_iteration_data/4339491/estimator_1_neuron_6_validation_outputs.npy
2025-05-10 14:02:52,270 - INFO - Waiting for parameters file: /s/ls4/users/selibrin/spiking_researches/correlation_encoding_and_training/mnist/hpo/shifted_nn_symm_stdp_synapse/hpo_data/hpo_iteration_data/4339491/params_1_6.pkl
2025-05-10 14:03:12,321 - INFO - Loaded HPO parameters
2025-05-10 14:03:12,321 - INFO - Preparing datasets...
2025-05-10 14:03:15,337 - INFO - Prepared datasets: 1164 train & 1000 validation samples
2025-05-10 14:03:15,337 - INFO - Initializing model...
2025-05-10 14:03:15,339 - INFO - Fitting model...
2025-05-10 14:06:52,127 - INFO - Saved weights to /s/ls4/users/selibrin/spiking_researches/correlation_encoding_and_training/mnist/hpo/shifted_nn_symm_stdp_synapse/hpo_data/hpo_iteration_data/4339491/estimator_1_neuron_6_weights.npy
2025-05-10 14:06:52,127 - INFO - Evaluating model...
2025-05-10 14:09:11,569 - INFO - Saved validation outputs to /s/ls4/users/selibrin/spiking_researches/correlation_encoding_and_training/mnist/hpo/shifted_nn_symm_stdp_synapse/hpo_data/hpo_iteration_data/4339491/estimator_1_neuron_6_validation_outputs.npy
2025-05-10 14:09:11,570 - INFO - Waiting for parameters file: /s/ls4/users/selibrin/spiking_researches/correlation_encoding_and_training/mnist/hpo/shifted_nn_symm_stdp_synapse/hpo_data/hpo_iteration_data/4339491/params_1_6.pkl
2025-05-10 14:09:46,612 - INFO - Loaded HPO parameters
2025-05-10 14:09:46,612 - INFO - Preparing datasets...
2025-05-10 14:09:49,787 - INFO - Prepared datasets: 291 train & 1000 validation samples
2025-05-10 14:09:49,788 - INFO - Initializing model...
2025-05-10 14:09:49,797 - INFO - Fitting model...
2025-05-10 14:10:40,026 - INFO - Saved weights to /s/ls4/users/selibrin/spiking_researches/correlation_encoding_and_training/mnist/hpo/shifted_nn_symm_stdp_synapse/hpo_data/hpo_iteration_data/4339491/estimator_1_neuron_6_weights.npy
2025-05-10 14:10:40,026 - INFO - Evaluating model...
2025-05-10 14:12:57,535 - INFO - Saved validation outputs to /s/ls4/users/selibrin/spiking_researches/correlation_encoding_and_training/mnist/hpo/shifted_nn_symm_stdp_synapse/hpo_data/hpo_iteration_data/4339491/estimator_1_neuron_6_validation_outputs.npy
2025-05-10 14:12:57,535 - INFO - Waiting for parameters file: /s/ls4/users/selibrin/spiking_researches/correlation_encoding_and_training/mnist/hpo/shifted_nn_symm_stdp_synapse/hpo_data/hpo_iteration_data/4339491/params_1_6.pkl
2025-05-10 14:13:22,565 - INFO - Loaded HPO parameters
2025-05-10 14:13:22,566 - INFO - Preparing datasets...
2025-05-10 14:13:25,733 - INFO - Prepared datasets: 1164 train & 1000 validation samples
2025-05-10 14:13:25,733 - INFO - Initializing model...
2025-05-10 14:13:25,775 - INFO - Fitting model...
2025-05-10 14:16:36,089 - INFO - Saved weights to /s/ls4/users/selibrin/spiking_researches/correlation_encoding_and_training/mnist/hpo/shifted_nn_symm_stdp_synapse/hpo_data/hpo_iteration_data/4339491/estimator_1_neuron_6_weights.npy
2025-05-10 14:16:36,089 - INFO - Evaluating model...
2025-05-10 14:18:51,054 - INFO - Saved validation outputs to /s/ls4/users/selibrin/spiking_researches/correlation_encoding_and_training/mnist/hpo/shifted_nn_symm_stdp_synapse/hpo_data/hpo_iteration_data/4339491/estimator_1_neuron_6_validation_outputs.npy
2025-05-10 14:18:51,054 - INFO - Waiting for parameters file: /s/ls4/users/selibrin/spiking_researches/correlation_encoding_and_training/mnist/hpo/shifted_nn_symm_stdp_synapse/hpo_data/hpo_iteration_data/4339491/params_1_6.pkl
2025-05-10 14:19:31,101 - INFO - Loaded HPO parameters
2025-05-10 14:19:31,101 - INFO - Preparing datasets...
2025-05-10 14:19:34,347 - INFO - Prepared datasets: 1164 train & 1000 validation samples
2025-05-10 14:19:34,348 - INFO - Initializing model...
2025-05-10 14:19:34,350 - INFO - Fitting model...
2025-05-10 14:22:34,473 - INFO - Saved weights to /s/ls4/users/selibrin/spiking_researches/correlation_encoding_and_training/mnist/hpo/shifted_nn_symm_stdp_synapse/hpo_data/hpo_iteration_data/4339491/estimator_1_neuron_6_weights.npy
2025-05-10 14:22:34,473 - INFO - Evaluating model...
2025-05-10 14:24:49,066 - INFO - Saved validation outputs to /s/ls4/users/selibrin/spiking_researches/correlation_encoding_and_training/mnist/hpo/shifted_nn_symm_stdp_synapse/hpo_data/hpo_iteration_data/4339491/estimator_1_neuron_6_validation_outputs.npy
2025-05-10 14:24:49,066 - INFO - Waiting for parameters file: /s/ls4/users/selibrin/spiking_researches/correlation_encoding_and_training/mnist/hpo/shifted_nn_symm_stdp_synapse/hpo_data/hpo_iteration_data/4339491/params_1_6.pkl
2025-05-10 14:25:09,088 - INFO - Loaded HPO parameters
2025-05-10 14:25:09,088 - INFO - Preparing datasets...
2025-05-10 14:25:12,214 - INFO - Prepared datasets: 1164 train & 1000 validation samples
2025-05-10 14:25:12,215 - INFO - Initializing model...
2025-05-10 14:25:12,217 - INFO - Fitting model...
2025-05-10 14:28:47,293 - INFO - Saved weights to /s/ls4/users/selibrin/spiking_researches/correlation_encoding_and_training/mnist/hpo/shifted_nn_symm_stdp_synapse/hpo_data/hpo_iteration_data/4339491/estimator_1_neuron_6_weights.npy
2025-05-10 14:28:47,293 - INFO - Evaluating model...
2025-05-10 14:31:08,028 - INFO - Saved validation outputs to /s/ls4/users/selibrin/spiking_researches/correlation_encoding_and_training/mnist/hpo/shifted_nn_symm_stdp_synapse/hpo_data/hpo_iteration_data/4339491/estimator_1_neuron_6_validation_outputs.npy
2025-05-10 14:31:08,028 - INFO - Waiting for parameters file: /s/ls4/users/selibrin/spiking_researches/correlation_encoding_and_training/mnist/hpo/shifted_nn_symm_stdp_synapse/hpo_data/hpo_iteration_data/4339491/params_1_6.pkl
2025-05-10 14:31:43,070 - INFO - Loaded HPO parameters
2025-05-10 14:31:43,070 - INFO - Preparing datasets...
2025-05-10 14:31:46,310 - INFO - Prepared datasets: 1164 train & 1000 validation samples
2025-05-10 14:31:46,311 - INFO - Initializing model...
2025-05-10 14:31:46,314 - INFO - Fitting model...
2025-05-10 14:35:19,530 - INFO - Saved weights to /s/ls4/users/selibrin/spiking_researches/correlation_encoding_and_training/mnist/hpo/shifted_nn_symm_stdp_synapse/hpo_data/hpo_iteration_data/4339491/estimator_1_neuron_6_weights.npy
2025-05-10 14:35:19,530 - INFO - Evaluating model...
2025-05-10 14:37:36,374 - INFO - Saved validation outputs to /s/ls4/users/selibrin/spiking_researches/correlation_encoding_and_training/mnist/hpo/shifted_nn_symm_stdp_synapse/hpo_data/hpo_iteration_data/4339491/estimator_1_neuron_6_validation_outputs.npy
2025-05-10 14:37:36,374 - INFO - Waiting for parameters file: /s/ls4/users/selibrin/spiking_researches/correlation_encoding_and_training/mnist/hpo/shifted_nn_symm_stdp_synapse/hpo_data/hpo_iteration_data/4339491/params_1_6.pkl
2025-05-10 14:38:21,426 - INFO - Loaded HPO parameters
2025-05-10 14:38:21,427 - INFO - Preparing datasets...
2025-05-10 14:38:24,534 - INFO - Prepared datasets: 1164 train & 1000 validation samples
2025-05-10 14:38:24,535 - INFO - Initializing model...
2025-05-10 14:38:24,537 - INFO - Fitting model...
2025-05-10 14:41:58,289 - INFO - Saved weights to /s/ls4/users/selibrin/spiking_researches/correlation_encoding_and_training/mnist/hpo/shifted_nn_symm_stdp_synapse/hpo_data/hpo_iteration_data/4339491/estimator_1_neuron_6_weights.npy
2025-05-10 14:41:58,290 - INFO - Evaluating model...
2025-05-10 14:44:16,978 - INFO - Saved validation outputs to /s/ls4/users/selibrin/spiking_researches/correlation_encoding_and_training/mnist/hpo/shifted_nn_symm_stdp_synapse/hpo_data/hpo_iteration_data/4339491/estimator_1_neuron_6_validation_outputs.npy
2025-05-10 14:44:16,978 - INFO - Waiting for parameters file: /s/ls4/users/selibrin/spiking_researches/correlation_encoding_and_training/mnist/hpo/shifted_nn_symm_stdp_synapse/hpo_data/hpo_iteration_data/4339491/params_1_6.pkl
2025-05-10 14:44:57,026 - INFO - Loaded HPO parameters
2025-05-10 14:44:57,027 - INFO - Preparing datasets...
2025-05-10 14:45:00,242 - INFO - Prepared datasets: 1164 train & 1000 validation samples
2025-05-10 14:45:00,242 - INFO - Initializing model...
2025-05-10 14:45:00,244 - INFO - Fitting model...
2025-05-10 14:48:32,747 - INFO - Saved weights to /s/ls4/users/selibrin/spiking_researches/correlation_encoding_and_training/mnist/hpo/shifted_nn_symm_stdp_synapse/hpo_data/hpo_iteration_data/4339491/estimator_1_neuron_6_weights.npy
2025-05-10 14:48:32,747 - INFO - Evaluating model...
2025-05-10 14:50:51,511 - INFO - Saved validation outputs to /s/ls4/users/selibrin/spiking_researches/correlation_encoding_and_training/mnist/hpo/shifted_nn_symm_stdp_synapse/hpo_data/hpo_iteration_data/4339491/estimator_1_neuron_6_validation_outputs.npy
2025-05-10 14:50:51,511 - INFO - Waiting for parameters file: /s/ls4/users/selibrin/spiking_researches/correlation_encoding_and_training/mnist/hpo/shifted_nn_symm_stdp_synapse/hpo_data/hpo_iteration_data/4339491/params_1_6.pkl
2025-05-10 14:51:31,559 - INFO - Loaded HPO parameters
2025-05-10 14:51:31,560 - INFO - Preparing datasets...
2025-05-10 14:51:34,750 - INFO - Prepared datasets: 1164 train & 1000 validation samples
2025-05-10 14:51:34,751 - INFO - Initializing model...
2025-05-10 14:51:34,753 - INFO - Fitting model...
2025-05-10 14:55:06,755 - INFO - Saved weights to /s/ls4/users/selibrin/spiking_researches/correlation_encoding_and_training/mnist/hpo/shifted_nn_symm_stdp_synapse/hpo_data/hpo_iteration_data/4339491/estimator_1_neuron_6_weights.npy
2025-05-10 14:55:06,755 - INFO - Evaluating model...
2025-05-10 14:57:24,157 - INFO - Saved validation outputs to /s/ls4/users/selibrin/spiking_researches/correlation_encoding_and_training/mnist/hpo/shifted_nn_symm_stdp_synapse/hpo_data/hpo_iteration_data/4339491/estimator_1_neuron_6_validation_outputs.npy
2025-05-10 14:57:24,157 - INFO - Waiting for parameters file: /s/ls4/users/selibrin/spiking_researches/correlation_encoding_and_training/mnist/hpo/shifted_nn_symm_stdp_synapse/hpo_data/hpo_iteration_data/4339491/params_1_6.pkl
2025-05-10 14:58:09,209 - INFO - Loaded HPO parameters
2025-05-10 14:58:09,209 - INFO - Preparing datasets...
2025-05-10 14:58:12,401 - INFO - Prepared datasets: 1164 train & 1000 validation samples
2025-05-10 14:58:12,402 - INFO - Initializing model...
2025-05-10 14:58:12,404 - INFO - Fitting model...
2025-05-10 15:01:45,894 - INFO - Saved weights to /s/ls4/users/selibrin/spiking_researches/correlation_encoding_and_training/mnist/hpo/shifted_nn_symm_stdp_synapse/hpo_data/hpo_iteration_data/4339491/estimator_1_neuron_6_weights.npy
2025-05-10 15:01:45,894 - INFO - Evaluating model...
2025-05-10 15:04:06,354 - INFO - Saved validation outputs to /s/ls4/users/selibrin/spiking_researches/correlation_encoding_and_training/mnist/hpo/shifted_nn_symm_stdp_synapse/hpo_data/hpo_iteration_data/4339491/estimator_1_neuron_6_validation_outputs.npy
2025-05-10 15:04:06,355 - INFO - Waiting for parameters file: /s/ls4/users/selibrin/spiking_researches/correlation_encoding_and_training/mnist/hpo/shifted_nn_symm_stdp_synapse/hpo_data/hpo_iteration_data/4339491/params_1_6.pkl
2025-05-10 15:04:46,421 - INFO - Loaded HPO parameters
2025-05-10 15:04:46,421 - INFO - Preparing datasets...
2025-05-10 15:04:49,592 - INFO - Prepared datasets: 1164 train & 1000 validation samples
2025-05-10 15:04:49,592 - INFO - Initializing model...
2025-05-10 15:04:49,594 - INFO - Fitting model...
2025-05-10 15:08:23,534 - INFO - Saved weights to /s/ls4/users/selibrin/spiking_researches/correlation_encoding_and_training/mnist/hpo/shifted_nn_symm_stdp_synapse/hpo_data/hpo_iteration_data/4339491/estimator_1_neuron_6_weights.npy
2025-05-10 15:08:23,535 - INFO - Evaluating model...
2025-05-10 15:10:43,474 - INFO - Saved validation outputs to /s/ls4/users/selibrin/spiking_researches/correlation_encoding_and_training/mnist/hpo/shifted_nn_symm_stdp_synapse/hpo_data/hpo_iteration_data/4339491/estimator_1_neuron_6_validation_outputs.npy
2025-05-10 15:10:43,475 - INFO - Waiting for parameters file: /s/ls4/users/selibrin/spiking_researches/correlation_encoding_and_training/mnist/hpo/shifted_nn_symm_stdp_synapse/hpo_data/hpo_iteration_data/4339491/params_1_6.pkl
2025-05-10 15:11:23,522 - INFO - Loaded HPO parameters
2025-05-10 15:11:23,523 - INFO - Preparing datasets...
2025-05-10 15:11:26,653 - INFO - Prepared datasets: 1164 train & 1000 validation samples
2025-05-10 15:11:26,653 - INFO - Initializing model...
2025-05-10 15:11:26,655 - INFO - Fitting model...
