2025-05-09 20:08:40,460 - INFO - Initialized Neuron trainer
2025-05-09 20:08:40,461 - INFO - Waiting for parameters file: /s/ls4/users/selibrin/spiking_researches/correlation_encoding_and_training/mnist/hpo/shifted_nn_symm_stdp_synapse/hpo_data/hpo_iteration_data/4339491/params_1_1.pkl
2025-05-09 20:08:40,465 - INFO - Loaded HPO parameters
2025-05-09 20:08:40,465 - INFO - Preparing datasets...
2025-05-09 20:08:45,956 - INFO - Prepared datasets: 294 train & 1000 validation samples
2025-05-09 20:08:45,957 - INFO - Initializing model...
2025-05-09 20:08:45,961 - INFO - Fitting model...
2025-05-09 20:09:59,467 - INFO - Saved weights to /s/ls4/users/selibrin/spiking_researches/correlation_encoding_and_training/mnist/hpo/shifted_nn_symm_stdp_synapse/hpo_data/hpo_iteration_data/4339491/estimator_1_neuron_1_weights.npy
2025-05-09 20:09:59,467 - INFO - Evaluating model...
2025-05-09 20:13:42,597 - INFO - Saved validation outputs to /s/ls4/users/selibrin/spiking_researches/correlation_encoding_and_training/mnist/hpo/shifted_nn_symm_stdp_synapse/hpo_data/hpo_iteration_data/4339491/estimator_1_neuron_1_validation_outputs.npy
2025-05-09 20:13:42,597 - INFO - Waiting for parameters file: /s/ls4/users/selibrin/spiking_researches/correlation_encoding_and_training/mnist/hpo/shifted_nn_symm_stdp_synapse/hpo_data/hpo_iteration_data/4339491/params_1_1.pkl
2025-05-09 20:14:02,623 - INFO - Loaded HPO parameters
2025-05-09 20:14:02,623 - INFO - Preparing datasets...
2025-05-09 20:14:07,833 - INFO - Prepared datasets: 1177 train & 1000 validation samples
2025-05-09 20:14:07,834 - INFO - Initializing model...
2025-05-09 20:14:07,837 - INFO - Fitting model...
2025-05-09 20:18:44,040 - INFO - Saved weights to /s/ls4/users/selibrin/spiking_researches/correlation_encoding_and_training/mnist/hpo/shifted_nn_symm_stdp_synapse/hpo_data/hpo_iteration_data/4339491/estimator_1_neuron_1_weights.npy
2025-05-09 20:18:44,040 - INFO - Evaluating model...
2025-05-09 20:22:18,304 - INFO - Saved validation outputs to /s/ls4/users/selibrin/spiking_researches/correlation_encoding_and_training/mnist/hpo/shifted_nn_symm_stdp_synapse/hpo_data/hpo_iteration_data/4339491/estimator_1_neuron_1_validation_outputs.npy
2025-05-09 20:22:18,304 - INFO - Waiting for parameters file: /s/ls4/users/selibrin/spiking_researches/correlation_encoding_and_training/mnist/hpo/shifted_nn_symm_stdp_synapse/hpo_data/hpo_iteration_data/4339491/params_1_1.pkl
2025-05-09 20:22:38,329 - INFO - Loaded HPO parameters
2025-05-09 20:22:38,329 - INFO - Preparing datasets...
2025-05-09 20:22:43,102 - INFO - Prepared datasets: 588 train & 1000 validation samples
2025-05-09 20:22:43,102 - INFO - Initializing model...
2025-05-09 20:22:43,105 - INFO - Fitting model...
2025-05-09 20:25:17,125 - INFO - Saved weights to /s/ls4/users/selibrin/spiking_researches/correlation_encoding_and_training/mnist/hpo/shifted_nn_symm_stdp_synapse/hpo_data/hpo_iteration_data/4339491/estimator_1_neuron_1_weights.npy
2025-05-09 20:25:17,125 - INFO - Evaluating model...
2025-05-09 20:29:00,728 - INFO - Saved validation outputs to /s/ls4/users/selibrin/spiking_researches/correlation_encoding_and_training/mnist/hpo/shifted_nn_symm_stdp_synapse/hpo_data/hpo_iteration_data/4339491/estimator_1_neuron_1_validation_outputs.npy
2025-05-09 20:29:00,729 - INFO - Waiting for parameters file: /s/ls4/users/selibrin/spiking_researches/correlation_encoding_and_training/mnist/hpo/shifted_nn_symm_stdp_synapse/hpo_data/hpo_iteration_data/4339491/params_1_1.pkl
2025-05-09 20:29:45,782 - INFO - Loaded HPO parameters
2025-05-09 20:29:45,782 - INFO - Preparing datasets...
2025-05-09 20:29:51,134 - INFO - Prepared datasets: 588 train & 1000 validation samples
2025-05-09 20:29:51,135 - INFO - Initializing model...
2025-05-09 20:29:51,138 - INFO - Fitting model...
2025-05-09 20:32:11,949 - INFO - Saved weights to /s/ls4/users/selibrin/spiking_researches/correlation_encoding_and_training/mnist/hpo/shifted_nn_symm_stdp_synapse/hpo_data/hpo_iteration_data/4339491/estimator_1_neuron_1_weights.npy
2025-05-09 20:32:11,949 - INFO - Evaluating model...
2025-05-09 20:35:50,113 - INFO - Saved validation outputs to /s/ls4/users/selibrin/spiking_researches/correlation_encoding_and_training/mnist/hpo/shifted_nn_symm_stdp_synapse/hpo_data/hpo_iteration_data/4339491/estimator_1_neuron_1_validation_outputs.npy
2025-05-09 20:35:50,113 - INFO - Waiting for parameters file: /s/ls4/users/selibrin/spiking_researches/correlation_encoding_and_training/mnist/hpo/shifted_nn_symm_stdp_synapse/hpo_data/hpo_iteration_data/4339491/params_1_1.pkl
2025-05-09 20:36:20,148 - INFO - Loaded HPO parameters
2025-05-09 20:36:20,148 - INFO - Preparing datasets...
2025-05-09 20:36:25,499 - INFO - Prepared datasets: 294 train & 1000 validation samples
2025-05-09 20:36:25,499 - INFO - Initializing model...
2025-05-09 20:36:25,502 - INFO - Fitting model...
2025-05-09 20:37:37,599 - INFO - Saved weights to /s/ls4/users/selibrin/spiking_researches/correlation_encoding_and_training/mnist/hpo/shifted_nn_symm_stdp_synapse/hpo_data/hpo_iteration_data/4339491/estimator_1_neuron_1_weights.npy
2025-05-09 20:37:37,599 - INFO - Evaluating model...
2025-05-09 20:41:20,925 - INFO - Saved validation outputs to /s/ls4/users/selibrin/spiking_researches/correlation_encoding_and_training/mnist/hpo/shifted_nn_symm_stdp_synapse/hpo_data/hpo_iteration_data/4339491/estimator_1_neuron_1_validation_outputs.npy
2025-05-09 20:41:20,925 - INFO - Waiting for parameters file: /s/ls4/users/selibrin/spiking_researches/correlation_encoding_and_training/mnist/hpo/shifted_nn_symm_stdp_synapse/hpo_data/hpo_iteration_data/4339491/params_1_1.pkl
2025-05-09 20:41:55,968 - INFO - Loaded HPO parameters
2025-05-09 20:41:55,968 - INFO - Preparing datasets...
2025-05-09 20:42:01,333 - INFO - Prepared datasets: 588 train & 1000 validation samples
2025-05-09 20:42:01,333 - INFO - Initializing model...
2025-05-09 20:42:01,336 - INFO - Fitting model...
2025-05-09 20:44:20,679 - INFO - Saved weights to /s/ls4/users/selibrin/spiking_researches/correlation_encoding_and_training/mnist/hpo/shifted_nn_symm_stdp_synapse/hpo_data/hpo_iteration_data/4339491/estimator_1_neuron_1_weights.npy
2025-05-09 20:44:20,679 - INFO - Evaluating model...
2025-05-09 20:47:58,158 - INFO - Saved validation outputs to /s/ls4/users/selibrin/spiking_researches/correlation_encoding_and_training/mnist/hpo/shifted_nn_symm_stdp_synapse/hpo_data/hpo_iteration_data/4339491/estimator_1_neuron_1_validation_outputs.npy
2025-05-09 20:47:58,159 - INFO - Waiting for parameters file: /s/ls4/users/selibrin/spiking_researches/correlation_encoding_and_training/mnist/hpo/shifted_nn_symm_stdp_synapse/hpo_data/hpo_iteration_data/4339491/params_1_1.pkl
2025-05-09 20:48:33,205 - INFO - Loaded HPO parameters
2025-05-09 20:48:33,205 - INFO - Preparing datasets...
2025-05-09 20:48:38,231 - INFO - Prepared datasets: 588 train & 1000 validation samples
2025-05-09 20:48:38,232 - INFO - Initializing model...
2025-05-09 20:48:38,236 - INFO - Fitting model...
2025-05-09 20:50:57,720 - INFO - Saved weights to /s/ls4/users/selibrin/spiking_researches/correlation_encoding_and_training/mnist/hpo/shifted_nn_symm_stdp_synapse/hpo_data/hpo_iteration_data/4339491/estimator_1_neuron_1_weights.npy
2025-05-09 20:50:57,721 - INFO - Evaluating model...
2025-05-09 20:54:37,601 - INFO - Saved validation outputs to /s/ls4/users/selibrin/spiking_researches/correlation_encoding_and_training/mnist/hpo/shifted_nn_symm_stdp_synapse/hpo_data/hpo_iteration_data/4339491/estimator_1_neuron_1_validation_outputs.npy
2025-05-09 20:54:37,601 - INFO - Waiting for parameters file: /s/ls4/users/selibrin/spiking_researches/correlation_encoding_and_training/mnist/hpo/shifted_nn_symm_stdp_synapse/hpo_data/hpo_iteration_data/4339491/params_1_1.pkl
2025-05-09 20:55:07,639 - INFO - Loaded HPO parameters
2025-05-09 20:55:07,639 - INFO - Preparing datasets...
2025-05-09 20:55:12,985 - INFO - Prepared datasets: 1177 train & 1000 validation samples
2025-05-09 20:55:12,985 - INFO - Initializing model...
2025-05-09 20:55:12,988 - INFO - Fitting model...
2025-05-09 20:59:53,069 - INFO - Saved weights to /s/ls4/users/selibrin/spiking_researches/correlation_encoding_and_training/mnist/hpo/shifted_nn_symm_stdp_synapse/hpo_data/hpo_iteration_data/4339491/estimator_1_neuron_1_weights.npy
2025-05-09 20:59:53,070 - INFO - Evaluating model...
2025-05-09 21:03:34,170 - INFO - Saved validation outputs to /s/ls4/users/selibrin/spiking_researches/correlation_encoding_and_training/mnist/hpo/shifted_nn_symm_stdp_synapse/hpo_data/hpo_iteration_data/4339491/estimator_1_neuron_1_validation_outputs.npy
2025-05-09 21:03:34,170 - INFO - Waiting for parameters file: /s/ls4/users/selibrin/spiking_researches/correlation_encoding_and_training/mnist/hpo/shifted_nn_symm_stdp_synapse/hpo_data/hpo_iteration_data/4339491/params_1_1.pkl
2025-05-09 21:04:14,221 - INFO - Loaded HPO parameters
2025-05-09 21:04:14,221 - INFO - Preparing datasets...
2025-05-09 21:04:19,200 - INFO - Prepared datasets: 1177 train & 1000 validation samples
2025-05-09 21:04:19,200 - INFO - Initializing model...
2025-05-09 21:04:19,203 - INFO - Fitting model...
2025-05-09 21:09:57,172 - INFO - Saved weights to /s/ls4/users/selibrin/spiking_researches/correlation_encoding_and_training/mnist/hpo/shifted_nn_symm_stdp_synapse/hpo_data/hpo_iteration_data/4339491/estimator_1_neuron_1_weights.npy
2025-05-09 21:09:57,172 - INFO - Evaluating model...
2025-05-09 21:13:40,745 - INFO - Saved validation outputs to /s/ls4/users/selibrin/spiking_researches/correlation_encoding_and_training/mnist/hpo/shifted_nn_symm_stdp_synapse/hpo_data/hpo_iteration_data/4339491/estimator_1_neuron_1_validation_outputs.npy
2025-05-09 21:13:40,746 - INFO - Waiting for parameters file: /s/ls4/users/selibrin/spiking_researches/correlation_encoding_and_training/mnist/hpo/shifted_nn_symm_stdp_synapse/hpo_data/hpo_iteration_data/4339491/params_1_1.pkl
2025-05-09 21:14:20,796 - INFO - Loaded HPO parameters
2025-05-09 21:14:20,796 - INFO - Preparing datasets...
2025-05-09 21:14:25,992 - INFO - Prepared datasets: 1177 train & 1000 validation samples
2025-05-09 21:14:25,992 - INFO - Initializing model...
2025-05-09 21:14:25,997 - INFO - Fitting model...
2025-05-09 21:19:07,959 - INFO - Saved weights to /s/ls4/users/selibrin/spiking_researches/correlation_encoding_and_training/mnist/hpo/shifted_nn_symm_stdp_synapse/hpo_data/hpo_iteration_data/4339491/estimator_1_neuron_1_weights.npy
2025-05-09 21:19:07,959 - INFO - Evaluating model...
2025-05-09 21:22:38,578 - INFO - Saved validation outputs to /s/ls4/users/selibrin/spiking_researches/correlation_encoding_and_training/mnist/hpo/shifted_nn_symm_stdp_synapse/hpo_data/hpo_iteration_data/4339491/estimator_1_neuron_1_validation_outputs.npy
2025-05-09 21:22:38,578 - INFO - Waiting for parameters file: /s/ls4/users/selibrin/spiking_researches/correlation_encoding_and_training/mnist/hpo/shifted_nn_symm_stdp_synapse/hpo_data/hpo_iteration_data/4339491/params_1_1.pkl
2025-05-09 21:22:53,617 - INFO - Loaded HPO parameters
2025-05-09 21:22:53,617 - INFO - Preparing datasets...
2025-05-09 21:22:58,654 - INFO - Prepared datasets: 1177 train & 1000 validation samples
2025-05-09 21:22:58,655 - INFO - Initializing model...
2025-05-09 21:22:58,658 - INFO - Fitting model...
2025-05-09 21:27:36,348 - INFO - Saved weights to /s/ls4/users/selibrin/spiking_researches/correlation_encoding_and_training/mnist/hpo/shifted_nn_symm_stdp_synapse/hpo_data/hpo_iteration_data/4339491/estimator_1_neuron_1_weights.npy
2025-05-09 21:27:36,349 - INFO - Evaluating model...
2025-05-09 21:31:10,159 - INFO - Saved validation outputs to /s/ls4/users/selibrin/spiking_researches/correlation_encoding_and_training/mnist/hpo/shifted_nn_symm_stdp_synapse/hpo_data/hpo_iteration_data/4339491/estimator_1_neuron_1_validation_outputs.npy
2025-05-09 21:31:10,159 - INFO - Waiting for parameters file: /s/ls4/users/selibrin/spiking_researches/correlation_encoding_and_training/mnist/hpo/shifted_nn_symm_stdp_synapse/hpo_data/hpo_iteration_data/4339491/params_1_1.pkl
2025-05-09 21:31:25,180 - INFO - Loaded HPO parameters
2025-05-09 21:31:25,180 - INFO - Preparing datasets...
2025-05-09 21:31:30,300 - INFO - Prepared datasets: 294 train & 1000 validation samples
2025-05-09 21:31:30,301 - INFO - Initializing model...
2025-05-09 21:31:30,304 - INFO - Fitting model...
2025-05-09 21:33:00,651 - INFO - Saved weights to /s/ls4/users/selibrin/spiking_researches/correlation_encoding_and_training/mnist/hpo/shifted_nn_symm_stdp_synapse/hpo_data/hpo_iteration_data/4339491/estimator_1_neuron_1_weights.npy
2025-05-09 21:33:00,652 - INFO - Evaluating model...
2025-05-09 21:36:53,055 - INFO - Saved validation outputs to /s/ls4/users/selibrin/spiking_researches/correlation_encoding_and_training/mnist/hpo/shifted_nn_symm_stdp_synapse/hpo_data/hpo_iteration_data/4339491/estimator_1_neuron_1_validation_outputs.npy
2025-05-09 21:36:53,056 - INFO - Waiting for parameters file: /s/ls4/users/selibrin/spiking_researches/correlation_encoding_and_training/mnist/hpo/shifted_nn_symm_stdp_synapse/hpo_data/hpo_iteration_data/4339491/params_1_1.pkl
2025-05-09 21:37:28,101 - INFO - Loaded HPO parameters
2025-05-09 21:37:28,101 - INFO - Preparing datasets...
2025-05-09 21:37:33,295 - INFO - Prepared datasets: 1177 train & 1000 validation samples
2025-05-09 21:37:33,295 - INFO - Initializing model...
2025-05-09 21:37:33,298 - INFO - Fitting model...
2025-05-09 21:43:51,523 - INFO - Saved weights to /s/ls4/users/selibrin/spiking_researches/correlation_encoding_and_training/mnist/hpo/shifted_nn_symm_stdp_synapse/hpo_data/hpo_iteration_data/4339491/estimator_1_neuron_1_weights.npy
2025-05-09 21:43:51,523 - INFO - Evaluating model...
2025-05-09 21:47:40,679 - INFO - Saved validation outputs to /s/ls4/users/selibrin/spiking_researches/correlation_encoding_and_training/mnist/hpo/shifted_nn_symm_stdp_synapse/hpo_data/hpo_iteration_data/4339491/estimator_1_neuron_1_validation_outputs.npy
2025-05-09 21:47:40,679 - INFO - Waiting for parameters file: /s/ls4/users/selibrin/spiking_researches/correlation_encoding_and_training/mnist/hpo/shifted_nn_symm_stdp_synapse/hpo_data/hpo_iteration_data/4339491/params_1_1.pkl
2025-05-09 21:48:00,735 - INFO - Loaded HPO parameters
2025-05-09 21:48:00,735 - INFO - Preparing datasets...
2025-05-09 21:48:06,071 - INFO - Prepared datasets: 294 train & 1000 validation samples
2025-05-09 21:48:06,071 - INFO - Initializing model...
2025-05-09 21:48:06,075 - INFO - Fitting model...
2025-05-09 21:49:18,506 - INFO - Saved weights to /s/ls4/users/selibrin/spiking_researches/correlation_encoding_and_training/mnist/hpo/shifted_nn_symm_stdp_synapse/hpo_data/hpo_iteration_data/4339491/estimator_1_neuron_1_weights.npy
2025-05-09 21:49:18,506 - INFO - Evaluating model...
2025-05-09 21:53:00,598 - INFO - Saved validation outputs to /s/ls4/users/selibrin/spiking_researches/correlation_encoding_and_training/mnist/hpo/shifted_nn_symm_stdp_synapse/hpo_data/hpo_iteration_data/4339491/estimator_1_neuron_1_validation_outputs.npy
2025-05-09 21:53:00,598 - INFO - Waiting for parameters file: /s/ls4/users/selibrin/spiking_researches/correlation_encoding_and_training/mnist/hpo/shifted_nn_symm_stdp_synapse/hpo_data/hpo_iteration_data/4339491/params_1_1.pkl
2025-05-09 21:53:35,649 - INFO - Loaded HPO parameters
2025-05-09 21:53:35,649 - INFO - Preparing datasets...
2025-05-09 21:53:41,029 - INFO - Prepared datasets: 294 train & 1000 validation samples
2025-05-09 21:53:41,029 - INFO - Initializing model...
2025-05-09 21:53:41,032 - INFO - Fitting model...
2025-05-09 21:54:52,310 - INFO - Saved weights to /s/ls4/users/selibrin/spiking_researches/correlation_encoding_and_training/mnist/hpo/shifted_nn_symm_stdp_synapse/hpo_data/hpo_iteration_data/4339491/estimator_1_neuron_1_weights.npy
2025-05-09 21:54:52,310 - INFO - Evaluating model...
2025-05-09 21:58:36,223 - INFO - Saved validation outputs to /s/ls4/users/selibrin/spiking_researches/correlation_encoding_and_training/mnist/hpo/shifted_nn_symm_stdp_synapse/hpo_data/hpo_iteration_data/4339491/estimator_1_neuron_1_validation_outputs.npy
2025-05-09 21:58:36,223 - INFO - Waiting for parameters file: /s/ls4/users/selibrin/spiking_researches/correlation_encoding_and_training/mnist/hpo/shifted_nn_symm_stdp_synapse/hpo_data/hpo_iteration_data/4339491/params_1_1.pkl
2025-05-09 21:59:11,288 - INFO - Loaded HPO parameters
2025-05-09 21:59:11,288 - INFO - Preparing datasets...
2025-05-09 21:59:16,454 - INFO - Prepared datasets: 588 train & 1000 validation samples
2025-05-09 21:59:16,455 - INFO - Initializing model...
2025-05-09 21:59:16,458 - INFO - Fitting model...
2025-05-09 22:02:25,549 - INFO - Saved weights to /s/ls4/users/selibrin/spiking_researches/correlation_encoding_and_training/mnist/hpo/shifted_nn_symm_stdp_synapse/hpo_data/hpo_iteration_data/4339491/estimator_1_neuron_1_weights.npy
2025-05-09 22:02:25,549 - INFO - Evaluating model...
2025-05-09 22:06:16,842 - INFO - Saved validation outputs to /s/ls4/users/selibrin/spiking_researches/correlation_encoding_and_training/mnist/hpo/shifted_nn_symm_stdp_synapse/hpo_data/hpo_iteration_data/4339491/estimator_1_neuron_1_validation_outputs.npy
2025-05-09 22:06:16,843 - INFO - Waiting for parameters file: /s/ls4/users/selibrin/spiking_researches/correlation_encoding_and_training/mnist/hpo/shifted_nn_symm_stdp_synapse/hpo_data/hpo_iteration_data/4339491/params_1_1.pkl
2025-05-09 22:06:41,897 - INFO - Loaded HPO parameters
2025-05-09 22:06:41,897 - INFO - Preparing datasets...
2025-05-09 22:06:46,953 - INFO - Prepared datasets: 588 train & 1000 validation samples
2025-05-09 22:06:46,953 - INFO - Initializing model...
2025-05-09 22:06:46,957 - INFO - Fitting model...
2025-05-09 22:09:30,635 - INFO - Saved weights to /s/ls4/users/selibrin/spiking_researches/correlation_encoding_and_training/mnist/hpo/shifted_nn_symm_stdp_synapse/hpo_data/hpo_iteration_data/4339491/estimator_1_neuron_1_weights.npy
2025-05-09 22:09:30,636 - INFO - Evaluating model...
2025-05-09 22:13:12,880 - INFO - Saved validation outputs to /s/ls4/users/selibrin/spiking_researches/correlation_encoding_and_training/mnist/hpo/shifted_nn_symm_stdp_synapse/hpo_data/hpo_iteration_data/4339491/estimator_1_neuron_1_validation_outputs.npy
2025-05-09 22:13:12,881 - INFO - Waiting for parameters file: /s/ls4/users/selibrin/spiking_researches/correlation_encoding_and_training/mnist/hpo/shifted_nn_symm_stdp_synapse/hpo_data/hpo_iteration_data/4339491/params_1_1.pkl
2025-05-09 22:13:47,923 - INFO - Loaded HPO parameters
2025-05-09 22:13:47,924 - INFO - Preparing datasets...
2025-05-09 22:13:52,990 - INFO - Prepared datasets: 1177 train & 1000 validation samples
2025-05-09 22:13:52,990 - INFO - Initializing model...
2025-05-09 22:13:52,993 - INFO - Fitting model...
2025-05-09 22:18:28,329 - INFO - Saved weights to /s/ls4/users/selibrin/spiking_researches/correlation_encoding_and_training/mnist/hpo/shifted_nn_symm_stdp_synapse/hpo_data/hpo_iteration_data/4339491/estimator_1_neuron_1_weights.npy
2025-05-09 22:18:28,329 - INFO - Evaluating model...
2025-05-09 22:22:02,429 - INFO - Saved validation outputs to /s/ls4/users/selibrin/spiking_researches/correlation_encoding_and_training/mnist/hpo/shifted_nn_symm_stdp_synapse/hpo_data/hpo_iteration_data/4339491/estimator_1_neuron_1_validation_outputs.npy
2025-05-09 22:22:02,430 - INFO - Waiting for parameters file: /s/ls4/users/selibrin/spiking_researches/correlation_encoding_and_training/mnist/hpo/shifted_nn_symm_stdp_synapse/hpo_data/hpo_iteration_data/4339491/params_1_1.pkl
2025-05-09 22:22:52,489 - INFO - Loaded HPO parameters
2025-05-09 22:22:52,490 - INFO - Preparing datasets...
2025-05-09 22:22:57,583 - INFO - Prepared datasets: 588 train & 1000 validation samples
2025-05-09 22:22:57,584 - INFO - Initializing model...
2025-05-09 22:22:57,588 - INFO - Fitting model...
2025-05-09 22:25:26,214 - INFO - Saved weights to /s/ls4/users/selibrin/spiking_researches/correlation_encoding_and_training/mnist/hpo/shifted_nn_symm_stdp_synapse/hpo_data/hpo_iteration_data/4339491/estimator_1_neuron_1_weights.npy
2025-05-09 22:25:26,215 - INFO - Evaluating model...
2025-05-09 22:29:10,362 - INFO - Saved validation outputs to /s/ls4/users/selibrin/spiking_researches/correlation_encoding_and_training/mnist/hpo/shifted_nn_symm_stdp_synapse/hpo_data/hpo_iteration_data/4339491/estimator_1_neuron_1_validation_outputs.npy
2025-05-09 22:29:10,362 - INFO - Waiting for parameters file: /s/ls4/users/selibrin/spiking_researches/correlation_encoding_and_training/mnist/hpo/shifted_nn_symm_stdp_synapse/hpo_data/hpo_iteration_data/4339491/params_1_1.pkl
2025-05-09 22:29:25,382 - INFO - Loaded HPO parameters
2025-05-09 22:29:25,382 - INFO - Preparing datasets...
2025-05-09 22:29:30,527 - INFO - Prepared datasets: 588 train & 1000 validation samples
2025-05-09 22:29:30,528 - INFO - Initializing model...
2025-05-09 22:29:30,531 - INFO - Fitting model...
2025-05-09 22:32:02,039 - INFO - Saved weights to /s/ls4/users/selibrin/spiking_researches/correlation_encoding_and_training/mnist/hpo/shifted_nn_symm_stdp_synapse/hpo_data/hpo_iteration_data/4339491/estimator_1_neuron_1_weights.npy
2025-05-09 22:32:02,039 - INFO - Evaluating model...
2025-05-09 22:35:46,597 - INFO - Saved validation outputs to /s/ls4/users/selibrin/spiking_researches/correlation_encoding_and_training/mnist/hpo/shifted_nn_symm_stdp_synapse/hpo_data/hpo_iteration_data/4339491/estimator_1_neuron_1_validation_outputs.npy
2025-05-09 22:35:46,597 - INFO - Waiting for parameters file: /s/ls4/users/selibrin/spiking_researches/correlation_encoding_and_training/mnist/hpo/shifted_nn_symm_stdp_synapse/hpo_data/hpo_iteration_data/4339491/params_1_1.pkl
2025-05-09 22:36:31,652 - INFO - Loaded HPO parameters
2025-05-09 22:36:31,652 - INFO - Preparing datasets...
2025-05-09 22:36:36,643 - INFO - Prepared datasets: 294 train & 1000 validation samples
2025-05-09 22:36:36,643 - INFO - Initializing model...
2025-05-09 22:36:36,647 - INFO - Fitting model...
2025-05-09 22:37:47,384 - INFO - Saved weights to /s/ls4/users/selibrin/spiking_researches/correlation_encoding_and_training/mnist/hpo/shifted_nn_symm_stdp_synapse/hpo_data/hpo_iteration_data/4339491/estimator_1_neuron_1_weights.npy
2025-05-09 22:37:47,384 - INFO - Evaluating model...
2025-05-09 22:41:28,002 - INFO - Saved validation outputs to /s/ls4/users/selibrin/spiking_researches/correlation_encoding_and_training/mnist/hpo/shifted_nn_symm_stdp_synapse/hpo_data/hpo_iteration_data/4339491/estimator_1_neuron_1_validation_outputs.npy
2025-05-09 22:41:28,002 - INFO - Waiting for parameters file: /s/ls4/users/selibrin/spiking_researches/correlation_encoding_and_training/mnist/hpo/shifted_nn_symm_stdp_synapse/hpo_data/hpo_iteration_data/4339491/params_1_1.pkl
2025-05-09 22:42:03,047 - INFO - Loaded HPO parameters
2025-05-09 22:42:03,047 - INFO - Preparing datasets...
2025-05-09 22:42:08,419 - INFO - Prepared datasets: 294 train & 1000 validation samples
2025-05-09 22:42:08,419 - INFO - Initializing model...
2025-05-09 22:42:08,423 - INFO - Fitting model...
2025-05-09 22:43:21,862 - INFO - Saved weights to /s/ls4/users/selibrin/spiking_researches/correlation_encoding_and_training/mnist/hpo/shifted_nn_symm_stdp_synapse/hpo_data/hpo_iteration_data/4339491/estimator_1_neuron_1_weights.npy
2025-05-09 22:43:21,863 - INFO - Evaluating model...
2025-05-09 22:47:04,188 - INFO - Saved validation outputs to /s/ls4/users/selibrin/spiking_researches/correlation_encoding_and_training/mnist/hpo/shifted_nn_symm_stdp_synapse/hpo_data/hpo_iteration_data/4339491/estimator_1_neuron_1_validation_outputs.npy
2025-05-09 22:47:04,188 - INFO - Waiting for parameters file: /s/ls4/users/selibrin/spiking_researches/correlation_encoding_and_training/mnist/hpo/shifted_nn_symm_stdp_synapse/hpo_data/hpo_iteration_data/4339491/params_1_1.pkl
2025-05-09 22:47:34,227 - INFO - Loaded HPO parameters
2025-05-09 22:47:34,227 - INFO - Preparing datasets...
2025-05-09 22:47:39,609 - INFO - Prepared datasets: 294 train & 1000 validation samples
2025-05-09 22:47:39,609 - INFO - Initializing model...
2025-05-09 22:47:39,612 - INFO - Fitting model...
2025-05-09 22:49:00,053 - INFO - Saved weights to /s/ls4/users/selibrin/spiking_researches/correlation_encoding_and_training/mnist/hpo/shifted_nn_symm_stdp_synapse/hpo_data/hpo_iteration_data/4339491/estimator_1_neuron_1_weights.npy
2025-05-09 22:49:00,054 - INFO - Evaluating model...
2025-05-09 22:52:46,538 - INFO - Saved validation outputs to /s/ls4/users/selibrin/spiking_researches/correlation_encoding_and_training/mnist/hpo/shifted_nn_symm_stdp_synapse/hpo_data/hpo_iteration_data/4339491/estimator_1_neuron_1_validation_outputs.npy
2025-05-09 22:52:46,538 - INFO - Waiting for parameters file: /s/ls4/users/selibrin/spiking_researches/correlation_encoding_and_training/mnist/hpo/shifted_nn_symm_stdp_synapse/hpo_data/hpo_iteration_data/4339491/params_1_1.pkl
2025-05-09 22:53:11,570 - INFO - Loaded HPO parameters
2025-05-09 22:53:11,571 - INFO - Preparing datasets...
2025-05-09 22:53:16,742 - INFO - Prepared datasets: 294 train & 1000 validation samples
2025-05-09 22:53:16,743 - INFO - Initializing model...
2025-05-09 22:53:16,746 - INFO - Fitting model...
2025-05-09 22:54:26,715 - INFO - Saved weights to /s/ls4/users/selibrin/spiking_researches/correlation_encoding_and_training/mnist/hpo/shifted_nn_symm_stdp_synapse/hpo_data/hpo_iteration_data/4339491/estimator_1_neuron_1_weights.npy
2025-05-09 22:54:26,716 - INFO - Evaluating model...
2025-05-09 22:58:08,005 - INFO - Saved validation outputs to /s/ls4/users/selibrin/spiking_researches/correlation_encoding_and_training/mnist/hpo/shifted_nn_symm_stdp_synapse/hpo_data/hpo_iteration_data/4339491/estimator_1_neuron_1_validation_outputs.npy
2025-05-09 22:58:08,006 - INFO - Waiting for parameters file: /s/ls4/users/selibrin/spiking_researches/correlation_encoding_and_training/mnist/hpo/shifted_nn_symm_stdp_synapse/hpo_data/hpo_iteration_data/4339491/params_1_1.pkl
2025-05-09 22:58:43,061 - INFO - Loaded HPO parameters
2025-05-09 22:58:43,062 - INFO - Preparing datasets...
2025-05-09 22:58:48,158 - INFO - Prepared datasets: 294 train & 1000 validation samples
2025-05-09 22:58:48,158 - INFO - Initializing model...
2025-05-09 22:58:48,161 - INFO - Fitting model...
2025-05-09 23:00:00,918 - INFO - Saved weights to /s/ls4/users/selibrin/spiking_researches/correlation_encoding_and_training/mnist/hpo/shifted_nn_symm_stdp_synapse/hpo_data/hpo_iteration_data/4339491/estimator_1_neuron_1_weights.npy
2025-05-09 23:00:00,919 - INFO - Evaluating model...
2025-05-09 23:03:42,428 - INFO - Saved validation outputs to /s/ls4/users/selibrin/spiking_researches/correlation_encoding_and_training/mnist/hpo/shifted_nn_symm_stdp_synapse/hpo_data/hpo_iteration_data/4339491/estimator_1_neuron_1_validation_outputs.npy
2025-05-09 23:03:42,429 - INFO - Waiting for parameters file: /s/ls4/users/selibrin/spiking_researches/correlation_encoding_and_training/mnist/hpo/shifted_nn_symm_stdp_synapse/hpo_data/hpo_iteration_data/4339491/params_1_1.pkl
2025-05-09 23:04:17,472 - INFO - Loaded HPO parameters
2025-05-09 23:04:17,472 - INFO - Preparing datasets...
2025-05-09 23:04:22,654 - INFO - Prepared datasets: 294 train & 1000 validation samples
2025-05-09 23:04:22,654 - INFO - Initializing model...
2025-05-09 23:04:22,657 - INFO - Fitting model...
2025-05-09 23:05:41,710 - INFO - Saved weights to /s/ls4/users/selibrin/spiking_researches/correlation_encoding_and_training/mnist/hpo/shifted_nn_symm_stdp_synapse/hpo_data/hpo_iteration_data/4339491/estimator_1_neuron_1_weights.npy
2025-05-09 23:05:41,710 - INFO - Evaluating model...
2025-05-09 23:09:28,917 - INFO - Saved validation outputs to /s/ls4/users/selibrin/spiking_researches/correlation_encoding_and_training/mnist/hpo/shifted_nn_symm_stdp_synapse/hpo_data/hpo_iteration_data/4339491/estimator_1_neuron_1_validation_outputs.npy
2025-05-09 23:09:28,917 - INFO - Waiting for parameters file: /s/ls4/users/selibrin/spiking_researches/correlation_encoding_and_training/mnist/hpo/shifted_nn_symm_stdp_synapse/hpo_data/hpo_iteration_data/4339491/params_1_1.pkl
2025-05-09 23:09:48,944 - INFO - Loaded HPO parameters
2025-05-09 23:09:48,944 - INFO - Preparing datasets...
2025-05-09 23:09:54,377 - INFO - Prepared datasets: 294 train & 1000 validation samples
2025-05-09 23:09:54,377 - INFO - Initializing model...
2025-05-09 23:09:54,382 - INFO - Fitting model...
2025-05-09 23:11:02,941 - INFO - Saved weights to /s/ls4/users/selibrin/spiking_researches/correlation_encoding_and_training/mnist/hpo/shifted_nn_symm_stdp_synapse/hpo_data/hpo_iteration_data/4339491/estimator_1_neuron_1_weights.npy
2025-05-09 23:11:02,941 - INFO - Evaluating model...
2025-05-09 23:14:37,171 - INFO - Saved validation outputs to /s/ls4/users/selibrin/spiking_researches/correlation_encoding_and_training/mnist/hpo/shifted_nn_symm_stdp_synapse/hpo_data/hpo_iteration_data/4339491/estimator_1_neuron_1_validation_outputs.npy
2025-05-09 23:14:37,171 - INFO - Waiting for parameters file: /s/ls4/users/selibrin/spiking_researches/correlation_encoding_and_training/mnist/hpo/shifted_nn_symm_stdp_synapse/hpo_data/hpo_iteration_data/4339491/params_1_1.pkl
2025-05-09 23:14:57,198 - INFO - Loaded HPO parameters
2025-05-09 23:14:57,198 - INFO - Preparing datasets...
2025-05-09 23:15:02,342 - INFO - Prepared datasets: 294 train & 1000 validation samples
2025-05-09 23:15:02,342 - INFO - Initializing model...
2025-05-09 23:15:02,345 - INFO - Fitting model...
2025-05-09 23:16:14,678 - INFO - Saved weights to /s/ls4/users/selibrin/spiking_researches/correlation_encoding_and_training/mnist/hpo/shifted_nn_symm_stdp_synapse/hpo_data/hpo_iteration_data/4339491/estimator_1_neuron_1_weights.npy
2025-05-09 23:16:14,679 - INFO - Evaluating model...
2025-05-09 23:19:51,357 - INFO - Saved validation outputs to /s/ls4/users/selibrin/spiking_researches/correlation_encoding_and_training/mnist/hpo/shifted_nn_symm_stdp_synapse/hpo_data/hpo_iteration_data/4339491/estimator_1_neuron_1_validation_outputs.npy
2025-05-09 23:19:51,357 - INFO - Waiting for parameters file: /s/ls4/users/selibrin/spiking_researches/correlation_encoding_and_training/mnist/hpo/shifted_nn_symm_stdp_synapse/hpo_data/hpo_iteration_data/4339491/params_1_1.pkl
2025-05-09 23:20:31,406 - INFO - Loaded HPO parameters
2025-05-09 23:20:31,406 - INFO - Preparing datasets...
2025-05-09 23:20:36,543 - INFO - Prepared datasets: 294 train & 1000 validation samples
2025-05-09 23:20:36,543 - INFO - Initializing model...
2025-05-09 23:20:36,546 - INFO - Fitting model...
2025-05-09 23:21:55,118 - INFO - Saved weights to /s/ls4/users/selibrin/spiking_researches/correlation_encoding_and_training/mnist/hpo/shifted_nn_symm_stdp_synapse/hpo_data/hpo_iteration_data/4339491/estimator_1_neuron_1_weights.npy
2025-05-09 23:21:55,118 - INFO - Evaluating model...
2025-05-09 23:25:30,368 - INFO - Saved validation outputs to /s/ls4/users/selibrin/spiking_researches/correlation_encoding_and_training/mnist/hpo/shifted_nn_symm_stdp_synapse/hpo_data/hpo_iteration_data/4339491/estimator_1_neuron_1_validation_outputs.npy
2025-05-09 23:25:30,369 - INFO - Waiting for parameters file: /s/ls4/users/selibrin/spiking_researches/correlation_encoding_and_training/mnist/hpo/shifted_nn_symm_stdp_synapse/hpo_data/hpo_iteration_data/4339491/params_1_1.pkl
2025-05-09 23:26:10,422 - INFO - Loaded HPO parameters
2025-05-09 23:26:10,422 - INFO - Preparing datasets...
2025-05-09 23:26:15,600 - INFO - Prepared datasets: 294 train & 1000 validation samples
2025-05-09 23:26:15,600 - INFO - Initializing model...
2025-05-09 23:26:15,603 - INFO - Fitting model...
2025-05-09 23:27:23,169 - INFO - Saved weights to /s/ls4/users/selibrin/spiking_researches/correlation_encoding_and_training/mnist/hpo/shifted_nn_symm_stdp_synapse/hpo_data/hpo_iteration_data/4339491/estimator_1_neuron_1_weights.npy
2025-05-09 23:27:23,169 - INFO - Evaluating model...
2025-05-09 23:30:51,540 - INFO - Saved validation outputs to /s/ls4/users/selibrin/spiking_researches/correlation_encoding_and_training/mnist/hpo/shifted_nn_symm_stdp_synapse/hpo_data/hpo_iteration_data/4339491/estimator_1_neuron_1_validation_outputs.npy
2025-05-09 23:30:51,540 - INFO - Waiting for parameters file: /s/ls4/users/selibrin/spiking_researches/correlation_encoding_and_training/mnist/hpo/shifted_nn_symm_stdp_synapse/hpo_data/hpo_iteration_data/4339491/params_1_1.pkl
2025-05-09 23:31:11,569 - INFO - Loaded HPO parameters
2025-05-09 23:31:11,570 - INFO - Preparing datasets...
2025-05-09 23:31:16,585 - INFO - Prepared datasets: 294 train & 1000 validation samples
2025-05-09 23:31:16,586 - INFO - Initializing model...
2025-05-09 23:31:16,591 - INFO - Fitting model...
2025-05-09 23:32:27,405 - INFO - Saved weights to /s/ls4/users/selibrin/spiking_researches/correlation_encoding_and_training/mnist/hpo/shifted_nn_symm_stdp_synapse/hpo_data/hpo_iteration_data/4339491/estimator_1_neuron_1_weights.npy
2025-05-09 23:32:27,405 - INFO - Evaluating model...
2025-05-09 23:36:02,813 - INFO - Saved validation outputs to /s/ls4/users/selibrin/spiking_researches/correlation_encoding_and_training/mnist/hpo/shifted_nn_symm_stdp_synapse/hpo_data/hpo_iteration_data/4339491/estimator_1_neuron_1_validation_outputs.npy
2025-05-09 23:36:02,814 - INFO - Waiting for parameters file: /s/ls4/users/selibrin/spiking_researches/correlation_encoding_and_training/mnist/hpo/shifted_nn_symm_stdp_synapse/hpo_data/hpo_iteration_data/4339491/params_1_1.pkl
2025-05-09 23:36:47,864 - INFO - Loaded HPO parameters
2025-05-09 23:36:47,865 - INFO - Preparing datasets...
2025-05-09 23:36:52,969 - INFO - Prepared datasets: 294 train & 1000 validation samples
2025-05-09 23:36:52,969 - INFO - Initializing model...
2025-05-09 23:36:52,973 - INFO - Fitting model...
2025-05-09 23:38:08,678 - INFO - Saved weights to /s/ls4/users/selibrin/spiking_researches/correlation_encoding_and_training/mnist/hpo/shifted_nn_symm_stdp_synapse/hpo_data/hpo_iteration_data/4339491/estimator_1_neuron_1_weights.npy
2025-05-09 23:38:08,678 - INFO - Evaluating model...
2025-05-09 23:41:45,039 - INFO - Saved validation outputs to /s/ls4/users/selibrin/spiking_researches/correlation_encoding_and_training/mnist/hpo/shifted_nn_symm_stdp_synapse/hpo_data/hpo_iteration_data/4339491/estimator_1_neuron_1_validation_outputs.npy
2025-05-09 23:41:45,040 - INFO - Waiting for parameters file: /s/ls4/users/selibrin/spiking_researches/correlation_encoding_and_training/mnist/hpo/shifted_nn_symm_stdp_synapse/hpo_data/hpo_iteration_data/4339491/params_1_1.pkl
2025-05-09 23:42:25,088 - INFO - Loaded HPO parameters
2025-05-09 23:42:25,088 - INFO - Preparing datasets...
2025-05-09 23:42:30,144 - INFO - Prepared datasets: 294 train & 1000 validation samples
2025-05-09 23:42:30,145 - INFO - Initializing model...
2025-05-09 23:42:30,148 - INFO - Fitting model...
2025-05-09 23:43:46,997 - INFO - Saved weights to /s/ls4/users/selibrin/spiking_researches/correlation_encoding_and_training/mnist/hpo/shifted_nn_symm_stdp_synapse/hpo_data/hpo_iteration_data/4339491/estimator_1_neuron_1_weights.npy
2025-05-09 23:43:46,997 - INFO - Evaluating model...
2025-05-09 23:47:27,332 - INFO - Saved validation outputs to /s/ls4/users/selibrin/spiking_researches/correlation_encoding_and_training/mnist/hpo/shifted_nn_symm_stdp_synapse/hpo_data/hpo_iteration_data/4339491/estimator_1_neuron_1_validation_outputs.npy
2025-05-09 23:47:27,332 - INFO - Waiting for parameters file: /s/ls4/users/selibrin/spiking_researches/correlation_encoding_and_training/mnist/hpo/shifted_nn_symm_stdp_synapse/hpo_data/hpo_iteration_data/4339491/params_1_1.pkl
2025-05-09 23:48:02,376 - INFO - Loaded HPO parameters
2025-05-09 23:48:02,376 - INFO - Preparing datasets...
2025-05-09 23:48:07,429 - INFO - Prepared datasets: 294 train & 1000 validation samples
2025-05-09 23:48:07,430 - INFO - Initializing model...
2025-05-09 23:48:07,433 - INFO - Fitting model...
2025-05-09 23:49:20,030 - INFO - Saved weights to /s/ls4/users/selibrin/spiking_researches/correlation_encoding_and_training/mnist/hpo/shifted_nn_symm_stdp_synapse/hpo_data/hpo_iteration_data/4339491/estimator_1_neuron_1_weights.npy
2025-05-09 23:49:20,030 - INFO - Evaluating model...
2025-05-09 23:52:54,747 - INFO - Saved validation outputs to /s/ls4/users/selibrin/spiking_researches/correlation_encoding_and_training/mnist/hpo/shifted_nn_symm_stdp_synapse/hpo_data/hpo_iteration_data/4339491/estimator_1_neuron_1_validation_outputs.npy
2025-05-09 23:52:54,747 - INFO - Waiting for parameters file: /s/ls4/users/selibrin/spiking_researches/correlation_encoding_and_training/mnist/hpo/shifted_nn_symm_stdp_synapse/hpo_data/hpo_iteration_data/4339491/params_1_1.pkl
2025-05-09 23:53:39,801 - INFO - Loaded HPO parameters
2025-05-09 23:53:39,801 - INFO - Preparing datasets...
2025-05-09 23:53:44,920 - INFO - Prepared datasets: 294 train & 1000 validation samples
2025-05-09 23:53:44,921 - INFO - Initializing model...
2025-05-09 23:53:44,925 - INFO - Fitting model...
2025-05-09 23:55:02,924 - INFO - Saved weights to /s/ls4/users/selibrin/spiking_researches/correlation_encoding_and_training/mnist/hpo/shifted_nn_symm_stdp_synapse/hpo_data/hpo_iteration_data/4339491/estimator_1_neuron_1_weights.npy
2025-05-09 23:55:02,924 - INFO - Evaluating model...
2025-05-09 23:58:41,024 - INFO - Saved validation outputs to /s/ls4/users/selibrin/spiking_researches/correlation_encoding_and_training/mnist/hpo/shifted_nn_symm_stdp_synapse/hpo_data/hpo_iteration_data/4339491/estimator_1_neuron_1_validation_outputs.npy
2025-05-09 23:58:41,024 - INFO - Waiting for parameters file: /s/ls4/users/selibrin/spiking_researches/correlation_encoding_and_training/mnist/hpo/shifted_nn_symm_stdp_synapse/hpo_data/hpo_iteration_data/4339491/params_1_1.pkl
2025-05-09 23:59:16,069 - INFO - Loaded HPO parameters
2025-05-09 23:59:16,069 - INFO - Preparing datasets...
2025-05-09 23:59:21,065 - INFO - Prepared datasets: 294 train & 1000 validation samples
2025-05-09 23:59:21,065 - INFO - Initializing model...
2025-05-09 23:59:21,068 - INFO - Fitting model...
2025-05-10 00:00:30,713 - INFO - Saved weights to /s/ls4/users/selibrin/spiking_researches/correlation_encoding_and_training/mnist/hpo/shifted_nn_symm_stdp_synapse/hpo_data/hpo_iteration_data/4339491/estimator_1_neuron_1_weights.npy
2025-05-10 00:00:30,713 - INFO - Evaluating model...
2025-05-10 00:04:04,919 - INFO - Saved validation outputs to /s/ls4/users/selibrin/spiking_researches/correlation_encoding_and_training/mnist/hpo/shifted_nn_symm_stdp_synapse/hpo_data/hpo_iteration_data/4339491/estimator_1_neuron_1_validation_outputs.npy
2025-05-10 00:04:04,919 - INFO - Waiting for parameters file: /s/ls4/users/selibrin/spiking_researches/correlation_encoding_and_training/mnist/hpo/shifted_nn_symm_stdp_synapse/hpo_data/hpo_iteration_data/4339491/params_1_1.pkl
2025-05-10 00:04:54,978 - INFO - Loaded HPO parameters
2025-05-10 00:04:54,978 - INFO - Preparing datasets...
2025-05-10 00:05:00,097 - INFO - Prepared datasets: 588 train & 1000 validation samples
2025-05-10 00:05:00,097 - INFO - Initializing model...
2025-05-10 00:05:00,100 - INFO - Fitting model...
2025-05-10 00:07:29,453 - INFO - Saved weights to /s/ls4/users/selibrin/spiking_researches/correlation_encoding_and_training/mnist/hpo/shifted_nn_symm_stdp_synapse/hpo_data/hpo_iteration_data/4339491/estimator_1_neuron_1_weights.npy
2025-05-10 00:07:29,453 - INFO - Evaluating model...
2025-05-10 00:11:06,161 - INFO - Saved validation outputs to /s/ls4/users/selibrin/spiking_researches/correlation_encoding_and_training/mnist/hpo/shifted_nn_symm_stdp_synapse/hpo_data/hpo_iteration_data/4339491/estimator_1_neuron_1_validation_outputs.npy
2025-05-10 00:11:06,161 - INFO - Waiting for parameters file: /s/ls4/users/selibrin/spiking_researches/correlation_encoding_and_training/mnist/hpo/shifted_nn_symm_stdp_synapse/hpo_data/hpo_iteration_data/4339491/params_1_1.pkl
2025-05-10 00:12:01,239 - INFO - Loaded HPO parameters
2025-05-10 00:12:01,239 - INFO - Preparing datasets...
2025-05-10 00:12:06,169 - INFO - Prepared datasets: 1177 train & 1000 validation samples
2025-05-10 00:12:06,169 - INFO - Initializing model...
2025-05-10 00:12:06,172 - INFO - Fitting model...
2025-05-10 00:16:45,433 - INFO - Saved weights to /s/ls4/users/selibrin/spiking_researches/correlation_encoding_and_training/mnist/hpo/shifted_nn_symm_stdp_synapse/hpo_data/hpo_iteration_data/4339491/estimator_1_neuron_1_weights.npy
2025-05-10 00:16:45,433 - INFO - Evaluating model...
2025-05-10 00:20:16,918 - INFO - Saved validation outputs to /s/ls4/users/selibrin/spiking_researches/correlation_encoding_and_training/mnist/hpo/shifted_nn_symm_stdp_synapse/hpo_data/hpo_iteration_data/4339491/estimator_1_neuron_1_validation_outputs.npy
2025-05-10 00:20:16,919 - INFO - Waiting for parameters file: /s/ls4/users/selibrin/spiking_researches/correlation_encoding_and_training/mnist/hpo/shifted_nn_symm_stdp_synapse/hpo_data/hpo_iteration_data/4339491/params_1_1.pkl
2025-05-10 00:21:06,978 - INFO - Loaded HPO parameters
2025-05-10 00:21:06,978 - INFO - Preparing datasets...
2025-05-10 00:21:11,985 - INFO - Prepared datasets: 294 train & 1000 validation samples
2025-05-10 00:21:11,985 - INFO - Initializing model...
2025-05-10 00:21:11,988 - INFO - Fitting model...
2025-05-10 00:22:22,172 - INFO - Saved weights to /s/ls4/users/selibrin/spiking_researches/correlation_encoding_and_training/mnist/hpo/shifted_nn_symm_stdp_synapse/hpo_data/hpo_iteration_data/4339491/estimator_1_neuron_1_weights.npy
2025-05-10 00:22:22,172 - INFO - Evaluating model...
2025-05-10 00:25:51,893 - INFO - Saved validation outputs to /s/ls4/users/selibrin/spiking_researches/correlation_encoding_and_training/mnist/hpo/shifted_nn_symm_stdp_synapse/hpo_data/hpo_iteration_data/4339491/estimator_1_neuron_1_validation_outputs.npy
2025-05-10 00:25:51,894 - INFO - Waiting for parameters file: /s/ls4/users/selibrin/spiking_researches/correlation_encoding_and_training/mnist/hpo/shifted_nn_symm_stdp_synapse/hpo_data/hpo_iteration_data/4339491/params_1_1.pkl
2025-05-10 00:26:41,950 - INFO - Loaded HPO parameters
2025-05-10 00:26:41,951 - INFO - Preparing datasets...
2025-05-10 00:26:47,088 - INFO - Prepared datasets: 294 train & 1000 validation samples
2025-05-10 00:26:47,088 - INFO - Initializing model...
2025-05-10 00:26:47,091 - INFO - Fitting model...
2025-05-10 00:27:58,724 - INFO - Saved weights to /s/ls4/users/selibrin/spiking_researches/correlation_encoding_and_training/mnist/hpo/shifted_nn_symm_stdp_synapse/hpo_data/hpo_iteration_data/4339491/estimator_1_neuron_1_weights.npy
2025-05-10 00:27:58,725 - INFO - Evaluating model...
2025-05-10 00:31:32,047 - INFO - Saved validation outputs to /s/ls4/users/selibrin/spiking_researches/correlation_encoding_and_training/mnist/hpo/shifted_nn_symm_stdp_synapse/hpo_data/hpo_iteration_data/4339491/estimator_1_neuron_1_validation_outputs.npy
2025-05-10 00:31:32,047 - INFO - Waiting for parameters file: /s/ls4/users/selibrin/spiking_researches/correlation_encoding_and_training/mnist/hpo/shifted_nn_symm_stdp_synapse/hpo_data/hpo_iteration_data/4339491/params_1_1.pkl
2025-05-10 00:32:22,105 - INFO - Loaded HPO parameters
2025-05-10 00:32:22,105 - INFO - Preparing datasets...
2025-05-10 00:32:27,351 - INFO - Prepared datasets: 1177 train & 1000 validation samples
2025-05-10 00:32:27,352 - INFO - Initializing model...
2025-05-10 00:32:27,355 - INFO - Fitting model...
2025-05-10 00:37:20,236 - INFO - Saved weights to /s/ls4/users/selibrin/spiking_researches/correlation_encoding_and_training/mnist/hpo/shifted_nn_symm_stdp_synapse/hpo_data/hpo_iteration_data/4339491/estimator_1_neuron_1_weights.npy
2025-05-10 00:37:20,236 - INFO - Evaluating model...
2025-05-10 00:40:55,360 - INFO - Saved validation outputs to /s/ls4/users/selibrin/spiking_researches/correlation_encoding_and_training/mnist/hpo/shifted_nn_symm_stdp_synapse/hpo_data/hpo_iteration_data/4339491/estimator_1_neuron_1_validation_outputs.npy
2025-05-10 00:40:55,360 - INFO - Waiting for parameters file: /s/ls4/users/selibrin/spiking_researches/correlation_encoding_and_training/mnist/hpo/shifted_nn_symm_stdp_synapse/hpo_data/hpo_iteration_data/4339491/params_1_1.pkl
2025-05-10 00:41:25,399 - INFO - Loaded HPO parameters
2025-05-10 00:41:25,400 - INFO - Preparing datasets...
2025-05-10 00:41:30,487 - INFO - Prepared datasets: 294 train & 1000 validation samples
2025-05-10 00:41:30,488 - INFO - Initializing model...
2025-05-10 00:41:30,492 - INFO - Fitting model...
2025-05-10 00:42:51,822 - INFO - Saved weights to /s/ls4/users/selibrin/spiking_researches/correlation_encoding_and_training/mnist/hpo/shifted_nn_symm_stdp_synapse/hpo_data/hpo_iteration_data/4339491/estimator_1_neuron_1_weights.npy
2025-05-10 00:42:51,822 - INFO - Evaluating model...
2025-05-10 00:46:32,050 - INFO - Saved validation outputs to /s/ls4/users/selibrin/spiking_researches/correlation_encoding_and_training/mnist/hpo/shifted_nn_symm_stdp_synapse/hpo_data/hpo_iteration_data/4339491/estimator_1_neuron_1_validation_outputs.npy
2025-05-10 00:46:32,051 - INFO - Waiting for parameters file: /s/ls4/users/selibrin/spiking_researches/correlation_encoding_and_training/mnist/hpo/shifted_nn_symm_stdp_synapse/hpo_data/hpo_iteration_data/4339491/params_1_1.pkl
2025-05-10 00:47:02,091 - INFO - Loaded HPO parameters
2025-05-10 00:47:02,091 - INFO - Preparing datasets...
2025-05-10 00:47:07,210 - INFO - Prepared datasets: 588 train & 1000 validation samples
2025-05-10 00:47:07,211 - INFO - Initializing model...
2025-05-10 00:47:07,215 - INFO - Fitting model...
2025-05-10 00:49:28,942 - INFO - Saved weights to /s/ls4/users/selibrin/spiking_researches/correlation_encoding_and_training/mnist/hpo/shifted_nn_symm_stdp_synapse/hpo_data/hpo_iteration_data/4339491/estimator_1_neuron_1_weights.npy
2025-05-10 00:49:28,942 - INFO - Evaluating model...
2025-05-10 00:53:04,441 - INFO - Saved validation outputs to /s/ls4/users/selibrin/spiking_researches/correlation_encoding_and_training/mnist/hpo/shifted_nn_symm_stdp_synapse/hpo_data/hpo_iteration_data/4339491/estimator_1_neuron_1_validation_outputs.npy
2025-05-10 00:53:04,442 - INFO - Waiting for parameters file: /s/ls4/users/selibrin/spiking_researches/correlation_encoding_and_training/mnist/hpo/shifted_nn_symm_stdp_synapse/hpo_data/hpo_iteration_data/4339491/params_1_1.pkl
2025-05-10 00:53:39,487 - INFO - Loaded HPO parameters
2025-05-10 00:53:39,488 - INFO - Preparing datasets...
2025-05-10 00:53:44,311 - INFO - Prepared datasets: 1177 train & 1000 validation samples
2025-05-10 00:53:44,311 - INFO - Initializing model...
2025-05-10 00:53:44,314 - INFO - Fitting model...
2025-05-10 00:58:22,962 - INFO - Saved weights to /s/ls4/users/selibrin/spiking_researches/correlation_encoding_and_training/mnist/hpo/shifted_nn_symm_stdp_synapse/hpo_data/hpo_iteration_data/4339491/estimator_1_neuron_1_weights.npy
2025-05-10 00:58:22,962 - INFO - Evaluating model...
2025-05-10 01:01:58,472 - INFO - Saved validation outputs to /s/ls4/users/selibrin/spiking_researches/correlation_encoding_and_training/mnist/hpo/shifted_nn_symm_stdp_synapse/hpo_data/hpo_iteration_data/4339491/estimator_1_neuron_1_validation_outputs.npy
2025-05-10 01:01:58,472 - INFO - Waiting for parameters file: /s/ls4/users/selibrin/spiking_researches/correlation_encoding_and_training/mnist/hpo/shifted_nn_symm_stdp_synapse/hpo_data/hpo_iteration_data/4339491/params_1_1.pkl
2025-05-10 01:02:43,525 - INFO - Loaded HPO parameters
2025-05-10 01:02:43,526 - INFO - Preparing datasets...
2025-05-10 01:02:48,393 - INFO - Prepared datasets: 1177 train & 1000 validation samples
2025-05-10 01:02:48,393 - INFO - Initializing model...
2025-05-10 01:02:48,396 - INFO - Fitting model...
2025-05-10 01:07:27,114 - INFO - Saved weights to /s/ls4/users/selibrin/spiking_researches/correlation_encoding_and_training/mnist/hpo/shifted_nn_symm_stdp_synapse/hpo_data/hpo_iteration_data/4339491/estimator_1_neuron_1_weights.npy
2025-05-10 01:07:27,114 - INFO - Evaluating model...
2025-05-10 01:10:58,026 - INFO - Saved validation outputs to /s/ls4/users/selibrin/spiking_researches/correlation_encoding_and_training/mnist/hpo/shifted_nn_symm_stdp_synapse/hpo_data/hpo_iteration_data/4339491/estimator_1_neuron_1_validation_outputs.npy
2025-05-10 01:10:58,026 - INFO - Waiting for parameters file: /s/ls4/users/selibrin/spiking_researches/correlation_encoding_and_training/mnist/hpo/shifted_nn_symm_stdp_synapse/hpo_data/hpo_iteration_data/4339491/params_1_1.pkl
2025-05-10 01:11:53,089 - INFO - Loaded HPO parameters
2025-05-10 01:11:53,089 - INFO - Preparing datasets...
2025-05-10 01:11:58,090 - INFO - Prepared datasets: 1177 train & 1000 validation samples
2025-05-10 01:11:58,091 - INFO - Initializing model...
2025-05-10 01:11:58,094 - INFO - Fitting model...
2025-05-10 01:16:36,332 - INFO - Saved weights to /s/ls4/users/selibrin/spiking_researches/correlation_encoding_and_training/mnist/hpo/shifted_nn_symm_stdp_synapse/hpo_data/hpo_iteration_data/4339491/estimator_1_neuron_1_weights.npy
2025-05-10 01:16:36,332 - INFO - Evaluating model...
2025-05-10 01:20:11,893 - INFO - Saved validation outputs to /s/ls4/users/selibrin/spiking_researches/correlation_encoding_and_training/mnist/hpo/shifted_nn_symm_stdp_synapse/hpo_data/hpo_iteration_data/4339491/estimator_1_neuron_1_validation_outputs.npy
2025-05-10 01:20:11,893 - INFO - Waiting for parameters file: /s/ls4/users/selibrin/spiking_researches/correlation_encoding_and_training/mnist/hpo/shifted_nn_symm_stdp_synapse/hpo_data/hpo_iteration_data/4339491/params_1_1.pkl
2025-05-10 01:21:01,955 - INFO - Loaded HPO parameters
2025-05-10 01:21:01,955 - INFO - Preparing datasets...
2025-05-10 01:21:07,152 - INFO - Prepared datasets: 1177 train & 1000 validation samples
2025-05-10 01:21:07,152 - INFO - Initializing model...
2025-05-10 01:21:07,156 - INFO - Fitting model...
2025-05-10 01:25:47,678 - INFO - Saved weights to /s/ls4/users/selibrin/spiking_researches/correlation_encoding_and_training/mnist/hpo/shifted_nn_symm_stdp_synapse/hpo_data/hpo_iteration_data/4339491/estimator_1_neuron_1_weights.npy
2025-05-10 01:25:47,679 - INFO - Evaluating model...
2025-05-10 01:29:21,067 - INFO - Saved validation outputs to /s/ls4/users/selibrin/spiking_researches/correlation_encoding_and_training/mnist/hpo/shifted_nn_symm_stdp_synapse/hpo_data/hpo_iteration_data/4339491/estimator_1_neuron_1_validation_outputs.npy
2025-05-10 01:29:21,067 - INFO - Waiting for parameters file: /s/ls4/users/selibrin/spiking_researches/correlation_encoding_and_training/mnist/hpo/shifted_nn_symm_stdp_synapse/hpo_data/hpo_iteration_data/4339491/params_1_1.pkl
2025-05-10 01:30:06,123 - INFO - Loaded HPO parameters
2025-05-10 01:30:06,123 - INFO - Preparing datasets...
2025-05-10 01:30:11,316 - INFO - Prepared datasets: 1177 train & 1000 validation samples
2025-05-10 01:30:11,316 - INFO - Initializing model...
2025-05-10 01:30:11,319 - INFO - Fitting model...
2025-05-10 01:34:56,443 - INFO - Saved weights to /s/ls4/users/selibrin/spiking_researches/correlation_encoding_and_training/mnist/hpo/shifted_nn_symm_stdp_synapse/hpo_data/hpo_iteration_data/4339491/estimator_1_neuron_1_weights.npy
2025-05-10 01:34:56,443 - INFO - Evaluating model...
2025-05-10 01:38:30,851 - INFO - Saved validation outputs to /s/ls4/users/selibrin/spiking_researches/correlation_encoding_and_training/mnist/hpo/shifted_nn_symm_stdp_synapse/hpo_data/hpo_iteration_data/4339491/estimator_1_neuron_1_validation_outputs.npy
2025-05-10 01:38:30,853 - INFO - Waiting for parameters file: /s/ls4/users/selibrin/spiking_researches/correlation_encoding_and_training/mnist/hpo/shifted_nn_symm_stdp_synapse/hpo_data/hpo_iteration_data/4339491/params_1_1.pkl
2025-05-10 01:39:10,903 - INFO - Loaded HPO parameters
2025-05-10 01:39:10,903 - INFO - Preparing datasets...
2025-05-10 01:39:16,062 - INFO - Prepared datasets: 1177 train & 1000 validation samples
2025-05-10 01:39:16,062 - INFO - Initializing model...
2025-05-10 01:39:16,066 - INFO - Fitting model...
2025-05-10 01:43:49,818 - INFO - Saved weights to /s/ls4/users/selibrin/spiking_researches/correlation_encoding_and_training/mnist/hpo/shifted_nn_symm_stdp_synapse/hpo_data/hpo_iteration_data/4339491/estimator_1_neuron_1_weights.npy
2025-05-10 01:43:49,819 - INFO - Evaluating model...
2025-05-10 01:47:22,936 - INFO - Saved validation outputs to /s/ls4/users/selibrin/spiking_researches/correlation_encoding_and_training/mnist/hpo/shifted_nn_symm_stdp_synapse/hpo_data/hpo_iteration_data/4339491/estimator_1_neuron_1_validation_outputs.npy
2025-05-10 01:47:22,936 - INFO - Waiting for parameters file: /s/ls4/users/selibrin/spiking_researches/correlation_encoding_and_training/mnist/hpo/shifted_nn_symm_stdp_synapse/hpo_data/hpo_iteration_data/4339491/params_1_1.pkl
2025-05-10 01:48:18,005 - INFO - Loaded HPO parameters
2025-05-10 01:48:18,005 - INFO - Preparing datasets...
2025-05-10 01:48:22,937 - INFO - Prepared datasets: 1177 train & 1000 validation samples
2025-05-10 01:48:22,937 - INFO - Initializing model...
2025-05-10 01:48:23,004 - INFO - Fitting model...
2025-05-10 01:54:39,692 - INFO - Saved weights to /s/ls4/users/selibrin/spiking_researches/correlation_encoding_and_training/mnist/hpo/shifted_nn_symm_stdp_synapse/hpo_data/hpo_iteration_data/4339491/estimator_1_neuron_1_weights.npy
2025-05-10 01:54:39,692 - INFO - Evaluating model...
2025-05-10 01:58:26,750 - INFO - Saved validation outputs to /s/ls4/users/selibrin/spiking_researches/correlation_encoding_and_training/mnist/hpo/shifted_nn_symm_stdp_synapse/hpo_data/hpo_iteration_data/4339491/estimator_1_neuron_1_validation_outputs.npy
2025-05-10 01:58:26,750 - INFO - Waiting for parameters file: /s/ls4/users/selibrin/spiking_researches/correlation_encoding_and_training/mnist/hpo/shifted_nn_symm_stdp_synapse/hpo_data/hpo_iteration_data/4339491/params_1_1.pkl
2025-05-10 01:59:26,819 - INFO - Loaded HPO parameters
2025-05-10 01:59:26,819 - INFO - Preparing datasets...
2025-05-10 01:59:31,993 - INFO - Prepared datasets: 1177 train & 1000 validation samples
2025-05-10 01:59:31,993 - INFO - Initializing model...
2025-05-10 01:59:31,997 - INFO - Fitting model...
2025-05-10 02:04:12,293 - INFO - Saved weights to /s/ls4/users/selibrin/spiking_researches/correlation_encoding_and_training/mnist/hpo/shifted_nn_symm_stdp_synapse/hpo_data/hpo_iteration_data/4339491/estimator_1_neuron_1_weights.npy
2025-05-10 02:04:12,294 - INFO - Evaluating model...
2025-05-10 02:07:48,069 - INFO - Saved validation outputs to /s/ls4/users/selibrin/spiking_researches/correlation_encoding_and_training/mnist/hpo/shifted_nn_symm_stdp_synapse/hpo_data/hpo_iteration_data/4339491/estimator_1_neuron_1_validation_outputs.npy
2025-05-10 02:07:48,070 - INFO - Waiting for parameters file: /s/ls4/users/selibrin/spiking_researches/correlation_encoding_and_training/mnist/hpo/shifted_nn_symm_stdp_synapse/hpo_data/hpo_iteration_data/4339491/params_1_1.pkl
2025-05-10 02:08:33,125 - INFO - Loaded HPO parameters
2025-05-10 02:08:33,125 - INFO - Preparing datasets...
2025-05-10 02:08:38,150 - INFO - Prepared datasets: 1177 train & 1000 validation samples
2025-05-10 02:08:38,150 - INFO - Initializing model...
2025-05-10 02:08:38,154 - INFO - Fitting model...
2025-05-10 02:14:13,437 - INFO - Saved weights to /s/ls4/users/selibrin/spiking_researches/correlation_encoding_and_training/mnist/hpo/shifted_nn_symm_stdp_synapse/hpo_data/hpo_iteration_data/4339491/estimator_1_neuron_1_weights.npy
2025-05-10 02:14:13,437 - INFO - Evaluating model...
2025-05-10 02:17:54,278 - INFO - Saved validation outputs to /s/ls4/users/selibrin/spiking_researches/correlation_encoding_and_training/mnist/hpo/shifted_nn_symm_stdp_synapse/hpo_data/hpo_iteration_data/4339491/estimator_1_neuron_1_validation_outputs.npy
2025-05-10 02:17:54,279 - INFO - Waiting for parameters file: /s/ls4/users/selibrin/spiking_researches/correlation_encoding_and_training/mnist/hpo/shifted_nn_symm_stdp_synapse/hpo_data/hpo_iteration_data/4339491/params_1_1.pkl
2025-05-10 02:18:39,333 - INFO - Loaded HPO parameters
2025-05-10 02:18:39,333 - INFO - Preparing datasets...
2025-05-10 02:18:44,462 - INFO - Prepared datasets: 1177 train & 1000 validation samples
2025-05-10 02:18:44,463 - INFO - Initializing model...
2025-05-10 02:18:44,466 - INFO - Fitting model...
2025-05-10 02:24:18,569 - INFO - Saved weights to /s/ls4/users/selibrin/spiking_researches/correlation_encoding_and_training/mnist/hpo/shifted_nn_symm_stdp_synapse/hpo_data/hpo_iteration_data/4339491/estimator_1_neuron_1_weights.npy
2025-05-10 02:24:18,569 - INFO - Evaluating model...
2025-05-10 02:27:58,496 - INFO - Saved validation outputs to /s/ls4/users/selibrin/spiking_researches/correlation_encoding_and_training/mnist/hpo/shifted_nn_symm_stdp_synapse/hpo_data/hpo_iteration_data/4339491/estimator_1_neuron_1_validation_outputs.npy
2025-05-10 02:27:58,496 - INFO - Waiting for parameters file: /s/ls4/users/selibrin/spiking_researches/correlation_encoding_and_training/mnist/hpo/shifted_nn_symm_stdp_synapse/hpo_data/hpo_iteration_data/4339491/params_1_1.pkl
2025-05-10 02:28:43,549 - INFO - Loaded HPO parameters
2025-05-10 02:28:43,550 - INFO - Preparing datasets...
2025-05-10 02:28:48,559 - INFO - Prepared datasets: 1177 train & 1000 validation samples
2025-05-10 02:28:48,559 - INFO - Initializing model...
2025-05-10 02:28:48,563 - INFO - Fitting model...
2025-05-10 02:34:20,421 - INFO - Saved weights to /s/ls4/users/selibrin/spiking_researches/correlation_encoding_and_training/mnist/hpo/shifted_nn_symm_stdp_synapse/hpo_data/hpo_iteration_data/4339491/estimator_1_neuron_1_weights.npy
2025-05-10 02:34:20,421 - INFO - Evaluating model...
2025-05-10 02:37:57,564 - INFO - Saved validation outputs to /s/ls4/users/selibrin/spiking_researches/correlation_encoding_and_training/mnist/hpo/shifted_nn_symm_stdp_synapse/hpo_data/hpo_iteration_data/4339491/estimator_1_neuron_1_validation_outputs.npy
2025-05-10 02:37:57,565 - INFO - Waiting for parameters file: /s/ls4/users/selibrin/spiking_researches/correlation_encoding_and_training/mnist/hpo/shifted_nn_symm_stdp_synapse/hpo_data/hpo_iteration_data/4339491/params_1_1.pkl
2025-05-10 02:38:52,627 - INFO - Loaded HPO parameters
2025-05-10 02:38:52,627 - INFO - Preparing datasets...
2025-05-10 02:38:57,632 - INFO - Prepared datasets: 1177 train & 1000 validation samples
2025-05-10 02:38:57,633 - INFO - Initializing model...
2025-05-10 02:38:57,636 - INFO - Fitting model...
2025-05-10 02:44:23,169 - INFO - Saved weights to /s/ls4/users/selibrin/spiking_researches/correlation_encoding_and_training/mnist/hpo/shifted_nn_symm_stdp_synapse/hpo_data/hpo_iteration_data/4339491/estimator_1_neuron_1_weights.npy
2025-05-10 02:44:23,170 - INFO - Evaluating model...
2025-05-10 02:48:05,071 - INFO - Saved validation outputs to /s/ls4/users/selibrin/spiking_researches/correlation_encoding_and_training/mnist/hpo/shifted_nn_symm_stdp_synapse/hpo_data/hpo_iteration_data/4339491/estimator_1_neuron_1_validation_outputs.npy
2025-05-10 02:48:05,071 - INFO - Waiting for parameters file: /s/ls4/users/selibrin/spiking_researches/correlation_encoding_and_training/mnist/hpo/shifted_nn_symm_stdp_synapse/hpo_data/hpo_iteration_data/4339491/params_1_1.pkl
2025-05-10 02:48:55,125 - INFO - Loaded HPO parameters
2025-05-10 02:48:55,125 - INFO - Preparing datasets...
2025-05-10 02:49:00,056 - INFO - Prepared datasets: 1177 train & 1000 validation samples
2025-05-10 02:49:00,057 - INFO - Initializing model...
2025-05-10 02:49:00,061 - INFO - Fitting model...
2025-05-10 02:54:36,635 - INFO - Saved weights to /s/ls4/users/selibrin/spiking_researches/correlation_encoding_and_training/mnist/hpo/shifted_nn_symm_stdp_synapse/hpo_data/hpo_iteration_data/4339491/estimator_1_neuron_1_weights.npy
2025-05-10 02:54:36,636 - INFO - Evaluating model...
2025-05-10 02:58:19,066 - INFO - Saved validation outputs to /s/ls4/users/selibrin/spiking_researches/correlation_encoding_and_training/mnist/hpo/shifted_nn_symm_stdp_synapse/hpo_data/hpo_iteration_data/4339491/estimator_1_neuron_1_validation_outputs.npy
2025-05-10 02:58:19,066 - INFO - Waiting for parameters file: /s/ls4/users/selibrin/spiking_researches/correlation_encoding_and_training/mnist/hpo/shifted_nn_symm_stdp_synapse/hpo_data/hpo_iteration_data/4339491/params_1_1.pkl
2025-05-10 02:58:59,114 - INFO - Loaded HPO parameters
2025-05-10 02:58:59,114 - INFO - Preparing datasets...
2025-05-10 02:59:04,036 - INFO - Prepared datasets: 1177 train & 1000 validation samples
2025-05-10 02:59:04,037 - INFO - Initializing model...
2025-05-10 02:59:04,040 - INFO - Fitting model...
2025-05-10 03:03:49,211 - INFO - Saved weights to /s/ls4/users/selibrin/spiking_researches/correlation_encoding_and_training/mnist/hpo/shifted_nn_symm_stdp_synapse/hpo_data/hpo_iteration_data/4339491/estimator_1_neuron_1_weights.npy
2025-05-10 03:03:49,211 - INFO - Evaluating model...
2025-05-10 03:07:23,425 - INFO - Saved validation outputs to /s/ls4/users/selibrin/spiking_researches/correlation_encoding_and_training/mnist/hpo/shifted_nn_symm_stdp_synapse/hpo_data/hpo_iteration_data/4339491/estimator_1_neuron_1_validation_outputs.npy
2025-05-10 03:07:23,425 - INFO - Waiting for parameters file: /s/ls4/users/selibrin/spiking_researches/correlation_encoding_and_training/mnist/hpo/shifted_nn_symm_stdp_synapse/hpo_data/hpo_iteration_data/4339491/params_1_1.pkl
2025-05-10 03:08:03,475 - INFO - Loaded HPO parameters
2025-05-10 03:08:03,475 - INFO - Preparing datasets...
2025-05-10 03:08:08,432 - INFO - Prepared datasets: 1177 train & 1000 validation samples
2025-05-10 03:08:08,432 - INFO - Initializing model...
2025-05-10 03:08:08,435 - INFO - Fitting model...
2025-05-10 03:14:21,750 - INFO - Saved weights to /s/ls4/users/selibrin/spiking_researches/correlation_encoding_and_training/mnist/hpo/shifted_nn_symm_stdp_synapse/hpo_data/hpo_iteration_data/4339491/estimator_1_neuron_1_weights.npy
2025-05-10 03:14:21,751 - INFO - Evaluating model...
2025-05-10 03:18:07,063 - INFO - Saved validation outputs to /s/ls4/users/selibrin/spiking_researches/correlation_encoding_and_training/mnist/hpo/shifted_nn_symm_stdp_synapse/hpo_data/hpo_iteration_data/4339491/estimator_1_neuron_1_validation_outputs.npy
2025-05-10 03:18:07,063 - INFO - Waiting for parameters file: /s/ls4/users/selibrin/spiking_researches/correlation_encoding_and_training/mnist/hpo/shifted_nn_symm_stdp_synapse/hpo_data/hpo_iteration_data/4339491/params_1_1.pkl
2025-05-10 03:19:07,136 - INFO - Loaded HPO parameters
2025-05-10 03:19:07,137 - INFO - Preparing datasets...
2025-05-10 03:19:12,444 - INFO - Prepared datasets: 588 train & 1000 validation samples
2025-05-10 03:19:12,444 - INFO - Initializing model...
2025-05-10 03:19:12,449 - INFO - Fitting model...
2025-05-10 03:21:30,402 - INFO - Saved weights to /s/ls4/users/selibrin/spiking_researches/correlation_encoding_and_training/mnist/hpo/shifted_nn_symm_stdp_synapse/hpo_data/hpo_iteration_data/4339491/estimator_1_neuron_1_weights.npy
2025-05-10 03:21:30,402 - INFO - Evaluating model...
2025-05-10 03:25:06,892 - INFO - Saved validation outputs to /s/ls4/users/selibrin/spiking_researches/correlation_encoding_and_training/mnist/hpo/shifted_nn_symm_stdp_synapse/hpo_data/hpo_iteration_data/4339491/estimator_1_neuron_1_validation_outputs.npy
2025-05-10 03:25:06,893 - INFO - Waiting for parameters file: /s/ls4/users/selibrin/spiking_researches/correlation_encoding_and_training/mnist/hpo/shifted_nn_symm_stdp_synapse/hpo_data/hpo_iteration_data/4339491/params_1_1.pkl
2025-05-10 03:25:41,936 - INFO - Loaded HPO parameters
2025-05-10 03:25:41,936 - INFO - Preparing datasets...
2025-05-10 03:25:47,038 - INFO - Prepared datasets: 1177 train & 1000 validation samples
2025-05-10 03:25:47,039 - INFO - Initializing model...
2025-05-10 03:25:47,044 - INFO - Fitting model...
2025-05-10 03:30:44,955 - INFO - Saved weights to /s/ls4/users/selibrin/spiking_researches/correlation_encoding_and_training/mnist/hpo/shifted_nn_symm_stdp_synapse/hpo_data/hpo_iteration_data/4339491/estimator_1_neuron_1_weights.npy
2025-05-10 03:30:44,955 - INFO - Evaluating model...
2025-05-10 03:34:23,707 - INFO - Saved validation outputs to /s/ls4/users/selibrin/spiking_researches/correlation_encoding_and_training/mnist/hpo/shifted_nn_symm_stdp_synapse/hpo_data/hpo_iteration_data/4339491/estimator_1_neuron_1_validation_outputs.npy
2025-05-10 03:34:23,708 - INFO - Waiting for parameters file: /s/ls4/users/selibrin/spiking_researches/correlation_encoding_and_training/mnist/hpo/shifted_nn_symm_stdp_synapse/hpo_data/hpo_iteration_data/4339491/params_1_1.pkl
2025-05-10 03:35:13,770 - INFO - Loaded HPO parameters
2025-05-10 03:35:13,771 - INFO - Preparing datasets...
2025-05-10 03:35:18,698 - INFO - Prepared datasets: 1177 train & 1000 validation samples
2025-05-10 03:35:18,698 - INFO - Initializing model...
2025-05-10 03:35:18,702 - INFO - Fitting model...
2025-05-10 03:40:46,000 - INFO - Saved weights to /s/ls4/users/selibrin/spiking_researches/correlation_encoding_and_training/mnist/hpo/shifted_nn_symm_stdp_synapse/hpo_data/hpo_iteration_data/4339491/estimator_1_neuron_1_weights.npy
2025-05-10 03:40:46,001 - INFO - Evaluating model...
2025-05-10 03:44:22,690 - INFO - Saved validation outputs to /s/ls4/users/selibrin/spiking_researches/correlation_encoding_and_training/mnist/hpo/shifted_nn_symm_stdp_synapse/hpo_data/hpo_iteration_data/4339491/estimator_1_neuron_1_validation_outputs.npy
2025-05-10 03:44:22,690 - INFO - Waiting for parameters file: /s/ls4/users/selibrin/spiking_researches/correlation_encoding_and_training/mnist/hpo/shifted_nn_symm_stdp_synapse/hpo_data/hpo_iteration_data/4339491/params_1_1.pkl
2025-05-10 03:45:17,754 - INFO - Loaded HPO parameters
2025-05-10 03:45:17,754 - INFO - Preparing datasets...
2025-05-10 03:45:22,773 - INFO - Prepared datasets: 588 train & 1000 validation samples
2025-05-10 03:45:22,774 - INFO - Initializing model...
2025-05-10 03:45:22,778 - INFO - Fitting model...
2025-05-10 03:47:40,843 - INFO - Saved weights to /s/ls4/users/selibrin/spiking_researches/correlation_encoding_and_training/mnist/hpo/shifted_nn_symm_stdp_synapse/hpo_data/hpo_iteration_data/4339491/estimator_1_neuron_1_weights.npy
2025-05-10 03:47:40,843 - INFO - Evaluating model...
2025-05-10 03:51:09,446 - INFO - Saved validation outputs to /s/ls4/users/selibrin/spiking_researches/correlation_encoding_and_training/mnist/hpo/shifted_nn_symm_stdp_synapse/hpo_data/hpo_iteration_data/4339491/estimator_1_neuron_1_validation_outputs.npy
2025-05-10 03:51:09,446 - INFO - Waiting for parameters file: /s/ls4/users/selibrin/spiking_researches/correlation_encoding_and_training/mnist/hpo/shifted_nn_symm_stdp_synapse/hpo_data/hpo_iteration_data/4339491/params_1_1.pkl
2025-05-10 03:51:49,497 - INFO - Loaded HPO parameters
2025-05-10 03:51:49,498 - INFO - Preparing datasets...
2025-05-10 03:51:54,443 - INFO - Prepared datasets: 1177 train & 1000 validation samples
2025-05-10 03:51:54,443 - INFO - Initializing model...
2025-05-10 03:51:54,446 - INFO - Fitting model...
2025-05-10 03:56:27,815 - INFO - Saved weights to /s/ls4/users/selibrin/spiking_researches/correlation_encoding_and_training/mnist/hpo/shifted_nn_symm_stdp_synapse/hpo_data/hpo_iteration_data/4339491/estimator_1_neuron_1_weights.npy
2025-05-10 03:56:27,815 - INFO - Evaluating model...
2025-05-10 04:00:04,698 - INFO - Saved validation outputs to /s/ls4/users/selibrin/spiking_researches/correlation_encoding_and_training/mnist/hpo/shifted_nn_symm_stdp_synapse/hpo_data/hpo_iteration_data/4339491/estimator_1_neuron_1_validation_outputs.npy
2025-05-10 04:00:04,699 - INFO - Waiting for parameters file: /s/ls4/users/selibrin/spiking_researches/correlation_encoding_and_training/mnist/hpo/shifted_nn_symm_stdp_synapse/hpo_data/hpo_iteration_data/4339491/params_1_1.pkl
2025-05-10 04:00:54,761 - INFO - Loaded HPO parameters
2025-05-10 04:00:54,761 - INFO - Preparing datasets...
2025-05-10 04:00:59,796 - INFO - Prepared datasets: 1177 train & 1000 validation samples
2025-05-10 04:00:59,796 - INFO - Initializing model...
2025-05-10 04:00:59,800 - INFO - Fitting model...
2025-05-10 04:05:49,358 - INFO - Saved weights to /s/ls4/users/selibrin/spiking_researches/correlation_encoding_and_training/mnist/hpo/shifted_nn_symm_stdp_synapse/hpo_data/hpo_iteration_data/4339491/estimator_1_neuron_1_weights.npy
2025-05-10 04:05:49,359 - INFO - Evaluating model...
2025-05-10 04:09:22,878 - INFO - Saved validation outputs to /s/ls4/users/selibrin/spiking_researches/correlation_encoding_and_training/mnist/hpo/shifted_nn_symm_stdp_synapse/hpo_data/hpo_iteration_data/4339491/estimator_1_neuron_1_validation_outputs.npy
2025-05-10 04:09:22,879 - INFO - Waiting for parameters file: /s/ls4/users/selibrin/spiking_researches/correlation_encoding_and_training/mnist/hpo/shifted_nn_symm_stdp_synapse/hpo_data/hpo_iteration_data/4339491/params_1_1.pkl
2025-05-10 04:09:57,922 - INFO - Loaded HPO parameters
2025-05-10 04:09:57,922 - INFO - Preparing datasets...
2025-05-10 04:10:02,982 - INFO - Prepared datasets: 1177 train & 1000 validation samples
2025-05-10 04:10:02,982 - INFO - Initializing model...
2025-05-10 04:10:02,986 - INFO - Fitting model...
2025-05-10 04:15:37,956 - INFO - Saved weights to /s/ls4/users/selibrin/spiking_researches/correlation_encoding_and_training/mnist/hpo/shifted_nn_symm_stdp_synapse/hpo_data/hpo_iteration_data/4339491/estimator_1_neuron_1_weights.npy
2025-05-10 04:15:37,956 - INFO - Evaluating model...
2025-05-10 04:19:15,927 - INFO - Saved validation outputs to /s/ls4/users/selibrin/spiking_researches/correlation_encoding_and_training/mnist/hpo/shifted_nn_symm_stdp_synapse/hpo_data/hpo_iteration_data/4339491/estimator_1_neuron_1_validation_outputs.npy
2025-05-10 04:19:15,928 - INFO - Waiting for parameters file: /s/ls4/users/selibrin/spiking_researches/correlation_encoding_and_training/mnist/hpo/shifted_nn_symm_stdp_synapse/hpo_data/hpo_iteration_data/4339491/params_1_1.pkl
2025-05-10 04:20:00,982 - INFO - Loaded HPO parameters
2025-05-10 04:20:00,982 - INFO - Preparing datasets...
2025-05-10 04:20:06,099 - INFO - Prepared datasets: 1177 train & 1000 validation samples
2025-05-10 04:20:06,099 - INFO - Initializing model...
2025-05-10 04:20:06,108 - INFO - Fitting model...
2025-05-10 04:24:49,657 - INFO - Saved weights to /s/ls4/users/selibrin/spiking_researches/correlation_encoding_and_training/mnist/hpo/shifted_nn_symm_stdp_synapse/hpo_data/hpo_iteration_data/4339491/estimator_1_neuron_1_weights.npy
2025-05-10 04:24:49,658 - INFO - Evaluating model...
2025-05-10 04:28:20,595 - INFO - Saved validation outputs to /s/ls4/users/selibrin/spiking_researches/correlation_encoding_and_training/mnist/hpo/shifted_nn_symm_stdp_synapse/hpo_data/hpo_iteration_data/4339491/estimator_1_neuron_1_validation_outputs.npy
2025-05-10 04:28:20,596 - INFO - Waiting for parameters file: /s/ls4/users/selibrin/spiking_researches/correlation_encoding_and_training/mnist/hpo/shifted_nn_symm_stdp_synapse/hpo_data/hpo_iteration_data/4339491/params_1_1.pkl
2025-05-10 04:29:05,651 - INFO - Loaded HPO parameters
2025-05-10 04:29:05,651 - INFO - Preparing datasets...
2025-05-10 04:29:10,624 - INFO - Prepared datasets: 1177 train & 1000 validation samples
2025-05-10 04:29:10,625 - INFO - Initializing model...
2025-05-10 04:29:10,627 - INFO - Fitting model...
2025-05-10 04:33:57,023 - INFO - Saved weights to /s/ls4/users/selibrin/spiking_researches/correlation_encoding_and_training/mnist/hpo/shifted_nn_symm_stdp_synapse/hpo_data/hpo_iteration_data/4339491/estimator_1_neuron_1_weights.npy
2025-05-10 04:33:57,024 - INFO - Evaluating model...
2025-05-10 04:37:36,984 - INFO - Saved validation outputs to /s/ls4/users/selibrin/spiking_researches/correlation_encoding_and_training/mnist/hpo/shifted_nn_symm_stdp_synapse/hpo_data/hpo_iteration_data/4339491/estimator_1_neuron_1_validation_outputs.npy
2025-05-10 04:37:36,984 - INFO - Waiting for parameters file: /s/ls4/users/selibrin/spiking_researches/correlation_encoding_and_training/mnist/hpo/shifted_nn_symm_stdp_synapse/hpo_data/hpo_iteration_data/4339491/params_1_1.pkl
2025-05-10 04:38:12,022 - INFO - Loaded HPO parameters
2025-05-10 04:38:12,022 - INFO - Preparing datasets...
2025-05-10 04:38:17,011 - INFO - Prepared datasets: 1177 train & 1000 validation samples
2025-05-10 04:38:17,011 - INFO - Initializing model...
2025-05-10 04:38:17,014 - INFO - Fitting model...
2025-05-10 04:43:05,101 - INFO - Saved weights to /s/ls4/users/selibrin/spiking_researches/correlation_encoding_and_training/mnist/hpo/shifted_nn_symm_stdp_synapse/hpo_data/hpo_iteration_data/4339491/estimator_1_neuron_1_weights.npy
2025-05-10 04:43:05,101 - INFO - Evaluating model...
2025-05-10 04:46:37,955 - INFO - Saved validation outputs to /s/ls4/users/selibrin/spiking_researches/correlation_encoding_and_training/mnist/hpo/shifted_nn_symm_stdp_synapse/hpo_data/hpo_iteration_data/4339491/estimator_1_neuron_1_validation_outputs.npy
2025-05-10 04:46:37,956 - INFO - Waiting for parameters file: /s/ls4/users/selibrin/spiking_researches/correlation_encoding_and_training/mnist/hpo/shifted_nn_symm_stdp_synapse/hpo_data/hpo_iteration_data/4339491/params_1_1.pkl
2025-05-10 04:47:12,999 - INFO - Loaded HPO parameters
2025-05-10 04:47:12,999 - INFO - Preparing datasets...
2025-05-10 04:47:17,967 - INFO - Prepared datasets: 1177 train & 1000 validation samples
2025-05-10 04:47:17,967 - INFO - Initializing model...
2025-05-10 04:47:17,970 - INFO - Fitting model...
2025-05-10 04:51:58,347 - INFO - Saved weights to /s/ls4/users/selibrin/spiking_researches/correlation_encoding_and_training/mnist/hpo/shifted_nn_symm_stdp_synapse/hpo_data/hpo_iteration_data/4339491/estimator_1_neuron_1_weights.npy
2025-05-10 04:51:58,347 - INFO - Evaluating model...
2025-05-10 04:55:32,732 - INFO - Saved validation outputs to /s/ls4/users/selibrin/spiking_researches/correlation_encoding_and_training/mnist/hpo/shifted_nn_symm_stdp_synapse/hpo_data/hpo_iteration_data/4339491/estimator_1_neuron_1_validation_outputs.npy
2025-05-10 04:55:32,732 - INFO - Waiting for parameters file: /s/ls4/users/selibrin/spiking_researches/correlation_encoding_and_training/mnist/hpo/shifted_nn_symm_stdp_synapse/hpo_data/hpo_iteration_data/4339491/params_1_1.pkl
2025-05-10 04:56:17,786 - INFO - Loaded HPO parameters
2025-05-10 04:56:17,786 - INFO - Preparing datasets...
2025-05-10 04:56:22,793 - INFO - Prepared datasets: 1177 train & 1000 validation samples
2025-05-10 04:56:22,793 - INFO - Initializing model...
2025-05-10 04:56:22,796 - INFO - Fitting model...
2025-05-10 05:01:21,385 - INFO - Saved weights to /s/ls4/users/selibrin/spiking_researches/correlation_encoding_and_training/mnist/hpo/shifted_nn_symm_stdp_synapse/hpo_data/hpo_iteration_data/4339491/estimator_1_neuron_1_weights.npy
2025-05-10 05:01:21,386 - INFO - Evaluating model...
2025-05-10 05:04:55,738 - INFO - Saved validation outputs to /s/ls4/users/selibrin/spiking_researches/correlation_encoding_and_training/mnist/hpo/shifted_nn_symm_stdp_synapse/hpo_data/hpo_iteration_data/4339491/estimator_1_neuron_1_validation_outputs.npy
2025-05-10 05:04:55,738 - INFO - Waiting for parameters file: /s/ls4/users/selibrin/spiking_researches/correlation_encoding_and_training/mnist/hpo/shifted_nn_symm_stdp_synapse/hpo_data/hpo_iteration_data/4339491/params_1_1.pkl
2025-05-10 05:05:20,771 - INFO - Loaded HPO parameters
2025-05-10 05:05:20,771 - INFO - Preparing datasets...
2025-05-10 05:05:25,644 - INFO - Prepared datasets: 1177 train & 1000 validation samples
2025-05-10 05:05:25,645 - INFO - Initializing model...
2025-05-10 05:05:25,648 - INFO - Fitting model...
2025-05-10 05:11:47,190 - INFO - Saved weights to /s/ls4/users/selibrin/spiking_researches/correlation_encoding_and_training/mnist/hpo/shifted_nn_symm_stdp_synapse/hpo_data/hpo_iteration_data/4339491/estimator_1_neuron_1_weights.npy
2025-05-10 05:11:47,191 - INFO - Evaluating model...
2025-05-10 05:15:39,719 - INFO - Saved validation outputs to /s/ls4/users/selibrin/spiking_researches/correlation_encoding_and_training/mnist/hpo/shifted_nn_symm_stdp_synapse/hpo_data/hpo_iteration_data/4339491/estimator_1_neuron_1_validation_outputs.npy
2025-05-10 05:15:39,719 - INFO - Waiting for parameters file: /s/ls4/users/selibrin/spiking_researches/correlation_encoding_and_training/mnist/hpo/shifted_nn_symm_stdp_synapse/hpo_data/hpo_iteration_data/4339491/params_1_1.pkl
2025-05-10 05:16:24,775 - INFO - Loaded HPO parameters
2025-05-10 05:16:24,776 - INFO - Preparing datasets...
2025-05-10 05:16:30,252 - INFO - Prepared datasets: 1177 train & 1000 validation samples
2025-05-10 05:16:30,252 - INFO - Initializing model...
2025-05-10 05:16:30,256 - INFO - Fitting model...
2025-05-10 05:21:17,883 - INFO - Saved weights to /s/ls4/users/selibrin/spiking_researches/correlation_encoding_and_training/mnist/hpo/shifted_nn_symm_stdp_synapse/hpo_data/hpo_iteration_data/4339491/estimator_1_neuron_1_weights.npy
2025-05-10 05:21:17,884 - INFO - Evaluating model...
2025-05-10 05:24:55,227 - INFO - Saved validation outputs to /s/ls4/users/selibrin/spiking_researches/correlation_encoding_and_training/mnist/hpo/shifted_nn_symm_stdp_synapse/hpo_data/hpo_iteration_data/4339491/estimator_1_neuron_1_validation_outputs.npy
2025-05-10 05:24:55,228 - INFO - Waiting for parameters file: /s/ls4/users/selibrin/spiking_researches/correlation_encoding_and_training/mnist/hpo/shifted_nn_symm_stdp_synapse/hpo_data/hpo_iteration_data/4339491/params_1_1.pkl
2025-05-10 05:25:30,265 - INFO - Loaded HPO parameters
2025-05-10 05:25:30,265 - INFO - Preparing datasets...
2025-05-10 05:25:35,371 - INFO - Prepared datasets: 588 train & 1000 validation samples
2025-05-10 05:25:35,371 - INFO - Initializing model...
2025-05-10 05:25:35,375 - INFO - Fitting model...
2025-05-10 05:27:55,028 - INFO - Saved weights to /s/ls4/users/selibrin/spiking_researches/correlation_encoding_and_training/mnist/hpo/shifted_nn_symm_stdp_synapse/hpo_data/hpo_iteration_data/4339491/estimator_1_neuron_1_weights.npy
2025-05-10 05:27:55,028 - INFO - Evaluating model...
2025-05-10 05:31:33,880 - INFO - Saved validation outputs to /s/ls4/users/selibrin/spiking_researches/correlation_encoding_and_training/mnist/hpo/shifted_nn_symm_stdp_synapse/hpo_data/hpo_iteration_data/4339491/estimator_1_neuron_1_validation_outputs.npy
2025-05-10 05:31:33,880 - INFO - Waiting for parameters file: /s/ls4/users/selibrin/spiking_researches/correlation_encoding_and_training/mnist/hpo/shifted_nn_symm_stdp_synapse/hpo_data/hpo_iteration_data/4339491/params_1_1.pkl
2025-05-10 05:32:03,917 - INFO - Loaded HPO parameters
2025-05-10 05:32:03,917 - INFO - Preparing datasets...
2025-05-10 05:32:08,735 - INFO - Prepared datasets: 1177 train & 1000 validation samples
2025-05-10 05:32:08,736 - INFO - Initializing model...
2025-05-10 05:32:08,739 - INFO - Fitting model...
2025-05-10 05:37:44,788 - INFO - Saved weights to /s/ls4/users/selibrin/spiking_researches/correlation_encoding_and_training/mnist/hpo/shifted_nn_symm_stdp_synapse/hpo_data/hpo_iteration_data/4339491/estimator_1_neuron_1_weights.npy
2025-05-10 05:37:44,788 - INFO - Evaluating model...
2025-05-10 05:41:25,375 - INFO - Saved validation outputs to /s/ls4/users/selibrin/spiking_researches/correlation_encoding_and_training/mnist/hpo/shifted_nn_symm_stdp_synapse/hpo_data/hpo_iteration_data/4339491/estimator_1_neuron_1_validation_outputs.npy
2025-05-10 05:41:25,376 - INFO - Waiting for parameters file: /s/ls4/users/selibrin/spiking_researches/correlation_encoding_and_training/mnist/hpo/shifted_nn_symm_stdp_synapse/hpo_data/hpo_iteration_data/4339491/params_1_1.pkl
2025-05-10 05:42:05,489 - INFO - Loaded HPO parameters
2025-05-10 05:42:05,489 - INFO - Preparing datasets...
2025-05-10 05:42:10,735 - INFO - Prepared datasets: 1177 train & 1000 validation samples
2025-05-10 05:42:10,735 - INFO - Initializing model...
2025-05-10 05:42:10,739 - INFO - Fitting model...
2025-05-10 05:46:48,497 - INFO - Saved weights to /s/ls4/users/selibrin/spiking_researches/correlation_encoding_and_training/mnist/hpo/shifted_nn_symm_stdp_synapse/hpo_data/hpo_iteration_data/4339491/estimator_1_neuron_1_weights.npy
2025-05-10 05:46:48,498 - INFO - Evaluating model...
2025-05-10 05:50:24,185 - INFO - Saved validation outputs to /s/ls4/users/selibrin/spiking_researches/correlation_encoding_and_training/mnist/hpo/shifted_nn_symm_stdp_synapse/hpo_data/hpo_iteration_data/4339491/estimator_1_neuron_1_validation_outputs.npy
2025-05-10 05:50:24,185 - INFO - Waiting for parameters file: /s/ls4/users/selibrin/spiking_researches/correlation_encoding_and_training/mnist/hpo/shifted_nn_symm_stdp_synapse/hpo_data/hpo_iteration_data/4339491/params_1_1.pkl
2025-05-10 05:51:09,248 - INFO - Loaded HPO parameters
2025-05-10 05:51:09,249 - INFO - Preparing datasets...
2025-05-10 05:51:14,595 - INFO - Prepared datasets: 1177 train & 1000 validation samples
2025-05-10 05:51:14,595 - INFO - Initializing model...
2025-05-10 05:51:14,598 - INFO - Fitting model...
2025-05-10 05:56:20,257 - INFO - Saved weights to /s/ls4/users/selibrin/spiking_researches/correlation_encoding_and_training/mnist/hpo/shifted_nn_symm_stdp_synapse/hpo_data/hpo_iteration_data/4339491/estimator_1_neuron_1_weights.npy
2025-05-10 05:56:20,257 - INFO - Evaluating model...
2025-05-10 06:00:17,124 - INFO - Saved validation outputs to /s/ls4/users/selibrin/spiking_researches/correlation_encoding_and_training/mnist/hpo/shifted_nn_symm_stdp_synapse/hpo_data/hpo_iteration_data/4339491/estimator_1_neuron_1_validation_outputs.npy
2025-05-10 06:00:17,125 - INFO - Waiting for parameters file: /s/ls4/users/selibrin/spiking_researches/correlation_encoding_and_training/mnist/hpo/shifted_nn_symm_stdp_synapse/hpo_data/hpo_iteration_data/4339491/params_1_1.pkl
2025-05-10 06:00:42,154 - INFO - Loaded HPO parameters
2025-05-10 06:00:42,155 - INFO - Preparing datasets...
2025-05-10 06:00:47,540 - INFO - Prepared datasets: 588 train & 1000 validation samples
2025-05-10 06:00:47,540 - INFO - Initializing model...
2025-05-10 06:00:47,544 - INFO - Fitting model...
2025-05-10 06:03:20,264 - INFO - Saved weights to /s/ls4/users/selibrin/spiking_researches/correlation_encoding_and_training/mnist/hpo/shifted_nn_symm_stdp_synapse/hpo_data/hpo_iteration_data/4339491/estimator_1_neuron_1_weights.npy
2025-05-10 06:03:20,264 - INFO - Evaluating model...
2025-05-10 06:07:05,690 - INFO - Saved validation outputs to /s/ls4/users/selibrin/spiking_researches/correlation_encoding_and_training/mnist/hpo/shifted_nn_symm_stdp_synapse/hpo_data/hpo_iteration_data/4339491/estimator_1_neuron_1_validation_outputs.npy
2025-05-10 06:07:05,690 - INFO - Waiting for parameters file: /s/ls4/users/selibrin/spiking_researches/correlation_encoding_and_training/mnist/hpo/shifted_nn_symm_stdp_synapse/hpo_data/hpo_iteration_data/4339491/params_1_1.pkl
2025-05-10 06:07:45,744 - INFO - Loaded HPO parameters
2025-05-10 06:07:45,745 - INFO - Preparing datasets...
2025-05-10 06:07:51,139 - INFO - Prepared datasets: 1177 train & 1000 validation samples
2025-05-10 06:07:51,140 - INFO - Initializing model...
2025-05-10 06:07:51,145 - INFO - Fitting model...
2025-05-10 06:12:58,686 - INFO - Saved weights to /s/ls4/users/selibrin/spiking_researches/correlation_encoding_and_training/mnist/hpo/shifted_nn_symm_stdp_synapse/hpo_data/hpo_iteration_data/4339491/estimator_1_neuron_1_weights.npy
2025-05-10 06:12:58,686 - INFO - Evaluating model...
2025-05-10 06:16:54,673 - INFO - Saved validation outputs to /s/ls4/users/selibrin/spiking_researches/correlation_encoding_and_training/mnist/hpo/shifted_nn_symm_stdp_synapse/hpo_data/hpo_iteration_data/4339491/estimator_1_neuron_1_validation_outputs.npy
2025-05-10 06:16:54,673 - INFO - Waiting for parameters file: /s/ls4/users/selibrin/spiking_researches/correlation_encoding_and_training/mnist/hpo/shifted_nn_symm_stdp_synapse/hpo_data/hpo_iteration_data/4339491/params_1_1.pkl
2025-05-10 06:17:19,707 - INFO - Loaded HPO parameters
2025-05-10 06:17:19,708 - INFO - Preparing datasets...
2025-05-10 06:17:24,952 - INFO - Prepared datasets: 1177 train & 1000 validation samples
2025-05-10 06:17:24,952 - INFO - Initializing model...
2025-05-10 06:17:24,955 - INFO - Fitting model...
2025-05-10 06:23:10,599 - INFO - Saved weights to /s/ls4/users/selibrin/spiking_researches/correlation_encoding_and_training/mnist/hpo/shifted_nn_symm_stdp_synapse/hpo_data/hpo_iteration_data/4339491/estimator_1_neuron_1_weights.npy
2025-05-10 06:23:10,599 - INFO - Evaluating model...
2025-05-10 06:27:09,764 - INFO - Saved validation outputs to /s/ls4/users/selibrin/spiking_researches/correlation_encoding_and_training/mnist/hpo/shifted_nn_symm_stdp_synapse/hpo_data/hpo_iteration_data/4339491/estimator_1_neuron_1_validation_outputs.npy
2025-05-10 06:27:09,765 - INFO - Waiting for parameters file: /s/ls4/users/selibrin/spiking_researches/correlation_encoding_and_training/mnist/hpo/shifted_nn_symm_stdp_synapse/hpo_data/hpo_iteration_data/4339491/params_1_1.pkl
2025-05-10 06:27:54,820 - INFO - Loaded HPO parameters
2025-05-10 06:27:54,820 - INFO - Preparing datasets...
2025-05-10 06:28:00,182 - INFO - Prepared datasets: 1177 train & 1000 validation samples
2025-05-10 06:28:00,183 - INFO - Initializing model...
2025-05-10 06:28:00,186 - INFO - Fitting model...
2025-05-10 06:33:27,969 - INFO - Saved weights to /s/ls4/users/selibrin/spiking_researches/correlation_encoding_and_training/mnist/hpo/shifted_nn_symm_stdp_synapse/hpo_data/hpo_iteration_data/4339491/estimator_1_neuron_1_weights.npy
2025-05-10 06:33:27,970 - INFO - Evaluating model...
2025-05-10 06:37:21,530 - INFO - Saved validation outputs to /s/ls4/users/selibrin/spiking_researches/correlation_encoding_and_training/mnist/hpo/shifted_nn_symm_stdp_synapse/hpo_data/hpo_iteration_data/4339491/estimator_1_neuron_1_validation_outputs.npy
2025-05-10 06:37:21,531 - INFO - Waiting for parameters file: /s/ls4/users/selibrin/spiking_researches/correlation_encoding_and_training/mnist/hpo/shifted_nn_symm_stdp_synapse/hpo_data/hpo_iteration_data/4339491/params_1_1.pkl
2025-05-10 06:37:56,592 - INFO - Loaded HPO parameters
2025-05-10 06:37:56,592 - INFO - Preparing datasets...
2025-05-10 06:38:01,729 - INFO - Prepared datasets: 588 train & 1000 validation samples
2025-05-10 06:38:01,729 - INFO - Initializing model...
2025-05-10 06:38:01,733 - INFO - Fitting model...
2025-05-10 06:40:57,525 - INFO - Saved weights to /s/ls4/users/selibrin/spiking_researches/correlation_encoding_and_training/mnist/hpo/shifted_nn_symm_stdp_synapse/hpo_data/hpo_iteration_data/4339491/estimator_1_neuron_1_weights.npy
2025-05-10 06:40:57,526 - INFO - Evaluating model...
2025-05-10 06:44:55,109 - INFO - Saved validation outputs to /s/ls4/users/selibrin/spiking_researches/correlation_encoding_and_training/mnist/hpo/shifted_nn_symm_stdp_synapse/hpo_data/hpo_iteration_data/4339491/estimator_1_neuron_1_validation_outputs.npy
2025-05-10 06:44:55,109 - INFO - Waiting for parameters file: /s/ls4/users/selibrin/spiking_researches/correlation_encoding_and_training/mnist/hpo/shifted_nn_symm_stdp_synapse/hpo_data/hpo_iteration_data/4339491/params_1_1.pkl
2025-05-10 06:45:30,154 - INFO - Loaded HPO parameters
2025-05-10 06:45:30,154 - INFO - Preparing datasets...
2025-05-10 06:45:35,588 - INFO - Prepared datasets: 1177 train & 1000 validation samples
2025-05-10 06:45:35,588 - INFO - Initializing model...
2025-05-10 06:45:35,592 - INFO - Fitting model...
2025-05-10 06:52:25,009 - INFO - Saved weights to /s/ls4/users/selibrin/spiking_researches/correlation_encoding_and_training/mnist/hpo/shifted_nn_symm_stdp_synapse/hpo_data/hpo_iteration_data/4339491/estimator_1_neuron_1_weights.npy
2025-05-10 06:52:25,009 - INFO - Evaluating model...
2025-05-10 06:56:29,738 - INFO - Saved validation outputs to /s/ls4/users/selibrin/spiking_researches/correlation_encoding_and_training/mnist/hpo/shifted_nn_symm_stdp_synapse/hpo_data/hpo_iteration_data/4339491/estimator_1_neuron_1_validation_outputs.npy
2025-05-10 06:56:29,738 - INFO - Waiting for parameters file: /s/ls4/users/selibrin/spiking_researches/correlation_encoding_and_training/mnist/hpo/shifted_nn_symm_stdp_synapse/hpo_data/hpo_iteration_data/4339491/params_1_1.pkl
2025-05-10 06:57:04,783 - INFO - Loaded HPO parameters
2025-05-10 06:57:04,783 - INFO - Preparing datasets...
2025-05-10 06:57:10,319 - INFO - Prepared datasets: 1177 train & 1000 validation samples
2025-05-10 06:57:10,320 - INFO - Initializing model...
2025-05-10 06:57:10,323 - INFO - Fitting model...
2025-05-10 07:02:17,410 - INFO - Saved weights to /s/ls4/users/selibrin/spiking_researches/correlation_encoding_and_training/mnist/hpo/shifted_nn_symm_stdp_synapse/hpo_data/hpo_iteration_data/4339491/estimator_1_neuron_1_weights.npy
2025-05-10 07:02:17,410 - INFO - Evaluating model...
2025-05-10 07:06:06,634 - INFO - Saved validation outputs to /s/ls4/users/selibrin/spiking_researches/correlation_encoding_and_training/mnist/hpo/shifted_nn_symm_stdp_synapse/hpo_data/hpo_iteration_data/4339491/estimator_1_neuron_1_validation_outputs.npy
2025-05-10 07:06:06,635 - INFO - Waiting for parameters file: /s/ls4/users/selibrin/spiking_researches/correlation_encoding_and_training/mnist/hpo/shifted_nn_symm_stdp_synapse/hpo_data/hpo_iteration_data/4339491/params_1_1.pkl
2025-05-10 07:06:36,675 - INFO - Loaded HPO parameters
2025-05-10 07:06:36,675 - INFO - Preparing datasets...
2025-05-10 07:06:42,230 - INFO - Prepared datasets: 1177 train & 1000 validation samples
2025-05-10 07:06:42,230 - INFO - Initializing model...
2025-05-10 07:06:42,234 - INFO - Fitting model...
2025-05-10 07:11:40,181 - INFO - Saved weights to /s/ls4/users/selibrin/spiking_researches/correlation_encoding_and_training/mnist/hpo/shifted_nn_symm_stdp_synapse/hpo_data/hpo_iteration_data/4339491/estimator_1_neuron_1_weights.npy
2025-05-10 07:11:40,182 - INFO - Evaluating model...
2025-05-10 07:15:33,484 - INFO - Saved validation outputs to /s/ls4/users/selibrin/spiking_researches/correlation_encoding_and_training/mnist/hpo/shifted_nn_symm_stdp_synapse/hpo_data/hpo_iteration_data/4339491/estimator_1_neuron_1_validation_outputs.npy
2025-05-10 07:15:33,485 - INFO - Waiting for parameters file: /s/ls4/users/selibrin/spiking_researches/correlation_encoding_and_training/mnist/hpo/shifted_nn_symm_stdp_synapse/hpo_data/hpo_iteration_data/4339491/params_1_1.pkl
2025-05-10 07:16:13,534 - INFO - Loaded HPO parameters
2025-05-10 07:16:13,534 - INFO - Preparing datasets...
2025-05-10 07:16:18,843 - INFO - Prepared datasets: 1177 train & 1000 validation samples
2025-05-10 07:16:18,844 - INFO - Initializing model...
2025-05-10 07:16:18,847 - INFO - Fitting model...
2025-05-10 07:22:13,649 - INFO - Saved weights to /s/ls4/users/selibrin/spiking_researches/correlation_encoding_and_training/mnist/hpo/shifted_nn_symm_stdp_synapse/hpo_data/hpo_iteration_data/4339491/estimator_1_neuron_1_weights.npy
2025-05-10 07:22:13,650 - INFO - Evaluating model...
2025-05-10 07:26:18,596 - INFO - Saved validation outputs to /s/ls4/users/selibrin/spiking_researches/correlation_encoding_and_training/mnist/hpo/shifted_nn_symm_stdp_synapse/hpo_data/hpo_iteration_data/4339491/estimator_1_neuron_1_validation_outputs.npy
2025-05-10 07:26:18,596 - INFO - Waiting for parameters file: /s/ls4/users/selibrin/spiking_researches/correlation_encoding_and_training/mnist/hpo/shifted_nn_symm_stdp_synapse/hpo_data/hpo_iteration_data/4339491/params_1_1.pkl
2025-05-10 07:26:43,632 - INFO - Loaded HPO parameters
2025-05-10 07:26:43,632 - INFO - Preparing datasets...
2025-05-10 07:26:49,236 - INFO - Prepared datasets: 588 train & 1000 validation samples
2025-05-10 07:26:49,237 - INFO - Initializing model...
2025-05-10 07:26:49,242 - INFO - Fitting model...
2025-05-10 07:29:24,146 - INFO - Saved weights to /s/ls4/users/selibrin/spiking_researches/correlation_encoding_and_training/mnist/hpo/shifted_nn_symm_stdp_synapse/hpo_data/hpo_iteration_data/4339491/estimator_1_neuron_1_weights.npy
2025-05-10 07:29:24,146 - INFO - Evaluating model...
2025-05-10 07:33:18,494 - INFO - Saved validation outputs to /s/ls4/users/selibrin/spiking_researches/correlation_encoding_and_training/mnist/hpo/shifted_nn_symm_stdp_synapse/hpo_data/hpo_iteration_data/4339491/estimator_1_neuron_1_validation_outputs.npy
2025-05-10 07:33:18,494 - INFO - Waiting for parameters file: /s/ls4/users/selibrin/spiking_researches/correlation_encoding_and_training/mnist/hpo/shifted_nn_symm_stdp_synapse/hpo_data/hpo_iteration_data/4339491/params_1_1.pkl
2025-05-10 07:33:48,534 - INFO - Loaded HPO parameters
2025-05-10 07:33:48,534 - INFO - Preparing datasets...
2025-05-10 07:33:53,901 - INFO - Prepared datasets: 1177 train & 1000 validation samples
2025-05-10 07:33:53,902 - INFO - Initializing model...
2025-05-10 07:33:53,908 - INFO - Fitting model...
2025-05-10 07:38:55,733 - INFO - Saved weights to /s/ls4/users/selibrin/spiking_researches/correlation_encoding_and_training/mnist/hpo/shifted_nn_symm_stdp_synapse/hpo_data/hpo_iteration_data/4339491/estimator_1_neuron_1_weights.npy
2025-05-10 07:38:55,733 - INFO - Evaluating model...
2025-05-10 07:42:52,503 - INFO - Saved validation outputs to /s/ls4/users/selibrin/spiking_researches/correlation_encoding_and_training/mnist/hpo/shifted_nn_symm_stdp_synapse/hpo_data/hpo_iteration_data/4339491/estimator_1_neuron_1_validation_outputs.npy
2025-05-10 07:42:52,503 - INFO - Waiting for parameters file: /s/ls4/users/selibrin/spiking_researches/correlation_encoding_and_training/mnist/hpo/shifted_nn_symm_stdp_synapse/hpo_data/hpo_iteration_data/4339491/params_1_1.pkl
2025-05-10 07:43:22,540 - INFO - Loaded HPO parameters
2025-05-10 07:43:22,540 - INFO - Preparing datasets...
2025-05-10 07:43:28,021 - INFO - Prepared datasets: 1177 train & 1000 validation samples
2025-05-10 07:43:28,021 - INFO - Initializing model...
2025-05-10 07:43:28,024 - INFO - Fitting model...
2025-05-10 07:48:46,500 - INFO - Saved weights to /s/ls4/users/selibrin/spiking_researches/correlation_encoding_and_training/mnist/hpo/shifted_nn_symm_stdp_synapse/hpo_data/hpo_iteration_data/4339491/estimator_1_neuron_1_weights.npy
2025-05-10 07:48:46,500 - INFO - Evaluating model...
2025-05-10 07:52:41,450 - INFO - Saved validation outputs to /s/ls4/users/selibrin/spiking_researches/correlation_encoding_and_training/mnist/hpo/shifted_nn_symm_stdp_synapse/hpo_data/hpo_iteration_data/4339491/estimator_1_neuron_1_validation_outputs.npy
2025-05-10 07:52:41,450 - INFO - Waiting for parameters file: /s/ls4/users/selibrin/spiking_researches/correlation_encoding_and_training/mnist/hpo/shifted_nn_symm_stdp_synapse/hpo_data/hpo_iteration_data/4339491/params_1_1.pkl
2025-05-10 07:53:26,504 - INFO - Loaded HPO parameters
2025-05-10 07:53:26,504 - INFO - Preparing datasets...
2025-05-10 07:53:31,918 - INFO - Prepared datasets: 1177 train & 1000 validation samples
2025-05-10 07:53:31,919 - INFO - Initializing model...
2025-05-10 07:53:31,922 - INFO - Fitting model...
2025-05-10 07:59:13,172 - INFO - Saved weights to /s/ls4/users/selibrin/spiking_researches/correlation_encoding_and_training/mnist/hpo/shifted_nn_symm_stdp_synapse/hpo_data/hpo_iteration_data/4339491/estimator_1_neuron_1_weights.npy
2025-05-10 07:59:13,172 - INFO - Evaluating model...
2025-05-10 08:03:08,839 - INFO - Saved validation outputs to /s/ls4/users/selibrin/spiking_researches/correlation_encoding_and_training/mnist/hpo/shifted_nn_symm_stdp_synapse/hpo_data/hpo_iteration_data/4339491/estimator_1_neuron_1_validation_outputs.npy
2025-05-10 08:03:08,840 - INFO - Waiting for parameters file: /s/ls4/users/selibrin/spiking_researches/correlation_encoding_and_training/mnist/hpo/shifted_nn_symm_stdp_synapse/hpo_data/hpo_iteration_data/4339491/params_1_1.pkl
2025-05-10 08:03:28,867 - INFO - Loaded HPO parameters
2025-05-10 08:03:28,868 - INFO - Preparing datasets...
2025-05-10 08:03:34,131 - INFO - Prepared datasets: 1177 train & 1000 validation samples
2025-05-10 08:03:34,132 - INFO - Initializing model...
2025-05-10 08:03:34,136 - INFO - Fitting model...
2025-05-10 08:08:41,851 - INFO - Saved weights to /s/ls4/users/selibrin/spiking_researches/correlation_encoding_and_training/mnist/hpo/shifted_nn_symm_stdp_synapse/hpo_data/hpo_iteration_data/4339491/estimator_1_neuron_1_weights.npy
2025-05-10 08:08:41,851 - INFO - Evaluating model...
2025-05-10 08:12:36,358 - INFO - Saved validation outputs to /s/ls4/users/selibrin/spiking_researches/correlation_encoding_and_training/mnist/hpo/shifted_nn_symm_stdp_synapse/hpo_data/hpo_iteration_data/4339491/estimator_1_neuron_1_validation_outputs.npy
2025-05-10 08:12:36,358 - INFO - Waiting for parameters file: /s/ls4/users/selibrin/spiking_researches/correlation_encoding_and_training/mnist/hpo/shifted_nn_symm_stdp_synapse/hpo_data/hpo_iteration_data/4339491/params_1_1.pkl
2025-05-10 08:13:06,389 - INFO - Loaded HPO parameters
2025-05-10 08:13:06,389 - INFO - Preparing datasets...
2025-05-10 08:13:11,963 - INFO - Prepared datasets: 588 train & 1000 validation samples
2025-05-10 08:13:11,964 - INFO - Initializing model...
2025-05-10 08:13:11,967 - INFO - Fitting model...
2025-05-10 08:15:48,766 - INFO - Saved weights to /s/ls4/users/selibrin/spiking_researches/correlation_encoding_and_training/mnist/hpo/shifted_nn_symm_stdp_synapse/hpo_data/hpo_iteration_data/4339491/estimator_1_neuron_1_weights.npy
2025-05-10 08:15:48,766 - INFO - Evaluating model...
2025-05-10 08:19:44,880 - INFO - Saved validation outputs to /s/ls4/users/selibrin/spiking_researches/correlation_encoding_and_training/mnist/hpo/shifted_nn_symm_stdp_synapse/hpo_data/hpo_iteration_data/4339491/estimator_1_neuron_1_validation_outputs.npy
2025-05-10 08:19:44,881 - INFO - Waiting for parameters file: /s/ls4/users/selibrin/spiking_researches/correlation_encoding_and_training/mnist/hpo/shifted_nn_symm_stdp_synapse/hpo_data/hpo_iteration_data/4339491/params_1_1.pkl
2025-05-10 08:20:09,915 - INFO - Loaded HPO parameters
2025-05-10 08:20:09,916 - INFO - Preparing datasets...
2025-05-10 08:20:15,294 - INFO - Prepared datasets: 1177 train & 1000 validation samples
2025-05-10 08:20:15,295 - INFO - Initializing model...
2025-05-10 08:20:15,298 - INFO - Fitting model...
2025-05-10 08:26:21,884 - INFO - Saved weights to /s/ls4/users/selibrin/spiking_researches/correlation_encoding_and_training/mnist/hpo/shifted_nn_symm_stdp_synapse/hpo_data/hpo_iteration_data/4339491/estimator_1_neuron_1_weights.npy
2025-05-10 08:26:21,885 - INFO - Evaluating model...
2025-05-10 08:30:24,094 - INFO - Saved validation outputs to /s/ls4/users/selibrin/spiking_researches/correlation_encoding_and_training/mnist/hpo/shifted_nn_symm_stdp_synapse/hpo_data/hpo_iteration_data/4339491/estimator_1_neuron_1_validation_outputs.npy
2025-05-10 08:30:24,094 - INFO - Waiting for parameters file: /s/ls4/users/selibrin/spiking_researches/correlation_encoding_and_training/mnist/hpo/shifted_nn_symm_stdp_synapse/hpo_data/hpo_iteration_data/4339491/params_1_1.pkl
2025-05-10 08:30:44,122 - INFO - Loaded HPO parameters
2025-05-10 08:30:44,123 - INFO - Preparing datasets...
2025-05-10 08:30:49,185 - INFO - Prepared datasets: 1177 train & 1000 validation samples
2025-05-10 08:30:49,185 - INFO - Initializing model...
2025-05-10 08:30:49,189 - INFO - Fitting model...
2025-05-10 08:37:35,354 - INFO - Saved weights to /s/ls4/users/selibrin/spiking_researches/correlation_encoding_and_training/mnist/hpo/shifted_nn_symm_stdp_synapse/hpo_data/hpo_iteration_data/4339491/estimator_1_neuron_1_weights.npy
2025-05-10 08:37:35,354 - INFO - Evaluating model...
2025-05-10 08:41:44,662 - INFO - Saved validation outputs to /s/ls4/users/selibrin/spiking_researches/correlation_encoding_and_training/mnist/hpo/shifted_nn_symm_stdp_synapse/hpo_data/hpo_iteration_data/4339491/estimator_1_neuron_1_validation_outputs.npy
2025-05-10 08:41:44,663 - INFO - Waiting for parameters file: /s/ls4/users/selibrin/spiking_researches/correlation_encoding_and_training/mnist/hpo/shifted_nn_symm_stdp_synapse/hpo_data/hpo_iteration_data/4339491/params_1_1.pkl
2025-05-10 08:42:14,700 - INFO - Loaded HPO parameters
2025-05-10 08:42:14,701 - INFO - Preparing datasets...
2025-05-10 08:42:20,124 - INFO - Prepared datasets: 1177 train & 1000 validation samples
2025-05-10 08:42:20,124 - INFO - Initializing model...
2025-05-10 08:42:20,148 - INFO - Fitting model...
2025-05-10 08:47:23,692 - INFO - Saved weights to /s/ls4/users/selibrin/spiking_researches/correlation_encoding_and_training/mnist/hpo/shifted_nn_symm_stdp_synapse/hpo_data/hpo_iteration_data/4339491/estimator_1_neuron_1_weights.npy
2025-05-10 08:47:23,693 - INFO - Evaluating model...
2025-05-10 08:51:12,264 - INFO - Saved validation outputs to /s/ls4/users/selibrin/spiking_researches/correlation_encoding_and_training/mnist/hpo/shifted_nn_symm_stdp_synapse/hpo_data/hpo_iteration_data/4339491/estimator_1_neuron_1_validation_outputs.npy
2025-05-10 08:51:12,264 - INFO - Waiting for parameters file: /s/ls4/users/selibrin/spiking_researches/correlation_encoding_and_training/mnist/hpo/shifted_nn_symm_stdp_synapse/hpo_data/hpo_iteration_data/4339491/params_1_1.pkl
2025-05-10 08:51:52,314 - INFO - Loaded HPO parameters
2025-05-10 08:51:52,314 - INFO - Preparing datasets...
2025-05-10 08:51:57,639 - INFO - Prepared datasets: 1177 train & 1000 validation samples
2025-05-10 08:51:57,640 - INFO - Initializing model...
2025-05-10 08:51:57,643 - INFO - Fitting model...
2025-05-10 08:57:28,842 - INFO - Saved weights to /s/ls4/users/selibrin/spiking_researches/correlation_encoding_and_training/mnist/hpo/shifted_nn_symm_stdp_synapse/hpo_data/hpo_iteration_data/4339491/estimator_1_neuron_1_weights.npy
2025-05-10 08:57:28,842 - INFO - Evaluating model...
2025-05-10 09:01:27,550 - INFO - Saved validation outputs to /s/ls4/users/selibrin/spiking_researches/correlation_encoding_and_training/mnist/hpo/shifted_nn_symm_stdp_synapse/hpo_data/hpo_iteration_data/4339491/estimator_1_neuron_1_validation_outputs.npy
2025-05-10 09:01:27,550 - INFO - Waiting for parameters file: /s/ls4/users/selibrin/spiking_researches/correlation_encoding_and_training/mnist/hpo/shifted_nn_symm_stdp_synapse/hpo_data/hpo_iteration_data/4339491/params_1_1.pkl
2025-05-10 09:01:52,591 - INFO - Loaded HPO parameters
2025-05-10 09:01:52,591 - INFO - Preparing datasets...
2025-05-10 09:01:57,938 - INFO - Prepared datasets: 588 train & 1000 validation samples
2025-05-10 09:01:57,939 - INFO - Initializing model...
2025-05-10 09:01:57,943 - INFO - Fitting model...
2025-05-10 09:04:31,007 - INFO - Saved weights to /s/ls4/users/selibrin/spiking_researches/correlation_encoding_and_training/mnist/hpo/shifted_nn_symm_stdp_synapse/hpo_data/hpo_iteration_data/4339491/estimator_1_neuron_1_weights.npy
2025-05-10 09:04:31,007 - INFO - Evaluating model...
2025-05-10 09:08:28,637 - INFO - Saved validation outputs to /s/ls4/users/selibrin/spiking_researches/correlation_encoding_and_training/mnist/hpo/shifted_nn_symm_stdp_synapse/hpo_data/hpo_iteration_data/4339491/estimator_1_neuron_1_validation_outputs.npy
2025-05-10 09:08:28,637 - INFO - Waiting for parameters file: /s/ls4/users/selibrin/spiking_researches/correlation_encoding_and_training/mnist/hpo/shifted_nn_symm_stdp_synapse/hpo_data/hpo_iteration_data/4339491/params_1_1.pkl
2025-05-10 09:08:58,676 - INFO - Loaded HPO parameters
2025-05-10 09:08:58,676 - INFO - Preparing datasets...
2025-05-10 09:09:04,416 - INFO - Prepared datasets: 294 train & 1000 validation samples
2025-05-10 09:09:04,416 - INFO - Initializing model...
2025-05-10 09:09:04,420 - INFO - Fitting model...
2025-05-10 09:10:34,614 - INFO - Saved weights to /s/ls4/users/selibrin/spiking_researches/correlation_encoding_and_training/mnist/hpo/shifted_nn_symm_stdp_synapse/hpo_data/hpo_iteration_data/4339491/estimator_1_neuron_1_weights.npy
2025-05-10 09:10:34,614 - INFO - Evaluating model...
2025-05-10 09:14:40,256 - INFO - Saved validation outputs to /s/ls4/users/selibrin/spiking_researches/correlation_encoding_and_training/mnist/hpo/shifted_nn_symm_stdp_synapse/hpo_data/hpo_iteration_data/4339491/estimator_1_neuron_1_validation_outputs.npy
2025-05-10 09:14:40,256 - INFO - Waiting for parameters file: /s/ls4/users/selibrin/spiking_researches/correlation_encoding_and_training/mnist/hpo/shifted_nn_symm_stdp_synapse/hpo_data/hpo_iteration_data/4339491/params_1_1.pkl
2025-05-10 09:15:00,333 - INFO - Loaded HPO parameters
2025-05-10 09:15:00,334 - INFO - Preparing datasets...
2025-05-10 09:15:05,760 - INFO - Prepared datasets: 1177 train & 1000 validation samples
2025-05-10 09:15:05,760 - INFO - Initializing model...
2025-05-10 09:15:05,764 - INFO - Fitting model...
2025-05-10 09:20:30,579 - INFO - Saved weights to /s/ls4/users/selibrin/spiking_researches/correlation_encoding_and_training/mnist/hpo/shifted_nn_symm_stdp_synapse/hpo_data/hpo_iteration_data/4339491/estimator_1_neuron_1_weights.npy
2025-05-10 09:20:30,579 - INFO - Evaluating model...
2025-05-10 09:24:28,891 - INFO - Saved validation outputs to /s/ls4/users/selibrin/spiking_researches/correlation_encoding_and_training/mnist/hpo/shifted_nn_symm_stdp_synapse/hpo_data/hpo_iteration_data/4339491/estimator_1_neuron_1_validation_outputs.npy
2025-05-10 09:24:28,892 - INFO - Waiting for parameters file: /s/ls4/users/selibrin/spiking_researches/correlation_encoding_and_training/mnist/hpo/shifted_nn_symm_stdp_synapse/hpo_data/hpo_iteration_data/4339491/params_1_1.pkl
2025-05-10 09:25:03,938 - INFO - Loaded HPO parameters
2025-05-10 09:25:03,939 - INFO - Preparing datasets...
2025-05-10 09:25:09,295 - INFO - Prepared datasets: 1177 train & 1000 validation samples
2025-05-10 09:25:09,295 - INFO - Initializing model...
2025-05-10 09:25:09,300 - INFO - Fitting model...
2025-05-10 09:30:16,957 - INFO - Saved weights to /s/ls4/users/selibrin/spiking_researches/correlation_encoding_and_training/mnist/hpo/shifted_nn_symm_stdp_synapse/hpo_data/hpo_iteration_data/4339491/estimator_1_neuron_1_weights.npy
2025-05-10 09:30:16,958 - INFO - Evaluating model...
2025-05-10 09:34:14,177 - INFO - Saved validation outputs to /s/ls4/users/selibrin/spiking_researches/correlation_encoding_and_training/mnist/hpo/shifted_nn_symm_stdp_synapse/hpo_data/hpo_iteration_data/4339491/estimator_1_neuron_1_validation_outputs.npy
2025-05-10 09:34:14,177 - INFO - Waiting for parameters file: /s/ls4/users/selibrin/spiking_researches/correlation_encoding_and_training/mnist/hpo/shifted_nn_symm_stdp_synapse/hpo_data/hpo_iteration_data/4339491/params_1_1.pkl
2025-05-10 09:34:39,211 - INFO - Loaded HPO parameters
2025-05-10 09:34:39,211 - INFO - Preparing datasets...
2025-05-10 09:34:44,574 - INFO - Prepared datasets: 1177 train & 1000 validation samples
2025-05-10 09:34:44,575 - INFO - Initializing model...
2025-05-10 09:34:44,578 - INFO - Fitting model...
2025-05-10 09:40:25,760 - INFO - Saved weights to /s/ls4/users/selibrin/spiking_researches/correlation_encoding_and_training/mnist/hpo/shifted_nn_symm_stdp_synapse/hpo_data/hpo_iteration_data/4339491/estimator_1_neuron_1_weights.npy
2025-05-10 09:40:25,761 - INFO - Evaluating model...
2025-05-10 09:44:26,578 - INFO - Saved validation outputs to /s/ls4/users/selibrin/spiking_researches/correlation_encoding_and_training/mnist/hpo/shifted_nn_symm_stdp_synapse/hpo_data/hpo_iteration_data/4339491/estimator_1_neuron_1_validation_outputs.npy
2025-05-10 09:44:26,578 - INFO - Waiting for parameters file: /s/ls4/users/selibrin/spiking_researches/correlation_encoding_and_training/mnist/hpo/shifted_nn_symm_stdp_synapse/hpo_data/hpo_iteration_data/4339491/params_1_1.pkl
2025-05-10 09:44:41,599 - INFO - Loaded HPO parameters
2025-05-10 09:44:41,600 - INFO - Preparing datasets...
2025-05-10 09:44:47,217 - INFO - Prepared datasets: 294 train & 1000 validation samples
2025-05-10 09:44:47,218 - INFO - Initializing model...
2025-05-10 09:44:47,221 - INFO - Fitting model...
2025-05-10 09:46:01,440 - INFO - Saved weights to /s/ls4/users/selibrin/spiking_researches/correlation_encoding_and_training/mnist/hpo/shifted_nn_symm_stdp_synapse/hpo_data/hpo_iteration_data/4339491/estimator_1_neuron_1_weights.npy
2025-05-10 09:46:01,440 - INFO - Evaluating model...
2025-05-10 09:49:53,050 - INFO - Saved validation outputs to /s/ls4/users/selibrin/spiking_researches/correlation_encoding_and_training/mnist/hpo/shifted_nn_symm_stdp_synapse/hpo_data/hpo_iteration_data/4339491/estimator_1_neuron_1_validation_outputs.npy
2025-05-10 09:49:53,050 - INFO - Waiting for parameters file: /s/ls4/users/selibrin/spiking_researches/correlation_encoding_and_training/mnist/hpo/shifted_nn_symm_stdp_synapse/hpo_data/hpo_iteration_data/4339491/params_1_1.pkl
2025-05-10 09:50:13,078 - INFO - Loaded HPO parameters
2025-05-10 09:50:13,078 - INFO - Preparing datasets...
2025-05-10 09:50:18,430 - INFO - Prepared datasets: 1177 train & 1000 validation samples
2025-05-10 09:50:18,431 - INFO - Initializing model...
2025-05-10 09:50:18,622 - INFO - Fitting model...
2025-05-10 09:55:37,250 - INFO - Saved weights to /s/ls4/users/selibrin/spiking_researches/correlation_encoding_and_training/mnist/hpo/shifted_nn_symm_stdp_synapse/hpo_data/hpo_iteration_data/4339491/estimator_1_neuron_1_weights.npy
2025-05-10 09:55:37,250 - INFO - Evaluating model...
2025-05-10 09:59:35,073 - INFO - Saved validation outputs to /s/ls4/users/selibrin/spiking_researches/correlation_encoding_and_training/mnist/hpo/shifted_nn_symm_stdp_synapse/hpo_data/hpo_iteration_data/4339491/estimator_1_neuron_1_validation_outputs.npy
2025-05-10 09:59:35,073 - INFO - Waiting for parameters file: /s/ls4/users/selibrin/spiking_researches/correlation_encoding_and_training/mnist/hpo/shifted_nn_symm_stdp_synapse/hpo_data/hpo_iteration_data/4339491/params_1_1.pkl
2025-05-10 10:00:20,128 - INFO - Loaded HPO parameters
2025-05-10 10:00:20,129 - INFO - Preparing datasets...
2025-05-10 10:00:25,590 - INFO - Prepared datasets: 588 train & 1000 validation samples
2025-05-10 10:00:25,590 - INFO - Initializing model...
2025-05-10 10:00:25,594 - INFO - Fitting model...
2025-05-10 10:03:02,653 - INFO - Saved weights to /s/ls4/users/selibrin/spiking_researches/correlation_encoding_and_training/mnist/hpo/shifted_nn_symm_stdp_synapse/hpo_data/hpo_iteration_data/4339491/estimator_1_neuron_1_weights.npy
2025-05-10 10:03:02,654 - INFO - Evaluating model...
2025-05-10 10:06:59,011 - INFO - Saved validation outputs to /s/ls4/users/selibrin/spiking_researches/correlation_encoding_and_training/mnist/hpo/shifted_nn_symm_stdp_synapse/hpo_data/hpo_iteration_data/4339491/estimator_1_neuron_1_validation_outputs.npy
2025-05-10 10:06:59,011 - INFO - Waiting for parameters file: /s/ls4/users/selibrin/spiking_researches/correlation_encoding_and_training/mnist/hpo/shifted_nn_symm_stdp_synapse/hpo_data/hpo_iteration_data/4339491/params_1_1.pkl
2025-05-10 10:07:24,042 - INFO - Loaded HPO parameters
2025-05-10 10:07:24,042 - INFO - Preparing datasets...
2025-05-10 10:07:29,486 - INFO - Prepared datasets: 1177 train & 1000 validation samples
2025-05-10 10:07:29,487 - INFO - Initializing model...
2025-05-10 10:07:29,491 - INFO - Fitting model...
2025-05-10 10:13:41,906 - INFO - Saved weights to /s/ls4/users/selibrin/spiking_researches/correlation_encoding_and_training/mnist/hpo/shifted_nn_symm_stdp_synapse/hpo_data/hpo_iteration_data/4339491/estimator_1_neuron_1_weights.npy
2025-05-10 10:13:41,906 - INFO - Evaluating model...
2025-05-10 10:17:46,620 - INFO - Saved validation outputs to /s/ls4/users/selibrin/spiking_researches/correlation_encoding_and_training/mnist/hpo/shifted_nn_symm_stdp_synapse/hpo_data/hpo_iteration_data/4339491/estimator_1_neuron_1_validation_outputs.npy
2025-05-10 10:17:46,620 - INFO - Waiting for parameters file: /s/ls4/users/selibrin/spiking_researches/correlation_encoding_and_training/mnist/hpo/shifted_nn_symm_stdp_synapse/hpo_data/hpo_iteration_data/4339491/params_1_1.pkl
2025-05-10 10:18:26,674 - INFO - Loaded HPO parameters
2025-05-10 10:18:26,674 - INFO - Preparing datasets...
2025-05-10 10:18:32,083 - INFO - Prepared datasets: 1177 train & 1000 validation samples
2025-05-10 10:18:32,084 - INFO - Initializing model...
2025-05-10 10:18:32,087 - INFO - Fitting model...
2025-05-10 10:24:10,051 - INFO - Saved weights to /s/ls4/users/selibrin/spiking_researches/correlation_encoding_and_training/mnist/hpo/shifted_nn_symm_stdp_synapse/hpo_data/hpo_iteration_data/4339491/estimator_1_neuron_1_weights.npy
2025-05-10 10:24:10,051 - INFO - Evaluating model...
2025-05-10 10:28:07,573 - INFO - Saved validation outputs to /s/ls4/users/selibrin/spiking_researches/correlation_encoding_and_training/mnist/hpo/shifted_nn_symm_stdp_synapse/hpo_data/hpo_iteration_data/4339491/estimator_1_neuron_1_validation_outputs.npy
2025-05-10 10:28:07,573 - INFO - Waiting for parameters file: /s/ls4/users/selibrin/spiking_researches/correlation_encoding_and_training/mnist/hpo/shifted_nn_symm_stdp_synapse/hpo_data/hpo_iteration_data/4339491/params_1_1.pkl
2025-05-10 10:28:32,605 - INFO - Loaded HPO parameters
2025-05-10 10:28:32,605 - INFO - Preparing datasets...
2025-05-10 10:28:38,293 - INFO - Prepared datasets: 294 train & 1000 validation samples
2025-05-10 10:28:38,293 - INFO - Initializing model...
2025-05-10 10:28:38,297 - INFO - Fitting model...
2025-05-10 10:30:18,725 - INFO - Saved weights to /s/ls4/users/selibrin/spiking_researches/correlation_encoding_and_training/mnist/hpo/shifted_nn_symm_stdp_synapse/hpo_data/hpo_iteration_data/4339491/estimator_1_neuron_1_weights.npy
2025-05-10 10:30:18,726 - INFO - Evaluating model...
2025-05-10 10:34:29,968 - INFO - Saved validation outputs to /s/ls4/users/selibrin/spiking_researches/correlation_encoding_and_training/mnist/hpo/shifted_nn_symm_stdp_synapse/hpo_data/hpo_iteration_data/4339491/estimator_1_neuron_1_validation_outputs.npy
2025-05-10 10:34:29,968 - INFO - Waiting for parameters file: /s/ls4/users/selibrin/spiking_researches/correlation_encoding_and_training/mnist/hpo/shifted_nn_symm_stdp_synapse/hpo_data/hpo_iteration_data/4339491/params_1_1.pkl
2025-05-10 10:35:05,013 - INFO - Loaded HPO parameters
2025-05-10 10:35:05,014 - INFO - Preparing datasets...
2025-05-10 10:35:10,475 - INFO - Prepared datasets: 1177 train & 1000 validation samples
2025-05-10 10:35:10,476 - INFO - Initializing model...
2025-05-10 10:35:10,480 - INFO - Fitting model...
2025-05-10 10:40:22,357 - INFO - Saved weights to /s/ls4/users/selibrin/spiking_researches/correlation_encoding_and_training/mnist/hpo/shifted_nn_symm_stdp_synapse/hpo_data/hpo_iteration_data/4339491/estimator_1_neuron_1_weights.npy
2025-05-10 10:40:22,357 - INFO - Evaluating model...
2025-05-10 10:44:12,646 - INFO - Saved validation outputs to /s/ls4/users/selibrin/spiking_researches/correlation_encoding_and_training/mnist/hpo/shifted_nn_symm_stdp_synapse/hpo_data/hpo_iteration_data/4339491/estimator_1_neuron_1_validation_outputs.npy
2025-05-10 10:44:12,646 - INFO - Waiting for parameters file: /s/ls4/users/selibrin/spiking_researches/correlation_encoding_and_training/mnist/hpo/shifted_nn_symm_stdp_synapse/hpo_data/hpo_iteration_data/4339491/params_1_1.pkl
2025-05-10 10:44:37,680 - INFO - Loaded HPO parameters
2025-05-10 10:44:37,680 - INFO - Preparing datasets...
2025-05-10 10:44:42,876 - INFO - Prepared datasets: 1177 train & 1000 validation samples
2025-05-10 10:44:42,876 - INFO - Initializing model...
2025-05-10 10:44:42,880 - INFO - Fitting model...
2025-05-10 10:50:48,266 - INFO - Saved weights to /s/ls4/users/selibrin/spiking_researches/correlation_encoding_and_training/mnist/hpo/shifted_nn_symm_stdp_synapse/hpo_data/hpo_iteration_data/4339491/estimator_1_neuron_1_weights.npy
2025-05-10 10:50:48,267 - INFO - Evaluating model...
2025-05-10 10:54:52,296 - INFO - Saved validation outputs to /s/ls4/users/selibrin/spiking_researches/correlation_encoding_and_training/mnist/hpo/shifted_nn_symm_stdp_synapse/hpo_data/hpo_iteration_data/4339491/estimator_1_neuron_1_validation_outputs.npy
2025-05-10 10:54:52,296 - INFO - Waiting for parameters file: /s/ls4/users/selibrin/spiking_researches/correlation_encoding_and_training/mnist/hpo/shifted_nn_symm_stdp_synapse/hpo_data/hpo_iteration_data/4339491/params_1_1.pkl
2025-05-10 10:55:42,359 - INFO - Loaded HPO parameters
2025-05-10 10:55:42,359 - INFO - Preparing datasets...
2025-05-10 10:55:47,805 - INFO - Prepared datasets: 1177 train & 1000 validation samples
2025-05-10 10:55:47,805 - INFO - Initializing model...
2025-05-10 10:55:47,809 - INFO - Fitting model...
2025-05-10 11:01:12,136 - INFO - Saved weights to /s/ls4/users/selibrin/spiking_researches/correlation_encoding_and_training/mnist/hpo/shifted_nn_symm_stdp_synapse/hpo_data/hpo_iteration_data/4339491/estimator_1_neuron_1_weights.npy
2025-05-10 11:01:12,136 - INFO - Evaluating model...
2025-05-10 11:05:10,459 - INFO - Saved validation outputs to /s/ls4/users/selibrin/spiking_researches/correlation_encoding_and_training/mnist/hpo/shifted_nn_symm_stdp_synapse/hpo_data/hpo_iteration_data/4339491/estimator_1_neuron_1_validation_outputs.npy
2025-05-10 11:05:10,460 - INFO - Waiting for parameters file: /s/ls4/users/selibrin/spiking_researches/correlation_encoding_and_training/mnist/hpo/shifted_nn_symm_stdp_synapse/hpo_data/hpo_iteration_data/4339491/params_1_1.pkl
2025-05-10 11:05:45,505 - INFO - Loaded HPO parameters
2025-05-10 11:05:45,505 - INFO - Preparing datasets...
2025-05-10 11:05:50,860 - INFO - Prepared datasets: 588 train & 1000 validation samples
2025-05-10 11:05:50,861 - INFO - Initializing model...
2025-05-10 11:05:50,864 - INFO - Fitting model...
2025-05-10 11:08:24,650 - INFO - Saved weights to /s/ls4/users/selibrin/spiking_researches/correlation_encoding_and_training/mnist/hpo/shifted_nn_symm_stdp_synapse/hpo_data/hpo_iteration_data/4339491/estimator_1_neuron_1_weights.npy
2025-05-10 11:08:24,651 - INFO - Evaluating model...
2025-05-10 11:12:19,481 - INFO - Saved validation outputs to /s/ls4/users/selibrin/spiking_researches/correlation_encoding_and_training/mnist/hpo/shifted_nn_symm_stdp_synapse/hpo_data/hpo_iteration_data/4339491/estimator_1_neuron_1_validation_outputs.npy
2025-05-10 11:12:19,481 - INFO - Waiting for parameters file: /s/ls4/users/selibrin/spiking_researches/correlation_encoding_and_training/mnist/hpo/shifted_nn_symm_stdp_synapse/hpo_data/hpo_iteration_data/4339491/params_1_1.pkl
2025-05-10 11:12:49,519 - INFO - Loaded HPO parameters
2025-05-10 11:12:49,519 - INFO - Preparing datasets...
2025-05-10 11:12:55,063 - INFO - Prepared datasets: 1177 train & 1000 validation samples
2025-05-10 11:12:55,063 - INFO - Initializing model...
2025-05-10 11:12:55,067 - INFO - Fitting model...
2025-05-10 11:17:29,127 - INFO - Saved weights to /s/ls4/users/selibrin/spiking_researches/correlation_encoding_and_training/mnist/hpo/shifted_nn_symm_stdp_synapse/hpo_data/hpo_iteration_data/4339491/estimator_1_neuron_1_weights.npy
2025-05-10 11:17:29,128 - INFO - Evaluating model...
2025-05-10 11:19:39,681 - INFO - Saved validation outputs to /s/ls4/users/selibrin/spiking_researches/correlation_encoding_and_training/mnist/hpo/shifted_nn_symm_stdp_synapse/hpo_data/hpo_iteration_data/4339491/estimator_1_neuron_1_validation_outputs.npy
2025-05-10 11:19:39,681 - INFO - Waiting for parameters file: /s/ls4/users/selibrin/spiking_researches/correlation_encoding_and_training/mnist/hpo/shifted_nn_symm_stdp_synapse/hpo_data/hpo_iteration_data/4339491/params_1_1.pkl
2025-05-10 11:20:24,734 - INFO - Loaded HPO parameters
2025-05-10 11:20:24,734 - INFO - Preparing datasets...
2025-05-10 11:20:27,825 - INFO - Prepared datasets: 294 train & 1000 validation samples
2025-05-10 11:20:27,826 - INFO - Initializing model...
2025-05-10 11:20:27,828 - INFO - Fitting model...
2025-05-10 11:21:09,300 - INFO - Saved weights to /s/ls4/users/selibrin/spiking_researches/correlation_encoding_and_training/mnist/hpo/shifted_nn_symm_stdp_synapse/hpo_data/hpo_iteration_data/4339491/estimator_1_neuron_1_weights.npy
2025-05-10 11:21:09,300 - INFO - Evaluating model...
2025-05-10 11:23:20,048 - INFO - Saved validation outputs to /s/ls4/users/selibrin/spiking_researches/correlation_encoding_and_training/mnist/hpo/shifted_nn_symm_stdp_synapse/hpo_data/hpo_iteration_data/4339491/estimator_1_neuron_1_validation_outputs.npy
2025-05-10 11:23:20,048 - INFO - Waiting for parameters file: /s/ls4/users/selibrin/spiking_researches/correlation_encoding_and_training/mnist/hpo/shifted_nn_symm_stdp_synapse/hpo_data/hpo_iteration_data/4339491/params_1_1.pkl
2025-05-10 11:23:55,090 - INFO - Loaded HPO parameters
2025-05-10 11:23:55,090 - INFO - Preparing datasets...
2025-05-10 11:23:58,182 - INFO - Prepared datasets: 1177 train & 1000 validation samples
2025-05-10 11:23:58,183 - INFO - Initializing model...
2025-05-10 11:23:58,185 - INFO - Fitting model...
2025-05-10 11:27:09,865 - INFO - Saved weights to /s/ls4/users/selibrin/spiking_researches/correlation_encoding_and_training/mnist/hpo/shifted_nn_symm_stdp_synapse/hpo_data/hpo_iteration_data/4339491/estimator_1_neuron_1_weights.npy
2025-05-10 11:27:09,865 - INFO - Evaluating model...
2025-05-10 11:29:23,021 - INFO - Saved validation outputs to /s/ls4/users/selibrin/spiking_researches/correlation_encoding_and_training/mnist/hpo/shifted_nn_symm_stdp_synapse/hpo_data/hpo_iteration_data/4339491/estimator_1_neuron_1_validation_outputs.npy
2025-05-10 11:29:23,021 - INFO - Waiting for parameters file: /s/ls4/users/selibrin/spiking_researches/correlation_encoding_and_training/mnist/hpo/shifted_nn_symm_stdp_synapse/hpo_data/hpo_iteration_data/4339491/params_1_1.pkl
2025-05-10 11:29:58,065 - INFO - Loaded HPO parameters
2025-05-10 11:29:58,065 - INFO - Preparing datasets...
2025-05-10 11:30:01,289 - INFO - Prepared datasets: 1177 train & 1000 validation samples
2025-05-10 11:30:01,289 - INFO - Initializing model...
2025-05-10 11:30:01,291 - INFO - Fitting model...
2025-05-10 11:32:56,250 - INFO - Saved weights to /s/ls4/users/selibrin/spiking_researches/correlation_encoding_and_training/mnist/hpo/shifted_nn_symm_stdp_synapse/hpo_data/hpo_iteration_data/4339491/estimator_1_neuron_1_weights.npy
2025-05-10 11:32:56,250 - INFO - Evaluating model...
2025-05-10 11:35:07,937 - INFO - Saved validation outputs to /s/ls4/users/selibrin/spiking_researches/correlation_encoding_and_training/mnist/hpo/shifted_nn_symm_stdp_synapse/hpo_data/hpo_iteration_data/4339491/estimator_1_neuron_1_validation_outputs.npy
2025-05-10 11:35:07,937 - INFO - Waiting for parameters file: /s/ls4/users/selibrin/spiking_researches/correlation_encoding_and_training/mnist/hpo/shifted_nn_symm_stdp_synapse/hpo_data/hpo_iteration_data/4339491/params_1_1.pkl
2025-05-10 11:35:32,969 - INFO - Loaded HPO parameters
2025-05-10 11:35:32,969 - INFO - Preparing datasets...
2025-05-10 11:35:36,076 - INFO - Prepared datasets: 1177 train & 1000 validation samples
2025-05-10 11:35:36,081 - INFO - Initializing model...
2025-05-10 11:35:36,083 - INFO - Fitting model...
2025-05-10 11:38:27,921 - INFO - Saved weights to /s/ls4/users/selibrin/spiking_researches/correlation_encoding_and_training/mnist/hpo/shifted_nn_symm_stdp_synapse/hpo_data/hpo_iteration_data/4339491/estimator_1_neuron_1_weights.npy
2025-05-10 11:38:27,921 - INFO - Evaluating model...
2025-05-10 11:40:39,756 - INFO - Saved validation outputs to /s/ls4/users/selibrin/spiking_researches/correlation_encoding_and_training/mnist/hpo/shifted_nn_symm_stdp_synapse/hpo_data/hpo_iteration_data/4339491/estimator_1_neuron_1_validation_outputs.npy
2025-05-10 11:40:39,756 - INFO - Waiting for parameters file: /s/ls4/users/selibrin/spiking_researches/correlation_encoding_and_training/mnist/hpo/shifted_nn_symm_stdp_synapse/hpo_data/hpo_iteration_data/4339491/params_1_1.pkl
2025-05-10 11:41:04,800 - INFO - Loaded HPO parameters
2025-05-10 11:41:04,800 - INFO - Preparing datasets...
2025-05-10 11:41:07,916 - INFO - Prepared datasets: 588 train & 1000 validation samples
2025-05-10 11:41:07,916 - INFO - Initializing model...
2025-05-10 11:41:07,918 - INFO - Fitting model...
2025-05-10 11:42:50,309 - INFO - Saved weights to /s/ls4/users/selibrin/spiking_researches/correlation_encoding_and_training/mnist/hpo/shifted_nn_symm_stdp_synapse/hpo_data/hpo_iteration_data/4339491/estimator_1_neuron_1_weights.npy
2025-05-10 11:42:50,309 - INFO - Evaluating model...
2025-05-10 11:45:09,158 - INFO - Saved validation outputs to /s/ls4/users/selibrin/spiking_researches/correlation_encoding_and_training/mnist/hpo/shifted_nn_symm_stdp_synapse/hpo_data/hpo_iteration_data/4339491/estimator_1_neuron_1_validation_outputs.npy
2025-05-10 11:45:09,158 - INFO - Waiting for parameters file: /s/ls4/users/selibrin/spiking_researches/correlation_encoding_and_training/mnist/hpo/shifted_nn_symm_stdp_synapse/hpo_data/hpo_iteration_data/4339491/params_1_1.pkl
2025-05-10 11:45:39,188 - INFO - Loaded HPO parameters
2025-05-10 11:45:39,189 - INFO - Preparing datasets...
2025-05-10 11:45:42,157 - INFO - Prepared datasets: 1177 train & 1000 validation samples
2025-05-10 11:45:42,161 - INFO - Initializing model...
2025-05-10 11:45:42,163 - INFO - Fitting model...
2025-05-10 11:49:34,144 - INFO - Saved weights to /s/ls4/users/selibrin/spiking_researches/correlation_encoding_and_training/mnist/hpo/shifted_nn_symm_stdp_synapse/hpo_data/hpo_iteration_data/4339491/estimator_1_neuron_1_weights.npy
2025-05-10 11:49:34,144 - INFO - Evaluating model...
2025-05-10 11:51:54,008 - INFO - Saved validation outputs to /s/ls4/users/selibrin/spiking_researches/correlation_encoding_and_training/mnist/hpo/shifted_nn_symm_stdp_synapse/hpo_data/hpo_iteration_data/4339491/estimator_1_neuron_1_validation_outputs.npy
2025-05-10 11:51:54,008 - INFO - Waiting for parameters file: /s/ls4/users/selibrin/spiking_researches/correlation_encoding_and_training/mnist/hpo/shifted_nn_symm_stdp_synapse/hpo_data/hpo_iteration_data/4339491/params_1_1.pkl
2025-05-10 11:52:14,034 - INFO - Loaded HPO parameters
2025-05-10 11:52:14,034 - INFO - Preparing datasets...
2025-05-10 11:52:17,135 - INFO - Prepared datasets: 294 train & 1000 validation samples
2025-05-10 11:52:17,135 - INFO - Initializing model...
2025-05-10 11:52:17,137 - INFO - Fitting model...
2025-05-10 11:53:02,942 - INFO - Saved weights to /s/ls4/users/selibrin/spiking_researches/correlation_encoding_and_training/mnist/hpo/shifted_nn_symm_stdp_synapse/hpo_data/hpo_iteration_data/4339491/estimator_1_neuron_1_weights.npy
2025-05-10 11:53:02,942 - INFO - Evaluating model...
2025-05-10 11:55:16,482 - INFO - Saved validation outputs to /s/ls4/users/selibrin/spiking_researches/correlation_encoding_and_training/mnist/hpo/shifted_nn_symm_stdp_synapse/hpo_data/hpo_iteration_data/4339491/estimator_1_neuron_1_validation_outputs.npy
2025-05-10 11:55:16,483 - INFO - Waiting for parameters file: /s/ls4/users/selibrin/spiking_researches/correlation_encoding_and_training/mnist/hpo/shifted_nn_symm_stdp_synapse/hpo_data/hpo_iteration_data/4339491/params_1_1.pkl
2025-05-10 11:55:46,520 - INFO - Loaded HPO parameters
2025-05-10 11:55:46,520 - INFO - Preparing datasets...
2025-05-10 11:55:49,572 - INFO - Prepared datasets: 1177 train & 1000 validation samples
2025-05-10 11:55:49,577 - INFO - Initializing model...
2025-05-10 11:55:49,579 - INFO - Fitting model...
2025-05-10 11:58:42,453 - INFO - Saved weights to /s/ls4/users/selibrin/spiking_researches/correlation_encoding_and_training/mnist/hpo/shifted_nn_symm_stdp_synapse/hpo_data/hpo_iteration_data/4339491/estimator_1_neuron_1_weights.npy
2025-05-10 11:58:42,453 - INFO - Evaluating model...
2025-05-10 12:00:54,894 - INFO - Saved validation outputs to /s/ls4/users/selibrin/spiking_researches/correlation_encoding_and_training/mnist/hpo/shifted_nn_symm_stdp_synapse/hpo_data/hpo_iteration_data/4339491/estimator_1_neuron_1_validation_outputs.npy
2025-05-10 12:00:54,894 - INFO - Waiting for parameters file: /s/ls4/users/selibrin/spiking_researches/correlation_encoding_and_training/mnist/hpo/shifted_nn_symm_stdp_synapse/hpo_data/hpo_iteration_data/4339491/params_1_1.pkl
2025-05-10 12:01:19,925 - INFO - Loaded HPO parameters
2025-05-10 12:01:19,925 - INFO - Preparing datasets...
2025-05-10 12:01:23,076 - INFO - Prepared datasets: 1177 train & 1000 validation samples
2025-05-10 12:01:23,076 - INFO - Initializing model...
2025-05-10 12:01:23,252 - INFO - Fitting model...
2025-05-10 12:04:49,378 - INFO - Saved weights to /s/ls4/users/selibrin/spiking_researches/correlation_encoding_and_training/mnist/hpo/shifted_nn_symm_stdp_synapse/hpo_data/hpo_iteration_data/4339491/estimator_1_neuron_1_weights.npy
2025-05-10 12:04:49,378 - INFO - Evaluating model...
2025-05-10 12:07:07,433 - INFO - Saved validation outputs to /s/ls4/users/selibrin/spiking_researches/correlation_encoding_and_training/mnist/hpo/shifted_nn_symm_stdp_synapse/hpo_data/hpo_iteration_data/4339491/estimator_1_neuron_1_validation_outputs.npy
2025-05-10 12:07:07,433 - INFO - Waiting for parameters file: /s/ls4/users/selibrin/spiking_researches/correlation_encoding_and_training/mnist/hpo/shifted_nn_symm_stdp_synapse/hpo_data/hpo_iteration_data/4339491/params_1_1.pkl
2025-05-10 12:07:22,473 - INFO - Loaded HPO parameters
2025-05-10 12:07:22,473 - INFO - Preparing datasets...
2025-05-10 12:07:25,524 - INFO - Prepared datasets: 1177 train & 1000 validation samples
2025-05-10 12:07:25,529 - INFO - Initializing model...
2025-05-10 12:07:25,531 - INFO - Fitting model...
2025-05-10 12:10:51,008 - INFO - Saved weights to /s/ls4/users/selibrin/spiking_researches/correlation_encoding_and_training/mnist/hpo/shifted_nn_symm_stdp_synapse/hpo_data/hpo_iteration_data/4339491/estimator_1_neuron_1_weights.npy
2025-05-10 12:10:51,009 - INFO - Evaluating model...
2025-05-10 12:13:08,643 - INFO - Saved validation outputs to /s/ls4/users/selibrin/spiking_researches/correlation_encoding_and_training/mnist/hpo/shifted_nn_symm_stdp_synapse/hpo_data/hpo_iteration_data/4339491/estimator_1_neuron_1_validation_outputs.npy
2025-05-10 12:13:08,644 - INFO - Waiting for parameters file: /s/ls4/users/selibrin/spiking_researches/correlation_encoding_and_training/mnist/hpo/shifted_nn_symm_stdp_synapse/hpo_data/hpo_iteration_data/4339491/params_1_1.pkl
2025-05-10 12:13:28,670 - INFO - Loaded HPO parameters
2025-05-10 12:13:28,671 - INFO - Preparing datasets...
2025-05-10 12:13:32,326 - INFO - Prepared datasets: 588 train & 1000 validation samples
2025-05-10 12:13:32,327 - INFO - Initializing model...
2025-05-10 12:13:32,330 - INFO - Fitting model...
2025-05-10 12:15:15,620 - INFO - Saved weights to /s/ls4/users/selibrin/spiking_researches/correlation_encoding_and_training/mnist/hpo/shifted_nn_symm_stdp_synapse/hpo_data/hpo_iteration_data/4339491/estimator_1_neuron_1_weights.npy
2025-05-10 12:15:15,620 - INFO - Evaluating model...
2025-05-10 12:17:32,587 - INFO - Saved validation outputs to /s/ls4/users/selibrin/spiking_researches/correlation_encoding_and_training/mnist/hpo/shifted_nn_symm_stdp_synapse/hpo_data/hpo_iteration_data/4339491/estimator_1_neuron_1_validation_outputs.npy
2025-05-10 12:17:32,587 - INFO - Waiting for parameters file: /s/ls4/users/selibrin/spiking_researches/correlation_encoding_and_training/mnist/hpo/shifted_nn_symm_stdp_synapse/hpo_data/hpo_iteration_data/4339491/params_1_1.pkl
2025-05-10 12:18:07,657 - INFO - Loaded HPO parameters
2025-05-10 12:18:07,657 - INFO - Preparing datasets...
2025-05-10 12:18:10,807 - INFO - Prepared datasets: 1177 train & 1000 validation samples
2025-05-10 12:18:10,808 - INFO - Initializing model...
2025-05-10 12:18:10,810 - INFO - Fitting model...
2025-05-10 12:21:37,730 - INFO - Saved weights to /s/ls4/users/selibrin/spiking_researches/correlation_encoding_and_training/mnist/hpo/shifted_nn_symm_stdp_synapse/hpo_data/hpo_iteration_data/4339491/estimator_1_neuron_1_weights.npy
2025-05-10 12:21:37,730 - INFO - Evaluating model...
2025-05-10 12:23:55,169 - INFO - Saved validation outputs to /s/ls4/users/selibrin/spiking_researches/correlation_encoding_and_training/mnist/hpo/shifted_nn_symm_stdp_synapse/hpo_data/hpo_iteration_data/4339491/estimator_1_neuron_1_validation_outputs.npy
2025-05-10 12:23:55,169 - INFO - Waiting for parameters file: /s/ls4/users/selibrin/spiking_researches/correlation_encoding_and_training/mnist/hpo/shifted_nn_symm_stdp_synapse/hpo_data/hpo_iteration_data/4339491/params_1_1.pkl
2025-05-10 12:24:10,190 - INFO - Loaded HPO parameters
2025-05-10 12:24:10,190 - INFO - Preparing datasets...
2025-05-10 12:24:13,601 - INFO - Prepared datasets: 1177 train & 1000 validation samples
2025-05-10 12:24:13,601 - INFO - Initializing model...
2025-05-10 12:24:13,604 - INFO - Fitting model...
2025-05-10 12:27:41,957 - INFO - Saved weights to /s/ls4/users/selibrin/spiking_researches/correlation_encoding_and_training/mnist/hpo/shifted_nn_symm_stdp_synapse/hpo_data/hpo_iteration_data/4339491/estimator_1_neuron_1_weights.npy
2025-05-10 12:27:41,957 - INFO - Evaluating model...
2025-05-10 12:30:01,079 - INFO - Saved validation outputs to /s/ls4/users/selibrin/spiking_researches/correlation_encoding_and_training/mnist/hpo/shifted_nn_symm_stdp_synapse/hpo_data/hpo_iteration_data/4339491/estimator_1_neuron_1_validation_outputs.npy
2025-05-10 12:30:01,079 - INFO - Waiting for parameters file: /s/ls4/users/selibrin/spiking_researches/correlation_encoding_and_training/mnist/hpo/shifted_nn_symm_stdp_synapse/hpo_data/hpo_iteration_data/4339491/params_1_1.pkl
2025-05-10 12:30:51,139 - INFO - Loaded HPO parameters
2025-05-10 12:30:51,139 - INFO - Preparing datasets...
2025-05-10 12:30:54,276 - INFO - Prepared datasets: 294 train & 1000 validation samples
2025-05-10 12:30:54,282 - INFO - Initializing model...
2025-05-10 12:30:54,284 - INFO - Fitting model...
2025-05-10 12:31:45,480 - INFO - Saved weights to /s/ls4/users/selibrin/spiking_researches/correlation_encoding_and_training/mnist/hpo/shifted_nn_symm_stdp_synapse/hpo_data/hpo_iteration_data/4339491/estimator_1_neuron_1_weights.npy
2025-05-10 12:31:45,480 - INFO - Evaluating model...
2025-05-10 12:34:04,348 - INFO - Saved validation outputs to /s/ls4/users/selibrin/spiking_researches/correlation_encoding_and_training/mnist/hpo/shifted_nn_symm_stdp_synapse/hpo_data/hpo_iteration_data/4339491/estimator_1_neuron_1_validation_outputs.npy
2025-05-10 12:34:04,348 - INFO - Waiting for parameters file: /s/ls4/users/selibrin/spiking_researches/correlation_encoding_and_training/mnist/hpo/shifted_nn_symm_stdp_synapse/hpo_data/hpo_iteration_data/4339491/params_1_1.pkl
2025-05-10 12:34:24,374 - INFO - Loaded HPO parameters
2025-05-10 12:34:24,375 - INFO - Preparing datasets...
2025-05-10 12:34:27,722 - INFO - Prepared datasets: 1177 train & 1000 validation samples
2025-05-10 12:34:27,722 - INFO - Initializing model...
2025-05-10 12:34:27,724 - INFO - Fitting model...
2025-05-10 12:37:57,821 - INFO - Saved weights to /s/ls4/users/selibrin/spiking_researches/correlation_encoding_and_training/mnist/hpo/shifted_nn_symm_stdp_synapse/hpo_data/hpo_iteration_data/4339491/estimator_1_neuron_1_weights.npy
2025-05-10 12:37:57,822 - INFO - Evaluating model...
2025-05-10 12:40:18,630 - INFO - Saved validation outputs to /s/ls4/users/selibrin/spiking_researches/correlation_encoding_and_training/mnist/hpo/shifted_nn_symm_stdp_synapse/hpo_data/hpo_iteration_data/4339491/estimator_1_neuron_1_validation_outputs.npy
2025-05-10 12:40:18,630 - INFO - Waiting for parameters file: /s/ls4/users/selibrin/spiking_researches/correlation_encoding_and_training/mnist/hpo/shifted_nn_symm_stdp_synapse/hpo_data/hpo_iteration_data/4339491/params_1_1.pkl
2025-05-10 12:41:03,685 - INFO - Loaded HPO parameters
2025-05-10 12:41:03,685 - INFO - Preparing datasets...
2025-05-10 12:41:06,800 - INFO - Prepared datasets: 1177 train & 1000 validation samples
2025-05-10 12:41:06,806 - INFO - Initializing model...
2025-05-10 12:41:06,808 - INFO - Fitting model...
2025-05-10 12:44:37,417 - INFO - Saved weights to /s/ls4/users/selibrin/spiking_researches/correlation_encoding_and_training/mnist/hpo/shifted_nn_symm_stdp_synapse/hpo_data/hpo_iteration_data/4339491/estimator_1_neuron_1_weights.npy
2025-05-10 12:44:37,418 - INFO - Evaluating model...
2025-05-10 12:46:56,320 - INFO - Saved validation outputs to /s/ls4/users/selibrin/spiking_researches/correlation_encoding_and_training/mnist/hpo/shifted_nn_symm_stdp_synapse/hpo_data/hpo_iteration_data/4339491/estimator_1_neuron_1_validation_outputs.npy
2025-05-10 12:46:56,320 - INFO - Waiting for parameters file: /s/ls4/users/selibrin/spiking_researches/correlation_encoding_and_training/mnist/hpo/shifted_nn_symm_stdp_synapse/hpo_data/hpo_iteration_data/4339491/params_1_1.pkl
2025-05-10 12:47:36,545 - INFO - Loaded HPO parameters
2025-05-10 12:47:36,545 - INFO - Preparing datasets...
2025-05-10 12:47:39,673 - INFO - Prepared datasets: 1177 train & 1000 validation samples
2025-05-10 12:47:39,673 - INFO - Initializing model...
2025-05-10 12:47:39,675 - INFO - Fitting model...
2025-05-10 12:50:33,381 - INFO - Saved weights to /s/ls4/users/selibrin/spiking_researches/correlation_encoding_and_training/mnist/hpo/shifted_nn_symm_stdp_synapse/hpo_data/hpo_iteration_data/4339491/estimator_1_neuron_1_weights.npy
2025-05-10 12:50:33,382 - INFO - Evaluating model...
2025-05-10 12:52:45,793 - INFO - Saved validation outputs to /s/ls4/users/selibrin/spiking_researches/correlation_encoding_and_training/mnist/hpo/shifted_nn_symm_stdp_synapse/hpo_data/hpo_iteration_data/4339491/estimator_1_neuron_1_validation_outputs.npy
2025-05-10 12:52:45,793 - INFO - Waiting for parameters file: /s/ls4/users/selibrin/spiking_researches/correlation_encoding_and_training/mnist/hpo/shifted_nn_symm_stdp_synapse/hpo_data/hpo_iteration_data/4339491/params_1_1.pkl
2025-05-10 12:53:15,845 - INFO - Loaded HPO parameters
2025-05-10 12:53:15,845 - INFO - Preparing datasets...
2025-05-10 12:53:19,219 - INFO - Prepared datasets: 588 train & 1000 validation samples
2025-05-10 12:53:19,225 - INFO - Initializing model...
2025-05-10 12:53:19,228 - INFO - Fitting model...
2025-05-10 12:54:51,453 - INFO - Saved weights to /s/ls4/users/selibrin/spiking_researches/correlation_encoding_and_training/mnist/hpo/shifted_nn_symm_stdp_synapse/hpo_data/hpo_iteration_data/4339491/estimator_1_neuron_1_weights.npy
2025-05-10 12:54:51,453 - INFO - Evaluating model...
2025-05-10 12:57:09,263 - INFO - Saved validation outputs to /s/ls4/users/selibrin/spiking_researches/correlation_encoding_and_training/mnist/hpo/shifted_nn_symm_stdp_synapse/hpo_data/hpo_iteration_data/4339491/estimator_1_neuron_1_validation_outputs.npy
2025-05-10 12:57:09,263 - INFO - Waiting for parameters file: /s/ls4/users/selibrin/spiking_researches/correlation_encoding_and_training/mnist/hpo/shifted_nn_symm_stdp_synapse/hpo_data/hpo_iteration_data/4339491/params_1_1.pkl
2025-05-10 12:57:19,279 - INFO - Loaded HPO parameters
2025-05-10 12:57:19,279 - INFO - Preparing datasets...
2025-05-10 12:57:22,433 - INFO - Prepared datasets: 1177 train & 1000 validation samples
2025-05-10 12:57:22,434 - INFO - Initializing model...
2025-05-10 12:57:22,436 - INFO - Fitting model...
2025-05-10 13:00:48,276 - INFO - Saved weights to /s/ls4/users/selibrin/spiking_researches/correlation_encoding_and_training/mnist/hpo/shifted_nn_symm_stdp_synapse/hpo_data/hpo_iteration_data/4339491/estimator_1_neuron_1_weights.npy
2025-05-10 13:00:48,276 - INFO - Evaluating model...
2025-05-10 13:03:03,720 - INFO - Saved validation outputs to /s/ls4/users/selibrin/spiking_researches/correlation_encoding_and_training/mnist/hpo/shifted_nn_symm_stdp_synapse/hpo_data/hpo_iteration_data/4339491/estimator_1_neuron_1_validation_outputs.npy
2025-05-10 13:03:03,721 - INFO - Waiting for parameters file: /s/ls4/users/selibrin/spiking_researches/correlation_encoding_and_training/mnist/hpo/shifted_nn_symm_stdp_synapse/hpo_data/hpo_iteration_data/4339491/params_1_1.pkl
2025-05-10 13:03:58,784 - INFO - Loaded HPO parameters
2025-05-10 13:03:58,784 - INFO - Preparing datasets...
2025-05-10 13:04:01,875 - INFO - Prepared datasets: 294 train & 1000 validation samples
2025-05-10 13:04:01,881 - INFO - Initializing model...
2025-05-10 13:04:01,883 - INFO - Fitting model...
2025-05-10 13:04:49,885 - INFO - Saved weights to /s/ls4/users/selibrin/spiking_researches/correlation_encoding_and_training/mnist/hpo/shifted_nn_symm_stdp_synapse/hpo_data/hpo_iteration_data/4339491/estimator_1_neuron_1_weights.npy
2025-05-10 13:04:49,886 - INFO - Evaluating model...
2025-05-10 13:07:07,566 - INFO - Saved validation outputs to /s/ls4/users/selibrin/spiking_researches/correlation_encoding_and_training/mnist/hpo/shifted_nn_symm_stdp_synapse/hpo_data/hpo_iteration_data/4339491/estimator_1_neuron_1_validation_outputs.npy
2025-05-10 13:07:07,566 - INFO - Waiting for parameters file: /s/ls4/users/selibrin/spiking_researches/correlation_encoding_and_training/mnist/hpo/shifted_nn_symm_stdp_synapse/hpo_data/hpo_iteration_data/4339491/params_1_1.pkl
2025-05-10 13:07:32,598 - INFO - Loaded HPO parameters
2025-05-10 13:07:32,598 - INFO - Preparing datasets...
2025-05-10 13:07:35,752 - INFO - Prepared datasets: 1177 train & 1000 validation samples
2025-05-10 13:07:35,752 - INFO - Initializing model...
2025-05-10 13:07:35,755 - INFO - Fitting model...
2025-05-10 13:10:26,739 - INFO - Saved weights to /s/ls4/users/selibrin/spiking_researches/correlation_encoding_and_training/mnist/hpo/shifted_nn_symm_stdp_synapse/hpo_data/hpo_iteration_data/4339491/estimator_1_neuron_1_weights.npy
2025-05-10 13:10:26,739 - INFO - Evaluating model...
2025-05-10 13:12:38,840 - INFO - Saved validation outputs to /s/ls4/users/selibrin/spiking_researches/correlation_encoding_and_training/mnist/hpo/shifted_nn_symm_stdp_synapse/hpo_data/hpo_iteration_data/4339491/estimator_1_neuron_1_validation_outputs.npy
2025-05-10 13:12:38,841 - INFO - Waiting for parameters file: /s/ls4/users/selibrin/spiking_researches/correlation_encoding_and_training/mnist/hpo/shifted_nn_symm_stdp_synapse/hpo_data/hpo_iteration_data/4339491/params_1_1.pkl
2025-05-10 13:13:08,878 - INFO - Loaded HPO parameters
2025-05-10 13:13:08,879 - INFO - Preparing datasets...
2025-05-10 13:13:12,027 - INFO - Prepared datasets: 1177 train & 1000 validation samples
2025-05-10 13:13:12,032 - INFO - Initializing model...
2025-05-10 13:13:12,034 - INFO - Fitting model...
2025-05-10 13:16:09,684 - INFO - Saved weights to /s/ls4/users/selibrin/spiking_researches/correlation_encoding_and_training/mnist/hpo/shifted_nn_symm_stdp_synapse/hpo_data/hpo_iteration_data/4339491/estimator_1_neuron_1_weights.npy
2025-05-10 13:16:09,684 - INFO - Evaluating model...
2025-05-10 13:18:25,095 - INFO - Saved validation outputs to /s/ls4/users/selibrin/spiking_researches/correlation_encoding_and_training/mnist/hpo/shifted_nn_symm_stdp_synapse/hpo_data/hpo_iteration_data/4339491/estimator_1_neuron_1_validation_outputs.npy
2025-05-10 13:18:25,096 - INFO - Waiting for parameters file: /s/ls4/users/selibrin/spiking_researches/correlation_encoding_and_training/mnist/hpo/shifted_nn_symm_stdp_synapse/hpo_data/hpo_iteration_data/4339491/params_1_1.pkl
2025-05-10 13:18:45,124 - INFO - Loaded HPO parameters
2025-05-10 13:18:45,124 - INFO - Preparing datasets...
2025-05-10 13:18:48,469 - INFO - Prepared datasets: 1177 train & 1000 validation samples
2025-05-10 13:18:48,469 - INFO - Initializing model...
2025-05-10 13:18:48,471 - INFO - Fitting model...
2025-05-10 13:22:16,025 - INFO - Saved weights to /s/ls4/users/selibrin/spiking_researches/correlation_encoding_and_training/mnist/hpo/shifted_nn_symm_stdp_synapse/hpo_data/hpo_iteration_data/4339491/estimator_1_neuron_1_weights.npy
2025-05-10 13:22:16,025 - INFO - Evaluating model...
2025-05-10 13:24:34,581 - INFO - Saved validation outputs to /s/ls4/users/selibrin/spiking_researches/correlation_encoding_and_training/mnist/hpo/shifted_nn_symm_stdp_synapse/hpo_data/hpo_iteration_data/4339491/estimator_1_neuron_1_validation_outputs.npy
2025-05-10 13:24:34,582 - INFO - Waiting for parameters file: /s/ls4/users/selibrin/spiking_researches/correlation_encoding_and_training/mnist/hpo/shifted_nn_symm_stdp_synapse/hpo_data/hpo_iteration_data/4339491/params_1_1.pkl
2025-05-10 13:25:24,639 - INFO - Loaded HPO parameters
2025-05-10 13:25:24,640 - INFO - Preparing datasets...
2025-05-10 13:25:27,732 - INFO - Prepared datasets: 588 train & 1000 validation samples
2025-05-10 13:25:27,738 - INFO - Initializing model...
2025-05-10 13:25:27,740 - INFO - Fitting model...
2025-05-10 13:26:59,381 - INFO - Saved weights to /s/ls4/users/selibrin/spiking_researches/correlation_encoding_and_training/mnist/hpo/shifted_nn_symm_stdp_synapse/hpo_data/hpo_iteration_data/4339491/estimator_1_neuron_1_weights.npy
2025-05-10 13:26:59,382 - INFO - Evaluating model...
2025-05-10 13:29:13,282 - INFO - Saved validation outputs to /s/ls4/users/selibrin/spiking_researches/correlation_encoding_and_training/mnist/hpo/shifted_nn_symm_stdp_synapse/hpo_data/hpo_iteration_data/4339491/estimator_1_neuron_1_validation_outputs.npy
2025-05-10 13:29:13,282 - INFO - Waiting for parameters file: /s/ls4/users/selibrin/spiking_researches/correlation_encoding_and_training/mnist/hpo/shifted_nn_symm_stdp_synapse/hpo_data/hpo_iteration_data/4339491/params_1_1.pkl
2025-05-10 13:29:58,335 - INFO - Loaded HPO parameters
2025-05-10 13:29:58,335 - INFO - Preparing datasets...
2025-05-10 13:30:01,272 - INFO - Prepared datasets: 1177 train & 1000 validation samples
2025-05-10 13:30:01,272 - INFO - Initializing model...
2025-05-10 13:30:01,275 - INFO - Fitting model...
2025-05-10 13:33:51,990 - INFO - Saved weights to /s/ls4/users/selibrin/spiking_researches/correlation_encoding_and_training/mnist/hpo/shifted_nn_symm_stdp_synapse/hpo_data/hpo_iteration_data/4339491/estimator_1_neuron_1_weights.npy
2025-05-10 13:33:51,990 - INFO - Evaluating model...
2025-05-10 13:36:09,305 - INFO - Saved validation outputs to /s/ls4/users/selibrin/spiking_researches/correlation_encoding_and_training/mnist/hpo/shifted_nn_symm_stdp_synapse/hpo_data/hpo_iteration_data/4339491/estimator_1_neuron_1_validation_outputs.npy
2025-05-10 13:36:09,306 - INFO - Waiting for parameters file: /s/ls4/users/selibrin/spiking_researches/correlation_encoding_and_training/mnist/hpo/shifted_nn_symm_stdp_synapse/hpo_data/hpo_iteration_data/4339491/params_1_1.pkl
2025-05-10 13:37:09,375 - INFO - Loaded HPO parameters
2025-05-10 13:37:09,375 - INFO - Preparing datasets...
2025-05-10 13:37:12,393 - INFO - Prepared datasets: 294 train & 1000 validation samples
2025-05-10 13:37:12,398 - INFO - Initializing model...
2025-05-10 13:37:12,400 - INFO - Fitting model...
2025-05-10 13:38:03,950 - INFO - Saved weights to /s/ls4/users/selibrin/spiking_researches/correlation_encoding_and_training/mnist/hpo/shifted_nn_symm_stdp_synapse/hpo_data/hpo_iteration_data/4339491/estimator_1_neuron_1_weights.npy
2025-05-10 13:38:03,950 - INFO - Evaluating model...
2025-05-10 13:40:22,545 - INFO - Saved validation outputs to /s/ls4/users/selibrin/spiking_researches/correlation_encoding_and_training/mnist/hpo/shifted_nn_symm_stdp_synapse/hpo_data/hpo_iteration_data/4339491/estimator_1_neuron_1_validation_outputs.npy
2025-05-10 13:40:22,545 - INFO - Waiting for parameters file: /s/ls4/users/selibrin/spiking_researches/correlation_encoding_and_training/mnist/hpo/shifted_nn_symm_stdp_synapse/hpo_data/hpo_iteration_data/4339491/params_1_1.pkl
2025-05-10 13:40:42,573 - INFO - Loaded HPO parameters
2025-05-10 13:40:42,573 - INFO - Preparing datasets...
2025-05-10 13:40:45,716 - INFO - Prepared datasets: 1177 train & 1000 validation samples
2025-05-10 13:40:45,716 - INFO - Initializing model...
2025-05-10 13:40:45,718 - INFO - Fitting model...
2025-05-10 13:43:39,896 - INFO - Saved weights to /s/ls4/users/selibrin/spiking_researches/correlation_encoding_and_training/mnist/hpo/shifted_nn_symm_stdp_synapse/hpo_data/hpo_iteration_data/4339491/estimator_1_neuron_1_weights.npy
2025-05-10 13:43:39,896 - INFO - Evaluating model...
2025-05-10 13:45:54,510 - INFO - Saved validation outputs to /s/ls4/users/selibrin/spiking_researches/correlation_encoding_and_training/mnist/hpo/shifted_nn_symm_stdp_synapse/hpo_data/hpo_iteration_data/4339491/estimator_1_neuron_1_validation_outputs.npy
2025-05-10 13:45:54,510 - INFO - Waiting for parameters file: /s/ls4/users/selibrin/spiking_researches/correlation_encoding_and_training/mnist/hpo/shifted_nn_symm_stdp_synapse/hpo_data/hpo_iteration_data/4339491/params_1_1.pkl
2025-05-10 13:46:19,542 - INFO - Loaded HPO parameters
2025-05-10 13:46:19,542 - INFO - Preparing datasets...
2025-05-10 13:46:22,614 - INFO - Prepared datasets: 1177 train & 1000 validation samples
2025-05-10 13:46:22,619 - INFO - Initializing model...
2025-05-10 13:46:22,622 - INFO - Fitting model...
2025-05-10 13:49:50,750 - INFO - Saved weights to /s/ls4/users/selibrin/spiking_researches/correlation_encoding_and_training/mnist/hpo/shifted_nn_symm_stdp_synapse/hpo_data/hpo_iteration_data/4339491/estimator_1_neuron_1_weights.npy
2025-05-10 13:49:50,751 - INFO - Evaluating model...
2025-05-10 13:52:07,291 - INFO - Saved validation outputs to /s/ls4/users/selibrin/spiking_researches/correlation_encoding_and_training/mnist/hpo/shifted_nn_symm_stdp_synapse/hpo_data/hpo_iteration_data/4339491/estimator_1_neuron_1_validation_outputs.npy
2025-05-10 13:52:07,292 - INFO - Waiting for parameters file: /s/ls4/users/selibrin/spiking_researches/correlation_encoding_and_training/mnist/hpo/shifted_nn_symm_stdp_synapse/hpo_data/hpo_iteration_data/4339491/params_1_1.pkl
2025-05-10 13:52:57,347 - INFO - Loaded HPO parameters
2025-05-10 13:52:57,347 - INFO - Preparing datasets...
2025-05-10 13:53:00,447 - INFO - Prepared datasets: 1177 train & 1000 validation samples
2025-05-10 13:53:00,447 - INFO - Initializing model...
2025-05-10 13:53:00,449 - INFO - Fitting model...
2025-05-10 13:55:59,104 - INFO - Saved weights to /s/ls4/users/selibrin/spiking_researches/correlation_encoding_and_training/mnist/hpo/shifted_nn_symm_stdp_synapse/hpo_data/hpo_iteration_data/4339491/estimator_1_neuron_1_weights.npy
2025-05-10 13:55:59,105 - INFO - Evaluating model...
2025-05-10 13:58:12,540 - INFO - Saved validation outputs to /s/ls4/users/selibrin/spiking_researches/correlation_encoding_and_training/mnist/hpo/shifted_nn_symm_stdp_synapse/hpo_data/hpo_iteration_data/4339491/estimator_1_neuron_1_validation_outputs.npy
2025-05-10 13:58:12,540 - INFO - Waiting for parameters file: /s/ls4/users/selibrin/spiking_researches/correlation_encoding_and_training/mnist/hpo/shifted_nn_symm_stdp_synapse/hpo_data/hpo_iteration_data/4339491/params_1_1.pkl
2025-05-10 13:59:02,600 - INFO - Loaded HPO parameters
2025-05-10 13:59:02,600 - INFO - Preparing datasets...
2025-05-10 13:59:05,644 - INFO - Prepared datasets: 588 train & 1000 validation samples
2025-05-10 13:59:05,649 - INFO - Initializing model...
2025-05-10 13:59:05,652 - INFO - Fitting model...
2025-05-10 14:00:30,813 - INFO - Saved weights to /s/ls4/users/selibrin/spiking_researches/correlation_encoding_and_training/mnist/hpo/shifted_nn_symm_stdp_synapse/hpo_data/hpo_iteration_data/4339491/estimator_1_neuron_1_weights.npy
2025-05-10 14:00:30,813 - INFO - Evaluating model...
2025-05-10 14:02:45,127 - INFO - Saved validation outputs to /s/ls4/users/selibrin/spiking_researches/correlation_encoding_and_training/mnist/hpo/shifted_nn_symm_stdp_synapse/hpo_data/hpo_iteration_data/4339491/estimator_1_neuron_1_validation_outputs.npy
2025-05-10 14:02:45,128 - INFO - Waiting for parameters file: /s/ls4/users/selibrin/spiking_researches/correlation_encoding_and_training/mnist/hpo/shifted_nn_symm_stdp_synapse/hpo_data/hpo_iteration_data/4339491/params_1_1.pkl
2025-05-10 14:03:10,160 - INFO - Loaded HPO parameters
2025-05-10 14:03:10,161 - INFO - Preparing datasets...
2025-05-10 14:03:13,442 - INFO - Prepared datasets: 1177 train & 1000 validation samples
2025-05-10 14:03:13,442 - INFO - Initializing model...
2025-05-10 14:03:13,445 - INFO - Fitting model...
2025-05-10 14:06:42,099 - INFO - Saved weights to /s/ls4/users/selibrin/spiking_researches/correlation_encoding_and_training/mnist/hpo/shifted_nn_symm_stdp_synapse/hpo_data/hpo_iteration_data/4339491/estimator_1_neuron_1_weights.npy
2025-05-10 14:06:42,099 - INFO - Evaluating model...
2025-05-10 14:08:59,790 - INFO - Saved validation outputs to /s/ls4/users/selibrin/spiking_researches/correlation_encoding_and_training/mnist/hpo/shifted_nn_symm_stdp_synapse/hpo_data/hpo_iteration_data/4339491/estimator_1_neuron_1_validation_outputs.npy
2025-05-10 14:08:59,790 - INFO - Waiting for parameters file: /s/ls4/users/selibrin/spiking_researches/correlation_encoding_and_training/mnist/hpo/shifted_nn_symm_stdp_synapse/hpo_data/hpo_iteration_data/4339491/params_1_1.pkl
2025-05-10 14:09:49,844 - INFO - Loaded HPO parameters
2025-05-10 14:09:49,844 - INFO - Preparing datasets...
2025-05-10 14:09:53,097 - INFO - Prepared datasets: 294 train & 1000 validation samples
2025-05-10 14:09:53,097 - INFO - Initializing model...
2025-05-10 14:09:53,100 - INFO - Fitting model...
2025-05-10 14:10:40,157 - INFO - Saved weights to /s/ls4/users/selibrin/spiking_researches/correlation_encoding_and_training/mnist/hpo/shifted_nn_symm_stdp_synapse/hpo_data/hpo_iteration_data/4339491/estimator_1_neuron_1_weights.npy
2025-05-10 14:10:40,158 - INFO - Evaluating model...
2025-05-10 14:12:53,534 - INFO - Saved validation outputs to /s/ls4/users/selibrin/spiking_researches/correlation_encoding_and_training/mnist/hpo/shifted_nn_symm_stdp_synapse/hpo_data/hpo_iteration_data/4339491/estimator_1_neuron_1_validation_outputs.npy
2025-05-10 14:12:53,535 - INFO - Waiting for parameters file: /s/ls4/users/selibrin/spiking_researches/correlation_encoding_and_training/mnist/hpo/shifted_nn_symm_stdp_synapse/hpo_data/hpo_iteration_data/4339491/params_1_1.pkl
2025-05-10 14:13:23,570 - INFO - Loaded HPO parameters
2025-05-10 14:13:23,571 - INFO - Preparing datasets...
2025-05-10 14:13:26,644 - INFO - Prepared datasets: 1177 train & 1000 validation samples
2025-05-10 14:13:26,645 - INFO - Initializing model...
2025-05-10 14:13:26,647 - INFO - Fitting model...
2025-05-10 14:16:36,500 - INFO - Saved weights to /s/ls4/users/selibrin/spiking_researches/correlation_encoding_and_training/mnist/hpo/shifted_nn_symm_stdp_synapse/hpo_data/hpo_iteration_data/4339491/estimator_1_neuron_1_weights.npy
2025-05-10 14:16:36,500 - INFO - Evaluating model...
2025-05-10 14:18:53,545 - INFO - Saved validation outputs to /s/ls4/users/selibrin/spiking_researches/correlation_encoding_and_training/mnist/hpo/shifted_nn_symm_stdp_synapse/hpo_data/hpo_iteration_data/4339491/estimator_1_neuron_1_validation_outputs.npy
2025-05-10 14:18:53,545 - INFO - Waiting for parameters file: /s/ls4/users/selibrin/spiking_researches/correlation_encoding_and_training/mnist/hpo/shifted_nn_symm_stdp_synapse/hpo_data/hpo_iteration_data/4339491/params_1_1.pkl
2025-05-10 14:19:28,589 - INFO - Loaded HPO parameters
2025-05-10 14:19:28,589 - INFO - Preparing datasets...
2025-05-10 14:19:31,726 - INFO - Prepared datasets: 1177 train & 1000 validation samples
2025-05-10 14:19:31,731 - INFO - Initializing model...
2025-05-10 14:19:31,733 - INFO - Fitting model...
2025-05-10 14:22:32,262 - INFO - Saved weights to /s/ls4/users/selibrin/spiking_researches/correlation_encoding_and_training/mnist/hpo/shifted_nn_symm_stdp_synapse/hpo_data/hpo_iteration_data/4339491/estimator_1_neuron_1_weights.npy
2025-05-10 14:22:32,262 - INFO - Evaluating model...
2025-05-10 14:24:48,945 - INFO - Saved validation outputs to /s/ls4/users/selibrin/spiking_researches/correlation_encoding_and_training/mnist/hpo/shifted_nn_symm_stdp_synapse/hpo_data/hpo_iteration_data/4339491/estimator_1_neuron_1_validation_outputs.npy
2025-05-10 14:24:48,945 - INFO - Waiting for parameters file: /s/ls4/users/selibrin/spiking_researches/correlation_encoding_and_training/mnist/hpo/shifted_nn_symm_stdp_synapse/hpo_data/hpo_iteration_data/4339491/params_1_1.pkl
2025-05-10 14:25:08,970 - INFO - Loaded HPO parameters
2025-05-10 14:25:08,970 - INFO - Preparing datasets...
2025-05-10 14:25:12,071 - INFO - Prepared datasets: 1177 train & 1000 validation samples
2025-05-10 14:25:12,072 - INFO - Initializing model...
2025-05-10 14:25:12,074 - INFO - Fitting model...
2025-05-10 14:28:39,413 - INFO - Saved weights to /s/ls4/users/selibrin/spiking_researches/correlation_encoding_and_training/mnist/hpo/shifted_nn_symm_stdp_synapse/hpo_data/hpo_iteration_data/4339491/estimator_1_neuron_1_weights.npy
2025-05-10 14:28:39,413 - INFO - Evaluating model...
2025-05-10 14:30:55,579 - INFO - Saved validation outputs to /s/ls4/users/selibrin/spiking_researches/correlation_encoding_and_training/mnist/hpo/shifted_nn_symm_stdp_synapse/hpo_data/hpo_iteration_data/4339491/estimator_1_neuron_1_validation_outputs.npy
2025-05-10 14:30:55,579 - INFO - Waiting for parameters file: /s/ls4/users/selibrin/spiking_researches/correlation_encoding_and_training/mnist/hpo/shifted_nn_symm_stdp_synapse/hpo_data/hpo_iteration_data/4339491/params_1_1.pkl
2025-05-10 14:31:45,658 - INFO - Loaded HPO parameters
2025-05-10 14:31:45,658 - INFO - Preparing datasets...
2025-05-10 14:31:48,763 - INFO - Prepared datasets: 1177 train & 1000 validation samples
2025-05-10 14:31:48,767 - INFO - Initializing model...
2025-05-10 14:31:48,770 - INFO - Fitting model...
2025-05-10 14:35:15,412 - INFO - Saved weights to /s/ls4/users/selibrin/spiking_researches/correlation_encoding_and_training/mnist/hpo/shifted_nn_symm_stdp_synapse/hpo_data/hpo_iteration_data/4339491/estimator_1_neuron_1_weights.npy
2025-05-10 14:35:15,412 - INFO - Evaluating model...
2025-05-10 14:37:31,993 - INFO - Saved validation outputs to /s/ls4/users/selibrin/spiking_researches/correlation_encoding_and_training/mnist/hpo/shifted_nn_symm_stdp_synapse/hpo_data/hpo_iteration_data/4339491/estimator_1_neuron_1_validation_outputs.npy
2025-05-10 14:37:31,994 - INFO - Waiting for parameters file: /s/ls4/users/selibrin/spiking_researches/correlation_encoding_and_training/mnist/hpo/shifted_nn_symm_stdp_synapse/hpo_data/hpo_iteration_data/4339491/params_1_1.pkl
2025-05-10 14:38:22,073 - INFO - Loaded HPO parameters
2025-05-10 14:38:22,074 - INFO - Preparing datasets...
2025-05-10 14:38:25,259 - INFO - Prepared datasets: 1177 train & 1000 validation samples
2025-05-10 14:38:25,259 - INFO - Initializing model...
2025-05-10 14:38:25,261 - INFO - Fitting model...
2025-05-10 14:41:49,737 - INFO - Saved weights to /s/ls4/users/selibrin/spiking_researches/correlation_encoding_and_training/mnist/hpo/shifted_nn_symm_stdp_synapse/hpo_data/hpo_iteration_data/4339491/estimator_1_neuron_1_weights.npy
2025-05-10 14:41:49,738 - INFO - Evaluating model...
2025-05-10 14:44:05,157 - INFO - Saved validation outputs to /s/ls4/users/selibrin/spiking_researches/correlation_encoding_and_training/mnist/hpo/shifted_nn_symm_stdp_synapse/hpo_data/hpo_iteration_data/4339491/estimator_1_neuron_1_validation_outputs.npy
2025-05-10 14:44:05,157 - INFO - Waiting for parameters file: /s/ls4/users/selibrin/spiking_researches/correlation_encoding_and_training/mnist/hpo/shifted_nn_symm_stdp_synapse/hpo_data/hpo_iteration_data/4339491/params_1_1.pkl
2025-05-10 14:44:55,216 - INFO - Loaded HPO parameters
2025-05-10 14:44:55,216 - INFO - Preparing datasets...
2025-05-10 14:44:58,251 - INFO - Prepared datasets: 1177 train & 1000 validation samples
2025-05-10 14:44:58,259 - INFO - Initializing model...
2025-05-10 14:44:58,261 - INFO - Fitting model...
2025-05-10 14:48:22,674 - INFO - Saved weights to /s/ls4/users/selibrin/spiking_researches/correlation_encoding_and_training/mnist/hpo/shifted_nn_symm_stdp_synapse/hpo_data/hpo_iteration_data/4339491/estimator_1_neuron_1_weights.npy
2025-05-10 14:48:22,674 - INFO - Evaluating model...
2025-05-10 14:50:39,539 - INFO - Saved validation outputs to /s/ls4/users/selibrin/spiking_researches/correlation_encoding_and_training/mnist/hpo/shifted_nn_symm_stdp_synapse/hpo_data/hpo_iteration_data/4339491/estimator_1_neuron_1_validation_outputs.npy
2025-05-10 14:50:39,540 - INFO - Waiting for parameters file: /s/ls4/users/selibrin/spiking_researches/correlation_encoding_and_training/mnist/hpo/shifted_nn_symm_stdp_synapse/hpo_data/hpo_iteration_data/4339491/params_1_1.pkl
2025-05-10 14:51:34,603 - INFO - Loaded HPO parameters
2025-05-10 14:51:34,604 - INFO - Preparing datasets...
2025-05-10 14:51:37,842 - INFO - Prepared datasets: 1177 train & 1000 validation samples
2025-05-10 14:51:37,842 - INFO - Initializing model...
2025-05-10 14:51:37,845 - INFO - Fitting model...
2025-05-10 14:55:06,469 - INFO - Saved weights to /s/ls4/users/selibrin/spiking_researches/correlation_encoding_and_training/mnist/hpo/shifted_nn_symm_stdp_synapse/hpo_data/hpo_iteration_data/4339491/estimator_1_neuron_1_weights.npy
2025-05-10 14:55:06,469 - INFO - Evaluating model...
2025-05-10 14:57:24,729 - INFO - Saved validation outputs to /s/ls4/users/selibrin/spiking_researches/correlation_encoding_and_training/mnist/hpo/shifted_nn_symm_stdp_synapse/hpo_data/hpo_iteration_data/4339491/estimator_1_neuron_1_validation_outputs.npy
2025-05-10 14:57:24,730 - INFO - Waiting for parameters file: /s/ls4/users/selibrin/spiking_researches/correlation_encoding_and_training/mnist/hpo/shifted_nn_symm_stdp_synapse/hpo_data/hpo_iteration_data/4339491/params_1_1.pkl
2025-05-10 14:58:09,801 - INFO - Loaded HPO parameters
2025-05-10 14:58:09,801 - INFO - Preparing datasets...
2025-05-10 14:58:12,900 - INFO - Prepared datasets: 1177 train & 1000 validation samples
2025-05-10 14:58:12,900 - INFO - Initializing model...
2025-05-10 14:58:12,902 - INFO - Fitting model...
2025-05-10 15:01:41,998 - INFO - Saved weights to /s/ls4/users/selibrin/spiking_researches/correlation_encoding_and_training/mnist/hpo/shifted_nn_symm_stdp_synapse/hpo_data/hpo_iteration_data/4339491/estimator_1_neuron_1_weights.npy
2025-05-10 15:01:41,998 - INFO - Evaluating model...
2025-05-10 15:04:00,300 - INFO - Saved validation outputs to /s/ls4/users/selibrin/spiking_researches/correlation_encoding_and_training/mnist/hpo/shifted_nn_symm_stdp_synapse/hpo_data/hpo_iteration_data/4339491/estimator_1_neuron_1_validation_outputs.npy
2025-05-10 15:04:00,300 - INFO - Waiting for parameters file: /s/ls4/users/selibrin/spiking_researches/correlation_encoding_and_training/mnist/hpo/shifted_nn_symm_stdp_synapse/hpo_data/hpo_iteration_data/4339491/params_1_1.pkl
2025-05-10 15:04:45,352 - INFO - Loaded HPO parameters
2025-05-10 15:04:45,352 - INFO - Preparing datasets...
2025-05-10 15:04:48,929 - INFO - Prepared datasets: 1177 train & 1000 validation samples
2025-05-10 15:04:48,938 - INFO - Initializing model...
2025-05-10 15:04:48,941 - INFO - Fitting model...
2025-05-10 15:08:16,145 - INFO - Saved weights to /s/ls4/users/selibrin/spiking_researches/correlation_encoding_and_training/mnist/hpo/shifted_nn_symm_stdp_synapse/hpo_data/hpo_iteration_data/4339491/estimator_1_neuron_1_weights.npy
2025-05-10 15:08:16,146 - INFO - Evaluating model...
2025-05-10 15:10:33,675 - INFO - Saved validation outputs to /s/ls4/users/selibrin/spiking_researches/correlation_encoding_and_training/mnist/hpo/shifted_nn_symm_stdp_synapse/hpo_data/hpo_iteration_data/4339491/estimator_1_neuron_1_validation_outputs.npy
2025-05-10 15:10:33,675 - INFO - Waiting for parameters file: /s/ls4/users/selibrin/spiking_researches/correlation_encoding_and_training/mnist/hpo/shifted_nn_symm_stdp_synapse/hpo_data/hpo_iteration_data/4339491/params_1_1.pkl
2025-05-10 15:11:23,736 - INFO - Loaded HPO parameters
2025-05-10 15:11:23,736 - INFO - Preparing datasets...
2025-05-10 15:11:27,003 - INFO - Prepared datasets: 1177 train & 1000 validation samples
2025-05-10 15:11:27,003 - INFO - Initializing model...
2025-05-10 15:11:27,005 - INFO - Fitting model...
