2025-05-09 20:02:41,415 - INFO - Initialized Neuron trainer
2025-05-09 20:02:41,416 - INFO - Waiting for parameters file: /s/ls4/users/selibrin/spiking_researches/correlation_encoding_and_training/mnist/hpo/shifted_stdp_synapse/hpo_data/hpo_iteration_data/4339489/params_1_0.pkl
2025-05-09 20:02:41,419 - INFO - Loaded HPO parameters
2025-05-09 20:02:41,420 - INFO - Preparing datasets...
2025-05-09 20:02:46,516 - INFO - Prepared datasets: 1164 train & 1000 validation samples
2025-05-09 20:02:46,516 - INFO - Initializing model...
2025-05-09 20:02:46,520 - INFO - Fitting model...
2025-05-09 20:07:24,035 - INFO - Saved weights to /s/ls4/users/selibrin/spiking_researches/correlation_encoding_and_training/mnist/hpo/shifted_stdp_synapse/hpo_data/hpo_iteration_data/4339489/estimator_1_neuron_0_weights.npy
2025-05-09 20:07:24,036 - INFO - Evaluating model...
2025-05-09 20:10:53,090 - INFO - Saved validation outputs to /s/ls4/users/selibrin/spiking_researches/correlation_encoding_and_training/mnist/hpo/shifted_stdp_synapse/hpo_data/hpo_iteration_data/4339489/estimator_1_neuron_0_validation_outputs.npy
2025-05-09 20:10:53,091 - INFO - Waiting for parameters file: /s/ls4/users/selibrin/spiking_researches/correlation_encoding_and_training/mnist/hpo/shifted_stdp_synapse/hpo_data/hpo_iteration_data/4339489/params_1_0.pkl
2025-05-09 20:11:43,148 - INFO - Loaded HPO parameters
2025-05-09 20:11:43,148 - INFO - Preparing datasets...
2025-05-09 20:11:48,463 - INFO - Prepared datasets: 291 train & 1000 validation samples
2025-05-09 20:11:48,463 - INFO - Initializing model...
2025-05-09 20:11:48,466 - INFO - Fitting model...
2025-05-09 20:13:00,440 - INFO - Saved weights to /s/ls4/users/selibrin/spiking_researches/correlation_encoding_and_training/mnist/hpo/shifted_stdp_synapse/hpo_data/hpo_iteration_data/4339489/estimator_1_neuron_0_weights.npy
2025-05-09 20:13:00,440 - INFO - Evaluating model...
2025-05-09 20:16:30,609 - INFO - Saved validation outputs to /s/ls4/users/selibrin/spiking_researches/correlation_encoding_and_training/mnist/hpo/shifted_stdp_synapse/hpo_data/hpo_iteration_data/4339489/estimator_1_neuron_0_validation_outputs.npy
2025-05-09 20:16:30,610 - INFO - Waiting for parameters file: /s/ls4/users/selibrin/spiking_researches/correlation_encoding_and_training/mnist/hpo/shifted_stdp_synapse/hpo_data/hpo_iteration_data/4339489/params_1_0.pkl
2025-05-09 20:16:45,632 - INFO - Loaded HPO parameters
2025-05-09 20:16:45,632 - INFO - Preparing datasets...
2025-05-09 20:16:50,414 - INFO - Prepared datasets: 1164 train & 1000 validation samples
2025-05-09 20:16:50,414 - INFO - Initializing model...
2025-05-09 20:16:50,417 - INFO - Fitting model...
2025-05-09 20:22:04,618 - INFO - Saved weights to /s/ls4/users/selibrin/spiking_researches/correlation_encoding_and_training/mnist/hpo/shifted_stdp_synapse/hpo_data/hpo_iteration_data/4339489/estimator_1_neuron_0_weights.npy
2025-05-09 20:22:04,619 - INFO - Evaluating model...
2025-05-09 20:25:25,168 - INFO - Saved validation outputs to /s/ls4/users/selibrin/spiking_researches/correlation_encoding_and_training/mnist/hpo/shifted_stdp_synapse/hpo_data/hpo_iteration_data/4339489/estimator_1_neuron_0_validation_outputs.npy
2025-05-09 20:25:25,168 - INFO - Waiting for parameters file: /s/ls4/users/selibrin/spiking_researches/correlation_encoding_and_training/mnist/hpo/shifted_stdp_synapse/hpo_data/hpo_iteration_data/4339489/params_1_0.pkl
2025-05-09 20:26:25,235 - INFO - Loaded HPO parameters
2025-05-09 20:26:25,236 - INFO - Preparing datasets...
2025-05-09 20:26:29,157 - INFO - Prepared datasets: 1164 train & 1000 validation samples
2025-05-09 20:26:29,158 - INFO - Initializing model...
2025-05-09 20:26:29,161 - INFO - Fitting model...
2025-05-09 20:30:45,668 - INFO - Saved weights to /s/ls4/users/selibrin/spiking_researches/correlation_encoding_and_training/mnist/hpo/shifted_stdp_synapse/hpo_data/hpo_iteration_data/4339489/estimator_1_neuron_0_weights.npy
2025-05-09 20:30:45,669 - INFO - Evaluating model...
2025-05-09 20:34:03,398 - INFO - Saved validation outputs to /s/ls4/users/selibrin/spiking_researches/correlation_encoding_and_training/mnist/hpo/shifted_stdp_synapse/hpo_data/hpo_iteration_data/4339489/estimator_1_neuron_0_validation_outputs.npy
2025-05-09 20:34:03,399 - INFO - Waiting for parameters file: /s/ls4/users/selibrin/spiking_researches/correlation_encoding_and_training/mnist/hpo/shifted_stdp_synapse/hpo_data/hpo_iteration_data/4339489/params_1_0.pkl
2025-05-09 20:34:28,441 - INFO - Loaded HPO parameters
2025-05-09 20:34:28,441 - INFO - Preparing datasets...
2025-05-09 20:34:33,412 - INFO - Prepared datasets: 291 train & 1000 validation samples
2025-05-09 20:34:33,412 - INFO - Initializing model...
2025-05-09 20:34:33,416 - INFO - Fitting model...
2025-05-09 20:35:46,495 - INFO - Saved weights to /s/ls4/users/selibrin/spiking_researches/correlation_encoding_and_training/mnist/hpo/shifted_stdp_synapse/hpo_data/hpo_iteration_data/4339489/estimator_1_neuron_0_weights.npy
2025-05-09 20:35:46,495 - INFO - Evaluating model...
2025-05-09 20:39:16,040 - INFO - Saved validation outputs to /s/ls4/users/selibrin/spiking_researches/correlation_encoding_and_training/mnist/hpo/shifted_stdp_synapse/hpo_data/hpo_iteration_data/4339489/estimator_1_neuron_0_validation_outputs.npy
2025-05-09 20:39:16,040 - INFO - Waiting for parameters file: /s/ls4/users/selibrin/spiking_researches/correlation_encoding_and_training/mnist/hpo/shifted_stdp_synapse/hpo_data/hpo_iteration_data/4339489/params_1_0.pkl
2025-05-09 20:39:36,064 - INFO - Loaded HPO parameters
2025-05-09 20:39:36,064 - INFO - Preparing datasets...
2025-05-09 20:39:39,683 - INFO - Prepared datasets: 1164 train & 1000 validation samples
2025-05-09 20:39:39,683 - INFO - Initializing model...
2025-05-09 20:39:39,685 - INFO - Fitting model...
2025-05-09 20:44:40,842 - INFO - Saved weights to /s/ls4/users/selibrin/spiking_researches/correlation_encoding_and_training/mnist/hpo/shifted_stdp_synapse/hpo_data/hpo_iteration_data/4339489/estimator_1_neuron_0_weights.npy
2025-05-09 20:44:40,842 - INFO - Evaluating model...
2025-05-09 20:47:55,677 - INFO - Saved validation outputs to /s/ls4/users/selibrin/spiking_researches/correlation_encoding_and_training/mnist/hpo/shifted_stdp_synapse/hpo_data/hpo_iteration_data/4339489/estimator_1_neuron_0_validation_outputs.npy
2025-05-09 20:47:55,677 - INFO - Waiting for parameters file: /s/ls4/users/selibrin/spiking_researches/correlation_encoding_and_training/mnist/hpo/shifted_stdp_synapse/hpo_data/hpo_iteration_data/4339489/params_1_0.pkl
2025-05-09 20:48:40,724 - INFO - Loaded HPO parameters
2025-05-09 20:48:40,724 - INFO - Preparing datasets...
2025-05-09 20:48:45,658 - INFO - Prepared datasets: 291 train & 1000 validation samples
2025-05-09 20:48:45,659 - INFO - Initializing model...
2025-05-09 20:48:45,662 - INFO - Fitting model...
2025-05-09 20:49:52,713 - INFO - Saved weights to /s/ls4/users/selibrin/spiking_researches/correlation_encoding_and_training/mnist/hpo/shifted_stdp_synapse/hpo_data/hpo_iteration_data/4339489/estimator_1_neuron_0_weights.npy
2025-05-09 20:49:52,713 - INFO - Evaluating model...
2025-05-09 20:52:57,114 - INFO - Saved validation outputs to /s/ls4/users/selibrin/spiking_researches/correlation_encoding_and_training/mnist/hpo/shifted_stdp_synapse/hpo_data/hpo_iteration_data/4339489/estimator_1_neuron_0_validation_outputs.npy
2025-05-09 20:52:57,114 - INFO - Waiting for parameters file: /s/ls4/users/selibrin/spiking_researches/correlation_encoding_and_training/mnist/hpo/shifted_stdp_synapse/hpo_data/hpo_iteration_data/4339489/params_1_0.pkl
2025-05-09 20:53:47,168 - INFO - Loaded HPO parameters
2025-05-09 20:53:47,168 - INFO - Preparing datasets...
2025-05-09 20:53:51,349 - INFO - Prepared datasets: 582 train & 1000 validation samples
2025-05-09 20:53:51,350 - INFO - Initializing model...
2025-05-09 20:53:51,352 - INFO - Fitting model...
2025-05-09 20:55:57,350 - INFO - Saved weights to /s/ls4/users/selibrin/spiking_researches/correlation_encoding_and_training/mnist/hpo/shifted_stdp_synapse/hpo_data/hpo_iteration_data/4339489/estimator_1_neuron_0_weights.npy
2025-05-09 20:55:57,351 - INFO - Evaluating model...
2025-05-09 20:58:49,435 - INFO - Saved validation outputs to /s/ls4/users/selibrin/spiking_researches/correlation_encoding_and_training/mnist/hpo/shifted_stdp_synapse/hpo_data/hpo_iteration_data/4339489/estimator_1_neuron_0_validation_outputs.npy
2025-05-09 20:58:49,435 - INFO - Waiting for parameters file: /s/ls4/users/selibrin/spiking_researches/correlation_encoding_and_training/mnist/hpo/shifted_stdp_synapse/hpo_data/hpo_iteration_data/4339489/params_1_0.pkl
2025-05-09 21:00:24,540 - INFO - Loaded HPO parameters
2025-05-09 21:00:24,540 - INFO - Preparing datasets...
2025-05-09 21:00:29,520 - INFO - Prepared datasets: 582 train & 1000 validation samples
2025-05-09 21:00:29,520 - INFO - Initializing model...
2025-05-09 21:00:29,524 - INFO - Fitting model...
2025-05-09 21:03:01,081 - INFO - Saved weights to /s/ls4/users/selibrin/spiking_researches/correlation_encoding_and_training/mnist/hpo/shifted_stdp_synapse/hpo_data/hpo_iteration_data/4339489/estimator_1_neuron_0_weights.npy
2025-05-09 21:03:01,081 - INFO - Evaluating model...
2025-05-09 21:06:20,770 - INFO - Saved validation outputs to /s/ls4/users/selibrin/spiking_researches/correlation_encoding_and_training/mnist/hpo/shifted_stdp_synapse/hpo_data/hpo_iteration_data/4339489/estimator_1_neuron_0_validation_outputs.npy
2025-05-09 21:06:20,771 - INFO - Waiting for parameters file: /s/ls4/users/selibrin/spiking_researches/correlation_encoding_and_training/mnist/hpo/shifted_stdp_synapse/hpo_data/hpo_iteration_data/4339489/params_1_0.pkl
2025-05-09 21:06:55,812 - INFO - Loaded HPO parameters
2025-05-09 21:06:55,812 - INFO - Preparing datasets...
2025-05-09 21:06:58,984 - INFO - Prepared datasets: 582 train & 1000 validation samples
2025-05-09 21:06:58,985 - INFO - Initializing model...
2025-05-09 21:06:58,987 - INFO - Fitting model...
2025-05-09 21:08:59,870 - INFO - Saved weights to /s/ls4/users/selibrin/spiking_researches/correlation_encoding_and_training/mnist/hpo/shifted_stdp_synapse/hpo_data/hpo_iteration_data/4339489/estimator_1_neuron_0_weights.npy
2025-05-09 21:08:59,870 - INFO - Evaluating model...
2025-05-09 21:11:24,611 - INFO - Saved validation outputs to /s/ls4/users/selibrin/spiking_researches/correlation_encoding_and_training/mnist/hpo/shifted_stdp_synapse/hpo_data/hpo_iteration_data/4339489/estimator_1_neuron_0_validation_outputs.npy
2025-05-09 21:11:24,611 - INFO - Waiting for parameters file: /s/ls4/users/selibrin/spiking_researches/correlation_encoding_and_training/mnist/hpo/shifted_stdp_synapse/hpo_data/hpo_iteration_data/4339489/params_1_0.pkl
2025-05-09 21:11:59,652 - INFO - Loaded HPO parameters
2025-05-09 21:11:59,653 - INFO - Preparing datasets...
2025-05-09 21:12:04,223 - INFO - Prepared datasets: 582 train & 1000 validation samples
2025-05-09 21:12:04,223 - INFO - Initializing model...
2025-05-09 21:12:04,228 - INFO - Fitting model...
2025-05-09 21:14:25,728 - INFO - Saved weights to /s/ls4/users/selibrin/spiking_researches/correlation_encoding_and_training/mnist/hpo/shifted_stdp_synapse/hpo_data/hpo_iteration_data/4339489/estimator_1_neuron_0_weights.npy
2025-05-09 21:14:25,728 - INFO - Evaluating model...
2025-05-09 21:16:57,454 - INFO - Saved validation outputs to /s/ls4/users/selibrin/spiking_researches/correlation_encoding_and_training/mnist/hpo/shifted_stdp_synapse/hpo_data/hpo_iteration_data/4339489/estimator_1_neuron_0_validation_outputs.npy
2025-05-09 21:16:57,454 - INFO - Waiting for parameters file: /s/ls4/users/selibrin/spiking_researches/correlation_encoding_and_training/mnist/hpo/shifted_stdp_synapse/hpo_data/hpo_iteration_data/4339489/params_1_0.pkl
2025-05-09 21:17:32,495 - INFO - Loaded HPO parameters
2025-05-09 21:17:32,495 - INFO - Preparing datasets...
2025-05-09 21:17:35,782 - INFO - Prepared datasets: 1164 train & 1000 validation samples
2025-05-09 21:17:35,783 - INFO - Initializing model...
2025-05-09 21:17:35,786 - INFO - Fitting model...
2025-05-09 21:20:40,307 - INFO - Saved weights to /s/ls4/users/selibrin/spiking_researches/correlation_encoding_and_training/mnist/hpo/shifted_stdp_synapse/hpo_data/hpo_iteration_data/4339489/estimator_1_neuron_0_weights.npy
2025-05-09 21:20:40,308 - INFO - Evaluating model...
2025-05-09 21:23:01,893 - INFO - Saved validation outputs to /s/ls4/users/selibrin/spiking_researches/correlation_encoding_and_training/mnist/hpo/shifted_stdp_synapse/hpo_data/hpo_iteration_data/4339489/estimator_1_neuron_0_validation_outputs.npy
2025-05-09 21:23:01,894 - INFO - Waiting for parameters file: /s/ls4/users/selibrin/spiking_researches/correlation_encoding_and_training/mnist/hpo/shifted_stdp_synapse/hpo_data/hpo_iteration_data/4339489/params_1_0.pkl
2025-05-09 21:24:36,998 - INFO - Loaded HPO parameters
2025-05-09 21:24:36,998 - INFO - Preparing datasets...
2025-05-09 21:24:40,046 - INFO - Prepared datasets: 291 train & 1000 validation samples
2025-05-09 21:24:40,046 - INFO - Initializing model...
2025-05-09 21:24:40,048 - INFO - Fitting model...
2025-05-09 21:25:25,891 - INFO - Saved weights to /s/ls4/users/selibrin/spiking_researches/correlation_encoding_and_training/mnist/hpo/shifted_stdp_synapse/hpo_data/hpo_iteration_data/4339489/estimator_1_neuron_0_weights.npy
2025-05-09 21:25:25,891 - INFO - Evaluating model...
2025-05-09 21:27:48,996 - INFO - Saved validation outputs to /s/ls4/users/selibrin/spiking_researches/correlation_encoding_and_training/mnist/hpo/shifted_stdp_synapse/hpo_data/hpo_iteration_data/4339489/estimator_1_neuron_0_validation_outputs.npy
2025-05-09 21:27:48,997 - INFO - Waiting for parameters file: /s/ls4/users/selibrin/spiking_researches/correlation_encoding_and_training/mnist/hpo/shifted_stdp_synapse/hpo_data/hpo_iteration_data/4339489/params_1_0.pkl
2025-05-09 21:29:09,094 - INFO - Loaded HPO parameters
2025-05-09 21:29:09,094 - INFO - Preparing datasets...
2025-05-09 21:29:12,631 - INFO - Prepared datasets: 1164 train & 1000 validation samples
2025-05-09 21:29:12,631 - INFO - Initializing model...
2025-05-09 21:29:12,634 - INFO - Fitting model...
2025-05-09 21:32:50,148 - INFO - Saved weights to /s/ls4/users/selibrin/spiking_researches/correlation_encoding_and_training/mnist/hpo/shifted_stdp_synapse/hpo_data/hpo_iteration_data/4339489/estimator_1_neuron_0_weights.npy
2025-05-09 21:32:50,148 - INFO - Evaluating model...
2025-05-09 21:35:21,806 - INFO - Saved validation outputs to /s/ls4/users/selibrin/spiking_researches/correlation_encoding_and_training/mnist/hpo/shifted_stdp_synapse/hpo_data/hpo_iteration_data/4339489/estimator_1_neuron_0_validation_outputs.npy
2025-05-09 21:35:21,806 - INFO - Waiting for parameters file: /s/ls4/users/selibrin/spiking_researches/correlation_encoding_and_training/mnist/hpo/shifted_stdp_synapse/hpo_data/hpo_iteration_data/4339489/params_1_0.pkl
2025-05-09 21:37:11,917 - INFO - Loaded HPO parameters
2025-05-09 21:37:11,917 - INFO - Preparing datasets...
2025-05-09 21:37:16,151 - INFO - Prepared datasets: 291 train & 1000 validation samples
2025-05-09 21:37:16,151 - INFO - Initializing model...
2025-05-09 21:37:16,155 - INFO - Fitting model...
2025-05-09 21:38:20,392 - INFO - Saved weights to /s/ls4/users/selibrin/spiking_researches/correlation_encoding_and_training/mnist/hpo/shifted_stdp_synapse/hpo_data/hpo_iteration_data/4339489/estimator_1_neuron_0_weights.npy
2025-05-09 21:38:20,392 - INFO - Evaluating model...
2025-05-09 21:40:35,342 - INFO - Saved validation outputs to /s/ls4/users/selibrin/spiking_researches/correlation_encoding_and_training/mnist/hpo/shifted_stdp_synapse/hpo_data/hpo_iteration_data/4339489/estimator_1_neuron_0_validation_outputs.npy
2025-05-09 21:40:35,342 - INFO - Waiting for parameters file: /s/ls4/users/selibrin/spiking_researches/correlation_encoding_and_training/mnist/hpo/shifted_stdp_synapse/hpo_data/hpo_iteration_data/4339489/params_1_0.pkl
2025-05-09 21:41:45,420 - INFO - Loaded HPO parameters
2025-05-09 21:41:45,420 - INFO - Preparing datasets...
2025-05-09 21:41:48,505 - INFO - Prepared datasets: 291 train & 1000 validation samples
2025-05-09 21:41:48,505 - INFO - Initializing model...
2025-05-09 21:41:48,507 - INFO - Fitting model...
2025-05-09 21:42:36,389 - INFO - Saved weights to /s/ls4/users/selibrin/spiking_researches/correlation_encoding_and_training/mnist/hpo/shifted_stdp_synapse/hpo_data/hpo_iteration_data/4339489/estimator_1_neuron_0_weights.npy
2025-05-09 21:42:36,390 - INFO - Evaluating model...
2025-05-09 21:45:12,981 - INFO - Saved validation outputs to /s/ls4/users/selibrin/spiking_researches/correlation_encoding_and_training/mnist/hpo/shifted_stdp_synapse/hpo_data/hpo_iteration_data/4339489/estimator_1_neuron_0_validation_outputs.npy
2025-05-09 21:45:12,981 - INFO - Waiting for parameters file: /s/ls4/users/selibrin/spiking_researches/correlation_encoding_and_training/mnist/hpo/shifted_stdp_synapse/hpo_data/hpo_iteration_data/4339489/params_1_0.pkl
2025-05-09 21:45:48,024 - INFO - Loaded HPO parameters
2025-05-09 21:45:48,025 - INFO - Preparing datasets...
2025-05-09 21:45:51,171 - INFO - Prepared datasets: 1164 train & 1000 validation samples
2025-05-09 21:45:51,171 - INFO - Initializing model...
2025-05-09 21:45:51,191 - INFO - Fitting model...
2025-05-09 21:49:30,683 - INFO - Saved weights to /s/ls4/users/selibrin/spiking_researches/correlation_encoding_and_training/mnist/hpo/shifted_stdp_synapse/hpo_data/hpo_iteration_data/4339489/estimator_1_neuron_0_weights.npy
2025-05-09 21:49:30,683 - INFO - Evaluating model...
2025-05-09 21:51:44,835 - INFO - Saved validation outputs to /s/ls4/users/selibrin/spiking_researches/correlation_encoding_and_training/mnist/hpo/shifted_stdp_synapse/hpo_data/hpo_iteration_data/4339489/estimator_1_neuron_0_validation_outputs.npy
2025-05-09 21:51:44,835 - INFO - Waiting for parameters file: /s/ls4/users/selibrin/spiking_researches/correlation_encoding_and_training/mnist/hpo/shifted_stdp_synapse/hpo_data/hpo_iteration_data/4339489/params_1_0.pkl
2025-05-09 21:52:54,914 - INFO - Loaded HPO parameters
2025-05-09 21:52:54,914 - INFO - Preparing datasets...
2025-05-09 21:52:58,504 - INFO - Prepared datasets: 582 train & 1000 validation samples
2025-05-09 21:52:58,504 - INFO - Initializing model...
2025-05-09 21:52:58,507 - INFO - Fitting model...
2025-05-09 21:54:52,151 - INFO - Saved weights to /s/ls4/users/selibrin/spiking_researches/correlation_encoding_and_training/mnist/hpo/shifted_stdp_synapse/hpo_data/hpo_iteration_data/4339489/estimator_1_neuron_0_weights.npy
2025-05-09 21:54:52,151 - INFO - Evaluating model...
2025-05-09 21:57:13,972 - INFO - Saved validation outputs to /s/ls4/users/selibrin/spiking_researches/correlation_encoding_and_training/mnist/hpo/shifted_stdp_synapse/hpo_data/hpo_iteration_data/4339489/estimator_1_neuron_0_validation_outputs.npy
2025-05-09 21:57:13,972 - INFO - Waiting for parameters file: /s/ls4/users/selibrin/spiking_researches/correlation_encoding_and_training/mnist/hpo/shifted_stdp_synapse/hpo_data/hpo_iteration_data/4339489/params_1_0.pkl
2025-05-09 21:58:29,055 - INFO - Loaded HPO parameters
2025-05-09 21:58:29,056 - INFO - Preparing datasets...
2025-05-09 21:58:32,060 - INFO - Prepared datasets: 582 train & 1000 validation samples
2025-05-09 21:58:32,060 - INFO - Initializing model...
2025-05-09 21:58:32,062 - INFO - Fitting model...
2025-05-09 22:00:40,121 - INFO - Saved weights to /s/ls4/users/selibrin/spiking_researches/correlation_encoding_and_training/mnist/hpo/shifted_stdp_synapse/hpo_data/hpo_iteration_data/4339489/estimator_1_neuron_0_weights.npy
2025-05-09 22:00:40,122 - INFO - Evaluating model...
2025-05-09 22:03:21,644 - INFO - Saved validation outputs to /s/ls4/users/selibrin/spiking_researches/correlation_encoding_and_training/mnist/hpo/shifted_stdp_synapse/hpo_data/hpo_iteration_data/4339489/estimator_1_neuron_0_validation_outputs.npy
2025-05-09 22:03:21,644 - INFO - Waiting for parameters file: /s/ls4/users/selibrin/spiking_researches/correlation_encoding_and_training/mnist/hpo/shifted_stdp_synapse/hpo_data/hpo_iteration_data/4339489/params_1_0.pkl
2025-05-09 22:03:31,679 - INFO - Loaded HPO parameters
2025-05-09 22:03:31,679 - INFO - Preparing datasets...
2025-05-09 22:03:34,964 - INFO - Prepared datasets: 291 train & 1000 validation samples
2025-05-09 22:03:34,964 - INFO - Initializing model...
2025-05-09 22:03:34,967 - INFO - Fitting model...
2025-05-09 22:04:20,531 - INFO - Saved weights to /s/ls4/users/selibrin/spiking_researches/correlation_encoding_and_training/mnist/hpo/shifted_stdp_synapse/hpo_data/hpo_iteration_data/4339489/estimator_1_neuron_0_weights.npy
2025-05-09 22:04:20,531 - INFO - Evaluating model...
2025-05-09 22:07:02,451 - INFO - Saved validation outputs to /s/ls4/users/selibrin/spiking_researches/correlation_encoding_and_training/mnist/hpo/shifted_stdp_synapse/hpo_data/hpo_iteration_data/4339489/estimator_1_neuron_0_validation_outputs.npy
2025-05-09 22:07:02,451 - INFO - Waiting for parameters file: /s/ls4/users/selibrin/spiking_researches/correlation_encoding_and_training/mnist/hpo/shifted_stdp_synapse/hpo_data/hpo_iteration_data/4339489/params_1_0.pkl
2025-05-09 22:08:02,519 - INFO - Loaded HPO parameters
2025-05-09 22:08:02,519 - INFO - Preparing datasets...
2025-05-09 22:08:05,638 - INFO - Prepared datasets: 582 train & 1000 validation samples
2025-05-09 22:08:05,638 - INFO - Initializing model...
2025-05-09 22:08:05,640 - INFO - Fitting model...
2025-05-09 22:09:50,101 - INFO - Saved weights to /s/ls4/users/selibrin/spiking_researches/correlation_encoding_and_training/mnist/hpo/shifted_stdp_synapse/hpo_data/hpo_iteration_data/4339489/estimator_1_neuron_0_weights.npy
2025-05-09 22:09:50,101 - INFO - Evaluating model...
2025-05-09 22:12:08,249 - INFO - Saved validation outputs to /s/ls4/users/selibrin/spiking_researches/correlation_encoding_and_training/mnist/hpo/shifted_stdp_synapse/hpo_data/hpo_iteration_data/4339489/estimator_1_neuron_0_validation_outputs.npy
2025-05-09 22:12:08,249 - INFO - Waiting for parameters file: /s/ls4/users/selibrin/spiking_researches/correlation_encoding_and_training/mnist/hpo/shifted_stdp_synapse/hpo_data/hpo_iteration_data/4339489/params_1_0.pkl
2025-05-09 22:13:38,350 - INFO - Loaded HPO parameters
2025-05-09 22:13:38,350 - INFO - Preparing datasets...
2025-05-09 22:13:41,731 - INFO - Prepared datasets: 1164 train & 1000 validation samples
2025-05-09 22:13:41,731 - INFO - Initializing model...
2025-05-09 22:13:41,733 - INFO - Fitting model...
2025-05-09 22:18:17,124 - INFO - Saved weights to /s/ls4/users/selibrin/spiking_researches/correlation_encoding_and_training/mnist/hpo/shifted_stdp_synapse/hpo_data/hpo_iteration_data/4339489/estimator_1_neuron_0_weights.npy
2025-05-09 22:18:17,125 - INFO - Evaluating model...
2025-05-09 22:21:02,733 - INFO - Saved validation outputs to /s/ls4/users/selibrin/spiking_researches/correlation_encoding_and_training/mnist/hpo/shifted_stdp_synapse/hpo_data/hpo_iteration_data/4339489/estimator_1_neuron_0_validation_outputs.npy
2025-05-09 22:21:02,733 - INFO - Waiting for parameters file: /s/ls4/users/selibrin/spiking_researches/correlation_encoding_and_training/mnist/hpo/shifted_stdp_synapse/hpo_data/hpo_iteration_data/4339489/params_1_0.pkl
2025-05-09 22:21:42,776 - INFO - Loaded HPO parameters
2025-05-09 22:21:42,776 - INFO - Preparing datasets...
2025-05-09 22:21:47,528 - INFO - Prepared datasets: 291 train & 1000 validation samples
2025-05-09 22:21:47,529 - INFO - Initializing model...
2025-05-09 22:21:47,532 - INFO - Fitting model...
2025-05-09 22:22:41,543 - INFO - Saved weights to /s/ls4/users/selibrin/spiking_researches/correlation_encoding_and_training/mnist/hpo/shifted_stdp_synapse/hpo_data/hpo_iteration_data/4339489/estimator_1_neuron_0_weights.npy
2025-05-09 22:22:41,544 - INFO - Evaluating model...
2025-05-09 22:25:22,282 - INFO - Saved validation outputs to /s/ls4/users/selibrin/spiking_researches/correlation_encoding_and_training/mnist/hpo/shifted_stdp_synapse/hpo_data/hpo_iteration_data/4339489/estimator_1_neuron_0_validation_outputs.npy
2025-05-09 22:25:22,282 - INFO - Waiting for parameters file: /s/ls4/users/selibrin/spiking_researches/correlation_encoding_and_training/mnist/hpo/shifted_stdp_synapse/hpo_data/hpo_iteration_data/4339489/params_1_0.pkl
2025-05-09 22:26:12,336 - INFO - Loaded HPO parameters
2025-05-09 22:26:12,336 - INFO - Preparing datasets...
2025-05-09 22:26:15,468 - INFO - Prepared datasets: 582 train & 1000 validation samples
2025-05-09 22:26:15,468 - INFO - Initializing model...
2025-05-09 22:26:15,470 - INFO - Fitting model...
2025-05-09 22:28:34,548 - INFO - Saved weights to /s/ls4/users/selibrin/spiking_researches/correlation_encoding_and_training/mnist/hpo/shifted_stdp_synapse/hpo_data/hpo_iteration_data/4339489/estimator_1_neuron_0_weights.npy
2025-05-09 22:28:34,548 - INFO - Evaluating model...
2025-05-09 22:31:10,922 - INFO - Saved validation outputs to /s/ls4/users/selibrin/spiking_researches/correlation_encoding_and_training/mnist/hpo/shifted_stdp_synapse/hpo_data/hpo_iteration_data/4339489/estimator_1_neuron_0_validation_outputs.npy
2025-05-09 22:31:10,922 - INFO - Waiting for parameters file: /s/ls4/users/selibrin/spiking_researches/correlation_encoding_and_training/mnist/hpo/shifted_stdp_synapse/hpo_data/hpo_iteration_data/4339489/params_1_0.pkl
2025-05-09 22:31:15,932 - INFO - Loaded HPO parameters
2025-05-09 22:31:15,932 - INFO - Preparing datasets...
2025-05-09 22:31:20,345 - INFO - Prepared datasets: 1164 train & 1000 validation samples
2025-05-09 22:31:20,346 - INFO - Initializing model...
2025-05-09 22:31:20,349 - INFO - Fitting model...
2025-05-09 22:35:01,901 - INFO - Saved weights to /s/ls4/users/selibrin/spiking_researches/correlation_encoding_and_training/mnist/hpo/shifted_stdp_synapse/hpo_data/hpo_iteration_data/4339489/estimator_1_neuron_0_weights.npy
2025-05-09 22:35:01,901 - INFO - Evaluating model...
2025-05-09 22:37:27,312 - INFO - Saved validation outputs to /s/ls4/users/selibrin/spiking_researches/correlation_encoding_and_training/mnist/hpo/shifted_stdp_synapse/hpo_data/hpo_iteration_data/4339489/estimator_1_neuron_0_validation_outputs.npy
2025-05-09 22:37:27,313 - INFO - Waiting for parameters file: /s/ls4/users/selibrin/spiking_researches/correlation_encoding_and_training/mnist/hpo/shifted_stdp_synapse/hpo_data/hpo_iteration_data/4339489/params_1_0.pkl
2025-05-09 22:38:52,408 - INFO - Loaded HPO parameters
2025-05-09 22:38:52,408 - INFO - Preparing datasets...
2025-05-09 22:38:55,899 - INFO - Prepared datasets: 291 train & 1000 validation samples
2025-05-09 22:38:55,899 - INFO - Initializing model...
2025-05-09 22:38:55,901 - INFO - Fitting model...
2025-05-09 22:39:43,563 - INFO - Saved weights to /s/ls4/users/selibrin/spiking_researches/correlation_encoding_and_training/mnist/hpo/shifted_stdp_synapse/hpo_data/hpo_iteration_data/4339489/estimator_1_neuron_0_weights.npy
2025-05-09 22:39:43,563 - INFO - Evaluating model...
2025-05-09 22:41:57,977 - INFO - Saved validation outputs to /s/ls4/users/selibrin/spiking_researches/correlation_encoding_and_training/mnist/hpo/shifted_stdp_synapse/hpo_data/hpo_iteration_data/4339489/estimator_1_neuron_0_validation_outputs.npy
2025-05-09 22:41:57,977 - INFO - Waiting for parameters file: /s/ls4/users/selibrin/spiking_researches/correlation_encoding_and_training/mnist/hpo/shifted_stdp_synapse/hpo_data/hpo_iteration_data/4339489/params_1_0.pkl
2025-05-09 22:42:53,037 - INFO - Loaded HPO parameters
2025-05-09 22:42:53,037 - INFO - Preparing datasets...
2025-05-09 22:42:56,150 - INFO - Prepared datasets: 582 train & 1000 validation samples
2025-05-09 22:42:56,151 - INFO - Initializing model...
2025-05-09 22:42:56,153 - INFO - Fitting model...
2025-05-09 22:44:52,630 - INFO - Saved weights to /s/ls4/users/selibrin/spiking_researches/correlation_encoding_and_training/mnist/hpo/shifted_stdp_synapse/hpo_data/hpo_iteration_data/4339489/estimator_1_neuron_0_weights.npy
2025-05-09 22:44:52,630 - INFO - Evaluating model...
2025-05-09 22:47:21,667 - INFO - Saved validation outputs to /s/ls4/users/selibrin/spiking_researches/correlation_encoding_and_training/mnist/hpo/shifted_stdp_synapse/hpo_data/hpo_iteration_data/4339489/estimator_1_neuron_0_validation_outputs.npy
2025-05-09 22:47:21,668 - INFO - Waiting for parameters file: /s/ls4/users/selibrin/spiking_researches/correlation_encoding_and_training/mnist/hpo/shifted_stdp_synapse/hpo_data/hpo_iteration_data/4339489/params_1_0.pkl
2025-05-09 22:48:26,760 - INFO - Loaded HPO parameters
2025-05-09 22:48:26,761 - INFO - Preparing datasets...
2025-05-09 22:48:29,960 - INFO - Prepared datasets: 582 train & 1000 validation samples
2025-05-09 22:48:29,960 - INFO - Initializing model...
2025-05-09 22:48:29,962 - INFO - Fitting model...
2025-05-09 22:50:08,965 - INFO - Saved weights to /s/ls4/users/selibrin/spiking_researches/correlation_encoding_and_training/mnist/hpo/shifted_stdp_synapse/hpo_data/hpo_iteration_data/4339489/estimator_1_neuron_0_weights.npy
2025-05-09 22:50:08,965 - INFO - Evaluating model...
2025-05-09 22:52:51,861 - INFO - Saved validation outputs to /s/ls4/users/selibrin/spiking_researches/correlation_encoding_and_training/mnist/hpo/shifted_stdp_synapse/hpo_data/hpo_iteration_data/4339489/estimator_1_neuron_0_validation_outputs.npy
2025-05-09 22:52:51,861 - INFO - Waiting for parameters file: /s/ls4/users/selibrin/spiking_researches/correlation_encoding_and_training/mnist/hpo/shifted_stdp_synapse/hpo_data/hpo_iteration_data/4339489/params_1_0.pkl
2025-05-09 22:54:01,939 - INFO - Loaded HPO parameters
2025-05-09 22:54:01,939 - INFO - Preparing datasets...
2025-05-09 22:54:04,942 - INFO - Prepared datasets: 291 train & 1000 validation samples
2025-05-09 22:54:04,942 - INFO - Initializing model...
2025-05-09 22:54:04,945 - INFO - Fitting model...
2025-05-09 22:54:51,263 - INFO - Saved weights to /s/ls4/users/selibrin/spiking_researches/correlation_encoding_and_training/mnist/hpo/shifted_stdp_synapse/hpo_data/hpo_iteration_data/4339489/estimator_1_neuron_0_weights.npy
2025-05-09 22:54:51,264 - INFO - Evaluating model...
2025-05-09 22:57:15,785 - INFO - Saved validation outputs to /s/ls4/users/selibrin/spiking_researches/correlation_encoding_and_training/mnist/hpo/shifted_stdp_synapse/hpo_data/hpo_iteration_data/4339489/estimator_1_neuron_0_validation_outputs.npy
2025-05-09 22:57:15,785 - INFO - Waiting for parameters file: /s/ls4/users/selibrin/spiking_researches/correlation_encoding_and_training/mnist/hpo/shifted_stdp_synapse/hpo_data/hpo_iteration_data/4339489/params_1_0.pkl
2025-05-09 22:58:05,839 - INFO - Loaded HPO parameters
2025-05-09 22:58:05,839 - INFO - Preparing datasets...
2025-05-09 22:58:09,711 - INFO - Prepared datasets: 1164 train & 1000 validation samples
2025-05-09 22:58:09,711 - INFO - Initializing model...
2025-05-09 22:58:09,713 - INFO - Fitting model...
2025-05-09 23:01:36,782 - INFO - Saved weights to /s/ls4/users/selibrin/spiking_researches/correlation_encoding_and_training/mnist/hpo/shifted_stdp_synapse/hpo_data/hpo_iteration_data/4339489/estimator_1_neuron_0_weights.npy
2025-05-09 23:01:36,782 - INFO - Evaluating model...
2025-05-09 23:04:04,600 - INFO - Saved validation outputs to /s/ls4/users/selibrin/spiking_researches/correlation_encoding_and_training/mnist/hpo/shifted_stdp_synapse/hpo_data/hpo_iteration_data/4339489/estimator_1_neuron_0_validation_outputs.npy
2025-05-09 23:04:04,600 - INFO - Waiting for parameters file: /s/ls4/users/selibrin/spiking_researches/correlation_encoding_and_training/mnist/hpo/shifted_stdp_synapse/hpo_data/hpo_iteration_data/4339489/params_1_0.pkl
2025-05-09 23:05:09,674 - INFO - Loaded HPO parameters
2025-05-09 23:05:09,674 - INFO - Preparing datasets...
2025-05-09 23:05:12,899 - INFO - Prepared datasets: 1164 train & 1000 validation samples
2025-05-09 23:05:12,900 - INFO - Initializing model...
2025-05-09 23:05:12,902 - INFO - Fitting model...
2025-05-09 23:08:18,691 - INFO - Saved weights to /s/ls4/users/selibrin/spiking_researches/correlation_encoding_and_training/mnist/hpo/shifted_stdp_synapse/hpo_data/hpo_iteration_data/4339489/estimator_1_neuron_0_weights.npy
2025-05-09 23:08:18,691 - INFO - Evaluating model...
2025-05-09 23:10:50,149 - INFO - Saved validation outputs to /s/ls4/users/selibrin/spiking_researches/correlation_encoding_and_training/mnist/hpo/shifted_stdp_synapse/hpo_data/hpo_iteration_data/4339489/estimator_1_neuron_0_validation_outputs.npy
2025-05-09 23:10:50,149 - INFO - Waiting for parameters file: /s/ls4/users/selibrin/spiking_researches/correlation_encoding_and_training/mnist/hpo/shifted_stdp_synapse/hpo_data/hpo_iteration_data/4339489/params_1_0.pkl
2025-05-09 23:11:40,205 - INFO - Loaded HPO parameters
2025-05-09 23:11:40,205 - INFO - Preparing datasets...
2025-05-09 23:11:44,100 - INFO - Prepared datasets: 291 train & 1000 validation samples
2025-05-09 23:11:44,100 - INFO - Initializing model...
2025-05-09 23:11:44,103 - INFO - Fitting model...
2025-05-09 23:12:39,609 - INFO - Saved weights to /s/ls4/users/selibrin/spiking_researches/correlation_encoding_and_training/mnist/hpo/shifted_stdp_synapse/hpo_data/hpo_iteration_data/4339489/estimator_1_neuron_0_weights.npy
2025-05-09 23:12:39,609 - INFO - Evaluating model...
2025-05-09 23:15:19,582 - INFO - Saved validation outputs to /s/ls4/users/selibrin/spiking_researches/correlation_encoding_and_training/mnist/hpo/shifted_stdp_synapse/hpo_data/hpo_iteration_data/4339489/estimator_1_neuron_0_validation_outputs.npy
2025-05-09 23:15:19,582 - INFO - Waiting for parameters file: /s/ls4/users/selibrin/spiking_researches/correlation_encoding_and_training/mnist/hpo/shifted_stdp_synapse/hpo_data/hpo_iteration_data/4339489/params_1_0.pkl
2025-05-09 23:15:49,619 - INFO - Loaded HPO parameters
2025-05-09 23:15:49,619 - INFO - Preparing datasets...
2025-05-09 23:15:53,057 - INFO - Prepared datasets: 1164 train & 1000 validation samples
2025-05-09 23:15:53,057 - INFO - Initializing model...
2025-05-09 23:15:53,059 - INFO - Fitting model...
2025-05-09 23:20:01,570 - INFO - Saved weights to /s/ls4/users/selibrin/spiking_researches/correlation_encoding_and_training/mnist/hpo/shifted_stdp_synapse/hpo_data/hpo_iteration_data/4339489/estimator_1_neuron_0_weights.npy
2025-05-09 23:20:01,571 - INFO - Evaluating model...
2025-05-09 23:22:56,481 - INFO - Saved validation outputs to /s/ls4/users/selibrin/spiking_researches/correlation_encoding_and_training/mnist/hpo/shifted_stdp_synapse/hpo_data/hpo_iteration_data/4339489/estimator_1_neuron_0_validation_outputs.npy
2025-05-09 23:22:56,482 - INFO - Waiting for parameters file: /s/ls4/users/selibrin/spiking_researches/correlation_encoding_and_training/mnist/hpo/shifted_stdp_synapse/hpo_data/hpo_iteration_data/4339489/params_1_0.pkl
2025-05-09 23:23:51,545 - INFO - Loaded HPO parameters
2025-05-09 23:23:51,546 - INFO - Preparing datasets...
2025-05-09 23:23:54,687 - INFO - Prepared datasets: 1164 train & 1000 validation samples
2025-05-09 23:23:54,687 - INFO - Initializing model...
2025-05-09 23:23:54,692 - INFO - Fitting model...
2025-05-09 23:27:45,814 - INFO - Saved weights to /s/ls4/users/selibrin/spiking_researches/correlation_encoding_and_training/mnist/hpo/shifted_stdp_synapse/hpo_data/hpo_iteration_data/4339489/estimator_1_neuron_0_weights.npy
2025-05-09 23:27:45,814 - INFO - Evaluating model...
2025-05-09 23:30:14,394 - INFO - Saved validation outputs to /s/ls4/users/selibrin/spiking_researches/correlation_encoding_and_training/mnist/hpo/shifted_stdp_synapse/hpo_data/hpo_iteration_data/4339489/estimator_1_neuron_0_validation_outputs.npy
2025-05-09 23:30:14,394 - INFO - Waiting for parameters file: /s/ls4/users/selibrin/spiking_researches/correlation_encoding_and_training/mnist/hpo/shifted_stdp_synapse/hpo_data/hpo_iteration_data/4339489/params_1_0.pkl
2025-05-09 23:30:59,445 - INFO - Loaded HPO parameters
2025-05-09 23:30:59,445 - INFO - Preparing datasets...
2025-05-09 23:31:04,836 - INFO - Prepared datasets: 291 train & 1000 validation samples
2025-05-09 23:31:04,836 - INFO - Initializing model...
2025-05-09 23:31:04,840 - INFO - Fitting model...
2025-05-09 23:32:13,399 - INFO - Saved weights to /s/ls4/users/selibrin/spiking_researches/correlation_encoding_and_training/mnist/hpo/shifted_stdp_synapse/hpo_data/hpo_iteration_data/4339489/estimator_1_neuron_0_weights.npy
2025-05-09 23:32:13,399 - INFO - Evaluating model...
2025-05-09 23:34:56,034 - INFO - Saved validation outputs to /s/ls4/users/selibrin/spiking_researches/correlation_encoding_and_training/mnist/hpo/shifted_stdp_synapse/hpo_data/hpo_iteration_data/4339489/estimator_1_neuron_0_validation_outputs.npy
2025-05-09 23:34:56,034 - INFO - Waiting for parameters file: /s/ls4/users/selibrin/spiking_researches/correlation_encoding_and_training/mnist/hpo/shifted_stdp_synapse/hpo_data/hpo_iteration_data/4339489/params_1_0.pkl
2025-05-09 23:35:36,082 - INFO - Loaded HPO parameters
2025-05-09 23:35:36,082 - INFO - Preparing datasets...
2025-05-09 23:35:39,795 - INFO - Prepared datasets: 1164 train & 1000 validation samples
2025-05-09 23:35:39,796 - INFO - Initializing model...
2025-05-09 23:35:39,800 - INFO - Fitting model...
2025-05-09 23:39:41,478 - INFO - Saved weights to /s/ls4/users/selibrin/spiking_researches/correlation_encoding_and_training/mnist/hpo/shifted_stdp_synapse/hpo_data/hpo_iteration_data/4339489/estimator_1_neuron_0_weights.npy
2025-05-09 23:39:41,479 - INFO - Evaluating model...
2025-05-09 23:42:39,798 - INFO - Saved validation outputs to /s/ls4/users/selibrin/spiking_researches/correlation_encoding_and_training/mnist/hpo/shifted_stdp_synapse/hpo_data/hpo_iteration_data/4339489/estimator_1_neuron_0_validation_outputs.npy
2025-05-09 23:42:39,798 - INFO - Waiting for parameters file: /s/ls4/users/selibrin/spiking_researches/correlation_encoding_and_training/mnist/hpo/shifted_stdp_synapse/hpo_data/hpo_iteration_data/4339489/params_1_0.pkl
2025-05-09 23:43:39,900 - INFO - Loaded HPO parameters
2025-05-09 23:43:39,900 - INFO - Preparing datasets...
2025-05-09 23:43:43,302 - INFO - Prepared datasets: 291 train & 1000 validation samples
2025-05-09 23:43:43,302 - INFO - Initializing model...
2025-05-09 23:43:43,305 - INFO - Fitting model...
2025-05-09 23:44:31,973 - INFO - Saved weights to /s/ls4/users/selibrin/spiking_researches/correlation_encoding_and_training/mnist/hpo/shifted_stdp_synapse/hpo_data/hpo_iteration_data/4339489/estimator_1_neuron_0_weights.npy
2025-05-09 23:44:31,973 - INFO - Evaluating model...
2025-05-09 23:47:17,954 - INFO - Saved validation outputs to /s/ls4/users/selibrin/spiking_researches/correlation_encoding_and_training/mnist/hpo/shifted_stdp_synapse/hpo_data/hpo_iteration_data/4339489/estimator_1_neuron_0_validation_outputs.npy
2025-05-09 23:47:17,955 - INFO - Waiting for parameters file: /s/ls4/users/selibrin/spiking_researches/correlation_encoding_and_training/mnist/hpo/shifted_stdp_synapse/hpo_data/hpo_iteration_data/4339489/params_1_0.pkl
2025-05-09 23:48:18,024 - INFO - Loaded HPO parameters
2025-05-09 23:48:18,024 - INFO - Preparing datasets...
2025-05-09 23:48:21,819 - INFO - Prepared datasets: 582 train & 1000 validation samples
2025-05-09 23:48:21,820 - INFO - Initializing model...
2025-05-09 23:48:21,823 - INFO - Fitting model...
2025-05-09 23:50:03,406 - INFO - Saved weights to /s/ls4/users/selibrin/spiking_researches/correlation_encoding_and_training/mnist/hpo/shifted_stdp_synapse/hpo_data/hpo_iteration_data/4339489/estimator_1_neuron_0_weights.npy
2025-05-09 23:50:03,406 - INFO - Evaluating model...
2025-05-09 23:53:01,259 - INFO - Saved validation outputs to /s/ls4/users/selibrin/spiking_researches/correlation_encoding_and_training/mnist/hpo/shifted_stdp_synapse/hpo_data/hpo_iteration_data/4339489/estimator_1_neuron_0_validation_outputs.npy
2025-05-09 23:53:01,259 - INFO - Waiting for parameters file: /s/ls4/users/selibrin/spiking_researches/correlation_encoding_and_training/mnist/hpo/shifted_stdp_synapse/hpo_data/hpo_iteration_data/4339489/params_1_0.pkl
2025-05-09 23:53:21,298 - INFO - Loaded HPO parameters
2025-05-09 23:53:21,298 - INFO - Preparing datasets...
2025-05-09 23:53:25,013 - INFO - Prepared datasets: 582 train & 1000 validation samples
2025-05-09 23:53:25,014 - INFO - Initializing model...
2025-05-09 23:53:25,016 - INFO - Fitting model...
2025-05-09 23:55:21,403 - INFO - Saved weights to /s/ls4/users/selibrin/spiking_researches/correlation_encoding_and_training/mnist/hpo/shifted_stdp_synapse/hpo_data/hpo_iteration_data/4339489/estimator_1_neuron_0_weights.npy
2025-05-09 23:55:21,404 - INFO - Evaluating model...
2025-05-09 23:57:49,960 - INFO - Saved validation outputs to /s/ls4/users/selibrin/spiking_researches/correlation_encoding_and_training/mnist/hpo/shifted_stdp_synapse/hpo_data/hpo_iteration_data/4339489/estimator_1_neuron_0_validation_outputs.npy
2025-05-09 23:57:49,960 - INFO - Waiting for parameters file: /s/ls4/users/selibrin/spiking_researches/correlation_encoding_and_training/mnist/hpo/shifted_stdp_synapse/hpo_data/hpo_iteration_data/4339489/params_1_0.pkl
2025-05-09 23:58:30,007 - INFO - Loaded HPO parameters
2025-05-09 23:58:30,007 - INFO - Preparing datasets...
2025-05-09 23:58:34,520 - INFO - Prepared datasets: 1164 train & 1000 validation samples
2025-05-09 23:58:34,520 - INFO - Initializing model...
2025-05-09 23:58:34,523 - INFO - Fitting model...
2025-05-10 00:02:08,637 - INFO - Saved weights to /s/ls4/users/selibrin/spiking_researches/correlation_encoding_and_training/mnist/hpo/shifted_stdp_synapse/hpo_data/hpo_iteration_data/4339489/estimator_1_neuron_0_weights.npy
2025-05-10 00:02:08,637 - INFO - Evaluating model...
2025-05-10 00:04:37,859 - INFO - Saved validation outputs to /s/ls4/users/selibrin/spiking_researches/correlation_encoding_and_training/mnist/hpo/shifted_stdp_synapse/hpo_data/hpo_iteration_data/4339489/estimator_1_neuron_0_validation_outputs.npy
2025-05-10 00:04:37,859 - INFO - Waiting for parameters file: /s/ls4/users/selibrin/spiking_researches/correlation_encoding_and_training/mnist/hpo/shifted_stdp_synapse/hpo_data/hpo_iteration_data/4339489/params_1_0.pkl
2025-05-10 00:05:32,927 - INFO - Loaded HPO parameters
2025-05-10 00:05:32,927 - INFO - Preparing datasets...
2025-05-10 00:05:37,572 - INFO - Prepared datasets: 1164 train & 1000 validation samples
2025-05-10 00:05:37,573 - INFO - Initializing model...
2025-05-10 00:05:37,575 - INFO - Fitting model...
2025-05-10 00:09:35,626 - INFO - Saved weights to /s/ls4/users/selibrin/spiking_researches/correlation_encoding_and_training/mnist/hpo/shifted_stdp_synapse/hpo_data/hpo_iteration_data/4339489/estimator_1_neuron_0_weights.npy
2025-05-10 00:09:35,626 - INFO - Evaluating model...
2025-05-10 00:12:13,821 - INFO - Saved validation outputs to /s/ls4/users/selibrin/spiking_researches/correlation_encoding_and_training/mnist/hpo/shifted_stdp_synapse/hpo_data/hpo_iteration_data/4339489/estimator_1_neuron_0_validation_outputs.npy
2025-05-10 00:12:13,821 - INFO - Waiting for parameters file: /s/ls4/users/selibrin/spiking_researches/correlation_encoding_and_training/mnist/hpo/shifted_stdp_synapse/hpo_data/hpo_iteration_data/4339489/params_1_0.pkl
2025-05-10 00:12:43,857 - INFO - Loaded HPO parameters
2025-05-10 00:12:43,857 - INFO - Preparing datasets...
2025-05-10 00:12:48,820 - INFO - Prepared datasets: 291 train & 1000 validation samples
2025-05-10 00:12:48,820 - INFO - Initializing model...
2025-05-10 00:12:48,823 - INFO - Fitting model...
2025-05-10 00:13:45,232 - INFO - Saved weights to /s/ls4/users/selibrin/spiking_researches/correlation_encoding_and_training/mnist/hpo/shifted_stdp_synapse/hpo_data/hpo_iteration_data/4339489/estimator_1_neuron_0_weights.npy
2025-05-10 00:13:45,232 - INFO - Evaluating model...
2025-05-10 00:16:24,737 - INFO - Saved validation outputs to /s/ls4/users/selibrin/spiking_researches/correlation_encoding_and_training/mnist/hpo/shifted_stdp_synapse/hpo_data/hpo_iteration_data/4339489/estimator_1_neuron_0_validation_outputs.npy
2025-05-10 00:16:24,738 - INFO - Waiting for parameters file: /s/ls4/users/selibrin/spiking_researches/correlation_encoding_and_training/mnist/hpo/shifted_stdp_synapse/hpo_data/hpo_iteration_data/4339489/params_1_0.pkl
2025-05-10 00:17:19,800 - INFO - Loaded HPO parameters
2025-05-10 00:17:19,801 - INFO - Preparing datasets...
2025-05-10 00:17:24,004 - INFO - Prepared datasets: 291 train & 1000 validation samples
2025-05-10 00:17:24,005 - INFO - Initializing model...
2025-05-10 00:17:24,009 - INFO - Fitting model...
2025-05-10 00:18:30,573 - INFO - Saved weights to /s/ls4/users/selibrin/spiking_researches/correlation_encoding_and_training/mnist/hpo/shifted_stdp_synapse/hpo_data/hpo_iteration_data/4339489/estimator_1_neuron_0_weights.npy
2025-05-10 00:18:30,573 - INFO - Evaluating model...
2025-05-10 00:20:52,804 - INFO - Saved validation outputs to /s/ls4/users/selibrin/spiking_researches/correlation_encoding_and_training/mnist/hpo/shifted_stdp_synapse/hpo_data/hpo_iteration_data/4339489/estimator_1_neuron_0_validation_outputs.npy
2025-05-10 00:20:52,804 - INFO - Waiting for parameters file: /s/ls4/users/selibrin/spiking_researches/correlation_encoding_and_training/mnist/hpo/shifted_stdp_synapse/hpo_data/hpo_iteration_data/4339489/params_1_0.pkl
2025-05-10 00:21:52,873 - INFO - Loaded HPO parameters
2025-05-10 00:21:52,873 - INFO - Preparing datasets...
2025-05-10 00:21:55,995 - INFO - Prepared datasets: 582 train & 1000 validation samples
2025-05-10 00:21:55,995 - INFO - Initializing model...
2025-05-10 00:21:55,997 - INFO - Fitting model...
2025-05-10 00:23:43,551 - INFO - Saved weights to /s/ls4/users/selibrin/spiking_researches/correlation_encoding_and_training/mnist/hpo/shifted_stdp_synapse/hpo_data/hpo_iteration_data/4339489/estimator_1_neuron_0_weights.npy
2025-05-10 00:23:43,551 - INFO - Evaluating model...
2025-05-10 00:26:18,533 - INFO - Saved validation outputs to /s/ls4/users/selibrin/spiking_researches/correlation_encoding_and_training/mnist/hpo/shifted_stdp_synapse/hpo_data/hpo_iteration_data/4339489/estimator_1_neuron_0_validation_outputs.npy
2025-05-10 00:26:18,533 - INFO - Waiting for parameters file: /s/ls4/users/selibrin/spiking_researches/correlation_encoding_and_training/mnist/hpo/shifted_stdp_synapse/hpo_data/hpo_iteration_data/4339489/params_1_0.pkl
2025-05-10 00:26:58,580 - INFO - Loaded HPO parameters
2025-05-10 00:26:58,580 - INFO - Preparing datasets...
2025-05-10 00:27:01,703 - INFO - Prepared datasets: 582 train & 1000 validation samples
2025-05-10 00:27:01,703 - INFO - Initializing model...
2025-05-10 00:27:01,705 - INFO - Fitting model...
2025-05-10 00:28:33,071 - INFO - Saved weights to /s/ls4/users/selibrin/spiking_researches/correlation_encoding_and_training/mnist/hpo/shifted_stdp_synapse/hpo_data/hpo_iteration_data/4339489/estimator_1_neuron_0_weights.npy
2025-05-10 00:28:33,072 - INFO - Evaluating model...
2025-05-10 00:31:00,646 - INFO - Saved validation outputs to /s/ls4/users/selibrin/spiking_researches/correlation_encoding_and_training/mnist/hpo/shifted_stdp_synapse/hpo_data/hpo_iteration_data/4339489/estimator_1_neuron_0_validation_outputs.npy
2025-05-10 00:31:00,646 - INFO - Waiting for parameters file: /s/ls4/users/selibrin/spiking_researches/correlation_encoding_and_training/mnist/hpo/shifted_stdp_synapse/hpo_data/hpo_iteration_data/4339489/params_1_0.pkl
2025-05-10 00:32:05,721 - INFO - Loaded HPO parameters
2025-05-10 00:32:05,721 - INFO - Preparing datasets...
2025-05-10 00:32:08,697 - INFO - Prepared datasets: 582 train & 1000 validation samples
2025-05-10 00:32:08,697 - INFO - Initializing model...
2025-05-10 00:32:08,801 - INFO - Fitting model...
2025-05-10 00:33:42,458 - INFO - Saved weights to /s/ls4/users/selibrin/spiking_researches/correlation_encoding_and_training/mnist/hpo/shifted_stdp_synapse/hpo_data/hpo_iteration_data/4339489/estimator_1_neuron_0_weights.npy
2025-05-10 00:33:42,458 - INFO - Evaluating model...
2025-05-10 00:36:12,493 - INFO - Saved validation outputs to /s/ls4/users/selibrin/spiking_researches/correlation_encoding_and_training/mnist/hpo/shifted_stdp_synapse/hpo_data/hpo_iteration_data/4339489/estimator_1_neuron_0_validation_outputs.npy
2025-05-10 00:36:12,493 - INFO - Waiting for parameters file: /s/ls4/users/selibrin/spiking_researches/correlation_encoding_and_training/mnist/hpo/shifted_stdp_synapse/hpo_data/hpo_iteration_data/4339489/params_1_0.pkl
2025-05-10 00:37:12,563 - INFO - Loaded HPO parameters
2025-05-10 00:37:12,563 - INFO - Preparing datasets...
2025-05-10 00:37:16,489 - INFO - Prepared datasets: 582 train & 1000 validation samples
2025-05-10 00:37:16,489 - INFO - Initializing model...
2025-05-10 00:37:16,491 - INFO - Fitting model...
2025-05-10 00:38:47,959 - INFO - Saved weights to /s/ls4/users/selibrin/spiking_researches/correlation_encoding_and_training/mnist/hpo/shifted_stdp_synapse/hpo_data/hpo_iteration_data/4339489/estimator_1_neuron_0_weights.npy
2025-05-10 00:38:47,959 - INFO - Evaluating model...
2025-05-10 00:41:01,830 - INFO - Saved validation outputs to /s/ls4/users/selibrin/spiking_researches/correlation_encoding_and_training/mnist/hpo/shifted_stdp_synapse/hpo_data/hpo_iteration_data/4339489/estimator_1_neuron_0_validation_outputs.npy
2025-05-10 00:41:01,830 - INFO - Waiting for parameters file: /s/ls4/users/selibrin/spiking_researches/correlation_encoding_and_training/mnist/hpo/shifted_stdp_synapse/hpo_data/hpo_iteration_data/4339489/params_1_0.pkl
2025-05-10 00:42:21,920 - INFO - Loaded HPO parameters
2025-05-10 00:42:21,920 - INFO - Preparing datasets...
2025-05-10 00:42:26,491 - INFO - Prepared datasets: 582 train & 1000 validation samples
2025-05-10 00:42:26,491 - INFO - Initializing model...
2025-05-10 00:42:26,494 - INFO - Fitting model...
2025-05-10 00:44:03,463 - INFO - Saved weights to /s/ls4/users/selibrin/spiking_researches/correlation_encoding_and_training/mnist/hpo/shifted_stdp_synapse/hpo_data/hpo_iteration_data/4339489/estimator_1_neuron_0_weights.npy
2025-05-10 00:44:03,463 - INFO - Evaluating model...
2025-05-10 00:46:48,468 - INFO - Saved validation outputs to /s/ls4/users/selibrin/spiking_researches/correlation_encoding_and_training/mnist/hpo/shifted_stdp_synapse/hpo_data/hpo_iteration_data/4339489/estimator_1_neuron_0_validation_outputs.npy
2025-05-10 00:46:48,468 - INFO - Waiting for parameters file: /s/ls4/users/selibrin/spiking_researches/correlation_encoding_and_training/mnist/hpo/shifted_stdp_synapse/hpo_data/hpo_iteration_data/4339489/params_1_0.pkl
2025-05-10 00:47:23,510 - INFO - Loaded HPO parameters
2025-05-10 00:47:23,510 - INFO - Preparing datasets...
2025-05-10 00:47:26,624 - INFO - Prepared datasets: 582 train & 1000 validation samples
2025-05-10 00:47:26,625 - INFO - Initializing model...
2025-05-10 00:47:26,627 - INFO - Fitting model...
2025-05-10 00:49:18,826 - INFO - Saved weights to /s/ls4/users/selibrin/spiking_researches/correlation_encoding_and_training/mnist/hpo/shifted_stdp_synapse/hpo_data/hpo_iteration_data/4339489/estimator_1_neuron_0_weights.npy
2025-05-10 00:49:18,826 - INFO - Evaluating model...
2025-05-10 00:51:40,638 - INFO - Saved validation outputs to /s/ls4/users/selibrin/spiking_researches/correlation_encoding_and_training/mnist/hpo/shifted_stdp_synapse/hpo_data/hpo_iteration_data/4339489/estimator_1_neuron_0_validation_outputs.npy
2025-05-10 00:51:40,639 - INFO - Waiting for parameters file: /s/ls4/users/selibrin/spiking_researches/correlation_encoding_and_training/mnist/hpo/shifted_stdp_synapse/hpo_data/hpo_iteration_data/4339489/params_1_0.pkl
2025-05-10 00:52:30,697 - INFO - Loaded HPO parameters
2025-05-10 00:52:30,697 - INFO - Preparing datasets...
2025-05-10 00:52:34,183 - INFO - Prepared datasets: 582 train & 1000 validation samples
2025-05-10 00:52:34,183 - INFO - Initializing model...
2025-05-10 00:52:34,185 - INFO - Fitting model...
2025-05-10 00:54:07,916 - INFO - Saved weights to /s/ls4/users/selibrin/spiking_researches/correlation_encoding_and_training/mnist/hpo/shifted_stdp_synapse/hpo_data/hpo_iteration_data/4339489/estimator_1_neuron_0_weights.npy
2025-05-10 00:54:07,917 - INFO - Evaluating model...
2025-05-10 00:56:39,701 - INFO - Saved validation outputs to /s/ls4/users/selibrin/spiking_researches/correlation_encoding_and_training/mnist/hpo/shifted_stdp_synapse/hpo_data/hpo_iteration_data/4339489/estimator_1_neuron_0_validation_outputs.npy
2025-05-10 00:56:39,701 - INFO - Waiting for parameters file: /s/ls4/users/selibrin/spiking_researches/correlation_encoding_and_training/mnist/hpo/shifted_stdp_synapse/hpo_data/hpo_iteration_data/4339489/params_1_0.pkl
2025-05-10 00:57:39,840 - INFO - Loaded HPO parameters
2025-05-10 00:57:39,840 - INFO - Preparing datasets...
2025-05-10 00:57:44,747 - INFO - Prepared datasets: 582 train & 1000 validation samples
2025-05-10 00:57:44,747 - INFO - Initializing model...
2025-05-10 00:57:44,750 - INFO - Fitting model...
2025-05-10 00:59:24,354 - INFO - Saved weights to /s/ls4/users/selibrin/spiking_researches/correlation_encoding_and_training/mnist/hpo/shifted_stdp_synapse/hpo_data/hpo_iteration_data/4339489/estimator_1_neuron_0_weights.npy
2025-05-10 00:59:24,354 - INFO - Evaluating model...
2025-05-10 01:01:40,782 - INFO - Saved validation outputs to /s/ls4/users/selibrin/spiking_researches/correlation_encoding_and_training/mnist/hpo/shifted_stdp_synapse/hpo_data/hpo_iteration_data/4339489/estimator_1_neuron_0_validation_outputs.npy
2025-05-10 01:01:40,782 - INFO - Waiting for parameters file: /s/ls4/users/selibrin/spiking_researches/correlation_encoding_and_training/mnist/hpo/shifted_stdp_synapse/hpo_data/hpo_iteration_data/4339489/params_1_0.pkl
2025-05-10 01:02:45,852 - INFO - Loaded HPO parameters
2025-05-10 01:02:45,852 - INFO - Preparing datasets...
2025-05-10 01:02:49,822 - INFO - Prepared datasets: 582 train & 1000 validation samples
2025-05-10 01:02:49,822 - INFO - Initializing model...
2025-05-10 01:02:49,824 - INFO - Fitting model...
2025-05-10 01:04:32,141 - INFO - Saved weights to /s/ls4/users/selibrin/spiking_researches/correlation_encoding_and_training/mnist/hpo/shifted_stdp_synapse/hpo_data/hpo_iteration_data/4339489/estimator_1_neuron_0_weights.npy
2025-05-10 01:04:32,141 - INFO - Evaluating model...
2025-05-10 01:06:52,012 - INFO - Saved validation outputs to /s/ls4/users/selibrin/spiking_researches/correlation_encoding_and_training/mnist/hpo/shifted_stdp_synapse/hpo_data/hpo_iteration_data/4339489/estimator_1_neuron_0_validation_outputs.npy
2025-05-10 01:06:52,012 - INFO - Waiting for parameters file: /s/ls4/users/selibrin/spiking_researches/correlation_encoding_and_training/mnist/hpo/shifted_stdp_synapse/hpo_data/hpo_iteration_data/4339489/params_1_0.pkl
2025-05-10 01:07:52,082 - INFO - Loaded HPO parameters
2025-05-10 01:07:52,082 - INFO - Preparing datasets...
2025-05-10 01:07:55,878 - INFO - Prepared datasets: 582 train & 1000 validation samples
2025-05-10 01:07:55,879 - INFO - Initializing model...
2025-05-10 01:07:55,882 - INFO - Fitting model...
2025-05-10 01:09:32,671 - INFO - Saved weights to /s/ls4/users/selibrin/spiking_researches/correlation_encoding_and_training/mnist/hpo/shifted_stdp_synapse/hpo_data/hpo_iteration_data/4339489/estimator_1_neuron_0_weights.npy
2025-05-10 01:09:32,671 - INFO - Evaluating model...
2025-05-10 01:12:09,163 - INFO - Saved validation outputs to /s/ls4/users/selibrin/spiking_researches/correlation_encoding_and_training/mnist/hpo/shifted_stdp_synapse/hpo_data/hpo_iteration_data/4339489/estimator_1_neuron_0_validation_outputs.npy
2025-05-10 01:12:09,163 - INFO - Waiting for parameters file: /s/ls4/users/selibrin/spiking_researches/correlation_encoding_and_training/mnist/hpo/shifted_stdp_synapse/hpo_data/hpo_iteration_data/4339489/params_1_0.pkl
2025-05-10 01:13:29,250 - INFO - Loaded HPO parameters
2025-05-10 01:13:29,250 - INFO - Preparing datasets...
2025-05-10 01:13:33,941 - INFO - Prepared datasets: 582 train & 1000 validation samples
2025-05-10 01:13:33,941 - INFO - Initializing model...
2025-05-10 01:13:33,945 - INFO - Fitting model...
2025-05-10 01:15:12,689 - INFO - Saved weights to /s/ls4/users/selibrin/spiking_researches/correlation_encoding_and_training/mnist/hpo/shifted_stdp_synapse/hpo_data/hpo_iteration_data/4339489/estimator_1_neuron_0_weights.npy
2025-05-10 01:15:12,689 - INFO - Evaluating model...
2025-05-10 01:17:39,012 - INFO - Saved validation outputs to /s/ls4/users/selibrin/spiking_researches/correlation_encoding_and_training/mnist/hpo/shifted_stdp_synapse/hpo_data/hpo_iteration_data/4339489/estimator_1_neuron_0_validation_outputs.npy
2025-05-10 01:17:39,012 - INFO - Waiting for parameters file: /s/ls4/users/selibrin/spiking_researches/correlation_encoding_and_training/mnist/hpo/shifted_stdp_synapse/hpo_data/hpo_iteration_data/4339489/params_1_0.pkl
2025-05-10 01:18:34,074 - INFO - Loaded HPO parameters
2025-05-10 01:18:34,074 - INFO - Preparing datasets...
2025-05-10 01:18:37,206 - INFO - Prepared datasets: 582 train & 1000 validation samples
2025-05-10 01:18:37,206 - INFO - Initializing model...
2025-05-10 01:18:37,209 - INFO - Fitting model...
2025-05-10 01:20:32,135 - INFO - Saved weights to /s/ls4/users/selibrin/spiking_researches/correlation_encoding_and_training/mnist/hpo/shifted_stdp_synapse/hpo_data/hpo_iteration_data/4339489/estimator_1_neuron_0_weights.npy
2025-05-10 01:20:32,135 - INFO - Evaluating model...
2025-05-10 01:23:12,048 - INFO - Saved validation outputs to /s/ls4/users/selibrin/spiking_researches/correlation_encoding_and_training/mnist/hpo/shifted_stdp_synapse/hpo_data/hpo_iteration_data/4339489/estimator_1_neuron_0_validation_outputs.npy
2025-05-10 01:23:12,048 - INFO - Waiting for parameters file: /s/ls4/users/selibrin/spiking_researches/correlation_encoding_and_training/mnist/hpo/shifted_stdp_synapse/hpo_data/hpo_iteration_data/4339489/params_1_0.pkl
2025-05-10 01:24:12,116 - INFO - Loaded HPO parameters
2025-05-10 01:24:12,116 - INFO - Preparing datasets...
2025-05-10 01:24:15,295 - INFO - Prepared datasets: 582 train & 1000 validation samples
2025-05-10 01:24:15,296 - INFO - Initializing model...
2025-05-10 01:24:15,298 - INFO - Fitting model...
2025-05-10 01:26:03,400 - INFO - Saved weights to /s/ls4/users/selibrin/spiking_researches/correlation_encoding_and_training/mnist/hpo/shifted_stdp_synapse/hpo_data/hpo_iteration_data/4339489/estimator_1_neuron_0_weights.npy
2025-05-10 01:26:03,400 - INFO - Evaluating model...
2025-05-10 01:28:40,690 - INFO - Saved validation outputs to /s/ls4/users/selibrin/spiking_researches/correlation_encoding_and_training/mnist/hpo/shifted_stdp_synapse/hpo_data/hpo_iteration_data/4339489/estimator_1_neuron_0_validation_outputs.npy
2025-05-10 01:28:40,690 - INFO - Waiting for parameters file: /s/ls4/users/selibrin/spiking_researches/correlation_encoding_and_training/mnist/hpo/shifted_stdp_synapse/hpo_data/hpo_iteration_data/4339489/params_1_0.pkl
2025-05-10 01:29:50,768 - INFO - Loaded HPO parameters
2025-05-10 01:29:50,768 - INFO - Preparing datasets...
2025-05-10 01:29:54,779 - INFO - Prepared datasets: 582 train & 1000 validation samples
2025-05-10 01:29:54,780 - INFO - Initializing model...
2025-05-10 01:29:54,782 - INFO - Fitting model...
2025-05-10 01:31:28,939 - INFO - Saved weights to /s/ls4/users/selibrin/spiking_researches/correlation_encoding_and_training/mnist/hpo/shifted_stdp_synapse/hpo_data/hpo_iteration_data/4339489/estimator_1_neuron_0_weights.npy
2025-05-10 01:31:28,939 - INFO - Evaluating model...
2025-05-10 01:34:20,944 - INFO - Saved validation outputs to /s/ls4/users/selibrin/spiking_researches/correlation_encoding_and_training/mnist/hpo/shifted_stdp_synapse/hpo_data/hpo_iteration_data/4339489/estimator_1_neuron_0_validation_outputs.npy
2025-05-10 01:34:20,945 - INFO - Waiting for parameters file: /s/ls4/users/selibrin/spiking_researches/correlation_encoding_and_training/mnist/hpo/shifted_stdp_synapse/hpo_data/hpo_iteration_data/4339489/params_1_0.pkl
2025-05-10 01:35:26,017 - INFO - Loaded HPO parameters
2025-05-10 01:35:26,018 - INFO - Preparing datasets...
2025-05-10 01:35:31,015 - INFO - Prepared datasets: 582 train & 1000 validation samples
2025-05-10 01:35:31,015 - INFO - Initializing model...
2025-05-10 01:35:31,018 - INFO - Fitting model...
2025-05-10 01:37:09,253 - INFO - Saved weights to /s/ls4/users/selibrin/spiking_researches/correlation_encoding_and_training/mnist/hpo/shifted_stdp_synapse/hpo_data/hpo_iteration_data/4339489/estimator_1_neuron_0_weights.npy
2025-05-10 01:37:09,254 - INFO - Evaluating model...
2025-05-10 01:39:51,624 - INFO - Saved validation outputs to /s/ls4/users/selibrin/spiking_researches/correlation_encoding_and_training/mnist/hpo/shifted_stdp_synapse/hpo_data/hpo_iteration_data/4339489/estimator_1_neuron_0_validation_outputs.npy
2025-05-10 01:39:51,624 - INFO - Waiting for parameters file: /s/ls4/users/selibrin/spiking_researches/correlation_encoding_and_training/mnist/hpo/shifted_stdp_synapse/hpo_data/hpo_iteration_data/4339489/params_1_0.pkl
2025-05-10 01:40:31,670 - INFO - Loaded HPO parameters
2025-05-10 01:40:31,670 - INFO - Preparing datasets...
2025-05-10 01:40:35,121 - INFO - Prepared datasets: 582 train & 1000 validation samples
2025-05-10 01:40:35,121 - INFO - Initializing model...
2025-05-10 01:40:35,123 - INFO - Fitting model...
2025-05-10 01:42:07,639 - INFO - Saved weights to /s/ls4/users/selibrin/spiking_researches/correlation_encoding_and_training/mnist/hpo/shifted_stdp_synapse/hpo_data/hpo_iteration_data/4339489/estimator_1_neuron_0_weights.npy
2025-05-10 01:42:07,639 - INFO - Evaluating model...
2025-05-10 01:44:55,101 - INFO - Saved validation outputs to /s/ls4/users/selibrin/spiking_researches/correlation_encoding_and_training/mnist/hpo/shifted_stdp_synapse/hpo_data/hpo_iteration_data/4339489/estimator_1_neuron_0_validation_outputs.npy
2025-05-10 01:44:55,101 - INFO - Waiting for parameters file: /s/ls4/users/selibrin/spiking_researches/correlation_encoding_and_training/mnist/hpo/shifted_stdp_synapse/hpo_data/hpo_iteration_data/4339489/params_1_0.pkl
2025-05-10 01:45:35,147 - INFO - Loaded HPO parameters
2025-05-10 01:45:35,147 - INFO - Preparing datasets...
2025-05-10 01:45:38,154 - INFO - Prepared datasets: 582 train & 1000 validation samples
2025-05-10 01:45:38,154 - INFO - Initializing model...
2025-05-10 01:45:38,156 - INFO - Fitting model...
2025-05-10 01:47:36,816 - INFO - Saved weights to /s/ls4/users/selibrin/spiking_researches/correlation_encoding_and_training/mnist/hpo/shifted_stdp_synapse/hpo_data/hpo_iteration_data/4339489/estimator_1_neuron_0_weights.npy
2025-05-10 01:47:36,817 - INFO - Evaluating model...
2025-05-10 01:50:36,082 - INFO - Saved validation outputs to /s/ls4/users/selibrin/spiking_researches/correlation_encoding_and_training/mnist/hpo/shifted_stdp_synapse/hpo_data/hpo_iteration_data/4339489/estimator_1_neuron_0_validation_outputs.npy
2025-05-10 01:50:36,082 - INFO - Waiting for parameters file: /s/ls4/users/selibrin/spiking_researches/correlation_encoding_and_training/mnist/hpo/shifted_stdp_synapse/hpo_data/hpo_iteration_data/4339489/params_1_0.pkl
2025-05-10 01:51:46,161 - INFO - Loaded HPO parameters
2025-05-10 01:51:46,162 - INFO - Preparing datasets...
2025-05-10 01:51:49,330 - INFO - Prepared datasets: 582 train & 1000 validation samples
2025-05-10 01:51:49,330 - INFO - Initializing model...
2025-05-10 01:51:49,332 - INFO - Fitting model...
2025-05-10 01:53:20,727 - INFO - Saved weights to /s/ls4/users/selibrin/spiking_researches/correlation_encoding_and_training/mnist/hpo/shifted_stdp_synapse/hpo_data/hpo_iteration_data/4339489/estimator_1_neuron_0_weights.npy
2025-05-10 01:53:20,727 - INFO - Evaluating model...
2025-05-10 01:55:39,410 - INFO - Saved validation outputs to /s/ls4/users/selibrin/spiking_researches/correlation_encoding_and_training/mnist/hpo/shifted_stdp_synapse/hpo_data/hpo_iteration_data/4339489/estimator_1_neuron_0_validation_outputs.npy
2025-05-10 01:55:39,411 - INFO - Waiting for parameters file: /s/ls4/users/selibrin/spiking_researches/correlation_encoding_and_training/mnist/hpo/shifted_stdp_synapse/hpo_data/hpo_iteration_data/4339489/params_1_0.pkl
2025-05-10 01:56:49,491 - INFO - Loaded HPO parameters
2025-05-10 01:56:49,491 - INFO - Preparing datasets...
2025-05-10 01:56:52,681 - INFO - Prepared datasets: 582 train & 1000 validation samples
2025-05-10 01:56:52,681 - INFO - Initializing model...
2025-05-10 01:56:52,684 - INFO - Fitting model...
2025-05-10 01:58:37,076 - INFO - Saved weights to /s/ls4/users/selibrin/spiking_researches/correlation_encoding_and_training/mnist/hpo/shifted_stdp_synapse/hpo_data/hpo_iteration_data/4339489/estimator_1_neuron_0_weights.npy
2025-05-10 01:58:37,077 - INFO - Evaluating model...
2025-05-10 02:01:14,685 - INFO - Saved validation outputs to /s/ls4/users/selibrin/spiking_researches/correlation_encoding_and_training/mnist/hpo/shifted_stdp_synapse/hpo_data/hpo_iteration_data/4339489/estimator_1_neuron_0_validation_outputs.npy
2025-05-10 02:01:14,685 - INFO - Waiting for parameters file: /s/ls4/users/selibrin/spiking_researches/correlation_encoding_and_training/mnist/hpo/shifted_stdp_synapse/hpo_data/hpo_iteration_data/4339489/params_1_0.pkl
2025-05-10 02:02:24,766 - INFO - Loaded HPO parameters
2025-05-10 02:02:24,766 - INFO - Preparing datasets...
2025-05-10 02:02:28,056 - INFO - Prepared datasets: 582 train & 1000 validation samples
2025-05-10 02:02:28,056 - INFO - Initializing model...
2025-05-10 02:02:28,058 - INFO - Fitting model...
2025-05-10 02:04:18,172 - INFO - Saved weights to /s/ls4/users/selibrin/spiking_researches/correlation_encoding_and_training/mnist/hpo/shifted_stdp_synapse/hpo_data/hpo_iteration_data/4339489/estimator_1_neuron_0_weights.npy
2025-05-10 02:04:18,172 - INFO - Evaluating model...
2025-05-10 02:06:50,956 - INFO - Saved validation outputs to /s/ls4/users/selibrin/spiking_researches/correlation_encoding_and_training/mnist/hpo/shifted_stdp_synapse/hpo_data/hpo_iteration_data/4339489/estimator_1_neuron_0_validation_outputs.npy
2025-05-10 02:06:50,956 - INFO - Waiting for parameters file: /s/ls4/users/selibrin/spiking_researches/correlation_encoding_and_training/mnist/hpo/shifted_stdp_synapse/hpo_data/hpo_iteration_data/4339489/params_1_0.pkl
2025-05-10 02:07:31,002 - INFO - Loaded HPO parameters
2025-05-10 02:07:31,002 - INFO - Preparing datasets...
2025-05-10 02:07:34,236 - INFO - Prepared datasets: 582 train & 1000 validation samples
2025-05-10 02:07:34,236 - INFO - Initializing model...
2025-05-10 02:07:34,238 - INFO - Fitting model...
2025-05-10 02:09:39,036 - INFO - Saved weights to /s/ls4/users/selibrin/spiking_researches/correlation_encoding_and_training/mnist/hpo/shifted_stdp_synapse/hpo_data/hpo_iteration_data/4339489/estimator_1_neuron_0_weights.npy
2025-05-10 02:09:39,036 - INFO - Evaluating model...
2025-05-10 02:12:38,847 - INFO - Saved validation outputs to /s/ls4/users/selibrin/spiking_researches/correlation_encoding_and_training/mnist/hpo/shifted_stdp_synapse/hpo_data/hpo_iteration_data/4339489/estimator_1_neuron_0_validation_outputs.npy
2025-05-10 02:12:38,847 - INFO - Waiting for parameters file: /s/ls4/users/selibrin/spiking_researches/correlation_encoding_and_training/mnist/hpo/shifted_stdp_synapse/hpo_data/hpo_iteration_data/4339489/params_1_0.pkl
2025-05-10 02:13:08,884 - INFO - Loaded HPO parameters
2025-05-10 02:13:08,884 - INFO - Preparing datasets...
2025-05-10 02:13:12,082 - INFO - Prepared datasets: 582 train & 1000 validation samples
2025-05-10 02:13:12,083 - INFO - Initializing model...
2025-05-10 02:13:12,085 - INFO - Fitting model...
2025-05-10 02:15:04,364 - INFO - Saved weights to /s/ls4/users/selibrin/spiking_researches/correlation_encoding_and_training/mnist/hpo/shifted_stdp_synapse/hpo_data/hpo_iteration_data/4339489/estimator_1_neuron_0_weights.npy
2025-05-10 02:15:04,364 - INFO - Evaluating model...
2025-05-10 02:17:54,764 - INFO - Saved validation outputs to /s/ls4/users/selibrin/spiking_researches/correlation_encoding_and_training/mnist/hpo/shifted_stdp_synapse/hpo_data/hpo_iteration_data/4339489/estimator_1_neuron_0_validation_outputs.npy
2025-05-10 02:17:54,764 - INFO - Waiting for parameters file: /s/ls4/users/selibrin/spiking_researches/correlation_encoding_and_training/mnist/hpo/shifted_stdp_synapse/hpo_data/hpo_iteration_data/4339489/params_1_0.pkl
2025-05-10 02:18:14,789 - INFO - Loaded HPO parameters
2025-05-10 02:18:14,789 - INFO - Preparing datasets...
2025-05-10 02:18:17,817 - INFO - Prepared datasets: 582 train & 1000 validation samples
2025-05-10 02:18:17,817 - INFO - Initializing model...
2025-05-10 02:18:17,820 - INFO - Fitting model...
2025-05-10 02:20:23,752 - INFO - Saved weights to /s/ls4/users/selibrin/spiking_researches/correlation_encoding_and_training/mnist/hpo/shifted_stdp_synapse/hpo_data/hpo_iteration_data/4339489/estimator_1_neuron_0_weights.npy
2025-05-10 02:20:23,752 - INFO - Evaluating model...
2025-05-10 02:23:02,940 - INFO - Saved validation outputs to /s/ls4/users/selibrin/spiking_researches/correlation_encoding_and_training/mnist/hpo/shifted_stdp_synapse/hpo_data/hpo_iteration_data/4339489/estimator_1_neuron_0_validation_outputs.npy
2025-05-10 02:23:02,940 - INFO - Waiting for parameters file: /s/ls4/users/selibrin/spiking_researches/correlation_encoding_and_training/mnist/hpo/shifted_stdp_synapse/hpo_data/hpo_iteration_data/4339489/params_1_0.pkl
2025-05-10 02:23:22,963 - INFO - Loaded HPO parameters
2025-05-10 02:23:22,964 - INFO - Preparing datasets...
2025-05-10 02:23:26,155 - INFO - Prepared datasets: 582 train & 1000 validation samples
2025-05-10 02:23:26,155 - INFO - Initializing model...
2025-05-10 02:23:26,157 - INFO - Fitting model...
2025-05-10 02:25:03,693 - INFO - Saved weights to /s/ls4/users/selibrin/spiking_researches/correlation_encoding_and_training/mnist/hpo/shifted_stdp_synapse/hpo_data/hpo_iteration_data/4339489/estimator_1_neuron_0_weights.npy
2025-05-10 02:25:03,693 - INFO - Evaluating model...
2025-05-10 02:27:30,385 - INFO - Saved validation outputs to /s/ls4/users/selibrin/spiking_researches/correlation_encoding_and_training/mnist/hpo/shifted_stdp_synapse/hpo_data/hpo_iteration_data/4339489/estimator_1_neuron_0_validation_outputs.npy
2025-05-10 02:27:30,385 - INFO - Waiting for parameters file: /s/ls4/users/selibrin/spiking_researches/correlation_encoding_and_training/mnist/hpo/shifted_stdp_synapse/hpo_data/hpo_iteration_data/4339489/params_1_0.pkl
2025-05-10 02:28:25,448 - INFO - Loaded HPO parameters
2025-05-10 02:28:25,448 - INFO - Preparing datasets...
2025-05-10 02:28:28,404 - INFO - Prepared datasets: 582 train & 1000 validation samples
2025-05-10 02:28:28,404 - INFO - Initializing model...
2025-05-10 02:28:28,406 - INFO - Fitting model...
2025-05-10 02:30:04,887 - INFO - Saved weights to /s/ls4/users/selibrin/spiking_researches/correlation_encoding_and_training/mnist/hpo/shifted_stdp_synapse/hpo_data/hpo_iteration_data/4339489/estimator_1_neuron_0_weights.npy
2025-05-10 02:30:04,887 - INFO - Evaluating model...
2025-05-10 02:32:38,612 - INFO - Saved validation outputs to /s/ls4/users/selibrin/spiking_researches/correlation_encoding_and_training/mnist/hpo/shifted_stdp_synapse/hpo_data/hpo_iteration_data/4339489/estimator_1_neuron_0_validation_outputs.npy
2025-05-10 02:32:38,612 - INFO - Waiting for parameters file: /s/ls4/users/selibrin/spiking_researches/correlation_encoding_and_training/mnist/hpo/shifted_stdp_synapse/hpo_data/hpo_iteration_data/4339489/params_1_0.pkl
2025-05-10 02:33:33,674 - INFO - Loaded HPO parameters
2025-05-10 02:33:33,674 - INFO - Preparing datasets...
2025-05-10 02:33:36,775 - INFO - Prepared datasets: 582 train & 1000 validation samples
2025-05-10 02:33:36,776 - INFO - Initializing model...
2025-05-10 02:33:36,778 - INFO - Fitting model...
2025-05-10 02:35:19,888 - INFO - Saved weights to /s/ls4/users/selibrin/spiking_researches/correlation_encoding_and_training/mnist/hpo/shifted_stdp_synapse/hpo_data/hpo_iteration_data/4339489/estimator_1_neuron_0_weights.npy
2025-05-10 02:35:19,888 - INFO - Evaluating model...
2025-05-10 02:37:53,918 - INFO - Saved validation outputs to /s/ls4/users/selibrin/spiking_researches/correlation_encoding_and_training/mnist/hpo/shifted_stdp_synapse/hpo_data/hpo_iteration_data/4339489/estimator_1_neuron_0_validation_outputs.npy
2025-05-10 02:37:53,918 - INFO - Waiting for parameters file: /s/ls4/users/selibrin/spiking_researches/correlation_encoding_and_training/mnist/hpo/shifted_stdp_synapse/hpo_data/hpo_iteration_data/4339489/params_1_0.pkl
2025-05-10 02:38:38,990 - INFO - Loaded HPO parameters
2025-05-10 02:38:38,990 - INFO - Preparing datasets...
2025-05-10 02:38:41,982 - INFO - Prepared datasets: 582 train & 1000 validation samples
2025-05-10 02:38:41,982 - INFO - Initializing model...
2025-05-10 02:38:41,984 - INFO - Fitting model...
2025-05-10 02:40:38,800 - INFO - Saved weights to /s/ls4/users/selibrin/spiking_researches/correlation_encoding_and_training/mnist/hpo/shifted_stdp_synapse/hpo_data/hpo_iteration_data/4339489/estimator_1_neuron_0_weights.npy
2025-05-10 02:40:38,800 - INFO - Evaluating model...
2025-05-10 02:43:09,337 - INFO - Saved validation outputs to /s/ls4/users/selibrin/spiking_researches/correlation_encoding_and_training/mnist/hpo/shifted_stdp_synapse/hpo_data/hpo_iteration_data/4339489/estimator_1_neuron_0_validation_outputs.npy
2025-05-10 02:43:09,337 - INFO - Waiting for parameters file: /s/ls4/users/selibrin/spiking_researches/correlation_encoding_and_training/mnist/hpo/shifted_stdp_synapse/hpo_data/hpo_iteration_data/4339489/params_1_0.pkl
2025-05-10 02:43:49,383 - INFO - Loaded HPO parameters
2025-05-10 02:43:49,383 - INFO - Preparing datasets...
2025-05-10 02:43:53,698 - INFO - Prepared datasets: 582 train & 1000 validation samples
2025-05-10 02:43:53,698 - INFO - Initializing model...
2025-05-10 02:43:53,701 - INFO - Fitting model...
2025-05-10 02:45:31,526 - INFO - Saved weights to /s/ls4/users/selibrin/spiking_researches/correlation_encoding_and_training/mnist/hpo/shifted_stdp_synapse/hpo_data/hpo_iteration_data/4339489/estimator_1_neuron_0_weights.npy
2025-05-10 02:45:31,526 - INFO - Evaluating model...
2025-05-10 02:48:23,905 - INFO - Saved validation outputs to /s/ls4/users/selibrin/spiking_researches/correlation_encoding_and_training/mnist/hpo/shifted_stdp_synapse/hpo_data/hpo_iteration_data/4339489/estimator_1_neuron_0_validation_outputs.npy
2025-05-10 02:48:23,905 - INFO - Waiting for parameters file: /s/ls4/users/selibrin/spiking_researches/correlation_encoding_and_training/mnist/hpo/shifted_stdp_synapse/hpo_data/hpo_iteration_data/4339489/params_1_0.pkl
2025-05-10 02:48:48,954 - INFO - Loaded HPO parameters
2025-05-10 02:48:48,955 - INFO - Preparing datasets...
2025-05-10 02:48:52,160 - INFO - Prepared datasets: 582 train & 1000 validation samples
2025-05-10 02:48:52,160 - INFO - Initializing model...
2025-05-10 02:48:52,163 - INFO - Fitting model...
2025-05-10 02:50:32,353 - INFO - Saved weights to /s/ls4/users/selibrin/spiking_researches/correlation_encoding_and_training/mnist/hpo/shifted_stdp_synapse/hpo_data/hpo_iteration_data/4339489/estimator_1_neuron_0_weights.npy
2025-05-10 02:50:32,353 - INFO - Evaluating model...
2025-05-10 02:52:56,688 - INFO - Saved validation outputs to /s/ls4/users/selibrin/spiking_researches/correlation_encoding_and_training/mnist/hpo/shifted_stdp_synapse/hpo_data/hpo_iteration_data/4339489/estimator_1_neuron_0_validation_outputs.npy
2025-05-10 02:52:56,688 - INFO - Waiting for parameters file: /s/ls4/users/selibrin/spiking_researches/correlation_encoding_and_training/mnist/hpo/shifted_stdp_synapse/hpo_data/hpo_iteration_data/4339489/params_1_0.pkl
2025-05-10 02:53:56,755 - INFO - Loaded HPO parameters
2025-05-10 02:53:56,755 - INFO - Preparing datasets...
2025-05-10 02:54:00,387 - INFO - Prepared datasets: 582 train & 1000 validation samples
2025-05-10 02:54:00,387 - INFO - Initializing model...
2025-05-10 02:54:00,389 - INFO - Fitting model...
2025-05-10 02:56:05,942 - INFO - Saved weights to /s/ls4/users/selibrin/spiking_researches/correlation_encoding_and_training/mnist/hpo/shifted_stdp_synapse/hpo_data/hpo_iteration_data/4339489/estimator_1_neuron_0_weights.npy
2025-05-10 02:56:05,942 - INFO - Evaluating model...
2025-05-10 02:59:01,285 - INFO - Saved validation outputs to /s/ls4/users/selibrin/spiking_researches/correlation_encoding_and_training/mnist/hpo/shifted_stdp_synapse/hpo_data/hpo_iteration_data/4339489/estimator_1_neuron_0_validation_outputs.npy
2025-05-10 02:59:01,285 - INFO - Waiting for parameters file: /s/ls4/users/selibrin/spiking_researches/correlation_encoding_and_training/mnist/hpo/shifted_stdp_synapse/hpo_data/hpo_iteration_data/4339489/params_1_0.pkl
2025-05-10 02:59:26,316 - INFO - Loaded HPO parameters
2025-05-10 02:59:26,316 - INFO - Preparing datasets...
2025-05-10 02:59:29,317 - INFO - Prepared datasets: 582 train & 1000 validation samples
2025-05-10 02:59:29,317 - INFO - Initializing model...
2025-05-10 02:59:29,319 - INFO - Fitting model...
2025-05-10 03:01:36,740 - INFO - Saved weights to /s/ls4/users/selibrin/spiking_researches/correlation_encoding_and_training/mnist/hpo/shifted_stdp_synapse/hpo_data/hpo_iteration_data/4339489/estimator_1_neuron_0_weights.npy
2025-05-10 03:01:36,741 - INFO - Evaluating model...
2025-05-10 03:04:07,966 - INFO - Saved validation outputs to /s/ls4/users/selibrin/spiking_researches/correlation_encoding_and_training/mnist/hpo/shifted_stdp_synapse/hpo_data/hpo_iteration_data/4339489/estimator_1_neuron_0_validation_outputs.npy
2025-05-10 03:04:07,966 - INFO - Waiting for parameters file: /s/ls4/users/selibrin/spiking_researches/correlation_encoding_and_training/mnist/hpo/shifted_stdp_synapse/hpo_data/hpo_iteration_data/4339489/params_1_0.pkl
2025-05-10 03:04:32,997 - INFO - Loaded HPO parameters
2025-05-10 03:04:32,997 - INFO - Preparing datasets...
2025-05-10 03:04:36,345 - INFO - Prepared datasets: 291 train & 1000 validation samples
2025-05-10 03:04:36,345 - INFO - Initializing model...
2025-05-10 03:04:36,347 - INFO - Fitting model...
2025-05-10 03:05:22,984 - INFO - Saved weights to /s/ls4/users/selibrin/spiking_researches/correlation_encoding_and_training/mnist/hpo/shifted_stdp_synapse/hpo_data/hpo_iteration_data/4339489/estimator_1_neuron_0_weights.npy
2025-05-10 03:05:22,984 - INFO - Evaluating model...
2025-05-10 03:07:55,155 - INFO - Saved validation outputs to /s/ls4/users/selibrin/spiking_researches/correlation_encoding_and_training/mnist/hpo/shifted_stdp_synapse/hpo_data/hpo_iteration_data/4339489/estimator_1_neuron_0_validation_outputs.npy
2025-05-10 03:07:55,156 - INFO - Waiting for parameters file: /s/ls4/users/selibrin/spiking_researches/correlation_encoding_and_training/mnist/hpo/shifted_stdp_synapse/hpo_data/hpo_iteration_data/4339489/params_1_0.pkl
2025-05-10 03:08:35,203 - INFO - Loaded HPO parameters
2025-05-10 03:08:35,203 - INFO - Preparing datasets...
2025-05-10 03:08:40,391 - INFO - Prepared datasets: 1164 train & 1000 validation samples
2025-05-10 03:08:40,392 - INFO - Initializing model...
2025-05-10 03:08:40,395 - INFO - Fitting model...
2025-05-10 03:11:54,509 - INFO - Saved weights to /s/ls4/users/selibrin/spiking_researches/correlation_encoding_and_training/mnist/hpo/shifted_stdp_synapse/hpo_data/hpo_iteration_data/4339489/estimator_1_neuron_0_weights.npy
2025-05-10 03:11:54,509 - INFO - Evaluating model...
2025-05-10 03:14:46,000 - INFO - Saved validation outputs to /s/ls4/users/selibrin/spiking_researches/correlation_encoding_and_training/mnist/hpo/shifted_stdp_synapse/hpo_data/hpo_iteration_data/4339489/estimator_1_neuron_0_validation_outputs.npy
2025-05-10 03:14:46,000 - INFO - Waiting for parameters file: /s/ls4/users/selibrin/spiking_researches/correlation_encoding_and_training/mnist/hpo/shifted_stdp_synapse/hpo_data/hpo_iteration_data/4339489/params_1_0.pkl
2025-05-10 03:15:36,059 - INFO - Loaded HPO parameters
2025-05-10 03:15:36,059 - INFO - Preparing datasets...
2025-05-10 03:15:39,281 - INFO - Prepared datasets: 582 train & 1000 validation samples
2025-05-10 03:15:39,289 - INFO - Initializing model...
2025-05-10 03:15:39,291 - INFO - Fitting model...
2025-05-10 03:17:10,649 - INFO - Saved weights to /s/ls4/users/selibrin/spiking_researches/correlation_encoding_and_training/mnist/hpo/shifted_stdp_synapse/hpo_data/hpo_iteration_data/4339489/estimator_1_neuron_0_weights.npy
2025-05-10 03:17:10,649 - INFO - Evaluating model...
2025-05-10 03:19:38,912 - INFO - Saved validation outputs to /s/ls4/users/selibrin/spiking_researches/correlation_encoding_and_training/mnist/hpo/shifted_stdp_synapse/hpo_data/hpo_iteration_data/4339489/estimator_1_neuron_0_validation_outputs.npy
2025-05-10 03:19:38,912 - INFO - Waiting for parameters file: /s/ls4/users/selibrin/spiking_researches/correlation_encoding_and_training/mnist/hpo/shifted_stdp_synapse/hpo_data/hpo_iteration_data/4339489/params_1_0.pkl
2025-05-10 03:20:38,979 - INFO - Loaded HPO parameters
2025-05-10 03:20:38,979 - INFO - Preparing datasets...
2025-05-10 03:20:42,031 - INFO - Prepared datasets: 582 train & 1000 validation samples
2025-05-10 03:20:42,032 - INFO - Initializing model...
2025-05-10 03:20:42,036 - INFO - Fitting model...
2025-05-10 03:22:14,844 - INFO - Saved weights to /s/ls4/users/selibrin/spiking_researches/correlation_encoding_and_training/mnist/hpo/shifted_stdp_synapse/hpo_data/hpo_iteration_data/4339489/estimator_1_neuron_0_weights.npy
2025-05-10 03:22:14,844 - INFO - Evaluating model...
2025-05-10 03:25:01,723 - INFO - Saved validation outputs to /s/ls4/users/selibrin/spiking_researches/correlation_encoding_and_training/mnist/hpo/shifted_stdp_synapse/hpo_data/hpo_iteration_data/4339489/estimator_1_neuron_0_validation_outputs.npy
2025-05-10 03:25:01,724 - INFO - Waiting for parameters file: /s/ls4/users/selibrin/spiking_researches/correlation_encoding_and_training/mnist/hpo/shifted_stdp_synapse/hpo_data/hpo_iteration_data/4339489/params_1_0.pkl
2025-05-10 03:25:46,773 - INFO - Loaded HPO parameters
2025-05-10 03:25:46,773 - INFO - Preparing datasets...
2025-05-10 03:25:51,723 - INFO - Prepared datasets: 291 train & 1000 validation samples
2025-05-10 03:25:51,723 - INFO - Initializing model...
2025-05-10 03:25:51,727 - INFO - Fitting model...
2025-05-10 03:26:50,694 - INFO - Saved weights to /s/ls4/users/selibrin/spiking_researches/correlation_encoding_and_training/mnist/hpo/shifted_stdp_synapse/hpo_data/hpo_iteration_data/4339489/estimator_1_neuron_0_weights.npy
2025-05-10 03:26:50,694 - INFO - Evaluating model...
2025-05-10 03:29:20,560 - INFO - Saved validation outputs to /s/ls4/users/selibrin/spiking_researches/correlation_encoding_and_training/mnist/hpo/shifted_stdp_synapse/hpo_data/hpo_iteration_data/4339489/estimator_1_neuron_0_validation_outputs.npy
2025-05-10 03:29:20,560 - INFO - Waiting for parameters file: /s/ls4/users/selibrin/spiking_researches/correlation_encoding_and_training/mnist/hpo/shifted_stdp_synapse/hpo_data/hpo_iteration_data/4339489/params_1_0.pkl
2025-05-10 03:30:20,628 - INFO - Loaded HPO parameters
2025-05-10 03:30:20,628 - INFO - Preparing datasets...
2025-05-10 03:30:23,825 - INFO - Prepared datasets: 1164 train & 1000 validation samples
2025-05-10 03:30:23,826 - INFO - Initializing model...
2025-05-10 03:30:23,828 - INFO - Fitting model...
2025-05-10 03:33:26,854 - INFO - Saved weights to /s/ls4/users/selibrin/spiking_researches/correlation_encoding_and_training/mnist/hpo/shifted_stdp_synapse/hpo_data/hpo_iteration_data/4339489/estimator_1_neuron_0_weights.npy
2025-05-10 03:33:26,855 - INFO - Evaluating model...
2025-05-10 03:36:17,456 - INFO - Saved validation outputs to /s/ls4/users/selibrin/spiking_researches/correlation_encoding_and_training/mnist/hpo/shifted_stdp_synapse/hpo_data/hpo_iteration_data/4339489/estimator_1_neuron_0_validation_outputs.npy
2025-05-10 03:36:17,456 - INFO - Waiting for parameters file: /s/ls4/users/selibrin/spiking_researches/correlation_encoding_and_training/mnist/hpo/shifted_stdp_synapse/hpo_data/hpo_iteration_data/4339489/params_1_0.pkl
2025-05-10 03:37:22,529 - INFO - Loaded HPO parameters
2025-05-10 03:37:22,529 - INFO - Preparing datasets...
2025-05-10 03:37:27,294 - INFO - Prepared datasets: 582 train & 1000 validation samples
2025-05-10 03:37:27,305 - INFO - Initializing model...
2025-05-10 03:37:27,308 - INFO - Fitting model...
2025-05-10 03:39:21,753 - INFO - Saved weights to /s/ls4/users/selibrin/spiking_researches/correlation_encoding_and_training/mnist/hpo/shifted_stdp_synapse/hpo_data/hpo_iteration_data/4339489/estimator_1_neuron_0_weights.npy
2025-05-10 03:39:21,754 - INFO - Evaluating model...
2025-05-10 03:41:36,965 - INFO - Saved validation outputs to /s/ls4/users/selibrin/spiking_researches/correlation_encoding_and_training/mnist/hpo/shifted_stdp_synapse/hpo_data/hpo_iteration_data/4339489/estimator_1_neuron_0_validation_outputs.npy
2025-05-10 03:41:36,965 - INFO - Waiting for parameters file: /s/ls4/users/selibrin/spiking_researches/correlation_encoding_and_training/mnist/hpo/shifted_stdp_synapse/hpo_data/hpo_iteration_data/4339489/params_1_0.pkl
2025-05-10 03:41:56,989 - INFO - Loaded HPO parameters
2025-05-10 03:41:56,990 - INFO - Preparing datasets...
2025-05-10 03:42:00,492 - INFO - Prepared datasets: 582 train & 1000 validation samples
2025-05-10 03:42:00,492 - INFO - Initializing model...
2025-05-10 03:42:00,494 - INFO - Fitting model...
2025-05-10 03:43:29,637 - INFO - Saved weights to /s/ls4/users/selibrin/spiking_researches/correlation_encoding_and_training/mnist/hpo/shifted_stdp_synapse/hpo_data/hpo_iteration_data/4339489/estimator_1_neuron_0_weights.npy
2025-05-10 03:43:29,637 - INFO - Evaluating model...
2025-05-10 03:45:48,314 - INFO - Saved validation outputs to /s/ls4/users/selibrin/spiking_researches/correlation_encoding_and_training/mnist/hpo/shifted_stdp_synapse/hpo_data/hpo_iteration_data/4339489/estimator_1_neuron_0_validation_outputs.npy
2025-05-10 03:45:48,314 - INFO - Waiting for parameters file: /s/ls4/users/selibrin/spiking_researches/correlation_encoding_and_training/mnist/hpo/shifted_stdp_synapse/hpo_data/hpo_iteration_data/4339489/params_1_0.pkl
2025-05-10 03:45:58,325 - INFO - Loaded HPO parameters
2025-05-10 03:45:58,325 - INFO - Preparing datasets...
2025-05-10 03:46:01,357 - INFO - Prepared datasets: 582 train & 1000 validation samples
2025-05-10 03:46:01,358 - INFO - Initializing model...
2025-05-10 03:46:01,360 - INFO - Fitting model...
2025-05-10 03:48:02,313 - INFO - Saved weights to /s/ls4/users/selibrin/spiking_researches/correlation_encoding_and_training/mnist/hpo/shifted_stdp_synapse/hpo_data/hpo_iteration_data/4339489/estimator_1_neuron_0_weights.npy
2025-05-10 03:48:02,313 - INFO - Evaluating model...
2025-05-10 03:50:27,080 - INFO - Saved validation outputs to /s/ls4/users/selibrin/spiking_researches/correlation_encoding_and_training/mnist/hpo/shifted_stdp_synapse/hpo_data/hpo_iteration_data/4339489/estimator_1_neuron_0_validation_outputs.npy
2025-05-10 03:50:27,080 - INFO - Waiting for parameters file: /s/ls4/users/selibrin/spiking_researches/correlation_encoding_and_training/mnist/hpo/shifted_stdp_synapse/hpo_data/hpo_iteration_data/4339489/params_1_0.pkl
2025-05-10 03:51:02,123 - INFO - Loaded HPO parameters
2025-05-10 03:51:02,123 - INFO - Preparing datasets...
2025-05-10 03:51:05,303 - INFO - Prepared datasets: 291 train & 1000 validation samples
2025-05-10 03:51:05,304 - INFO - Initializing model...
2025-05-10 03:51:05,305 - INFO - Fitting model...
2025-05-10 03:51:50,028 - INFO - Saved weights to /s/ls4/users/selibrin/spiking_researches/correlation_encoding_and_training/mnist/hpo/shifted_stdp_synapse/hpo_data/hpo_iteration_data/4339489/estimator_1_neuron_0_weights.npy
2025-05-10 03:51:50,028 - INFO - Evaluating model...
2025-05-10 03:54:06,228 - INFO - Saved validation outputs to /s/ls4/users/selibrin/spiking_researches/correlation_encoding_and_training/mnist/hpo/shifted_stdp_synapse/hpo_data/hpo_iteration_data/4339489/estimator_1_neuron_0_validation_outputs.npy
2025-05-10 03:54:06,228 - INFO - Waiting for parameters file: /s/ls4/users/selibrin/spiking_researches/correlation_encoding_and_training/mnist/hpo/shifted_stdp_synapse/hpo_data/hpo_iteration_data/4339489/params_1_0.pkl
2025-05-10 03:54:36,264 - INFO - Loaded HPO parameters
2025-05-10 03:54:36,264 - INFO - Preparing datasets...
2025-05-10 03:54:39,448 - INFO - Prepared datasets: 291 train & 1000 validation samples
2025-05-10 03:54:39,448 - INFO - Initializing model...
2025-05-10 03:54:39,450 - INFO - Fitting model...
2025-05-10 03:55:27,439 - INFO - Saved weights to /s/ls4/users/selibrin/spiking_researches/correlation_encoding_and_training/mnist/hpo/shifted_stdp_synapse/hpo_data/hpo_iteration_data/4339489/estimator_1_neuron_0_weights.npy
2025-05-10 03:55:27,440 - INFO - Evaluating model...
2025-05-10 03:57:48,159 - INFO - Saved validation outputs to /s/ls4/users/selibrin/spiking_researches/correlation_encoding_and_training/mnist/hpo/shifted_stdp_synapse/hpo_data/hpo_iteration_data/4339489/estimator_1_neuron_0_validation_outputs.npy
2025-05-10 03:57:48,159 - INFO - Waiting for parameters file: /s/ls4/users/selibrin/spiking_researches/correlation_encoding_and_training/mnist/hpo/shifted_stdp_synapse/hpo_data/hpo_iteration_data/4339489/params_1_0.pkl
2025-05-10 03:58:08,185 - INFO - Loaded HPO parameters
2025-05-10 03:58:08,185 - INFO - Preparing datasets...
2025-05-10 03:58:11,446 - INFO - Prepared datasets: 291 train & 1000 validation samples
2025-05-10 03:58:11,446 - INFO - Initializing model...
2025-05-10 03:58:11,449 - INFO - Fitting model...
2025-05-10 03:58:57,421 - INFO - Saved weights to /s/ls4/users/selibrin/spiking_researches/correlation_encoding_and_training/mnist/hpo/shifted_stdp_synapse/hpo_data/hpo_iteration_data/4339489/estimator_1_neuron_0_weights.npy
2025-05-10 03:58:57,421 - INFO - Evaluating model...
2025-05-10 04:01:12,276 - INFO - Saved validation outputs to /s/ls4/users/selibrin/spiking_researches/correlation_encoding_and_training/mnist/hpo/shifted_stdp_synapse/hpo_data/hpo_iteration_data/4339489/estimator_1_neuron_0_validation_outputs.npy
2025-05-10 04:01:12,276 - INFO - Waiting for parameters file: /s/ls4/users/selibrin/spiking_researches/correlation_encoding_and_training/mnist/hpo/shifted_stdp_synapse/hpo_data/hpo_iteration_data/4339489/params_1_0.pkl
2025-05-10 04:01:42,312 - INFO - Loaded HPO parameters
2025-05-10 04:01:42,312 - INFO - Preparing datasets...
2025-05-10 04:01:45,511 - INFO - Prepared datasets: 291 train & 1000 validation samples
2025-05-10 04:01:45,511 - INFO - Initializing model...
2025-05-10 04:01:45,514 - INFO - Fitting model...
2025-05-10 04:02:28,895 - INFO - Saved weights to /s/ls4/users/selibrin/spiking_researches/correlation_encoding_and_training/mnist/hpo/shifted_stdp_synapse/hpo_data/hpo_iteration_data/4339489/estimator_1_neuron_0_weights.npy
2025-05-10 04:02:28,895 - INFO - Evaluating model...
2025-05-10 04:04:42,780 - INFO - Saved validation outputs to /s/ls4/users/selibrin/spiking_researches/correlation_encoding_and_training/mnist/hpo/shifted_stdp_synapse/hpo_data/hpo_iteration_data/4339489/estimator_1_neuron_0_validation_outputs.npy
2025-05-10 04:04:42,781 - INFO - Waiting for parameters file: /s/ls4/users/selibrin/spiking_researches/correlation_encoding_and_training/mnist/hpo/shifted_stdp_synapse/hpo_data/hpo_iteration_data/4339489/params_1_0.pkl
2025-05-10 04:05:12,813 - INFO - Loaded HPO parameters
2025-05-10 04:05:12,813 - INFO - Preparing datasets...
2025-05-10 04:05:15,965 - INFO - Prepared datasets: 291 train & 1000 validation samples
2025-05-10 04:05:15,965 - INFO - Initializing model...
2025-05-10 04:05:15,967 - INFO - Fitting model...
2025-05-10 04:06:00,213 - INFO - Saved weights to /s/ls4/users/selibrin/spiking_researches/correlation_encoding_and_training/mnist/hpo/shifted_stdp_synapse/hpo_data/hpo_iteration_data/4339489/estimator_1_neuron_0_weights.npy
2025-05-10 04:06:00,213 - INFO - Evaluating model...
2025-05-10 04:08:18,313 - INFO - Saved validation outputs to /s/ls4/users/selibrin/spiking_researches/correlation_encoding_and_training/mnist/hpo/shifted_stdp_synapse/hpo_data/hpo_iteration_data/4339489/estimator_1_neuron_0_validation_outputs.npy
2025-05-10 04:08:18,313 - INFO - Waiting for parameters file: /s/ls4/users/selibrin/spiking_researches/correlation_encoding_and_training/mnist/hpo/shifted_stdp_synapse/hpo_data/hpo_iteration_data/4339489/params_1_0.pkl
2025-05-10 04:08:48,350 - INFO - Loaded HPO parameters
2025-05-10 04:08:48,350 - INFO - Preparing datasets...
2025-05-10 04:08:51,805 - INFO - Prepared datasets: 291 train & 1000 validation samples
2025-05-10 04:08:51,806 - INFO - Initializing model...
2025-05-10 04:08:51,809 - INFO - Fitting model...
2025-05-10 04:09:37,739 - INFO - Saved weights to /s/ls4/users/selibrin/spiking_researches/correlation_encoding_and_training/mnist/hpo/shifted_stdp_synapse/hpo_data/hpo_iteration_data/4339489/estimator_1_neuron_0_weights.npy
2025-05-10 04:09:37,740 - INFO - Evaluating model...
2025-05-10 04:11:57,332 - INFO - Saved validation outputs to /s/ls4/users/selibrin/spiking_researches/correlation_encoding_and_training/mnist/hpo/shifted_stdp_synapse/hpo_data/hpo_iteration_data/4339489/estimator_1_neuron_0_validation_outputs.npy
2025-05-10 04:11:57,333 - INFO - Waiting for parameters file: /s/ls4/users/selibrin/spiking_researches/correlation_encoding_and_training/mnist/hpo/shifted_stdp_synapse/hpo_data/hpo_iteration_data/4339489/params_1_0.pkl
2025-05-10 04:12:22,365 - INFO - Loaded HPO parameters
2025-05-10 04:12:22,365 - INFO - Preparing datasets...
2025-05-10 04:12:25,776 - INFO - Prepared datasets: 291 train & 1000 validation samples
2025-05-10 04:12:25,776 - INFO - Initializing model...
2025-05-10 04:12:25,779 - INFO - Fitting model...
2025-05-10 04:13:11,158 - INFO - Saved weights to /s/ls4/users/selibrin/spiking_researches/correlation_encoding_and_training/mnist/hpo/shifted_stdp_synapse/hpo_data/hpo_iteration_data/4339489/estimator_1_neuron_0_weights.npy
2025-05-10 04:13:11,158 - INFO - Evaluating model...
2025-05-10 04:15:30,271 - INFO - Saved validation outputs to /s/ls4/users/selibrin/spiking_researches/correlation_encoding_and_training/mnist/hpo/shifted_stdp_synapse/hpo_data/hpo_iteration_data/4339489/estimator_1_neuron_0_validation_outputs.npy
2025-05-10 04:15:30,272 - INFO - Waiting for parameters file: /s/ls4/users/selibrin/spiking_researches/correlation_encoding_and_training/mnist/hpo/shifted_stdp_synapse/hpo_data/hpo_iteration_data/4339489/params_1_0.pkl
2025-05-10 04:15:55,303 - INFO - Loaded HPO parameters
2025-05-10 04:15:55,303 - INFO - Preparing datasets...
2025-05-10 04:15:58,609 - INFO - Prepared datasets: 291 train & 1000 validation samples
2025-05-10 04:15:58,610 - INFO - Initializing model...
2025-05-10 04:15:58,613 - INFO - Fitting model...
2025-05-10 04:16:52,752 - INFO - Saved weights to /s/ls4/users/selibrin/spiking_researches/correlation_encoding_and_training/mnist/hpo/shifted_stdp_synapse/hpo_data/hpo_iteration_data/4339489/estimator_1_neuron_0_weights.npy
2025-05-10 04:16:52,752 - INFO - Evaluating model...
2025-05-10 04:19:17,639 - INFO - Saved validation outputs to /s/ls4/users/selibrin/spiking_researches/correlation_encoding_and_training/mnist/hpo/shifted_stdp_synapse/hpo_data/hpo_iteration_data/4339489/estimator_1_neuron_0_validation_outputs.npy
2025-05-10 04:19:17,639 - INFO - Waiting for parameters file: /s/ls4/users/selibrin/spiking_researches/correlation_encoding_and_training/mnist/hpo/shifted_stdp_synapse/hpo_data/hpo_iteration_data/4339489/params_1_0.pkl
2025-05-10 04:19:27,655 - INFO - Loaded HPO parameters
2025-05-10 04:19:27,655 - INFO - Preparing datasets...
2025-05-10 04:19:30,828 - INFO - Prepared datasets: 291 train & 1000 validation samples
2025-05-10 04:19:30,828 - INFO - Initializing model...
2025-05-10 04:19:30,830 - INFO - Fitting model...
2025-05-10 04:20:17,042 - INFO - Saved weights to /s/ls4/users/selibrin/spiking_researches/correlation_encoding_and_training/mnist/hpo/shifted_stdp_synapse/hpo_data/hpo_iteration_data/4339489/estimator_1_neuron_0_weights.npy
2025-05-10 04:20:17,042 - INFO - Evaluating model...
2025-05-10 04:22:38,365 - INFO - Saved validation outputs to /s/ls4/users/selibrin/spiking_researches/correlation_encoding_and_training/mnist/hpo/shifted_stdp_synapse/hpo_data/hpo_iteration_data/4339489/estimator_1_neuron_0_validation_outputs.npy
2025-05-10 04:22:38,365 - INFO - Waiting for parameters file: /s/ls4/users/selibrin/spiking_researches/correlation_encoding_and_training/mnist/hpo/shifted_stdp_synapse/hpo_data/hpo_iteration_data/4339489/params_1_0.pkl
2025-05-10 04:23:03,396 - INFO - Loaded HPO parameters
2025-05-10 04:23:03,396 - INFO - Preparing datasets...
2025-05-10 04:23:06,589 - INFO - Prepared datasets: 291 train & 1000 validation samples
2025-05-10 04:23:06,589 - INFO - Initializing model...
2025-05-10 04:23:06,591 - INFO - Fitting model...
2025-05-10 04:23:51,588 - INFO - Saved weights to /s/ls4/users/selibrin/spiking_researches/correlation_encoding_and_training/mnist/hpo/shifted_stdp_synapse/hpo_data/hpo_iteration_data/4339489/estimator_1_neuron_0_weights.npy
2025-05-10 04:23:51,589 - INFO - Evaluating model...
2025-05-10 04:26:09,927 - INFO - Saved validation outputs to /s/ls4/users/selibrin/spiking_researches/correlation_encoding_and_training/mnist/hpo/shifted_stdp_synapse/hpo_data/hpo_iteration_data/4339489/estimator_1_neuron_0_validation_outputs.npy
2025-05-10 04:26:09,927 - INFO - Waiting for parameters file: /s/ls4/users/selibrin/spiking_researches/correlation_encoding_and_training/mnist/hpo/shifted_stdp_synapse/hpo_data/hpo_iteration_data/4339489/params_1_0.pkl
2025-05-10 04:26:34,959 - INFO - Loaded HPO parameters
2025-05-10 04:26:34,959 - INFO - Preparing datasets...
2025-05-10 04:26:38,184 - INFO - Prepared datasets: 1164 train & 1000 validation samples
2025-05-10 04:26:38,184 - INFO - Initializing model...
2025-05-10 04:26:38,186 - INFO - Fitting model...
2025-05-10 04:30:42,534 - INFO - Saved weights to /s/ls4/users/selibrin/spiking_researches/correlation_encoding_and_training/mnist/hpo/shifted_stdp_synapse/hpo_data/hpo_iteration_data/4339489/estimator_1_neuron_0_weights.npy
2025-05-10 04:30:42,534 - INFO - Evaluating model...
2025-05-10 04:33:07,508 - INFO - Saved validation outputs to /s/ls4/users/selibrin/spiking_researches/correlation_encoding_and_training/mnist/hpo/shifted_stdp_synapse/hpo_data/hpo_iteration_data/4339489/estimator_1_neuron_0_validation_outputs.npy
2025-05-10 04:33:07,509 - INFO - Waiting for parameters file: /s/ls4/users/selibrin/spiking_researches/correlation_encoding_and_training/mnist/hpo/shifted_stdp_synapse/hpo_data/hpo_iteration_data/4339489/params_1_0.pkl
2025-05-10 04:33:37,546 - INFO - Loaded HPO parameters
2025-05-10 04:33:37,546 - INFO - Preparing datasets...
2025-05-10 04:33:40,725 - INFO - Prepared datasets: 291 train & 1000 validation samples
2025-05-10 04:33:40,725 - INFO - Initializing model...
2025-05-10 04:33:40,727 - INFO - Fitting model...
2025-05-10 04:34:24,350 - INFO - Saved weights to /s/ls4/users/selibrin/spiking_researches/correlation_encoding_and_training/mnist/hpo/shifted_stdp_synapse/hpo_data/hpo_iteration_data/4339489/estimator_1_neuron_0_weights.npy
2025-05-10 04:34:24,350 - INFO - Evaluating model...
2025-05-10 04:36:37,658 - INFO - Saved validation outputs to /s/ls4/users/selibrin/spiking_researches/correlation_encoding_and_training/mnist/hpo/shifted_stdp_synapse/hpo_data/hpo_iteration_data/4339489/estimator_1_neuron_0_validation_outputs.npy
2025-05-10 04:36:37,658 - INFO - Waiting for parameters file: /s/ls4/users/selibrin/spiking_researches/correlation_encoding_and_training/mnist/hpo/shifted_stdp_synapse/hpo_data/hpo_iteration_data/4339489/params_1_0.pkl
2025-05-10 04:37:12,700 - INFO - Loaded HPO parameters
2025-05-10 04:37:12,700 - INFO - Preparing datasets...
2025-05-10 04:37:15,864 - INFO - Prepared datasets: 291 train & 1000 validation samples
2025-05-10 04:37:15,865 - INFO - Initializing model...
2025-05-10 04:37:15,867 - INFO - Fitting model...
2025-05-10 04:38:05,100 - INFO - Saved weights to /s/ls4/users/selibrin/spiking_researches/correlation_encoding_and_training/mnist/hpo/shifted_stdp_synapse/hpo_data/hpo_iteration_data/4339489/estimator_1_neuron_0_weights.npy
2025-05-10 04:38:05,100 - INFO - Evaluating model...
2025-05-10 04:40:27,283 - INFO - Saved validation outputs to /s/ls4/users/selibrin/spiking_researches/correlation_encoding_and_training/mnist/hpo/shifted_stdp_synapse/hpo_data/hpo_iteration_data/4339489/estimator_1_neuron_0_validation_outputs.npy
2025-05-10 04:40:27,283 - INFO - Waiting for parameters file: /s/ls4/users/selibrin/spiking_researches/correlation_encoding_and_training/mnist/hpo/shifted_stdp_synapse/hpo_data/hpo_iteration_data/4339489/params_1_0.pkl
2025-05-10 04:40:47,308 - INFO - Loaded HPO parameters
2025-05-10 04:40:47,308 - INFO - Preparing datasets...
2025-05-10 04:40:50,652 - INFO - Prepared datasets: 1164 train & 1000 validation samples
2025-05-10 04:40:50,652 - INFO - Initializing model...
2025-05-10 04:40:50,655 - INFO - Fitting model...
2025-05-10 04:44:10,874 - INFO - Saved weights to /s/ls4/users/selibrin/spiking_researches/correlation_encoding_and_training/mnist/hpo/shifted_stdp_synapse/hpo_data/hpo_iteration_data/4339489/estimator_1_neuron_0_weights.npy
2025-05-10 04:44:10,874 - INFO - Evaluating model...
2025-05-10 04:46:30,681 - INFO - Saved validation outputs to /s/ls4/users/selibrin/spiking_researches/correlation_encoding_and_training/mnist/hpo/shifted_stdp_synapse/hpo_data/hpo_iteration_data/4339489/estimator_1_neuron_0_validation_outputs.npy
2025-05-10 04:46:30,681 - INFO - Waiting for parameters file: /s/ls4/users/selibrin/spiking_researches/correlation_encoding_and_training/mnist/hpo/shifted_stdp_synapse/hpo_data/hpo_iteration_data/4339489/params_1_0.pkl
2025-05-10 04:46:50,706 - INFO - Loaded HPO parameters
2025-05-10 04:46:50,706 - INFO - Preparing datasets...
2025-05-10 04:46:54,112 - INFO - Prepared datasets: 291 train & 1000 validation samples
2025-05-10 04:46:54,113 - INFO - Initializing model...
2025-05-10 04:46:54,116 - INFO - Fitting model...
2025-05-10 04:47:40,886 - INFO - Saved weights to /s/ls4/users/selibrin/spiking_researches/correlation_encoding_and_training/mnist/hpo/shifted_stdp_synapse/hpo_data/hpo_iteration_data/4339489/estimator_1_neuron_0_weights.npy
2025-05-10 04:47:40,886 - INFO - Evaluating model...
2025-05-10 04:50:01,086 - INFO - Saved validation outputs to /s/ls4/users/selibrin/spiking_researches/correlation_encoding_and_training/mnist/hpo/shifted_stdp_synapse/hpo_data/hpo_iteration_data/4339489/estimator_1_neuron_0_validation_outputs.npy
2025-05-10 04:50:01,086 - INFO - Waiting for parameters file: /s/ls4/users/selibrin/spiking_researches/correlation_encoding_and_training/mnist/hpo/shifted_stdp_synapse/hpo_data/hpo_iteration_data/4339489/params_1_0.pkl
2025-05-10 04:50:21,112 - INFO - Loaded HPO parameters
2025-05-10 04:50:21,112 - INFO - Preparing datasets...
2025-05-10 04:50:24,278 - INFO - Prepared datasets: 1164 train & 1000 validation samples
2025-05-10 04:50:24,279 - INFO - Initializing model...
2025-05-10 04:50:24,281 - INFO - Fitting model...
2025-05-10 04:53:23,189 - INFO - Saved weights to /s/ls4/users/selibrin/spiking_researches/correlation_encoding_and_training/mnist/hpo/shifted_stdp_synapse/hpo_data/hpo_iteration_data/4339489/estimator_1_neuron_0_weights.npy
2025-05-10 04:53:23,189 - INFO - Evaluating model...
2025-05-10 04:55:40,657 - INFO - Saved validation outputs to /s/ls4/users/selibrin/spiking_researches/correlation_encoding_and_training/mnist/hpo/shifted_stdp_synapse/hpo_data/hpo_iteration_data/4339489/estimator_1_neuron_0_validation_outputs.npy
2025-05-10 04:55:40,657 - INFO - Waiting for parameters file: /s/ls4/users/selibrin/spiking_researches/correlation_encoding_and_training/mnist/hpo/shifted_stdp_synapse/hpo_data/hpo_iteration_data/4339489/params_1_0.pkl
2025-05-10 04:55:55,677 - INFO - Loaded HPO parameters
2025-05-10 04:55:55,677 - INFO - Preparing datasets...
2025-05-10 04:55:58,883 - INFO - Prepared datasets: 291 train & 1000 validation samples
2025-05-10 04:55:58,883 - INFO - Initializing model...
2025-05-10 04:55:58,886 - INFO - Fitting model...
2025-05-10 04:56:42,587 - INFO - Saved weights to /s/ls4/users/selibrin/spiking_researches/correlation_encoding_and_training/mnist/hpo/shifted_stdp_synapse/hpo_data/hpo_iteration_data/4339489/estimator_1_neuron_0_weights.npy
2025-05-10 04:56:42,587 - INFO - Evaluating model...
2025-05-10 04:58:55,866 - INFO - Saved validation outputs to /s/ls4/users/selibrin/spiking_researches/correlation_encoding_and_training/mnist/hpo/shifted_stdp_synapse/hpo_data/hpo_iteration_data/4339489/estimator_1_neuron_0_validation_outputs.npy
2025-05-10 04:58:55,867 - INFO - Waiting for parameters file: /s/ls4/users/selibrin/spiking_researches/correlation_encoding_and_training/mnist/hpo/shifted_stdp_synapse/hpo_data/hpo_iteration_data/4339489/params_1_0.pkl
2025-05-10 04:59:30,908 - INFO - Loaded HPO parameters
2025-05-10 04:59:30,908 - INFO - Preparing datasets...
2025-05-10 04:59:34,143 - INFO - Prepared datasets: 291 train & 1000 validation samples
2025-05-10 04:59:34,143 - INFO - Initializing model...
2025-05-10 04:59:34,145 - INFO - Fitting model...
2025-05-10 05:00:19,324 - INFO - Saved weights to /s/ls4/users/selibrin/spiking_researches/correlation_encoding_and_training/mnist/hpo/shifted_stdp_synapse/hpo_data/hpo_iteration_data/4339489/estimator_1_neuron_0_weights.npy
2025-05-10 05:00:19,325 - INFO - Evaluating model...
2025-05-10 05:02:35,922 - INFO - Saved validation outputs to /s/ls4/users/selibrin/spiking_researches/correlation_encoding_and_training/mnist/hpo/shifted_stdp_synapse/hpo_data/hpo_iteration_data/4339489/estimator_1_neuron_0_validation_outputs.npy
2025-05-10 05:02:35,922 - INFO - Waiting for parameters file: /s/ls4/users/selibrin/spiking_researches/correlation_encoding_and_training/mnist/hpo/shifted_stdp_synapse/hpo_data/hpo_iteration_data/4339489/params_1_0.pkl
2025-05-10 05:03:00,954 - INFO - Loaded HPO parameters
2025-05-10 05:03:00,954 - INFO - Preparing datasets...
2025-05-10 05:03:04,223 - INFO - Prepared datasets: 291 train & 1000 validation samples
2025-05-10 05:03:04,223 - INFO - Initializing model...
2025-05-10 05:03:04,225 - INFO - Fitting model...
2025-05-10 05:03:49,881 - INFO - Saved weights to /s/ls4/users/selibrin/spiking_researches/correlation_encoding_and_training/mnist/hpo/shifted_stdp_synapse/hpo_data/hpo_iteration_data/4339489/estimator_1_neuron_0_weights.npy
2025-05-10 05:03:49,881 - INFO - Evaluating model...
2025-05-10 05:06:07,761 - INFO - Saved validation outputs to /s/ls4/users/selibrin/spiking_researches/correlation_encoding_and_training/mnist/hpo/shifted_stdp_synapse/hpo_data/hpo_iteration_data/4339489/estimator_1_neuron_0_validation_outputs.npy
2025-05-10 05:06:07,762 - INFO - Waiting for parameters file: /s/ls4/users/selibrin/spiking_researches/correlation_encoding_and_training/mnist/hpo/shifted_stdp_synapse/hpo_data/hpo_iteration_data/4339489/params_1_0.pkl
2025-05-10 05:06:37,797 - INFO - Loaded HPO parameters
2025-05-10 05:06:37,797 - INFO - Preparing datasets...
2025-05-10 05:06:41,039 - INFO - Prepared datasets: 291 train & 1000 validation samples
2025-05-10 05:06:41,040 - INFO - Initializing model...
2025-05-10 05:06:41,042 - INFO - Fitting model...
2025-05-10 05:07:26,441 - INFO - Saved weights to /s/ls4/users/selibrin/spiking_researches/correlation_encoding_and_training/mnist/hpo/shifted_stdp_synapse/hpo_data/hpo_iteration_data/4339489/estimator_1_neuron_0_weights.npy
2025-05-10 05:07:26,441 - INFO - Evaluating model...
2025-05-10 05:09:42,197 - INFO - Saved validation outputs to /s/ls4/users/selibrin/spiking_researches/correlation_encoding_and_training/mnist/hpo/shifted_stdp_synapse/hpo_data/hpo_iteration_data/4339489/estimator_1_neuron_0_validation_outputs.npy
2025-05-10 05:09:42,197 - INFO - Waiting for parameters file: /s/ls4/users/selibrin/spiking_researches/correlation_encoding_and_training/mnist/hpo/shifted_stdp_synapse/hpo_data/hpo_iteration_data/4339489/params_1_0.pkl
2025-05-10 05:10:07,228 - INFO - Loaded HPO parameters
2025-05-10 05:10:07,228 - INFO - Preparing datasets...
2025-05-10 05:10:10,502 - INFO - Prepared datasets: 291 train & 1000 validation samples
2025-05-10 05:10:10,503 - INFO - Initializing model...
2025-05-10 05:10:10,506 - INFO - Fitting model...
2025-05-10 05:10:54,361 - INFO - Saved weights to /s/ls4/users/selibrin/spiking_researches/correlation_encoding_and_training/mnist/hpo/shifted_stdp_synapse/hpo_data/hpo_iteration_data/4339489/estimator_1_neuron_0_weights.npy
2025-05-10 05:10:54,361 - INFO - Evaluating model...
2025-05-10 05:13:04,416 - INFO - Saved validation outputs to /s/ls4/users/selibrin/spiking_researches/correlation_encoding_and_training/mnist/hpo/shifted_stdp_synapse/hpo_data/hpo_iteration_data/4339489/estimator_1_neuron_0_validation_outputs.npy
2025-05-10 05:13:04,416 - INFO - Waiting for parameters file: /s/ls4/users/selibrin/spiking_researches/correlation_encoding_and_training/mnist/hpo/shifted_stdp_synapse/hpo_data/hpo_iteration_data/4339489/params_1_0.pkl
2025-05-10 05:13:44,462 - INFO - Loaded HPO parameters
2025-05-10 05:13:44,462 - INFO - Preparing datasets...
2025-05-10 05:13:47,624 - INFO - Prepared datasets: 291 train & 1000 validation samples
2025-05-10 05:13:47,624 - INFO - Initializing model...
2025-05-10 05:13:47,626 - INFO - Fitting model...
2025-05-10 05:14:31,126 - INFO - Saved weights to /s/ls4/users/selibrin/spiking_researches/correlation_encoding_and_training/mnist/hpo/shifted_stdp_synapse/hpo_data/hpo_iteration_data/4339489/estimator_1_neuron_0_weights.npy
2025-05-10 05:14:31,126 - INFO - Evaluating model...
2025-05-10 05:16:40,085 - INFO - Saved validation outputs to /s/ls4/users/selibrin/spiking_researches/correlation_encoding_and_training/mnist/hpo/shifted_stdp_synapse/hpo_data/hpo_iteration_data/4339489/estimator_1_neuron_0_validation_outputs.npy
2025-05-10 05:16:40,086 - INFO - Waiting for parameters file: /s/ls4/users/selibrin/spiking_researches/correlation_encoding_and_training/mnist/hpo/shifted_stdp_synapse/hpo_data/hpo_iteration_data/4339489/params_1_0.pkl
2025-05-10 05:17:15,127 - INFO - Loaded HPO parameters
2025-05-10 05:17:15,127 - INFO - Preparing datasets...
2025-05-10 05:17:18,249 - INFO - Prepared datasets: 291 train & 1000 validation samples
2025-05-10 05:17:18,249 - INFO - Initializing model...
2025-05-10 05:17:18,252 - INFO - Fitting model...
2025-05-10 05:18:01,900 - INFO - Saved weights to /s/ls4/users/selibrin/spiking_researches/correlation_encoding_and_training/mnist/hpo/shifted_stdp_synapse/hpo_data/hpo_iteration_data/4339489/estimator_1_neuron_0_weights.npy
2025-05-10 05:18:01,900 - INFO - Evaluating model...
2025-05-10 05:20:11,152 - INFO - Saved validation outputs to /s/ls4/users/selibrin/spiking_researches/correlation_encoding_and_training/mnist/hpo/shifted_stdp_synapse/hpo_data/hpo_iteration_data/4339489/estimator_1_neuron_0_validation_outputs.npy
2025-05-10 05:20:11,152 - INFO - Waiting for parameters file: /s/ls4/users/selibrin/spiking_researches/correlation_encoding_and_training/mnist/hpo/shifted_stdp_synapse/hpo_data/hpo_iteration_data/4339489/params_1_0.pkl
2025-05-10 05:20:51,198 - INFO - Loaded HPO parameters
2025-05-10 05:20:51,198 - INFO - Preparing datasets...
2025-05-10 05:20:54,322 - INFO - Prepared datasets: 291 train & 1000 validation samples
2025-05-10 05:20:54,322 - INFO - Initializing model...
2025-05-10 05:20:54,324 - INFO - Fitting model...
2025-05-10 05:21:38,321 - INFO - Saved weights to /s/ls4/users/selibrin/spiking_researches/correlation_encoding_and_training/mnist/hpo/shifted_stdp_synapse/hpo_data/hpo_iteration_data/4339489/estimator_1_neuron_0_weights.npy
2025-05-10 05:21:38,321 - INFO - Evaluating model...
2025-05-10 05:23:52,232 - INFO - Saved validation outputs to /s/ls4/users/selibrin/spiking_researches/correlation_encoding_and_training/mnist/hpo/shifted_stdp_synapse/hpo_data/hpo_iteration_data/4339489/estimator_1_neuron_0_validation_outputs.npy
2025-05-10 05:23:52,233 - INFO - Waiting for parameters file: /s/ls4/users/selibrin/spiking_researches/correlation_encoding_and_training/mnist/hpo/shifted_stdp_synapse/hpo_data/hpo_iteration_data/4339489/params_1_0.pkl
2025-05-10 05:24:22,268 - INFO - Loaded HPO parameters
2025-05-10 05:24:22,268 - INFO - Preparing datasets...
2025-05-10 05:24:25,357 - INFO - Prepared datasets: 291 train & 1000 validation samples
2025-05-10 05:24:25,357 - INFO - Initializing model...
2025-05-10 05:24:25,359 - INFO - Fitting model...
2025-05-10 05:25:09,395 - INFO - Saved weights to /s/ls4/users/selibrin/spiking_researches/correlation_encoding_and_training/mnist/hpo/shifted_stdp_synapse/hpo_data/hpo_iteration_data/4339489/estimator_1_neuron_0_weights.npy
2025-05-10 05:25:09,395 - INFO - Evaluating model...
2025-05-10 05:27:20,874 - INFO - Saved validation outputs to /s/ls4/users/selibrin/spiking_researches/correlation_encoding_and_training/mnist/hpo/shifted_stdp_synapse/hpo_data/hpo_iteration_data/4339489/estimator_1_neuron_0_validation_outputs.npy
2025-05-10 05:27:20,874 - INFO - Waiting for parameters file: /s/ls4/users/selibrin/spiking_researches/correlation_encoding_and_training/mnist/hpo/shifted_stdp_synapse/hpo_data/hpo_iteration_data/4339489/params_1_0.pkl
2025-05-10 05:27:55,916 - INFO - Loaded HPO parameters
2025-05-10 05:27:55,916 - INFO - Preparing datasets...
2025-05-10 05:27:59,178 - INFO - Prepared datasets: 291 train & 1000 validation samples
2025-05-10 05:27:59,179 - INFO - Initializing model...
2025-05-10 05:27:59,181 - INFO - Fitting model...
2025-05-10 05:28:43,475 - INFO - Saved weights to /s/ls4/users/selibrin/spiking_researches/correlation_encoding_and_training/mnist/hpo/shifted_stdp_synapse/hpo_data/hpo_iteration_data/4339489/estimator_1_neuron_0_weights.npy
2025-05-10 05:28:43,476 - INFO - Evaluating model...
2025-05-10 05:30:55,458 - INFO - Saved validation outputs to /s/ls4/users/selibrin/spiking_researches/correlation_encoding_and_training/mnist/hpo/shifted_stdp_synapse/hpo_data/hpo_iteration_data/4339489/estimator_1_neuron_0_validation_outputs.npy
2025-05-10 05:30:55,458 - INFO - Waiting for parameters file: /s/ls4/users/selibrin/spiking_researches/correlation_encoding_and_training/mnist/hpo/shifted_stdp_synapse/hpo_data/hpo_iteration_data/4339489/params_1_0.pkl
2025-05-10 05:31:30,500 - INFO - Loaded HPO parameters
2025-05-10 05:31:30,500 - INFO - Preparing datasets...
2025-05-10 05:31:33,712 - INFO - Prepared datasets: 291 train & 1000 validation samples
2025-05-10 05:31:33,713 - INFO - Initializing model...
2025-05-10 05:31:33,715 - INFO - Fitting model...
2025-05-10 05:32:17,572 - INFO - Saved weights to /s/ls4/users/selibrin/spiking_researches/correlation_encoding_and_training/mnist/hpo/shifted_stdp_synapse/hpo_data/hpo_iteration_data/4339489/estimator_1_neuron_0_weights.npy
2025-05-10 05:32:17,572 - INFO - Evaluating model...
2025-05-10 05:34:29,598 - INFO - Saved validation outputs to /s/ls4/users/selibrin/spiking_researches/correlation_encoding_and_training/mnist/hpo/shifted_stdp_synapse/hpo_data/hpo_iteration_data/4339489/estimator_1_neuron_0_validation_outputs.npy
2025-05-10 05:34:29,599 - INFO - Waiting for parameters file: /s/ls4/users/selibrin/spiking_researches/correlation_encoding_and_training/mnist/hpo/shifted_stdp_synapse/hpo_data/hpo_iteration_data/4339489/params_1_0.pkl
2025-05-10 05:35:04,639 - INFO - Loaded HPO parameters
2025-05-10 05:35:04,639 - INFO - Preparing datasets...
2025-05-10 05:35:07,724 - INFO - Prepared datasets: 291 train & 1000 validation samples
2025-05-10 05:35:07,724 - INFO - Initializing model...
2025-05-10 05:35:07,726 - INFO - Fitting model...
2025-05-10 05:35:51,412 - INFO - Saved weights to /s/ls4/users/selibrin/spiking_researches/correlation_encoding_and_training/mnist/hpo/shifted_stdp_synapse/hpo_data/hpo_iteration_data/4339489/estimator_1_neuron_0_weights.npy
2025-05-10 05:35:51,412 - INFO - Evaluating model...
2025-05-10 05:38:03,778 - INFO - Saved validation outputs to /s/ls4/users/selibrin/spiking_researches/correlation_encoding_and_training/mnist/hpo/shifted_stdp_synapse/hpo_data/hpo_iteration_data/4339489/estimator_1_neuron_0_validation_outputs.npy
2025-05-10 05:38:03,778 - INFO - Waiting for parameters file: /s/ls4/users/selibrin/spiking_researches/correlation_encoding_and_training/mnist/hpo/shifted_stdp_synapse/hpo_data/hpo_iteration_data/4339489/params_1_0.pkl
2025-05-10 05:38:33,815 - INFO - Loaded HPO parameters
2025-05-10 05:38:33,815 - INFO - Preparing datasets...
2025-05-10 05:38:37,456 - INFO - Prepared datasets: 291 train & 1000 validation samples
2025-05-10 05:38:37,457 - INFO - Initializing model...
2025-05-10 05:38:37,460 - INFO - Fitting model...
2025-05-10 05:39:22,649 - INFO - Saved weights to /s/ls4/users/selibrin/spiking_researches/correlation_encoding_and_training/mnist/hpo/shifted_stdp_synapse/hpo_data/hpo_iteration_data/4339489/estimator_1_neuron_0_weights.npy
2025-05-10 05:39:22,649 - INFO - Evaluating model...
2025-05-10 05:41:35,478 - INFO - Saved validation outputs to /s/ls4/users/selibrin/spiking_researches/correlation_encoding_and_training/mnist/hpo/shifted_stdp_synapse/hpo_data/hpo_iteration_data/4339489/estimator_1_neuron_0_validation_outputs.npy
2025-05-10 05:41:35,479 - INFO - Waiting for parameters file: /s/ls4/users/selibrin/spiking_researches/correlation_encoding_and_training/mnist/hpo/shifted_stdp_synapse/hpo_data/hpo_iteration_data/4339489/params_1_0.pkl
2025-05-10 05:42:10,520 - INFO - Loaded HPO parameters
2025-05-10 05:42:10,520 - INFO - Preparing datasets...
2025-05-10 05:42:13,742 - INFO - Prepared datasets: 291 train & 1000 validation samples
2025-05-10 05:42:13,743 - INFO - Initializing model...
2025-05-10 05:42:13,746 - INFO - Fitting model...
2025-05-10 05:42:58,139 - INFO - Saved weights to /s/ls4/users/selibrin/spiking_researches/correlation_encoding_and_training/mnist/hpo/shifted_stdp_synapse/hpo_data/hpo_iteration_data/4339489/estimator_1_neuron_0_weights.npy
2025-05-10 05:42:58,139 - INFO - Evaluating model...
2025-05-10 05:45:11,613 - INFO - Saved validation outputs to /s/ls4/users/selibrin/spiking_researches/correlation_encoding_and_training/mnist/hpo/shifted_stdp_synapse/hpo_data/hpo_iteration_data/4339489/estimator_1_neuron_0_validation_outputs.npy
2025-05-10 05:45:11,613 - INFO - Waiting for parameters file: /s/ls4/users/selibrin/spiking_researches/correlation_encoding_and_training/mnist/hpo/shifted_stdp_synapse/hpo_data/hpo_iteration_data/4339489/params_1_0.pkl
2025-05-10 05:45:41,650 - INFO - Loaded HPO parameters
2025-05-10 05:45:41,650 - INFO - Preparing datasets...
2025-05-10 05:45:45,015 - INFO - Prepared datasets: 291 train & 1000 validation samples
2025-05-10 05:45:45,021 - INFO - Initializing model...
2025-05-10 05:45:45,024 - INFO - Fitting model...
2025-05-10 05:46:30,391 - INFO - Saved weights to /s/ls4/users/selibrin/spiking_researches/correlation_encoding_and_training/mnist/hpo/shifted_stdp_synapse/hpo_data/hpo_iteration_data/4339489/estimator_1_neuron_0_weights.npy
2025-05-10 05:46:30,391 - INFO - Evaluating model...
2025-05-10 05:48:46,620 - INFO - Saved validation outputs to /s/ls4/users/selibrin/spiking_researches/correlation_encoding_and_training/mnist/hpo/shifted_stdp_synapse/hpo_data/hpo_iteration_data/4339489/estimator_1_neuron_0_validation_outputs.npy
2025-05-10 05:48:46,621 - INFO - Waiting for parameters file: /s/ls4/users/selibrin/spiking_researches/correlation_encoding_and_training/mnist/hpo/shifted_stdp_synapse/hpo_data/hpo_iteration_data/4339489/params_1_0.pkl
2025-05-10 05:49:16,656 - INFO - Loaded HPO parameters
2025-05-10 05:49:16,656 - INFO - Preparing datasets...
2025-05-10 05:49:19,801 - INFO - Prepared datasets: 291 train & 1000 validation samples
2025-05-10 05:49:19,801 - INFO - Initializing model...
2025-05-10 05:49:19,804 - INFO - Fitting model...
2025-05-10 05:50:03,390 - INFO - Saved weights to /s/ls4/users/selibrin/spiking_researches/correlation_encoding_and_training/mnist/hpo/shifted_stdp_synapse/hpo_data/hpo_iteration_data/4339489/estimator_1_neuron_0_weights.npy
2025-05-10 05:50:03,390 - INFO - Evaluating model...
2025-05-10 05:52:13,541 - INFO - Saved validation outputs to /s/ls4/users/selibrin/spiking_researches/correlation_encoding_and_training/mnist/hpo/shifted_stdp_synapse/hpo_data/hpo_iteration_data/4339489/estimator_1_neuron_0_validation_outputs.npy
2025-05-10 05:52:13,541 - INFO - Waiting for parameters file: /s/ls4/users/selibrin/spiking_researches/correlation_encoding_and_training/mnist/hpo/shifted_stdp_synapse/hpo_data/hpo_iteration_data/4339489/params_1_0.pkl
2025-05-10 05:52:48,579 - INFO - Loaded HPO parameters
2025-05-10 05:52:48,579 - INFO - Preparing datasets...
2025-05-10 05:52:51,713 - INFO - Prepared datasets: 291 train & 1000 validation samples
2025-05-10 05:52:51,718 - INFO - Initializing model...
2025-05-10 05:52:51,721 - INFO - Fitting model...
2025-05-10 05:53:35,572 - INFO - Saved weights to /s/ls4/users/selibrin/spiking_researches/correlation_encoding_and_training/mnist/hpo/shifted_stdp_synapse/hpo_data/hpo_iteration_data/4339489/estimator_1_neuron_0_weights.npy
2025-05-10 05:53:35,573 - INFO - Evaluating model...
2025-05-10 05:55:45,797 - INFO - Saved validation outputs to /s/ls4/users/selibrin/spiking_researches/correlation_encoding_and_training/mnist/hpo/shifted_stdp_synapse/hpo_data/hpo_iteration_data/4339489/estimator_1_neuron_0_validation_outputs.npy
2025-05-10 05:55:45,797 - INFO - Waiting for parameters file: /s/ls4/users/selibrin/spiking_researches/correlation_encoding_and_training/mnist/hpo/shifted_stdp_synapse/hpo_data/hpo_iteration_data/4339489/params_1_0.pkl
2025-05-10 05:56:20,840 - INFO - Loaded HPO parameters
2025-05-10 05:56:20,840 - INFO - Preparing datasets...
2025-05-10 05:56:24,113 - INFO - Prepared datasets: 291 train & 1000 validation samples
2025-05-10 05:56:24,113 - INFO - Initializing model...
2025-05-10 05:56:24,115 - INFO - Fitting model...
2025-05-10 05:57:08,853 - INFO - Saved weights to /s/ls4/users/selibrin/spiking_researches/correlation_encoding_and_training/mnist/hpo/shifted_stdp_synapse/hpo_data/hpo_iteration_data/4339489/estimator_1_neuron_0_weights.npy
2025-05-10 05:57:08,853 - INFO - Evaluating model...
2025-05-10 05:59:21,750 - INFO - Saved validation outputs to /s/ls4/users/selibrin/spiking_researches/correlation_encoding_and_training/mnist/hpo/shifted_stdp_synapse/hpo_data/hpo_iteration_data/4339489/estimator_1_neuron_0_validation_outputs.npy
2025-05-10 05:59:21,750 - INFO - Waiting for parameters file: /s/ls4/users/selibrin/spiking_researches/correlation_encoding_and_training/mnist/hpo/shifted_stdp_synapse/hpo_data/hpo_iteration_data/4339489/params_1_0.pkl
2025-05-10 05:59:56,792 - INFO - Loaded HPO parameters
2025-05-10 05:59:56,792 - INFO - Preparing datasets...
2025-05-10 05:59:59,905 - INFO - Prepared datasets: 291 train & 1000 validation samples
2025-05-10 05:59:59,910 - INFO - Initializing model...
2025-05-10 05:59:59,912 - INFO - Fitting model...
2025-05-10 06:00:44,159 - INFO - Saved weights to /s/ls4/users/selibrin/spiking_researches/correlation_encoding_and_training/mnist/hpo/shifted_stdp_synapse/hpo_data/hpo_iteration_data/4339489/estimator_1_neuron_0_weights.npy
2025-05-10 06:00:44,160 - INFO - Evaluating model...
2025-05-10 06:02:57,145 - INFO - Saved validation outputs to /s/ls4/users/selibrin/spiking_researches/correlation_encoding_and_training/mnist/hpo/shifted_stdp_synapse/hpo_data/hpo_iteration_data/4339489/estimator_1_neuron_0_validation_outputs.npy
2025-05-10 06:02:57,145 - INFO - Waiting for parameters file: /s/ls4/users/selibrin/spiking_researches/correlation_encoding_and_training/mnist/hpo/shifted_stdp_synapse/hpo_data/hpo_iteration_data/4339489/params_1_0.pkl
2025-05-10 06:03:27,194 - INFO - Loaded HPO parameters
2025-05-10 06:03:27,194 - INFO - Preparing datasets...
2025-05-10 06:03:30,381 - INFO - Prepared datasets: 291 train & 1000 validation samples
2025-05-10 06:03:30,381 - INFO - Initializing model...
2025-05-10 06:03:30,383 - INFO - Fitting model...
2025-05-10 06:04:14,798 - INFO - Saved weights to /s/ls4/users/selibrin/spiking_researches/correlation_encoding_and_training/mnist/hpo/shifted_stdp_synapse/hpo_data/hpo_iteration_data/4339489/estimator_1_neuron_0_weights.npy
2025-05-10 06:04:14,798 - INFO - Evaluating model...
2025-05-10 06:06:27,483 - INFO - Saved validation outputs to /s/ls4/users/selibrin/spiking_researches/correlation_encoding_and_training/mnist/hpo/shifted_stdp_synapse/hpo_data/hpo_iteration_data/4339489/estimator_1_neuron_0_validation_outputs.npy
2025-05-10 06:06:27,483 - INFO - Waiting for parameters file: /s/ls4/users/selibrin/spiking_researches/correlation_encoding_and_training/mnist/hpo/shifted_stdp_synapse/hpo_data/hpo_iteration_data/4339489/params_1_0.pkl
2025-05-10 06:07:02,525 - INFO - Loaded HPO parameters
2025-05-10 06:07:02,525 - INFO - Preparing datasets...
2025-05-10 06:07:05,800 - INFO - Prepared datasets: 291 train & 1000 validation samples
2025-05-10 06:07:05,800 - INFO - Initializing model...
2025-05-10 06:07:05,803 - INFO - Fitting model...
2025-05-10 06:07:58,509 - INFO - Saved weights to /s/ls4/users/selibrin/spiking_researches/correlation_encoding_and_training/mnist/hpo/shifted_stdp_synapse/hpo_data/hpo_iteration_data/4339489/estimator_1_neuron_0_weights.npy
2025-05-10 06:07:58,509 - INFO - Evaluating model...
2025-05-10 06:10:15,506 - INFO - Saved validation outputs to /s/ls4/users/selibrin/spiking_researches/correlation_encoding_and_training/mnist/hpo/shifted_stdp_synapse/hpo_data/hpo_iteration_data/4339489/estimator_1_neuron_0_validation_outputs.npy
2025-05-10 06:10:15,506 - INFO - Waiting for parameters file: /s/ls4/users/selibrin/spiking_researches/correlation_encoding_and_training/mnist/hpo/shifted_stdp_synapse/hpo_data/hpo_iteration_data/4339489/params_1_0.pkl
2025-05-10 06:10:35,530 - INFO - Loaded HPO parameters
2025-05-10 06:10:35,530 - INFO - Preparing datasets...
2025-05-10 06:10:38,761 - INFO - Prepared datasets: 291 train & 1000 validation samples
2025-05-10 06:10:38,761 - INFO - Initializing model...
2025-05-10 06:10:38,763 - INFO - Fitting model...
2025-05-10 06:11:23,696 - INFO - Saved weights to /s/ls4/users/selibrin/spiking_researches/correlation_encoding_and_training/mnist/hpo/shifted_stdp_synapse/hpo_data/hpo_iteration_data/4339489/estimator_1_neuron_0_weights.npy
2025-05-10 06:11:23,696 - INFO - Evaluating model...
2025-05-10 06:13:38,858 - INFO - Saved validation outputs to /s/ls4/users/selibrin/spiking_researches/correlation_encoding_and_training/mnist/hpo/shifted_stdp_synapse/hpo_data/hpo_iteration_data/4339489/estimator_1_neuron_0_validation_outputs.npy
2025-05-10 06:13:38,858 - INFO - Waiting for parameters file: /s/ls4/users/selibrin/spiking_researches/correlation_encoding_and_training/mnist/hpo/shifted_stdp_synapse/hpo_data/hpo_iteration_data/4339489/params_1_0.pkl
2025-05-10 06:14:08,894 - INFO - Loaded HPO parameters
2025-05-10 06:14:08,894 - INFO - Preparing datasets...
2025-05-10 06:14:12,194 - INFO - Prepared datasets: 1164 train & 1000 validation samples
2025-05-10 06:14:12,194 - INFO - Initializing model...
2025-05-10 06:14:12,197 - INFO - Fitting model...
2025-05-10 06:17:11,398 - INFO - Saved weights to /s/ls4/users/selibrin/spiking_researches/correlation_encoding_and_training/mnist/hpo/shifted_stdp_synapse/hpo_data/hpo_iteration_data/4339489/estimator_1_neuron_0_weights.npy
2025-05-10 06:17:11,399 - INFO - Evaluating model...
2025-05-10 06:19:23,257 - INFO - Saved validation outputs to /s/ls4/users/selibrin/spiking_researches/correlation_encoding_and_training/mnist/hpo/shifted_stdp_synapse/hpo_data/hpo_iteration_data/4339489/estimator_1_neuron_0_validation_outputs.npy
2025-05-10 06:19:23,257 - INFO - Waiting for parameters file: /s/ls4/users/selibrin/spiking_researches/correlation_encoding_and_training/mnist/hpo/shifted_stdp_synapse/hpo_data/hpo_iteration_data/4339489/params_1_0.pkl
2025-05-10 06:19:43,282 - INFO - Loaded HPO parameters
2025-05-10 06:19:43,282 - INFO - Preparing datasets...
2025-05-10 06:19:46,517 - INFO - Prepared datasets: 291 train & 1000 validation samples
2025-05-10 06:19:46,522 - INFO - Initializing model...
2025-05-10 06:19:46,525 - INFO - Fitting model...
2025-05-10 06:20:35,993 - INFO - Saved weights to /s/ls4/users/selibrin/spiking_researches/correlation_encoding_and_training/mnist/hpo/shifted_stdp_synapse/hpo_data/hpo_iteration_data/4339489/estimator_1_neuron_0_weights.npy
2025-05-10 06:20:35,993 - INFO - Evaluating model...
2025-05-10 06:22:49,610 - INFO - Saved validation outputs to /s/ls4/users/selibrin/spiking_researches/correlation_encoding_and_training/mnist/hpo/shifted_stdp_synapse/hpo_data/hpo_iteration_data/4339489/estimator_1_neuron_0_validation_outputs.npy
2025-05-10 06:22:49,610 - INFO - Waiting for parameters file: /s/ls4/users/selibrin/spiking_researches/correlation_encoding_and_training/mnist/hpo/shifted_stdp_synapse/hpo_data/hpo_iteration_data/4339489/params_1_0.pkl
2025-05-10 06:23:14,641 - INFO - Loaded HPO parameters
2025-05-10 06:23:14,642 - INFO - Preparing datasets...
2025-05-10 06:23:17,810 - INFO - Prepared datasets: 291 train & 1000 validation samples
2025-05-10 06:23:17,810 - INFO - Initializing model...
2025-05-10 06:23:17,812 - INFO - Fitting model...
2025-05-10 06:24:18,471 - INFO - Saved weights to /s/ls4/users/selibrin/spiking_researches/correlation_encoding_and_training/mnist/hpo/shifted_stdp_synapse/hpo_data/hpo_iteration_data/4339489/estimator_1_neuron_0_weights.npy
2025-05-10 06:24:18,471 - INFO - Evaluating model...
2025-05-10 06:26:38,913 - INFO - Saved validation outputs to /s/ls4/users/selibrin/spiking_researches/correlation_encoding_and_training/mnist/hpo/shifted_stdp_synapse/hpo_data/hpo_iteration_data/4339489/estimator_1_neuron_0_validation_outputs.npy
2025-05-10 06:26:38,914 - INFO - Waiting for parameters file: /s/ls4/users/selibrin/spiking_researches/correlation_encoding_and_training/mnist/hpo/shifted_stdp_synapse/hpo_data/hpo_iteration_data/4339489/params_1_0.pkl
2025-05-10 06:26:48,929 - INFO - Loaded HPO parameters
2025-05-10 06:26:48,930 - INFO - Preparing datasets...
2025-05-10 06:26:52,382 - INFO - Prepared datasets: 291 train & 1000 validation samples
2025-05-10 06:26:52,387 - INFO - Initializing model...
2025-05-10 06:26:52,389 - INFO - Fitting model...
2025-05-10 06:27:37,659 - INFO - Saved weights to /s/ls4/users/selibrin/spiking_researches/correlation_encoding_and_training/mnist/hpo/shifted_stdp_synapse/hpo_data/hpo_iteration_data/4339489/estimator_1_neuron_0_weights.npy
2025-05-10 06:27:37,659 - INFO - Evaluating model...
2025-05-10 06:29:52,178 - INFO - Saved validation outputs to /s/ls4/users/selibrin/spiking_researches/correlation_encoding_and_training/mnist/hpo/shifted_stdp_synapse/hpo_data/hpo_iteration_data/4339489/estimator_1_neuron_0_validation_outputs.npy
2025-05-10 06:29:52,179 - INFO - Waiting for parameters file: /s/ls4/users/selibrin/spiking_researches/correlation_encoding_and_training/mnist/hpo/shifted_stdp_synapse/hpo_data/hpo_iteration_data/4339489/params_1_0.pkl
2025-05-10 06:30:22,216 - INFO - Loaded HPO parameters
2025-05-10 06:30:22,216 - INFO - Preparing datasets...
2025-05-10 06:30:25,396 - INFO - Prepared datasets: 291 train & 1000 validation samples
2025-05-10 06:30:25,396 - INFO - Initializing model...
2025-05-10 06:30:25,400 - INFO - Fitting model...
2025-05-10 06:31:13,154 - INFO - Saved weights to /s/ls4/users/selibrin/spiking_researches/correlation_encoding_and_training/mnist/hpo/shifted_stdp_synapse/hpo_data/hpo_iteration_data/4339489/estimator_1_neuron_0_weights.npy
2025-05-10 06:31:13,154 - INFO - Evaluating model...
2025-05-10 06:33:28,387 - INFO - Saved validation outputs to /s/ls4/users/selibrin/spiking_researches/correlation_encoding_and_training/mnist/hpo/shifted_stdp_synapse/hpo_data/hpo_iteration_data/4339489/estimator_1_neuron_0_validation_outputs.npy
2025-05-10 06:33:28,387 - INFO - Waiting for parameters file: /s/ls4/users/selibrin/spiking_researches/correlation_encoding_and_training/mnist/hpo/shifted_stdp_synapse/hpo_data/hpo_iteration_data/4339489/params_1_0.pkl
2025-05-10 06:33:58,423 - INFO - Loaded HPO parameters
2025-05-10 06:33:58,423 - INFO - Preparing datasets...
2025-05-10 06:34:01,484 - INFO - Prepared datasets: 1164 train & 1000 validation samples
2025-05-10 06:34:01,489 - INFO - Initializing model...
2025-05-10 06:34:01,491 - INFO - Fitting model...
2025-05-10 06:37:06,197 - INFO - Saved weights to /s/ls4/users/selibrin/spiking_researches/correlation_encoding_and_training/mnist/hpo/shifted_stdp_synapse/hpo_data/hpo_iteration_data/4339489/estimator_1_neuron_0_weights.npy
2025-05-10 06:37:06,197 - INFO - Evaluating model...
2025-05-10 06:39:18,270 - INFO - Saved validation outputs to /s/ls4/users/selibrin/spiking_researches/correlation_encoding_and_training/mnist/hpo/shifted_stdp_synapse/hpo_data/hpo_iteration_data/4339489/estimator_1_neuron_0_validation_outputs.npy
2025-05-10 06:39:18,270 - INFO - Waiting for parameters file: /s/ls4/users/selibrin/spiking_researches/correlation_encoding_and_training/mnist/hpo/shifted_stdp_synapse/hpo_data/hpo_iteration_data/4339489/params_1_0.pkl
2025-05-10 06:39:58,317 - INFO - Loaded HPO parameters
2025-05-10 06:39:58,317 - INFO - Preparing datasets...
2025-05-10 06:40:01,563 - INFO - Prepared datasets: 291 train & 1000 validation samples
2025-05-10 06:40:01,564 - INFO - Initializing model...
2025-05-10 06:40:01,567 - INFO - Fitting model...
2025-05-10 06:40:46,392 - INFO - Saved weights to /s/ls4/users/selibrin/spiking_researches/correlation_encoding_and_training/mnist/hpo/shifted_stdp_synapse/hpo_data/hpo_iteration_data/4339489/estimator_1_neuron_0_weights.npy
2025-05-10 06:40:46,392 - INFO - Evaluating model...
2025-05-10 06:42:59,480 - INFO - Saved validation outputs to /s/ls4/users/selibrin/spiking_researches/correlation_encoding_and_training/mnist/hpo/shifted_stdp_synapse/hpo_data/hpo_iteration_data/4339489/estimator_1_neuron_0_validation_outputs.npy
2025-05-10 06:42:59,480 - INFO - Waiting for parameters file: /s/ls4/users/selibrin/spiking_researches/correlation_encoding_and_training/mnist/hpo/shifted_stdp_synapse/hpo_data/hpo_iteration_data/4339489/params_1_0.pkl
2025-05-10 06:43:34,520 - INFO - Loaded HPO parameters
2025-05-10 06:43:34,521 - INFO - Preparing datasets...
2025-05-10 06:43:37,710 - INFO - Prepared datasets: 291 train & 1000 validation samples
2025-05-10 06:43:37,715 - INFO - Initializing model...
2025-05-10 06:43:37,717 - INFO - Fitting model...
2025-05-10 06:44:29,544 - INFO - Saved weights to /s/ls4/users/selibrin/spiking_researches/correlation_encoding_and_training/mnist/hpo/shifted_stdp_synapse/hpo_data/hpo_iteration_data/4339489/estimator_1_neuron_0_weights.npy
2025-05-10 06:44:29,544 - INFO - Evaluating model...
2025-05-10 06:46:41,544 - INFO - Saved validation outputs to /s/ls4/users/selibrin/spiking_researches/correlation_encoding_and_training/mnist/hpo/shifted_stdp_synapse/hpo_data/hpo_iteration_data/4339489/estimator_1_neuron_0_validation_outputs.npy
2025-05-10 06:46:41,544 - INFO - Waiting for parameters file: /s/ls4/users/selibrin/spiking_researches/correlation_encoding_and_training/mnist/hpo/shifted_stdp_synapse/hpo_data/hpo_iteration_data/4339489/params_1_0.pkl
2025-05-10 06:47:06,574 - INFO - Loaded HPO parameters
2025-05-10 06:47:06,574 - INFO - Preparing datasets...
2025-05-10 06:47:09,878 - INFO - Prepared datasets: 291 train & 1000 validation samples
2025-05-10 06:47:09,878 - INFO - Initializing model...
2025-05-10 06:47:09,881 - INFO - Fitting model...
2025-05-10 06:47:54,105 - INFO - Saved weights to /s/ls4/users/selibrin/spiking_researches/correlation_encoding_and_training/mnist/hpo/shifted_stdp_synapse/hpo_data/hpo_iteration_data/4339489/estimator_1_neuron_0_weights.npy
2025-05-10 06:47:54,105 - INFO - Evaluating model...
2025-05-10 06:50:06,965 - INFO - Saved validation outputs to /s/ls4/users/selibrin/spiking_researches/correlation_encoding_and_training/mnist/hpo/shifted_stdp_synapse/hpo_data/hpo_iteration_data/4339489/estimator_1_neuron_0_validation_outputs.npy
2025-05-10 06:50:06,965 - INFO - Waiting for parameters file: /s/ls4/users/selibrin/spiking_researches/correlation_encoding_and_training/mnist/hpo/shifted_stdp_synapse/hpo_data/hpo_iteration_data/4339489/params_1_0.pkl
2025-05-10 06:50:37,002 - INFO - Loaded HPO parameters
2025-05-10 06:50:37,002 - INFO - Preparing datasets...
2025-05-10 06:50:40,187 - INFO - Prepared datasets: 1164 train & 1000 validation samples
2025-05-10 06:50:40,192 - INFO - Initializing model...
2025-05-10 06:50:40,194 - INFO - Fitting model...
2025-05-10 06:53:45,119 - INFO - Saved weights to /s/ls4/users/selibrin/spiking_researches/correlation_encoding_and_training/mnist/hpo/shifted_stdp_synapse/hpo_data/hpo_iteration_data/4339489/estimator_1_neuron_0_weights.npy
2025-05-10 06:53:45,119 - INFO - Evaluating model...
2025-05-10 06:56:02,745 - INFO - Saved validation outputs to /s/ls4/users/selibrin/spiking_researches/correlation_encoding_and_training/mnist/hpo/shifted_stdp_synapse/hpo_data/hpo_iteration_data/4339489/estimator_1_neuron_0_validation_outputs.npy
2025-05-10 06:56:02,746 - INFO - Waiting for parameters file: /s/ls4/users/selibrin/spiking_researches/correlation_encoding_and_training/mnist/hpo/shifted_stdp_synapse/hpo_data/hpo_iteration_data/4339489/params_1_0.pkl
2025-05-10 06:56:12,761 - INFO - Loaded HPO parameters
2025-05-10 06:56:12,761 - INFO - Preparing datasets...
2025-05-10 06:56:16,396 - INFO - Prepared datasets: 291 train & 1000 validation samples
2025-05-10 06:56:16,397 - INFO - Initializing model...
2025-05-10 06:56:16,400 - INFO - Fitting model...
2025-05-10 06:57:02,061 - INFO - Saved weights to /s/ls4/users/selibrin/spiking_researches/correlation_encoding_and_training/mnist/hpo/shifted_stdp_synapse/hpo_data/hpo_iteration_data/4339489/estimator_1_neuron_0_weights.npy
2025-05-10 06:57:02,061 - INFO - Evaluating model...
2025-05-10 06:59:17,917 - INFO - Saved validation outputs to /s/ls4/users/selibrin/spiking_researches/correlation_encoding_and_training/mnist/hpo/shifted_stdp_synapse/hpo_data/hpo_iteration_data/4339489/estimator_1_neuron_0_validation_outputs.npy
2025-05-10 06:59:17,917 - INFO - Waiting for parameters file: /s/ls4/users/selibrin/spiking_researches/correlation_encoding_and_training/mnist/hpo/shifted_stdp_synapse/hpo_data/hpo_iteration_data/4339489/params_1_0.pkl
2025-05-10 06:59:47,954 - INFO - Loaded HPO parameters
2025-05-10 06:59:47,954 - INFO - Preparing datasets...
2025-05-10 06:59:51,178 - INFO - Prepared datasets: 291 train & 1000 validation samples
2025-05-10 06:59:51,179 - INFO - Initializing model...
2025-05-10 06:59:51,181 - INFO - Fitting model...
2025-05-10 07:00:50,401 - INFO - Saved weights to /s/ls4/users/selibrin/spiking_researches/correlation_encoding_and_training/mnist/hpo/shifted_stdp_synapse/hpo_data/hpo_iteration_data/4339489/estimator_1_neuron_0_weights.npy
2025-05-10 07:00:50,402 - INFO - Evaluating model...
2025-05-10 07:03:10,098 - INFO - Saved validation outputs to /s/ls4/users/selibrin/spiking_researches/correlation_encoding_and_training/mnist/hpo/shifted_stdp_synapse/hpo_data/hpo_iteration_data/4339489/estimator_1_neuron_0_validation_outputs.npy
2025-05-10 07:03:10,099 - INFO - Waiting for parameters file: /s/ls4/users/selibrin/spiking_researches/correlation_encoding_and_training/mnist/hpo/shifted_stdp_synapse/hpo_data/hpo_iteration_data/4339489/params_1_0.pkl
2025-05-10 07:03:20,113 - INFO - Loaded HPO parameters
2025-05-10 07:03:20,114 - INFO - Preparing datasets...
2025-05-10 07:03:23,300 - INFO - Prepared datasets: 291 train & 1000 validation samples
2025-05-10 07:03:23,300 - INFO - Initializing model...
2025-05-10 07:03:23,303 - INFO - Fitting model...
2025-05-10 07:04:13,073 - INFO - Saved weights to /s/ls4/users/selibrin/spiking_researches/correlation_encoding_and_training/mnist/hpo/shifted_stdp_synapse/hpo_data/hpo_iteration_data/4339489/estimator_1_neuron_0_weights.npy
2025-05-10 07:04:13,074 - INFO - Evaluating model...
2025-05-10 07:06:28,337 - INFO - Saved validation outputs to /s/ls4/users/selibrin/spiking_researches/correlation_encoding_and_training/mnist/hpo/shifted_stdp_synapse/hpo_data/hpo_iteration_data/4339489/estimator_1_neuron_0_validation_outputs.npy
2025-05-10 07:06:28,337 - INFO - Waiting for parameters file: /s/ls4/users/selibrin/spiking_researches/correlation_encoding_and_training/mnist/hpo/shifted_stdp_synapse/hpo_data/hpo_iteration_data/4339489/params_1_0.pkl
2025-05-10 07:06:53,368 - INFO - Loaded HPO parameters
2025-05-10 07:06:53,368 - INFO - Preparing datasets...
2025-05-10 07:06:56,559 - INFO - Prepared datasets: 291 train & 1000 validation samples
2025-05-10 07:06:56,564 - INFO - Initializing model...
2025-05-10 07:06:56,566 - INFO - Fitting model...
2025-05-10 07:07:41,806 - INFO - Saved weights to /s/ls4/users/selibrin/spiking_researches/correlation_encoding_and_training/mnist/hpo/shifted_stdp_synapse/hpo_data/hpo_iteration_data/4339489/estimator_1_neuron_0_weights.npy
2025-05-10 07:07:41,807 - INFO - Evaluating model...
2025-05-10 07:09:57,375 - INFO - Saved validation outputs to /s/ls4/users/selibrin/spiking_researches/correlation_encoding_and_training/mnist/hpo/shifted_stdp_synapse/hpo_data/hpo_iteration_data/4339489/estimator_1_neuron_0_validation_outputs.npy
2025-05-10 07:09:57,375 - INFO - Waiting for parameters file: /s/ls4/users/selibrin/spiking_researches/correlation_encoding_and_training/mnist/hpo/shifted_stdp_synapse/hpo_data/hpo_iteration_data/4339489/params_1_0.pkl
2025-05-10 07:10:27,409 - INFO - Loaded HPO parameters
2025-05-10 07:10:27,411 - INFO - Preparing datasets...
2025-05-10 07:10:30,713 - INFO - Prepared datasets: 1164 train & 1000 validation samples
2025-05-10 07:10:30,714 - INFO - Initializing model...
2025-05-10 07:10:30,717 - INFO - Fitting model...
2025-05-10 07:13:42,164 - INFO - Saved weights to /s/ls4/users/selibrin/spiking_researches/correlation_encoding_and_training/mnist/hpo/shifted_stdp_synapse/hpo_data/hpo_iteration_data/4339489/estimator_1_neuron_0_weights.npy
2025-05-10 07:13:42,165 - INFO - Evaluating model...
2025-05-10 07:15:57,268 - INFO - Saved validation outputs to /s/ls4/users/selibrin/spiking_researches/correlation_encoding_and_training/mnist/hpo/shifted_stdp_synapse/hpo_data/hpo_iteration_data/4339489/estimator_1_neuron_0_validation_outputs.npy
2025-05-10 07:15:57,269 - INFO - Waiting for parameters file: /s/ls4/users/selibrin/spiking_researches/correlation_encoding_and_training/mnist/hpo/shifted_stdp_synapse/hpo_data/hpo_iteration_data/4339489/params_1_0.pkl
2025-05-10 07:16:32,310 - INFO - Loaded HPO parameters
2025-05-10 07:16:32,310 - INFO - Preparing datasets...
2025-05-10 07:16:35,723 - INFO - Prepared datasets: 291 train & 1000 validation samples
2025-05-10 07:16:35,728 - INFO - Initializing model...
2025-05-10 07:16:35,732 - INFO - Fitting model...
2025-05-10 07:17:23,163 - INFO - Saved weights to /s/ls4/users/selibrin/spiking_researches/correlation_encoding_and_training/mnist/hpo/shifted_stdp_synapse/hpo_data/hpo_iteration_data/4339489/estimator_1_neuron_0_weights.npy
2025-05-10 07:17:23,163 - INFO - Evaluating model...
2025-05-10 07:19:39,669 - INFO - Saved validation outputs to /s/ls4/users/selibrin/spiking_researches/correlation_encoding_and_training/mnist/hpo/shifted_stdp_synapse/hpo_data/hpo_iteration_data/4339489/estimator_1_neuron_0_validation_outputs.npy
2025-05-10 07:19:39,669 - INFO - Waiting for parameters file: /s/ls4/users/selibrin/spiking_researches/correlation_encoding_and_training/mnist/hpo/shifted_stdp_synapse/hpo_data/hpo_iteration_data/4339489/params_1_0.pkl
2025-05-10 07:20:04,699 - INFO - Loaded HPO parameters
2025-05-10 07:20:04,699 - INFO - Preparing datasets...
2025-05-10 07:20:07,828 - INFO - Prepared datasets: 291 train & 1000 validation samples
2025-05-10 07:20:07,829 - INFO - Initializing model...
2025-05-10 07:20:07,831 - INFO - Fitting model...
2025-05-10 07:20:52,053 - INFO - Saved weights to /s/ls4/users/selibrin/spiking_researches/correlation_encoding_and_training/mnist/hpo/shifted_stdp_synapse/hpo_data/hpo_iteration_data/4339489/estimator_1_neuron_0_weights.npy
2025-05-10 07:20:52,053 - INFO - Evaluating model...
2025-05-10 07:23:02,979 - INFO - Saved validation outputs to /s/ls4/users/selibrin/spiking_researches/correlation_encoding_and_training/mnist/hpo/shifted_stdp_synapse/hpo_data/hpo_iteration_data/4339489/estimator_1_neuron_0_validation_outputs.npy
2025-05-10 07:23:02,979 - INFO - Waiting for parameters file: /s/ls4/users/selibrin/spiking_researches/correlation_encoding_and_training/mnist/hpo/shifted_stdp_synapse/hpo_data/hpo_iteration_data/4339489/params_1_0.pkl
2025-05-10 07:23:38,021 - INFO - Loaded HPO parameters
2025-05-10 07:23:38,021 - INFO - Preparing datasets...
2025-05-10 07:23:41,127 - INFO - Prepared datasets: 291 train & 1000 validation samples
2025-05-10 07:23:41,132 - INFO - Initializing model...
2025-05-10 07:23:41,134 - INFO - Fitting model...
2025-05-10 07:24:25,418 - INFO - Saved weights to /s/ls4/users/selibrin/spiking_researches/correlation_encoding_and_training/mnist/hpo/shifted_stdp_synapse/hpo_data/hpo_iteration_data/4339489/estimator_1_neuron_0_weights.npy
2025-05-10 07:24:25,418 - INFO - Evaluating model...
2025-05-10 07:26:37,803 - INFO - Saved validation outputs to /s/ls4/users/selibrin/spiking_researches/correlation_encoding_and_training/mnist/hpo/shifted_stdp_synapse/hpo_data/hpo_iteration_data/4339489/estimator_1_neuron_0_validation_outputs.npy
2025-05-10 07:26:37,803 - INFO - Waiting for parameters file: /s/ls4/users/selibrin/spiking_researches/correlation_encoding_and_training/mnist/hpo/shifted_stdp_synapse/hpo_data/hpo_iteration_data/4339489/params_1_0.pkl
2025-05-10 07:27:07,856 - INFO - Loaded HPO parameters
2025-05-10 07:27:07,857 - INFO - Preparing datasets...
2025-05-10 07:27:11,197 - INFO - Prepared datasets: 291 train & 1000 validation samples
2025-05-10 07:27:11,198 - INFO - Initializing model...
2025-05-10 07:27:11,238 - INFO - Fitting model...
2025-05-10 07:28:04,263 - INFO - Saved weights to /s/ls4/users/selibrin/spiking_researches/correlation_encoding_and_training/mnist/hpo/shifted_stdp_synapse/hpo_data/hpo_iteration_data/4339489/estimator_1_neuron_0_weights.npy
2025-05-10 07:28:04,263 - INFO - Evaluating model...
2025-05-10 07:30:18,453 - INFO - Saved validation outputs to /s/ls4/users/selibrin/spiking_researches/correlation_encoding_and_training/mnist/hpo/shifted_stdp_synapse/hpo_data/hpo_iteration_data/4339489/estimator_1_neuron_0_validation_outputs.npy
2025-05-10 07:30:18,453 - INFO - Waiting for parameters file: /s/ls4/users/selibrin/spiking_researches/correlation_encoding_and_training/mnist/hpo/shifted_stdp_synapse/hpo_data/hpo_iteration_data/4339489/params_1_0.pkl
2025-05-10 07:30:43,483 - INFO - Loaded HPO parameters
2025-05-10 07:30:43,483 - INFO - Preparing datasets...
2025-05-10 07:30:46,564 - INFO - Prepared datasets: 1164 train & 1000 validation samples
2025-05-10 07:30:46,569 - INFO - Initializing model...
2025-05-10 07:30:46,571 - INFO - Fitting model...
2025-05-10 07:33:41,458 - INFO - Saved weights to /s/ls4/users/selibrin/spiking_researches/correlation_encoding_and_training/mnist/hpo/shifted_stdp_synapse/hpo_data/hpo_iteration_data/4339489/estimator_1_neuron_0_weights.npy
2025-05-10 07:33:41,459 - INFO - Evaluating model...
2025-05-10 07:35:53,075 - INFO - Saved validation outputs to /s/ls4/users/selibrin/spiking_researches/correlation_encoding_and_training/mnist/hpo/shifted_stdp_synapse/hpo_data/hpo_iteration_data/4339489/estimator_1_neuron_0_validation_outputs.npy
2025-05-10 07:35:53,075 - INFO - Waiting for parameters file: /s/ls4/users/selibrin/spiking_researches/correlation_encoding_and_training/mnist/hpo/shifted_stdp_synapse/hpo_data/hpo_iteration_data/4339489/params_1_0.pkl
2025-05-10 07:36:18,106 - INFO - Loaded HPO parameters
2025-05-10 07:36:18,106 - INFO - Preparing datasets...
2025-05-10 07:36:21,248 - INFO - Prepared datasets: 291 train & 1000 validation samples
2025-05-10 07:36:21,248 - INFO - Initializing model...
2025-05-10 07:36:21,250 - INFO - Fitting model...
2025-05-10 07:37:06,609 - INFO - Saved weights to /s/ls4/users/selibrin/spiking_researches/correlation_encoding_and_training/mnist/hpo/shifted_stdp_synapse/hpo_data/hpo_iteration_data/4339489/estimator_1_neuron_0_weights.npy
2025-05-10 07:37:06,610 - INFO - Evaluating model...
2025-05-10 07:39:19,001 - INFO - Saved validation outputs to /s/ls4/users/selibrin/spiking_researches/correlation_encoding_and_training/mnist/hpo/shifted_stdp_synapse/hpo_data/hpo_iteration_data/4339489/estimator_1_neuron_0_validation_outputs.npy
2025-05-10 07:39:19,001 - INFO - Waiting for parameters file: /s/ls4/users/selibrin/spiking_researches/correlation_encoding_and_training/mnist/hpo/shifted_stdp_synapse/hpo_data/hpo_iteration_data/4339489/params_1_0.pkl
2025-05-10 07:39:49,038 - INFO - Loaded HPO parameters
2025-05-10 07:39:49,038 - INFO - Preparing datasets...
2025-05-10 07:39:52,130 - INFO - Prepared datasets: 291 train & 1000 validation samples
2025-05-10 07:39:52,135 - INFO - Initializing model...
2025-05-10 07:39:52,137 - INFO - Fitting model...
2025-05-10 07:40:36,724 - INFO - Saved weights to /s/ls4/users/selibrin/spiking_researches/correlation_encoding_and_training/mnist/hpo/shifted_stdp_synapse/hpo_data/hpo_iteration_data/4339489/estimator_1_neuron_0_weights.npy
2025-05-10 07:40:36,724 - INFO - Evaluating model...
2025-05-10 07:42:49,223 - INFO - Saved validation outputs to /s/ls4/users/selibrin/spiking_researches/correlation_encoding_and_training/mnist/hpo/shifted_stdp_synapse/hpo_data/hpo_iteration_data/4339489/estimator_1_neuron_0_validation_outputs.npy
2025-05-10 07:42:49,223 - INFO - Waiting for parameters file: /s/ls4/users/selibrin/spiking_researches/correlation_encoding_and_training/mnist/hpo/shifted_stdp_synapse/hpo_data/hpo_iteration_data/4339489/params_1_0.pkl
2025-05-10 07:43:24,264 - INFO - Loaded HPO parameters
2025-05-10 07:43:24,264 - INFO - Preparing datasets...
2025-05-10 07:43:27,410 - INFO - Prepared datasets: 291 train & 1000 validation samples
2025-05-10 07:43:27,410 - INFO - Initializing model...
2025-05-10 07:43:27,412 - INFO - Fitting model...
2025-05-10 07:44:11,968 - INFO - Saved weights to /s/ls4/users/selibrin/spiking_researches/correlation_encoding_and_training/mnist/hpo/shifted_stdp_synapse/hpo_data/hpo_iteration_data/4339489/estimator_1_neuron_0_weights.npy
2025-05-10 07:44:11,969 - INFO - Evaluating model...
2025-05-10 07:46:25,419 - INFO - Saved validation outputs to /s/ls4/users/selibrin/spiking_researches/correlation_encoding_and_training/mnist/hpo/shifted_stdp_synapse/hpo_data/hpo_iteration_data/4339489/estimator_1_neuron_0_validation_outputs.npy
2025-05-10 07:46:25,420 - INFO - Waiting for parameters file: /s/ls4/users/selibrin/spiking_researches/correlation_encoding_and_training/mnist/hpo/shifted_stdp_synapse/hpo_data/hpo_iteration_data/4339489/params_1_0.pkl
2025-05-10 07:47:00,465 - INFO - Loaded HPO parameters
2025-05-10 07:47:00,465 - INFO - Preparing datasets...
2025-05-10 07:47:03,873 - INFO - Prepared datasets: 291 train & 1000 validation samples
2025-05-10 07:47:03,878 - INFO - Initializing model...
2025-05-10 07:47:03,881 - INFO - Fitting model...
2025-05-10 07:48:03,680 - INFO - Saved weights to /s/ls4/users/selibrin/spiking_researches/correlation_encoding_and_training/mnist/hpo/shifted_stdp_synapse/hpo_data/hpo_iteration_data/4339489/estimator_1_neuron_0_weights.npy
2025-05-10 07:48:03,680 - INFO - Evaluating model...
2025-05-10 07:50:22,061 - INFO - Saved validation outputs to /s/ls4/users/selibrin/spiking_researches/correlation_encoding_and_training/mnist/hpo/shifted_stdp_synapse/hpo_data/hpo_iteration_data/4339489/estimator_1_neuron_0_validation_outputs.npy
2025-05-10 07:50:22,061 - INFO - Waiting for parameters file: /s/ls4/users/selibrin/spiking_researches/correlation_encoding_and_training/mnist/hpo/shifted_stdp_synapse/hpo_data/hpo_iteration_data/4339489/params_1_0.pkl
2025-05-10 07:50:32,077 - INFO - Loaded HPO parameters
2025-05-10 07:50:32,077 - INFO - Preparing datasets...
2025-05-10 07:50:35,486 - INFO - Prepared datasets: 291 train & 1000 validation samples
2025-05-10 07:50:35,486 - INFO - Initializing model...
2025-05-10 07:50:35,489 - INFO - Fitting model...
2025-05-10 07:51:20,505 - INFO - Saved weights to /s/ls4/users/selibrin/spiking_researches/correlation_encoding_and_training/mnist/hpo/shifted_stdp_synapse/hpo_data/hpo_iteration_data/4339489/estimator_1_neuron_0_weights.npy
2025-05-10 07:51:20,505 - INFO - Evaluating model...
2025-05-10 07:53:32,957 - INFO - Saved validation outputs to /s/ls4/users/selibrin/spiking_researches/correlation_encoding_and_training/mnist/hpo/shifted_stdp_synapse/hpo_data/hpo_iteration_data/4339489/estimator_1_neuron_0_validation_outputs.npy
2025-05-10 07:53:32,957 - INFO - Waiting for parameters file: /s/ls4/users/selibrin/spiking_researches/correlation_encoding_and_training/mnist/hpo/shifted_stdp_synapse/hpo_data/hpo_iteration_data/4339489/params_1_0.pkl
2025-05-10 07:54:02,993 - INFO - Loaded HPO parameters
2025-05-10 07:54:02,993 - INFO - Preparing datasets...
2025-05-10 07:54:06,082 - INFO - Prepared datasets: 291 train & 1000 validation samples
2025-05-10 07:54:06,087 - INFO - Initializing model...
2025-05-10 07:54:06,089 - INFO - Fitting model...
2025-05-10 07:54:50,540 - INFO - Saved weights to /s/ls4/users/selibrin/spiking_researches/correlation_encoding_and_training/mnist/hpo/shifted_stdp_synapse/hpo_data/hpo_iteration_data/4339489/estimator_1_neuron_0_weights.npy
2025-05-10 07:54:50,541 - INFO - Evaluating model...
2025-05-10 07:57:04,655 - INFO - Saved validation outputs to /s/ls4/users/selibrin/spiking_researches/correlation_encoding_and_training/mnist/hpo/shifted_stdp_synapse/hpo_data/hpo_iteration_data/4339489/estimator_1_neuron_0_validation_outputs.npy
2025-05-10 07:57:04,655 - INFO - Waiting for parameters file: /s/ls4/users/selibrin/spiking_researches/correlation_encoding_and_training/mnist/hpo/shifted_stdp_synapse/hpo_data/hpo_iteration_data/4339489/params_1_0.pkl
2025-05-10 07:57:39,697 - INFO - Loaded HPO parameters
2025-05-10 07:57:39,697 - INFO - Preparing datasets...
2025-05-10 07:57:42,833 - INFO - Prepared datasets: 291 train & 1000 validation samples
2025-05-10 07:57:42,834 - INFO - Initializing model...
2025-05-10 07:57:42,836 - INFO - Fitting model...
2025-05-10 07:58:26,898 - INFO - Saved weights to /s/ls4/users/selibrin/spiking_researches/correlation_encoding_and_training/mnist/hpo/shifted_stdp_synapse/hpo_data/hpo_iteration_data/4339489/estimator_1_neuron_0_weights.npy
2025-05-10 07:58:26,898 - INFO - Evaluating model...
2025-05-10 08:00:37,997 - INFO - Saved validation outputs to /s/ls4/users/selibrin/spiking_researches/correlation_encoding_and_training/mnist/hpo/shifted_stdp_synapse/hpo_data/hpo_iteration_data/4339489/estimator_1_neuron_0_validation_outputs.npy
2025-05-10 08:00:37,997 - INFO - Waiting for parameters file: /s/ls4/users/selibrin/spiking_researches/correlation_encoding_and_training/mnist/hpo/shifted_stdp_synapse/hpo_data/hpo_iteration_data/4339489/params_1_0.pkl
2025-05-10 08:01:13,037 - INFO - Loaded HPO parameters
2025-05-10 08:01:13,037 - INFO - Preparing datasets...
2025-05-10 08:01:16,171 - INFO - Prepared datasets: 291 train & 1000 validation samples
2025-05-10 08:01:16,177 - INFO - Initializing model...
2025-05-10 08:01:16,179 - INFO - Fitting model...
2025-05-10 08:02:00,414 - INFO - Saved weights to /s/ls4/users/selibrin/spiking_researches/correlation_encoding_and_training/mnist/hpo/shifted_stdp_synapse/hpo_data/hpo_iteration_data/4339489/estimator_1_neuron_0_weights.npy
2025-05-10 08:02:00,414 - INFO - Evaluating model...
2025-05-10 08:04:11,969 - INFO - Saved validation outputs to /s/ls4/users/selibrin/spiking_researches/correlation_encoding_and_training/mnist/hpo/shifted_stdp_synapse/hpo_data/hpo_iteration_data/4339489/estimator_1_neuron_0_validation_outputs.npy
2025-05-10 08:04:11,969 - INFO - Waiting for parameters file: /s/ls4/users/selibrin/spiking_researches/correlation_encoding_and_training/mnist/hpo/shifted_stdp_synapse/hpo_data/hpo_iteration_data/4339489/params_1_0.pkl
2025-05-10 08:04:47,011 - INFO - Loaded HPO parameters
2025-05-10 08:04:47,011 - INFO - Preparing datasets...
2025-05-10 08:04:50,173 - INFO - Prepared datasets: 291 train & 1000 validation samples
2025-05-10 08:04:50,173 - INFO - Initializing model...
2025-05-10 08:04:50,175 - INFO - Fitting model...
2025-05-10 08:05:34,806 - INFO - Saved weights to /s/ls4/users/selibrin/spiking_researches/correlation_encoding_and_training/mnist/hpo/shifted_stdp_synapse/hpo_data/hpo_iteration_data/4339489/estimator_1_neuron_0_weights.npy
2025-05-10 08:05:34,806 - INFO - Evaluating model...
2025-05-10 08:07:46,787 - INFO - Saved validation outputs to /s/ls4/users/selibrin/spiking_researches/correlation_encoding_and_training/mnist/hpo/shifted_stdp_synapse/hpo_data/hpo_iteration_data/4339489/estimator_1_neuron_0_validation_outputs.npy
2025-05-10 08:07:46,787 - INFO - Waiting for parameters file: /s/ls4/users/selibrin/spiking_researches/correlation_encoding_and_training/mnist/hpo/shifted_stdp_synapse/hpo_data/hpo_iteration_data/4339489/params_1_0.pkl
2025-05-10 08:08:16,857 - INFO - Loaded HPO parameters
2025-05-10 08:08:16,858 - INFO - Preparing datasets...
2025-05-10 08:08:20,069 - INFO - Prepared datasets: 291 train & 1000 validation samples
2025-05-10 08:08:20,074 - INFO - Initializing model...
2025-05-10 08:08:20,077 - INFO - Fitting model...
2025-05-10 08:09:05,054 - INFO - Saved weights to /s/ls4/users/selibrin/spiking_researches/correlation_encoding_and_training/mnist/hpo/shifted_stdp_synapse/hpo_data/hpo_iteration_data/4339489/estimator_1_neuron_0_weights.npy
2025-05-10 08:09:05,054 - INFO - Evaluating model...
2025-05-10 08:11:19,151 - INFO - Saved validation outputs to /s/ls4/users/selibrin/spiking_researches/correlation_encoding_and_training/mnist/hpo/shifted_stdp_synapse/hpo_data/hpo_iteration_data/4339489/estimator_1_neuron_0_validation_outputs.npy
2025-05-10 08:11:19,151 - INFO - Waiting for parameters file: /s/ls4/users/selibrin/spiking_researches/correlation_encoding_and_training/mnist/hpo/shifted_stdp_synapse/hpo_data/hpo_iteration_data/4339489/params_1_0.pkl
2025-05-10 08:11:49,189 - INFO - Loaded HPO parameters
2025-05-10 08:11:49,189 - INFO - Preparing datasets...
2025-05-10 08:11:52,837 - INFO - Prepared datasets: 291 train & 1000 validation samples
2025-05-10 08:11:52,838 - INFO - Initializing model...
2025-05-10 08:11:52,840 - INFO - Fitting model...
2025-05-10 08:12:42,860 - INFO - Saved weights to /s/ls4/users/selibrin/spiking_researches/correlation_encoding_and_training/mnist/hpo/shifted_stdp_synapse/hpo_data/hpo_iteration_data/4339489/estimator_1_neuron_0_weights.npy
2025-05-10 08:12:42,860 - INFO - Evaluating model...
2025-05-10 08:14:58,609 - INFO - Saved validation outputs to /s/ls4/users/selibrin/spiking_researches/correlation_encoding_and_training/mnist/hpo/shifted_stdp_synapse/hpo_data/hpo_iteration_data/4339489/estimator_1_neuron_0_validation_outputs.npy
2025-05-10 08:14:58,610 - INFO - Waiting for parameters file: /s/ls4/users/selibrin/spiking_researches/correlation_encoding_and_training/mnist/hpo/shifted_stdp_synapse/hpo_data/hpo_iteration_data/4339489/params_1_0.pkl
2025-05-10 08:15:23,641 - INFO - Loaded HPO parameters
2025-05-10 08:15:23,641 - INFO - Preparing datasets...
2025-05-10 08:15:26,813 - INFO - Prepared datasets: 291 train & 1000 validation samples
2025-05-10 08:15:26,818 - INFO - Initializing model...
2025-05-10 08:15:26,820 - INFO - Fitting model...
2025-05-10 08:16:12,567 - INFO - Saved weights to /s/ls4/users/selibrin/spiking_researches/correlation_encoding_and_training/mnist/hpo/shifted_stdp_synapse/hpo_data/hpo_iteration_data/4339489/estimator_1_neuron_0_weights.npy
2025-05-10 08:16:12,567 - INFO - Evaluating model...
2025-05-10 08:18:28,315 - INFO - Saved validation outputs to /s/ls4/users/selibrin/spiking_researches/correlation_encoding_and_training/mnist/hpo/shifted_stdp_synapse/hpo_data/hpo_iteration_data/4339489/estimator_1_neuron_0_validation_outputs.npy
2025-05-10 08:18:28,315 - INFO - Waiting for parameters file: /s/ls4/users/selibrin/spiking_researches/correlation_encoding_and_training/mnist/hpo/shifted_stdp_synapse/hpo_data/hpo_iteration_data/4339489/params_1_0.pkl
2025-05-10 08:18:58,351 - INFO - Loaded HPO parameters
2025-05-10 08:18:58,351 - INFO - Preparing datasets...
2025-05-10 08:19:01,470 - INFO - Prepared datasets: 291 train & 1000 validation samples
2025-05-10 08:19:01,470 - INFO - Initializing model...
2025-05-10 08:19:01,473 - INFO - Fitting model...
2025-05-10 08:19:49,415 - INFO - Saved weights to /s/ls4/users/selibrin/spiking_researches/correlation_encoding_and_training/mnist/hpo/shifted_stdp_synapse/hpo_data/hpo_iteration_data/4339489/estimator_1_neuron_0_weights.npy
2025-05-10 08:19:49,416 - INFO - Evaluating model...
2025-05-10 08:22:04,280 - INFO - Saved validation outputs to /s/ls4/users/selibrin/spiking_researches/correlation_encoding_and_training/mnist/hpo/shifted_stdp_synapse/hpo_data/hpo_iteration_data/4339489/estimator_1_neuron_0_validation_outputs.npy
2025-05-10 08:22:04,280 - INFO - Waiting for parameters file: /s/ls4/users/selibrin/spiking_researches/correlation_encoding_and_training/mnist/hpo/shifted_stdp_synapse/hpo_data/hpo_iteration_data/4339489/params_1_0.pkl
2025-05-10 08:22:29,311 - INFO - Loaded HPO parameters
2025-05-10 08:22:29,311 - INFO - Preparing datasets...
2025-05-10 08:22:32,770 - INFO - Prepared datasets: 291 train & 1000 validation samples
2025-05-10 08:22:32,770 - INFO - Initializing model...
2025-05-10 08:22:32,772 - INFO - Fitting model...
2025-05-10 08:23:18,800 - INFO - Saved weights to /s/ls4/users/selibrin/spiking_researches/correlation_encoding_and_training/mnist/hpo/shifted_stdp_synapse/hpo_data/hpo_iteration_data/4339489/estimator_1_neuron_0_weights.npy
2025-05-10 08:23:18,800 - INFO - Evaluating model...
2025-05-10 08:25:37,451 - INFO - Saved validation outputs to /s/ls4/users/selibrin/spiking_researches/correlation_encoding_and_training/mnist/hpo/shifted_stdp_synapse/hpo_data/hpo_iteration_data/4339489/estimator_1_neuron_0_validation_outputs.npy
2025-05-10 08:25:37,451 - INFO - Waiting for parameters file: /s/ls4/users/selibrin/spiking_researches/correlation_encoding_and_training/mnist/hpo/shifted_stdp_synapse/hpo_data/hpo_iteration_data/4339489/params_1_0.pkl
2025-05-10 08:26:02,483 - INFO - Loaded HPO parameters
2025-05-10 08:26:02,483 - INFO - Preparing datasets...
2025-05-10 08:26:05,891 - INFO - Prepared datasets: 291 train & 1000 validation samples
2025-05-10 08:26:05,904 - INFO - Initializing model...
2025-05-10 08:26:05,907 - INFO - Fitting model...
2025-05-10 08:26:53,418 - INFO - Saved weights to /s/ls4/users/selibrin/spiking_researches/correlation_encoding_and_training/mnist/hpo/shifted_stdp_synapse/hpo_data/hpo_iteration_data/4339489/estimator_1_neuron_0_weights.npy
2025-05-10 08:26:53,418 - INFO - Evaluating model...
2025-05-10 08:29:11,858 - INFO - Saved validation outputs to /s/ls4/users/selibrin/spiking_researches/correlation_encoding_and_training/mnist/hpo/shifted_stdp_synapse/hpo_data/hpo_iteration_data/4339489/estimator_1_neuron_0_validation_outputs.npy
2025-05-10 08:29:11,858 - INFO - Waiting for parameters file: /s/ls4/users/selibrin/spiking_researches/correlation_encoding_and_training/mnist/hpo/shifted_stdp_synapse/hpo_data/hpo_iteration_data/4339489/params_1_0.pkl
2025-05-10 08:29:36,889 - INFO - Loaded HPO parameters
2025-05-10 08:29:36,889 - INFO - Preparing datasets...
2025-05-10 08:29:40,236 - INFO - Prepared datasets: 291 train & 1000 validation samples
2025-05-10 08:29:40,237 - INFO - Initializing model...
2025-05-10 08:29:40,239 - INFO - Fitting model...
2025-05-10 08:30:26,268 - INFO - Saved weights to /s/ls4/users/selibrin/spiking_researches/correlation_encoding_and_training/mnist/hpo/shifted_stdp_synapse/hpo_data/hpo_iteration_data/4339489/estimator_1_neuron_0_weights.npy
2025-05-10 08:30:26,269 - INFO - Evaluating model...
2025-05-10 08:32:43,675 - INFO - Saved validation outputs to /s/ls4/users/selibrin/spiking_researches/correlation_encoding_and_training/mnist/hpo/shifted_stdp_synapse/hpo_data/hpo_iteration_data/4339489/estimator_1_neuron_0_validation_outputs.npy
2025-05-10 08:32:43,675 - INFO - Waiting for parameters file: /s/ls4/users/selibrin/spiking_researches/correlation_encoding_and_training/mnist/hpo/shifted_stdp_synapse/hpo_data/hpo_iteration_data/4339489/params_1_0.pkl
2025-05-10 08:33:13,711 - INFO - Loaded HPO parameters
2025-05-10 08:33:13,712 - INFO - Preparing datasets...
2025-05-10 08:33:16,998 - INFO - Prepared datasets: 291 train & 1000 validation samples
2025-05-10 08:33:17,004 - INFO - Initializing model...
2025-05-10 08:33:17,007 - INFO - Fitting model...
2025-05-10 08:34:01,035 - INFO - Saved weights to /s/ls4/users/selibrin/spiking_researches/correlation_encoding_and_training/mnist/hpo/shifted_stdp_synapse/hpo_data/hpo_iteration_data/4339489/estimator_1_neuron_0_weights.npy
2025-05-10 08:34:01,035 - INFO - Evaluating model...
2025-05-10 08:36:10,948 - INFO - Saved validation outputs to /s/ls4/users/selibrin/spiking_researches/correlation_encoding_and_training/mnist/hpo/shifted_stdp_synapse/hpo_data/hpo_iteration_data/4339489/estimator_1_neuron_0_validation_outputs.npy
2025-05-10 08:36:10,949 - INFO - Waiting for parameters file: /s/ls4/users/selibrin/spiking_researches/correlation_encoding_and_training/mnist/hpo/shifted_stdp_synapse/hpo_data/hpo_iteration_data/4339489/params_1_0.pkl
2025-05-10 08:36:45,988 - INFO - Loaded HPO parameters
2025-05-10 08:36:45,988 - INFO - Preparing datasets...
2025-05-10 08:36:49,063 - INFO - Prepared datasets: 1164 train & 1000 validation samples
2025-05-10 08:36:49,063 - INFO - Initializing model...
2025-05-10 08:36:49,065 - INFO - Fitting model...
2025-05-10 08:40:18,380 - INFO - Saved weights to /s/ls4/users/selibrin/spiking_researches/correlation_encoding_and_training/mnist/hpo/shifted_stdp_synapse/hpo_data/hpo_iteration_data/4339489/estimator_1_neuron_0_weights.npy
2025-05-10 08:40:18,380 - INFO - Evaluating model...
2025-05-10 08:42:32,241 - INFO - Saved validation outputs to /s/ls4/users/selibrin/spiking_researches/correlation_encoding_and_training/mnist/hpo/shifted_stdp_synapse/hpo_data/hpo_iteration_data/4339489/estimator_1_neuron_0_validation_outputs.npy
2025-05-10 08:42:32,242 - INFO - Waiting for parameters file: /s/ls4/users/selibrin/spiking_researches/correlation_encoding_and_training/mnist/hpo/shifted_stdp_synapse/hpo_data/hpo_iteration_data/4339489/params_1_0.pkl
2025-05-10 08:43:17,454 - INFO - Loaded HPO parameters
2025-05-10 08:43:17,454 - INFO - Preparing datasets...
2025-05-10 08:43:20,623 - INFO - Prepared datasets: 291 train & 1000 validation samples
2025-05-10 08:43:20,623 - INFO - Initializing model...
2025-05-10 08:43:20,625 - INFO - Fitting model...
2025-05-10 08:44:03,810 - INFO - Saved weights to /s/ls4/users/selibrin/spiking_researches/correlation_encoding_and_training/mnist/hpo/shifted_stdp_synapse/hpo_data/hpo_iteration_data/4339489/estimator_1_neuron_0_weights.npy
2025-05-10 08:44:03,811 - INFO - Evaluating model...
2025-05-10 08:46:14,490 - INFO - Saved validation outputs to /s/ls4/users/selibrin/spiking_researches/correlation_encoding_and_training/mnist/hpo/shifted_stdp_synapse/hpo_data/hpo_iteration_data/4339489/estimator_1_neuron_0_validation_outputs.npy
2025-05-10 08:46:14,490 - INFO - Waiting for parameters file: /s/ls4/users/selibrin/spiking_researches/correlation_encoding_and_training/mnist/hpo/shifted_stdp_synapse/hpo_data/hpo_iteration_data/4339489/params_1_0.pkl
2025-05-10 08:46:49,530 - INFO - Loaded HPO parameters
2025-05-10 08:46:49,530 - INFO - Preparing datasets...
2025-05-10 08:46:52,934 - INFO - Prepared datasets: 291 train & 1000 validation samples
2025-05-10 08:46:52,934 - INFO - Initializing model...
2025-05-10 08:46:52,936 - INFO - Fitting model...
2025-05-10 08:47:39,264 - INFO - Saved weights to /s/ls4/users/selibrin/spiking_researches/correlation_encoding_and_training/mnist/hpo/shifted_stdp_synapse/hpo_data/hpo_iteration_data/4339489/estimator_1_neuron_0_weights.npy
2025-05-10 08:47:39,265 - INFO - Evaluating model...
2025-05-10 08:49:54,712 - INFO - Saved validation outputs to /s/ls4/users/selibrin/spiking_researches/correlation_encoding_and_training/mnist/hpo/shifted_stdp_synapse/hpo_data/hpo_iteration_data/4339489/estimator_1_neuron_0_validation_outputs.npy
2025-05-10 08:49:54,712 - INFO - Waiting for parameters file: /s/ls4/users/selibrin/spiking_researches/correlation_encoding_and_training/mnist/hpo/shifted_stdp_synapse/hpo_data/hpo_iteration_data/4339489/params_1_0.pkl
2025-05-10 08:50:24,749 - INFO - Loaded HPO parameters
2025-05-10 08:50:24,749 - INFO - Preparing datasets...
2025-05-10 08:50:28,066 - INFO - Prepared datasets: 291 train & 1000 validation samples
2025-05-10 08:50:28,067 - INFO - Initializing model...
2025-05-10 08:50:28,070 - INFO - Fitting model...
2025-05-10 08:51:12,463 - INFO - Saved weights to /s/ls4/users/selibrin/spiking_researches/correlation_encoding_and_training/mnist/hpo/shifted_stdp_synapse/hpo_data/hpo_iteration_data/4339489/estimator_1_neuron_0_weights.npy
2025-05-10 08:51:12,463 - INFO - Evaluating model...
2025-05-10 08:53:23,629 - INFO - Saved validation outputs to /s/ls4/users/selibrin/spiking_researches/correlation_encoding_and_training/mnist/hpo/shifted_stdp_synapse/hpo_data/hpo_iteration_data/4339489/estimator_1_neuron_0_validation_outputs.npy
2025-05-10 08:53:23,630 - INFO - Waiting for parameters file: /s/ls4/users/selibrin/spiking_researches/correlation_encoding_and_training/mnist/hpo/shifted_stdp_synapse/hpo_data/hpo_iteration_data/4339489/params_1_0.pkl
2025-05-10 08:53:58,670 - INFO - Loaded HPO parameters
2025-05-10 08:53:58,670 - INFO - Preparing datasets...
2025-05-10 08:54:02,259 - INFO - Prepared datasets: 291 train & 1000 validation samples
2025-05-10 08:54:02,259 - INFO - Initializing model...
2025-05-10 08:54:02,262 - INFO - Fitting model...
2025-05-10 08:55:02,011 - INFO - Saved weights to /s/ls4/users/selibrin/spiking_researches/correlation_encoding_and_training/mnist/hpo/shifted_stdp_synapse/hpo_data/hpo_iteration_data/4339489/estimator_1_neuron_0_weights.npy
2025-05-10 08:55:02,011 - INFO - Evaluating model...
2025-05-10 08:57:21,468 - INFO - Saved validation outputs to /s/ls4/users/selibrin/spiking_researches/correlation_encoding_and_training/mnist/hpo/shifted_stdp_synapse/hpo_data/hpo_iteration_data/4339489/estimator_1_neuron_0_validation_outputs.npy
2025-05-10 08:57:21,468 - INFO - Waiting for parameters file: /s/ls4/users/selibrin/spiking_researches/correlation_encoding_and_training/mnist/hpo/shifted_stdp_synapse/hpo_data/hpo_iteration_data/4339489/params_1_0.pkl
2025-05-10 08:57:31,483 - INFO - Loaded HPO parameters
2025-05-10 08:57:31,483 - INFO - Preparing datasets...
2025-05-10 08:57:34,632 - INFO - Prepared datasets: 291 train & 1000 validation samples
2025-05-10 08:57:34,633 - INFO - Initializing model...
2025-05-10 08:57:34,635 - INFO - Fitting model...
2025-05-10 08:58:24,147 - INFO - Saved weights to /s/ls4/users/selibrin/spiking_researches/correlation_encoding_and_training/mnist/hpo/shifted_stdp_synapse/hpo_data/hpo_iteration_data/4339489/estimator_1_neuron_0_weights.npy
2025-05-10 08:58:24,147 - INFO - Evaluating model...
2025-05-10 09:00:39,348 - INFO - Saved validation outputs to /s/ls4/users/selibrin/spiking_researches/correlation_encoding_and_training/mnist/hpo/shifted_stdp_synapse/hpo_data/hpo_iteration_data/4339489/estimator_1_neuron_0_validation_outputs.npy
2025-05-10 09:00:39,348 - INFO - Waiting for parameters file: /s/ls4/users/selibrin/spiking_researches/correlation_encoding_and_training/mnist/hpo/shifted_stdp_synapse/hpo_data/hpo_iteration_data/4339489/params_1_0.pkl
2025-05-10 09:01:04,380 - INFO - Loaded HPO parameters
2025-05-10 09:01:04,380 - INFO - Preparing datasets...
2025-05-10 09:01:07,737 - INFO - Prepared datasets: 1164 train & 1000 validation samples
2025-05-10 09:01:07,738 - INFO - Initializing model...
2025-05-10 09:01:07,740 - INFO - Fitting model...
2025-05-10 09:04:05,595 - INFO - Saved weights to /s/ls4/users/selibrin/spiking_researches/correlation_encoding_and_training/mnist/hpo/shifted_stdp_synapse/hpo_data/hpo_iteration_data/4339489/estimator_1_neuron_0_weights.npy
2025-05-10 09:04:05,595 - INFO - Evaluating model...
2025-05-10 09:06:17,344 - INFO - Saved validation outputs to /s/ls4/users/selibrin/spiking_researches/correlation_encoding_and_training/mnist/hpo/shifted_stdp_synapse/hpo_data/hpo_iteration_data/4339489/estimator_1_neuron_0_validation_outputs.npy
2025-05-10 09:06:17,344 - INFO - Waiting for parameters file: /s/ls4/users/selibrin/spiking_researches/correlation_encoding_and_training/mnist/hpo/shifted_stdp_synapse/hpo_data/hpo_iteration_data/4339489/params_1_0.pkl
2025-05-10 09:06:37,371 - INFO - Loaded HPO parameters
2025-05-10 09:06:37,371 - INFO - Preparing datasets...
2025-05-10 09:06:40,511 - INFO - Prepared datasets: 291 train & 1000 validation samples
2025-05-10 09:06:40,512 - INFO - Initializing model...
2025-05-10 09:06:40,517 - INFO - Fitting model...
2025-05-10 09:07:28,414 - INFO - Saved weights to /s/ls4/users/selibrin/spiking_researches/correlation_encoding_and_training/mnist/hpo/shifted_stdp_synapse/hpo_data/hpo_iteration_data/4339489/estimator_1_neuron_0_weights.npy
2025-05-10 09:07:28,415 - INFO - Evaluating model...
2025-05-10 09:09:45,231 - INFO - Saved validation outputs to /s/ls4/users/selibrin/spiking_researches/correlation_encoding_and_training/mnist/hpo/shifted_stdp_synapse/hpo_data/hpo_iteration_data/4339489/estimator_1_neuron_0_validation_outputs.npy
2025-05-10 09:09:45,231 - INFO - Waiting for parameters file: /s/ls4/users/selibrin/spiking_researches/correlation_encoding_and_training/mnist/hpo/shifted_stdp_synapse/hpo_data/hpo_iteration_data/4339489/params_1_0.pkl
2025-05-10 09:10:10,263 - INFO - Loaded HPO parameters
2025-05-10 09:10:10,264 - INFO - Preparing datasets...
2025-05-10 09:10:13,961 - INFO - Prepared datasets: 291 train & 1000 validation samples
2025-05-10 09:10:13,961 - INFO - Initializing model...
2025-05-10 09:10:13,965 - INFO - Fitting model...
2025-05-10 09:10:58,483 - INFO - Saved weights to /s/ls4/users/selibrin/spiking_researches/correlation_encoding_and_training/mnist/hpo/shifted_stdp_synapse/hpo_data/hpo_iteration_data/4339489/estimator_1_neuron_0_weights.npy
2025-05-10 09:10:58,483 - INFO - Evaluating model...
2025-05-10 09:13:11,150 - INFO - Saved validation outputs to /s/ls4/users/selibrin/spiking_researches/correlation_encoding_and_training/mnist/hpo/shifted_stdp_synapse/hpo_data/hpo_iteration_data/4339489/estimator_1_neuron_0_validation_outputs.npy
2025-05-10 09:13:11,150 - INFO - Waiting for parameters file: /s/ls4/users/selibrin/spiking_researches/correlation_encoding_and_training/mnist/hpo/shifted_stdp_synapse/hpo_data/hpo_iteration_data/4339489/params_1_0.pkl
2025-05-10 09:13:46,190 - INFO - Loaded HPO parameters
2025-05-10 09:13:46,191 - INFO - Preparing datasets...
2025-05-10 09:13:49,386 - INFO - Prepared datasets: 291 train & 1000 validation samples
2025-05-10 09:13:49,386 - INFO - Initializing model...
2025-05-10 09:13:49,388 - INFO - Fitting model...
2025-05-10 09:14:35,469 - INFO - Saved weights to /s/ls4/users/selibrin/spiking_researches/correlation_encoding_and_training/mnist/hpo/shifted_stdp_synapse/hpo_data/hpo_iteration_data/4339489/estimator_1_neuron_0_weights.npy
2025-05-10 09:14:35,469 - INFO - Evaluating model...
2025-05-10 09:16:48,472 - INFO - Saved validation outputs to /s/ls4/users/selibrin/spiking_researches/correlation_encoding_and_training/mnist/hpo/shifted_stdp_synapse/hpo_data/hpo_iteration_data/4339489/estimator_1_neuron_0_validation_outputs.npy
2025-05-10 09:16:48,472 - INFO - Waiting for parameters file: /s/ls4/users/selibrin/spiking_researches/correlation_encoding_and_training/mnist/hpo/shifted_stdp_synapse/hpo_data/hpo_iteration_data/4339489/params_1_0.pkl
2025-05-10 09:17:18,508 - INFO - Loaded HPO parameters
2025-05-10 09:17:18,508 - INFO - Preparing datasets...
2025-05-10 09:17:21,606 - INFO - Prepared datasets: 291 train & 1000 validation samples
2025-05-10 09:17:21,606 - INFO - Initializing model...
2025-05-10 09:17:21,608 - INFO - Fitting model...
2025-05-10 09:18:05,837 - INFO - Saved weights to /s/ls4/users/selibrin/spiking_researches/correlation_encoding_and_training/mnist/hpo/shifted_stdp_synapse/hpo_data/hpo_iteration_data/4339489/estimator_1_neuron_0_weights.npy
2025-05-10 09:18:05,838 - INFO - Evaluating model...
2025-05-10 09:20:18,585 - INFO - Saved validation outputs to /s/ls4/users/selibrin/spiking_researches/correlation_encoding_and_training/mnist/hpo/shifted_stdp_synapse/hpo_data/hpo_iteration_data/4339489/estimator_1_neuron_0_validation_outputs.npy
2025-05-10 09:20:18,586 - INFO - Waiting for parameters file: /s/ls4/users/selibrin/spiking_researches/correlation_encoding_and_training/mnist/hpo/shifted_stdp_synapse/hpo_data/hpo_iteration_data/4339489/params_1_0.pkl
2025-05-10 09:20:53,626 - INFO - Loaded HPO parameters
2025-05-10 09:20:53,626 - INFO - Preparing datasets...
2025-05-10 09:20:56,862 - INFO - Prepared datasets: 1164 train & 1000 validation samples
2025-05-10 09:20:56,863 - INFO - Initializing model...
2025-05-10 09:20:56,864 - INFO - Fitting model...
2025-05-10 09:23:54,392 - INFO - Saved weights to /s/ls4/users/selibrin/spiking_researches/correlation_encoding_and_training/mnist/hpo/shifted_stdp_synapse/hpo_data/hpo_iteration_data/4339489/estimator_1_neuron_0_weights.npy
2025-05-10 09:23:54,392 - INFO - Evaluating model...
2025-05-10 09:26:08,199 - INFO - Saved validation outputs to /s/ls4/users/selibrin/spiking_researches/correlation_encoding_and_training/mnist/hpo/shifted_stdp_synapse/hpo_data/hpo_iteration_data/4339489/estimator_1_neuron_0_validation_outputs.npy
2025-05-10 09:26:08,199 - INFO - Waiting for parameters file: /s/ls4/users/selibrin/spiking_researches/correlation_encoding_and_training/mnist/hpo/shifted_stdp_synapse/hpo_data/hpo_iteration_data/4339489/params_1_0.pkl
2025-05-10 09:26:23,220 - INFO - Loaded HPO parameters
2025-05-10 09:26:23,220 - INFO - Preparing datasets...
2025-05-10 09:26:26,680 - INFO - Prepared datasets: 291 train & 1000 validation samples
2025-05-10 09:26:26,681 - INFO - Initializing model...
2025-05-10 09:26:26,683 - INFO - Fitting model...
2025-05-10 09:27:19,674 - INFO - Saved weights to /s/ls4/users/selibrin/spiking_researches/correlation_encoding_and_training/mnist/hpo/shifted_stdp_synapse/hpo_data/hpo_iteration_data/4339489/estimator_1_neuron_0_weights.npy
2025-05-10 09:27:19,674 - INFO - Evaluating model...
2025-05-10 09:29:37,021 - INFO - Saved validation outputs to /s/ls4/users/selibrin/spiking_researches/correlation_encoding_and_training/mnist/hpo/shifted_stdp_synapse/hpo_data/hpo_iteration_data/4339489/estimator_1_neuron_0_validation_outputs.npy
2025-05-10 09:29:37,021 - INFO - Waiting for parameters file: /s/ls4/users/selibrin/spiking_researches/correlation_encoding_and_training/mnist/hpo/shifted_stdp_synapse/hpo_data/hpo_iteration_data/4339489/params_1_0.pkl
2025-05-10 09:29:57,048 - INFO - Loaded HPO parameters
2025-05-10 09:29:57,048 - INFO - Preparing datasets...
2025-05-10 09:30:00,210 - INFO - Prepared datasets: 291 train & 1000 validation samples
2025-05-10 09:30:00,210 - INFO - Initializing model...
2025-05-10 09:30:00,212 - INFO - Fitting model...
2025-05-10 09:30:45,098 - INFO - Saved weights to /s/ls4/users/selibrin/spiking_researches/correlation_encoding_and_training/mnist/hpo/shifted_stdp_synapse/hpo_data/hpo_iteration_data/4339489/estimator_1_neuron_0_weights.npy
2025-05-10 09:30:45,098 - INFO - Evaluating model...
2025-05-10 09:32:59,868 - INFO - Saved validation outputs to /s/ls4/users/selibrin/spiking_researches/correlation_encoding_and_training/mnist/hpo/shifted_stdp_synapse/hpo_data/hpo_iteration_data/4339489/estimator_1_neuron_0_validation_outputs.npy
2025-05-10 09:32:59,868 - INFO - Waiting for parameters file: /s/ls4/users/selibrin/spiking_researches/correlation_encoding_and_training/mnist/hpo/shifted_stdp_synapse/hpo_data/hpo_iteration_data/4339489/params_1_0.pkl
2025-05-10 09:33:29,905 - INFO - Loaded HPO parameters
2025-05-10 09:33:29,905 - INFO - Preparing datasets...
2025-05-10 09:33:33,195 - INFO - Prepared datasets: 291 train & 1000 validation samples
2025-05-10 09:33:33,196 - INFO - Initializing model...
2025-05-10 09:33:33,198 - INFO - Fitting model...
2025-05-10 09:34:19,029 - INFO - Saved weights to /s/ls4/users/selibrin/spiking_researches/correlation_encoding_and_training/mnist/hpo/shifted_stdp_synapse/hpo_data/hpo_iteration_data/4339489/estimator_1_neuron_0_weights.npy
2025-05-10 09:34:19,029 - INFO - Evaluating model...
2025-05-10 09:36:34,607 - INFO - Saved validation outputs to /s/ls4/users/selibrin/spiking_researches/correlation_encoding_and_training/mnist/hpo/shifted_stdp_synapse/hpo_data/hpo_iteration_data/4339489/estimator_1_neuron_0_validation_outputs.npy
2025-05-10 09:36:34,607 - INFO - Waiting for parameters file: /s/ls4/users/selibrin/spiking_researches/correlation_encoding_and_training/mnist/hpo/shifted_stdp_synapse/hpo_data/hpo_iteration_data/4339489/params_1_0.pkl
2025-05-10 09:37:04,643 - INFO - Loaded HPO parameters
2025-05-10 09:37:04,643 - INFO - Preparing datasets...
2025-05-10 09:37:07,845 - INFO - Prepared datasets: 291 train & 1000 validation samples
2025-05-10 09:37:07,845 - INFO - Initializing model...
2025-05-10 09:37:07,847 - INFO - Fitting model...
2025-05-10 09:37:52,982 - INFO - Saved weights to /s/ls4/users/selibrin/spiking_researches/correlation_encoding_and_training/mnist/hpo/shifted_stdp_synapse/hpo_data/hpo_iteration_data/4339489/estimator_1_neuron_0_weights.npy
2025-05-10 09:37:52,982 - INFO - Evaluating model...
2025-05-10 09:40:07,243 - INFO - Saved validation outputs to /s/ls4/users/selibrin/spiking_researches/correlation_encoding_and_training/mnist/hpo/shifted_stdp_synapse/hpo_data/hpo_iteration_data/4339489/estimator_1_neuron_0_validation_outputs.npy
2025-05-10 09:40:07,243 - INFO - Waiting for parameters file: /s/ls4/users/selibrin/spiking_researches/correlation_encoding_and_training/mnist/hpo/shifted_stdp_synapse/hpo_data/hpo_iteration_data/4339489/params_1_0.pkl
2025-05-10 09:40:37,280 - INFO - Loaded HPO parameters
2025-05-10 09:40:37,280 - INFO - Preparing datasets...
2025-05-10 09:40:40,424 - INFO - Prepared datasets: 291 train & 1000 validation samples
2025-05-10 09:40:40,425 - INFO - Initializing model...
2025-05-10 09:40:40,427 - INFO - Fitting model...
2025-05-10 09:41:39,560 - INFO - Saved weights to /s/ls4/users/selibrin/spiking_researches/correlation_encoding_and_training/mnist/hpo/shifted_stdp_synapse/hpo_data/hpo_iteration_data/4339489/estimator_1_neuron_0_weights.npy
2025-05-10 09:41:39,560 - INFO - Evaluating model...
2025-05-10 09:43:57,995 - INFO - Saved validation outputs to /s/ls4/users/selibrin/spiking_researches/correlation_encoding_and_training/mnist/hpo/shifted_stdp_synapse/hpo_data/hpo_iteration_data/4339489/estimator_1_neuron_0_validation_outputs.npy
2025-05-10 09:43:57,995 - INFO - Waiting for parameters file: /s/ls4/users/selibrin/spiking_researches/correlation_encoding_and_training/mnist/hpo/shifted_stdp_synapse/hpo_data/hpo_iteration_data/4339489/params_1_0.pkl
2025-05-10 09:44:43,045 - INFO - Loaded HPO parameters
2025-05-10 09:44:43,045 - INFO - Preparing datasets...
2025-05-10 09:44:46,231 - INFO - Prepared datasets: 1164 train & 1000 validation samples
2025-05-10 09:44:46,232 - INFO - Initializing model...
2025-05-10 09:44:46,234 - INFO - Fitting model...
2025-05-10 09:48:01,243 - INFO - Saved weights to /s/ls4/users/selibrin/spiking_researches/correlation_encoding_and_training/mnist/hpo/shifted_stdp_synapse/hpo_data/hpo_iteration_data/4339489/estimator_1_neuron_0_weights.npy
2025-05-10 09:48:01,243 - INFO - Evaluating model...
2025-05-10 09:50:12,818 - INFO - Saved validation outputs to /s/ls4/users/selibrin/spiking_researches/correlation_encoding_and_training/mnist/hpo/shifted_stdp_synapse/hpo_data/hpo_iteration_data/4339489/estimator_1_neuron_0_validation_outputs.npy
2025-05-10 09:50:12,818 - INFO - Waiting for parameters file: /s/ls4/users/selibrin/spiking_researches/correlation_encoding_and_training/mnist/hpo/shifted_stdp_synapse/hpo_data/hpo_iteration_data/4339489/params_1_0.pkl
2025-05-10 09:50:47,858 - INFO - Loaded HPO parameters
2025-05-10 09:50:47,858 - INFO - Preparing datasets...
2025-05-10 09:50:51,072 - INFO - Prepared datasets: 291 train & 1000 validation samples
2025-05-10 09:50:51,072 - INFO - Initializing model...
2025-05-10 09:50:51,074 - INFO - Fitting model...
2025-05-10 09:51:35,375 - INFO - Saved weights to /s/ls4/users/selibrin/spiking_researches/correlation_encoding_and_training/mnist/hpo/shifted_stdp_synapse/hpo_data/hpo_iteration_data/4339489/estimator_1_neuron_0_weights.npy
2025-05-10 09:51:35,375 - INFO - Evaluating model...
2025-05-10 09:53:47,560 - INFO - Saved validation outputs to /s/ls4/users/selibrin/spiking_researches/correlation_encoding_and_training/mnist/hpo/shifted_stdp_synapse/hpo_data/hpo_iteration_data/4339489/estimator_1_neuron_0_validation_outputs.npy
2025-05-10 09:53:47,560 - INFO - Waiting for parameters file: /s/ls4/users/selibrin/spiking_researches/correlation_encoding_and_training/mnist/hpo/shifted_stdp_synapse/hpo_data/hpo_iteration_data/4339489/params_1_0.pkl
2025-05-10 09:54:17,635 - INFO - Loaded HPO parameters
2025-05-10 09:54:17,635 - INFO - Preparing datasets...
2025-05-10 09:54:21,149 - INFO - Prepared datasets: 291 train & 1000 validation samples
2025-05-10 09:54:21,149 - INFO - Initializing model...
2025-05-10 09:54:21,152 - INFO - Fitting model...
2025-05-10 09:55:09,403 - INFO - Saved weights to /s/ls4/users/selibrin/spiking_researches/correlation_encoding_and_training/mnist/hpo/shifted_stdp_synapse/hpo_data/hpo_iteration_data/4339489/estimator_1_neuron_0_weights.npy
2025-05-10 09:55:09,403 - INFO - Evaluating model...
2025-05-10 09:57:25,628 - INFO - Saved validation outputs to /s/ls4/users/selibrin/spiking_researches/correlation_encoding_and_training/mnist/hpo/shifted_stdp_synapse/hpo_data/hpo_iteration_data/4339489/estimator_1_neuron_0_validation_outputs.npy
2025-05-10 09:57:25,628 - INFO - Waiting for parameters file: /s/ls4/users/selibrin/spiking_researches/correlation_encoding_and_training/mnist/hpo/shifted_stdp_synapse/hpo_data/hpo_iteration_data/4339489/params_1_0.pkl
2025-05-10 09:57:50,660 - INFO - Loaded HPO parameters
2025-05-10 09:57:50,660 - INFO - Preparing datasets...
2025-05-10 09:57:53,960 - INFO - Prepared datasets: 291 train & 1000 validation samples
2025-05-10 09:57:53,960 - INFO - Initializing model...
2025-05-10 09:57:53,963 - INFO - Fitting model...
2025-05-10 09:58:42,879 - INFO - Saved weights to /s/ls4/users/selibrin/spiking_researches/correlation_encoding_and_training/mnist/hpo/shifted_stdp_synapse/hpo_data/hpo_iteration_data/4339489/estimator_1_neuron_0_weights.npy
2025-05-10 09:58:42,879 - INFO - Evaluating model...
2025-05-10 10:01:00,419 - INFO - Saved validation outputs to /s/ls4/users/selibrin/spiking_researches/correlation_encoding_and_training/mnist/hpo/shifted_stdp_synapse/hpo_data/hpo_iteration_data/4339489/estimator_1_neuron_0_validation_outputs.npy
2025-05-10 10:01:00,419 - INFO - Waiting for parameters file: /s/ls4/users/selibrin/spiking_researches/correlation_encoding_and_training/mnist/hpo/shifted_stdp_synapse/hpo_data/hpo_iteration_data/4339489/params_1_0.pkl
2025-05-10 10:01:25,450 - INFO - Loaded HPO parameters
2025-05-10 10:01:25,450 - INFO - Preparing datasets...
2025-05-10 10:01:28,762 - INFO - Prepared datasets: 291 train & 1000 validation samples
2025-05-10 10:01:28,763 - INFO - Initializing model...
2025-05-10 10:01:28,765 - INFO - Fitting model...
2025-05-10 10:02:15,375 - INFO - Saved weights to /s/ls4/users/selibrin/spiking_researches/correlation_encoding_and_training/mnist/hpo/shifted_stdp_synapse/hpo_data/hpo_iteration_data/4339489/estimator_1_neuron_0_weights.npy
2025-05-10 10:02:15,375 - INFO - Evaluating model...
2025-05-10 10:04:31,638 - INFO - Saved validation outputs to /s/ls4/users/selibrin/spiking_researches/correlation_encoding_and_training/mnist/hpo/shifted_stdp_synapse/hpo_data/hpo_iteration_data/4339489/estimator_1_neuron_0_validation_outputs.npy
2025-05-10 10:04:31,638 - INFO - Waiting for parameters file: /s/ls4/users/selibrin/spiking_researches/correlation_encoding_and_training/mnist/hpo/shifted_stdp_synapse/hpo_data/hpo_iteration_data/4339489/params_1_0.pkl
2025-05-10 10:05:01,673 - INFO - Loaded HPO parameters
2025-05-10 10:05:01,673 - INFO - Preparing datasets...
2025-05-10 10:05:05,245 - INFO - Prepared datasets: 291 train & 1000 validation samples
2025-05-10 10:05:05,245 - INFO - Initializing model...
2025-05-10 10:05:05,248 - INFO - Fitting model...
2025-05-10 10:05:54,082 - INFO - Saved weights to /s/ls4/users/selibrin/spiking_researches/correlation_encoding_and_training/mnist/hpo/shifted_stdp_synapse/hpo_data/hpo_iteration_data/4339489/estimator_1_neuron_0_weights.npy
2025-05-10 10:05:54,082 - INFO - Evaluating model...
2025-05-10 10:08:13,141 - INFO - Saved validation outputs to /s/ls4/users/selibrin/spiking_researches/correlation_encoding_and_training/mnist/hpo/shifted_stdp_synapse/hpo_data/hpo_iteration_data/4339489/estimator_1_neuron_0_validation_outputs.npy
2025-05-10 10:08:13,141 - INFO - Waiting for parameters file: /s/ls4/users/selibrin/spiking_researches/correlation_encoding_and_training/mnist/hpo/shifted_stdp_synapse/hpo_data/hpo_iteration_data/4339489/params_1_0.pkl
2025-05-10 10:08:33,167 - INFO - Loaded HPO parameters
2025-05-10 10:08:33,167 - INFO - Preparing datasets...
2025-05-10 10:08:36,660 - INFO - Prepared datasets: 1164 train & 1000 validation samples
2025-05-10 10:08:36,661 - INFO - Initializing model...
2025-05-10 10:08:36,664 - INFO - Fitting model...
2025-05-10 10:11:51,263 - INFO - Saved weights to /s/ls4/users/selibrin/spiking_researches/correlation_encoding_and_training/mnist/hpo/shifted_stdp_synapse/hpo_data/hpo_iteration_data/4339489/estimator_1_neuron_0_weights.npy
2025-05-10 10:11:51,263 - INFO - Evaluating model...
2025-05-10 10:14:09,929 - INFO - Saved validation outputs to /s/ls4/users/selibrin/spiking_researches/correlation_encoding_and_training/mnist/hpo/shifted_stdp_synapse/hpo_data/hpo_iteration_data/4339489/estimator_1_neuron_0_validation_outputs.npy
2025-05-10 10:14:09,930 - INFO - Waiting for parameters file: /s/ls4/users/selibrin/spiking_researches/correlation_encoding_and_training/mnist/hpo/shifted_stdp_synapse/hpo_data/hpo_iteration_data/4339489/params_1_0.pkl
2025-05-10 10:14:39,965 - INFO - Loaded HPO parameters
2025-05-10 10:14:39,965 - INFO - Preparing datasets...
2025-05-10 10:14:43,225 - INFO - Prepared datasets: 291 train & 1000 validation samples
2025-05-10 10:14:43,226 - INFO - Initializing model...
2025-05-10 10:14:43,229 - INFO - Fitting model...
2025-05-10 10:15:31,332 - INFO - Saved weights to /s/ls4/users/selibrin/spiking_researches/correlation_encoding_and_training/mnist/hpo/shifted_stdp_synapse/hpo_data/hpo_iteration_data/4339489/estimator_1_neuron_0_weights.npy
2025-05-10 10:15:31,332 - INFO - Evaluating model...
2025-05-10 10:17:46,745 - INFO - Saved validation outputs to /s/ls4/users/selibrin/spiking_researches/correlation_encoding_and_training/mnist/hpo/shifted_stdp_synapse/hpo_data/hpo_iteration_data/4339489/estimator_1_neuron_0_validation_outputs.npy
2025-05-10 10:17:46,745 - INFO - Waiting for parameters file: /s/ls4/users/selibrin/spiking_researches/correlation_encoding_and_training/mnist/hpo/shifted_stdp_synapse/hpo_data/hpo_iteration_data/4339489/params_1_0.pkl
2025-05-10 10:18:11,776 - INFO - Loaded HPO parameters
2025-05-10 10:18:11,776 - INFO - Preparing datasets...
2025-05-10 10:18:14,999 - INFO - Prepared datasets: 291 train & 1000 validation samples
2025-05-10 10:18:14,999 - INFO - Initializing model...
2025-05-10 10:18:15,001 - INFO - Fitting model...
2025-05-10 10:19:02,143 - INFO - Saved weights to /s/ls4/users/selibrin/spiking_researches/correlation_encoding_and_training/mnist/hpo/shifted_stdp_synapse/hpo_data/hpo_iteration_data/4339489/estimator_1_neuron_0_weights.npy
2025-05-10 10:19:02,143 - INFO - Evaluating model...
2025-05-10 10:21:15,519 - INFO - Saved validation outputs to /s/ls4/users/selibrin/spiking_researches/correlation_encoding_and_training/mnist/hpo/shifted_stdp_synapse/hpo_data/hpo_iteration_data/4339489/estimator_1_neuron_0_validation_outputs.npy
2025-05-10 10:21:15,519 - INFO - Waiting for parameters file: /s/ls4/users/selibrin/spiking_researches/correlation_encoding_and_training/mnist/hpo/shifted_stdp_synapse/hpo_data/hpo_iteration_data/4339489/params_1_0.pkl
2025-05-10 10:21:45,554 - INFO - Loaded HPO parameters
2025-05-10 10:21:45,554 - INFO - Preparing datasets...
2025-05-10 10:21:48,737 - INFO - Prepared datasets: 291 train & 1000 validation samples
2025-05-10 10:21:48,738 - INFO - Initializing model...
2025-05-10 10:21:48,740 - INFO - Fitting model...
2025-05-10 10:22:36,464 - INFO - Saved weights to /s/ls4/users/selibrin/spiking_researches/correlation_encoding_and_training/mnist/hpo/shifted_stdp_synapse/hpo_data/hpo_iteration_data/4339489/estimator_1_neuron_0_weights.npy
2025-05-10 10:22:36,465 - INFO - Evaluating model...
2025-05-10 10:24:52,584 - INFO - Saved validation outputs to /s/ls4/users/selibrin/spiking_researches/correlation_encoding_and_training/mnist/hpo/shifted_stdp_synapse/hpo_data/hpo_iteration_data/4339489/estimator_1_neuron_0_validation_outputs.npy
2025-05-10 10:24:52,584 - INFO - Waiting for parameters file: /s/ls4/users/selibrin/spiking_researches/correlation_encoding_and_training/mnist/hpo/shifted_stdp_synapse/hpo_data/hpo_iteration_data/4339489/params_1_0.pkl
2025-05-10 10:25:17,616 - INFO - Loaded HPO parameters
2025-05-10 10:25:17,616 - INFO - Preparing datasets...
2025-05-10 10:25:20,941 - INFO - Prepared datasets: 291 train & 1000 validation samples
2025-05-10 10:25:20,948 - INFO - Initializing model...
2025-05-10 10:25:20,951 - INFO - Fitting model...
2025-05-10 10:26:08,746 - INFO - Saved weights to /s/ls4/users/selibrin/spiking_researches/correlation_encoding_and_training/mnist/hpo/shifted_stdp_synapse/hpo_data/hpo_iteration_data/4339489/estimator_1_neuron_0_weights.npy
2025-05-10 10:26:08,746 - INFO - Evaluating model...
2025-05-10 10:28:23,856 - INFO - Saved validation outputs to /s/ls4/users/selibrin/spiking_researches/correlation_encoding_and_training/mnist/hpo/shifted_stdp_synapse/hpo_data/hpo_iteration_data/4339489/estimator_1_neuron_0_validation_outputs.npy
2025-05-10 10:28:23,856 - INFO - Waiting for parameters file: /s/ls4/users/selibrin/spiking_researches/correlation_encoding_and_training/mnist/hpo/shifted_stdp_synapse/hpo_data/hpo_iteration_data/4339489/params_1_0.pkl
2025-05-10 10:28:53,892 - INFO - Loaded HPO parameters
2025-05-10 10:28:53,892 - INFO - Preparing datasets...
2025-05-10 10:28:57,100 - INFO - Prepared datasets: 291 train & 1000 validation samples
2025-05-10 10:28:57,100 - INFO - Initializing model...
2025-05-10 10:28:57,103 - INFO - Fitting model...
2025-05-10 10:29:45,104 - INFO - Saved weights to /s/ls4/users/selibrin/spiking_researches/correlation_encoding_and_training/mnist/hpo/shifted_stdp_synapse/hpo_data/hpo_iteration_data/4339489/estimator_1_neuron_0_weights.npy
2025-05-10 10:29:45,104 - INFO - Evaluating model...
2025-05-10 10:32:01,468 - INFO - Saved validation outputs to /s/ls4/users/selibrin/spiking_researches/correlation_encoding_and_training/mnist/hpo/shifted_stdp_synapse/hpo_data/hpo_iteration_data/4339489/estimator_1_neuron_0_validation_outputs.npy
2025-05-10 10:32:01,468 - INFO - Waiting for parameters file: /s/ls4/users/selibrin/spiking_researches/correlation_encoding_and_training/mnist/hpo/shifted_stdp_synapse/hpo_data/hpo_iteration_data/4339489/params_1_0.pkl
2025-05-10 10:32:26,499 - INFO - Loaded HPO parameters
2025-05-10 10:32:26,500 - INFO - Preparing datasets...
2025-05-10 10:32:29,767 - INFO - Prepared datasets: 291 train & 1000 validation samples
2025-05-10 10:32:29,768 - INFO - Initializing model...
2025-05-10 10:32:29,771 - INFO - Fitting model...
2025-05-10 10:33:17,761 - INFO - Saved weights to /s/ls4/users/selibrin/spiking_researches/correlation_encoding_and_training/mnist/hpo/shifted_stdp_synapse/hpo_data/hpo_iteration_data/4339489/estimator_1_neuron_0_weights.npy
2025-05-10 10:33:17,761 - INFO - Evaluating model...
2025-05-10 10:35:34,373 - INFO - Saved validation outputs to /s/ls4/users/selibrin/spiking_researches/correlation_encoding_and_training/mnist/hpo/shifted_stdp_synapse/hpo_data/hpo_iteration_data/4339489/estimator_1_neuron_0_validation_outputs.npy
2025-05-10 10:35:34,373 - INFO - Waiting for parameters file: /s/ls4/users/selibrin/spiking_researches/correlation_encoding_and_training/mnist/hpo/shifted_stdp_synapse/hpo_data/hpo_iteration_data/4339489/params_1_0.pkl
2025-05-10 10:35:59,403 - INFO - Loaded HPO parameters
2025-05-10 10:35:59,404 - INFO - Preparing datasets...
2025-05-10 10:36:02,655 - INFO - Prepared datasets: 1164 train & 1000 validation samples
2025-05-10 10:36:02,656 - INFO - Initializing model...
2025-05-10 10:36:02,659 - INFO - Fitting model...
2025-05-10 10:39:35,259 - INFO - Saved weights to /s/ls4/users/selibrin/spiking_researches/correlation_encoding_and_training/mnist/hpo/shifted_stdp_synapse/hpo_data/hpo_iteration_data/4339489/estimator_1_neuron_0_weights.npy
2025-05-10 10:39:35,259 - INFO - Evaluating model...
2025-05-10 10:41:53,173 - INFO - Saved validation outputs to /s/ls4/users/selibrin/spiking_researches/correlation_encoding_and_training/mnist/hpo/shifted_stdp_synapse/hpo_data/hpo_iteration_data/4339489/estimator_1_neuron_0_validation_outputs.npy
2025-05-10 10:41:53,173 - INFO - Waiting for parameters file: /s/ls4/users/selibrin/spiking_researches/correlation_encoding_and_training/mnist/hpo/shifted_stdp_synapse/hpo_data/hpo_iteration_data/4339489/params_1_0.pkl
2025-05-10 10:42:33,219 - INFO - Loaded HPO parameters
2025-05-10 10:42:33,219 - INFO - Preparing datasets...
2025-05-10 10:42:36,453 - INFO - Prepared datasets: 291 train & 1000 validation samples
2025-05-10 10:42:36,454 - INFO - Initializing model...
2025-05-10 10:42:36,457 - INFO - Fitting model...
2025-05-10 10:43:20,758 - INFO - Saved weights to /s/ls4/users/selibrin/spiking_researches/correlation_encoding_and_training/mnist/hpo/shifted_stdp_synapse/hpo_data/hpo_iteration_data/4339489/estimator_1_neuron_0_weights.npy
2025-05-10 10:43:20,758 - INFO - Evaluating model...
2025-05-10 10:45:33,990 - INFO - Saved validation outputs to /s/ls4/users/selibrin/spiking_researches/correlation_encoding_and_training/mnist/hpo/shifted_stdp_synapse/hpo_data/hpo_iteration_data/4339489/estimator_1_neuron_0_validation_outputs.npy
2025-05-10 10:45:33,990 - INFO - Waiting for parameters file: /s/ls4/users/selibrin/spiking_researches/correlation_encoding_and_training/mnist/hpo/shifted_stdp_synapse/hpo_data/hpo_iteration_data/4339489/params_1_0.pkl
2025-05-10 10:46:09,031 - INFO - Loaded HPO parameters
2025-05-10 10:46:09,031 - INFO - Preparing datasets...
2025-05-10 10:46:12,224 - INFO - Prepared datasets: 291 train & 1000 validation samples
2025-05-10 10:46:12,225 - INFO - Initializing model...
2025-05-10 10:46:12,227 - INFO - Fitting model...
2025-05-10 10:46:57,758 - INFO - Saved weights to /s/ls4/users/selibrin/spiking_researches/correlation_encoding_and_training/mnist/hpo/shifted_stdp_synapse/hpo_data/hpo_iteration_data/4339489/estimator_1_neuron_0_weights.npy
2025-05-10 10:46:57,758 - INFO - Evaluating model...
2025-05-10 10:49:12,900 - INFO - Saved validation outputs to /s/ls4/users/selibrin/spiking_researches/correlation_encoding_and_training/mnist/hpo/shifted_stdp_synapse/hpo_data/hpo_iteration_data/4339489/estimator_1_neuron_0_validation_outputs.npy
2025-05-10 10:49:12,901 - INFO - Waiting for parameters file: /s/ls4/users/selibrin/spiking_researches/correlation_encoding_and_training/mnist/hpo/shifted_stdp_synapse/hpo_data/hpo_iteration_data/4339489/params_1_0.pkl
2025-05-10 10:49:42,937 - INFO - Loaded HPO parameters
2025-05-10 10:49:42,937 - INFO - Preparing datasets...
2025-05-10 10:49:46,289 - INFO - Prepared datasets: 291 train & 1000 validation samples
2025-05-10 10:49:46,290 - INFO - Initializing model...
2025-05-10 10:49:46,293 - INFO - Fitting model...
2025-05-10 10:50:45,126 - INFO - Saved weights to /s/ls4/users/selibrin/spiking_researches/correlation_encoding_and_training/mnist/hpo/shifted_stdp_synapse/hpo_data/hpo_iteration_data/4339489/estimator_1_neuron_0_weights.npy
2025-05-10 10:50:45,126 - INFO - Evaluating model...
2025-05-10 10:53:02,704 - INFO - Saved validation outputs to /s/ls4/users/selibrin/spiking_researches/correlation_encoding_and_training/mnist/hpo/shifted_stdp_synapse/hpo_data/hpo_iteration_data/4339489/estimator_1_neuron_0_validation_outputs.npy
2025-05-10 10:53:02,704 - INFO - Waiting for parameters file: /s/ls4/users/selibrin/spiking_researches/correlation_encoding_and_training/mnist/hpo/shifted_stdp_synapse/hpo_data/hpo_iteration_data/4339489/params_1_0.pkl
2025-05-10 10:53:12,720 - INFO - Loaded HPO parameters
2025-05-10 10:53:12,720 - INFO - Preparing datasets...
2025-05-10 10:53:15,962 - INFO - Prepared datasets: 291 train & 1000 validation samples
2025-05-10 10:53:15,963 - INFO - Initializing model...
2025-05-10 10:53:15,966 - INFO - Fitting model...
2025-05-10 10:54:07,303 - INFO - Saved weights to /s/ls4/users/selibrin/spiking_researches/correlation_encoding_and_training/mnist/hpo/shifted_stdp_synapse/hpo_data/hpo_iteration_data/4339489/estimator_1_neuron_0_weights.npy
2025-05-10 10:54:07,303 - INFO - Evaluating model...
2025-05-10 10:56:26,125 - INFO - Saved validation outputs to /s/ls4/users/selibrin/spiking_researches/correlation_encoding_and_training/mnist/hpo/shifted_stdp_synapse/hpo_data/hpo_iteration_data/4339489/estimator_1_neuron_0_validation_outputs.npy
2025-05-10 10:56:26,125 - INFO - Waiting for parameters file: /s/ls4/users/selibrin/spiking_researches/correlation_encoding_and_training/mnist/hpo/shifted_stdp_synapse/hpo_data/hpo_iteration_data/4339489/params_1_0.pkl
2025-05-10 10:56:46,209 - INFO - Loaded HPO parameters
2025-05-10 10:56:46,210 - INFO - Preparing datasets...
2025-05-10 10:56:49,525 - INFO - Prepared datasets: 291 train & 1000 validation samples
2025-05-10 10:56:49,526 - INFO - Initializing model...
2025-05-10 10:56:49,528 - INFO - Fitting model...
2025-05-10 10:57:38,446 - INFO - Saved weights to /s/ls4/users/selibrin/spiking_researches/correlation_encoding_and_training/mnist/hpo/shifted_stdp_synapse/hpo_data/hpo_iteration_data/4339489/estimator_1_neuron_0_weights.npy
2025-05-10 10:57:38,446 - INFO - Evaluating model...
2025-05-10 10:59:56,968 - INFO - Saved validation outputs to /s/ls4/users/selibrin/spiking_researches/correlation_encoding_and_training/mnist/hpo/shifted_stdp_synapse/hpo_data/hpo_iteration_data/4339489/estimator_1_neuron_0_validation_outputs.npy
2025-05-10 10:59:56,968 - INFO - Waiting for parameters file: /s/ls4/users/selibrin/spiking_researches/correlation_encoding_and_training/mnist/hpo/shifted_stdp_synapse/hpo_data/hpo_iteration_data/4339489/params_1_0.pkl
2025-05-10 11:00:21,999 - INFO - Loaded HPO parameters
2025-05-10 11:00:21,999 - INFO - Preparing datasets...
2025-05-10 11:00:25,411 - INFO - Prepared datasets: 1164 train & 1000 validation samples
2025-05-10 11:00:25,411 - INFO - Initializing model...
2025-05-10 11:00:25,413 - INFO - Fitting model...
2025-05-10 11:03:34,071 - INFO - Saved weights to /s/ls4/users/selibrin/spiking_researches/correlation_encoding_and_training/mnist/hpo/shifted_stdp_synapse/hpo_data/hpo_iteration_data/4339489/estimator_1_neuron_0_weights.npy
2025-05-10 11:03:34,071 - INFO - Evaluating model...
2025-05-10 11:05:50,067 - INFO - Saved validation outputs to /s/ls4/users/selibrin/spiking_researches/correlation_encoding_and_training/mnist/hpo/shifted_stdp_synapse/hpo_data/hpo_iteration_data/4339489/estimator_1_neuron_0_validation_outputs.npy
2025-05-10 11:05:50,067 - INFO - Waiting for parameters file: /s/ls4/users/selibrin/spiking_researches/correlation_encoding_and_training/mnist/hpo/shifted_stdp_synapse/hpo_data/hpo_iteration_data/4339489/params_1_0.pkl
2025-05-10 11:06:25,108 - INFO - Loaded HPO parameters
2025-05-10 11:06:25,108 - INFO - Preparing datasets...
2025-05-10 11:06:28,409 - INFO - Prepared datasets: 291 train & 1000 validation samples
2025-05-10 11:06:28,409 - INFO - Initializing model...
2025-05-10 11:06:28,411 - INFO - Fitting model...
2025-05-10 11:07:16,789 - INFO - Saved weights to /s/ls4/users/selibrin/spiking_researches/correlation_encoding_and_training/mnist/hpo/shifted_stdp_synapse/hpo_data/hpo_iteration_data/4339489/estimator_1_neuron_0_weights.npy
2025-05-10 11:07:16,789 - INFO - Evaluating model...
2025-05-10 11:09:33,684 - INFO - Saved validation outputs to /s/ls4/users/selibrin/spiking_researches/correlation_encoding_and_training/mnist/hpo/shifted_stdp_synapse/hpo_data/hpo_iteration_data/4339489/estimator_1_neuron_0_validation_outputs.npy
2025-05-10 11:09:33,684 - INFO - Waiting for parameters file: /s/ls4/users/selibrin/spiking_researches/correlation_encoding_and_training/mnist/hpo/shifted_stdp_synapse/hpo_data/hpo_iteration_data/4339489/params_1_0.pkl
2025-05-10 11:09:58,715 - INFO - Loaded HPO parameters
2025-05-10 11:09:58,715 - INFO - Preparing datasets...
2025-05-10 11:10:01,895 - INFO - Prepared datasets: 582 train & 1000 validation samples
2025-05-10 11:10:01,895 - INFO - Initializing model...
2025-05-10 11:10:01,897 - INFO - Fitting model...
2025-05-10 11:11:47,666 - INFO - Saved weights to /s/ls4/users/selibrin/spiking_researches/correlation_encoding_and_training/mnist/hpo/shifted_stdp_synapse/hpo_data/hpo_iteration_data/4339489/estimator_1_neuron_0_weights.npy
2025-05-10 11:11:47,666 - INFO - Evaluating model...
2025-05-10 11:14:04,943 - INFO - Saved validation outputs to /s/ls4/users/selibrin/spiking_researches/correlation_encoding_and_training/mnist/hpo/shifted_stdp_synapse/hpo_data/hpo_iteration_data/4339489/estimator_1_neuron_0_validation_outputs.npy
2025-05-10 11:14:04,943 - INFO - Waiting for parameters file: /s/ls4/users/selibrin/spiking_researches/correlation_encoding_and_training/mnist/hpo/shifted_stdp_synapse/hpo_data/hpo_iteration_data/4339489/params_1_0.pkl
2025-05-10 11:14:29,974 - INFO - Loaded HPO parameters
2025-05-10 11:14:29,975 - INFO - Preparing datasets...
2025-05-10 11:14:33,306 - INFO - Prepared datasets: 291 train & 1000 validation samples
2025-05-10 11:14:33,307 - INFO - Initializing model...
2025-05-10 11:14:33,309 - INFO - Fitting model...
2025-05-10 11:15:18,723 - INFO - Saved weights to /s/ls4/users/selibrin/spiking_researches/correlation_encoding_and_training/mnist/hpo/shifted_stdp_synapse/hpo_data/hpo_iteration_data/4339489/estimator_1_neuron_0_weights.npy
2025-05-10 11:15:18,723 - INFO - Evaluating model...
2025-05-10 11:17:36,152 - INFO - Saved validation outputs to /s/ls4/users/selibrin/spiking_researches/correlation_encoding_and_training/mnist/hpo/shifted_stdp_synapse/hpo_data/hpo_iteration_data/4339489/estimator_1_neuron_0_validation_outputs.npy
2025-05-10 11:17:36,152 - INFO - Waiting for parameters file: /s/ls4/users/selibrin/spiking_researches/correlation_encoding_and_training/mnist/hpo/shifted_stdp_synapse/hpo_data/hpo_iteration_data/4339489/params_1_0.pkl
2025-05-10 11:18:06,187 - INFO - Loaded HPO parameters
2025-05-10 11:18:06,187 - INFO - Preparing datasets...
2025-05-10 11:18:09,434 - INFO - Prepared datasets: 291 train & 1000 validation samples
2025-05-10 11:18:09,435 - INFO - Initializing model...
2025-05-10 11:18:09,437 - INFO - Fitting model...
2025-05-10 11:19:09,035 - INFO - Saved weights to /s/ls4/users/selibrin/spiking_researches/correlation_encoding_and_training/mnist/hpo/shifted_stdp_synapse/hpo_data/hpo_iteration_data/4339489/estimator_1_neuron_0_weights.npy
2025-05-10 11:19:09,035 - INFO - Evaluating model...
2025-05-10 11:21:31,116 - INFO - Saved validation outputs to /s/ls4/users/selibrin/spiking_researches/correlation_encoding_and_training/mnist/hpo/shifted_stdp_synapse/hpo_data/hpo_iteration_data/4339489/estimator_1_neuron_0_validation_outputs.npy
2025-05-10 11:21:31,116 - INFO - Waiting for parameters file: /s/ls4/users/selibrin/spiking_researches/correlation_encoding_and_training/mnist/hpo/shifted_stdp_synapse/hpo_data/hpo_iteration_data/4339489/params_1_0.pkl
2025-05-10 11:22:06,163 - INFO - Loaded HPO parameters
2025-05-10 11:22:06,163 - INFO - Preparing datasets...
2025-05-10 11:22:09,732 - INFO - Prepared datasets: 291 train & 1000 validation samples
2025-05-10 11:22:09,733 - INFO - Initializing model...
2025-05-10 11:22:09,736 - INFO - Fitting model...
2025-05-10 11:22:54,738 - INFO - Saved weights to /s/ls4/users/selibrin/spiking_researches/correlation_encoding_and_training/mnist/hpo/shifted_stdp_synapse/hpo_data/hpo_iteration_data/4339489/estimator_1_neuron_0_weights.npy
2025-05-10 11:22:54,738 - INFO - Evaluating model...
2025-05-10 11:25:07,843 - INFO - Saved validation outputs to /s/ls4/users/selibrin/spiking_researches/correlation_encoding_and_training/mnist/hpo/shifted_stdp_synapse/hpo_data/hpo_iteration_data/4339489/estimator_1_neuron_0_validation_outputs.npy
2025-05-10 11:25:07,843 - INFO - Waiting for parameters file: /s/ls4/users/selibrin/spiking_researches/correlation_encoding_and_training/mnist/hpo/shifted_stdp_synapse/hpo_data/hpo_iteration_data/4339489/params_1_0.pkl
2025-05-10 11:25:42,882 - INFO - Loaded HPO parameters
2025-05-10 11:25:42,882 - INFO - Preparing datasets...
2025-05-10 11:25:46,047 - INFO - Prepared datasets: 291 train & 1000 validation samples
2025-05-10 11:25:46,047 - INFO - Initializing model...
2025-05-10 11:25:46,049 - INFO - Fitting model...
2025-05-10 11:26:35,376 - INFO - Saved weights to /s/ls4/users/selibrin/spiking_researches/correlation_encoding_and_training/mnist/hpo/shifted_stdp_synapse/hpo_data/hpo_iteration_data/4339489/estimator_1_neuron_0_weights.npy
2025-05-10 11:26:35,377 - INFO - Evaluating model...
2025-05-10 11:28:50,355 - INFO - Saved validation outputs to /s/ls4/users/selibrin/spiking_researches/correlation_encoding_and_training/mnist/hpo/shifted_stdp_synapse/hpo_data/hpo_iteration_data/4339489/estimator_1_neuron_0_validation_outputs.npy
2025-05-10 11:28:50,355 - INFO - Waiting for parameters file: /s/ls4/users/selibrin/spiking_researches/correlation_encoding_and_training/mnist/hpo/shifted_stdp_synapse/hpo_data/hpo_iteration_data/4339489/params_1_0.pkl
2025-05-10 11:29:15,386 - INFO - Loaded HPO parameters
2025-05-10 11:29:15,386 - INFO - Preparing datasets...
2025-05-10 11:29:18,627 - INFO - Prepared datasets: 1164 train & 1000 validation samples
2025-05-10 11:29:18,627 - INFO - Initializing model...
2025-05-10 11:29:18,629 - INFO - Fitting model...
2025-05-10 11:32:15,814 - INFO - Saved weights to /s/ls4/users/selibrin/spiking_researches/correlation_encoding_and_training/mnist/hpo/shifted_stdp_synapse/hpo_data/hpo_iteration_data/4339489/estimator_1_neuron_0_weights.npy
2025-05-10 11:32:15,814 - INFO - Evaluating model...
2025-05-10 11:34:29,097 - INFO - Saved validation outputs to /s/ls4/users/selibrin/spiking_researches/correlation_encoding_and_training/mnist/hpo/shifted_stdp_synapse/hpo_data/hpo_iteration_data/4339489/estimator_1_neuron_0_validation_outputs.npy
2025-05-10 11:34:29,097 - INFO - Waiting for parameters file: /s/ls4/users/selibrin/spiking_researches/correlation_encoding_and_training/mnist/hpo/shifted_stdp_synapse/hpo_data/hpo_iteration_data/4339489/params_1_0.pkl
2025-05-10 11:34:49,124 - INFO - Loaded HPO parameters
2025-05-10 11:34:49,124 - INFO - Preparing datasets...
2025-05-10 11:34:52,409 - INFO - Prepared datasets: 291 train & 1000 validation samples
2025-05-10 11:34:52,410 - INFO - Initializing model...
2025-05-10 11:34:52,412 - INFO - Fitting model...
2025-05-10 11:35:37,518 - INFO - Saved weights to /s/ls4/users/selibrin/spiking_researches/correlation_encoding_and_training/mnist/hpo/shifted_stdp_synapse/hpo_data/hpo_iteration_data/4339489/estimator_1_neuron_0_weights.npy
2025-05-10 11:35:37,518 - INFO - Evaluating model...
2025-05-10 11:37:51,140 - INFO - Saved validation outputs to /s/ls4/users/selibrin/spiking_researches/correlation_encoding_and_training/mnist/hpo/shifted_stdp_synapse/hpo_data/hpo_iteration_data/4339489/estimator_1_neuron_0_validation_outputs.npy
2025-05-10 11:37:51,140 - INFO - Waiting for parameters file: /s/ls4/users/selibrin/spiking_researches/correlation_encoding_and_training/mnist/hpo/shifted_stdp_synapse/hpo_data/hpo_iteration_data/4339489/params_1_0.pkl
2025-05-10 11:38:21,176 - INFO - Loaded HPO parameters
2025-05-10 11:38:21,176 - INFO - Preparing datasets...
2025-05-10 11:38:24,464 - INFO - Prepared datasets: 582 train & 1000 validation samples
2025-05-10 11:38:24,473 - INFO - Initializing model...
2025-05-10 11:38:24,475 - INFO - Fitting model...
2025-05-10 11:39:57,228 - INFO - Saved weights to /s/ls4/users/selibrin/spiking_researches/correlation_encoding_and_training/mnist/hpo/shifted_stdp_synapse/hpo_data/hpo_iteration_data/4339489/estimator_1_neuron_0_weights.npy
2025-05-10 11:39:57,228 - INFO - Evaluating model...
2025-05-10 11:42:12,006 - INFO - Saved validation outputs to /s/ls4/users/selibrin/spiking_researches/correlation_encoding_and_training/mnist/hpo/shifted_stdp_synapse/hpo_data/hpo_iteration_data/4339489/estimator_1_neuron_0_validation_outputs.npy
2025-05-10 11:42:12,006 - INFO - Waiting for parameters file: /s/ls4/users/selibrin/spiking_researches/correlation_encoding_and_training/mnist/hpo/shifted_stdp_synapse/hpo_data/hpo_iteration_data/4339489/params_1_0.pkl
2025-05-10 11:42:27,026 - INFO - Loaded HPO parameters
2025-05-10 11:42:27,026 - INFO - Preparing datasets...
2025-05-10 11:42:30,080 - INFO - Prepared datasets: 291 train & 1000 validation samples
2025-05-10 11:42:30,081 - INFO - Initializing model...
2025-05-10 11:42:30,083 - INFO - Fitting model...
2025-05-10 11:43:17,430 - INFO - Saved weights to /s/ls4/users/selibrin/spiking_researches/correlation_encoding_and_training/mnist/hpo/shifted_stdp_synapse/hpo_data/hpo_iteration_data/4339489/estimator_1_neuron_0_weights.npy
2025-05-10 11:43:17,430 - INFO - Evaluating model...
2025-05-10 11:45:31,835 - INFO - Saved validation outputs to /s/ls4/users/selibrin/spiking_researches/correlation_encoding_and_training/mnist/hpo/shifted_stdp_synapse/hpo_data/hpo_iteration_data/4339489/estimator_1_neuron_0_validation_outputs.npy
2025-05-10 11:45:31,836 - INFO - Waiting for parameters file: /s/ls4/users/selibrin/spiking_researches/correlation_encoding_and_training/mnist/hpo/shifted_stdp_synapse/hpo_data/hpo_iteration_data/4339489/params_1_0.pkl
2025-05-10 11:45:56,867 - INFO - Loaded HPO parameters
2025-05-10 11:45:56,867 - INFO - Preparing datasets...
2025-05-10 11:46:00,016 - INFO - Prepared datasets: 291 train & 1000 validation samples
2025-05-10 11:46:00,023 - INFO - Initializing model...
2025-05-10 11:46:00,025 - INFO - Fitting model...
2025-05-10 11:46:44,122 - INFO - Saved weights to /s/ls4/users/selibrin/spiking_researches/correlation_encoding_and_training/mnist/hpo/shifted_stdp_synapse/hpo_data/hpo_iteration_data/4339489/estimator_1_neuron_0_weights.npy
2025-05-10 11:46:44,122 - INFO - Evaluating model...
2025-05-10 11:48:55,899 - INFO - Saved validation outputs to /s/ls4/users/selibrin/spiking_researches/correlation_encoding_and_training/mnist/hpo/shifted_stdp_synapse/hpo_data/hpo_iteration_data/4339489/estimator_1_neuron_0_validation_outputs.npy
2025-05-10 11:48:55,899 - INFO - Waiting for parameters file: /s/ls4/users/selibrin/spiking_researches/correlation_encoding_and_training/mnist/hpo/shifted_stdp_synapse/hpo_data/hpo_iteration_data/4339489/params_1_0.pkl
2025-05-10 11:49:30,938 - INFO - Loaded HPO parameters
2025-05-10 11:49:30,938 - INFO - Preparing datasets...
2025-05-10 11:49:34,063 - INFO - Prepared datasets: 291 train & 1000 validation samples
2025-05-10 11:49:34,063 - INFO - Initializing model...
2025-05-10 11:49:34,065 - INFO - Fitting model...
2025-05-10 11:50:18,619 - INFO - Saved weights to /s/ls4/users/selibrin/spiking_researches/correlation_encoding_and_training/mnist/hpo/shifted_stdp_synapse/hpo_data/hpo_iteration_data/4339489/estimator_1_neuron_0_weights.npy
2025-05-10 11:50:18,619 - INFO - Evaluating model...
2025-05-10 11:52:32,416 - INFO - Saved validation outputs to /s/ls4/users/selibrin/spiking_researches/correlation_encoding_and_training/mnist/hpo/shifted_stdp_synapse/hpo_data/hpo_iteration_data/4339489/estimator_1_neuron_0_validation_outputs.npy
2025-05-10 11:52:32,416 - INFO - Waiting for parameters file: /s/ls4/users/selibrin/spiking_researches/correlation_encoding_and_training/mnist/hpo/shifted_stdp_synapse/hpo_data/hpo_iteration_data/4339489/params_1_0.pkl
2025-05-10 11:53:07,457 - INFO - Loaded HPO parameters
2025-05-10 11:53:07,458 - INFO - Preparing datasets...
2025-05-10 11:53:10,626 - INFO - Prepared datasets: 291 train & 1000 validation samples
2025-05-10 11:53:10,633 - INFO - Initializing model...
2025-05-10 11:53:10,636 - INFO - Fitting model...
2025-05-10 11:53:55,792 - INFO - Saved weights to /s/ls4/users/selibrin/spiking_researches/correlation_encoding_and_training/mnist/hpo/shifted_stdp_synapse/hpo_data/hpo_iteration_data/4339489/estimator_1_neuron_0_weights.npy
2025-05-10 11:53:55,792 - INFO - Evaluating model...
2025-05-10 11:56:10,336 - INFO - Saved validation outputs to /s/ls4/users/selibrin/spiking_researches/correlation_encoding_and_training/mnist/hpo/shifted_stdp_synapse/hpo_data/hpo_iteration_data/4339489/estimator_1_neuron_0_validation_outputs.npy
2025-05-10 11:56:10,336 - INFO - Waiting for parameters file: /s/ls4/users/selibrin/spiking_researches/correlation_encoding_and_training/mnist/hpo/shifted_stdp_synapse/hpo_data/hpo_iteration_data/4339489/params_1_0.pkl
2025-05-10 11:56:40,393 - INFO - Loaded HPO parameters
2025-05-10 11:56:40,393 - INFO - Preparing datasets...
2025-05-10 11:56:43,595 - INFO - Prepared datasets: 1164 train & 1000 validation samples
2025-05-10 11:56:43,596 - INFO - Initializing model...
2025-05-10 11:56:43,598 - INFO - Fitting model...
2025-05-10 11:59:43,124 - INFO - Saved weights to /s/ls4/users/selibrin/spiking_researches/correlation_encoding_and_training/mnist/hpo/shifted_stdp_synapse/hpo_data/hpo_iteration_data/4339489/estimator_1_neuron_0_weights.npy
2025-05-10 11:59:43,124 - INFO - Evaluating model...
2025-05-10 12:01:59,146 - INFO - Saved validation outputs to /s/ls4/users/selibrin/spiking_researches/correlation_encoding_and_training/mnist/hpo/shifted_stdp_synapse/hpo_data/hpo_iteration_data/4339489/estimator_1_neuron_0_validation_outputs.npy
2025-05-10 12:01:59,146 - INFO - Waiting for parameters file: /s/ls4/users/selibrin/spiking_researches/correlation_encoding_and_training/mnist/hpo/shifted_stdp_synapse/hpo_data/hpo_iteration_data/4339489/params_1_0.pkl
2025-05-10 12:02:14,165 - INFO - Loaded HPO parameters
2025-05-10 12:02:14,165 - INFO - Preparing datasets...
2025-05-10 12:02:17,374 - INFO - Prepared datasets: 582 train & 1000 validation samples
2025-05-10 12:02:17,380 - INFO - Initializing model...
2025-05-10 12:02:17,382 - INFO - Fitting model...
2025-05-10 12:03:46,947 - INFO - Saved weights to /s/ls4/users/selibrin/spiking_researches/correlation_encoding_and_training/mnist/hpo/shifted_stdp_synapse/hpo_data/hpo_iteration_data/4339489/estimator_1_neuron_0_weights.npy
2025-05-10 12:03:46,947 - INFO - Evaluating model...
2025-05-10 12:06:01,901 - INFO - Saved validation outputs to /s/ls4/users/selibrin/spiking_researches/correlation_encoding_and_training/mnist/hpo/shifted_stdp_synapse/hpo_data/hpo_iteration_data/4339489/estimator_1_neuron_0_validation_outputs.npy
2025-05-10 12:06:01,901 - INFO - Waiting for parameters file: /s/ls4/users/selibrin/spiking_researches/correlation_encoding_and_training/mnist/hpo/shifted_stdp_synapse/hpo_data/hpo_iteration_data/4339489/params_1_0.pkl
2025-05-10 12:06:16,921 - INFO - Loaded HPO parameters
2025-05-10 12:06:16,921 - INFO - Preparing datasets...
2025-05-10 12:06:19,957 - INFO - Prepared datasets: 291 train & 1000 validation samples
2025-05-10 12:06:19,958 - INFO - Initializing model...
2025-05-10 12:06:19,960 - INFO - Fitting model...
2025-05-10 12:07:05,305 - INFO - Saved weights to /s/ls4/users/selibrin/spiking_researches/correlation_encoding_and_training/mnist/hpo/shifted_stdp_synapse/hpo_data/hpo_iteration_data/4339489/estimator_1_neuron_0_weights.npy
2025-05-10 12:07:05,305 - INFO - Evaluating model...
2025-05-10 12:09:19,926 - INFO - Saved validation outputs to /s/ls4/users/selibrin/spiking_researches/correlation_encoding_and_training/mnist/hpo/shifted_stdp_synapse/hpo_data/hpo_iteration_data/4339489/estimator_1_neuron_0_validation_outputs.npy
2025-05-10 12:09:19,926 - INFO - Waiting for parameters file: /s/ls4/users/selibrin/spiking_researches/correlation_encoding_and_training/mnist/hpo/shifted_stdp_synapse/hpo_data/hpo_iteration_data/4339489/params_1_0.pkl
2025-05-10 12:09:49,962 - INFO - Loaded HPO parameters
2025-05-10 12:09:49,963 - INFO - Preparing datasets...
2025-05-10 12:09:53,103 - INFO - Prepared datasets: 291 train & 1000 validation samples
2025-05-10 12:09:53,109 - INFO - Initializing model...
2025-05-10 12:09:53,111 - INFO - Fitting model...
2025-05-10 12:10:38,445 - INFO - Saved weights to /s/ls4/users/selibrin/spiking_researches/correlation_encoding_and_training/mnist/hpo/shifted_stdp_synapse/hpo_data/hpo_iteration_data/4339489/estimator_1_neuron_0_weights.npy
2025-05-10 12:10:38,445 - INFO - Evaluating model...
2025-05-10 12:12:53,036 - INFO - Saved validation outputs to /s/ls4/users/selibrin/spiking_researches/correlation_encoding_and_training/mnist/hpo/shifted_stdp_synapse/hpo_data/hpo_iteration_data/4339489/estimator_1_neuron_0_validation_outputs.npy
2025-05-10 12:12:53,036 - INFO - Waiting for parameters file: /s/ls4/users/selibrin/spiking_researches/correlation_encoding_and_training/mnist/hpo/shifted_stdp_synapse/hpo_data/hpo_iteration_data/4339489/params_1_0.pkl
2025-05-10 12:13:23,075 - INFO - Loaded HPO parameters
2025-05-10 12:13:23,076 - INFO - Preparing datasets...
2025-05-10 12:13:26,621 - INFO - Prepared datasets: 291 train & 1000 validation samples
2025-05-10 12:13:26,622 - INFO - Initializing model...
2025-05-10 12:13:26,625 - INFO - Fitting model...
2025-05-10 12:14:12,461 - INFO - Saved weights to /s/ls4/users/selibrin/spiking_researches/correlation_encoding_and_training/mnist/hpo/shifted_stdp_synapse/hpo_data/hpo_iteration_data/4339489/estimator_1_neuron_0_weights.npy
2025-05-10 12:14:12,461 - INFO - Evaluating model...
2025-05-10 12:16:27,730 - INFO - Saved validation outputs to /s/ls4/users/selibrin/spiking_researches/correlation_encoding_and_training/mnist/hpo/shifted_stdp_synapse/hpo_data/hpo_iteration_data/4339489/estimator_1_neuron_0_validation_outputs.npy
2025-05-10 12:16:27,730 - INFO - Waiting for parameters file: /s/ls4/users/selibrin/spiking_researches/correlation_encoding_and_training/mnist/hpo/shifted_stdp_synapse/hpo_data/hpo_iteration_data/4339489/params_1_0.pkl
2025-05-10 12:17:02,792 - INFO - Loaded HPO parameters
2025-05-10 12:17:02,792 - INFO - Preparing datasets...
2025-05-10 12:17:06,055 - INFO - Prepared datasets: 291 train & 1000 validation samples
2025-05-10 12:17:06,064 - INFO - Initializing model...
2025-05-10 12:17:06,066 - INFO - Fitting model...
2025-05-10 12:17:51,049 - INFO - Saved weights to /s/ls4/users/selibrin/spiking_researches/correlation_encoding_and_training/mnist/hpo/shifted_stdp_synapse/hpo_data/hpo_iteration_data/4339489/estimator_1_neuron_0_weights.npy
2025-05-10 12:17:51,049 - INFO - Evaluating model...
2025-05-10 12:20:04,737 - INFO - Saved validation outputs to /s/ls4/users/selibrin/spiking_researches/correlation_encoding_and_training/mnist/hpo/shifted_stdp_synapse/hpo_data/hpo_iteration_data/4339489/estimator_1_neuron_0_validation_outputs.npy
2025-05-10 12:20:04,737 - INFO - Waiting for parameters file: /s/ls4/users/selibrin/spiking_researches/correlation_encoding_and_training/mnist/hpo/shifted_stdp_synapse/hpo_data/hpo_iteration_data/4339489/params_1_0.pkl
2025-05-10 12:20:39,780 - INFO - Loaded HPO parameters
2025-05-10 12:20:39,780 - INFO - Preparing datasets...
2025-05-10 12:20:42,974 - INFO - Prepared datasets: 291 train & 1000 validation samples
2025-05-10 12:20:42,974 - INFO - Initializing model...
2025-05-10 12:20:42,976 - INFO - Fitting model...
2025-05-10 12:21:28,275 - INFO - Saved weights to /s/ls4/users/selibrin/spiking_researches/correlation_encoding_and_training/mnist/hpo/shifted_stdp_synapse/hpo_data/hpo_iteration_data/4339489/estimator_1_neuron_0_weights.npy
2025-05-10 12:21:28,275 - INFO - Evaluating model...
2025-05-10 12:23:42,346 - INFO - Saved validation outputs to /s/ls4/users/selibrin/spiking_researches/correlation_encoding_and_training/mnist/hpo/shifted_stdp_synapse/hpo_data/hpo_iteration_data/4339489/estimator_1_neuron_0_validation_outputs.npy
2025-05-10 12:23:42,346 - INFO - Waiting for parameters file: /s/ls4/users/selibrin/spiking_researches/correlation_encoding_and_training/mnist/hpo/shifted_stdp_synapse/hpo_data/hpo_iteration_data/4339489/params_1_0.pkl
2025-05-10 12:24:12,383 - INFO - Loaded HPO parameters
2025-05-10 12:24:12,383 - INFO - Preparing datasets...
2025-05-10 12:24:15,930 - INFO - Prepared datasets: 1164 train & 1000 validation samples
2025-05-10 12:24:15,937 - INFO - Initializing model...
2025-05-10 12:24:15,940 - INFO - Fitting model...
2025-05-10 12:27:18,971 - INFO - Saved weights to /s/ls4/users/selibrin/spiking_researches/correlation_encoding_and_training/mnist/hpo/shifted_stdp_synapse/hpo_data/hpo_iteration_data/4339489/estimator_1_neuron_0_weights.npy
2025-05-10 12:27:18,971 - INFO - Evaluating model...
2025-05-10 12:29:36,447 - INFO - Saved validation outputs to /s/ls4/users/selibrin/spiking_researches/correlation_encoding_and_training/mnist/hpo/shifted_stdp_synapse/hpo_data/hpo_iteration_data/4339489/estimator_1_neuron_0_validation_outputs.npy
2025-05-10 12:29:36,447 - INFO - Waiting for parameters file: /s/ls4/users/selibrin/spiking_researches/correlation_encoding_and_training/mnist/hpo/shifted_stdp_synapse/hpo_data/hpo_iteration_data/4339489/params_1_0.pkl
2025-05-10 12:29:51,470 - INFO - Loaded HPO parameters
2025-05-10 12:29:51,470 - INFO - Preparing datasets...
2025-05-10 12:29:54,750 - INFO - Prepared datasets: 582 train & 1000 validation samples
2025-05-10 12:29:54,751 - INFO - Initializing model...
2025-05-10 12:29:54,754 - INFO - Fitting model...
2025-05-10 12:31:24,754 - INFO - Saved weights to /s/ls4/users/selibrin/spiking_researches/correlation_encoding_and_training/mnist/hpo/shifted_stdp_synapse/hpo_data/hpo_iteration_data/4339489/estimator_1_neuron_0_weights.npy
2025-05-10 12:31:24,754 - INFO - Evaluating model...
2025-05-10 12:33:39,927 - INFO - Saved validation outputs to /s/ls4/users/selibrin/spiking_researches/correlation_encoding_and_training/mnist/hpo/shifted_stdp_synapse/hpo_data/hpo_iteration_data/4339489/estimator_1_neuron_0_validation_outputs.npy
2025-05-10 12:33:39,927 - INFO - Waiting for parameters file: /s/ls4/users/selibrin/spiking_researches/correlation_encoding_and_training/mnist/hpo/shifted_stdp_synapse/hpo_data/hpo_iteration_data/4339489/params_1_0.pkl
2025-05-10 12:34:29,984 - INFO - Loaded HPO parameters
2025-05-10 12:34:29,984 - INFO - Preparing datasets...
2025-05-10 12:34:33,202 - INFO - Prepared datasets: 291 train & 1000 validation samples
2025-05-10 12:34:33,210 - INFO - Initializing model...
2025-05-10 12:34:33,212 - INFO - Fitting model...
2025-05-10 12:35:26,891 - INFO - Saved weights to /s/ls4/users/selibrin/spiking_researches/correlation_encoding_and_training/mnist/hpo/shifted_stdp_synapse/hpo_data/hpo_iteration_data/4339489/estimator_1_neuron_0_weights.npy
2025-05-10 12:35:26,891 - INFO - Evaluating model...
2025-05-10 12:37:44,795 - INFO - Saved validation outputs to /s/ls4/users/selibrin/spiking_researches/correlation_encoding_and_training/mnist/hpo/shifted_stdp_synapse/hpo_data/hpo_iteration_data/4339489/estimator_1_neuron_0_validation_outputs.npy
2025-05-10 12:37:44,795 - INFO - Waiting for parameters file: /s/ls4/users/selibrin/spiking_researches/correlation_encoding_and_training/mnist/hpo/shifted_stdp_synapse/hpo_data/hpo_iteration_data/4339489/params_1_0.pkl
2025-05-10 12:38:04,822 - INFO - Loaded HPO parameters
2025-05-10 12:38:04,822 - INFO - Preparing datasets...
2025-05-10 12:38:08,108 - INFO - Prepared datasets: 291 train & 1000 validation samples
2025-05-10 12:38:08,109 - INFO - Initializing model...
2025-05-10 12:38:08,111 - INFO - Fitting model...
2025-05-10 12:38:52,761 - INFO - Saved weights to /s/ls4/users/selibrin/spiking_researches/correlation_encoding_and_training/mnist/hpo/shifted_stdp_synapse/hpo_data/hpo_iteration_data/4339489/estimator_1_neuron_0_weights.npy
2025-05-10 12:38:52,761 - INFO - Evaluating model...
2025-05-10 12:41:07,213 - INFO - Saved validation outputs to /s/ls4/users/selibrin/spiking_researches/correlation_encoding_and_training/mnist/hpo/shifted_stdp_synapse/hpo_data/hpo_iteration_data/4339489/estimator_1_neuron_0_validation_outputs.npy
2025-05-10 12:41:07,213 - INFO - Waiting for parameters file: /s/ls4/users/selibrin/spiking_researches/correlation_encoding_and_training/mnist/hpo/shifted_stdp_synapse/hpo_data/hpo_iteration_data/4339489/params_1_0.pkl
2025-05-10 12:41:42,256 - INFO - Loaded HPO parameters
2025-05-10 12:41:42,256 - INFO - Preparing datasets...
2025-05-10 12:41:45,360 - INFO - Prepared datasets: 291 train & 1000 validation samples
2025-05-10 12:41:45,360 - INFO - Initializing model...
2025-05-10 12:41:45,362 - INFO - Fitting model...
2025-05-10 12:42:30,545 - INFO - Saved weights to /s/ls4/users/selibrin/spiking_researches/correlation_encoding_and_training/mnist/hpo/shifted_stdp_synapse/hpo_data/hpo_iteration_data/4339489/estimator_1_neuron_0_weights.npy
2025-05-10 12:42:30,545 - INFO - Evaluating model...
2025-05-10 12:44:43,996 - INFO - Saved validation outputs to /s/ls4/users/selibrin/spiking_researches/correlation_encoding_and_training/mnist/hpo/shifted_stdp_synapse/hpo_data/hpo_iteration_data/4339489/estimator_1_neuron_0_validation_outputs.npy
2025-05-10 12:44:43,996 - INFO - Waiting for parameters file: /s/ls4/users/selibrin/spiking_researches/correlation_encoding_and_training/mnist/hpo/shifted_stdp_synapse/hpo_data/hpo_iteration_data/4339489/params_1_0.pkl
2025-05-10 12:45:19,039 - INFO - Loaded HPO parameters
2025-05-10 12:45:19,039 - INFO - Preparing datasets...
2025-05-10 12:45:22,238 - INFO - Prepared datasets: 291 train & 1000 validation samples
2025-05-10 12:45:22,250 - INFO - Initializing model...
2025-05-10 12:45:22,252 - INFO - Fitting model...
2025-05-10 12:46:06,585 - INFO - Saved weights to /s/ls4/users/selibrin/spiking_researches/correlation_encoding_and_training/mnist/hpo/shifted_stdp_synapse/hpo_data/hpo_iteration_data/4339489/estimator_1_neuron_0_weights.npy
2025-05-10 12:46:06,585 - INFO - Evaluating model...
2025-05-10 12:48:18,679 - INFO - Saved validation outputs to /s/ls4/users/selibrin/spiking_researches/correlation_encoding_and_training/mnist/hpo/shifted_stdp_synapse/hpo_data/hpo_iteration_data/4339489/estimator_1_neuron_0_validation_outputs.npy
2025-05-10 12:48:18,679 - INFO - Waiting for parameters file: /s/ls4/users/selibrin/spiking_researches/correlation_encoding_and_training/mnist/hpo/shifted_stdp_synapse/hpo_data/hpo_iteration_data/4339489/params_1_0.pkl
2025-05-10 12:48:53,723 - INFO - Loaded HPO parameters
2025-05-10 12:48:53,723 - INFO - Preparing datasets...
2025-05-10 12:48:56,867 - INFO - Prepared datasets: 291 train & 1000 validation samples
2025-05-10 12:48:56,867 - INFO - Initializing model...
2025-05-10 12:48:56,870 - INFO - Fitting model...
2025-05-10 12:49:56,304 - INFO - Saved weights to /s/ls4/users/selibrin/spiking_researches/correlation_encoding_and_training/mnist/hpo/shifted_stdp_synapse/hpo_data/hpo_iteration_data/4339489/estimator_1_neuron_0_weights.npy
2025-05-10 12:49:56,305 - INFO - Evaluating model...
2025-05-10 12:52:13,882 - INFO - Saved validation outputs to /s/ls4/users/selibrin/spiking_researches/correlation_encoding_and_training/mnist/hpo/shifted_stdp_synapse/hpo_data/hpo_iteration_data/4339489/estimator_1_neuron_0_validation_outputs.npy
2025-05-10 12:52:13,882 - INFO - Waiting for parameters file: /s/ls4/users/selibrin/spiking_researches/correlation_encoding_and_training/mnist/hpo/shifted_stdp_synapse/hpo_data/hpo_iteration_data/4339489/params_1_0.pkl
2025-05-10 12:52:58,934 - INFO - Loaded HPO parameters
2025-05-10 12:52:58,934 - INFO - Preparing datasets...
2025-05-10 12:53:02,078 - INFO - Prepared datasets: 1164 train & 1000 validation samples
2025-05-10 12:53:02,078 - INFO - Initializing model...
2025-05-10 12:53:02,080 - INFO - Fitting model...
2025-05-10 12:56:18,341 - INFO - Saved weights to /s/ls4/users/selibrin/spiking_researches/correlation_encoding_and_training/mnist/hpo/shifted_stdp_synapse/hpo_data/hpo_iteration_data/4339489/estimator_1_neuron_0_weights.npy
2025-05-10 12:56:18,341 - INFO - Evaluating model...
2025-05-10 12:58:33,604 - INFO - Saved validation outputs to /s/ls4/users/selibrin/spiking_researches/correlation_encoding_and_training/mnist/hpo/shifted_stdp_synapse/hpo_data/hpo_iteration_data/4339489/estimator_1_neuron_0_validation_outputs.npy
2025-05-10 12:58:33,604 - INFO - Waiting for parameters file: /s/ls4/users/selibrin/spiking_researches/correlation_encoding_and_training/mnist/hpo/shifted_stdp_synapse/hpo_data/hpo_iteration_data/4339489/params_1_0.pkl
2025-05-10 12:59:08,645 - INFO - Loaded HPO parameters
2025-05-10 12:59:08,645 - INFO - Preparing datasets...
2025-05-10 12:59:11,898 - INFO - Prepared datasets: 582 train & 1000 validation samples
2025-05-10 12:59:11,904 - INFO - Initializing model...
2025-05-10 12:59:11,906 - INFO - Fitting model...
2025-05-10 13:00:42,616 - INFO - Saved weights to /s/ls4/users/selibrin/spiking_researches/correlation_encoding_and_training/mnist/hpo/shifted_stdp_synapse/hpo_data/hpo_iteration_data/4339489/estimator_1_neuron_0_weights.npy
2025-05-10 13:00:42,616 - INFO - Evaluating model...
2025-05-10 13:02:57,519 - INFO - Saved validation outputs to /s/ls4/users/selibrin/spiking_researches/correlation_encoding_and_training/mnist/hpo/shifted_stdp_synapse/hpo_data/hpo_iteration_data/4339489/estimator_1_neuron_0_validation_outputs.npy
2025-05-10 13:02:57,519 - INFO - Waiting for parameters file: /s/ls4/users/selibrin/spiking_researches/correlation_encoding_and_training/mnist/hpo/shifted_stdp_synapse/hpo_data/hpo_iteration_data/4339489/params_1_0.pkl
2025-05-10 13:03:42,573 - INFO - Loaded HPO parameters
2025-05-10 13:03:42,573 - INFO - Preparing datasets...
2025-05-10 13:03:45,813 - INFO - Prepared datasets: 291 train & 1000 validation samples
2025-05-10 13:03:45,813 - INFO - Initializing model...
2025-05-10 13:03:45,816 - INFO - Fitting model...
2025-05-10 13:04:32,572 - INFO - Saved weights to /s/ls4/users/selibrin/spiking_researches/correlation_encoding_and_training/mnist/hpo/shifted_stdp_synapse/hpo_data/hpo_iteration_data/4339489/estimator_1_neuron_0_weights.npy
2025-05-10 13:04:32,572 - INFO - Evaluating model...
2025-05-10 13:06:45,373 - INFO - Saved validation outputs to /s/ls4/users/selibrin/spiking_researches/correlation_encoding_and_training/mnist/hpo/shifted_stdp_synapse/hpo_data/hpo_iteration_data/4339489/estimator_1_neuron_0_validation_outputs.npy
2025-05-10 13:06:45,373 - INFO - Waiting for parameters file: /s/ls4/users/selibrin/spiking_researches/correlation_encoding_and_training/mnist/hpo/shifted_stdp_synapse/hpo_data/hpo_iteration_data/4339489/params_1_0.pkl
2025-05-10 13:07:20,413 - INFO - Loaded HPO parameters
2025-05-10 13:07:20,413 - INFO - Preparing datasets...
2025-05-10 13:07:23,605 - INFO - Prepared datasets: 291 train & 1000 validation samples
2025-05-10 13:07:23,617 - INFO - Initializing model...
2025-05-10 13:07:23,619 - INFO - Fitting model...
2025-05-10 13:08:10,069 - INFO - Saved weights to /s/ls4/users/selibrin/spiking_researches/correlation_encoding_and_training/mnist/hpo/shifted_stdp_synapse/hpo_data/hpo_iteration_data/4339489/estimator_1_neuron_0_weights.npy
2025-05-10 13:08:10,069 - INFO - Evaluating model...
2025-05-10 13:10:29,375 - INFO - Saved validation outputs to /s/ls4/users/selibrin/spiking_researches/correlation_encoding_and_training/mnist/hpo/shifted_stdp_synapse/hpo_data/hpo_iteration_data/4339489/estimator_1_neuron_0_validation_outputs.npy
2025-05-10 13:10:29,375 - INFO - Waiting for parameters file: /s/ls4/users/selibrin/spiking_researches/correlation_encoding_and_training/mnist/hpo/shifted_stdp_synapse/hpo_data/hpo_iteration_data/4339489/params_1_0.pkl
2025-05-10 13:10:59,411 - INFO - Loaded HPO parameters
2025-05-10 13:10:59,411 - INFO - Preparing datasets...
2025-05-10 13:11:02,868 - INFO - Prepared datasets: 291 train & 1000 validation samples
2025-05-10 13:11:02,868 - INFO - Initializing model...
2025-05-10 13:11:02,871 - INFO - Fitting model...
2025-05-10 13:11:49,530 - INFO - Saved weights to /s/ls4/users/selibrin/spiking_researches/correlation_encoding_and_training/mnist/hpo/shifted_stdp_synapse/hpo_data/hpo_iteration_data/4339489/estimator_1_neuron_0_weights.npy
2025-05-10 13:11:49,531 - INFO - Evaluating model...
2025-05-10 13:14:08,251 - INFO - Saved validation outputs to /s/ls4/users/selibrin/spiking_researches/correlation_encoding_and_training/mnist/hpo/shifted_stdp_synapse/hpo_data/hpo_iteration_data/4339489/estimator_1_neuron_0_validation_outputs.npy
2025-05-10 13:14:08,251 - INFO - Waiting for parameters file: /s/ls4/users/selibrin/spiking_researches/correlation_encoding_and_training/mnist/hpo/shifted_stdp_synapse/hpo_data/hpo_iteration_data/4339489/params_1_0.pkl
2025-05-10 13:14:33,280 - INFO - Loaded HPO parameters
2025-05-10 13:14:33,280 - INFO - Preparing datasets...
2025-05-10 13:14:36,404 - INFO - Prepared datasets: 291 train & 1000 validation samples
2025-05-10 13:14:36,405 - INFO - Initializing model...
2025-05-10 13:14:36,407 - INFO - Fitting model...
2025-05-10 13:15:30,076 - INFO - Saved weights to /s/ls4/users/selibrin/spiking_researches/correlation_encoding_and_training/mnist/hpo/shifted_stdp_synapse/hpo_data/hpo_iteration_data/4339489/estimator_1_neuron_0_weights.npy
2025-05-10 13:15:30,076 - INFO - Evaluating model...
2025-05-10 13:17:49,815 - INFO - Saved validation outputs to /s/ls4/users/selibrin/spiking_researches/correlation_encoding_and_training/mnist/hpo/shifted_stdp_synapse/hpo_data/hpo_iteration_data/4339489/estimator_1_neuron_0_validation_outputs.npy
2025-05-10 13:17:49,815 - INFO - Waiting for parameters file: /s/ls4/users/selibrin/spiking_researches/correlation_encoding_and_training/mnist/hpo/shifted_stdp_synapse/hpo_data/hpo_iteration_data/4339489/params_1_0.pkl
2025-05-10 13:18:09,841 - INFO - Loaded HPO parameters
2025-05-10 13:18:09,841 - INFO - Preparing datasets...
2025-05-10 13:18:13,106 - INFO - Prepared datasets: 291 train & 1000 validation samples
2025-05-10 13:18:13,111 - INFO - Initializing model...
2025-05-10 13:18:13,113 - INFO - Fitting model...
2025-05-10 13:18:58,228 - INFO - Saved weights to /s/ls4/users/selibrin/spiking_researches/correlation_encoding_and_training/mnist/hpo/shifted_stdp_synapse/hpo_data/hpo_iteration_data/4339489/estimator_1_neuron_0_weights.npy
2025-05-10 13:18:58,229 - INFO - Evaluating model...
2025-05-10 13:21:11,842 - INFO - Saved validation outputs to /s/ls4/users/selibrin/spiking_researches/correlation_encoding_and_training/mnist/hpo/shifted_stdp_synapse/hpo_data/hpo_iteration_data/4339489/estimator_1_neuron_0_validation_outputs.npy
2025-05-10 13:21:11,842 - INFO - Waiting for parameters file: /s/ls4/users/selibrin/spiking_researches/correlation_encoding_and_training/mnist/hpo/shifted_stdp_synapse/hpo_data/hpo_iteration_data/4339489/params_1_0.pkl
2025-05-10 13:21:46,885 - INFO - Loaded HPO parameters
2025-05-10 13:21:46,886 - INFO - Preparing datasets...
2025-05-10 13:21:50,144 - INFO - Prepared datasets: 1164 train & 1000 validation samples
2025-05-10 13:21:50,144 - INFO - Initializing model...
2025-05-10 13:21:50,146 - INFO - Fitting model...
2025-05-10 13:24:47,391 - INFO - Saved weights to /s/ls4/users/selibrin/spiking_researches/correlation_encoding_and_training/mnist/hpo/shifted_stdp_synapse/hpo_data/hpo_iteration_data/4339489/estimator_1_neuron_0_weights.npy
2025-05-10 13:24:47,391 - INFO - Evaluating model...
2025-05-10 13:27:01,170 - INFO - Saved validation outputs to /s/ls4/users/selibrin/spiking_researches/correlation_encoding_and_training/mnist/hpo/shifted_stdp_synapse/hpo_data/hpo_iteration_data/4339489/estimator_1_neuron_0_validation_outputs.npy
2025-05-10 13:27:01,170 - INFO - Waiting for parameters file: /s/ls4/users/selibrin/spiking_researches/correlation_encoding_and_training/mnist/hpo/shifted_stdp_synapse/hpo_data/hpo_iteration_data/4339489/params_1_0.pkl
2025-05-10 13:27:26,200 - INFO - Loaded HPO parameters
2025-05-10 13:27:26,201 - INFO - Preparing datasets...
2025-05-10 13:27:29,409 - INFO - Prepared datasets: 291 train & 1000 validation samples
2025-05-10 13:27:29,414 - INFO - Initializing model...
2025-05-10 13:27:29,416 - INFO - Fitting model...
2025-05-10 13:28:15,531 - INFO - Saved weights to /s/ls4/users/selibrin/spiking_researches/correlation_encoding_and_training/mnist/hpo/shifted_stdp_synapse/hpo_data/hpo_iteration_data/4339489/estimator_1_neuron_0_weights.npy
2025-05-10 13:28:15,532 - INFO - Evaluating model...
2025-05-10 13:30:30,548 - INFO - Saved validation outputs to /s/ls4/users/selibrin/spiking_researches/correlation_encoding_and_training/mnist/hpo/shifted_stdp_synapse/hpo_data/hpo_iteration_data/4339489/estimator_1_neuron_0_validation_outputs.npy
2025-05-10 13:30:30,548 - INFO - Waiting for parameters file: /s/ls4/users/selibrin/spiking_researches/correlation_encoding_and_training/mnist/hpo/shifted_stdp_synapse/hpo_data/hpo_iteration_data/4339489/params_1_0.pkl
2025-05-10 13:31:00,606 - INFO - Loaded HPO parameters
2025-05-10 13:31:00,606 - INFO - Preparing datasets...
2025-05-10 13:31:04,101 - INFO - Prepared datasets: 582 train & 1000 validation samples
2025-05-10 13:31:04,108 - INFO - Initializing model...
2025-05-10 13:31:04,111 - INFO - Fitting model...
2025-05-10 13:33:05,558 - INFO - Saved weights to /s/ls4/users/selibrin/spiking_researches/correlation_encoding_and_training/mnist/hpo/shifted_stdp_synapse/hpo_data/hpo_iteration_data/4339489/estimator_1_neuron_0_weights.npy
2025-05-10 13:33:05,558 - INFO - Evaluating model...
2025-05-10 13:35:29,218 - INFO - Saved validation outputs to /s/ls4/users/selibrin/spiking_researches/correlation_encoding_and_training/mnist/hpo/shifted_stdp_synapse/hpo_data/hpo_iteration_data/4339489/estimator_1_neuron_0_validation_outputs.npy
2025-05-10 13:35:29,218 - INFO - Waiting for parameters file: /s/ls4/users/selibrin/spiking_researches/correlation_encoding_and_training/mnist/hpo/shifted_stdp_synapse/hpo_data/hpo_iteration_data/4339489/params_1_0.pkl
2025-05-10 13:36:09,265 - INFO - Loaded HPO parameters
2025-05-10 13:36:09,265 - INFO - Preparing datasets...
2025-05-10 13:36:12,424 - INFO - Prepared datasets: 291 train & 1000 validation samples
2025-05-10 13:36:12,425 - INFO - Initializing model...
2025-05-10 13:36:12,427 - INFO - Fitting model...
2025-05-10 13:36:57,868 - INFO - Saved weights to /s/ls4/users/selibrin/spiking_researches/correlation_encoding_and_training/mnist/hpo/shifted_stdp_synapse/hpo_data/hpo_iteration_data/4339489/estimator_1_neuron_0_weights.npy
2025-05-10 13:36:57,869 - INFO - Evaluating model...
2025-05-10 13:39:12,386 - INFO - Saved validation outputs to /s/ls4/users/selibrin/spiking_researches/correlation_encoding_and_training/mnist/hpo/shifted_stdp_synapse/hpo_data/hpo_iteration_data/4339489/estimator_1_neuron_0_validation_outputs.npy
2025-05-10 13:39:12,386 - INFO - Waiting for parameters file: /s/ls4/users/selibrin/spiking_researches/correlation_encoding_and_training/mnist/hpo/shifted_stdp_synapse/hpo_data/hpo_iteration_data/4339489/params_1_0.pkl
2025-05-10 13:39:42,424 - INFO - Loaded HPO parameters
2025-05-10 13:39:42,424 - INFO - Preparing datasets...
2025-05-10 13:39:45,688 - INFO - Prepared datasets: 291 train & 1000 validation samples
2025-05-10 13:39:45,689 - INFO - Initializing model...
2025-05-10 13:39:45,756 - INFO - Fitting model...
2025-05-10 13:40:37,142 - INFO - Saved weights to /s/ls4/users/selibrin/spiking_researches/correlation_encoding_and_training/mnist/hpo/shifted_stdp_synapse/hpo_data/hpo_iteration_data/4339489/estimator_1_neuron_0_weights.npy
2025-05-10 13:40:37,142 - INFO - Evaluating model...
2025-05-10 13:42:57,410 - INFO - Saved validation outputs to /s/ls4/users/selibrin/spiking_researches/correlation_encoding_and_training/mnist/hpo/shifted_stdp_synapse/hpo_data/hpo_iteration_data/4339489/estimator_1_neuron_0_validation_outputs.npy
2025-05-10 13:42:57,410 - INFO - Waiting for parameters file: /s/ls4/users/selibrin/spiking_researches/correlation_encoding_and_training/mnist/hpo/shifted_stdp_synapse/hpo_data/hpo_iteration_data/4339489/params_1_0.pkl
2025-05-10 13:43:22,442 - INFO - Loaded HPO parameters
2025-05-10 13:43:22,443 - INFO - Preparing datasets...
2025-05-10 13:43:25,774 - INFO - Prepared datasets: 291 train & 1000 validation samples
2025-05-10 13:43:25,774 - INFO - Initializing model...
2025-05-10 13:43:25,777 - INFO - Fitting model...
2025-05-10 13:44:11,176 - INFO - Saved weights to /s/ls4/users/selibrin/spiking_researches/correlation_encoding_and_training/mnist/hpo/shifted_stdp_synapse/hpo_data/hpo_iteration_data/4339489/estimator_1_neuron_0_weights.npy
2025-05-10 13:44:11,176 - INFO - Evaluating model...
2025-05-10 13:46:25,974 - INFO - Saved validation outputs to /s/ls4/users/selibrin/spiking_researches/correlation_encoding_and_training/mnist/hpo/shifted_stdp_synapse/hpo_data/hpo_iteration_data/4339489/estimator_1_neuron_0_validation_outputs.npy
2025-05-10 13:46:25,974 - INFO - Waiting for parameters file: /s/ls4/users/selibrin/spiking_researches/correlation_encoding_and_training/mnist/hpo/shifted_stdp_synapse/hpo_data/hpo_iteration_data/4339489/params_1_0.pkl
2025-05-10 13:46:56,011 - INFO - Loaded HPO parameters
2025-05-10 13:46:56,011 - INFO - Preparing datasets...
2025-05-10 13:46:59,361 - INFO - Prepared datasets: 291 train & 1000 validation samples
2025-05-10 13:46:59,366 - INFO - Initializing model...
2025-05-10 13:46:59,369 - INFO - Fitting model...
2025-05-10 13:47:46,725 - INFO - Saved weights to /s/ls4/users/selibrin/spiking_researches/correlation_encoding_and_training/mnist/hpo/shifted_stdp_synapse/hpo_data/hpo_iteration_data/4339489/estimator_1_neuron_0_weights.npy
2025-05-10 13:47:46,725 - INFO - Evaluating model...
2025-05-10 13:50:02,524 - INFO - Saved validation outputs to /s/ls4/users/selibrin/spiking_researches/correlation_encoding_and_training/mnist/hpo/shifted_stdp_synapse/hpo_data/hpo_iteration_data/4339489/estimator_1_neuron_0_validation_outputs.npy
2025-05-10 13:50:02,524 - INFO - Waiting for parameters file: /s/ls4/users/selibrin/spiking_researches/correlation_encoding_and_training/mnist/hpo/shifted_stdp_synapse/hpo_data/hpo_iteration_data/4339489/params_1_0.pkl
2025-05-10 13:50:32,560 - INFO - Loaded HPO parameters
2025-05-10 13:50:32,560 - INFO - Preparing datasets...
2025-05-10 13:50:35,745 - INFO - Prepared datasets: 1164 train & 1000 validation samples
2025-05-10 13:50:35,745 - INFO - Initializing model...
2025-05-10 13:50:35,747 - INFO - Fitting model...
2025-05-10 13:53:34,477 - INFO - Saved weights to /s/ls4/users/selibrin/spiking_researches/correlation_encoding_and_training/mnist/hpo/shifted_stdp_synapse/hpo_data/hpo_iteration_data/4339489/estimator_1_neuron_0_weights.npy
2025-05-10 13:53:34,477 - INFO - Evaluating model...
2025-05-10 13:55:48,475 - INFO - Saved validation outputs to /s/ls4/users/selibrin/spiking_researches/correlation_encoding_and_training/mnist/hpo/shifted_stdp_synapse/hpo_data/hpo_iteration_data/4339489/estimator_1_neuron_0_validation_outputs.npy
2025-05-10 13:55:48,475 - INFO - Waiting for parameters file: /s/ls4/users/selibrin/spiking_researches/correlation_encoding_and_training/mnist/hpo/shifted_stdp_synapse/hpo_data/hpo_iteration_data/4339489/params_1_0.pkl
2025-05-10 13:56:38,532 - INFO - Loaded HPO parameters
2025-05-10 13:56:38,532 - INFO - Preparing datasets...
2025-05-10 13:56:41,767 - INFO - Prepared datasets: 291 train & 1000 validation samples
2025-05-10 13:56:41,772 - INFO - Initializing model...
2025-05-10 13:56:41,774 - INFO - Fitting model...
2025-05-10 13:57:26,532 - INFO - Saved weights to /s/ls4/users/selibrin/spiking_researches/correlation_encoding_and_training/mnist/hpo/shifted_stdp_synapse/hpo_data/hpo_iteration_data/4339489/estimator_1_neuron_0_weights.npy
2025-05-10 13:57:26,532 - INFO - Evaluating model...
2025-05-10 13:59:38,564 - INFO - Saved validation outputs to /s/ls4/users/selibrin/spiking_researches/correlation_encoding_and_training/mnist/hpo/shifted_stdp_synapse/hpo_data/hpo_iteration_data/4339489/estimator_1_neuron_0_validation_outputs.npy
2025-05-10 13:59:38,564 - INFO - Waiting for parameters file: /s/ls4/users/selibrin/spiking_researches/correlation_encoding_and_training/mnist/hpo/shifted_stdp_synapse/hpo_data/hpo_iteration_data/4339489/params_1_0.pkl
2025-05-10 14:00:18,610 - INFO - Loaded HPO parameters
2025-05-10 14:00:18,610 - INFO - Preparing datasets...
2025-05-10 14:00:21,784 - INFO - Prepared datasets: 582 train & 1000 validation samples
2025-05-10 14:00:21,784 - INFO - Initializing model...
2025-05-10 14:00:21,786 - INFO - Fitting model...
2025-05-10 14:01:50,641 - INFO - Saved weights to /s/ls4/users/selibrin/spiking_researches/correlation_encoding_and_training/mnist/hpo/shifted_stdp_synapse/hpo_data/hpo_iteration_data/4339489/estimator_1_neuron_0_weights.npy
2025-05-10 14:01:50,641 - INFO - Evaluating model...
2025-05-10 14:04:04,799 - INFO - Saved validation outputs to /s/ls4/users/selibrin/spiking_researches/correlation_encoding_and_training/mnist/hpo/shifted_stdp_synapse/hpo_data/hpo_iteration_data/4339489/estimator_1_neuron_0_validation_outputs.npy
2025-05-10 14:04:04,799 - INFO - Waiting for parameters file: /s/ls4/users/selibrin/spiking_researches/correlation_encoding_and_training/mnist/hpo/shifted_stdp_synapse/hpo_data/hpo_iteration_data/4339489/params_1_0.pkl
2025-05-10 14:04:54,856 - INFO - Loaded HPO parameters
2025-05-10 14:04:54,856 - INFO - Preparing datasets...
2025-05-10 14:04:58,011 - INFO - Prepared datasets: 291 train & 1000 validation samples
2025-05-10 14:04:58,017 - INFO - Initializing model...
2025-05-10 14:04:58,019 - INFO - Fitting model...
2025-05-10 14:05:51,392 - INFO - Saved weights to /s/ls4/users/selibrin/spiking_researches/correlation_encoding_and_training/mnist/hpo/shifted_stdp_synapse/hpo_data/hpo_iteration_data/4339489/estimator_1_neuron_0_weights.npy
2025-05-10 14:05:51,392 - INFO - Evaluating model...
2025-05-10 14:08:09,764 - INFO - Saved validation outputs to /s/ls4/users/selibrin/spiking_researches/correlation_encoding_and_training/mnist/hpo/shifted_stdp_synapse/hpo_data/hpo_iteration_data/4339489/estimator_1_neuron_0_validation_outputs.npy
2025-05-10 14:08:09,765 - INFO - Waiting for parameters file: /s/ls4/users/selibrin/spiking_researches/correlation_encoding_and_training/mnist/hpo/shifted_stdp_synapse/hpo_data/hpo_iteration_data/4339489/params_1_0.pkl
2025-05-10 14:08:29,789 - INFO - Loaded HPO parameters
2025-05-10 14:08:29,789 - INFO - Preparing datasets...
2025-05-10 14:08:33,081 - INFO - Prepared datasets: 291 train & 1000 validation samples
2025-05-10 14:08:33,081 - INFO - Initializing model...
2025-05-10 14:08:33,083 - INFO - Fitting model...
2025-05-10 14:09:18,086 - INFO - Saved weights to /s/ls4/users/selibrin/spiking_researches/correlation_encoding_and_training/mnist/hpo/shifted_stdp_synapse/hpo_data/hpo_iteration_data/4339489/estimator_1_neuron_0_weights.npy
2025-05-10 14:09:18,086 - INFO - Evaluating model...
2025-05-10 14:11:32,070 - INFO - Saved validation outputs to /s/ls4/users/selibrin/spiking_researches/correlation_encoding_and_training/mnist/hpo/shifted_stdp_synapse/hpo_data/hpo_iteration_data/4339489/estimator_1_neuron_0_validation_outputs.npy
2025-05-10 14:11:32,070 - INFO - Waiting for parameters file: /s/ls4/users/selibrin/spiking_researches/correlation_encoding_and_training/mnist/hpo/shifted_stdp_synapse/hpo_data/hpo_iteration_data/4339489/params_1_0.pkl
2025-05-10 14:12:07,112 - INFO - Loaded HPO parameters
2025-05-10 14:12:07,112 - INFO - Preparing datasets...
2025-05-10 14:12:10,283 - INFO - Prepared datasets: 291 train & 1000 validation samples
2025-05-10 14:12:10,289 - INFO - Initializing model...
2025-05-10 14:12:10,291 - INFO - Fitting model...
2025-05-10 14:13:09,998 - INFO - Saved weights to /s/ls4/users/selibrin/spiking_researches/correlation_encoding_and_training/mnist/hpo/shifted_stdp_synapse/hpo_data/hpo_iteration_data/4339489/estimator_1_neuron_0_weights.npy
2025-05-10 14:13:09,998 - INFO - Evaluating model...
2025-05-10 14:15:31,210 - INFO - Saved validation outputs to /s/ls4/users/selibrin/spiking_researches/correlation_encoding_and_training/mnist/hpo/shifted_stdp_synapse/hpo_data/hpo_iteration_data/4339489/estimator_1_neuron_0_validation_outputs.npy
2025-05-10 14:15:31,210 - INFO - Waiting for parameters file: /s/ls4/users/selibrin/spiking_researches/correlation_encoding_and_training/mnist/hpo/shifted_stdp_synapse/hpo_data/hpo_iteration_data/4339489/params_1_0.pkl
2025-05-10 14:16:11,258 - INFO - Loaded HPO parameters
2025-05-10 14:16:11,258 - INFO - Preparing datasets...
2025-05-10 14:16:14,462 - INFO - Prepared datasets: 291 train & 1000 validation samples
2025-05-10 14:16:14,463 - INFO - Initializing model...
2025-05-10 14:16:14,466 - INFO - Fitting model...
2025-05-10 14:17:00,520 - INFO - Saved weights to /s/ls4/users/selibrin/spiking_researches/correlation_encoding_and_training/mnist/hpo/shifted_stdp_synapse/hpo_data/hpo_iteration_data/4339489/estimator_1_neuron_0_weights.npy
2025-05-10 14:17:00,520 - INFO - Evaluating model...
2025-05-10 14:19:16,519 - INFO - Saved validation outputs to /s/ls4/users/selibrin/spiking_researches/correlation_encoding_and_training/mnist/hpo/shifted_stdp_synapse/hpo_data/hpo_iteration_data/4339489/estimator_1_neuron_0_validation_outputs.npy
2025-05-10 14:19:16,520 - INFO - Waiting for parameters file: /s/ls4/users/selibrin/spiking_researches/correlation_encoding_and_training/mnist/hpo/shifted_stdp_synapse/hpo_data/hpo_iteration_data/4339489/params_1_0.pkl
2025-05-10 14:19:46,556 - INFO - Loaded HPO parameters
2025-05-10 14:19:46,556 - INFO - Preparing datasets...
2025-05-10 14:19:49,773 - INFO - Prepared datasets: 1164 train & 1000 validation samples
2025-05-10 14:19:49,788 - INFO - Initializing model...
2025-05-10 14:19:49,790 - INFO - Fitting model...
2025-05-10 14:22:50,879 - INFO - Saved weights to /s/ls4/users/selibrin/spiking_researches/correlation_encoding_and_training/mnist/hpo/shifted_stdp_synapse/hpo_data/hpo_iteration_data/4339489/estimator_1_neuron_0_weights.npy
2025-05-10 14:22:50,879 - INFO - Evaluating model...
2025-05-10 14:25:05,597 - INFO - Saved validation outputs to /s/ls4/users/selibrin/spiking_researches/correlation_encoding_and_training/mnist/hpo/shifted_stdp_synapse/hpo_data/hpo_iteration_data/4339489/estimator_1_neuron_0_validation_outputs.npy
2025-05-10 14:25:05,598 - INFO - Waiting for parameters file: /s/ls4/users/selibrin/spiking_researches/correlation_encoding_and_training/mnist/hpo/shifted_stdp_synapse/hpo_data/hpo_iteration_data/4339489/params_1_0.pkl
2025-05-10 14:25:25,623 - INFO - Loaded HPO parameters
2025-05-10 14:25:25,623 - INFO - Preparing datasets...
2025-05-10 14:25:29,091 - INFO - Prepared datasets: 291 train & 1000 validation samples
2025-05-10 14:25:29,092 - INFO - Initializing model...
2025-05-10 14:25:29,094 - INFO - Fitting model...
2025-05-10 14:26:20,712 - INFO - Saved weights to /s/ls4/users/selibrin/spiking_researches/correlation_encoding_and_training/mnist/hpo/shifted_stdp_synapse/hpo_data/hpo_iteration_data/4339489/estimator_1_neuron_0_weights.npy
2025-05-10 14:26:20,712 - INFO - Evaluating model...
2025-05-10 14:28:42,194 - INFO - Saved validation outputs to /s/ls4/users/selibrin/spiking_researches/correlation_encoding_and_training/mnist/hpo/shifted_stdp_synapse/hpo_data/hpo_iteration_data/4339489/estimator_1_neuron_0_validation_outputs.npy
2025-05-10 14:28:42,195 - INFO - Waiting for parameters file: /s/ls4/users/selibrin/spiking_researches/correlation_encoding_and_training/mnist/hpo/shifted_stdp_synapse/hpo_data/hpo_iteration_data/4339489/params_1_0.pkl
2025-05-10 14:29:02,220 - INFO - Loaded HPO parameters
2025-05-10 14:29:02,220 - INFO - Preparing datasets...
2025-05-10 14:29:05,359 - INFO - Prepared datasets: 582 train & 1000 validation samples
2025-05-10 14:29:05,359 - INFO - Initializing model...
2025-05-10 14:29:05,361 - INFO - Fitting model...
2025-05-10 14:30:33,463 - INFO - Saved weights to /s/ls4/users/selibrin/spiking_researches/correlation_encoding_and_training/mnist/hpo/shifted_stdp_synapse/hpo_data/hpo_iteration_data/4339489/estimator_1_neuron_0_weights.npy
2025-05-10 14:30:33,463 - INFO - Evaluating model...
2025-05-10 14:32:49,087 - INFO - Saved validation outputs to /s/ls4/users/selibrin/spiking_researches/correlation_encoding_and_training/mnist/hpo/shifted_stdp_synapse/hpo_data/hpo_iteration_data/4339489/estimator_1_neuron_0_validation_outputs.npy
2025-05-10 14:32:49,087 - INFO - Waiting for parameters file: /s/ls4/users/selibrin/spiking_researches/correlation_encoding_and_training/mnist/hpo/shifted_stdp_synapse/hpo_data/hpo_iteration_data/4339489/params_1_0.pkl
2025-05-10 14:33:09,111 - INFO - Loaded HPO parameters
2025-05-10 14:33:09,111 - INFO - Preparing datasets...
2025-05-10 14:33:12,327 - INFO - Prepared datasets: 291 train & 1000 validation samples
2025-05-10 14:33:12,338 - INFO - Initializing model...
2025-05-10 14:33:12,341 - INFO - Fitting model...
2025-05-10 14:33:56,989 - INFO - Saved weights to /s/ls4/users/selibrin/spiking_researches/correlation_encoding_and_training/mnist/hpo/shifted_stdp_synapse/hpo_data/hpo_iteration_data/4339489/estimator_1_neuron_0_weights.npy
2025-05-10 14:33:56,989 - INFO - Evaluating model...
2025-05-10 14:36:08,351 - INFO - Saved validation outputs to /s/ls4/users/selibrin/spiking_researches/correlation_encoding_and_training/mnist/hpo/shifted_stdp_synapse/hpo_data/hpo_iteration_data/4339489/estimator_1_neuron_0_validation_outputs.npy
2025-05-10 14:36:08,351 - INFO - Waiting for parameters file: /s/ls4/users/selibrin/spiking_researches/correlation_encoding_and_training/mnist/hpo/shifted_stdp_synapse/hpo_data/hpo_iteration_data/4339489/params_1_0.pkl
2025-05-10 14:36:43,392 - INFO - Loaded HPO parameters
2025-05-10 14:36:43,393 - INFO - Preparing datasets...
2025-05-10 14:36:46,624 - INFO - Prepared datasets: 291 train & 1000 validation samples
2025-05-10 14:36:46,624 - INFO - Initializing model...
2025-05-10 14:36:46,627 - INFO - Fitting model...
2025-05-10 14:37:33,131 - INFO - Saved weights to /s/ls4/users/selibrin/spiking_researches/correlation_encoding_and_training/mnist/hpo/shifted_stdp_synapse/hpo_data/hpo_iteration_data/4339489/estimator_1_neuron_0_weights.npy
2025-05-10 14:37:33,131 - INFO - Evaluating model...
2025-05-10 14:39:47,401 - INFO - Saved validation outputs to /s/ls4/users/selibrin/spiking_researches/correlation_encoding_and_training/mnist/hpo/shifted_stdp_synapse/hpo_data/hpo_iteration_data/4339489/estimator_1_neuron_0_validation_outputs.npy
2025-05-10 14:39:47,401 - INFO - Waiting for parameters file: /s/ls4/users/selibrin/spiking_researches/correlation_encoding_and_training/mnist/hpo/shifted_stdp_synapse/hpo_data/hpo_iteration_data/4339489/params_1_0.pkl
2025-05-10 14:40:17,436 - INFO - Loaded HPO parameters
2025-05-10 14:40:17,437 - INFO - Preparing datasets...
2025-05-10 14:40:20,778 - INFO - Prepared datasets: 291 train & 1000 validation samples
2025-05-10 14:40:20,778 - INFO - Initializing model...
2025-05-10 14:40:20,780 - INFO - Fitting model...
2025-05-10 14:41:05,878 - INFO - Saved weights to /s/ls4/users/selibrin/spiking_researches/correlation_encoding_and_training/mnist/hpo/shifted_stdp_synapse/hpo_data/hpo_iteration_data/4339489/estimator_1_neuron_0_weights.npy
2025-05-10 14:41:05,879 - INFO - Evaluating model...
2025-05-10 14:43:20,575 - INFO - Saved validation outputs to /s/ls4/users/selibrin/spiking_researches/correlation_encoding_and_training/mnist/hpo/shifted_stdp_synapse/hpo_data/hpo_iteration_data/4339489/estimator_1_neuron_0_validation_outputs.npy
2025-05-10 14:43:20,575 - INFO - Waiting for parameters file: /s/ls4/users/selibrin/spiking_researches/correlation_encoding_and_training/mnist/hpo/shifted_stdp_synapse/hpo_data/hpo_iteration_data/4339489/params_1_0.pkl
2025-05-10 14:43:55,616 - INFO - Loaded HPO parameters
2025-05-10 14:43:55,616 - INFO - Preparing datasets...
2025-05-10 14:43:58,828 - INFO - Prepared datasets: 291 train & 1000 validation samples
2025-05-10 14:43:58,833 - INFO - Initializing model...
2025-05-10 14:43:58,835 - INFO - Fitting model...
2025-05-10 14:44:44,142 - INFO - Saved weights to /s/ls4/users/selibrin/spiking_researches/correlation_encoding_and_training/mnist/hpo/shifted_stdp_synapse/hpo_data/hpo_iteration_data/4339489/estimator_1_neuron_0_weights.npy
2025-05-10 14:44:44,142 - INFO - Evaluating model...
2025-05-10 14:46:59,584 - INFO - Saved validation outputs to /s/ls4/users/selibrin/spiking_researches/correlation_encoding_and_training/mnist/hpo/shifted_stdp_synapse/hpo_data/hpo_iteration_data/4339489/estimator_1_neuron_0_validation_outputs.npy
2025-05-10 14:46:59,584 - INFO - Waiting for parameters file: /s/ls4/users/selibrin/spiking_researches/correlation_encoding_and_training/mnist/hpo/shifted_stdp_synapse/hpo_data/hpo_iteration_data/4339489/params_1_0.pkl
2025-05-10 14:47:34,625 - INFO - Loaded HPO parameters
2025-05-10 14:47:34,625 - INFO - Preparing datasets...
2025-05-10 14:47:37,794 - INFO - Prepared datasets: 1164 train & 1000 validation samples
2025-05-10 14:47:37,794 - INFO - Initializing model...
2025-05-10 14:47:37,796 - INFO - Fitting model...
2025-05-10 14:51:12,916 - INFO - Saved weights to /s/ls4/users/selibrin/spiking_researches/correlation_encoding_and_training/mnist/hpo/shifted_stdp_synapse/hpo_data/hpo_iteration_data/4339489/estimator_1_neuron_0_weights.npy
2025-05-10 14:51:12,916 - INFO - Evaluating model...
2025-05-10 14:53:32,784 - INFO - Saved validation outputs to /s/ls4/users/selibrin/spiking_researches/correlation_encoding_and_training/mnist/hpo/shifted_stdp_synapse/hpo_data/hpo_iteration_data/4339489/estimator_1_neuron_0_validation_outputs.npy
2025-05-10 14:53:32,784 - INFO - Waiting for parameters file: /s/ls4/users/selibrin/spiking_researches/correlation_encoding_and_training/mnist/hpo/shifted_stdp_synapse/hpo_data/hpo_iteration_data/4339489/params_1_0.pkl
2025-05-10 14:54:07,848 - INFO - Loaded HPO parameters
2025-05-10 14:54:07,849 - INFO - Preparing datasets...
2025-05-10 14:54:11,405 - INFO - Prepared datasets: 291 train & 1000 validation samples
2025-05-10 14:54:11,411 - INFO - Initializing model...
2025-05-10 14:54:11,415 - INFO - Fitting model...
2025-05-10 14:54:57,136 - INFO - Saved weights to /s/ls4/users/selibrin/spiking_researches/correlation_encoding_and_training/mnist/hpo/shifted_stdp_synapse/hpo_data/hpo_iteration_data/4339489/estimator_1_neuron_0_weights.npy
2025-05-10 14:54:57,136 - INFO - Evaluating model...
2025-05-10 14:57:14,420 - INFO - Saved validation outputs to /s/ls4/users/selibrin/spiking_researches/correlation_encoding_and_training/mnist/hpo/shifted_stdp_synapse/hpo_data/hpo_iteration_data/4339489/estimator_1_neuron_0_validation_outputs.npy
2025-05-10 14:57:14,420 - INFO - Waiting for parameters file: /s/ls4/users/selibrin/spiking_researches/correlation_encoding_and_training/mnist/hpo/shifted_stdp_synapse/hpo_data/hpo_iteration_data/4339489/params_1_0.pkl
2025-05-10 14:57:44,456 - INFO - Loaded HPO parameters
2025-05-10 14:57:44,456 - INFO - Preparing datasets...
2025-05-10 14:57:47,830 - INFO - Prepared datasets: 582 train & 1000 validation samples
2025-05-10 14:57:47,830 - INFO - Initializing model...
2025-05-10 14:57:47,833 - INFO - Fitting model...
2025-05-10 14:59:17,567 - INFO - Saved weights to /s/ls4/users/selibrin/spiking_researches/correlation_encoding_and_training/mnist/hpo/shifted_stdp_synapse/hpo_data/hpo_iteration_data/4339489/estimator_1_neuron_0_weights.npy
2025-05-10 14:59:17,567 - INFO - Evaluating model...
2025-05-10 15:01:31,742 - INFO - Saved validation outputs to /s/ls4/users/selibrin/spiking_researches/correlation_encoding_and_training/mnist/hpo/shifted_stdp_synapse/hpo_data/hpo_iteration_data/4339489/estimator_1_neuron_0_validation_outputs.npy
2025-05-10 15:01:31,743 - INFO - Waiting for parameters file: /s/ls4/users/selibrin/spiking_researches/correlation_encoding_and_training/mnist/hpo/shifted_stdp_synapse/hpo_data/hpo_iteration_data/4339489/params_1_0.pkl
2025-05-10 15:01:51,768 - INFO - Loaded HPO parameters
2025-05-10 15:01:51,769 - INFO - Preparing datasets...
2025-05-10 15:01:54,875 - INFO - Prepared datasets: 291 train & 1000 validation samples
2025-05-10 15:01:54,881 - INFO - Initializing model...
2025-05-10 15:01:54,883 - INFO - Fitting model...
2025-05-10 15:02:41,625 - INFO - Saved weights to /s/ls4/users/selibrin/spiking_researches/correlation_encoding_and_training/mnist/hpo/shifted_stdp_synapse/hpo_data/hpo_iteration_data/4339489/estimator_1_neuron_0_weights.npy
2025-05-10 15:02:41,625 - INFO - Evaluating model...
2025-05-10 15:04:58,107 - INFO - Saved validation outputs to /s/ls4/users/selibrin/spiking_researches/correlation_encoding_and_training/mnist/hpo/shifted_stdp_synapse/hpo_data/hpo_iteration_data/4339489/estimator_1_neuron_0_validation_outputs.npy
2025-05-10 15:04:58,107 - INFO - Waiting for parameters file: /s/ls4/users/selibrin/spiking_researches/correlation_encoding_and_training/mnist/hpo/shifted_stdp_synapse/hpo_data/hpo_iteration_data/4339489/params_1_0.pkl
2025-05-10 15:05:28,142 - INFO - Loaded HPO parameters
2025-05-10 15:05:28,142 - INFO - Preparing datasets...
2025-05-10 15:05:31,324 - INFO - Prepared datasets: 291 train & 1000 validation samples
2025-05-10 15:05:31,324 - INFO - Initializing model...
2025-05-10 15:05:31,326 - INFO - Fitting model...
2025-05-10 15:06:31,464 - INFO - Saved weights to /s/ls4/users/selibrin/spiking_researches/correlation_encoding_and_training/mnist/hpo/shifted_stdp_synapse/hpo_data/hpo_iteration_data/4339489/estimator_1_neuron_0_weights.npy
2025-05-10 15:06:31,464 - INFO - Evaluating model...
2025-05-10 15:08:52,383 - INFO - Saved validation outputs to /s/ls4/users/selibrin/spiking_researches/correlation_encoding_and_training/mnist/hpo/shifted_stdp_synapse/hpo_data/hpo_iteration_data/4339489/estimator_1_neuron_0_validation_outputs.npy
2025-05-10 15:08:52,383 - INFO - Waiting for parameters file: /s/ls4/users/selibrin/spiking_researches/correlation_encoding_and_training/mnist/hpo/shifted_stdp_synapse/hpo_data/hpo_iteration_data/4339489/params_1_0.pkl
2025-05-10 15:09:32,429 - INFO - Loaded HPO parameters
2025-05-10 15:09:32,429 - INFO - Preparing datasets...
2025-05-10 15:09:35,741 - INFO - Prepared datasets: 291 train & 1000 validation samples
2025-05-10 15:09:35,750 - INFO - Initializing model...
2025-05-10 15:09:35,752 - INFO - Fitting model...
2025-05-10 15:10:21,826 - INFO - Saved weights to /s/ls4/users/selibrin/spiking_researches/correlation_encoding_and_training/mnist/hpo/shifted_stdp_synapse/hpo_data/hpo_iteration_data/4339489/estimator_1_neuron_0_weights.npy
2025-05-10 15:10:21,826 - INFO - Evaluating model...
2025-05-10 15:12:36,855 - INFO - Saved validation outputs to /s/ls4/users/selibrin/spiking_researches/correlation_encoding_and_training/mnist/hpo/shifted_stdp_synapse/hpo_data/hpo_iteration_data/4339489/estimator_1_neuron_0_validation_outputs.npy
2025-05-10 15:12:36,855 - INFO - Waiting for parameters file: /s/ls4/users/selibrin/spiking_researches/correlation_encoding_and_training/mnist/hpo/shifted_stdp_synapse/hpo_data/hpo_iteration_data/4339489/params_1_0.pkl
2025-05-10 15:13:11,897 - INFO - Loaded HPO parameters
2025-05-10 15:13:11,897 - INFO - Preparing datasets...
2025-05-10 15:13:15,097 - INFO - Prepared datasets: 291 train & 1000 validation samples
2025-05-10 15:13:15,105 - INFO - Initializing model...
2025-05-10 15:13:15,107 - INFO - Fitting model...
