2025-05-09 20:02:41,476 - INFO - Initialized Neuron trainer
2025-05-09 20:02:41,477 - INFO - Waiting for parameters file: /s/ls4/users/selibrin/spiking_researches/correlation_encoding_and_training/mnist/hpo/shifted_stdp_synapse/hpo_data/hpo_iteration_data/4339489/params_1_7.pkl
2025-05-09 20:02:41,480 - INFO - Loaded HPO parameters
2025-05-09 20:02:41,480 - INFO - Preparing datasets...
2025-05-09 20:02:44,839 - INFO - Prepared datasets: 1180 train & 1000 validation samples
2025-05-09 20:02:44,840 - INFO - Initializing model...
2025-05-09 20:02:44,842 - INFO - Fitting model...
2025-05-09 20:07:49,533 - INFO - Saved weights to /s/ls4/users/selibrin/spiking_researches/correlation_encoding_and_training/mnist/hpo/shifted_stdp_synapse/hpo_data/hpo_iteration_data/4339489/estimator_1_neuron_7_weights.npy
2025-05-09 20:07:49,533 - INFO - Evaluating model...
2025-05-09 20:10:54,908 - INFO - Saved validation outputs to /s/ls4/users/selibrin/spiking_researches/correlation_encoding_and_training/mnist/hpo/shifted_stdp_synapse/hpo_data/hpo_iteration_data/4339489/estimator_1_neuron_7_validation_outputs.npy
2025-05-09 20:10:54,908 - INFO - Waiting for parameters file: /s/ls4/users/selibrin/spiking_researches/correlation_encoding_and_training/mnist/hpo/shifted_stdp_synapse/hpo_data/hpo_iteration_data/4339489/params_1_7.pkl
2025-05-09 20:11:39,953 - INFO - Loaded HPO parameters
2025-05-09 20:11:39,953 - INFO - Preparing datasets...
2025-05-09 20:11:44,970 - INFO - Prepared datasets: 295 train & 1000 validation samples
2025-05-09 20:11:44,970 - INFO - Initializing model...
2025-05-09 20:11:44,973 - INFO - Fitting model...
2025-05-09 20:12:49,837 - INFO - Saved weights to /s/ls4/users/selibrin/spiking_researches/correlation_encoding_and_training/mnist/hpo/shifted_stdp_synapse/hpo_data/hpo_iteration_data/4339489/estimator_1_neuron_7_weights.npy
2025-05-09 20:12:49,837 - INFO - Evaluating model...
2025-05-09 20:16:01,391 - INFO - Saved validation outputs to /s/ls4/users/selibrin/spiking_researches/correlation_encoding_and_training/mnist/hpo/shifted_stdp_synapse/hpo_data/hpo_iteration_data/4339489/estimator_1_neuron_7_validation_outputs.npy
2025-05-09 20:16:01,391 - INFO - Waiting for parameters file: /s/ls4/users/selibrin/spiking_researches/correlation_encoding_and_training/mnist/hpo/shifted_stdp_synapse/hpo_data/hpo_iteration_data/4339489/params_1_7.pkl
2025-05-09 20:16:46,444 - INFO - Loaded HPO parameters
2025-05-09 20:16:46,444 - INFO - Preparing datasets...
2025-05-09 20:16:51,502 - INFO - Prepared datasets: 1180 train & 1000 validation samples
2025-05-09 20:16:51,502 - INFO - Initializing model...
2025-05-09 20:16:51,505 - INFO - Fitting model...
2025-05-09 20:21:53,075 - INFO - Saved weights to /s/ls4/users/selibrin/spiking_researches/correlation_encoding_and_training/mnist/hpo/shifted_stdp_synapse/hpo_data/hpo_iteration_data/4339489/estimator_1_neuron_7_weights.npy
2025-05-09 20:21:53,076 - INFO - Evaluating model...
2025-05-09 20:25:27,409 - INFO - Saved validation outputs to /s/ls4/users/selibrin/spiking_researches/correlation_encoding_and_training/mnist/hpo/shifted_stdp_synapse/hpo_data/hpo_iteration_data/4339489/estimator_1_neuron_7_validation_outputs.npy
2025-05-09 20:25:27,409 - INFO - Waiting for parameters file: /s/ls4/users/selibrin/spiking_researches/correlation_encoding_and_training/mnist/hpo/shifted_stdp_synapse/hpo_data/hpo_iteration_data/4339489/params_1_7.pkl
2025-05-09 20:26:22,472 - INFO - Loaded HPO parameters
2025-05-09 20:26:22,472 - INFO - Preparing datasets...
2025-05-09 20:26:27,428 - INFO - Prepared datasets: 1180 train & 1000 validation samples
2025-05-09 20:26:27,429 - INFO - Initializing model...
2025-05-09 20:26:27,432 - INFO - Fitting model...
2025-05-09 20:30:39,705 - INFO - Saved weights to /s/ls4/users/selibrin/spiking_researches/correlation_encoding_and_training/mnist/hpo/shifted_stdp_synapse/hpo_data/hpo_iteration_data/4339489/estimator_1_neuron_7_weights.npy
2025-05-09 20:30:39,705 - INFO - Evaluating model...
2025-05-09 20:33:42,971 - INFO - Saved validation outputs to /s/ls4/users/selibrin/spiking_researches/correlation_encoding_and_training/mnist/hpo/shifted_stdp_synapse/hpo_data/hpo_iteration_data/4339489/estimator_1_neuron_7_validation_outputs.npy
2025-05-09 20:33:42,971 - INFO - Waiting for parameters file: /s/ls4/users/selibrin/spiking_researches/correlation_encoding_and_training/mnist/hpo/shifted_stdp_synapse/hpo_data/hpo_iteration_data/4339489/params_1_7.pkl
2025-05-09 20:34:28,022 - INFO - Loaded HPO parameters
2025-05-09 20:34:28,022 - INFO - Preparing datasets...
2025-05-09 20:34:31,893 - INFO - Prepared datasets: 295 train & 1000 validation samples
2025-05-09 20:34:31,893 - INFO - Initializing model...
2025-05-09 20:34:31,897 - INFO - Fitting model...
2025-05-09 20:35:29,690 - INFO - Saved weights to /s/ls4/users/selibrin/spiking_researches/correlation_encoding_and_training/mnist/hpo/shifted_stdp_synapse/hpo_data/hpo_iteration_data/4339489/estimator_1_neuron_7_weights.npy
2025-05-09 20:35:29,691 - INFO - Evaluating model...
2025-05-09 20:38:35,824 - INFO - Saved validation outputs to /s/ls4/users/selibrin/spiking_researches/correlation_encoding_and_training/mnist/hpo/shifted_stdp_synapse/hpo_data/hpo_iteration_data/4339489/estimator_1_neuron_7_validation_outputs.npy
2025-05-09 20:38:35,824 - INFO - Waiting for parameters file: /s/ls4/users/selibrin/spiking_researches/correlation_encoding_and_training/mnist/hpo/shifted_stdp_synapse/hpo_data/hpo_iteration_data/4339489/params_1_7.pkl
2025-05-09 20:39:35,885 - INFO - Loaded HPO parameters
2025-05-09 20:39:35,886 - INFO - Preparing datasets...
2025-05-09 20:39:41,061 - INFO - Prepared datasets: 1180 train & 1000 validation samples
2025-05-09 20:39:41,062 - INFO - Initializing model...
2025-05-09 20:39:41,065 - INFO - Fitting model...
2025-05-09 20:44:37,402 - INFO - Saved weights to /s/ls4/users/selibrin/spiking_researches/correlation_encoding_and_training/mnist/hpo/shifted_stdp_synapse/hpo_data/hpo_iteration_data/4339489/estimator_1_neuron_7_weights.npy
2025-05-09 20:44:37,403 - INFO - Evaluating model...
2025-05-09 20:47:59,859 - INFO - Saved validation outputs to /s/ls4/users/selibrin/spiking_researches/correlation_encoding_and_training/mnist/hpo/shifted_stdp_synapse/hpo_data/hpo_iteration_data/4339489/estimator_1_neuron_7_validation_outputs.npy
2025-05-09 20:47:59,860 - INFO - Waiting for parameters file: /s/ls4/users/selibrin/spiking_researches/correlation_encoding_and_training/mnist/hpo/shifted_stdp_synapse/hpo_data/hpo_iteration_data/4339489/params_1_7.pkl
2025-05-09 20:48:39,906 - INFO - Loaded HPO parameters
2025-05-09 20:48:39,906 - INFO - Preparing datasets...
2025-05-09 20:48:44,923 - INFO - Prepared datasets: 295 train & 1000 validation samples
2025-05-09 20:48:44,923 - INFO - Initializing model...
2025-05-09 20:48:44,926 - INFO - Fitting model...
2025-05-09 20:49:51,859 - INFO - Saved weights to /s/ls4/users/selibrin/spiking_researches/correlation_encoding_and_training/mnist/hpo/shifted_stdp_synapse/hpo_data/hpo_iteration_data/4339489/estimator_1_neuron_7_weights.npy
2025-05-09 20:49:51,859 - INFO - Evaluating model...
2025-05-09 20:53:11,448 - INFO - Saved validation outputs to /s/ls4/users/selibrin/spiking_researches/correlation_encoding_and_training/mnist/hpo/shifted_stdp_synapse/hpo_data/hpo_iteration_data/4339489/estimator_1_neuron_7_validation_outputs.npy
2025-05-09 20:53:11,448 - INFO - Waiting for parameters file: /s/ls4/users/selibrin/spiking_researches/correlation_encoding_and_training/mnist/hpo/shifted_stdp_synapse/hpo_data/hpo_iteration_data/4339489/params_1_7.pkl
2025-05-09 20:53:46,489 - INFO - Loaded HPO parameters
2025-05-09 20:53:46,489 - INFO - Preparing datasets...
2025-05-09 20:53:50,026 - INFO - Prepared datasets: 590 train & 1000 validation samples
2025-05-09 20:53:50,027 - INFO - Initializing model...
2025-05-09 20:53:50,029 - INFO - Fitting model...
2025-05-09 20:56:16,666 - INFO - Saved weights to /s/ls4/users/selibrin/spiking_researches/correlation_encoding_and_training/mnist/hpo/shifted_stdp_synapse/hpo_data/hpo_iteration_data/4339489/estimator_1_neuron_7_weights.npy
2025-05-09 20:56:16,666 - INFO - Evaluating model...
2025-05-09 20:59:37,279 - INFO - Saved validation outputs to /s/ls4/users/selibrin/spiking_researches/correlation_encoding_and_training/mnist/hpo/shifted_stdp_synapse/hpo_data/hpo_iteration_data/4339489/estimator_1_neuron_7_validation_outputs.npy
2025-05-09 20:59:37,279 - INFO - Waiting for parameters file: /s/ls4/users/selibrin/spiking_researches/correlation_encoding_and_training/mnist/hpo/shifted_stdp_synapse/hpo_data/hpo_iteration_data/4339489/params_1_7.pkl
2025-05-09 21:00:22,331 - INFO - Loaded HPO parameters
2025-05-09 21:00:22,331 - INFO - Preparing datasets...
2025-05-09 21:00:27,250 - INFO - Prepared datasets: 590 train & 1000 validation samples
2025-05-09 21:00:27,250 - INFO - Initializing model...
2025-05-09 21:00:27,254 - INFO - Fitting model...
2025-05-09 21:03:04,363 - INFO - Saved weights to /s/ls4/users/selibrin/spiking_researches/correlation_encoding_and_training/mnist/hpo/shifted_stdp_synapse/hpo_data/hpo_iteration_data/4339489/estimator_1_neuron_7_weights.npy
2025-05-09 21:03:04,363 - INFO - Evaluating model...
2025-05-09 21:06:24,652 - INFO - Saved validation outputs to /s/ls4/users/selibrin/spiking_researches/correlation_encoding_and_training/mnist/hpo/shifted_stdp_synapse/hpo_data/hpo_iteration_data/4339489/estimator_1_neuron_7_validation_outputs.npy
2025-05-09 21:06:24,652 - INFO - Waiting for parameters file: /s/ls4/users/selibrin/spiking_researches/correlation_encoding_and_training/mnist/hpo/shifted_stdp_synapse/hpo_data/hpo_iteration_data/4339489/params_1_7.pkl
2025-05-09 21:06:54,731 - INFO - Loaded HPO parameters
2025-05-09 21:06:54,731 - INFO - Preparing datasets...
2025-05-09 21:06:57,912 - INFO - Prepared datasets: 590 train & 1000 validation samples
2025-05-09 21:06:57,912 - INFO - Initializing model...
2025-05-09 21:06:57,914 - INFO - Fitting model...
2025-05-09 21:08:35,886 - INFO - Saved weights to /s/ls4/users/selibrin/spiking_researches/correlation_encoding_and_training/mnist/hpo/shifted_stdp_synapse/hpo_data/hpo_iteration_data/4339489/estimator_1_neuron_7_weights.npy
2025-05-09 21:08:35,886 - INFO - Evaluating model...
2025-05-09 21:11:07,114 - INFO - Saved validation outputs to /s/ls4/users/selibrin/spiking_researches/correlation_encoding_and_training/mnist/hpo/shifted_stdp_synapse/hpo_data/hpo_iteration_data/4339489/estimator_1_neuron_7_validation_outputs.npy
2025-05-09 21:11:07,114 - INFO - Waiting for parameters file: /s/ls4/users/selibrin/spiking_researches/correlation_encoding_and_training/mnist/hpo/shifted_stdp_synapse/hpo_data/hpo_iteration_data/4339489/params_1_7.pkl
2025-05-09 21:11:57,172 - INFO - Loaded HPO parameters
2025-05-09 21:11:57,172 - INFO - Preparing datasets...
2025-05-09 21:12:01,406 - INFO - Prepared datasets: 590 train & 1000 validation samples
2025-05-09 21:12:01,407 - INFO - Initializing model...
2025-05-09 21:12:01,409 - INFO - Fitting model...
2025-05-09 21:14:07,272 - INFO - Saved weights to /s/ls4/users/selibrin/spiking_researches/correlation_encoding_and_training/mnist/hpo/shifted_stdp_synapse/hpo_data/hpo_iteration_data/4339489/estimator_1_neuron_7_weights.npy
2025-05-09 21:14:07,272 - INFO - Evaluating model...
2025-05-09 21:16:30,646 - INFO - Saved validation outputs to /s/ls4/users/selibrin/spiking_researches/correlation_encoding_and_training/mnist/hpo/shifted_stdp_synapse/hpo_data/hpo_iteration_data/4339489/estimator_1_neuron_7_validation_outputs.npy
2025-05-09 21:16:30,646 - INFO - Waiting for parameters file: /s/ls4/users/selibrin/spiking_researches/correlation_encoding_and_training/mnist/hpo/shifted_stdp_synapse/hpo_data/hpo_iteration_data/4339489/params_1_7.pkl
2025-05-09 21:17:30,714 - INFO - Loaded HPO parameters
2025-05-09 21:17:30,714 - INFO - Preparing datasets...
2025-05-09 21:17:33,854 - INFO - Prepared datasets: 1180 train & 1000 validation samples
2025-05-09 21:17:33,855 - INFO - Initializing model...
2025-05-09 21:17:33,857 - INFO - Fitting model...
2025-05-09 21:20:31,165 - INFO - Saved weights to /s/ls4/users/selibrin/spiking_researches/correlation_encoding_and_training/mnist/hpo/shifted_stdp_synapse/hpo_data/hpo_iteration_data/4339489/estimator_1_neuron_7_weights.npy
2025-05-09 21:20:31,166 - INFO - Evaluating model...
2025-05-09 21:22:48,005 - INFO - Saved validation outputs to /s/ls4/users/selibrin/spiking_researches/correlation_encoding_and_training/mnist/hpo/shifted_stdp_synapse/hpo_data/hpo_iteration_data/4339489/estimator_1_neuron_7_validation_outputs.npy
2025-05-09 21:22:48,005 - INFO - Waiting for parameters file: /s/ls4/users/selibrin/spiking_researches/correlation_encoding_and_training/mnist/hpo/shifted_stdp_synapse/hpo_data/hpo_iteration_data/4339489/params_1_7.pkl
2025-05-09 21:24:38,126 - INFO - Loaded HPO parameters
2025-05-09 21:24:38,126 - INFO - Preparing datasets...
2025-05-09 21:24:41,255 - INFO - Prepared datasets: 295 train & 1000 validation samples
2025-05-09 21:24:41,255 - INFO - Initializing model...
2025-05-09 21:24:41,258 - INFO - Fitting model...
2025-05-09 21:25:26,503 - INFO - Saved weights to /s/ls4/users/selibrin/spiking_researches/correlation_encoding_and_training/mnist/hpo/shifted_stdp_synapse/hpo_data/hpo_iteration_data/4339489/estimator_1_neuron_7_weights.npy
2025-05-09 21:25:26,503 - INFO - Evaluating model...
2025-05-09 21:27:40,647 - INFO - Saved validation outputs to /s/ls4/users/selibrin/spiking_researches/correlation_encoding_and_training/mnist/hpo/shifted_stdp_synapse/hpo_data/hpo_iteration_data/4339489/estimator_1_neuron_7_validation_outputs.npy
2025-05-09 21:27:40,647 - INFO - Waiting for parameters file: /s/ls4/users/selibrin/spiking_researches/correlation_encoding_and_training/mnist/hpo/shifted_stdp_synapse/hpo_data/hpo_iteration_data/4339489/params_1_7.pkl
2025-05-09 21:29:10,775 - INFO - Loaded HPO parameters
2025-05-09 21:29:10,776 - INFO - Preparing datasets...
2025-05-09 21:29:14,585 - INFO - Prepared datasets: 1180 train & 1000 validation samples
2025-05-09 21:29:14,585 - INFO - Initializing model...
2025-05-09 21:29:14,587 - INFO - Fitting model...
2025-05-09 21:33:01,044 - INFO - Saved weights to /s/ls4/users/selibrin/spiking_researches/correlation_encoding_and_training/mnist/hpo/shifted_stdp_synapse/hpo_data/hpo_iteration_data/4339489/estimator_1_neuron_7_weights.npy
2025-05-09 21:33:01,044 - INFO - Evaluating model...
2025-05-09 21:35:24,574 - INFO - Saved validation outputs to /s/ls4/users/selibrin/spiking_researches/correlation_encoding_and_training/mnist/hpo/shifted_stdp_synapse/hpo_data/hpo_iteration_data/4339489/estimator_1_neuron_7_validation_outputs.npy
2025-05-09 21:35:24,574 - INFO - Waiting for parameters file: /s/ls4/users/selibrin/spiking_researches/correlation_encoding_and_training/mnist/hpo/shifted_stdp_synapse/hpo_data/hpo_iteration_data/4339489/params_1_7.pkl
2025-05-09 21:37:14,696 - INFO - Loaded HPO parameters
2025-05-09 21:37:14,697 - INFO - Preparing datasets...
2025-05-09 21:37:19,250 - INFO - Prepared datasets: 295 train & 1000 validation samples
2025-05-09 21:37:19,250 - INFO - Initializing model...
2025-05-09 21:37:19,252 - INFO - Fitting model...
2025-05-09 21:38:13,511 - INFO - Saved weights to /s/ls4/users/selibrin/spiking_researches/correlation_encoding_and_training/mnist/hpo/shifted_stdp_synapse/hpo_data/hpo_iteration_data/4339489/estimator_1_neuron_7_weights.npy
2025-05-09 21:38:13,511 - INFO - Evaluating model...
2025-05-09 21:40:42,064 - INFO - Saved validation outputs to /s/ls4/users/selibrin/spiking_researches/correlation_encoding_and_training/mnist/hpo/shifted_stdp_synapse/hpo_data/hpo_iteration_data/4339489/estimator_1_neuron_7_validation_outputs.npy
2025-05-09 21:40:42,064 - INFO - Waiting for parameters file: /s/ls4/users/selibrin/spiking_researches/correlation_encoding_and_training/mnist/hpo/shifted_stdp_synapse/hpo_data/hpo_iteration_data/4339489/params_1_7.pkl
2025-05-09 21:41:47,139 - INFO - Loaded HPO parameters
2025-05-09 21:41:47,139 - INFO - Preparing datasets...
2025-05-09 21:41:51,472 - INFO - Prepared datasets: 295 train & 1000 validation samples
2025-05-09 21:41:51,472 - INFO - Initializing model...
2025-05-09 21:41:51,474 - INFO - Fitting model...
2025-05-09 21:42:40,110 - INFO - Saved weights to /s/ls4/users/selibrin/spiking_researches/correlation_encoding_and_training/mnist/hpo/shifted_stdp_synapse/hpo_data/hpo_iteration_data/4339489/estimator_1_neuron_7_weights.npy
2025-05-09 21:42:40,110 - INFO - Evaluating model...
2025-05-09 21:44:54,119 - INFO - Saved validation outputs to /s/ls4/users/selibrin/spiking_researches/correlation_encoding_and_training/mnist/hpo/shifted_stdp_synapse/hpo_data/hpo_iteration_data/4339489/estimator_1_neuron_7_validation_outputs.npy
2025-05-09 21:44:54,119 - INFO - Waiting for parameters file: /s/ls4/users/selibrin/spiking_researches/correlation_encoding_and_training/mnist/hpo/shifted_stdp_synapse/hpo_data/hpo_iteration_data/4339489/params_1_7.pkl
2025-05-09 21:45:49,183 - INFO - Loaded HPO parameters
2025-05-09 21:45:49,183 - INFO - Preparing datasets...
2025-05-09 21:45:53,903 - INFO - Prepared datasets: 1180 train & 1000 validation samples
2025-05-09 21:45:53,904 - INFO - Initializing model...
2025-05-09 21:45:53,907 - INFO - Fitting model...
2025-05-09 21:49:08,946 - INFO - Saved weights to /s/ls4/users/selibrin/spiking_researches/correlation_encoding_and_training/mnist/hpo/shifted_stdp_synapse/hpo_data/hpo_iteration_data/4339489/estimator_1_neuron_7_weights.npy
2025-05-09 21:49:08,946 - INFO - Evaluating model...
2025-05-09 21:51:29,409 - INFO - Saved validation outputs to /s/ls4/users/selibrin/spiking_researches/correlation_encoding_and_training/mnist/hpo/shifted_stdp_synapse/hpo_data/hpo_iteration_data/4339489/estimator_1_neuron_7_validation_outputs.npy
2025-05-09 21:51:29,409 - INFO - Waiting for parameters file: /s/ls4/users/selibrin/spiking_researches/correlation_encoding_and_training/mnist/hpo/shifted_stdp_synapse/hpo_data/hpo_iteration_data/4339489/params_1_7.pkl
2025-05-09 21:52:54,505 - INFO - Loaded HPO parameters
2025-05-09 21:52:54,505 - INFO - Preparing datasets...
2025-05-09 21:52:58,170 - INFO - Prepared datasets: 590 train & 1000 validation samples
2025-05-09 21:52:58,170 - INFO - Initializing model...
2025-05-09 21:52:58,172 - INFO - Fitting model...
2025-05-09 21:54:51,740 - INFO - Saved weights to /s/ls4/users/selibrin/spiking_researches/correlation_encoding_and_training/mnist/hpo/shifted_stdp_synapse/hpo_data/hpo_iteration_data/4339489/estimator_1_neuron_7_weights.npy
2025-05-09 21:54:51,740 - INFO - Evaluating model...
2025-05-09 21:57:08,471 - INFO - Saved validation outputs to /s/ls4/users/selibrin/spiking_researches/correlation_encoding_and_training/mnist/hpo/shifted_stdp_synapse/hpo_data/hpo_iteration_data/4339489/estimator_1_neuron_7_validation_outputs.npy
2025-05-09 21:57:08,471 - INFO - Waiting for parameters file: /s/ls4/users/selibrin/spiking_researches/correlation_encoding_and_training/mnist/hpo/shifted_stdp_synapse/hpo_data/hpo_iteration_data/4339489/params_1_7.pkl
2025-05-09 21:58:28,558 - INFO - Loaded HPO parameters
2025-05-09 21:58:28,558 - INFO - Preparing datasets...
2025-05-09 21:58:33,574 - INFO - Prepared datasets: 590 train & 1000 validation samples
2025-05-09 21:58:33,575 - INFO - Initializing model...
2025-05-09 21:58:33,578 - INFO - Fitting model...
2025-05-09 22:00:32,715 - INFO - Saved weights to /s/ls4/users/selibrin/spiking_researches/correlation_encoding_and_training/mnist/hpo/shifted_stdp_synapse/hpo_data/hpo_iteration_data/4339489/estimator_1_neuron_7_weights.npy
2025-05-09 22:00:32,715 - INFO - Evaluating model...
2025-05-09 22:02:57,736 - INFO - Saved validation outputs to /s/ls4/users/selibrin/spiking_researches/correlation_encoding_and_training/mnist/hpo/shifted_stdp_synapse/hpo_data/hpo_iteration_data/4339489/estimator_1_neuron_7_validation_outputs.npy
2025-05-09 22:02:57,736 - INFO - Waiting for parameters file: /s/ls4/users/selibrin/spiking_researches/correlation_encoding_and_training/mnist/hpo/shifted_stdp_synapse/hpo_data/hpo_iteration_data/4339489/params_1_7.pkl
2025-05-09 22:03:32,891 - INFO - Loaded HPO parameters
2025-05-09 22:03:32,891 - INFO - Preparing datasets...
2025-05-09 22:03:35,912 - INFO - Prepared datasets: 295 train & 1000 validation samples
2025-05-09 22:03:35,912 - INFO - Initializing model...
2025-05-09 22:03:35,914 - INFO - Fitting model...
2025-05-09 22:04:22,733 - INFO - Saved weights to /s/ls4/users/selibrin/spiking_researches/correlation_encoding_and_training/mnist/hpo/shifted_stdp_synapse/hpo_data/hpo_iteration_data/4339489/estimator_1_neuron_7_weights.npy
2025-05-09 22:04:22,733 - INFO - Evaluating model...
2025-05-09 22:06:49,632 - INFO - Saved validation outputs to /s/ls4/users/selibrin/spiking_researches/correlation_encoding_and_training/mnist/hpo/shifted_stdp_synapse/hpo_data/hpo_iteration_data/4339489/estimator_1_neuron_7_validation_outputs.npy
2025-05-09 22:06:49,632 - INFO - Waiting for parameters file: /s/ls4/users/selibrin/spiking_researches/correlation_encoding_and_training/mnist/hpo/shifted_stdp_synapse/hpo_data/hpo_iteration_data/4339489/params_1_7.pkl
2025-05-09 22:08:04,718 - INFO - Loaded HPO parameters
2025-05-09 22:08:04,718 - INFO - Preparing datasets...
2025-05-09 22:08:07,883 - INFO - Prepared datasets: 590 train & 1000 validation samples
2025-05-09 22:08:07,884 - INFO - Initializing model...
2025-05-09 22:08:07,886 - INFO - Fitting model...
2025-05-09 22:10:02,308 - INFO - Saved weights to /s/ls4/users/selibrin/spiking_researches/correlation_encoding_and_training/mnist/hpo/shifted_stdp_synapse/hpo_data/hpo_iteration_data/4339489/estimator_1_neuron_7_weights.npy
2025-05-09 22:10:02,308 - INFO - Evaluating model...
2025-05-09 22:12:33,736 - INFO - Saved validation outputs to /s/ls4/users/selibrin/spiking_researches/correlation_encoding_and_training/mnist/hpo/shifted_stdp_synapse/hpo_data/hpo_iteration_data/4339489/estimator_1_neuron_7_validation_outputs.npy
2025-05-09 22:12:33,736 - INFO - Waiting for parameters file: /s/ls4/users/selibrin/spiking_researches/correlation_encoding_and_training/mnist/hpo/shifted_stdp_synapse/hpo_data/hpo_iteration_data/4339489/params_1_7.pkl
2025-05-09 22:13:38,812 - INFO - Loaded HPO parameters
2025-05-09 22:13:38,812 - INFO - Preparing datasets...
2025-05-09 22:13:41,976 - INFO - Prepared datasets: 1180 train & 1000 validation samples
2025-05-09 22:13:41,976 - INFO - Initializing model...
2025-05-09 22:13:41,979 - INFO - Fitting model...
2025-05-09 22:18:25,786 - INFO - Saved weights to /s/ls4/users/selibrin/spiking_researches/correlation_encoding_and_training/mnist/hpo/shifted_stdp_synapse/hpo_data/hpo_iteration_data/4339489/estimator_1_neuron_7_weights.npy
2025-05-09 22:18:25,786 - INFO - Evaluating model...
2025-05-09 22:21:15,438 - INFO - Saved validation outputs to /s/ls4/users/selibrin/spiking_researches/correlation_encoding_and_training/mnist/hpo/shifted_stdp_synapse/hpo_data/hpo_iteration_data/4339489/estimator_1_neuron_7_validation_outputs.npy
2025-05-09 22:21:15,438 - INFO - Waiting for parameters file: /s/ls4/users/selibrin/spiking_researches/correlation_encoding_and_training/mnist/hpo/shifted_stdp_synapse/hpo_data/hpo_iteration_data/4339489/params_1_7.pkl
2025-05-09 22:21:40,470 - INFO - Loaded HPO parameters
2025-05-09 22:21:40,470 - INFO - Preparing datasets...
2025-05-09 22:21:43,944 - INFO - Prepared datasets: 295 train & 1000 validation samples
2025-05-09 22:21:43,944 - INFO - Initializing model...
2025-05-09 22:21:43,946 - INFO - Fitting model...
2025-05-09 22:22:39,900 - INFO - Saved weights to /s/ls4/users/selibrin/spiking_researches/correlation_encoding_and_training/mnist/hpo/shifted_stdp_synapse/hpo_data/hpo_iteration_data/4339489/estimator_1_neuron_7_weights.npy
2025-05-09 22:22:39,900 - INFO - Evaluating model...
2025-05-09 22:25:17,577 - INFO - Saved validation outputs to /s/ls4/users/selibrin/spiking_researches/correlation_encoding_and_training/mnist/hpo/shifted_stdp_synapse/hpo_data/hpo_iteration_data/4339489/estimator_1_neuron_7_validation_outputs.npy
2025-05-09 22:25:17,577 - INFO - Waiting for parameters file: /s/ls4/users/selibrin/spiking_researches/correlation_encoding_and_training/mnist/hpo/shifted_stdp_synapse/hpo_data/hpo_iteration_data/4339489/params_1_7.pkl
2025-05-09 22:26:12,665 - INFO - Loaded HPO parameters
2025-05-09 22:26:12,666 - INFO - Preparing datasets...
2025-05-09 22:26:17,711 - INFO - Prepared datasets: 590 train & 1000 validation samples
2025-05-09 22:26:17,712 - INFO - Initializing model...
2025-05-09 22:26:17,715 - INFO - Fitting model...
2025-05-09 22:28:01,263 - INFO - Saved weights to /s/ls4/users/selibrin/spiking_researches/correlation_encoding_and_training/mnist/hpo/shifted_stdp_synapse/hpo_data/hpo_iteration_data/4339489/estimator_1_neuron_7_weights.npy
2025-05-09 22:28:01,263 - INFO - Evaluating model...
2025-05-09 22:30:12,308 - INFO - Saved validation outputs to /s/ls4/users/selibrin/spiking_researches/correlation_encoding_and_training/mnist/hpo/shifted_stdp_synapse/hpo_data/hpo_iteration_data/4339489/estimator_1_neuron_7_validation_outputs.npy
2025-05-09 22:30:12,308 - INFO - Waiting for parameters file: /s/ls4/users/selibrin/spiking_researches/correlation_encoding_and_training/mnist/hpo/shifted_stdp_synapse/hpo_data/hpo_iteration_data/4339489/params_1_7.pkl
2025-05-09 22:31:17,383 - INFO - Loaded HPO parameters
2025-05-09 22:31:17,383 - INFO - Preparing datasets...
2025-05-09 22:31:20,434 - INFO - Prepared datasets: 1180 train & 1000 validation samples
2025-05-09 22:31:20,434 - INFO - Initializing model...
2025-05-09 22:31:20,436 - INFO - Fitting model...
2025-05-09 22:34:46,730 - INFO - Saved weights to /s/ls4/users/selibrin/spiking_researches/correlation_encoding_and_training/mnist/hpo/shifted_stdp_synapse/hpo_data/hpo_iteration_data/4339489/estimator_1_neuron_7_weights.npy
2025-05-09 22:34:46,730 - INFO - Evaluating model...
2025-05-09 22:37:07,172 - INFO - Saved validation outputs to /s/ls4/users/selibrin/spiking_researches/correlation_encoding_and_training/mnist/hpo/shifted_stdp_synapse/hpo_data/hpo_iteration_data/4339489/estimator_1_neuron_7_validation_outputs.npy
2025-05-09 22:37:07,172 - INFO - Waiting for parameters file: /s/ls4/users/selibrin/spiking_researches/correlation_encoding_and_training/mnist/hpo/shifted_stdp_synapse/hpo_data/hpo_iteration_data/4339489/params_1_7.pkl
2025-05-09 22:38:52,277 - INFO - Loaded HPO parameters
2025-05-09 22:38:52,277 - INFO - Preparing datasets...
2025-05-09 22:38:55,419 - INFO - Prepared datasets: 295 train & 1000 validation samples
2025-05-09 22:38:55,419 - INFO - Initializing model...
2025-05-09 22:38:55,421 - INFO - Fitting model...
2025-05-09 22:39:56,844 - INFO - Saved weights to /s/ls4/users/selibrin/spiking_researches/correlation_encoding_and_training/mnist/hpo/shifted_stdp_synapse/hpo_data/hpo_iteration_data/4339489/estimator_1_neuron_7_weights.npy
2025-05-09 22:39:56,844 - INFO - Evaluating model...
2025-05-09 22:42:13,081 - INFO - Saved validation outputs to /s/ls4/users/selibrin/spiking_researches/correlation_encoding_and_training/mnist/hpo/shifted_stdp_synapse/hpo_data/hpo_iteration_data/4339489/estimator_1_neuron_7_validation_outputs.npy
2025-05-09 22:42:13,081 - INFO - Waiting for parameters file: /s/ls4/users/selibrin/spiking_researches/correlation_encoding_and_training/mnist/hpo/shifted_stdp_synapse/hpo_data/hpo_iteration_data/4339489/params_1_7.pkl
2025-05-09 22:42:53,128 - INFO - Loaded HPO parameters
2025-05-09 22:42:53,129 - INFO - Preparing datasets...
2025-05-09 22:42:56,289 - INFO - Prepared datasets: 590 train & 1000 validation samples
2025-05-09 22:42:56,289 - INFO - Initializing model...
2025-05-09 22:42:56,291 - INFO - Fitting model...
2025-05-09 22:44:39,171 - INFO - Saved weights to /s/ls4/users/selibrin/spiking_researches/correlation_encoding_and_training/mnist/hpo/shifted_stdp_synapse/hpo_data/hpo_iteration_data/4339489/estimator_1_neuron_7_weights.npy
2025-05-09 22:44:39,171 - INFO - Evaluating model...
2025-05-09 22:47:03,172 - INFO - Saved validation outputs to /s/ls4/users/selibrin/spiking_researches/correlation_encoding_and_training/mnist/hpo/shifted_stdp_synapse/hpo_data/hpo_iteration_data/4339489/estimator_1_neuron_7_validation_outputs.npy
2025-05-09 22:47:03,172 - INFO - Waiting for parameters file: /s/ls4/users/selibrin/spiking_researches/correlation_encoding_and_training/mnist/hpo/shifted_stdp_synapse/hpo_data/hpo_iteration_data/4339489/params_1_7.pkl
2025-05-09 22:48:28,292 - INFO - Loaded HPO parameters
2025-05-09 22:48:28,292 - INFO - Preparing datasets...
2025-05-09 22:48:31,321 - INFO - Prepared datasets: 590 train & 1000 validation samples
2025-05-09 22:48:31,321 - INFO - Initializing model...
2025-05-09 22:48:31,323 - INFO - Fitting model...
2025-05-09 22:50:19,308 - INFO - Saved weights to /s/ls4/users/selibrin/spiking_researches/correlation_encoding_and_training/mnist/hpo/shifted_stdp_synapse/hpo_data/hpo_iteration_data/4339489/estimator_1_neuron_7_weights.npy
2025-05-09 22:50:19,308 - INFO - Evaluating model...
2025-05-09 22:52:47,247 - INFO - Saved validation outputs to /s/ls4/users/selibrin/spiking_researches/correlation_encoding_and_training/mnist/hpo/shifted_stdp_synapse/hpo_data/hpo_iteration_data/4339489/estimator_1_neuron_7_validation_outputs.npy
2025-05-09 22:52:47,247 - INFO - Waiting for parameters file: /s/ls4/users/selibrin/spiking_researches/correlation_encoding_and_training/mnist/hpo/shifted_stdp_synapse/hpo_data/hpo_iteration_data/4339489/params_1_7.pkl
2025-05-09 22:54:02,329 - INFO - Loaded HPO parameters
2025-05-09 22:54:02,329 - INFO - Preparing datasets...
2025-05-09 22:54:05,603 - INFO - Prepared datasets: 295 train & 1000 validation samples
2025-05-09 22:54:05,603 - INFO - Initializing model...
2025-05-09 22:54:05,606 - INFO - Fitting model...
2025-05-09 22:54:49,542 - INFO - Saved weights to /s/ls4/users/selibrin/spiking_researches/correlation_encoding_and_training/mnist/hpo/shifted_stdp_synapse/hpo_data/hpo_iteration_data/4339489/estimator_1_neuron_7_weights.npy
2025-05-09 22:54:49,543 - INFO - Evaluating model...
2025-05-09 22:57:06,015 - INFO - Saved validation outputs to /s/ls4/users/selibrin/spiking_researches/correlation_encoding_and_training/mnist/hpo/shifted_stdp_synapse/hpo_data/hpo_iteration_data/4339489/estimator_1_neuron_7_validation_outputs.npy
2025-05-09 22:57:06,015 - INFO - Waiting for parameters file: /s/ls4/users/selibrin/spiking_researches/correlation_encoding_and_training/mnist/hpo/shifted_stdp_synapse/hpo_data/hpo_iteration_data/4339489/params_1_7.pkl
2025-05-09 22:58:06,083 - INFO - Loaded HPO parameters
2025-05-09 22:58:06,083 - INFO - Preparing datasets...
2025-05-09 22:58:09,280 - INFO - Prepared datasets: 1180 train & 1000 validation samples
2025-05-09 22:58:09,281 - INFO - Initializing model...
2025-05-09 22:58:09,283 - INFO - Fitting model...
2025-05-09 23:01:30,975 - INFO - Saved weights to /s/ls4/users/selibrin/spiking_researches/correlation_encoding_and_training/mnist/hpo/shifted_stdp_synapse/hpo_data/hpo_iteration_data/4339489/estimator_1_neuron_7_weights.npy
2025-05-09 23:01:30,976 - INFO - Evaluating model...
2025-05-09 23:03:57,104 - INFO - Saved validation outputs to /s/ls4/users/selibrin/spiking_researches/correlation_encoding_and_training/mnist/hpo/shifted_stdp_synapse/hpo_data/hpo_iteration_data/4339489/estimator_1_neuron_7_validation_outputs.npy
2025-05-09 23:03:57,105 - INFO - Waiting for parameters file: /s/ls4/users/selibrin/spiking_researches/correlation_encoding_and_training/mnist/hpo/shifted_stdp_synapse/hpo_data/hpo_iteration_data/4339489/params_1_7.pkl
2025-05-09 23:05:07,184 - INFO - Loaded HPO parameters
2025-05-09 23:05:07,184 - INFO - Preparing datasets...
2025-05-09 23:05:11,146 - INFO - Prepared datasets: 1180 train & 1000 validation samples
2025-05-09 23:05:11,146 - INFO - Initializing model...
2025-05-09 23:05:11,149 - INFO - Fitting model...
2025-05-09 23:08:14,819 - INFO - Saved weights to /s/ls4/users/selibrin/spiking_researches/correlation_encoding_and_training/mnist/hpo/shifted_stdp_synapse/hpo_data/hpo_iteration_data/4339489/estimator_1_neuron_7_weights.npy
2025-05-09 23:08:14,819 - INFO - Evaluating model...
2025-05-09 23:10:29,008 - INFO - Saved validation outputs to /s/ls4/users/selibrin/spiking_researches/correlation_encoding_and_training/mnist/hpo/shifted_stdp_synapse/hpo_data/hpo_iteration_data/4339489/estimator_1_neuron_7_validation_outputs.npy
2025-05-09 23:10:29,008 - INFO - Waiting for parameters file: /s/ls4/users/selibrin/spiking_researches/correlation_encoding_and_training/mnist/hpo/shifted_stdp_synapse/hpo_data/hpo_iteration_data/4339489/params_1_7.pkl
2025-05-09 23:11:39,081 - INFO - Loaded HPO parameters
2025-05-09 23:11:39,081 - INFO - Preparing datasets...
2025-05-09 23:11:42,196 - INFO - Prepared datasets: 295 train & 1000 validation samples
2025-05-09 23:11:42,196 - INFO - Initializing model...
2025-05-09 23:11:42,199 - INFO - Fitting model...
2025-05-09 23:12:27,925 - INFO - Saved weights to /s/ls4/users/selibrin/spiking_researches/correlation_encoding_and_training/mnist/hpo/shifted_stdp_synapse/hpo_data/hpo_iteration_data/4339489/estimator_1_neuron_7_weights.npy
2025-05-09 23:12:27,926 - INFO - Evaluating model...
2025-05-09 23:14:43,298 - INFO - Saved validation outputs to /s/ls4/users/selibrin/spiking_researches/correlation_encoding_and_training/mnist/hpo/shifted_stdp_synapse/hpo_data/hpo_iteration_data/4339489/estimator_1_neuron_7_validation_outputs.npy
2025-05-09 23:14:43,298 - INFO - Waiting for parameters file: /s/ls4/users/selibrin/spiking_researches/correlation_encoding_and_training/mnist/hpo/shifted_stdp_synapse/hpo_data/hpo_iteration_data/4339489/params_1_7.pkl
2025-05-09 23:15:48,371 - INFO - Loaded HPO parameters
2025-05-09 23:15:48,372 - INFO - Preparing datasets...
2025-05-09 23:15:51,568 - INFO - Prepared datasets: 1180 train & 1000 validation samples
2025-05-09 23:15:51,569 - INFO - Initializing model...
2025-05-09 23:15:51,571 - INFO - Fitting model...
2025-05-09 23:19:55,843 - INFO - Saved weights to /s/ls4/users/selibrin/spiking_researches/correlation_encoding_and_training/mnist/hpo/shifted_stdp_synapse/hpo_data/hpo_iteration_data/4339489/estimator_1_neuron_7_weights.npy
2025-05-09 23:19:55,843 - INFO - Evaluating model...
2025-05-09 23:22:14,928 - INFO - Saved validation outputs to /s/ls4/users/selibrin/spiking_researches/correlation_encoding_and_training/mnist/hpo/shifted_stdp_synapse/hpo_data/hpo_iteration_data/4339489/estimator_1_neuron_7_validation_outputs.npy
2025-05-09 23:22:14,929 - INFO - Waiting for parameters file: /s/ls4/users/selibrin/spiking_researches/correlation_encoding_and_training/mnist/hpo/shifted_stdp_synapse/hpo_data/hpo_iteration_data/4339489/params_1_7.pkl
2025-05-09 23:23:55,042 - INFO - Loaded HPO parameters
2025-05-09 23:23:55,042 - INFO - Preparing datasets...
2025-05-09 23:23:58,247 - INFO - Prepared datasets: 1180 train & 1000 validation samples
2025-05-09 23:23:58,248 - INFO - Initializing model...
2025-05-09 23:23:58,250 - INFO - Fitting model...
2025-05-09 23:26:52,121 - INFO - Saved weights to /s/ls4/users/selibrin/spiking_researches/correlation_encoding_and_training/mnist/hpo/shifted_stdp_synapse/hpo_data/hpo_iteration_data/4339489/estimator_1_neuron_7_weights.npy
2025-05-09 23:26:52,121 - INFO - Evaluating model...
2025-05-09 23:29:05,254 - INFO - Saved validation outputs to /s/ls4/users/selibrin/spiking_researches/correlation_encoding_and_training/mnist/hpo/shifted_stdp_synapse/hpo_data/hpo_iteration_data/4339489/estimator_1_neuron_7_validation_outputs.npy
2025-05-09 23:29:05,254 - INFO - Waiting for parameters file: /s/ls4/users/selibrin/spiking_researches/correlation_encoding_and_training/mnist/hpo/shifted_stdp_synapse/hpo_data/hpo_iteration_data/4339489/params_1_7.pkl
2025-05-09 23:30:55,367 - INFO - Loaded HPO parameters
2025-05-09 23:30:55,367 - INFO - Preparing datasets...
2025-05-09 23:30:58,534 - INFO - Prepared datasets: 295 train & 1000 validation samples
2025-05-09 23:30:58,534 - INFO - Initializing model...
2025-05-09 23:30:58,537 - INFO - Fitting model...
2025-05-09 23:31:49,758 - INFO - Saved weights to /s/ls4/users/selibrin/spiking_researches/correlation_encoding_and_training/mnist/hpo/shifted_stdp_synapse/hpo_data/hpo_iteration_data/4339489/estimator_1_neuron_7_weights.npy
2025-05-09 23:31:49,758 - INFO - Evaluating model...
2025-05-09 23:34:06,486 - INFO - Saved validation outputs to /s/ls4/users/selibrin/spiking_researches/correlation_encoding_and_training/mnist/hpo/shifted_stdp_synapse/hpo_data/hpo_iteration_data/4339489/estimator_1_neuron_7_validation_outputs.npy
2025-05-09 23:34:06,486 - INFO - Waiting for parameters file: /s/ls4/users/selibrin/spiking_researches/correlation_encoding_and_training/mnist/hpo/shifted_stdp_synapse/hpo_data/hpo_iteration_data/4339489/params_1_7.pkl
2025-05-09 23:35:36,589 - INFO - Loaded HPO parameters
2025-05-09 23:35:36,589 - INFO - Preparing datasets...
2025-05-09 23:35:39,833 - INFO - Prepared datasets: 1180 train & 1000 validation samples
2025-05-09 23:35:39,834 - INFO - Initializing model...
2025-05-09 23:35:39,836 - INFO - Fitting model...
2025-05-09 23:39:54,422 - INFO - Saved weights to /s/ls4/users/selibrin/spiking_researches/correlation_encoding_and_training/mnist/hpo/shifted_stdp_synapse/hpo_data/hpo_iteration_data/4339489/estimator_1_neuron_7_weights.npy
2025-05-09 23:39:54,422 - INFO - Evaluating model...
2025-05-09 23:42:27,012 - INFO - Saved validation outputs to /s/ls4/users/selibrin/spiking_researches/correlation_encoding_and_training/mnist/hpo/shifted_stdp_synapse/hpo_data/hpo_iteration_data/4339489/estimator_1_neuron_7_validation_outputs.npy
2025-05-09 23:42:27,012 - INFO - Waiting for parameters file: /s/ls4/users/selibrin/spiking_researches/correlation_encoding_and_training/mnist/hpo/shifted_stdp_synapse/hpo_data/hpo_iteration_data/4339489/params_1_7.pkl
2025-05-09 23:43:42,097 - INFO - Loaded HPO parameters
2025-05-09 23:43:42,097 - INFO - Preparing datasets...
2025-05-09 23:43:46,258 - INFO - Prepared datasets: 295 train & 1000 validation samples
2025-05-09 23:43:46,258 - INFO - Initializing model...
2025-05-09 23:43:46,260 - INFO - Fitting model...
2025-05-09 23:44:39,254 - INFO - Saved weights to /s/ls4/users/selibrin/spiking_researches/correlation_encoding_and_training/mnist/hpo/shifted_stdp_synapse/hpo_data/hpo_iteration_data/4339489/estimator_1_neuron_7_weights.npy
2025-05-09 23:44:39,254 - INFO - Evaluating model...
2025-05-09 23:47:08,953 - INFO - Saved validation outputs to /s/ls4/users/selibrin/spiking_researches/correlation_encoding_and_training/mnist/hpo/shifted_stdp_synapse/hpo_data/hpo_iteration_data/4339489/estimator_1_neuron_7_validation_outputs.npy
2025-05-09 23:47:08,954 - INFO - Waiting for parameters file: /s/ls4/users/selibrin/spiking_researches/correlation_encoding_and_training/mnist/hpo/shifted_stdp_synapse/hpo_data/hpo_iteration_data/4339489/params_1_7.pkl
2025-05-09 23:48:19,034 - INFO - Loaded HPO parameters
2025-05-09 23:48:19,034 - INFO - Preparing datasets...
2025-05-09 23:48:22,279 - INFO - Prepared datasets: 590 train & 1000 validation samples
2025-05-09 23:48:22,279 - INFO - Initializing model...
2025-05-09 23:48:22,282 - INFO - Fitting model...
2025-05-09 23:49:58,426 - INFO - Saved weights to /s/ls4/users/selibrin/spiking_researches/correlation_encoding_and_training/mnist/hpo/shifted_stdp_synapse/hpo_data/hpo_iteration_data/4339489/estimator_1_neuron_7_weights.npy
2025-05-09 23:49:58,426 - INFO - Evaluating model...
2025-05-09 23:52:31,023 - INFO - Saved validation outputs to /s/ls4/users/selibrin/spiking_researches/correlation_encoding_and_training/mnist/hpo/shifted_stdp_synapse/hpo_data/hpo_iteration_data/4339489/estimator_1_neuron_7_validation_outputs.npy
2025-05-09 23:52:31,023 - INFO - Waiting for parameters file: /s/ls4/users/selibrin/spiking_researches/correlation_encoding_and_training/mnist/hpo/shifted_stdp_synapse/hpo_data/hpo_iteration_data/4339489/params_1_7.pkl
2025-05-09 23:53:21,081 - INFO - Loaded HPO parameters
2025-05-09 23:53:21,081 - INFO - Preparing datasets...
2025-05-09 23:53:24,987 - INFO - Prepared datasets: 590 train & 1000 validation samples
2025-05-09 23:53:24,988 - INFO - Initializing model...
2025-05-09 23:53:24,991 - INFO - Fitting model...
2025-05-09 23:55:14,615 - INFO - Saved weights to /s/ls4/users/selibrin/spiking_researches/correlation_encoding_and_training/mnist/hpo/shifted_stdp_synapse/hpo_data/hpo_iteration_data/4339489/estimator_1_neuron_7_weights.npy
2025-05-09 23:55:14,615 - INFO - Evaluating model...
2025-05-09 23:58:07,915 - INFO - Saved validation outputs to /s/ls4/users/selibrin/spiking_researches/correlation_encoding_and_training/mnist/hpo/shifted_stdp_synapse/hpo_data/hpo_iteration_data/4339489/estimator_1_neuron_7_validation_outputs.npy
2025-05-09 23:58:07,915 - INFO - Waiting for parameters file: /s/ls4/users/selibrin/spiking_researches/correlation_encoding_and_training/mnist/hpo/shifted_stdp_synapse/hpo_data/hpo_iteration_data/4339489/params_1_7.pkl
2025-05-09 23:58:27,932 - INFO - Loaded HPO parameters
2025-05-09 23:58:27,932 - INFO - Preparing datasets...
2025-05-09 23:58:32,521 - INFO - Prepared datasets: 1180 train & 1000 validation samples
2025-05-09 23:58:32,522 - INFO - Initializing model...
2025-05-09 23:58:32,525 - INFO - Fitting model...
2025-05-10 00:01:56,823 - INFO - Saved weights to /s/ls4/users/selibrin/spiking_researches/correlation_encoding_and_training/mnist/hpo/shifted_stdp_synapse/hpo_data/hpo_iteration_data/4339489/estimator_1_neuron_7_weights.npy
2025-05-10 00:01:56,823 - INFO - Evaluating model...
2025-05-10 00:04:23,088 - INFO - Saved validation outputs to /s/ls4/users/selibrin/spiking_researches/correlation_encoding_and_training/mnist/hpo/shifted_stdp_synapse/hpo_data/hpo_iteration_data/4339489/estimator_1_neuron_7_validation_outputs.npy
2025-05-10 00:04:23,088 - INFO - Waiting for parameters file: /s/ls4/users/selibrin/spiking_researches/correlation_encoding_and_training/mnist/hpo/shifted_stdp_synapse/hpo_data/hpo_iteration_data/4339489/params_1_7.pkl
2025-05-10 00:05:33,169 - INFO - Loaded HPO parameters
2025-05-10 00:05:33,169 - INFO - Preparing datasets...
2025-05-10 00:05:37,101 - INFO - Prepared datasets: 1180 train & 1000 validation samples
2025-05-10 00:05:37,102 - INFO - Initializing model...
2025-05-10 00:05:37,106 - INFO - Fitting model...
2025-05-10 00:09:36,140 - INFO - Saved weights to /s/ls4/users/selibrin/spiking_researches/correlation_encoding_and_training/mnist/hpo/shifted_stdp_synapse/hpo_data/hpo_iteration_data/4339489/estimator_1_neuron_7_weights.npy
2025-05-10 00:09:36,141 - INFO - Evaluating model...
2025-05-10 00:12:02,098 - INFO - Saved validation outputs to /s/ls4/users/selibrin/spiking_researches/correlation_encoding_and_training/mnist/hpo/shifted_stdp_synapse/hpo_data/hpo_iteration_data/4339489/estimator_1_neuron_7_validation_outputs.npy
2025-05-10 00:12:02,099 - INFO - Waiting for parameters file: /s/ls4/users/selibrin/spiking_researches/correlation_encoding_and_training/mnist/hpo/shifted_stdp_synapse/hpo_data/hpo_iteration_data/4339489/params_1_7.pkl
2025-05-10 00:12:42,147 - INFO - Loaded HPO parameters
2025-05-10 00:12:42,148 - INFO - Preparing datasets...
2025-05-10 00:12:45,832 - INFO - Prepared datasets: 295 train & 1000 validation samples
2025-05-10 00:12:45,832 - INFO - Initializing model...
2025-05-10 00:12:45,835 - INFO - Fitting model...
2025-05-10 00:13:32,111 - INFO - Saved weights to /s/ls4/users/selibrin/spiking_researches/correlation_encoding_and_training/mnist/hpo/shifted_stdp_synapse/hpo_data/hpo_iteration_data/4339489/estimator_1_neuron_7_weights.npy
2025-05-10 00:13:32,111 - INFO - Evaluating model...
2025-05-10 00:15:59,287 - INFO - Saved validation outputs to /s/ls4/users/selibrin/spiking_researches/correlation_encoding_and_training/mnist/hpo/shifted_stdp_synapse/hpo_data/hpo_iteration_data/4339489/estimator_1_neuron_7_validation_outputs.npy
2025-05-10 00:15:59,287 - INFO - Waiting for parameters file: /s/ls4/users/selibrin/spiking_researches/correlation_encoding_and_training/mnist/hpo/shifted_stdp_synapse/hpo_data/hpo_iteration_data/4339489/params_1_7.pkl
2025-05-10 00:17:19,376 - INFO - Loaded HPO parameters
2025-05-10 00:17:19,376 - INFO - Preparing datasets...
2025-05-10 00:17:22,577 - INFO - Prepared datasets: 295 train & 1000 validation samples
2025-05-10 00:17:22,577 - INFO - Initializing model...
2025-05-10 00:17:22,579 - INFO - Fitting model...
2025-05-10 00:18:19,024 - INFO - Saved weights to /s/ls4/users/selibrin/spiking_researches/correlation_encoding_and_training/mnist/hpo/shifted_stdp_synapse/hpo_data/hpo_iteration_data/4339489/estimator_1_neuron_7_weights.npy
2025-05-10 00:18:19,025 - INFO - Evaluating model...
2025-05-10 00:20:32,726 - INFO - Saved validation outputs to /s/ls4/users/selibrin/spiking_researches/correlation_encoding_and_training/mnist/hpo/shifted_stdp_synapse/hpo_data/hpo_iteration_data/4339489/estimator_1_neuron_7_validation_outputs.npy
2025-05-10 00:20:32,726 - INFO - Waiting for parameters file: /s/ls4/users/selibrin/spiking_researches/correlation_encoding_and_training/mnist/hpo/shifted_stdp_synapse/hpo_data/hpo_iteration_data/4339489/params_1_7.pkl
2025-05-10 00:21:52,966 - INFO - Loaded HPO parameters
2025-05-10 00:21:52,966 - INFO - Preparing datasets...
2025-05-10 00:21:56,129 - INFO - Prepared datasets: 590 train & 1000 validation samples
2025-05-10 00:21:56,129 - INFO - Initializing model...
2025-05-10 00:21:56,131 - INFO - Fitting model...
2025-05-10 00:23:38,778 - INFO - Saved weights to /s/ls4/users/selibrin/spiking_researches/correlation_encoding_and_training/mnist/hpo/shifted_stdp_synapse/hpo_data/hpo_iteration_data/4339489/estimator_1_neuron_7_weights.npy
2025-05-10 00:23:38,778 - INFO - Evaluating model...
2025-05-10 00:25:59,238 - INFO - Saved validation outputs to /s/ls4/users/selibrin/spiking_researches/correlation_encoding_and_training/mnist/hpo/shifted_stdp_synapse/hpo_data/hpo_iteration_data/4339489/estimator_1_neuron_7_validation_outputs.npy
2025-05-10 00:25:59,238 - INFO - Waiting for parameters file: /s/ls4/users/selibrin/spiking_researches/correlation_encoding_and_training/mnist/hpo/shifted_stdp_synapse/hpo_data/hpo_iteration_data/4339489/params_1_7.pkl
2025-05-10 00:26:59,308 - INFO - Loaded HPO parameters
2025-05-10 00:26:59,308 - INFO - Preparing datasets...
2025-05-10 00:27:02,495 - INFO - Prepared datasets: 590 train & 1000 validation samples
2025-05-10 00:27:02,495 - INFO - Initializing model...
2025-05-10 00:27:02,497 - INFO - Fitting model...
2025-05-10 00:28:28,443 - INFO - Saved weights to /s/ls4/users/selibrin/spiking_researches/correlation_encoding_and_training/mnist/hpo/shifted_stdp_synapse/hpo_data/hpo_iteration_data/4339489/estimator_1_neuron_7_weights.npy
2025-05-10 00:28:28,443 - INFO - Evaluating model...
2025-05-10 00:31:05,045 - INFO - Saved validation outputs to /s/ls4/users/selibrin/spiking_researches/correlation_encoding_and_training/mnist/hpo/shifted_stdp_synapse/hpo_data/hpo_iteration_data/4339489/estimator_1_neuron_7_validation_outputs.npy
2025-05-10 00:31:05,046 - INFO - Waiting for parameters file: /s/ls4/users/selibrin/spiking_researches/correlation_encoding_and_training/mnist/hpo/shifted_stdp_synapse/hpo_data/hpo_iteration_data/4339489/params_1_7.pkl
2025-05-10 00:32:05,116 - INFO - Loaded HPO parameters
2025-05-10 00:32:05,116 - INFO - Preparing datasets...
2025-05-10 00:32:09,066 - INFO - Prepared datasets: 590 train & 1000 validation samples
2025-05-10 00:32:09,066 - INFO - Initializing model...
2025-05-10 00:32:09,069 - INFO - Fitting model...
2025-05-10 00:33:43,699 - INFO - Saved weights to /s/ls4/users/selibrin/spiking_researches/correlation_encoding_and_training/mnist/hpo/shifted_stdp_synapse/hpo_data/hpo_iteration_data/4339489/estimator_1_neuron_7_weights.npy
2025-05-10 00:33:43,700 - INFO - Evaluating model...
2025-05-10 00:36:23,505 - INFO - Saved validation outputs to /s/ls4/users/selibrin/spiking_researches/correlation_encoding_and_training/mnist/hpo/shifted_stdp_synapse/hpo_data/hpo_iteration_data/4339489/estimator_1_neuron_7_validation_outputs.npy
2025-05-10 00:36:23,505 - INFO - Waiting for parameters file: /s/ls4/users/selibrin/spiking_researches/correlation_encoding_and_training/mnist/hpo/shifted_stdp_synapse/hpo_data/hpo_iteration_data/4339489/params_1_7.pkl
2025-05-10 00:37:13,564 - INFO - Loaded HPO parameters
2025-05-10 00:37:13,564 - INFO - Preparing datasets...
2025-05-10 00:37:17,650 - INFO - Prepared datasets: 590 train & 1000 validation samples
2025-05-10 00:37:17,650 - INFO - Initializing model...
2025-05-10 00:37:17,654 - INFO - Fitting model...
2025-05-10 00:38:51,959 - INFO - Saved weights to /s/ls4/users/selibrin/spiking_researches/correlation_encoding_and_training/mnist/hpo/shifted_stdp_synapse/hpo_data/hpo_iteration_data/4339489/estimator_1_neuron_7_weights.npy
2025-05-10 00:38:51,959 - INFO - Evaluating model...
2025-05-10 00:41:05,043 - INFO - Saved validation outputs to /s/ls4/users/selibrin/spiking_researches/correlation_encoding_and_training/mnist/hpo/shifted_stdp_synapse/hpo_data/hpo_iteration_data/4339489/estimator_1_neuron_7_validation_outputs.npy
2025-05-10 00:41:05,043 - INFO - Waiting for parameters file: /s/ls4/users/selibrin/spiking_researches/correlation_encoding_and_training/mnist/hpo/shifted_stdp_synapse/hpo_data/hpo_iteration_data/4339489/params_1_7.pkl
2025-05-10 00:42:20,128 - INFO - Loaded HPO parameters
2025-05-10 00:42:20,128 - INFO - Preparing datasets...
2025-05-10 00:42:23,307 - INFO - Prepared datasets: 590 train & 1000 validation samples
2025-05-10 00:42:23,307 - INFO - Initializing model...
2025-05-10 00:42:23,309 - INFO - Fitting model...
2025-05-10 00:43:49,885 - INFO - Saved weights to /s/ls4/users/selibrin/spiking_researches/correlation_encoding_and_training/mnist/hpo/shifted_stdp_synapse/hpo_data/hpo_iteration_data/4339489/estimator_1_neuron_7_weights.npy
2025-05-10 00:43:49,886 - INFO - Evaluating model...
2025-05-10 00:46:12,162 - INFO - Saved validation outputs to /s/ls4/users/selibrin/spiking_researches/correlation_encoding_and_training/mnist/hpo/shifted_stdp_synapse/hpo_data/hpo_iteration_data/4339489/estimator_1_neuron_7_validation_outputs.npy
2025-05-10 00:46:12,162 - INFO - Waiting for parameters file: /s/ls4/users/selibrin/spiking_researches/correlation_encoding_and_training/mnist/hpo/shifted_stdp_synapse/hpo_data/hpo_iteration_data/4339489/params_1_7.pkl
2025-05-10 00:47:27,246 - INFO - Loaded HPO parameters
2025-05-10 00:47:27,247 - INFO - Preparing datasets...
2025-05-10 00:47:30,248 - INFO - Prepared datasets: 590 train & 1000 validation samples
2025-05-10 00:47:30,249 - INFO - Initializing model...
2025-05-10 00:47:30,251 - INFO - Fitting model...
2025-05-10 00:49:02,351 - INFO - Saved weights to /s/ls4/users/selibrin/spiking_researches/correlation_encoding_and_training/mnist/hpo/shifted_stdp_synapse/hpo_data/hpo_iteration_data/4339489/estimator_1_neuron_7_weights.npy
2025-05-10 00:49:02,352 - INFO - Evaluating model...
2025-05-10 00:51:36,791 - INFO - Saved validation outputs to /s/ls4/users/selibrin/spiking_researches/correlation_encoding_and_training/mnist/hpo/shifted_stdp_synapse/hpo_data/hpo_iteration_data/4339489/estimator_1_neuron_7_validation_outputs.npy
2025-05-10 00:51:36,792 - INFO - Waiting for parameters file: /s/ls4/users/selibrin/spiking_researches/correlation_encoding_and_training/mnist/hpo/shifted_stdp_synapse/hpo_data/hpo_iteration_data/4339489/params_1_7.pkl
2025-05-10 00:52:31,932 - INFO - Loaded HPO parameters
2025-05-10 00:52:31,932 - INFO - Preparing datasets...
2025-05-10 00:52:36,774 - INFO - Prepared datasets: 590 train & 1000 validation samples
2025-05-10 00:52:36,775 - INFO - Initializing model...
2025-05-10 00:52:36,780 - INFO - Fitting model...
2025-05-10 00:54:13,930 - INFO - Saved weights to /s/ls4/users/selibrin/spiking_researches/correlation_encoding_and_training/mnist/hpo/shifted_stdp_synapse/hpo_data/hpo_iteration_data/4339489/estimator_1_neuron_7_weights.npy
2025-05-10 00:54:13,930 - INFO - Evaluating model...
2025-05-10 00:56:42,580 - INFO - Saved validation outputs to /s/ls4/users/selibrin/spiking_researches/correlation_encoding_and_training/mnist/hpo/shifted_stdp_synapse/hpo_data/hpo_iteration_data/4339489/estimator_1_neuron_7_validation_outputs.npy
2025-05-10 00:56:42,580 - INFO - Waiting for parameters file: /s/ls4/users/selibrin/spiking_researches/correlation_encoding_and_training/mnist/hpo/shifted_stdp_synapse/hpo_data/hpo_iteration_data/4339489/params_1_7.pkl
2025-05-10 00:57:37,646 - INFO - Loaded HPO parameters
2025-05-10 00:57:37,646 - INFO - Preparing datasets...
2025-05-10 00:57:40,574 - INFO - Prepared datasets: 590 train & 1000 validation samples
2025-05-10 00:57:40,574 - INFO - Initializing model...
2025-05-10 00:57:40,576 - INFO - Fitting model...
2025-05-10 00:59:03,294 - INFO - Saved weights to /s/ls4/users/selibrin/spiking_researches/correlation_encoding_and_training/mnist/hpo/shifted_stdp_synapse/hpo_data/hpo_iteration_data/4339489/estimator_1_neuron_7_weights.npy
2025-05-10 00:59:03,294 - INFO - Evaluating model...
2025-05-10 01:01:09,836 - INFO - Saved validation outputs to /s/ls4/users/selibrin/spiking_researches/correlation_encoding_and_training/mnist/hpo/shifted_stdp_synapse/hpo_data/hpo_iteration_data/4339489/estimator_1_neuron_7_validation_outputs.npy
2025-05-10 01:01:09,836 - INFO - Waiting for parameters file: /s/ls4/users/selibrin/spiking_researches/correlation_encoding_and_training/mnist/hpo/shifted_stdp_synapse/hpo_data/hpo_iteration_data/4339489/params_1_7.pkl
2025-05-10 01:02:44,943 - INFO - Loaded HPO parameters
2025-05-10 01:02:44,944 - INFO - Preparing datasets...
2025-05-10 01:02:48,050 - INFO - Prepared datasets: 590 train & 1000 validation samples
2025-05-10 01:02:48,050 - INFO - Initializing model...
2025-05-10 01:02:48,052 - INFO - Fitting model...
2025-05-10 01:04:26,488 - INFO - Saved weights to /s/ls4/users/selibrin/spiking_researches/correlation_encoding_and_training/mnist/hpo/shifted_stdp_synapse/hpo_data/hpo_iteration_data/4339489/estimator_1_neuron_7_weights.npy
2025-05-10 01:04:26,488 - INFO - Evaluating model...
2025-05-10 01:06:39,508 - INFO - Saved validation outputs to /s/ls4/users/selibrin/spiking_researches/correlation_encoding_and_training/mnist/hpo/shifted_stdp_synapse/hpo_data/hpo_iteration_data/4339489/estimator_1_neuron_7_validation_outputs.npy
2025-05-10 01:06:39,508 - INFO - Waiting for parameters file: /s/ls4/users/selibrin/spiking_researches/correlation_encoding_and_training/mnist/hpo/shifted_stdp_synapse/hpo_data/hpo_iteration_data/4339489/params_1_7.pkl
2025-05-10 01:07:49,588 - INFO - Loaded HPO parameters
2025-05-10 01:07:49,588 - INFO - Preparing datasets...
2025-05-10 01:07:52,612 - INFO - Prepared datasets: 590 train & 1000 validation samples
2025-05-10 01:07:52,612 - INFO - Initializing model...
2025-05-10 01:07:52,617 - INFO - Fitting model...
2025-05-10 01:09:38,166 - INFO - Saved weights to /s/ls4/users/selibrin/spiking_researches/correlation_encoding_and_training/mnist/hpo/shifted_stdp_synapse/hpo_data/hpo_iteration_data/4339489/estimator_1_neuron_7_weights.npy
2025-05-10 01:09:38,166 - INFO - Evaluating model...
2025-05-10 01:12:02,211 - INFO - Saved validation outputs to /s/ls4/users/selibrin/spiking_researches/correlation_encoding_and_training/mnist/hpo/shifted_stdp_synapse/hpo_data/hpo_iteration_data/4339489/estimator_1_neuron_7_validation_outputs.npy
2025-05-10 01:12:02,211 - INFO - Waiting for parameters file: /s/ls4/users/selibrin/spiking_researches/correlation_encoding_and_training/mnist/hpo/shifted_stdp_synapse/hpo_data/hpo_iteration_data/4339489/params_1_7.pkl
2025-05-10 01:13:27,308 - INFO - Loaded HPO parameters
2025-05-10 01:13:27,308 - INFO - Preparing datasets...
2025-05-10 01:13:30,979 - INFO - Prepared datasets: 590 train & 1000 validation samples
2025-05-10 01:13:30,979 - INFO - Initializing model...
2025-05-10 01:13:30,981 - INFO - Fitting model...
2025-05-10 01:15:06,362 - INFO - Saved weights to /s/ls4/users/selibrin/spiking_researches/correlation_encoding_and_training/mnist/hpo/shifted_stdp_synapse/hpo_data/hpo_iteration_data/4339489/estimator_1_neuron_7_weights.npy
2025-05-10 01:15:06,363 - INFO - Evaluating model...
2025-05-10 01:17:34,764 - INFO - Saved validation outputs to /s/ls4/users/selibrin/spiking_researches/correlation_encoding_and_training/mnist/hpo/shifted_stdp_synapse/hpo_data/hpo_iteration_data/4339489/estimator_1_neuron_7_validation_outputs.npy
2025-05-10 01:17:34,764 - INFO - Waiting for parameters file: /s/ls4/users/selibrin/spiking_researches/correlation_encoding_and_training/mnist/hpo/shifted_stdp_synapse/hpo_data/hpo_iteration_data/4339489/params_1_7.pkl
2025-05-10 01:18:34,835 - INFO - Loaded HPO parameters
2025-05-10 01:18:34,835 - INFO - Preparing datasets...
2025-05-10 01:18:37,898 - INFO - Prepared datasets: 590 train & 1000 validation samples
2025-05-10 01:18:37,898 - INFO - Initializing model...
2025-05-10 01:18:37,900 - INFO - Fitting model...
2025-05-10 01:20:23,737 - INFO - Saved weights to /s/ls4/users/selibrin/spiking_researches/correlation_encoding_and_training/mnist/hpo/shifted_stdp_synapse/hpo_data/hpo_iteration_data/4339489/estimator_1_neuron_7_weights.npy
2025-05-10 01:20:23,737 - INFO - Evaluating model...
2025-05-10 01:22:48,460 - INFO - Saved validation outputs to /s/ls4/users/selibrin/spiking_researches/correlation_encoding_and_training/mnist/hpo/shifted_stdp_synapse/hpo_data/hpo_iteration_data/4339489/estimator_1_neuron_7_validation_outputs.npy
2025-05-10 01:22:48,460 - INFO - Waiting for parameters file: /s/ls4/users/selibrin/spiking_researches/correlation_encoding_and_training/mnist/hpo/shifted_stdp_synapse/hpo_data/hpo_iteration_data/4339489/params_1_7.pkl
2025-05-10 01:24:13,557 - INFO - Loaded HPO parameters
2025-05-10 01:24:13,558 - INFO - Preparing datasets...
2025-05-10 01:24:16,516 - INFO - Prepared datasets: 590 train & 1000 validation samples
2025-05-10 01:24:16,516 - INFO - Initializing model...
2025-05-10 01:24:16,518 - INFO - Fitting model...
2025-05-10 01:26:02,420 - INFO - Saved weights to /s/ls4/users/selibrin/spiking_researches/correlation_encoding_and_training/mnist/hpo/shifted_stdp_synapse/hpo_data/hpo_iteration_data/4339489/estimator_1_neuron_7_weights.npy
2025-05-10 01:26:02,420 - INFO - Evaluating model...
2025-05-10 01:28:17,961 - INFO - Saved validation outputs to /s/ls4/users/selibrin/spiking_researches/correlation_encoding_and_training/mnist/hpo/shifted_stdp_synapse/hpo_data/hpo_iteration_data/4339489/estimator_1_neuron_7_validation_outputs.npy
2025-05-10 01:28:17,962 - INFO - Waiting for parameters file: /s/ls4/users/selibrin/spiking_researches/correlation_encoding_and_training/mnist/hpo/shifted_stdp_synapse/hpo_data/hpo_iteration_data/4339489/params_1_7.pkl
2025-05-10 01:29:48,062 - INFO - Loaded HPO parameters
2025-05-10 01:29:48,062 - INFO - Preparing datasets...
2025-05-10 01:29:51,835 - INFO - Prepared datasets: 590 train & 1000 validation samples
2025-05-10 01:29:51,836 - INFO - Initializing model...
2025-05-10 01:29:51,838 - INFO - Fitting model...
2025-05-10 01:31:26,110 - INFO - Saved weights to /s/ls4/users/selibrin/spiking_researches/correlation_encoding_and_training/mnist/hpo/shifted_stdp_synapse/hpo_data/hpo_iteration_data/4339489/estimator_1_neuron_7_weights.npy
2025-05-10 01:31:26,110 - INFO - Evaluating model...
2025-05-10 01:33:54,102 - INFO - Saved validation outputs to /s/ls4/users/selibrin/spiking_researches/correlation_encoding_and_training/mnist/hpo/shifted_stdp_synapse/hpo_data/hpo_iteration_data/4339489/estimator_1_neuron_7_validation_outputs.npy
2025-05-10 01:33:54,102 - INFO - Waiting for parameters file: /s/ls4/users/selibrin/spiking_researches/correlation_encoding_and_training/mnist/hpo/shifted_stdp_synapse/hpo_data/hpo_iteration_data/4339489/params_1_7.pkl
2025-05-10 01:35:24,205 - INFO - Loaded HPO parameters
2025-05-10 01:35:24,205 - INFO - Preparing datasets...
2025-05-10 01:35:27,345 - INFO - Prepared datasets: 590 train & 1000 validation samples
2025-05-10 01:35:27,345 - INFO - Initializing model...
2025-05-10 01:35:27,348 - INFO - Fitting model...
2025-05-10 01:36:59,403 - INFO - Saved weights to /s/ls4/users/selibrin/spiking_researches/correlation_encoding_and_training/mnist/hpo/shifted_stdp_synapse/hpo_data/hpo_iteration_data/4339489/estimator_1_neuron_7_weights.npy
2025-05-10 01:36:59,403 - INFO - Evaluating model...
2025-05-10 01:39:09,839 - INFO - Saved validation outputs to /s/ls4/users/selibrin/spiking_researches/correlation_encoding_and_training/mnist/hpo/shifted_stdp_synapse/hpo_data/hpo_iteration_data/4339489/estimator_1_neuron_7_validation_outputs.npy
2025-05-10 01:39:09,839 - INFO - Waiting for parameters file: /s/ls4/users/selibrin/spiking_researches/correlation_encoding_and_training/mnist/hpo/shifted_stdp_synapse/hpo_data/hpo_iteration_data/4339489/params_1_7.pkl
2025-05-10 01:40:29,931 - INFO - Loaded HPO parameters
2025-05-10 01:40:29,931 - INFO - Preparing datasets...
2025-05-10 01:40:33,139 - INFO - Prepared datasets: 590 train & 1000 validation samples
2025-05-10 01:40:33,140 - INFO - Initializing model...
2025-05-10 01:40:33,142 - INFO - Fitting model...
2025-05-10 01:41:59,458 - INFO - Saved weights to /s/ls4/users/selibrin/spiking_researches/correlation_encoding_and_training/mnist/hpo/shifted_stdp_synapse/hpo_data/hpo_iteration_data/4339489/estimator_1_neuron_7_weights.npy
2025-05-10 01:41:59,458 - INFO - Evaluating model...
2025-05-10 01:44:29,037 - INFO - Saved validation outputs to /s/ls4/users/selibrin/spiking_researches/correlation_encoding_and_training/mnist/hpo/shifted_stdp_synapse/hpo_data/hpo_iteration_data/4339489/estimator_1_neuron_7_validation_outputs.npy
2025-05-10 01:44:29,037 - INFO - Waiting for parameters file: /s/ls4/users/selibrin/spiking_researches/correlation_encoding_and_training/mnist/hpo/shifted_stdp_synapse/hpo_data/hpo_iteration_data/4339489/params_1_7.pkl
2025-05-10 01:45:39,118 - INFO - Loaded HPO parameters
2025-05-10 01:45:39,118 - INFO - Preparing datasets...
2025-05-10 01:45:42,983 - INFO - Prepared datasets: 590 train & 1000 validation samples
2025-05-10 01:45:42,983 - INFO - Initializing model...
2025-05-10 01:45:42,987 - INFO - Fitting model...
2025-05-10 01:48:09,867 - INFO - Saved weights to /s/ls4/users/selibrin/spiking_researches/correlation_encoding_and_training/mnist/hpo/shifted_stdp_synapse/hpo_data/hpo_iteration_data/4339489/estimator_1_neuron_7_weights.npy
2025-05-10 01:48:09,867 - INFO - Evaluating model...
2025-05-10 01:50:52,642 - INFO - Saved validation outputs to /s/ls4/users/selibrin/spiking_researches/correlation_encoding_and_training/mnist/hpo/shifted_stdp_synapse/hpo_data/hpo_iteration_data/4339489/estimator_1_neuron_7_validation_outputs.npy
2025-05-10 01:50:52,642 - INFO - Waiting for parameters file: /s/ls4/users/selibrin/spiking_researches/correlation_encoding_and_training/mnist/hpo/shifted_stdp_synapse/hpo_data/hpo_iteration_data/4339489/params_1_7.pkl
2025-05-10 01:51:42,701 - INFO - Loaded HPO parameters
2025-05-10 01:51:42,701 - INFO - Preparing datasets...
2025-05-10 01:51:45,662 - INFO - Prepared datasets: 590 train & 1000 validation samples
2025-05-10 01:51:45,662 - INFO - Initializing model...
2025-05-10 01:51:45,664 - INFO - Fitting model...
2025-05-10 01:53:14,949 - INFO - Saved weights to /s/ls4/users/selibrin/spiking_researches/correlation_encoding_and_training/mnist/hpo/shifted_stdp_synapse/hpo_data/hpo_iteration_data/4339489/estimator_1_neuron_7_weights.npy
2025-05-10 01:53:14,949 - INFO - Evaluating model...
2025-05-10 01:55:46,186 - INFO - Saved validation outputs to /s/ls4/users/selibrin/spiking_researches/correlation_encoding_and_training/mnist/hpo/shifted_stdp_synapse/hpo_data/hpo_iteration_data/4339489/estimator_1_neuron_7_validation_outputs.npy
2025-05-10 01:55:46,186 - INFO - Waiting for parameters file: /s/ls4/users/selibrin/spiking_researches/correlation_encoding_and_training/mnist/hpo/shifted_stdp_synapse/hpo_data/hpo_iteration_data/4339489/params_1_7.pkl
2025-05-10 01:56:51,259 - INFO - Loaded HPO parameters
2025-05-10 01:56:51,259 - INFO - Preparing datasets...
2025-05-10 01:56:54,348 - INFO - Prepared datasets: 590 train & 1000 validation samples
2025-05-10 01:56:54,348 - INFO - Initializing model...
2025-05-10 01:56:54,350 - INFO - Fitting model...
2025-05-10 01:58:29,086 - INFO - Saved weights to /s/ls4/users/selibrin/spiking_researches/correlation_encoding_and_training/mnist/hpo/shifted_stdp_synapse/hpo_data/hpo_iteration_data/4339489/estimator_1_neuron_7_weights.npy
2025-05-10 01:58:29,086 - INFO - Evaluating model...
2025-05-10 02:00:49,618 - INFO - Saved validation outputs to /s/ls4/users/selibrin/spiking_researches/correlation_encoding_and_training/mnist/hpo/shifted_stdp_synapse/hpo_data/hpo_iteration_data/4339489/estimator_1_neuron_7_validation_outputs.npy
2025-05-10 02:00:49,618 - INFO - Waiting for parameters file: /s/ls4/users/selibrin/spiking_researches/correlation_encoding_and_training/mnist/hpo/shifted_stdp_synapse/hpo_data/hpo_iteration_data/4339489/params_1_7.pkl
2025-05-10 02:02:24,725 - INFO - Loaded HPO parameters
2025-05-10 02:02:24,725 - INFO - Preparing datasets...
2025-05-10 02:02:27,645 - INFO - Prepared datasets: 590 train & 1000 validation samples
2025-05-10 02:02:27,645 - INFO - Initializing model...
2025-05-10 02:02:27,647 - INFO - Fitting model...
2025-05-10 02:03:56,389 - INFO - Saved weights to /s/ls4/users/selibrin/spiking_researches/correlation_encoding_and_training/mnist/hpo/shifted_stdp_synapse/hpo_data/hpo_iteration_data/4339489/estimator_1_neuron_7_weights.npy
2025-05-10 02:03:56,389 - INFO - Evaluating model...
2025-05-10 02:06:16,586 - INFO - Saved validation outputs to /s/ls4/users/selibrin/spiking_researches/correlation_encoding_and_training/mnist/hpo/shifted_stdp_synapse/hpo_data/hpo_iteration_data/4339489/estimator_1_neuron_7_validation_outputs.npy
2025-05-10 02:06:16,586 - INFO - Waiting for parameters file: /s/ls4/users/selibrin/spiking_researches/correlation_encoding_and_training/mnist/hpo/shifted_stdp_synapse/hpo_data/hpo_iteration_data/4339489/params_1_7.pkl
2025-05-10 02:07:31,666 - INFO - Loaded HPO parameters
2025-05-10 02:07:31,666 - INFO - Preparing datasets...
2025-05-10 02:07:34,738 - INFO - Prepared datasets: 590 train & 1000 validation samples
2025-05-10 02:07:34,738 - INFO - Initializing model...
2025-05-10 02:07:34,740 - INFO - Fitting model...
2025-05-10 02:09:20,375 - INFO - Saved weights to /s/ls4/users/selibrin/spiking_researches/correlation_encoding_and_training/mnist/hpo/shifted_stdp_synapse/hpo_data/hpo_iteration_data/4339489/estimator_1_neuron_7_weights.npy
2025-05-10 02:09:20,376 - INFO - Evaluating model...
2025-05-10 02:11:47,848 - INFO - Saved validation outputs to /s/ls4/users/selibrin/spiking_researches/correlation_encoding_and_training/mnist/hpo/shifted_stdp_synapse/hpo_data/hpo_iteration_data/4339489/estimator_1_neuron_7_validation_outputs.npy
2025-05-10 02:11:47,848 - INFO - Waiting for parameters file: /s/ls4/users/selibrin/spiking_researches/correlation_encoding_and_training/mnist/hpo/shifted_stdp_synapse/hpo_data/hpo_iteration_data/4339489/params_1_7.pkl
2025-05-10 02:13:07,939 - INFO - Loaded HPO parameters
2025-05-10 02:13:07,939 - INFO - Preparing datasets...
2025-05-10 02:13:11,113 - INFO - Prepared datasets: 590 train & 1000 validation samples
2025-05-10 02:13:11,113 - INFO - Initializing model...
2025-05-10 02:13:11,117 - INFO - Fitting model...
2025-05-10 02:15:13,919 - INFO - Saved weights to /s/ls4/users/selibrin/spiking_researches/correlation_encoding_and_training/mnist/hpo/shifted_stdp_synapse/hpo_data/hpo_iteration_data/4339489/estimator_1_neuron_7_weights.npy
2025-05-10 02:15:13,919 - INFO - Evaluating model...
2025-05-10 02:17:34,006 - INFO - Saved validation outputs to /s/ls4/users/selibrin/spiking_researches/correlation_encoding_and_training/mnist/hpo/shifted_stdp_synapse/hpo_data/hpo_iteration_data/4339489/estimator_1_neuron_7_validation_outputs.npy
2025-05-10 02:17:34,006 - INFO - Waiting for parameters file: /s/ls4/users/selibrin/spiking_researches/correlation_encoding_and_training/mnist/hpo/shifted_stdp_synapse/hpo_data/hpo_iteration_data/4339489/params_1_7.pkl
2025-05-10 02:18:14,055 - INFO - Loaded HPO parameters
2025-05-10 02:18:14,055 - INFO - Preparing datasets...
2025-05-10 02:18:17,118 - INFO - Prepared datasets: 590 train & 1000 validation samples
2025-05-10 02:18:17,119 - INFO - Initializing model...
2025-05-10 02:18:17,121 - INFO - Fitting model...
2025-05-10 02:19:43,485 - INFO - Saved weights to /s/ls4/users/selibrin/spiking_researches/correlation_encoding_and_training/mnist/hpo/shifted_stdp_synapse/hpo_data/hpo_iteration_data/4339489/estimator_1_neuron_7_weights.npy
2025-05-10 02:19:43,485 - INFO - Evaluating model...
2025-05-10 02:22:23,699 - INFO - Saved validation outputs to /s/ls4/users/selibrin/spiking_researches/correlation_encoding_and_training/mnist/hpo/shifted_stdp_synapse/hpo_data/hpo_iteration_data/4339489/estimator_1_neuron_7_validation_outputs.npy
2025-05-10 02:22:23,700 - INFO - Waiting for parameters file: /s/ls4/users/selibrin/spiking_researches/correlation_encoding_and_training/mnist/hpo/shifted_stdp_synapse/hpo_data/hpo_iteration_data/4339489/params_1_7.pkl
2025-05-10 02:23:23,769 - INFO - Loaded HPO parameters
2025-05-10 02:23:23,769 - INFO - Preparing datasets...
2025-05-10 02:23:26,799 - INFO - Prepared datasets: 590 train & 1000 validation samples
2025-05-10 02:23:26,799 - INFO - Initializing model...
2025-05-10 02:23:26,802 - INFO - Fitting model...
2025-05-10 02:24:56,524 - INFO - Saved weights to /s/ls4/users/selibrin/spiking_researches/correlation_encoding_and_training/mnist/hpo/shifted_stdp_synapse/hpo_data/hpo_iteration_data/4339489/estimator_1_neuron_7_weights.npy
2025-05-10 02:24:56,524 - INFO - Evaluating model...
2025-05-10 02:27:16,695 - INFO - Saved validation outputs to /s/ls4/users/selibrin/spiking_researches/correlation_encoding_and_training/mnist/hpo/shifted_stdp_synapse/hpo_data/hpo_iteration_data/4339489/estimator_1_neuron_7_validation_outputs.npy
2025-05-10 02:27:16,695 - INFO - Waiting for parameters file: /s/ls4/users/selibrin/spiking_researches/correlation_encoding_and_training/mnist/hpo/shifted_stdp_synapse/hpo_data/hpo_iteration_data/4339489/params_1_7.pkl
2025-05-10 02:28:26,772 - INFO - Loaded HPO parameters
2025-05-10 02:28:26,772 - INFO - Preparing datasets...
2025-05-10 02:28:29,813 - INFO - Prepared datasets: 590 train & 1000 validation samples
2025-05-10 02:28:29,814 - INFO - Initializing model...
2025-05-10 02:28:29,817 - INFO - Fitting model...
2025-05-10 02:30:00,448 - INFO - Saved weights to /s/ls4/users/selibrin/spiking_researches/correlation_encoding_and_training/mnist/hpo/shifted_stdp_synapse/hpo_data/hpo_iteration_data/4339489/estimator_1_neuron_7_weights.npy
2025-05-10 02:30:00,448 - INFO - Evaluating model...
2025-05-10 02:32:28,526 - INFO - Saved validation outputs to /s/ls4/users/selibrin/spiking_researches/correlation_encoding_and_training/mnist/hpo/shifted_stdp_synapse/hpo_data/hpo_iteration_data/4339489/estimator_1_neuron_7_validation_outputs.npy
2025-05-10 02:32:28,527 - INFO - Waiting for parameters file: /s/ls4/users/selibrin/spiking_researches/correlation_encoding_and_training/mnist/hpo/shifted_stdp_synapse/hpo_data/hpo_iteration_data/4339489/params_1_7.pkl
2025-05-10 02:33:33,600 - INFO - Loaded HPO parameters
2025-05-10 02:33:33,600 - INFO - Preparing datasets...
2025-05-10 02:33:36,701 - INFO - Prepared datasets: 590 train & 1000 validation samples
2025-05-10 02:33:36,702 - INFO - Initializing model...
2025-05-10 02:33:36,704 - INFO - Fitting model...
2025-05-10 02:35:05,100 - INFO - Saved weights to /s/ls4/users/selibrin/spiking_researches/correlation_encoding_and_training/mnist/hpo/shifted_stdp_synapse/hpo_data/hpo_iteration_data/4339489/estimator_1_neuron_7_weights.npy
2025-05-10 02:35:05,100 - INFO - Evaluating model...
2025-05-10 02:37:14,245 - INFO - Saved validation outputs to /s/ls4/users/selibrin/spiking_researches/correlation_encoding_and_training/mnist/hpo/shifted_stdp_synapse/hpo_data/hpo_iteration_data/4339489/estimator_1_neuron_7_validation_outputs.npy
2025-05-10 02:37:14,245 - INFO - Waiting for parameters file: /s/ls4/users/selibrin/spiking_researches/correlation_encoding_and_training/mnist/hpo/shifted_stdp_synapse/hpo_data/hpo_iteration_data/4339489/params_1_7.pkl
2025-05-10 02:38:39,369 - INFO - Loaded HPO parameters
2025-05-10 02:38:39,369 - INFO - Preparing datasets...
2025-05-10 02:38:43,530 - INFO - Prepared datasets: 590 train & 1000 validation samples
2025-05-10 02:38:43,530 - INFO - Initializing model...
2025-05-10 02:38:43,532 - INFO - Fitting model...
2025-05-10 02:40:20,964 - INFO - Saved weights to /s/ls4/users/selibrin/spiking_researches/correlation_encoding_and_training/mnist/hpo/shifted_stdp_synapse/hpo_data/hpo_iteration_data/4339489/estimator_1_neuron_7_weights.npy
2025-05-10 02:40:20,965 - INFO - Evaluating model...
2025-05-10 02:43:02,855 - INFO - Saved validation outputs to /s/ls4/users/selibrin/spiking_researches/correlation_encoding_and_training/mnist/hpo/shifted_stdp_synapse/hpo_data/hpo_iteration_data/4339489/estimator_1_neuron_7_validation_outputs.npy
2025-05-10 02:43:02,855 - INFO - Waiting for parameters file: /s/ls4/users/selibrin/spiking_researches/correlation_encoding_and_training/mnist/hpo/shifted_stdp_synapse/hpo_data/hpo_iteration_data/4339489/params_1_7.pkl
2025-05-10 02:43:47,906 - INFO - Loaded HPO parameters
2025-05-10 02:43:47,906 - INFO - Preparing datasets...
2025-05-10 02:43:51,020 - INFO - Prepared datasets: 590 train & 1000 validation samples
2025-05-10 02:43:51,020 - INFO - Initializing model...
2025-05-10 02:43:51,022 - INFO - Fitting model...
2025-05-10 02:45:21,550 - INFO - Saved weights to /s/ls4/users/selibrin/spiking_researches/correlation_encoding_and_training/mnist/hpo/shifted_stdp_synapse/hpo_data/hpo_iteration_data/4339489/estimator_1_neuron_7_weights.npy
2025-05-10 02:45:21,550 - INFO - Evaluating model...
2025-05-10 02:47:32,862 - INFO - Saved validation outputs to /s/ls4/users/selibrin/spiking_researches/correlation_encoding_and_training/mnist/hpo/shifted_stdp_synapse/hpo_data/hpo_iteration_data/4339489/estimator_1_neuron_7_validation_outputs.npy
2025-05-10 02:47:32,863 - INFO - Waiting for parameters file: /s/ls4/users/selibrin/spiking_researches/correlation_encoding_and_training/mnist/hpo/shifted_stdp_synapse/hpo_data/hpo_iteration_data/4339489/params_1_7.pkl
2025-05-10 02:48:52,952 - INFO - Loaded HPO parameters
2025-05-10 02:48:52,953 - INFO - Preparing datasets...
2025-05-10 02:48:55,862 - INFO - Prepared datasets: 590 train & 1000 validation samples
2025-05-10 02:48:55,862 - INFO - Initializing model...
2025-05-10 02:48:55,864 - INFO - Fitting model...
2025-05-10 02:50:22,115 - INFO - Saved weights to /s/ls4/users/selibrin/spiking_researches/correlation_encoding_and_training/mnist/hpo/shifted_stdp_synapse/hpo_data/hpo_iteration_data/4339489/estimator_1_neuron_7_weights.npy
2025-05-10 02:50:22,115 - INFO - Evaluating model...
2025-05-10 02:52:53,506 - INFO - Saved validation outputs to /s/ls4/users/selibrin/spiking_researches/correlation_encoding_and_training/mnist/hpo/shifted_stdp_synapse/hpo_data/hpo_iteration_data/4339489/estimator_1_neuron_7_validation_outputs.npy
2025-05-10 02:52:53,506 - INFO - Waiting for parameters file: /s/ls4/users/selibrin/spiking_researches/correlation_encoding_and_training/mnist/hpo/shifted_stdp_synapse/hpo_data/hpo_iteration_data/4339489/params_1_7.pkl
2025-05-10 02:53:53,575 - INFO - Loaded HPO parameters
2025-05-10 02:53:53,575 - INFO - Preparing datasets...
2025-05-10 02:53:56,658 - INFO - Prepared datasets: 590 train & 1000 validation samples
2025-05-10 02:53:56,658 - INFO - Initializing model...
2025-05-10 02:53:56,661 - INFO - Fitting model...
2025-05-10 02:56:20,065 - INFO - Saved weights to /s/ls4/users/selibrin/spiking_researches/correlation_encoding_and_training/mnist/hpo/shifted_stdp_synapse/hpo_data/hpo_iteration_data/4339489/estimator_1_neuron_7_weights.npy
2025-05-10 02:56:20,065 - INFO - Evaluating model...
2025-05-10 02:59:08,733 - INFO - Saved validation outputs to /s/ls4/users/selibrin/spiking_researches/correlation_encoding_and_training/mnist/hpo/shifted_stdp_synapse/hpo_data/hpo_iteration_data/4339489/estimator_1_neuron_7_validation_outputs.npy
2025-05-10 02:59:08,733 - INFO - Waiting for parameters file: /s/ls4/users/selibrin/spiking_researches/correlation_encoding_and_training/mnist/hpo/shifted_stdp_synapse/hpo_data/hpo_iteration_data/4339489/params_1_7.pkl
2025-05-10 02:59:28,754 - INFO - Loaded HPO parameters
2025-05-10 02:59:28,754 - INFO - Preparing datasets...
2025-05-10 02:59:31,898 - INFO - Prepared datasets: 590 train & 1000 validation samples
2025-05-10 02:59:31,899 - INFO - Initializing model...
2025-05-10 02:59:31,901 - INFO - Fitting model...
2025-05-10 03:01:31,257 - INFO - Saved weights to /s/ls4/users/selibrin/spiking_researches/correlation_encoding_and_training/mnist/hpo/shifted_stdp_synapse/hpo_data/hpo_iteration_data/4339489/estimator_1_neuron_7_weights.npy
2025-05-10 03:01:31,257 - INFO - Evaluating model...
2025-05-10 03:04:02,478 - INFO - Saved validation outputs to /s/ls4/users/selibrin/spiking_researches/correlation_encoding_and_training/mnist/hpo/shifted_stdp_synapse/hpo_data/hpo_iteration_data/4339489/estimator_1_neuron_7_validation_outputs.npy
2025-05-10 03:04:02,478 - INFO - Waiting for parameters file: /s/ls4/users/selibrin/spiking_researches/correlation_encoding_and_training/mnist/hpo/shifted_stdp_synapse/hpo_data/hpo_iteration_data/4339489/params_1_7.pkl
2025-05-10 03:04:32,514 - INFO - Loaded HPO parameters
2025-05-10 03:04:32,514 - INFO - Preparing datasets...
2025-05-10 03:04:35,479 - INFO - Prepared datasets: 295 train & 1000 validation samples
2025-05-10 03:04:35,479 - INFO - Initializing model...
2025-05-10 03:04:35,481 - INFO - Fitting model...
2025-05-10 03:05:26,854 - INFO - Saved weights to /s/ls4/users/selibrin/spiking_researches/correlation_encoding_and_training/mnist/hpo/shifted_stdp_synapse/hpo_data/hpo_iteration_data/4339489/estimator_1_neuron_7_weights.npy
2025-05-10 03:05:26,855 - INFO - Evaluating model...
2025-05-10 03:08:19,015 - INFO - Saved validation outputs to /s/ls4/users/selibrin/spiking_researches/correlation_encoding_and_training/mnist/hpo/shifted_stdp_synapse/hpo_data/hpo_iteration_data/4339489/estimator_1_neuron_7_validation_outputs.npy
2025-05-10 03:08:19,015 - INFO - Waiting for parameters file: /s/ls4/users/selibrin/spiking_researches/correlation_encoding_and_training/mnist/hpo/shifted_stdp_synapse/hpo_data/hpo_iteration_data/4339489/params_1_7.pkl
2025-05-10 03:08:34,036 - INFO - Loaded HPO parameters
2025-05-10 03:08:34,036 - INFO - Preparing datasets...
2025-05-10 03:08:38,779 - INFO - Prepared datasets: 1180 train & 1000 validation samples
2025-05-10 03:08:38,780 - INFO - Initializing model...
2025-05-10 03:08:38,783 - INFO - Fitting model...
2025-05-10 03:11:52,615 - INFO - Saved weights to /s/ls4/users/selibrin/spiking_researches/correlation_encoding_and_training/mnist/hpo/shifted_stdp_synapse/hpo_data/hpo_iteration_data/4339489/estimator_1_neuron_7_weights.npy
2025-05-10 03:11:52,615 - INFO - Evaluating model...
2025-05-10 03:14:35,787 - INFO - Saved validation outputs to /s/ls4/users/selibrin/spiking_researches/correlation_encoding_and_training/mnist/hpo/shifted_stdp_synapse/hpo_data/hpo_iteration_data/4339489/estimator_1_neuron_7_validation_outputs.npy
2025-05-10 03:14:35,787 - INFO - Waiting for parameters file: /s/ls4/users/selibrin/spiking_researches/correlation_encoding_and_training/mnist/hpo/shifted_stdp_synapse/hpo_data/hpo_iteration_data/4339489/params_1_7.pkl
2025-05-10 03:15:35,851 - INFO - Loaded HPO parameters
2025-05-10 03:15:35,851 - INFO - Preparing datasets...
2025-05-10 03:15:39,477 - INFO - Prepared datasets: 590 train & 1000 validation samples
2025-05-10 03:15:39,477 - INFO - Initializing model...
2025-05-10 03:15:39,479 - INFO - Fitting model...
2025-05-10 03:17:17,357 - INFO - Saved weights to /s/ls4/users/selibrin/spiking_researches/correlation_encoding_and_training/mnist/hpo/shifted_stdp_synapse/hpo_data/hpo_iteration_data/4339489/estimator_1_neuron_7_weights.npy
2025-05-10 03:17:17,357 - INFO - Evaluating model...
2025-05-10 03:19:44,281 - INFO - Saved validation outputs to /s/ls4/users/selibrin/spiking_researches/correlation_encoding_and_training/mnist/hpo/shifted_stdp_synapse/hpo_data/hpo_iteration_data/4339489/estimator_1_neuron_7_validation_outputs.npy
2025-05-10 03:19:44,281 - INFO - Waiting for parameters file: /s/ls4/users/selibrin/spiking_researches/correlation_encoding_and_training/mnist/hpo/shifted_stdp_synapse/hpo_data/hpo_iteration_data/4339489/params_1_7.pkl
2025-05-10 03:20:39,340 - INFO - Loaded HPO parameters
2025-05-10 03:20:39,340 - INFO - Preparing datasets...
2025-05-10 03:20:42,758 - INFO - Prepared datasets: 590 train & 1000 validation samples
2025-05-10 03:20:42,758 - INFO - Initializing model...
2025-05-10 03:20:42,760 - INFO - Fitting model...
2025-05-10 03:22:11,660 - INFO - Saved weights to /s/ls4/users/selibrin/spiking_researches/correlation_encoding_and_training/mnist/hpo/shifted_stdp_synapse/hpo_data/hpo_iteration_data/4339489/estimator_1_neuron_7_weights.npy
2025-05-10 03:22:11,661 - INFO - Evaluating model...
2025-05-10 03:24:36,994 - INFO - Saved validation outputs to /s/ls4/users/selibrin/spiking_researches/correlation_encoding_and_training/mnist/hpo/shifted_stdp_synapse/hpo_data/hpo_iteration_data/4339489/estimator_1_neuron_7_validation_outputs.npy
2025-05-10 03:24:36,994 - INFO - Waiting for parameters file: /s/ls4/users/selibrin/spiking_researches/correlation_encoding_and_training/mnist/hpo/shifted_stdp_synapse/hpo_data/hpo_iteration_data/4339489/params_1_7.pkl
2025-05-10 03:25:47,074 - INFO - Loaded HPO parameters
2025-05-10 03:25:47,074 - INFO - Preparing datasets...
2025-05-10 03:25:51,554 - INFO - Prepared datasets: 295 train & 1000 validation samples
2025-05-10 03:25:51,554 - INFO - Initializing model...
2025-05-10 03:25:51,558 - INFO - Fitting model...
2025-05-10 03:26:54,791 - INFO - Saved weights to /s/ls4/users/selibrin/spiking_researches/correlation_encoding_and_training/mnist/hpo/shifted_stdp_synapse/hpo_data/hpo_iteration_data/4339489/estimator_1_neuron_7_weights.npy
2025-05-10 03:26:54,791 - INFO - Evaluating model...
2025-05-10 03:29:17,531 - INFO - Saved validation outputs to /s/ls4/users/selibrin/spiking_researches/correlation_encoding_and_training/mnist/hpo/shifted_stdp_synapse/hpo_data/hpo_iteration_data/4339489/estimator_1_neuron_7_validation_outputs.npy
2025-05-10 03:29:17,531 - INFO - Waiting for parameters file: /s/ls4/users/selibrin/spiking_researches/correlation_encoding_and_training/mnist/hpo/shifted_stdp_synapse/hpo_data/hpo_iteration_data/4339489/params_1_7.pkl
2025-05-10 03:30:17,598 - INFO - Loaded HPO parameters
2025-05-10 03:30:17,598 - INFO - Preparing datasets...
2025-05-10 03:30:22,363 - INFO - Prepared datasets: 1180 train & 1000 validation samples
2025-05-10 03:30:22,364 - INFO - Initializing model...
2025-05-10 03:30:22,366 - INFO - Fitting model...
2025-05-10 03:33:36,770 - INFO - Saved weights to /s/ls4/users/selibrin/spiking_researches/correlation_encoding_and_training/mnist/hpo/shifted_stdp_synapse/hpo_data/hpo_iteration_data/4339489/estimator_1_neuron_7_weights.npy
2025-05-10 03:33:36,770 - INFO - Evaluating model...
2025-05-10 03:36:02,182 - INFO - Saved validation outputs to /s/ls4/users/selibrin/spiking_researches/correlation_encoding_and_training/mnist/hpo/shifted_stdp_synapse/hpo_data/hpo_iteration_data/4339489/estimator_1_neuron_7_validation_outputs.npy
2025-05-10 03:36:02,182 - INFO - Waiting for parameters file: /s/ls4/users/selibrin/spiking_researches/correlation_encoding_and_training/mnist/hpo/shifted_stdp_synapse/hpo_data/hpo_iteration_data/4339489/params_1_7.pkl
2025-05-10 03:37:22,273 - INFO - Loaded HPO parameters
2025-05-10 03:37:22,273 - INFO - Preparing datasets...
2025-05-10 03:37:25,734 - INFO - Prepared datasets: 590 train & 1000 validation samples
2025-05-10 03:37:25,735 - INFO - Initializing model...
2025-05-10 03:37:25,737 - INFO - Fitting model...
2025-05-10 03:38:58,080 - INFO - Saved weights to /s/ls4/users/selibrin/spiking_researches/correlation_encoding_and_training/mnist/hpo/shifted_stdp_synapse/hpo_data/hpo_iteration_data/4339489/estimator_1_neuron_7_weights.npy
2025-05-10 03:38:58,080 - INFO - Evaluating model...
2025-05-10 03:41:14,596 - INFO - Saved validation outputs to /s/ls4/users/selibrin/spiking_researches/correlation_encoding_and_training/mnist/hpo/shifted_stdp_synapse/hpo_data/hpo_iteration_data/4339489/estimator_1_neuron_7_validation_outputs.npy
2025-05-10 03:41:14,596 - INFO - Waiting for parameters file: /s/ls4/users/selibrin/spiking_researches/correlation_encoding_and_training/mnist/hpo/shifted_stdp_synapse/hpo_data/hpo_iteration_data/4339489/params_1_7.pkl
2025-05-10 03:41:54,846 - INFO - Loaded HPO parameters
2025-05-10 03:41:54,847 - INFO - Preparing datasets...
2025-05-10 03:41:57,992 - INFO - Prepared datasets: 590 train & 1000 validation samples
2025-05-10 03:41:57,993 - INFO - Initializing model...
2025-05-10 03:41:57,995 - INFO - Fitting model...
2025-05-10 03:43:24,628 - INFO - Saved weights to /s/ls4/users/selibrin/spiking_researches/correlation_encoding_and_training/mnist/hpo/shifted_stdp_synapse/hpo_data/hpo_iteration_data/4339489/estimator_1_neuron_7_weights.npy
2025-05-10 03:43:24,629 - INFO - Evaluating model...
2025-05-10 03:45:37,119 - INFO - Saved validation outputs to /s/ls4/users/selibrin/spiking_researches/correlation_encoding_and_training/mnist/hpo/shifted_stdp_synapse/hpo_data/hpo_iteration_data/4339489/estimator_1_neuron_7_validation_outputs.npy
2025-05-10 03:45:37,119 - INFO - Waiting for parameters file: /s/ls4/users/selibrin/spiking_researches/correlation_encoding_and_training/mnist/hpo/shifted_stdp_synapse/hpo_data/hpo_iteration_data/4339489/params_1_7.pkl
2025-05-10 03:45:57,173 - INFO - Loaded HPO parameters
2025-05-10 03:45:57,173 - INFO - Preparing datasets...
2025-05-10 03:46:00,121 - INFO - Prepared datasets: 590 train & 1000 validation samples
2025-05-10 03:46:00,121 - INFO - Initializing model...
2025-05-10 03:46:00,123 - INFO - Fitting model...
2025-05-10 03:47:56,529 - INFO - Saved weights to /s/ls4/users/selibrin/spiking_researches/correlation_encoding_and_training/mnist/hpo/shifted_stdp_synapse/hpo_data/hpo_iteration_data/4339489/estimator_1_neuron_7_weights.npy
2025-05-10 03:47:56,529 - INFO - Evaluating model...
2025-05-10 03:50:15,932 - INFO - Saved validation outputs to /s/ls4/users/selibrin/spiking_researches/correlation_encoding_and_training/mnist/hpo/shifted_stdp_synapse/hpo_data/hpo_iteration_data/4339489/estimator_1_neuron_7_validation_outputs.npy
2025-05-10 03:50:15,932 - INFO - Waiting for parameters file: /s/ls4/users/selibrin/spiking_researches/correlation_encoding_and_training/mnist/hpo/shifted_stdp_synapse/hpo_data/hpo_iteration_data/4339489/params_1_7.pkl
2025-05-10 03:51:00,986 - INFO - Loaded HPO parameters
2025-05-10 03:51:00,986 - INFO - Preparing datasets...
2025-05-10 03:51:04,109 - INFO - Prepared datasets: 295 train & 1000 validation samples
2025-05-10 03:51:04,109 - INFO - Initializing model...
2025-05-10 03:51:04,111 - INFO - Fitting model...
2025-05-10 03:51:46,381 - INFO - Saved weights to /s/ls4/users/selibrin/spiking_researches/correlation_encoding_and_training/mnist/hpo/shifted_stdp_synapse/hpo_data/hpo_iteration_data/4339489/estimator_1_neuron_7_weights.npy
2025-05-10 03:51:46,381 - INFO - Evaluating model...
2025-05-10 03:53:58,394 - INFO - Saved validation outputs to /s/ls4/users/selibrin/spiking_researches/correlation_encoding_and_training/mnist/hpo/shifted_stdp_synapse/hpo_data/hpo_iteration_data/4339489/estimator_1_neuron_7_validation_outputs.npy
2025-05-10 03:53:58,394 - INFO - Waiting for parameters file: /s/ls4/users/selibrin/spiking_researches/correlation_encoding_and_training/mnist/hpo/shifted_stdp_synapse/hpo_data/hpo_iteration_data/4339489/params_1_7.pkl
2025-05-10 03:54:33,436 - INFO - Loaded HPO parameters
2025-05-10 03:54:33,436 - INFO - Preparing datasets...
2025-05-10 03:54:36,830 - INFO - Prepared datasets: 295 train & 1000 validation samples
2025-05-10 03:54:36,830 - INFO - Initializing model...
2025-05-10 03:54:36,832 - INFO - Fitting model...
2025-05-10 03:55:23,933 - INFO - Saved weights to /s/ls4/users/selibrin/spiking_researches/correlation_encoding_and_training/mnist/hpo/shifted_stdp_synapse/hpo_data/hpo_iteration_data/4339489/estimator_1_neuron_7_weights.npy
2025-05-10 03:55:23,933 - INFO - Evaluating model...
2025-05-10 03:57:41,119 - INFO - Saved validation outputs to /s/ls4/users/selibrin/spiking_researches/correlation_encoding_and_training/mnist/hpo/shifted_stdp_synapse/hpo_data/hpo_iteration_data/4339489/estimator_1_neuron_7_validation_outputs.npy
2025-05-10 03:57:41,119 - INFO - Waiting for parameters file: /s/ls4/users/selibrin/spiking_researches/correlation_encoding_and_training/mnist/hpo/shifted_stdp_synapse/hpo_data/hpo_iteration_data/4339489/params_1_7.pkl
2025-05-10 03:58:06,151 - INFO - Loaded HPO parameters
2025-05-10 03:58:06,151 - INFO - Preparing datasets...
2025-05-10 03:58:09,226 - INFO - Prepared datasets: 295 train & 1000 validation samples
2025-05-10 03:58:09,226 - INFO - Initializing model...
2025-05-10 03:58:09,228 - INFO - Fitting model...
2025-05-10 03:58:54,679 - INFO - Saved weights to /s/ls4/users/selibrin/spiking_researches/correlation_encoding_and_training/mnist/hpo/shifted_stdp_synapse/hpo_data/hpo_iteration_data/4339489/estimator_1_neuron_7_weights.npy
2025-05-10 03:58:54,679 - INFO - Evaluating model...
2025-05-10 04:01:09,157 - INFO - Saved validation outputs to /s/ls4/users/selibrin/spiking_researches/correlation_encoding_and_training/mnist/hpo/shifted_stdp_synapse/hpo_data/hpo_iteration_data/4339489/estimator_1_neuron_7_validation_outputs.npy
2025-05-10 04:01:09,157 - INFO - Waiting for parameters file: /s/ls4/users/selibrin/spiking_researches/correlation_encoding_and_training/mnist/hpo/shifted_stdp_synapse/hpo_data/hpo_iteration_data/4339489/params_1_7.pkl
2025-05-10 04:01:39,193 - INFO - Loaded HPO parameters
2025-05-10 04:01:39,193 - INFO - Preparing datasets...
2025-05-10 04:01:42,308 - INFO - Prepared datasets: 295 train & 1000 validation samples
2025-05-10 04:01:42,308 - INFO - Initializing model...
2025-05-10 04:01:42,358 - INFO - Fitting model...
2025-05-10 04:02:24,846 - INFO - Saved weights to /s/ls4/users/selibrin/spiking_researches/correlation_encoding_and_training/mnist/hpo/shifted_stdp_synapse/hpo_data/hpo_iteration_data/4339489/estimator_1_neuron_7_weights.npy
2025-05-10 04:02:24,846 - INFO - Evaluating model...
2025-05-10 04:04:37,483 - INFO - Saved validation outputs to /s/ls4/users/selibrin/spiking_researches/correlation_encoding_and_training/mnist/hpo/shifted_stdp_synapse/hpo_data/hpo_iteration_data/4339489/estimator_1_neuron_7_validation_outputs.npy
2025-05-10 04:04:37,483 - INFO - Waiting for parameters file: /s/ls4/users/selibrin/spiking_researches/correlation_encoding_and_training/mnist/hpo/shifted_stdp_synapse/hpo_data/hpo_iteration_data/4339489/params_1_7.pkl
2025-05-10 04:05:12,519 - INFO - Loaded HPO parameters
2025-05-10 04:05:12,519 - INFO - Preparing datasets...
2025-05-10 04:05:15,690 - INFO - Prepared datasets: 295 train & 1000 validation samples
2025-05-10 04:05:15,690 - INFO - Initializing model...
2025-05-10 04:05:15,692 - INFO - Fitting model...
2025-05-10 04:06:00,157 - INFO - Saved weights to /s/ls4/users/selibrin/spiking_researches/correlation_encoding_and_training/mnist/hpo/shifted_stdp_synapse/hpo_data/hpo_iteration_data/4339489/estimator_1_neuron_7_weights.npy
2025-05-10 04:06:00,157 - INFO - Evaluating model...
2025-05-10 04:08:18,983 - INFO - Saved validation outputs to /s/ls4/users/selibrin/spiking_researches/correlation_encoding_and_training/mnist/hpo/shifted_stdp_synapse/hpo_data/hpo_iteration_data/4339489/estimator_1_neuron_7_validation_outputs.npy
2025-05-10 04:08:18,983 - INFO - Waiting for parameters file: /s/ls4/users/selibrin/spiking_researches/correlation_encoding_and_training/mnist/hpo/shifted_stdp_synapse/hpo_data/hpo_iteration_data/4339489/params_1_7.pkl
2025-05-10 04:08:49,020 - INFO - Loaded HPO parameters
2025-05-10 04:08:49,020 - INFO - Preparing datasets...
2025-05-10 04:08:52,163 - INFO - Prepared datasets: 295 train & 1000 validation samples
2025-05-10 04:08:52,164 - INFO - Initializing model...
2025-05-10 04:08:52,166 - INFO - Fitting model...
2025-05-10 04:09:37,029 - INFO - Saved weights to /s/ls4/users/selibrin/spiking_researches/correlation_encoding_and_training/mnist/hpo/shifted_stdp_synapse/hpo_data/hpo_iteration_data/4339489/estimator_1_neuron_7_weights.npy
2025-05-10 04:09:37,029 - INFO - Evaluating model...
2025-05-10 04:11:53,600 - INFO - Saved validation outputs to /s/ls4/users/selibrin/spiking_researches/correlation_encoding_and_training/mnist/hpo/shifted_stdp_synapse/hpo_data/hpo_iteration_data/4339489/estimator_1_neuron_7_validation_outputs.npy
2025-05-10 04:11:53,600 - INFO - Waiting for parameters file: /s/ls4/users/selibrin/spiking_researches/correlation_encoding_and_training/mnist/hpo/shifted_stdp_synapse/hpo_data/hpo_iteration_data/4339489/params_1_7.pkl
2025-05-10 04:12:23,637 - INFO - Loaded HPO parameters
2025-05-10 04:12:23,637 - INFO - Preparing datasets...
2025-05-10 04:12:26,826 - INFO - Prepared datasets: 295 train & 1000 validation samples
2025-05-10 04:12:26,826 - INFO - Initializing model...
2025-05-10 04:12:26,828 - INFO - Fitting model...
2025-05-10 04:13:11,299 - INFO - Saved weights to /s/ls4/users/selibrin/spiking_researches/correlation_encoding_and_training/mnist/hpo/shifted_stdp_synapse/hpo_data/hpo_iteration_data/4339489/estimator_1_neuron_7_weights.npy
2025-05-10 04:13:11,299 - INFO - Evaluating model...
2025-05-10 04:15:27,325 - INFO - Saved validation outputs to /s/ls4/users/selibrin/spiking_researches/correlation_encoding_and_training/mnist/hpo/shifted_stdp_synapse/hpo_data/hpo_iteration_data/4339489/estimator_1_neuron_7_validation_outputs.npy
2025-05-10 04:15:27,325 - INFO - Waiting for parameters file: /s/ls4/users/selibrin/spiking_researches/correlation_encoding_and_training/mnist/hpo/shifted_stdp_synapse/hpo_data/hpo_iteration_data/4339489/params_1_7.pkl
2025-05-10 04:15:57,362 - INFO - Loaded HPO parameters
2025-05-10 04:15:57,362 - INFO - Preparing datasets...
2025-05-10 04:16:00,490 - INFO - Prepared datasets: 295 train & 1000 validation samples
2025-05-10 04:16:00,490 - INFO - Initializing model...
2025-05-10 04:16:00,492 - INFO - Fitting model...
2025-05-10 04:16:52,585 - INFO - Saved weights to /s/ls4/users/selibrin/spiking_researches/correlation_encoding_and_training/mnist/hpo/shifted_stdp_synapse/hpo_data/hpo_iteration_data/4339489/estimator_1_neuron_7_weights.npy
2025-05-10 04:16:52,586 - INFO - Evaluating model...
2025-05-10 04:19:12,738 - INFO - Saved validation outputs to /s/ls4/users/selibrin/spiking_researches/correlation_encoding_and_training/mnist/hpo/shifted_stdp_synapse/hpo_data/hpo_iteration_data/4339489/estimator_1_neuron_7_validation_outputs.npy
2025-05-10 04:19:12,738 - INFO - Waiting for parameters file: /s/ls4/users/selibrin/spiking_researches/correlation_encoding_and_training/mnist/hpo/shifted_stdp_synapse/hpo_data/hpo_iteration_data/4339489/params_1_7.pkl
2025-05-10 04:19:27,761 - INFO - Loaded HPO parameters
2025-05-10 04:19:27,761 - INFO - Preparing datasets...
2025-05-10 04:19:30,906 - INFO - Prepared datasets: 295 train & 1000 validation samples
2025-05-10 04:19:30,906 - INFO - Initializing model...
2025-05-10 04:19:30,908 - INFO - Fitting model...
2025-05-10 04:20:16,023 - INFO - Saved weights to /s/ls4/users/selibrin/spiking_researches/correlation_encoding_and_training/mnist/hpo/shifted_stdp_synapse/hpo_data/hpo_iteration_data/4339489/estimator_1_neuron_7_weights.npy
2025-05-10 04:20:16,023 - INFO - Evaluating model...
2025-05-10 04:22:30,991 - INFO - Saved validation outputs to /s/ls4/users/selibrin/spiking_researches/correlation_encoding_and_training/mnist/hpo/shifted_stdp_synapse/hpo_data/hpo_iteration_data/4339489/estimator_1_neuron_7_validation_outputs.npy
2025-05-10 04:22:30,991 - INFO - Waiting for parameters file: /s/ls4/users/selibrin/spiking_researches/correlation_encoding_and_training/mnist/hpo/shifted_stdp_synapse/hpo_data/hpo_iteration_data/4339489/params_1_7.pkl
2025-05-10 04:23:01,051 - INFO - Loaded HPO parameters
2025-05-10 04:23:01,051 - INFO - Preparing datasets...
2025-05-10 04:23:04,241 - INFO - Prepared datasets: 295 train & 1000 validation samples
2025-05-10 04:23:04,242 - INFO - Initializing model...
2025-05-10 04:23:04,244 - INFO - Fitting model...
2025-05-10 04:23:48,974 - INFO - Saved weights to /s/ls4/users/selibrin/spiking_researches/correlation_encoding_and_training/mnist/hpo/shifted_stdp_synapse/hpo_data/hpo_iteration_data/4339489/estimator_1_neuron_7_weights.npy
2025-05-10 04:23:48,974 - INFO - Evaluating model...
2025-05-10 04:26:08,205 - INFO - Saved validation outputs to /s/ls4/users/selibrin/spiking_researches/correlation_encoding_and_training/mnist/hpo/shifted_stdp_synapse/hpo_data/hpo_iteration_data/4339489/estimator_1_neuron_7_validation_outputs.npy
2025-05-10 04:26:08,205 - INFO - Waiting for parameters file: /s/ls4/users/selibrin/spiking_researches/correlation_encoding_and_training/mnist/hpo/shifted_stdp_synapse/hpo_data/hpo_iteration_data/4339489/params_1_7.pkl
2025-05-10 04:26:33,237 - INFO - Loaded HPO parameters
2025-05-10 04:26:33,237 - INFO - Preparing datasets...
2025-05-10 04:26:36,362 - INFO - Prepared datasets: 1180 train & 1000 validation samples
2025-05-10 04:26:36,362 - INFO - Initializing model...
2025-05-10 04:26:36,364 - INFO - Fitting model...
2025-05-10 04:30:38,068 - INFO - Saved weights to /s/ls4/users/selibrin/spiking_researches/correlation_encoding_and_training/mnist/hpo/shifted_stdp_synapse/hpo_data/hpo_iteration_data/4339489/estimator_1_neuron_7_weights.npy
2025-05-10 04:30:38,068 - INFO - Evaluating model...
2025-05-10 04:33:01,358 - INFO - Saved validation outputs to /s/ls4/users/selibrin/spiking_researches/correlation_encoding_and_training/mnist/hpo/shifted_stdp_synapse/hpo_data/hpo_iteration_data/4339489/estimator_1_neuron_7_validation_outputs.npy
2025-05-10 04:33:01,358 - INFO - Waiting for parameters file: /s/ls4/users/selibrin/spiking_researches/correlation_encoding_and_training/mnist/hpo/shifted_stdp_synapse/hpo_data/hpo_iteration_data/4339489/params_1_7.pkl
2025-05-10 04:33:36,400 - INFO - Loaded HPO parameters
2025-05-10 04:33:36,400 - INFO - Preparing datasets...
2025-05-10 04:33:39,588 - INFO - Prepared datasets: 295 train & 1000 validation samples
2025-05-10 04:33:39,588 - INFO - Initializing model...
2025-05-10 04:33:39,590 - INFO - Fitting model...
2025-05-10 04:34:24,029 - INFO - Saved weights to /s/ls4/users/selibrin/spiking_researches/correlation_encoding_and_training/mnist/hpo/shifted_stdp_synapse/hpo_data/hpo_iteration_data/4339489/estimator_1_neuron_7_weights.npy
2025-05-10 04:34:24,029 - INFO - Evaluating model...
2025-05-10 04:36:42,149 - INFO - Saved validation outputs to /s/ls4/users/selibrin/spiking_researches/correlation_encoding_and_training/mnist/hpo/shifted_stdp_synapse/hpo_data/hpo_iteration_data/4339489/estimator_1_neuron_7_validation_outputs.npy
2025-05-10 04:36:42,149 - INFO - Waiting for parameters file: /s/ls4/users/selibrin/spiking_researches/correlation_encoding_and_training/mnist/hpo/shifted_stdp_synapse/hpo_data/hpo_iteration_data/4339489/params_1_7.pkl
2025-05-10 04:37:12,185 - INFO - Loaded HPO parameters
2025-05-10 04:37:12,185 - INFO - Preparing datasets...
2025-05-10 04:37:15,362 - INFO - Prepared datasets: 295 train & 1000 validation samples
2025-05-10 04:37:15,363 - INFO - Initializing model...
2025-05-10 04:37:15,365 - INFO - Fitting model...
2025-05-10 04:38:04,625 - INFO - Saved weights to /s/ls4/users/selibrin/spiking_researches/correlation_encoding_and_training/mnist/hpo/shifted_stdp_synapse/hpo_data/hpo_iteration_data/4339489/estimator_1_neuron_7_weights.npy
2025-05-10 04:38:04,625 - INFO - Evaluating model...
2025-05-10 04:40:26,063 - INFO - Saved validation outputs to /s/ls4/users/selibrin/spiking_researches/correlation_encoding_and_training/mnist/hpo/shifted_stdp_synapse/hpo_data/hpo_iteration_data/4339489/estimator_1_neuron_7_validation_outputs.npy
2025-05-10 04:40:26,063 - INFO - Waiting for parameters file: /s/ls4/users/selibrin/spiking_researches/correlation_encoding_and_training/mnist/hpo/shifted_stdp_synapse/hpo_data/hpo_iteration_data/4339489/params_1_7.pkl
2025-05-10 04:40:46,089 - INFO - Loaded HPO parameters
2025-05-10 04:40:46,089 - INFO - Preparing datasets...
2025-05-10 04:40:49,217 - INFO - Prepared datasets: 1180 train & 1000 validation samples
2025-05-10 04:40:49,217 - INFO - Initializing model...
2025-05-10 04:40:49,219 - INFO - Fitting model...
2025-05-10 04:44:06,504 - INFO - Saved weights to /s/ls4/users/selibrin/spiking_researches/correlation_encoding_and_training/mnist/hpo/shifted_stdp_synapse/hpo_data/hpo_iteration_data/4339489/estimator_1_neuron_7_weights.npy
2025-05-10 04:44:06,504 - INFO - Evaluating model...
2025-05-10 04:46:22,204 - INFO - Saved validation outputs to /s/ls4/users/selibrin/spiking_researches/correlation_encoding_and_training/mnist/hpo/shifted_stdp_synapse/hpo_data/hpo_iteration_data/4339489/estimator_1_neuron_7_validation_outputs.npy
2025-05-10 04:46:22,205 - INFO - Waiting for parameters file: /s/ls4/users/selibrin/spiking_researches/correlation_encoding_and_training/mnist/hpo/shifted_stdp_synapse/hpo_data/hpo_iteration_data/4339489/params_1_7.pkl
2025-05-10 04:46:47,236 - INFO - Loaded HPO parameters
2025-05-10 04:46:47,236 - INFO - Preparing datasets...
2025-05-10 04:46:50,380 - INFO - Prepared datasets: 295 train & 1000 validation samples
2025-05-10 04:46:50,380 - INFO - Initializing model...
2025-05-10 04:46:50,382 - INFO - Fitting model...
2025-05-10 04:47:37,476 - INFO - Saved weights to /s/ls4/users/selibrin/spiking_researches/correlation_encoding_and_training/mnist/hpo/shifted_stdp_synapse/hpo_data/hpo_iteration_data/4339489/estimator_1_neuron_7_weights.npy
2025-05-10 04:47:37,476 - INFO - Evaluating model...
2025-05-10 04:49:56,981 - INFO - Saved validation outputs to /s/ls4/users/selibrin/spiking_researches/correlation_encoding_and_training/mnist/hpo/shifted_stdp_synapse/hpo_data/hpo_iteration_data/4339489/estimator_1_neuron_7_validation_outputs.npy
2025-05-10 04:49:56,982 - INFO - Waiting for parameters file: /s/ls4/users/selibrin/spiking_researches/correlation_encoding_and_training/mnist/hpo/shifted_stdp_synapse/hpo_data/hpo_iteration_data/4339489/params_1_7.pkl
2025-05-10 04:50:22,012 - INFO - Loaded HPO parameters
2025-05-10 04:50:22,012 - INFO - Preparing datasets...
2025-05-10 04:50:25,251 - INFO - Prepared datasets: 1180 train & 1000 validation samples
2025-05-10 04:50:25,251 - INFO - Initializing model...
2025-05-10 04:50:25,253 - INFO - Fitting model...
2025-05-10 04:53:20,660 - INFO - Saved weights to /s/ls4/users/selibrin/spiking_researches/correlation_encoding_and_training/mnist/hpo/shifted_stdp_synapse/hpo_data/hpo_iteration_data/4339489/estimator_1_neuron_7_weights.npy
2025-05-10 04:53:20,660 - INFO - Evaluating model...
2025-05-10 04:55:34,704 - INFO - Saved validation outputs to /s/ls4/users/selibrin/spiking_researches/correlation_encoding_and_training/mnist/hpo/shifted_stdp_synapse/hpo_data/hpo_iteration_data/4339489/estimator_1_neuron_7_validation_outputs.npy
2025-05-10 04:55:34,704 - INFO - Waiting for parameters file: /s/ls4/users/selibrin/spiking_researches/correlation_encoding_and_training/mnist/hpo/shifted_stdp_synapse/hpo_data/hpo_iteration_data/4339489/params_1_7.pkl
2025-05-10 04:55:54,729 - INFO - Loaded HPO parameters
2025-05-10 04:55:54,729 - INFO - Preparing datasets...
2025-05-10 04:55:58,233 - INFO - Prepared datasets: 295 train & 1000 validation samples
2025-05-10 04:55:58,233 - INFO - Initializing model...
2025-05-10 04:55:58,236 - INFO - Fitting model...
2025-05-10 04:56:41,733 - INFO - Saved weights to /s/ls4/users/selibrin/spiking_researches/correlation_encoding_and_training/mnist/hpo/shifted_stdp_synapse/hpo_data/hpo_iteration_data/4339489/estimator_1_neuron_7_weights.npy
2025-05-10 04:56:41,733 - INFO - Evaluating model...
2025-05-10 04:58:56,816 - INFO - Saved validation outputs to /s/ls4/users/selibrin/spiking_researches/correlation_encoding_and_training/mnist/hpo/shifted_stdp_synapse/hpo_data/hpo_iteration_data/4339489/estimator_1_neuron_7_validation_outputs.npy
2025-05-10 04:58:56,816 - INFO - Waiting for parameters file: /s/ls4/users/selibrin/spiking_researches/correlation_encoding_and_training/mnist/hpo/shifted_stdp_synapse/hpo_data/hpo_iteration_data/4339489/params_1_7.pkl
2025-05-10 04:59:26,878 - INFO - Loaded HPO parameters
2025-05-10 04:59:26,879 - INFO - Preparing datasets...
2025-05-10 04:59:30,112 - INFO - Prepared datasets: 295 train & 1000 validation samples
2025-05-10 04:59:30,113 - INFO - Initializing model...
2025-05-10 04:59:30,115 - INFO - Fitting model...
2025-05-10 05:00:14,204 - INFO - Saved weights to /s/ls4/users/selibrin/spiking_researches/correlation_encoding_and_training/mnist/hpo/shifted_stdp_synapse/hpo_data/hpo_iteration_data/4339489/estimator_1_neuron_7_weights.npy
2025-05-10 05:00:14,204 - INFO - Evaluating model...
2025-05-10 05:02:26,635 - INFO - Saved validation outputs to /s/ls4/users/selibrin/spiking_researches/correlation_encoding_and_training/mnist/hpo/shifted_stdp_synapse/hpo_data/hpo_iteration_data/4339489/estimator_1_neuron_7_validation_outputs.npy
2025-05-10 05:02:26,635 - INFO - Waiting for parameters file: /s/ls4/users/selibrin/spiking_researches/correlation_encoding_and_training/mnist/hpo/shifted_stdp_synapse/hpo_data/hpo_iteration_data/4339489/params_1_7.pkl
2025-05-10 05:03:01,672 - INFO - Loaded HPO parameters
2025-05-10 05:03:01,672 - INFO - Preparing datasets...
2025-05-10 05:03:04,882 - INFO - Prepared datasets: 295 train & 1000 validation samples
2025-05-10 05:03:04,882 - INFO - Initializing model...
2025-05-10 05:03:04,884 - INFO - Fitting model...
2025-05-10 05:03:49,746 - INFO - Saved weights to /s/ls4/users/selibrin/spiking_researches/correlation_encoding_and_training/mnist/hpo/shifted_stdp_synapse/hpo_data/hpo_iteration_data/4339489/estimator_1_neuron_7_weights.npy
2025-05-10 05:03:49,746 - INFO - Evaluating model...
2025-05-10 05:06:05,928 - INFO - Saved validation outputs to /s/ls4/users/selibrin/spiking_researches/correlation_encoding_and_training/mnist/hpo/shifted_stdp_synapse/hpo_data/hpo_iteration_data/4339489/estimator_1_neuron_7_validation_outputs.npy
2025-05-10 05:06:05,928 - INFO - Waiting for parameters file: /s/ls4/users/selibrin/spiking_researches/correlation_encoding_and_training/mnist/hpo/shifted_stdp_synapse/hpo_data/hpo_iteration_data/4339489/params_1_7.pkl
2025-05-10 05:06:35,964 - INFO - Loaded HPO parameters
2025-05-10 05:06:35,964 - INFO - Preparing datasets...
2025-05-10 05:06:39,248 - INFO - Prepared datasets: 295 train & 1000 validation samples
2025-05-10 05:06:39,248 - INFO - Initializing model...
2025-05-10 05:06:39,251 - INFO - Fitting model...
2025-05-10 05:07:24,322 - INFO - Saved weights to /s/ls4/users/selibrin/spiking_researches/correlation_encoding_and_training/mnist/hpo/shifted_stdp_synapse/hpo_data/hpo_iteration_data/4339489/estimator_1_neuron_7_weights.npy
2025-05-10 05:07:24,322 - INFO - Evaluating model...
2025-05-10 05:09:37,264 - INFO - Saved validation outputs to /s/ls4/users/selibrin/spiking_researches/correlation_encoding_and_training/mnist/hpo/shifted_stdp_synapse/hpo_data/hpo_iteration_data/4339489/estimator_1_neuron_7_validation_outputs.npy
2025-05-10 05:09:37,264 - INFO - Waiting for parameters file: /s/ls4/users/selibrin/spiking_researches/correlation_encoding_and_training/mnist/hpo/shifted_stdp_synapse/hpo_data/hpo_iteration_data/4339489/params_1_7.pkl
2025-05-10 05:10:07,300 - INFO - Loaded HPO parameters
2025-05-10 05:10:07,300 - INFO - Preparing datasets...
2025-05-10 05:10:10,381 - INFO - Prepared datasets: 295 train & 1000 validation samples
2025-05-10 05:10:10,382 - INFO - Initializing model...
2025-05-10 05:10:10,461 - INFO - Fitting model...
2025-05-10 05:10:54,318 - INFO - Saved weights to /s/ls4/users/selibrin/spiking_researches/correlation_encoding_and_training/mnist/hpo/shifted_stdp_synapse/hpo_data/hpo_iteration_data/4339489/estimator_1_neuron_7_weights.npy
2025-05-10 05:10:54,318 - INFO - Evaluating model...
2025-05-10 05:13:08,460 - INFO - Saved validation outputs to /s/ls4/users/selibrin/spiking_researches/correlation_encoding_and_training/mnist/hpo/shifted_stdp_synapse/hpo_data/hpo_iteration_data/4339489/estimator_1_neuron_7_validation_outputs.npy
2025-05-10 05:13:08,461 - INFO - Waiting for parameters file: /s/ls4/users/selibrin/spiking_researches/correlation_encoding_and_training/mnist/hpo/shifted_stdp_synapse/hpo_data/hpo_iteration_data/4339489/params_1_7.pkl
2025-05-10 05:13:43,502 - INFO - Loaded HPO parameters
2025-05-10 05:13:43,503 - INFO - Preparing datasets...
2025-05-10 05:13:46,622 - INFO - Prepared datasets: 295 train & 1000 validation samples
2025-05-10 05:13:46,622 - INFO - Initializing model...
2025-05-10 05:13:46,624 - INFO - Fitting model...
2025-05-10 05:14:30,690 - INFO - Saved weights to /s/ls4/users/selibrin/spiking_researches/correlation_encoding_and_training/mnist/hpo/shifted_stdp_synapse/hpo_data/hpo_iteration_data/4339489/estimator_1_neuron_7_weights.npy
2025-05-10 05:14:30,690 - INFO - Evaluating model...
2025-05-10 05:16:43,751 - INFO - Saved validation outputs to /s/ls4/users/selibrin/spiking_researches/correlation_encoding_and_training/mnist/hpo/shifted_stdp_synapse/hpo_data/hpo_iteration_data/4339489/estimator_1_neuron_7_validation_outputs.npy
2025-05-10 05:16:43,751 - INFO - Waiting for parameters file: /s/ls4/users/selibrin/spiking_researches/correlation_encoding_and_training/mnist/hpo/shifted_stdp_synapse/hpo_data/hpo_iteration_data/4339489/params_1_7.pkl
2025-05-10 05:17:13,788 - INFO - Loaded HPO parameters
2025-05-10 05:17:13,788 - INFO - Preparing datasets...
2025-05-10 05:17:17,090 - INFO - Prepared datasets: 295 train & 1000 validation samples
2025-05-10 05:17:17,091 - INFO - Initializing model...
2025-05-10 05:17:17,093 - INFO - Fitting model...
2025-05-10 05:18:01,706 - INFO - Saved weights to /s/ls4/users/selibrin/spiking_researches/correlation_encoding_and_training/mnist/hpo/shifted_stdp_synapse/hpo_data/hpo_iteration_data/4339489/estimator_1_neuron_7_weights.npy
2025-05-10 05:18:01,706 - INFO - Evaluating model...
2025-05-10 05:20:16,242 - INFO - Saved validation outputs to /s/ls4/users/selibrin/spiking_researches/correlation_encoding_and_training/mnist/hpo/shifted_stdp_synapse/hpo_data/hpo_iteration_data/4339489/estimator_1_neuron_7_validation_outputs.npy
2025-05-10 05:20:16,242 - INFO - Waiting for parameters file: /s/ls4/users/selibrin/spiking_researches/correlation_encoding_and_training/mnist/hpo/shifted_stdp_synapse/hpo_data/hpo_iteration_data/4339489/params_1_7.pkl
2025-05-10 05:20:51,283 - INFO - Loaded HPO parameters
2025-05-10 05:20:51,283 - INFO - Preparing datasets...
2025-05-10 05:20:54,397 - INFO - Prepared datasets: 295 train & 1000 validation samples
2025-05-10 05:20:54,398 - INFO - Initializing model...
2025-05-10 05:20:54,400 - INFO - Fitting model...
2025-05-10 05:21:38,768 - INFO - Saved weights to /s/ls4/users/selibrin/spiking_researches/correlation_encoding_and_training/mnist/hpo/shifted_stdp_synapse/hpo_data/hpo_iteration_data/4339489/estimator_1_neuron_7_weights.npy
2025-05-10 05:21:38,768 - INFO - Evaluating model...
2025-05-10 05:23:53,233 - INFO - Saved validation outputs to /s/ls4/users/selibrin/spiking_researches/correlation_encoding_and_training/mnist/hpo/shifted_stdp_synapse/hpo_data/hpo_iteration_data/4339489/estimator_1_neuron_7_validation_outputs.npy
2025-05-10 05:23:53,233 - INFO - Waiting for parameters file: /s/ls4/users/selibrin/spiking_researches/correlation_encoding_and_training/mnist/hpo/shifted_stdp_synapse/hpo_data/hpo_iteration_data/4339489/params_1_7.pkl
2025-05-10 05:24:23,267 - INFO - Loaded HPO parameters
2025-05-10 05:24:23,267 - INFO - Preparing datasets...
2025-05-10 05:24:26,350 - INFO - Prepared datasets: 295 train & 1000 validation samples
2025-05-10 05:24:26,350 - INFO - Initializing model...
2025-05-10 05:24:26,352 - INFO - Fitting model...
2025-05-10 05:25:10,582 - INFO - Saved weights to /s/ls4/users/selibrin/spiking_researches/correlation_encoding_and_training/mnist/hpo/shifted_stdp_synapse/hpo_data/hpo_iteration_data/4339489/estimator_1_neuron_7_weights.npy
2025-05-10 05:25:10,582 - INFO - Evaluating model...
2025-05-10 05:27:23,638 - INFO - Saved validation outputs to /s/ls4/users/selibrin/spiking_researches/correlation_encoding_and_training/mnist/hpo/shifted_stdp_synapse/hpo_data/hpo_iteration_data/4339489/estimator_1_neuron_7_validation_outputs.npy
2025-05-10 05:27:23,638 - INFO - Waiting for parameters file: /s/ls4/users/selibrin/spiking_researches/correlation_encoding_and_training/mnist/hpo/shifted_stdp_synapse/hpo_data/hpo_iteration_data/4339489/params_1_7.pkl
2025-05-10 05:27:53,677 - INFO - Loaded HPO parameters
2025-05-10 05:27:53,677 - INFO - Preparing datasets...
2025-05-10 05:27:57,168 - INFO - Prepared datasets: 295 train & 1000 validation samples
2025-05-10 05:27:57,169 - INFO - Initializing model...
2025-05-10 05:27:57,172 - INFO - Fitting model...
2025-05-10 05:28:41,884 - INFO - Saved weights to /s/ls4/users/selibrin/spiking_researches/correlation_encoding_and_training/mnist/hpo/shifted_stdp_synapse/hpo_data/hpo_iteration_data/4339489/estimator_1_neuron_7_weights.npy
2025-05-10 05:28:41,884 - INFO - Evaluating model...
2025-05-10 05:30:55,772 - INFO - Saved validation outputs to /s/ls4/users/selibrin/spiking_researches/correlation_encoding_and_training/mnist/hpo/shifted_stdp_synapse/hpo_data/hpo_iteration_data/4339489/estimator_1_neuron_7_validation_outputs.npy
2025-05-10 05:30:55,772 - INFO - Waiting for parameters file: /s/ls4/users/selibrin/spiking_researches/correlation_encoding_and_training/mnist/hpo/shifted_stdp_synapse/hpo_data/hpo_iteration_data/4339489/params_1_7.pkl
2025-05-10 05:31:30,810 - INFO - Loaded HPO parameters
2025-05-10 05:31:30,810 - INFO - Preparing datasets...
2025-05-10 05:31:33,955 - INFO - Prepared datasets: 295 train & 1000 validation samples
2025-05-10 05:31:33,955 - INFO - Initializing model...
2025-05-10 05:31:33,957 - INFO - Fitting model...
2025-05-10 05:32:18,361 - INFO - Saved weights to /s/ls4/users/selibrin/spiking_researches/correlation_encoding_and_training/mnist/hpo/shifted_stdp_synapse/hpo_data/hpo_iteration_data/4339489/estimator_1_neuron_7_weights.npy
2025-05-10 05:32:18,361 - INFO - Evaluating model...
2025-05-10 05:34:32,354 - INFO - Saved validation outputs to /s/ls4/users/selibrin/spiking_researches/correlation_encoding_and_training/mnist/hpo/shifted_stdp_synapse/hpo_data/hpo_iteration_data/4339489/estimator_1_neuron_7_validation_outputs.npy
2025-05-10 05:34:32,354 - INFO - Waiting for parameters file: /s/ls4/users/selibrin/spiking_researches/correlation_encoding_and_training/mnist/hpo/shifted_stdp_synapse/hpo_data/hpo_iteration_data/4339489/params_1_7.pkl
2025-05-10 05:35:02,390 - INFO - Loaded HPO parameters
2025-05-10 05:35:02,390 - INFO - Preparing datasets...
2025-05-10 05:35:05,492 - INFO - Prepared datasets: 295 train & 1000 validation samples
2025-05-10 05:35:05,492 - INFO - Initializing model...
2025-05-10 05:35:05,494 - INFO - Fitting model...
2025-05-10 05:35:49,566 - INFO - Saved weights to /s/ls4/users/selibrin/spiking_researches/correlation_encoding_and_training/mnist/hpo/shifted_stdp_synapse/hpo_data/hpo_iteration_data/4339489/estimator_1_neuron_7_weights.npy
2025-05-10 05:35:49,566 - INFO - Evaluating model...
2025-05-10 05:38:02,200 - INFO - Saved validation outputs to /s/ls4/users/selibrin/spiking_researches/correlation_encoding_and_training/mnist/hpo/shifted_stdp_synapse/hpo_data/hpo_iteration_data/4339489/estimator_1_neuron_7_validation_outputs.npy
2025-05-10 05:38:02,200 - INFO - Waiting for parameters file: /s/ls4/users/selibrin/spiking_researches/correlation_encoding_and_training/mnist/hpo/shifted_stdp_synapse/hpo_data/hpo_iteration_data/4339489/params_1_7.pkl
2025-05-10 05:38:37,241 - INFO - Loaded HPO parameters
2025-05-10 05:38:37,241 - INFO - Preparing datasets...
2025-05-10 05:38:40,499 - INFO - Prepared datasets: 295 train & 1000 validation samples
2025-05-10 05:38:40,499 - INFO - Initializing model...
2025-05-10 05:38:40,501 - INFO - Fitting model...
2025-05-10 05:39:24,321 - INFO - Saved weights to /s/ls4/users/selibrin/spiking_researches/correlation_encoding_and_training/mnist/hpo/shifted_stdp_synapse/hpo_data/hpo_iteration_data/4339489/estimator_1_neuron_7_weights.npy
2025-05-10 05:39:24,322 - INFO - Evaluating model...
2025-05-10 05:41:38,505 - INFO - Saved validation outputs to /s/ls4/users/selibrin/spiking_researches/correlation_encoding_and_training/mnist/hpo/shifted_stdp_synapse/hpo_data/hpo_iteration_data/4339489/estimator_1_neuron_7_validation_outputs.npy
2025-05-10 05:41:38,505 - INFO - Waiting for parameters file: /s/ls4/users/selibrin/spiking_researches/correlation_encoding_and_training/mnist/hpo/shifted_stdp_synapse/hpo_data/hpo_iteration_data/4339489/params_1_7.pkl
2025-05-10 05:42:08,558 - INFO - Loaded HPO parameters
2025-05-10 05:42:08,558 - INFO - Preparing datasets...
2025-05-10 05:42:11,825 - INFO - Prepared datasets: 295 train & 1000 validation samples
2025-05-10 05:42:11,825 - INFO - Initializing model...
2025-05-10 05:42:11,827 - INFO - Fitting model...
2025-05-10 05:42:56,265 - INFO - Saved weights to /s/ls4/users/selibrin/spiking_researches/correlation_encoding_and_training/mnist/hpo/shifted_stdp_synapse/hpo_data/hpo_iteration_data/4339489/estimator_1_neuron_7_weights.npy
2025-05-10 05:42:56,265 - INFO - Evaluating model...
2025-05-10 05:45:08,219 - INFO - Saved validation outputs to /s/ls4/users/selibrin/spiking_researches/correlation_encoding_and_training/mnist/hpo/shifted_stdp_synapse/hpo_data/hpo_iteration_data/4339489/estimator_1_neuron_7_validation_outputs.npy
2025-05-10 05:45:08,219 - INFO - Waiting for parameters file: /s/ls4/users/selibrin/spiking_researches/correlation_encoding_and_training/mnist/hpo/shifted_stdp_synapse/hpo_data/hpo_iteration_data/4339489/params_1_7.pkl
2025-05-10 05:45:43,261 - INFO - Loaded HPO parameters
2025-05-10 05:45:43,262 - INFO - Preparing datasets...
2025-05-10 05:45:46,363 - INFO - Prepared datasets: 295 train & 1000 validation samples
2025-05-10 05:45:46,364 - INFO - Initializing model...
2025-05-10 05:45:46,366 - INFO - Fitting model...
2025-05-10 05:46:30,597 - INFO - Saved weights to /s/ls4/users/selibrin/spiking_researches/correlation_encoding_and_training/mnist/hpo/shifted_stdp_synapse/hpo_data/hpo_iteration_data/4339489/estimator_1_neuron_7_weights.npy
2025-05-10 05:46:30,597 - INFO - Evaluating model...
2025-05-10 05:48:45,425 - INFO - Saved validation outputs to /s/ls4/users/selibrin/spiking_researches/correlation_encoding_and_training/mnist/hpo/shifted_stdp_synapse/hpo_data/hpo_iteration_data/4339489/estimator_1_neuron_7_validation_outputs.npy
2025-05-10 05:48:45,425 - INFO - Waiting for parameters file: /s/ls4/users/selibrin/spiking_researches/correlation_encoding_and_training/mnist/hpo/shifted_stdp_synapse/hpo_data/hpo_iteration_data/4339489/params_1_7.pkl
2025-05-10 05:49:15,461 - INFO - Loaded HPO parameters
2025-05-10 05:49:15,461 - INFO - Preparing datasets...
2025-05-10 05:49:18,709 - INFO - Prepared datasets: 295 train & 1000 validation samples
2025-05-10 05:49:18,710 - INFO - Initializing model...
2025-05-10 05:49:18,712 - INFO - Fitting model...
2025-05-10 05:50:03,141 - INFO - Saved weights to /s/ls4/users/selibrin/spiking_researches/correlation_encoding_and_training/mnist/hpo/shifted_stdp_synapse/hpo_data/hpo_iteration_data/4339489/estimator_1_neuron_7_weights.npy
2025-05-10 05:50:03,141 - INFO - Evaluating model...
2025-05-10 05:52:17,484 - INFO - Saved validation outputs to /s/ls4/users/selibrin/spiking_researches/correlation_encoding_and_training/mnist/hpo/shifted_stdp_synapse/hpo_data/hpo_iteration_data/4339489/estimator_1_neuron_7_validation_outputs.npy
2025-05-10 05:52:17,484 - INFO - Waiting for parameters file: /s/ls4/users/selibrin/spiking_researches/correlation_encoding_and_training/mnist/hpo/shifted_stdp_synapse/hpo_data/hpo_iteration_data/4339489/params_1_7.pkl
2025-05-10 05:52:47,521 - INFO - Loaded HPO parameters
2025-05-10 05:52:47,521 - INFO - Preparing datasets...
2025-05-10 05:52:50,762 - INFO - Prepared datasets: 295 train & 1000 validation samples
2025-05-10 05:52:50,762 - INFO - Initializing model...
2025-05-10 05:52:50,764 - INFO - Fitting model...
2025-05-10 05:53:35,408 - INFO - Saved weights to /s/ls4/users/selibrin/spiking_researches/correlation_encoding_and_training/mnist/hpo/shifted_stdp_synapse/hpo_data/hpo_iteration_data/4339489/estimator_1_neuron_7_weights.npy
2025-05-10 05:53:35,408 - INFO - Evaluating model...
2025-05-10 05:55:48,816 - INFO - Saved validation outputs to /s/ls4/users/selibrin/spiking_researches/correlation_encoding_and_training/mnist/hpo/shifted_stdp_synapse/hpo_data/hpo_iteration_data/4339489/estimator_1_neuron_7_validation_outputs.npy
2025-05-10 05:55:48,816 - INFO - Waiting for parameters file: /s/ls4/users/selibrin/spiking_researches/correlation_encoding_and_training/mnist/hpo/shifted_stdp_synapse/hpo_data/hpo_iteration_data/4339489/params_1_7.pkl
2025-05-10 05:56:23,857 - INFO - Loaded HPO parameters
2025-05-10 05:56:23,857 - INFO - Preparing datasets...
2025-05-10 05:56:27,011 - INFO - Prepared datasets: 295 train & 1000 validation samples
2025-05-10 05:56:27,011 - INFO - Initializing model...
2025-05-10 05:56:27,013 - INFO - Fitting model...
2025-05-10 05:57:10,582 - INFO - Saved weights to /s/ls4/users/selibrin/spiking_researches/correlation_encoding_and_training/mnist/hpo/shifted_stdp_synapse/hpo_data/hpo_iteration_data/4339489/estimator_1_neuron_7_weights.npy
2025-05-10 05:57:10,582 - INFO - Evaluating model...
2025-05-10 05:59:21,152 - INFO - Saved validation outputs to /s/ls4/users/selibrin/spiking_researches/correlation_encoding_and_training/mnist/hpo/shifted_stdp_synapse/hpo_data/hpo_iteration_data/4339489/estimator_1_neuron_7_validation_outputs.npy
2025-05-10 05:59:21,152 - INFO - Waiting for parameters file: /s/ls4/users/selibrin/spiking_researches/correlation_encoding_and_training/mnist/hpo/shifted_stdp_synapse/hpo_data/hpo_iteration_data/4339489/params_1_7.pkl
2025-05-10 05:59:56,193 - INFO - Loaded HPO parameters
2025-05-10 05:59:56,193 - INFO - Preparing datasets...
2025-05-10 05:59:59,303 - INFO - Prepared datasets: 295 train & 1000 validation samples
2025-05-10 05:59:59,304 - INFO - Initializing model...
2025-05-10 05:59:59,306 - INFO - Fitting model...
2025-05-10 06:00:43,435 - INFO - Saved weights to /s/ls4/users/selibrin/spiking_researches/correlation_encoding_and_training/mnist/hpo/shifted_stdp_synapse/hpo_data/hpo_iteration_data/4339489/estimator_1_neuron_7_weights.npy
2025-05-10 06:00:43,435 - INFO - Evaluating model...
2025-05-10 06:02:55,276 - INFO - Saved validation outputs to /s/ls4/users/selibrin/spiking_researches/correlation_encoding_and_training/mnist/hpo/shifted_stdp_synapse/hpo_data/hpo_iteration_data/4339489/estimator_1_neuron_7_validation_outputs.npy
2025-05-10 06:02:55,276 - INFO - Waiting for parameters file: /s/ls4/users/selibrin/spiking_researches/correlation_encoding_and_training/mnist/hpo/shifted_stdp_synapse/hpo_data/hpo_iteration_data/4339489/params_1_7.pkl
2025-05-10 06:03:30,319 - INFO - Loaded HPO parameters
2025-05-10 06:03:30,319 - INFO - Preparing datasets...
2025-05-10 06:03:33,510 - INFO - Prepared datasets: 295 train & 1000 validation samples
2025-05-10 06:03:33,510 - INFO - Initializing model...
2025-05-10 06:03:33,512 - INFO - Fitting model...
2025-05-10 06:04:17,070 - INFO - Saved weights to /s/ls4/users/selibrin/spiking_researches/correlation_encoding_and_training/mnist/hpo/shifted_stdp_synapse/hpo_data/hpo_iteration_data/4339489/estimator_1_neuron_7_weights.npy
2025-05-10 06:04:17,070 - INFO - Evaluating model...
2025-05-10 06:06:30,201 - INFO - Saved validation outputs to /s/ls4/users/selibrin/spiking_researches/correlation_encoding_and_training/mnist/hpo/shifted_stdp_synapse/hpo_data/hpo_iteration_data/4339489/estimator_1_neuron_7_validation_outputs.npy
2025-05-10 06:06:30,201 - INFO - Waiting for parameters file: /s/ls4/users/selibrin/spiking_researches/correlation_encoding_and_training/mnist/hpo/shifted_stdp_synapse/hpo_data/hpo_iteration_data/4339489/params_1_7.pkl
2025-05-10 06:07:00,240 - INFO - Loaded HPO parameters
2025-05-10 06:07:00,240 - INFO - Preparing datasets...
2025-05-10 06:07:03,430 - INFO - Prepared datasets: 295 train & 1000 validation samples
2025-05-10 06:07:03,435 - INFO - Initializing model...
2025-05-10 06:07:03,437 - INFO - Fitting model...
2025-05-10 06:07:55,644 - INFO - Saved weights to /s/ls4/users/selibrin/spiking_researches/correlation_encoding_and_training/mnist/hpo/shifted_stdp_synapse/hpo_data/hpo_iteration_data/4339489/estimator_1_neuron_7_weights.npy
2025-05-10 06:07:55,644 - INFO - Evaluating model...
2025-05-10 06:10:12,480 - INFO - Saved validation outputs to /s/ls4/users/selibrin/spiking_researches/correlation_encoding_and_training/mnist/hpo/shifted_stdp_synapse/hpo_data/hpo_iteration_data/4339489/estimator_1_neuron_7_validation_outputs.npy
2025-05-10 06:10:12,480 - INFO - Waiting for parameters file: /s/ls4/users/selibrin/spiking_researches/correlation_encoding_and_training/mnist/hpo/shifted_stdp_synapse/hpo_data/hpo_iteration_data/4339489/params_1_7.pkl
2025-05-10 06:10:37,510 - INFO - Loaded HPO parameters
2025-05-10 06:10:37,510 - INFO - Preparing datasets...
2025-05-10 06:10:40,658 - INFO - Prepared datasets: 295 train & 1000 validation samples
2025-05-10 06:10:40,659 - INFO - Initializing model...
2025-05-10 06:10:40,661 - INFO - Fitting model...
2025-05-10 06:11:24,059 - INFO - Saved weights to /s/ls4/users/selibrin/spiking_researches/correlation_encoding_and_training/mnist/hpo/shifted_stdp_synapse/hpo_data/hpo_iteration_data/4339489/estimator_1_neuron_7_weights.npy
2025-05-10 06:11:24,059 - INFO - Evaluating model...
2025-05-10 06:13:37,340 - INFO - Saved validation outputs to /s/ls4/users/selibrin/spiking_researches/correlation_encoding_and_training/mnist/hpo/shifted_stdp_synapse/hpo_data/hpo_iteration_data/4339489/estimator_1_neuron_7_validation_outputs.npy
2025-05-10 06:13:37,340 - INFO - Waiting for parameters file: /s/ls4/users/selibrin/spiking_researches/correlation_encoding_and_training/mnist/hpo/shifted_stdp_synapse/hpo_data/hpo_iteration_data/4339489/params_1_7.pkl
2025-05-10 06:14:07,377 - INFO - Loaded HPO parameters
2025-05-10 06:14:07,377 - INFO - Preparing datasets...
2025-05-10 06:14:10,581 - INFO - Prepared datasets: 1180 train & 1000 validation samples
2025-05-10 06:14:10,586 - INFO - Initializing model...
2025-05-10 06:14:10,588 - INFO - Fitting model...
2025-05-10 06:17:07,404 - INFO - Saved weights to /s/ls4/users/selibrin/spiking_researches/correlation_encoding_and_training/mnist/hpo/shifted_stdp_synapse/hpo_data/hpo_iteration_data/4339489/estimator_1_neuron_7_weights.npy
2025-05-10 06:17:07,404 - INFO - Evaluating model...
2025-05-10 06:19:19,032 - INFO - Saved validation outputs to /s/ls4/users/selibrin/spiking_researches/correlation_encoding_and_training/mnist/hpo/shifted_stdp_synapse/hpo_data/hpo_iteration_data/4339489/estimator_1_neuron_7_validation_outputs.npy
2025-05-10 06:19:19,032 - INFO - Waiting for parameters file: /s/ls4/users/selibrin/spiking_researches/correlation_encoding_and_training/mnist/hpo/shifted_stdp_synapse/hpo_data/hpo_iteration_data/4339489/params_1_7.pkl
2025-05-10 06:19:44,064 - INFO - Loaded HPO parameters
2025-05-10 06:19:44,064 - INFO - Preparing datasets...
2025-05-10 06:19:47,210 - INFO - Prepared datasets: 295 train & 1000 validation samples
2025-05-10 06:19:47,210 - INFO - Initializing model...
2025-05-10 06:19:47,212 - INFO - Fitting model...
2025-05-10 06:20:36,286 - INFO - Saved weights to /s/ls4/users/selibrin/spiking_researches/correlation_encoding_and_training/mnist/hpo/shifted_stdp_synapse/hpo_data/hpo_iteration_data/4339489/estimator_1_neuron_7_weights.npy
2025-05-10 06:20:36,286 - INFO - Evaluating model...
2025-05-10 06:22:51,237 - INFO - Saved validation outputs to /s/ls4/users/selibrin/spiking_researches/correlation_encoding_and_training/mnist/hpo/shifted_stdp_synapse/hpo_data/hpo_iteration_data/4339489/estimator_1_neuron_7_validation_outputs.npy
2025-05-10 06:22:51,238 - INFO - Waiting for parameters file: /s/ls4/users/selibrin/spiking_researches/correlation_encoding_and_training/mnist/hpo/shifted_stdp_synapse/hpo_data/hpo_iteration_data/4339489/params_1_7.pkl
2025-05-10 06:23:16,269 - INFO - Loaded HPO parameters
2025-05-10 06:23:16,269 - INFO - Preparing datasets...
2025-05-10 06:23:19,429 - INFO - Prepared datasets: 295 train & 1000 validation samples
2025-05-10 06:23:19,435 - INFO - Initializing model...
2025-05-10 06:23:19,437 - INFO - Fitting model...
2025-05-10 06:24:19,087 - INFO - Saved weights to /s/ls4/users/selibrin/spiking_researches/correlation_encoding_and_training/mnist/hpo/shifted_stdp_synapse/hpo_data/hpo_iteration_data/4339489/estimator_1_neuron_7_weights.npy
2025-05-10 06:24:19,087 - INFO - Evaluating model...
2025-05-10 06:26:41,362 - INFO - Saved validation outputs to /s/ls4/users/selibrin/spiking_researches/correlation_encoding_and_training/mnist/hpo/shifted_stdp_synapse/hpo_data/hpo_iteration_data/4339489/estimator_1_neuron_7_validation_outputs.npy
2025-05-10 06:26:41,362 - INFO - Waiting for parameters file: /s/ls4/users/selibrin/spiking_researches/correlation_encoding_and_training/mnist/hpo/shifted_stdp_synapse/hpo_data/hpo_iteration_data/4339489/params_1_7.pkl
2025-05-10 06:26:51,377 - INFO - Loaded HPO parameters
2025-05-10 06:26:51,377 - INFO - Preparing datasets...
2025-05-10 06:26:54,507 - INFO - Prepared datasets: 295 train & 1000 validation samples
2025-05-10 06:26:54,508 - INFO - Initializing model...
2025-05-10 06:26:54,510 - INFO - Fitting model...
2025-05-10 06:27:38,720 - INFO - Saved weights to /s/ls4/users/selibrin/spiking_researches/correlation_encoding_and_training/mnist/hpo/shifted_stdp_synapse/hpo_data/hpo_iteration_data/4339489/estimator_1_neuron_7_weights.npy
2025-05-10 06:27:38,720 - INFO - Evaluating model...
2025-05-10 06:29:52,001 - INFO - Saved validation outputs to /s/ls4/users/selibrin/spiking_researches/correlation_encoding_and_training/mnist/hpo/shifted_stdp_synapse/hpo_data/hpo_iteration_data/4339489/estimator_1_neuron_7_validation_outputs.npy
2025-05-10 06:29:52,002 - INFO - Waiting for parameters file: /s/ls4/users/selibrin/spiking_researches/correlation_encoding_and_training/mnist/hpo/shifted_stdp_synapse/hpo_data/hpo_iteration_data/4339489/params_1_7.pkl
2025-05-10 06:30:22,039 - INFO - Loaded HPO parameters
2025-05-10 06:30:22,039 - INFO - Preparing datasets...
2025-05-10 06:30:25,099 - INFO - Prepared datasets: 295 train & 1000 validation samples
2025-05-10 06:30:25,104 - INFO - Initializing model...
2025-05-10 06:30:25,106 - INFO - Fitting model...
2025-05-10 06:31:12,938 - INFO - Saved weights to /s/ls4/users/selibrin/spiking_researches/correlation_encoding_and_training/mnist/hpo/shifted_stdp_synapse/hpo_data/hpo_iteration_data/4339489/estimator_1_neuron_7_weights.npy
2025-05-10 06:31:12,938 - INFO - Evaluating model...
2025-05-10 06:33:29,366 - INFO - Saved validation outputs to /s/ls4/users/selibrin/spiking_researches/correlation_encoding_and_training/mnist/hpo/shifted_stdp_synapse/hpo_data/hpo_iteration_data/4339489/estimator_1_neuron_7_validation_outputs.npy
2025-05-10 06:33:29,366 - INFO - Waiting for parameters file: /s/ls4/users/selibrin/spiking_researches/correlation_encoding_and_training/mnist/hpo/shifted_stdp_synapse/hpo_data/hpo_iteration_data/4339489/params_1_7.pkl
2025-05-10 06:33:54,398 - INFO - Loaded HPO parameters
2025-05-10 06:33:54,398 - INFO - Preparing datasets...
2025-05-10 06:33:57,543 - INFO - Prepared datasets: 1180 train & 1000 validation samples
2025-05-10 06:33:57,543 - INFO - Initializing model...
2025-05-10 06:33:57,546 - INFO - Fitting model...
2025-05-10 06:37:03,107 - INFO - Saved weights to /s/ls4/users/selibrin/spiking_researches/correlation_encoding_and_training/mnist/hpo/shifted_stdp_synapse/hpo_data/hpo_iteration_data/4339489/estimator_1_neuron_7_weights.npy
2025-05-10 06:37:03,107 - INFO - Evaluating model...
2025-05-10 06:39:18,040 - INFO - Saved validation outputs to /s/ls4/users/selibrin/spiking_researches/correlation_encoding_and_training/mnist/hpo/shifted_stdp_synapse/hpo_data/hpo_iteration_data/4339489/estimator_1_neuron_7_validation_outputs.npy
2025-05-10 06:39:18,041 - INFO - Waiting for parameters file: /s/ls4/users/selibrin/spiking_researches/correlation_encoding_and_training/mnist/hpo/shifted_stdp_synapse/hpo_data/hpo_iteration_data/4339489/params_1_7.pkl
2025-05-10 06:39:58,088 - INFO - Loaded HPO parameters
2025-05-10 06:39:58,089 - INFO - Preparing datasets...
2025-05-10 06:40:01,126 - INFO - Prepared datasets: 295 train & 1000 validation samples
2025-05-10 06:40:01,131 - INFO - Initializing model...
2025-05-10 06:40:01,134 - INFO - Fitting model...
2025-05-10 06:40:45,692 - INFO - Saved weights to /s/ls4/users/selibrin/spiking_researches/correlation_encoding_and_training/mnist/hpo/shifted_stdp_synapse/hpo_data/hpo_iteration_data/4339489/estimator_1_neuron_7_weights.npy
2025-05-10 06:40:45,693 - INFO - Evaluating model...
2025-05-10 06:42:58,849 - INFO - Saved validation outputs to /s/ls4/users/selibrin/spiking_researches/correlation_encoding_and_training/mnist/hpo/shifted_stdp_synapse/hpo_data/hpo_iteration_data/4339489/estimator_1_neuron_7_validation_outputs.npy
2025-05-10 06:42:58,849 - INFO - Waiting for parameters file: /s/ls4/users/selibrin/spiking_researches/correlation_encoding_and_training/mnist/hpo/shifted_stdp_synapse/hpo_data/hpo_iteration_data/4339489/params_1_7.pkl
2025-05-10 06:43:33,891 - INFO - Loaded HPO parameters
2025-05-10 06:43:33,891 - INFO - Preparing datasets...
2025-05-10 06:43:37,038 - INFO - Prepared datasets: 295 train & 1000 validation samples
2025-05-10 06:43:37,038 - INFO - Initializing model...
2025-05-10 06:43:37,040 - INFO - Fitting model...
2025-05-10 06:44:29,573 - INFO - Saved weights to /s/ls4/users/selibrin/spiking_researches/correlation_encoding_and_training/mnist/hpo/shifted_stdp_synapse/hpo_data/hpo_iteration_data/4339489/estimator_1_neuron_7_weights.npy
2025-05-10 06:44:29,573 - INFO - Evaluating model...
2025-05-10 06:46:47,925 - INFO - Saved validation outputs to /s/ls4/users/selibrin/spiking_researches/correlation_encoding_and_training/mnist/hpo/shifted_stdp_synapse/hpo_data/hpo_iteration_data/4339489/estimator_1_neuron_7_validation_outputs.npy
2025-05-10 06:46:47,925 - INFO - Waiting for parameters file: /s/ls4/users/selibrin/spiking_researches/correlation_encoding_and_training/mnist/hpo/shifted_stdp_synapse/hpo_data/hpo_iteration_data/4339489/params_1_7.pkl
2025-05-10 06:47:07,951 - INFO - Loaded HPO parameters
2025-05-10 06:47:07,951 - INFO - Preparing datasets...
2025-05-10 06:47:11,026 - INFO - Prepared datasets: 295 train & 1000 validation samples
2025-05-10 06:47:11,031 - INFO - Initializing model...
2025-05-10 06:47:11,033 - INFO - Fitting model...
2025-05-10 06:47:55,124 - INFO - Saved weights to /s/ls4/users/selibrin/spiking_researches/correlation_encoding_and_training/mnist/hpo/shifted_stdp_synapse/hpo_data/hpo_iteration_data/4339489/estimator_1_neuron_7_weights.npy
2025-05-10 06:47:55,124 - INFO - Evaluating model...
2025-05-10 06:50:07,954 - INFO - Saved validation outputs to /s/ls4/users/selibrin/spiking_researches/correlation_encoding_and_training/mnist/hpo/shifted_stdp_synapse/hpo_data/hpo_iteration_data/4339489/estimator_1_neuron_7_validation_outputs.npy
2025-05-10 06:50:07,954 - INFO - Waiting for parameters file: /s/ls4/users/selibrin/spiking_researches/correlation_encoding_and_training/mnist/hpo/shifted_stdp_synapse/hpo_data/hpo_iteration_data/4339489/params_1_7.pkl
2025-05-10 06:50:37,990 - INFO - Loaded HPO parameters
2025-05-10 06:50:37,990 - INFO - Preparing datasets...
2025-05-10 06:50:41,082 - INFO - Prepared datasets: 1180 train & 1000 validation samples
2025-05-10 06:50:41,083 - INFO - Initializing model...
2025-05-10 06:50:41,085 - INFO - Fitting model...
2025-05-10 06:53:42,981 - INFO - Saved weights to /s/ls4/users/selibrin/spiking_researches/correlation_encoding_and_training/mnist/hpo/shifted_stdp_synapse/hpo_data/hpo_iteration_data/4339489/estimator_1_neuron_7_weights.npy
2025-05-10 06:53:42,981 - INFO - Evaluating model...
2025-05-10 06:55:55,768 - INFO - Saved validation outputs to /s/ls4/users/selibrin/spiking_researches/correlation_encoding_and_training/mnist/hpo/shifted_stdp_synapse/hpo_data/hpo_iteration_data/4339489/estimator_1_neuron_7_validation_outputs.npy
2025-05-10 06:55:55,769 - INFO - Waiting for parameters file: /s/ls4/users/selibrin/spiking_researches/correlation_encoding_and_training/mnist/hpo/shifted_stdp_synapse/hpo_data/hpo_iteration_data/4339489/params_1_7.pkl
2025-05-10 06:56:10,792 - INFO - Loaded HPO parameters
2025-05-10 06:56:10,793 - INFO - Preparing datasets...
2025-05-10 06:56:13,880 - INFO - Prepared datasets: 295 train & 1000 validation samples
2025-05-10 06:56:13,885 - INFO - Initializing model...
2025-05-10 06:56:13,901 - INFO - Fitting model...
2025-05-10 06:56:58,304 - INFO - Saved weights to /s/ls4/users/selibrin/spiking_researches/correlation_encoding_and_training/mnist/hpo/shifted_stdp_synapse/hpo_data/hpo_iteration_data/4339489/estimator_1_neuron_7_weights.npy
2025-05-10 06:56:58,304 - INFO - Evaluating model...
2025-05-10 06:59:11,697 - INFO - Saved validation outputs to /s/ls4/users/selibrin/spiking_researches/correlation_encoding_and_training/mnist/hpo/shifted_stdp_synapse/hpo_data/hpo_iteration_data/4339489/estimator_1_neuron_7_validation_outputs.npy
2025-05-10 06:59:11,697 - INFO - Waiting for parameters file: /s/ls4/users/selibrin/spiking_researches/correlation_encoding_and_training/mnist/hpo/shifted_stdp_synapse/hpo_data/hpo_iteration_data/4339489/params_1_7.pkl
2025-05-10 06:59:46,739 - INFO - Loaded HPO parameters
2025-05-10 06:59:46,739 - INFO - Preparing datasets...
2025-05-10 06:59:49,903 - INFO - Prepared datasets: 295 train & 1000 validation samples
2025-05-10 06:59:49,903 - INFO - Initializing model...
2025-05-10 06:59:49,905 - INFO - Fitting model...
2025-05-10 07:00:48,454 - INFO - Saved weights to /s/ls4/users/selibrin/spiking_researches/correlation_encoding_and_training/mnist/hpo/shifted_stdp_synapse/hpo_data/hpo_iteration_data/4339489/estimator_1_neuron_7_weights.npy
2025-05-10 07:00:48,454 - INFO - Evaluating model...
2025-05-10 07:03:08,204 - INFO - Saved validation outputs to /s/ls4/users/selibrin/spiking_researches/correlation_encoding_and_training/mnist/hpo/shifted_stdp_synapse/hpo_data/hpo_iteration_data/4339489/estimator_1_neuron_7_validation_outputs.npy
2025-05-10 07:03:08,205 - INFO - Waiting for parameters file: /s/ls4/users/selibrin/spiking_researches/correlation_encoding_and_training/mnist/hpo/shifted_stdp_synapse/hpo_data/hpo_iteration_data/4339489/params_1_7.pkl
2025-05-10 07:03:18,243 - INFO - Loaded HPO parameters
2025-05-10 07:03:18,243 - INFO - Preparing datasets...
2025-05-10 07:03:21,325 - INFO - Prepared datasets: 295 train & 1000 validation samples
2025-05-10 07:03:21,330 - INFO - Initializing model...
2025-05-10 07:03:21,332 - INFO - Fitting model...
2025-05-10 07:04:10,727 - INFO - Saved weights to /s/ls4/users/selibrin/spiking_researches/correlation_encoding_and_training/mnist/hpo/shifted_stdp_synapse/hpo_data/hpo_iteration_data/4339489/estimator_1_neuron_7_weights.npy
2025-05-10 07:04:10,727 - INFO - Evaluating model...
2025-05-10 07:06:27,388 - INFO - Saved validation outputs to /s/ls4/users/selibrin/spiking_researches/correlation_encoding_and_training/mnist/hpo/shifted_stdp_synapse/hpo_data/hpo_iteration_data/4339489/estimator_1_neuron_7_validation_outputs.npy
2025-05-10 07:06:27,388 - INFO - Waiting for parameters file: /s/ls4/users/selibrin/spiking_researches/correlation_encoding_and_training/mnist/hpo/shifted_stdp_synapse/hpo_data/hpo_iteration_data/4339489/params_1_7.pkl
2025-05-10 07:06:52,419 - INFO - Loaded HPO parameters
2025-05-10 07:06:52,419 - INFO - Preparing datasets...
2025-05-10 07:06:55,567 - INFO - Prepared datasets: 295 train & 1000 validation samples
2025-05-10 07:06:55,567 - INFO - Initializing model...
2025-05-10 07:06:55,569 - INFO - Fitting model...
2025-05-10 07:07:40,402 - INFO - Saved weights to /s/ls4/users/selibrin/spiking_researches/correlation_encoding_and_training/mnist/hpo/shifted_stdp_synapse/hpo_data/hpo_iteration_data/4339489/estimator_1_neuron_7_weights.npy
2025-05-10 07:07:40,402 - INFO - Evaluating model...
2025-05-10 07:09:54,862 - INFO - Saved validation outputs to /s/ls4/users/selibrin/spiking_researches/correlation_encoding_and_training/mnist/hpo/shifted_stdp_synapse/hpo_data/hpo_iteration_data/4339489/estimator_1_neuron_7_validation_outputs.npy
2025-05-10 07:09:54,862 - INFO - Waiting for parameters file: /s/ls4/users/selibrin/spiking_researches/correlation_encoding_and_training/mnist/hpo/shifted_stdp_synapse/hpo_data/hpo_iteration_data/4339489/params_1_7.pkl
2025-05-10 07:10:24,897 - INFO - Loaded HPO parameters
2025-05-10 07:10:24,897 - INFO - Preparing datasets...
2025-05-10 07:10:28,294 - INFO - Prepared datasets: 1180 train & 1000 validation samples
2025-05-10 07:10:28,299 - INFO - Initializing model...
2025-05-10 07:10:28,301 - INFO - Fitting model...
2025-05-10 07:13:37,885 - INFO - Saved weights to /s/ls4/users/selibrin/spiking_researches/correlation_encoding_and_training/mnist/hpo/shifted_stdp_synapse/hpo_data/hpo_iteration_data/4339489/estimator_1_neuron_7_weights.npy
2025-05-10 07:13:37,886 - INFO - Evaluating model...
2025-05-10 07:15:51,422 - INFO - Saved validation outputs to /s/ls4/users/selibrin/spiking_researches/correlation_encoding_and_training/mnist/hpo/shifted_stdp_synapse/hpo_data/hpo_iteration_data/4339489/estimator_1_neuron_7_validation_outputs.npy
2025-05-10 07:15:51,422 - INFO - Waiting for parameters file: /s/ls4/users/selibrin/spiking_researches/correlation_encoding_and_training/mnist/hpo/shifted_stdp_synapse/hpo_data/hpo_iteration_data/4339489/params_1_7.pkl
2025-05-10 07:16:31,469 - INFO - Loaded HPO parameters
2025-05-10 07:16:31,469 - INFO - Preparing datasets...
2025-05-10 07:16:34,580 - INFO - Prepared datasets: 295 train & 1000 validation samples
2025-05-10 07:16:34,580 - INFO - Initializing model...
2025-05-10 07:16:34,582 - INFO - Fitting model...
2025-05-10 07:17:20,628 - INFO - Saved weights to /s/ls4/users/selibrin/spiking_researches/correlation_encoding_and_training/mnist/hpo/shifted_stdp_synapse/hpo_data/hpo_iteration_data/4339489/estimator_1_neuron_7_weights.npy
2025-05-10 07:17:20,628 - INFO - Evaluating model...
2025-05-10 07:19:35,601 - INFO - Saved validation outputs to /s/ls4/users/selibrin/spiking_researches/correlation_encoding_and_training/mnist/hpo/shifted_stdp_synapse/hpo_data/hpo_iteration_data/4339489/estimator_1_neuron_7_validation_outputs.npy
2025-05-10 07:19:35,601 - INFO - Waiting for parameters file: /s/ls4/users/selibrin/spiking_researches/correlation_encoding_and_training/mnist/hpo/shifted_stdp_synapse/hpo_data/hpo_iteration_data/4339489/params_1_7.pkl
2025-05-10 07:20:05,637 - INFO - Loaded HPO parameters
2025-05-10 07:20:05,637 - INFO - Preparing datasets...
2025-05-10 07:20:08,739 - INFO - Prepared datasets: 295 train & 1000 validation samples
2025-05-10 07:20:08,744 - INFO - Initializing model...
2025-05-10 07:20:08,746 - INFO - Fitting model...
2025-05-10 07:20:53,331 - INFO - Saved weights to /s/ls4/users/selibrin/spiking_researches/correlation_encoding_and_training/mnist/hpo/shifted_stdp_synapse/hpo_data/hpo_iteration_data/4339489/estimator_1_neuron_7_weights.npy
2025-05-10 07:20:53,332 - INFO - Evaluating model...
2025-05-10 07:23:06,927 - INFO - Saved validation outputs to /s/ls4/users/selibrin/spiking_researches/correlation_encoding_and_training/mnist/hpo/shifted_stdp_synapse/hpo_data/hpo_iteration_data/4339489/estimator_1_neuron_7_validation_outputs.npy
2025-05-10 07:23:06,927 - INFO - Waiting for parameters file: /s/ls4/users/selibrin/spiking_researches/correlation_encoding_and_training/mnist/hpo/shifted_stdp_synapse/hpo_data/hpo_iteration_data/4339489/params_1_7.pkl
2025-05-10 07:23:36,963 - INFO - Loaded HPO parameters
2025-05-10 07:23:36,963 - INFO - Preparing datasets...
2025-05-10 07:23:40,105 - INFO - Prepared datasets: 295 train & 1000 validation samples
2025-05-10 07:23:40,106 - INFO - Initializing model...
2025-05-10 07:23:40,108 - INFO - Fitting model...
2025-05-10 07:24:24,487 - INFO - Saved weights to /s/ls4/users/selibrin/spiking_researches/correlation_encoding_and_training/mnist/hpo/shifted_stdp_synapse/hpo_data/hpo_iteration_data/4339489/estimator_1_neuron_7_weights.npy
2025-05-10 07:24:24,487 - INFO - Evaluating model...
2025-05-10 07:26:38,359 - INFO - Saved validation outputs to /s/ls4/users/selibrin/spiking_researches/correlation_encoding_and_training/mnist/hpo/shifted_stdp_synapse/hpo_data/hpo_iteration_data/4339489/estimator_1_neuron_7_validation_outputs.npy
2025-05-10 07:26:38,360 - INFO - Waiting for parameters file: /s/ls4/users/selibrin/spiking_researches/correlation_encoding_and_training/mnist/hpo/shifted_stdp_synapse/hpo_data/hpo_iteration_data/4339489/params_1_7.pkl
2025-05-10 07:27:08,394 - INFO - Loaded HPO parameters
2025-05-10 07:27:08,394 - INFO - Preparing datasets...
2025-05-10 07:27:11,444 - INFO - Prepared datasets: 295 train & 1000 validation samples
2025-05-10 07:27:11,449 - INFO - Initializing model...
2025-05-10 07:27:11,452 - INFO - Fitting model...
2025-05-10 07:28:04,329 - INFO - Saved weights to /s/ls4/users/selibrin/spiking_researches/correlation_encoding_and_training/mnist/hpo/shifted_stdp_synapse/hpo_data/hpo_iteration_data/4339489/estimator_1_neuron_7_weights.npy
2025-05-10 07:28:04,330 - INFO - Evaluating model...
2025-05-10 07:30:22,791 - INFO - Saved validation outputs to /s/ls4/users/selibrin/spiking_researches/correlation_encoding_and_training/mnist/hpo/shifted_stdp_synapse/hpo_data/hpo_iteration_data/4339489/estimator_1_neuron_7_validation_outputs.npy
2025-05-10 07:30:22,792 - INFO - Waiting for parameters file: /s/ls4/users/selibrin/spiking_researches/correlation_encoding_and_training/mnist/hpo/shifted_stdp_synapse/hpo_data/hpo_iteration_data/4339489/params_1_7.pkl
2025-05-10 07:30:42,818 - INFO - Loaded HPO parameters
2025-05-10 07:30:42,819 - INFO - Preparing datasets...
2025-05-10 07:30:46,169 - INFO - Prepared datasets: 1180 train & 1000 validation samples
2025-05-10 07:30:46,169 - INFO - Initializing model...
2025-05-10 07:30:46,172 - INFO - Fitting model...
2025-05-10 07:33:41,309 - INFO - Saved weights to /s/ls4/users/selibrin/spiking_researches/correlation_encoding_and_training/mnist/hpo/shifted_stdp_synapse/hpo_data/hpo_iteration_data/4339489/estimator_1_neuron_7_weights.npy
2025-05-10 07:33:41,309 - INFO - Evaluating model...
2025-05-10 07:35:53,487 - INFO - Saved validation outputs to /s/ls4/users/selibrin/spiking_researches/correlation_encoding_and_training/mnist/hpo/shifted_stdp_synapse/hpo_data/hpo_iteration_data/4339489/estimator_1_neuron_7_validation_outputs.npy
2025-05-10 07:35:53,487 - INFO - Waiting for parameters file: /s/ls4/users/selibrin/spiking_researches/correlation_encoding_and_training/mnist/hpo/shifted_stdp_synapse/hpo_data/hpo_iteration_data/4339489/params_1_7.pkl
2025-05-10 07:36:18,517 - INFO - Loaded HPO parameters
2025-05-10 07:36:18,518 - INFO - Preparing datasets...
2025-05-10 07:36:21,651 - INFO - Prepared datasets: 295 train & 1000 validation samples
2025-05-10 07:36:21,656 - INFO - Initializing model...
2025-05-10 07:36:21,658 - INFO - Fitting model...
2025-05-10 07:37:06,659 - INFO - Saved weights to /s/ls4/users/selibrin/spiking_researches/correlation_encoding_and_training/mnist/hpo/shifted_stdp_synapse/hpo_data/hpo_iteration_data/4339489/estimator_1_neuron_7_weights.npy
2025-05-10 07:37:06,659 - INFO - Evaluating model...
2025-05-10 07:39:19,656 - INFO - Saved validation outputs to /s/ls4/users/selibrin/spiking_researches/correlation_encoding_and_training/mnist/hpo/shifted_stdp_synapse/hpo_data/hpo_iteration_data/4339489/estimator_1_neuron_7_validation_outputs.npy
2025-05-10 07:39:19,656 - INFO - Waiting for parameters file: /s/ls4/users/selibrin/spiking_researches/correlation_encoding_and_training/mnist/hpo/shifted_stdp_synapse/hpo_data/hpo_iteration_data/4339489/params_1_7.pkl
2025-05-10 07:39:49,692 - INFO - Loaded HPO parameters
2025-05-10 07:39:49,693 - INFO - Preparing datasets...
2025-05-10 07:39:52,959 - INFO - Prepared datasets: 295 train & 1000 validation samples
2025-05-10 07:39:52,959 - INFO - Initializing model...
2025-05-10 07:39:52,961 - INFO - Fitting model...
2025-05-10 07:40:37,060 - INFO - Saved weights to /s/ls4/users/selibrin/spiking_researches/correlation_encoding_and_training/mnist/hpo/shifted_stdp_synapse/hpo_data/hpo_iteration_data/4339489/estimator_1_neuron_7_weights.npy
2025-05-10 07:40:37,061 - INFO - Evaluating model...
2025-05-10 07:42:49,362 - INFO - Saved validation outputs to /s/ls4/users/selibrin/spiking_researches/correlation_encoding_and_training/mnist/hpo/shifted_stdp_synapse/hpo_data/hpo_iteration_data/4339489/estimator_1_neuron_7_validation_outputs.npy
2025-05-10 07:42:49,362 - INFO - Waiting for parameters file: /s/ls4/users/selibrin/spiking_researches/correlation_encoding_and_training/mnist/hpo/shifted_stdp_synapse/hpo_data/hpo_iteration_data/4339489/params_1_7.pkl
2025-05-10 07:43:24,404 - INFO - Loaded HPO parameters
2025-05-10 07:43:24,404 - INFO - Preparing datasets...
2025-05-10 07:43:27,521 - INFO - Prepared datasets: 295 train & 1000 validation samples
2025-05-10 07:43:27,526 - INFO - Initializing model...
2025-05-10 07:43:27,528 - INFO - Fitting model...
2025-05-10 07:44:12,108 - INFO - Saved weights to /s/ls4/users/selibrin/spiking_researches/correlation_encoding_and_training/mnist/hpo/shifted_stdp_synapse/hpo_data/hpo_iteration_data/4339489/estimator_1_neuron_7_weights.npy
2025-05-10 07:44:12,108 - INFO - Evaluating model...
2025-05-10 07:46:27,055 - INFO - Saved validation outputs to /s/ls4/users/selibrin/spiking_researches/correlation_encoding_and_training/mnist/hpo/shifted_stdp_synapse/hpo_data/hpo_iteration_data/4339489/estimator_1_neuron_7_validation_outputs.npy
2025-05-10 07:46:27,056 - INFO - Waiting for parameters file: /s/ls4/users/selibrin/spiking_researches/correlation_encoding_and_training/mnist/hpo/shifted_stdp_synapse/hpo_data/hpo_iteration_data/4339489/params_1_7.pkl
2025-05-10 07:46:57,122 - INFO - Loaded HPO parameters
2025-05-10 07:46:57,122 - INFO - Preparing datasets...
2025-05-10 07:47:00,322 - INFO - Prepared datasets: 295 train & 1000 validation samples
2025-05-10 07:47:00,322 - INFO - Initializing model...
2025-05-10 07:47:00,324 - INFO - Fitting model...
2025-05-10 07:47:59,927 - INFO - Saved weights to /s/ls4/users/selibrin/spiking_researches/correlation_encoding_and_training/mnist/hpo/shifted_stdp_synapse/hpo_data/hpo_iteration_data/4339489/estimator_1_neuron_7_weights.npy
2025-05-10 07:47:59,927 - INFO - Evaluating model...
2025-05-10 07:50:20,346 - INFO - Saved validation outputs to /s/ls4/users/selibrin/spiking_researches/correlation_encoding_and_training/mnist/hpo/shifted_stdp_synapse/hpo_data/hpo_iteration_data/4339489/estimator_1_neuron_7_validation_outputs.npy
2025-05-10 07:50:20,346 - INFO - Waiting for parameters file: /s/ls4/users/selibrin/spiking_researches/correlation_encoding_and_training/mnist/hpo/shifted_stdp_synapse/hpo_data/hpo_iteration_data/4339489/params_1_7.pkl
2025-05-10 07:50:30,361 - INFO - Loaded HPO parameters
2025-05-10 07:50:30,362 - INFO - Preparing datasets...
2025-05-10 07:50:33,544 - INFO - Prepared datasets: 295 train & 1000 validation samples
2025-05-10 07:50:33,549 - INFO - Initializing model...
2025-05-10 07:50:33,551 - INFO - Fitting model...
2025-05-10 07:51:18,675 - INFO - Saved weights to /s/ls4/users/selibrin/spiking_researches/correlation_encoding_and_training/mnist/hpo/shifted_stdp_synapse/hpo_data/hpo_iteration_data/4339489/estimator_1_neuron_7_weights.npy
2025-05-10 07:51:18,675 - INFO - Evaluating model...
2025-05-10 07:53:33,053 - INFO - Saved validation outputs to /s/ls4/users/selibrin/spiking_researches/correlation_encoding_and_training/mnist/hpo/shifted_stdp_synapse/hpo_data/hpo_iteration_data/4339489/estimator_1_neuron_7_validation_outputs.npy
2025-05-10 07:53:33,053 - INFO - Waiting for parameters file: /s/ls4/users/selibrin/spiking_researches/correlation_encoding_and_training/mnist/hpo/shifted_stdp_synapse/hpo_data/hpo_iteration_data/4339489/params_1_7.pkl
2025-05-10 07:54:03,090 - INFO - Loaded HPO parameters
2025-05-10 07:54:03,090 - INFO - Preparing datasets...
2025-05-10 07:54:06,342 - INFO - Prepared datasets: 295 train & 1000 validation samples
2025-05-10 07:54:06,342 - INFO - Initializing model...
2025-05-10 07:54:06,345 - INFO - Fitting model...
2025-05-10 07:54:51,079 - INFO - Saved weights to /s/ls4/users/selibrin/spiking_researches/correlation_encoding_and_training/mnist/hpo/shifted_stdp_synapse/hpo_data/hpo_iteration_data/4339489/estimator_1_neuron_7_weights.npy
2025-05-10 07:54:51,079 - INFO - Evaluating model...
2025-05-10 07:57:05,569 - INFO - Saved validation outputs to /s/ls4/users/selibrin/spiking_researches/correlation_encoding_and_training/mnist/hpo/shifted_stdp_synapse/hpo_data/hpo_iteration_data/4339489/estimator_1_neuron_7_validation_outputs.npy
2025-05-10 07:57:05,569 - INFO - Waiting for parameters file: /s/ls4/users/selibrin/spiking_researches/correlation_encoding_and_training/mnist/hpo/shifted_stdp_synapse/hpo_data/hpo_iteration_data/4339489/params_1_7.pkl
2025-05-10 07:57:40,611 - INFO - Loaded HPO parameters
2025-05-10 07:57:40,612 - INFO - Preparing datasets...
2025-05-10 07:57:43,698 - INFO - Prepared datasets: 295 train & 1000 validation samples
2025-05-10 07:57:43,703 - INFO - Initializing model...
2025-05-10 07:57:43,705 - INFO - Fitting model...
2025-05-10 07:58:28,583 - INFO - Saved weights to /s/ls4/users/selibrin/spiking_researches/correlation_encoding_and_training/mnist/hpo/shifted_stdp_synapse/hpo_data/hpo_iteration_data/4339489/estimator_1_neuron_7_weights.npy
2025-05-10 07:58:28,584 - INFO - Evaluating model...
2025-05-10 08:00:42,139 - INFO - Saved validation outputs to /s/ls4/users/selibrin/spiking_researches/correlation_encoding_and_training/mnist/hpo/shifted_stdp_synapse/hpo_data/hpo_iteration_data/4339489/estimator_1_neuron_7_validation_outputs.npy
2025-05-10 08:00:42,140 - INFO - Waiting for parameters file: /s/ls4/users/selibrin/spiking_researches/correlation_encoding_and_training/mnist/hpo/shifted_stdp_synapse/hpo_data/hpo_iteration_data/4339489/params_1_7.pkl
2025-05-10 08:01:12,176 - INFO - Loaded HPO parameters
2025-05-10 08:01:12,176 - INFO - Preparing datasets...
2025-05-10 08:01:15,414 - INFO - Prepared datasets: 295 train & 1000 validation samples
2025-05-10 08:01:15,414 - INFO - Initializing model...
2025-05-10 08:01:15,418 - INFO - Fitting model...
2025-05-10 08:02:00,280 - INFO - Saved weights to /s/ls4/users/selibrin/spiking_researches/correlation_encoding_and_training/mnist/hpo/shifted_stdp_synapse/hpo_data/hpo_iteration_data/4339489/estimator_1_neuron_7_weights.npy
2025-05-10 08:02:00,280 - INFO - Evaluating model...
2025-05-10 08:04:14,986 - INFO - Saved validation outputs to /s/ls4/users/selibrin/spiking_researches/correlation_encoding_and_training/mnist/hpo/shifted_stdp_synapse/hpo_data/hpo_iteration_data/4339489/estimator_1_neuron_7_validation_outputs.npy
2025-05-10 08:04:14,987 - INFO - Waiting for parameters file: /s/ls4/users/selibrin/spiking_researches/correlation_encoding_and_training/mnist/hpo/shifted_stdp_synapse/hpo_data/hpo_iteration_data/4339489/params_1_7.pkl
2025-05-10 08:04:45,023 - INFO - Loaded HPO parameters
2025-05-10 08:04:45,023 - INFO - Preparing datasets...
2025-05-10 08:04:48,110 - INFO - Prepared datasets: 295 train & 1000 validation samples
2025-05-10 08:04:48,114 - INFO - Initializing model...
2025-05-10 08:04:48,116 - INFO - Fitting model...
2025-05-10 08:05:32,777 - INFO - Saved weights to /s/ls4/users/selibrin/spiking_researches/correlation_encoding_and_training/mnist/hpo/shifted_stdp_synapse/hpo_data/hpo_iteration_data/4339489/estimator_1_neuron_7_weights.npy
2025-05-10 08:05:32,777 - INFO - Evaluating model...
2025-05-10 08:07:46,234 - INFO - Saved validation outputs to /s/ls4/users/selibrin/spiking_researches/correlation_encoding_and_training/mnist/hpo/shifted_stdp_synapse/hpo_data/hpo_iteration_data/4339489/estimator_1_neuron_7_validation_outputs.npy
2025-05-10 08:07:46,234 - INFO - Waiting for parameters file: /s/ls4/users/selibrin/spiking_researches/correlation_encoding_and_training/mnist/hpo/shifted_stdp_synapse/hpo_data/hpo_iteration_data/4339489/params_1_7.pkl
2025-05-10 08:08:16,272 - INFO - Loaded HPO parameters
2025-05-10 08:08:16,272 - INFO - Preparing datasets...
2025-05-10 08:08:19,399 - INFO - Prepared datasets: 295 train & 1000 validation samples
2025-05-10 08:08:19,399 - INFO - Initializing model...
2025-05-10 08:08:19,401 - INFO - Fitting model...
2025-05-10 08:09:03,856 - INFO - Saved weights to /s/ls4/users/selibrin/spiking_researches/correlation_encoding_and_training/mnist/hpo/shifted_stdp_synapse/hpo_data/hpo_iteration_data/4339489/estimator_1_neuron_7_weights.npy
2025-05-10 08:09:03,856 - INFO - Evaluating model...
2025-05-10 08:11:17,710 - INFO - Saved validation outputs to /s/ls4/users/selibrin/spiking_researches/correlation_encoding_and_training/mnist/hpo/shifted_stdp_synapse/hpo_data/hpo_iteration_data/4339489/estimator_1_neuron_7_validation_outputs.npy
2025-05-10 08:11:17,711 - INFO - Waiting for parameters file: /s/ls4/users/selibrin/spiking_researches/correlation_encoding_and_training/mnist/hpo/shifted_stdp_synapse/hpo_data/hpo_iteration_data/4339489/params_1_7.pkl
2025-05-10 08:11:52,753 - INFO - Loaded HPO parameters
2025-05-10 08:11:52,753 - INFO - Preparing datasets...
2025-05-10 08:11:55,871 - INFO - Prepared datasets: 295 train & 1000 validation samples
2025-05-10 08:11:55,876 - INFO - Initializing model...
2025-05-10 08:11:55,878 - INFO - Fitting model...
2025-05-10 08:12:44,814 - INFO - Saved weights to /s/ls4/users/selibrin/spiking_researches/correlation_encoding_and_training/mnist/hpo/shifted_stdp_synapse/hpo_data/hpo_iteration_data/4339489/estimator_1_neuron_7_weights.npy
2025-05-10 08:12:44,814 - INFO - Evaluating model...
2025-05-10 08:15:01,436 - INFO - Saved validation outputs to /s/ls4/users/selibrin/spiking_researches/correlation_encoding_and_training/mnist/hpo/shifted_stdp_synapse/hpo_data/hpo_iteration_data/4339489/estimator_1_neuron_7_validation_outputs.npy
2025-05-10 08:15:01,436 - INFO - Waiting for parameters file: /s/ls4/users/selibrin/spiking_researches/correlation_encoding_and_training/mnist/hpo/shifted_stdp_synapse/hpo_data/hpo_iteration_data/4339489/params_1_7.pkl
2025-05-10 08:15:26,466 - INFO - Loaded HPO parameters
2025-05-10 08:15:26,466 - INFO - Preparing datasets...
2025-05-10 08:15:29,615 - INFO - Prepared datasets: 295 train & 1000 validation samples
2025-05-10 08:15:29,616 - INFO - Initializing model...
2025-05-10 08:15:29,618 - INFO - Fitting model...
2025-05-10 08:16:14,286 - INFO - Saved weights to /s/ls4/users/selibrin/spiking_researches/correlation_encoding_and_training/mnist/hpo/shifted_stdp_synapse/hpo_data/hpo_iteration_data/4339489/estimator_1_neuron_7_weights.npy
2025-05-10 08:16:14,286 - INFO - Evaluating model...
2025-05-10 08:18:27,678 - INFO - Saved validation outputs to /s/ls4/users/selibrin/spiking_researches/correlation_encoding_and_training/mnist/hpo/shifted_stdp_synapse/hpo_data/hpo_iteration_data/4339489/estimator_1_neuron_7_validation_outputs.npy
2025-05-10 08:18:27,678 - INFO - Waiting for parameters file: /s/ls4/users/selibrin/spiking_researches/correlation_encoding_and_training/mnist/hpo/shifted_stdp_synapse/hpo_data/hpo_iteration_data/4339489/params_1_7.pkl
2025-05-10 08:18:57,715 - INFO - Loaded HPO parameters
2025-05-10 08:18:57,715 - INFO - Preparing datasets...
2025-05-10 08:19:00,786 - INFO - Prepared datasets: 295 train & 1000 validation samples
2025-05-10 08:19:00,795 - INFO - Initializing model...
2025-05-10 08:19:00,798 - INFO - Fitting model...
2025-05-10 08:19:48,465 - INFO - Saved weights to /s/ls4/users/selibrin/spiking_researches/correlation_encoding_and_training/mnist/hpo/shifted_stdp_synapse/hpo_data/hpo_iteration_data/4339489/estimator_1_neuron_7_weights.npy
2025-05-10 08:19:48,465 - INFO - Evaluating model...
2025-05-10 08:22:03,178 - INFO - Saved validation outputs to /s/ls4/users/selibrin/spiking_researches/correlation_encoding_and_training/mnist/hpo/shifted_stdp_synapse/hpo_data/hpo_iteration_data/4339489/estimator_1_neuron_7_validation_outputs.npy
2025-05-10 08:22:03,179 - INFO - Waiting for parameters file: /s/ls4/users/selibrin/spiking_researches/correlation_encoding_and_training/mnist/hpo/shifted_stdp_synapse/hpo_data/hpo_iteration_data/4339489/params_1_7.pkl
2025-05-10 08:22:33,214 - INFO - Loaded HPO parameters
2025-05-10 08:22:33,214 - INFO - Preparing datasets...
2025-05-10 08:22:36,385 - INFO - Prepared datasets: 295 train & 1000 validation samples
2025-05-10 08:22:36,385 - INFO - Initializing model...
2025-05-10 08:22:36,387 - INFO - Fitting model...
2025-05-10 08:23:20,931 - INFO - Saved weights to /s/ls4/users/selibrin/spiking_researches/correlation_encoding_and_training/mnist/hpo/shifted_stdp_synapse/hpo_data/hpo_iteration_data/4339489/estimator_1_neuron_7_weights.npy
2025-05-10 08:23:20,931 - INFO - Evaluating model...
2025-05-10 08:25:35,572 - INFO - Saved validation outputs to /s/ls4/users/selibrin/spiking_researches/correlation_encoding_and_training/mnist/hpo/shifted_stdp_synapse/hpo_data/hpo_iteration_data/4339489/estimator_1_neuron_7_validation_outputs.npy
2025-05-10 08:25:35,572 - INFO - Waiting for parameters file: /s/ls4/users/selibrin/spiking_researches/correlation_encoding_and_training/mnist/hpo/shifted_stdp_synapse/hpo_data/hpo_iteration_data/4339489/params_1_7.pkl
2025-05-10 08:26:05,608 - INFO - Loaded HPO parameters
2025-05-10 08:26:05,608 - INFO - Preparing datasets...
2025-05-10 08:26:08,720 - INFO - Prepared datasets: 295 train & 1000 validation samples
2025-05-10 08:26:08,724 - INFO - Initializing model...
2025-05-10 08:26:08,726 - INFO - Fitting model...
2025-05-10 08:26:54,777 - INFO - Saved weights to /s/ls4/users/selibrin/spiking_researches/correlation_encoding_and_training/mnist/hpo/shifted_stdp_synapse/hpo_data/hpo_iteration_data/4339489/estimator_1_neuron_7_weights.npy
2025-05-10 08:26:54,777 - INFO - Evaluating model...
2025-05-10 08:29:09,252 - INFO - Saved validation outputs to /s/ls4/users/selibrin/spiking_researches/correlation_encoding_and_training/mnist/hpo/shifted_stdp_synapse/hpo_data/hpo_iteration_data/4339489/estimator_1_neuron_7_validation_outputs.npy
2025-05-10 08:29:09,252 - INFO - Waiting for parameters file: /s/ls4/users/selibrin/spiking_researches/correlation_encoding_and_training/mnist/hpo/shifted_stdp_synapse/hpo_data/hpo_iteration_data/4339489/params_1_7.pkl
2025-05-10 08:29:39,288 - INFO - Loaded HPO parameters
2025-05-10 08:29:39,288 - INFO - Preparing datasets...
2025-05-10 08:29:42,438 - INFO - Prepared datasets: 295 train & 1000 validation samples
2025-05-10 08:29:42,438 - INFO - Initializing model...
2025-05-10 08:29:42,440 - INFO - Fitting model...
2025-05-10 08:30:27,294 - INFO - Saved weights to /s/ls4/users/selibrin/spiking_researches/correlation_encoding_and_training/mnist/hpo/shifted_stdp_synapse/hpo_data/hpo_iteration_data/4339489/estimator_1_neuron_7_weights.npy
2025-05-10 08:30:27,294 - INFO - Evaluating model...
2025-05-10 08:32:41,742 - INFO - Saved validation outputs to /s/ls4/users/selibrin/spiking_researches/correlation_encoding_and_training/mnist/hpo/shifted_stdp_synapse/hpo_data/hpo_iteration_data/4339489/estimator_1_neuron_7_validation_outputs.npy
2025-05-10 08:32:41,742 - INFO - Waiting for parameters file: /s/ls4/users/selibrin/spiking_researches/correlation_encoding_and_training/mnist/hpo/shifted_stdp_synapse/hpo_data/hpo_iteration_data/4339489/params_1_7.pkl
2025-05-10 08:33:11,778 - INFO - Loaded HPO parameters
2025-05-10 08:33:11,778 - INFO - Preparing datasets...
2025-05-10 08:33:15,113 - INFO - Prepared datasets: 295 train & 1000 validation samples
2025-05-10 08:33:15,114 - INFO - Initializing model...
2025-05-10 08:33:15,116 - INFO - Fitting model...
2025-05-10 08:34:00,090 - INFO - Saved weights to /s/ls4/users/selibrin/spiking_researches/correlation_encoding_and_training/mnist/hpo/shifted_stdp_synapse/hpo_data/hpo_iteration_data/4339489/estimator_1_neuron_7_weights.npy
2025-05-10 08:34:00,090 - INFO - Evaluating model...
2025-05-10 08:36:13,932 - INFO - Saved validation outputs to /s/ls4/users/selibrin/spiking_researches/correlation_encoding_and_training/mnist/hpo/shifted_stdp_synapse/hpo_data/hpo_iteration_data/4339489/estimator_1_neuron_7_validation_outputs.npy
2025-05-10 08:36:13,932 - INFO - Waiting for parameters file: /s/ls4/users/selibrin/spiking_researches/correlation_encoding_and_training/mnist/hpo/shifted_stdp_synapse/hpo_data/hpo_iteration_data/4339489/params_1_7.pkl
2025-05-10 08:36:43,967 - INFO - Loaded HPO parameters
2025-05-10 08:36:43,967 - INFO - Preparing datasets...
2025-05-10 08:36:47,033 - INFO - Prepared datasets: 1180 train & 1000 validation samples
2025-05-10 08:36:47,041 - INFO - Initializing model...
2025-05-10 08:36:47,043 - INFO - Fitting model...
2025-05-10 08:40:18,622 - INFO - Saved weights to /s/ls4/users/selibrin/spiking_researches/correlation_encoding_and_training/mnist/hpo/shifted_stdp_synapse/hpo_data/hpo_iteration_data/4339489/estimator_1_neuron_7_weights.npy
2025-05-10 08:40:18,622 - INFO - Evaluating model...
2025-05-10 08:42:35,209 - INFO - Saved validation outputs to /s/ls4/users/selibrin/spiking_researches/correlation_encoding_and_training/mnist/hpo/shifted_stdp_synapse/hpo_data/hpo_iteration_data/4339489/estimator_1_neuron_7_validation_outputs.npy
2025-05-10 08:42:35,209 - INFO - Waiting for parameters file: /s/ls4/users/selibrin/spiking_researches/correlation_encoding_and_training/mnist/hpo/shifted_stdp_synapse/hpo_data/hpo_iteration_data/4339489/params_1_7.pkl
2025-05-10 08:43:20,260 - INFO - Loaded HPO parameters
2025-05-10 08:43:20,260 - INFO - Preparing datasets...
2025-05-10 08:43:23,399 - INFO - Prepared datasets: 295 train & 1000 validation samples
2025-05-10 08:43:23,399 - INFO - Initializing model...
2025-05-10 08:43:23,401 - INFO - Fitting model...
2025-05-10 08:44:07,219 - INFO - Saved weights to /s/ls4/users/selibrin/spiking_researches/correlation_encoding_and_training/mnist/hpo/shifted_stdp_synapse/hpo_data/hpo_iteration_data/4339489/estimator_1_neuron_7_weights.npy
2025-05-10 08:44:07,219 - INFO - Evaluating model...
2025-05-10 08:46:20,531 - INFO - Saved validation outputs to /s/ls4/users/selibrin/spiking_researches/correlation_encoding_and_training/mnist/hpo/shifted_stdp_synapse/hpo_data/hpo_iteration_data/4339489/estimator_1_neuron_7_validation_outputs.npy
2025-05-10 08:46:20,531 - INFO - Waiting for parameters file: /s/ls4/users/selibrin/spiking_researches/correlation_encoding_and_training/mnist/hpo/shifted_stdp_synapse/hpo_data/hpo_iteration_data/4339489/params_1_7.pkl
2025-05-10 08:46:50,568 - INFO - Loaded HPO parameters
2025-05-10 08:46:50,568 - INFO - Preparing datasets...
2025-05-10 08:46:53,698 - INFO - Prepared datasets: 295 train & 1000 validation samples
2025-05-10 08:46:53,706 - INFO - Initializing model...
2025-05-10 08:46:53,708 - INFO - Fitting model...
2025-05-10 08:47:39,250 - INFO - Saved weights to /s/ls4/users/selibrin/spiking_researches/correlation_encoding_and_training/mnist/hpo/shifted_stdp_synapse/hpo_data/hpo_iteration_data/4339489/estimator_1_neuron_7_weights.npy
2025-05-10 08:47:39,250 - INFO - Evaluating model...
2025-05-10 08:49:53,310 - INFO - Saved validation outputs to /s/ls4/users/selibrin/spiking_researches/correlation_encoding_and_training/mnist/hpo/shifted_stdp_synapse/hpo_data/hpo_iteration_data/4339489/estimator_1_neuron_7_validation_outputs.npy
2025-05-10 08:49:53,310 - INFO - Waiting for parameters file: /s/ls4/users/selibrin/spiking_researches/correlation_encoding_and_training/mnist/hpo/shifted_stdp_synapse/hpo_data/hpo_iteration_data/4339489/params_1_7.pkl
2025-05-10 08:50:23,349 - INFO - Loaded HPO parameters
2025-05-10 08:50:23,349 - INFO - Preparing datasets...
2025-05-10 08:50:26,469 - INFO - Prepared datasets: 295 train & 1000 validation samples
2025-05-10 08:50:26,470 - INFO - Initializing model...
2025-05-10 08:50:26,472 - INFO - Fitting model...
2025-05-10 08:51:11,592 - INFO - Saved weights to /s/ls4/users/selibrin/spiking_researches/correlation_encoding_and_training/mnist/hpo/shifted_stdp_synapse/hpo_data/hpo_iteration_data/4339489/estimator_1_neuron_7_weights.npy
2025-05-10 08:51:11,592 - INFO - Evaluating model...
2025-05-10 08:53:25,888 - INFO - Saved validation outputs to /s/ls4/users/selibrin/spiking_researches/correlation_encoding_and_training/mnist/hpo/shifted_stdp_synapse/hpo_data/hpo_iteration_data/4339489/estimator_1_neuron_7_validation_outputs.npy
2025-05-10 08:53:25,889 - INFO - Waiting for parameters file: /s/ls4/users/selibrin/spiking_researches/correlation_encoding_and_training/mnist/hpo/shifted_stdp_synapse/hpo_data/hpo_iteration_data/4339489/params_1_7.pkl
2025-05-10 08:54:00,929 - INFO - Loaded HPO parameters
2025-05-10 08:54:00,930 - INFO - Preparing datasets...
2025-05-10 08:54:04,036 - INFO - Prepared datasets: 295 train & 1000 validation samples
2025-05-10 08:54:04,045 - INFO - Initializing model...
2025-05-10 08:54:04,047 - INFO - Fitting model...
2025-05-10 08:55:02,095 - INFO - Saved weights to /s/ls4/users/selibrin/spiking_researches/correlation_encoding_and_training/mnist/hpo/shifted_stdp_synapse/hpo_data/hpo_iteration_data/4339489/estimator_1_neuron_7_weights.npy
2025-05-10 08:55:02,095 - INFO - Evaluating model...
2025-05-10 08:57:21,281 - INFO - Saved validation outputs to /s/ls4/users/selibrin/spiking_researches/correlation_encoding_and_training/mnist/hpo/shifted_stdp_synapse/hpo_data/hpo_iteration_data/4339489/estimator_1_neuron_7_validation_outputs.npy
2025-05-10 08:57:21,281 - INFO - Waiting for parameters file: /s/ls4/users/selibrin/spiking_researches/correlation_encoding_and_training/mnist/hpo/shifted_stdp_synapse/hpo_data/hpo_iteration_data/4339489/params_1_7.pkl
2025-05-10 08:57:31,296 - INFO - Loaded HPO parameters
2025-05-10 08:57:31,296 - INFO - Preparing datasets...
2025-05-10 08:57:34,456 - INFO - Prepared datasets: 295 train & 1000 validation samples
2025-05-10 08:57:34,456 - INFO - Initializing model...
2025-05-10 08:57:34,458 - INFO - Fitting model...
2025-05-10 08:58:23,810 - INFO - Saved weights to /s/ls4/users/selibrin/spiking_researches/correlation_encoding_and_training/mnist/hpo/shifted_stdp_synapse/hpo_data/hpo_iteration_data/4339489/estimator_1_neuron_7_weights.npy
2025-05-10 08:58:23,810 - INFO - Evaluating model...
2025-05-10 09:00:39,947 - INFO - Saved validation outputs to /s/ls4/users/selibrin/spiking_researches/correlation_encoding_and_training/mnist/hpo/shifted_stdp_synapse/hpo_data/hpo_iteration_data/4339489/estimator_1_neuron_7_validation_outputs.npy
2025-05-10 09:00:39,947 - INFO - Waiting for parameters file: /s/ls4/users/selibrin/spiking_researches/correlation_encoding_and_training/mnist/hpo/shifted_stdp_synapse/hpo_data/hpo_iteration_data/4339489/params_1_7.pkl
2025-05-10 09:01:04,978 - INFO - Loaded HPO parameters
2025-05-10 09:01:04,978 - INFO - Preparing datasets...
2025-05-10 09:01:08,134 - INFO - Prepared datasets: 1180 train & 1000 validation samples
2025-05-10 09:01:08,142 - INFO - Initializing model...
2025-05-10 09:01:08,144 - INFO - Fitting model...
2025-05-10 09:04:04,568 - INFO - Saved weights to /s/ls4/users/selibrin/spiking_researches/correlation_encoding_and_training/mnist/hpo/shifted_stdp_synapse/hpo_data/hpo_iteration_data/4339489/estimator_1_neuron_7_weights.npy
2025-05-10 09:04:04,569 - INFO - Evaluating model...
2025-05-10 09:06:17,333 - INFO - Saved validation outputs to /s/ls4/users/selibrin/spiking_researches/correlation_encoding_and_training/mnist/hpo/shifted_stdp_synapse/hpo_data/hpo_iteration_data/4339489/estimator_1_neuron_7_validation_outputs.npy
2025-05-10 09:06:17,333 - INFO - Waiting for parameters file: /s/ls4/users/selibrin/spiking_researches/correlation_encoding_and_training/mnist/hpo/shifted_stdp_synapse/hpo_data/hpo_iteration_data/4339489/params_1_7.pkl
2025-05-10 09:06:37,375 - INFO - Loaded HPO parameters
2025-05-10 09:06:37,375 - INFO - Preparing datasets...
2025-05-10 09:06:40,547 - INFO - Prepared datasets: 295 train & 1000 validation samples
2025-05-10 09:06:40,547 - INFO - Initializing model...
2025-05-10 09:06:40,549 - INFO - Fitting model...
2025-05-10 09:07:28,051 - INFO - Saved weights to /s/ls4/users/selibrin/spiking_researches/correlation_encoding_and_training/mnist/hpo/shifted_stdp_synapse/hpo_data/hpo_iteration_data/4339489/estimator_1_neuron_7_weights.npy
2025-05-10 09:07:28,051 - INFO - Evaluating model...
2025-05-10 09:09:43,022 - INFO - Saved validation outputs to /s/ls4/users/selibrin/spiking_researches/correlation_encoding_and_training/mnist/hpo/shifted_stdp_synapse/hpo_data/hpo_iteration_data/4339489/estimator_1_neuron_7_validation_outputs.npy
2025-05-10 09:09:43,022 - INFO - Waiting for parameters file: /s/ls4/users/selibrin/spiking_researches/correlation_encoding_and_training/mnist/hpo/shifted_stdp_synapse/hpo_data/hpo_iteration_data/4339489/params_1_7.pkl
2025-05-10 09:10:13,057 - INFO - Loaded HPO parameters
2025-05-10 09:10:13,058 - INFO - Preparing datasets...
2025-05-10 09:10:16,152 - INFO - Prepared datasets: 295 train & 1000 validation samples
2025-05-10 09:10:16,161 - INFO - Initializing model...
2025-05-10 09:10:16,163 - INFO - Fitting model...
2025-05-10 09:11:00,572 - INFO - Saved weights to /s/ls4/users/selibrin/spiking_researches/correlation_encoding_and_training/mnist/hpo/shifted_stdp_synapse/hpo_data/hpo_iteration_data/4339489/estimator_1_neuron_7_weights.npy
2025-05-10 09:11:00,572 - INFO - Evaluating model...
2025-05-10 09:13:13,347 - INFO - Saved validation outputs to /s/ls4/users/selibrin/spiking_researches/correlation_encoding_and_training/mnist/hpo/shifted_stdp_synapse/hpo_data/hpo_iteration_data/4339489/estimator_1_neuron_7_validation_outputs.npy
2025-05-10 09:13:13,347 - INFO - Waiting for parameters file: /s/ls4/users/selibrin/spiking_researches/correlation_encoding_and_training/mnist/hpo/shifted_stdp_synapse/hpo_data/hpo_iteration_data/4339489/params_1_7.pkl
2025-05-10 09:13:43,383 - INFO - Loaded HPO parameters
2025-05-10 09:13:43,384 - INFO - Preparing datasets...
2025-05-10 09:13:46,499 - INFO - Prepared datasets: 295 train & 1000 validation samples
2025-05-10 09:13:46,499 - INFO - Initializing model...
2025-05-10 09:13:46,501 - INFO - Fitting model...
2025-05-10 09:14:32,574 - INFO - Saved weights to /s/ls4/users/selibrin/spiking_researches/correlation_encoding_and_training/mnist/hpo/shifted_stdp_synapse/hpo_data/hpo_iteration_data/4339489/estimator_1_neuron_7_weights.npy
2025-05-10 09:14:32,574 - INFO - Evaluating model...
2025-05-10 09:16:47,259 - INFO - Saved validation outputs to /s/ls4/users/selibrin/spiking_researches/correlation_encoding_and_training/mnist/hpo/shifted_stdp_synapse/hpo_data/hpo_iteration_data/4339489/estimator_1_neuron_7_validation_outputs.npy
2025-05-10 09:16:47,259 - INFO - Waiting for parameters file: /s/ls4/users/selibrin/spiking_researches/correlation_encoding_and_training/mnist/hpo/shifted_stdp_synapse/hpo_data/hpo_iteration_data/4339489/params_1_7.pkl
2025-05-10 09:17:17,333 - INFO - Loaded HPO parameters
2025-05-10 09:17:17,333 - INFO - Preparing datasets...
2025-05-10 09:17:20,660 - INFO - Prepared datasets: 295 train & 1000 validation samples
2025-05-10 09:17:20,668 - INFO - Initializing model...
2025-05-10 09:17:20,670 - INFO - Fitting model...
2025-05-10 09:18:05,125 - INFO - Saved weights to /s/ls4/users/selibrin/spiking_researches/correlation_encoding_and_training/mnist/hpo/shifted_stdp_synapse/hpo_data/hpo_iteration_data/4339489/estimator_1_neuron_7_weights.npy
2025-05-10 09:18:05,126 - INFO - Evaluating model...
2025-05-10 09:20:18,339 - INFO - Saved validation outputs to /s/ls4/users/selibrin/spiking_researches/correlation_encoding_and_training/mnist/hpo/shifted_stdp_synapse/hpo_data/hpo_iteration_data/4339489/estimator_1_neuron_7_validation_outputs.npy
2025-05-10 09:20:18,339 - INFO - Waiting for parameters file: /s/ls4/users/selibrin/spiking_researches/correlation_encoding_and_training/mnist/hpo/shifted_stdp_synapse/hpo_data/hpo_iteration_data/4339489/params_1_7.pkl
2025-05-10 09:20:53,380 - INFO - Loaded HPO parameters
2025-05-10 09:20:53,380 - INFO - Preparing datasets...
2025-05-10 09:20:56,518 - INFO - Prepared datasets: 1180 train & 1000 validation samples
2025-05-10 09:20:56,518 - INFO - Initializing model...
2025-05-10 09:20:56,520 - INFO - Fitting model...
2025-05-10 09:23:56,025 - INFO - Saved weights to /s/ls4/users/selibrin/spiking_researches/correlation_encoding_and_training/mnist/hpo/shifted_stdp_synapse/hpo_data/hpo_iteration_data/4339489/estimator_1_neuron_7_weights.npy
2025-05-10 09:23:56,026 - INFO - Evaluating model...
2025-05-10 09:26:10,036 - INFO - Saved validation outputs to /s/ls4/users/selibrin/spiking_researches/correlation_encoding_and_training/mnist/hpo/shifted_stdp_synapse/hpo_data/hpo_iteration_data/4339489/estimator_1_neuron_7_validation_outputs.npy
2025-05-10 09:26:10,036 - INFO - Waiting for parameters file: /s/ls4/users/selibrin/spiking_researches/correlation_encoding_and_training/mnist/hpo/shifted_stdp_synapse/hpo_data/hpo_iteration_data/4339489/params_1_7.pkl
2025-05-10 09:26:25,057 - INFO - Loaded HPO parameters
2025-05-10 09:26:25,057 - INFO - Preparing datasets...
2025-05-10 09:26:28,266 - INFO - Prepared datasets: 295 train & 1000 validation samples
2025-05-10 09:26:28,273 - INFO - Initializing model...
2025-05-10 09:26:28,276 - INFO - Fitting model...
2025-05-10 09:27:21,283 - INFO - Saved weights to /s/ls4/users/selibrin/spiking_researches/correlation_encoding_and_training/mnist/hpo/shifted_stdp_synapse/hpo_data/hpo_iteration_data/4339489/estimator_1_neuron_7_weights.npy
2025-05-10 09:27:21,283 - INFO - Evaluating model...
2025-05-10 09:29:40,132 - INFO - Saved validation outputs to /s/ls4/users/selibrin/spiking_researches/correlation_encoding_and_training/mnist/hpo/shifted_stdp_synapse/hpo_data/hpo_iteration_data/4339489/estimator_1_neuron_7_validation_outputs.npy
2025-05-10 09:29:40,132 - INFO - Waiting for parameters file: /s/ls4/users/selibrin/spiking_researches/correlation_encoding_and_training/mnist/hpo/shifted_stdp_synapse/hpo_data/hpo_iteration_data/4339489/params_1_7.pkl
2025-05-10 09:30:00,156 - INFO - Loaded HPO parameters
2025-05-10 09:30:00,157 - INFO - Preparing datasets...
2025-05-10 09:30:03,388 - INFO - Prepared datasets: 295 train & 1000 validation samples
2025-05-10 09:30:03,389 - INFO - Initializing model...
2025-05-10 09:30:03,391 - INFO - Fitting model...
2025-05-10 09:30:48,014 - INFO - Saved weights to /s/ls4/users/selibrin/spiking_researches/correlation_encoding_and_training/mnist/hpo/shifted_stdp_synapse/hpo_data/hpo_iteration_data/4339489/estimator_1_neuron_7_weights.npy
2025-05-10 09:30:48,015 - INFO - Evaluating model...
2025-05-10 09:33:03,849 - INFO - Saved validation outputs to /s/ls4/users/selibrin/spiking_researches/correlation_encoding_and_training/mnist/hpo/shifted_stdp_synapse/hpo_data/hpo_iteration_data/4339489/estimator_1_neuron_7_validation_outputs.npy
2025-05-10 09:33:03,849 - INFO - Waiting for parameters file: /s/ls4/users/selibrin/spiking_researches/correlation_encoding_and_training/mnist/hpo/shifted_stdp_synapse/hpo_data/hpo_iteration_data/4339489/params_1_7.pkl
2025-05-10 09:33:33,885 - INFO - Loaded HPO parameters
2025-05-10 09:33:33,885 - INFO - Preparing datasets...
2025-05-10 09:33:37,064 - INFO - Prepared datasets: 295 train & 1000 validation samples
2025-05-10 09:33:37,073 - INFO - Initializing model...
2025-05-10 09:33:37,076 - INFO - Fitting model...
2025-05-10 09:34:22,561 - INFO - Saved weights to /s/ls4/users/selibrin/spiking_researches/correlation_encoding_and_training/mnist/hpo/shifted_stdp_synapse/hpo_data/hpo_iteration_data/4339489/estimator_1_neuron_7_weights.npy
2025-05-10 09:34:22,561 - INFO - Evaluating model...
2025-05-10 09:36:37,862 - INFO - Saved validation outputs to /s/ls4/users/selibrin/spiking_researches/correlation_encoding_and_training/mnist/hpo/shifted_stdp_synapse/hpo_data/hpo_iteration_data/4339489/estimator_1_neuron_7_validation_outputs.npy
2025-05-10 09:36:37,863 - INFO - Waiting for parameters file: /s/ls4/users/selibrin/spiking_researches/correlation_encoding_and_training/mnist/hpo/shifted_stdp_synapse/hpo_data/hpo_iteration_data/4339489/params_1_7.pkl
2025-05-10 09:37:02,894 - INFO - Loaded HPO parameters
2025-05-10 09:37:02,894 - INFO - Preparing datasets...
2025-05-10 09:37:06,149 - INFO - Prepared datasets: 295 train & 1000 validation samples
2025-05-10 09:37:06,149 - INFO - Initializing model...
2025-05-10 09:37:06,151 - INFO - Fitting model...
2025-05-10 09:37:50,834 - INFO - Saved weights to /s/ls4/users/selibrin/spiking_researches/correlation_encoding_and_training/mnist/hpo/shifted_stdp_synapse/hpo_data/hpo_iteration_data/4339489/estimator_1_neuron_7_weights.npy
2025-05-10 09:37:50,834 - INFO - Evaluating model...
2025-05-10 09:40:05,059 - INFO - Saved validation outputs to /s/ls4/users/selibrin/spiking_researches/correlation_encoding_and_training/mnist/hpo/shifted_stdp_synapse/hpo_data/hpo_iteration_data/4339489/estimator_1_neuron_7_validation_outputs.npy
2025-05-10 09:40:05,059 - INFO - Waiting for parameters file: /s/ls4/users/selibrin/spiking_researches/correlation_encoding_and_training/mnist/hpo/shifted_stdp_synapse/hpo_data/hpo_iteration_data/4339489/params_1_7.pkl
2025-05-10 09:40:40,101 - INFO - Loaded HPO parameters
2025-05-10 09:40:40,101 - INFO - Preparing datasets...
2025-05-10 09:40:43,335 - INFO - Prepared datasets: 295 train & 1000 validation samples
2025-05-10 09:40:43,343 - INFO - Initializing model...
2025-05-10 09:40:43,346 - INFO - Fitting model...
2025-05-10 09:41:42,180 - INFO - Saved weights to /s/ls4/users/selibrin/spiking_researches/correlation_encoding_and_training/mnist/hpo/shifted_stdp_synapse/hpo_data/hpo_iteration_data/4339489/estimator_1_neuron_7_weights.npy
2025-05-10 09:41:42,181 - INFO - Evaluating model...
2025-05-10 09:44:01,717 - INFO - Saved validation outputs to /s/ls4/users/selibrin/spiking_researches/correlation_encoding_and_training/mnist/hpo/shifted_stdp_synapse/hpo_data/hpo_iteration_data/4339489/estimator_1_neuron_7_validation_outputs.npy
2025-05-10 09:44:01,717 - INFO - Waiting for parameters file: /s/ls4/users/selibrin/spiking_researches/correlation_encoding_and_training/mnist/hpo/shifted_stdp_synapse/hpo_data/hpo_iteration_data/4339489/params_1_7.pkl
2025-05-10 09:44:41,763 - INFO - Loaded HPO parameters
2025-05-10 09:44:41,764 - INFO - Preparing datasets...
2025-05-10 09:44:44,923 - INFO - Prepared datasets: 1180 train & 1000 validation samples
2025-05-10 09:44:44,924 - INFO - Initializing model...
2025-05-10 09:44:44,926 - INFO - Fitting model...
2025-05-10 09:48:02,445 - INFO - Saved weights to /s/ls4/users/selibrin/spiking_researches/correlation_encoding_and_training/mnist/hpo/shifted_stdp_synapse/hpo_data/hpo_iteration_data/4339489/estimator_1_neuron_7_weights.npy
2025-05-10 09:48:02,445 - INFO - Evaluating model...
2025-05-10 09:50:18,912 - INFO - Saved validation outputs to /s/ls4/users/selibrin/spiking_researches/correlation_encoding_and_training/mnist/hpo/shifted_stdp_synapse/hpo_data/hpo_iteration_data/4339489/estimator_1_neuron_7_validation_outputs.npy
2025-05-10 09:50:18,912 - INFO - Waiting for parameters file: /s/ls4/users/selibrin/spiking_researches/correlation_encoding_and_training/mnist/hpo/shifted_stdp_synapse/hpo_data/hpo_iteration_data/4339489/params_1_7.pkl
2025-05-10 09:50:43,943 - INFO - Loaded HPO parameters
2025-05-10 09:50:43,944 - INFO - Preparing datasets...
2025-05-10 09:50:47,129 - INFO - Prepared datasets: 295 train & 1000 validation samples
2025-05-10 09:50:47,129 - INFO - Initializing model...
2025-05-10 09:50:47,136 - INFO - Fitting model...
2025-05-10 09:51:32,204 - INFO - Saved weights to /s/ls4/users/selibrin/spiking_researches/correlation_encoding_and_training/mnist/hpo/shifted_stdp_synapse/hpo_data/hpo_iteration_data/4339489/estimator_1_neuron_7_weights.npy
2025-05-10 09:51:32,204 - INFO - Evaluating model...
2025-05-10 09:53:47,248 - INFO - Saved validation outputs to /s/ls4/users/selibrin/spiking_researches/correlation_encoding_and_training/mnist/hpo/shifted_stdp_synapse/hpo_data/hpo_iteration_data/4339489/estimator_1_neuron_7_validation_outputs.npy
2025-05-10 09:53:47,248 - INFO - Waiting for parameters file: /s/ls4/users/selibrin/spiking_researches/correlation_encoding_and_training/mnist/hpo/shifted_stdp_synapse/hpo_data/hpo_iteration_data/4339489/params_1_7.pkl
2025-05-10 09:54:17,285 - INFO - Loaded HPO parameters
2025-05-10 09:54:17,285 - INFO - Preparing datasets...
2025-05-10 09:54:20,420 - INFO - Prepared datasets: 295 train & 1000 validation samples
2025-05-10 09:54:20,420 - INFO - Initializing model...
2025-05-10 09:54:20,423 - INFO - Fitting model...
2025-05-10 09:55:08,621 - INFO - Saved weights to /s/ls4/users/selibrin/spiking_researches/correlation_encoding_and_training/mnist/hpo/shifted_stdp_synapse/hpo_data/hpo_iteration_data/4339489/estimator_1_neuron_7_weights.npy
2025-05-10 09:55:08,621 - INFO - Evaluating model...
2025-05-10 09:57:25,435 - INFO - Saved validation outputs to /s/ls4/users/selibrin/spiking_researches/correlation_encoding_and_training/mnist/hpo/shifted_stdp_synapse/hpo_data/hpo_iteration_data/4339489/estimator_1_neuron_7_validation_outputs.npy
2025-05-10 09:57:25,436 - INFO - Waiting for parameters file: /s/ls4/users/selibrin/spiking_researches/correlation_encoding_and_training/mnist/hpo/shifted_stdp_synapse/hpo_data/hpo_iteration_data/4339489/params_1_7.pkl
2025-05-10 09:57:55,472 - INFO - Loaded HPO parameters
2025-05-10 09:57:55,472 - INFO - Preparing datasets...
2025-05-10 09:57:58,625 - INFO - Prepared datasets: 295 train & 1000 validation samples
2025-05-10 09:57:58,625 - INFO - Initializing model...
2025-05-10 09:57:58,628 - INFO - Fitting model...
2025-05-10 09:58:46,928 - INFO - Saved weights to /s/ls4/users/selibrin/spiking_researches/correlation_encoding_and_training/mnist/hpo/shifted_stdp_synapse/hpo_data/hpo_iteration_data/4339489/estimator_1_neuron_7_weights.npy
2025-05-10 09:58:46,928 - INFO - Evaluating model...
2025-05-10 10:01:04,220 - INFO - Saved validation outputs to /s/ls4/users/selibrin/spiking_researches/correlation_encoding_and_training/mnist/hpo/shifted_stdp_synapse/hpo_data/hpo_iteration_data/4339489/estimator_1_neuron_7_validation_outputs.npy
2025-05-10 10:01:04,220 - INFO - Waiting for parameters file: /s/ls4/users/selibrin/spiking_researches/correlation_encoding_and_training/mnist/hpo/shifted_stdp_synapse/hpo_data/hpo_iteration_data/4339489/params_1_7.pkl
2025-05-10 10:01:24,245 - INFO - Loaded HPO parameters
2025-05-10 10:01:24,245 - INFO - Preparing datasets...
2025-05-10 10:01:27,392 - INFO - Prepared datasets: 295 train & 1000 validation samples
2025-05-10 10:01:27,393 - INFO - Initializing model...
2025-05-10 10:01:27,395 - INFO - Fitting model...
2025-05-10 10:02:14,302 - INFO - Saved weights to /s/ls4/users/selibrin/spiking_researches/correlation_encoding_and_training/mnist/hpo/shifted_stdp_synapse/hpo_data/hpo_iteration_data/4339489/estimator_1_neuron_7_weights.npy
2025-05-10 10:02:14,303 - INFO - Evaluating model...
2025-05-10 10:04:32,022 - INFO - Saved validation outputs to /s/ls4/users/selibrin/spiking_researches/correlation_encoding_and_training/mnist/hpo/shifted_stdp_synapse/hpo_data/hpo_iteration_data/4339489/estimator_1_neuron_7_validation_outputs.npy
2025-05-10 10:04:32,023 - INFO - Waiting for parameters file: /s/ls4/users/selibrin/spiking_researches/correlation_encoding_and_training/mnist/hpo/shifted_stdp_synapse/hpo_data/hpo_iteration_data/4339489/params_1_7.pkl
2025-05-10 10:05:02,059 - INFO - Loaded HPO parameters
2025-05-10 10:05:02,059 - INFO - Preparing datasets...
2025-05-10 10:05:05,277 - INFO - Prepared datasets: 295 train & 1000 validation samples
2025-05-10 10:05:05,278 - INFO - Initializing model...
2025-05-10 10:05:05,280 - INFO - Fitting model...
2025-05-10 10:05:53,546 - INFO - Saved weights to /s/ls4/users/selibrin/spiking_researches/correlation_encoding_and_training/mnist/hpo/shifted_stdp_synapse/hpo_data/hpo_iteration_data/4339489/estimator_1_neuron_7_weights.npy
2025-05-10 10:05:53,546 - INFO - Evaluating model...
2025-05-10 10:08:10,975 - INFO - Saved validation outputs to /s/ls4/users/selibrin/spiking_researches/correlation_encoding_and_training/mnist/hpo/shifted_stdp_synapse/hpo_data/hpo_iteration_data/4339489/estimator_1_neuron_7_validation_outputs.npy
2025-05-10 10:08:10,975 - INFO - Waiting for parameters file: /s/ls4/users/selibrin/spiking_researches/correlation_encoding_and_training/mnist/hpo/shifted_stdp_synapse/hpo_data/hpo_iteration_data/4339489/params_1_7.pkl
2025-05-10 10:08:36,006 - INFO - Loaded HPO parameters
2025-05-10 10:08:36,006 - INFO - Preparing datasets...
2025-05-10 10:08:39,191 - INFO - Prepared datasets: 1180 train & 1000 validation samples
2025-05-10 10:08:39,199 - INFO - Initializing model...
2025-05-10 10:08:39,201 - INFO - Fitting model...
2025-05-10 10:11:50,760 - INFO - Saved weights to /s/ls4/users/selibrin/spiking_researches/correlation_encoding_and_training/mnist/hpo/shifted_stdp_synapse/hpo_data/hpo_iteration_data/4339489/estimator_1_neuron_7_weights.npy
2025-05-10 10:11:50,760 - INFO - Evaluating model...
2025-05-10 10:14:07,058 - INFO - Saved validation outputs to /s/ls4/users/selibrin/spiking_researches/correlation_encoding_and_training/mnist/hpo/shifted_stdp_synapse/hpo_data/hpo_iteration_data/4339489/estimator_1_neuron_7_validation_outputs.npy
2025-05-10 10:14:07,058 - INFO - Waiting for parameters file: /s/ls4/users/selibrin/spiking_researches/correlation_encoding_and_training/mnist/hpo/shifted_stdp_synapse/hpo_data/hpo_iteration_data/4339489/params_1_7.pkl
2025-05-10 10:14:37,094 - INFO - Loaded HPO parameters
2025-05-10 10:14:37,094 - INFO - Preparing datasets...
2025-05-10 10:14:40,240 - INFO - Prepared datasets: 295 train & 1000 validation samples
2025-05-10 10:14:40,241 - INFO - Initializing model...
2025-05-10 10:14:40,243 - INFO - Fitting model...
2025-05-10 10:15:28,155 - INFO - Saved weights to /s/ls4/users/selibrin/spiking_researches/correlation_encoding_and_training/mnist/hpo/shifted_stdp_synapse/hpo_data/hpo_iteration_data/4339489/estimator_1_neuron_7_weights.npy
2025-05-10 10:15:28,155 - INFO - Evaluating model...
2025-05-10 10:17:45,524 - INFO - Saved validation outputs to /s/ls4/users/selibrin/spiking_researches/correlation_encoding_and_training/mnist/hpo/shifted_stdp_synapse/hpo_data/hpo_iteration_data/4339489/estimator_1_neuron_7_validation_outputs.npy
2025-05-10 10:17:45,524 - INFO - Waiting for parameters file: /s/ls4/users/selibrin/spiking_researches/correlation_encoding_and_training/mnist/hpo/shifted_stdp_synapse/hpo_data/hpo_iteration_data/4339489/params_1_7.pkl
2025-05-10 10:18:10,555 - INFO - Loaded HPO parameters
2025-05-10 10:18:10,555 - INFO - Preparing datasets...
2025-05-10 10:18:13,680 - INFO - Prepared datasets: 295 train & 1000 validation samples
2025-05-10 10:18:13,681 - INFO - Initializing model...
2025-05-10 10:18:13,683 - INFO - Fitting model...
2025-05-10 10:19:02,069 - INFO - Saved weights to /s/ls4/users/selibrin/spiking_researches/correlation_encoding_and_training/mnist/hpo/shifted_stdp_synapse/hpo_data/hpo_iteration_data/4339489/estimator_1_neuron_7_weights.npy
2025-05-10 10:19:02,069 - INFO - Evaluating model...
2025-05-10 10:21:19,954 - INFO - Saved validation outputs to /s/ls4/users/selibrin/spiking_researches/correlation_encoding_and_training/mnist/hpo/shifted_stdp_synapse/hpo_data/hpo_iteration_data/4339489/estimator_1_neuron_7_validation_outputs.npy
2025-05-10 10:21:19,954 - INFO - Waiting for parameters file: /s/ls4/users/selibrin/spiking_researches/correlation_encoding_and_training/mnist/hpo/shifted_stdp_synapse/hpo_data/hpo_iteration_data/4339489/params_1_7.pkl
2025-05-10 10:21:44,985 - INFO - Loaded HPO parameters
2025-05-10 10:21:44,985 - INFO - Preparing datasets...
2025-05-10 10:21:48,134 - INFO - Prepared datasets: 295 train & 1000 validation samples
2025-05-10 10:21:48,142 - INFO - Initializing model...
2025-05-10 10:21:48,144 - INFO - Fitting model...
2025-05-10 10:22:36,284 - INFO - Saved weights to /s/ls4/users/selibrin/spiking_researches/correlation_encoding_and_training/mnist/hpo/shifted_stdp_synapse/hpo_data/hpo_iteration_data/4339489/estimator_1_neuron_7_weights.npy
2025-05-10 10:22:36,284 - INFO - Evaluating model...
2025-05-10 10:24:53,891 - INFO - Saved validation outputs to /s/ls4/users/selibrin/spiking_researches/correlation_encoding_and_training/mnist/hpo/shifted_stdp_synapse/hpo_data/hpo_iteration_data/4339489/estimator_1_neuron_7_validation_outputs.npy
2025-05-10 10:24:53,892 - INFO - Waiting for parameters file: /s/ls4/users/selibrin/spiking_researches/correlation_encoding_and_training/mnist/hpo/shifted_stdp_synapse/hpo_data/hpo_iteration_data/4339489/params_1_7.pkl
2025-05-10 10:25:18,922 - INFO - Loaded HPO parameters
2025-05-10 10:25:18,922 - INFO - Preparing datasets...
2025-05-10 10:25:22,084 - INFO - Prepared datasets: 295 train & 1000 validation samples
2025-05-10 10:25:22,085 - INFO - Initializing model...
2025-05-10 10:25:22,087 - INFO - Fitting model...
2025-05-10 10:26:09,848 - INFO - Saved weights to /s/ls4/users/selibrin/spiking_researches/correlation_encoding_and_training/mnist/hpo/shifted_stdp_synapse/hpo_data/hpo_iteration_data/4339489/estimator_1_neuron_7_weights.npy
2025-05-10 10:26:09,848 - INFO - Evaluating model...
2025-05-10 10:28:26,400 - INFO - Saved validation outputs to /s/ls4/users/selibrin/spiking_researches/correlation_encoding_and_training/mnist/hpo/shifted_stdp_synapse/hpo_data/hpo_iteration_data/4339489/estimator_1_neuron_7_validation_outputs.npy
2025-05-10 10:28:26,401 - INFO - Waiting for parameters file: /s/ls4/users/selibrin/spiking_researches/correlation_encoding_and_training/mnist/hpo/shifted_stdp_synapse/hpo_data/hpo_iteration_data/4339489/params_1_7.pkl
2025-05-10 10:28:51,432 - INFO - Loaded HPO parameters
2025-05-10 10:28:51,432 - INFO - Preparing datasets...
2025-05-10 10:28:54,556 - INFO - Prepared datasets: 295 train & 1000 validation samples
2025-05-10 10:28:54,557 - INFO - Initializing model...
2025-05-10 10:28:54,559 - INFO - Fitting model...
2025-05-10 10:29:42,600 - INFO - Saved weights to /s/ls4/users/selibrin/spiking_researches/correlation_encoding_and_training/mnist/hpo/shifted_stdp_synapse/hpo_data/hpo_iteration_data/4339489/estimator_1_neuron_7_weights.npy
2025-05-10 10:29:42,600 - INFO - Evaluating model...
2025-05-10 10:31:59,165 - INFO - Saved validation outputs to /s/ls4/users/selibrin/spiking_researches/correlation_encoding_and_training/mnist/hpo/shifted_stdp_synapse/hpo_data/hpo_iteration_data/4339489/estimator_1_neuron_7_validation_outputs.npy
2025-05-10 10:31:59,165 - INFO - Waiting for parameters file: /s/ls4/users/selibrin/spiking_researches/correlation_encoding_and_training/mnist/hpo/shifted_stdp_synapse/hpo_data/hpo_iteration_data/4339489/params_1_7.pkl
2025-05-10 10:32:24,197 - INFO - Loaded HPO parameters
2025-05-10 10:32:24,197 - INFO - Preparing datasets...
2025-05-10 10:32:27,339 - INFO - Prepared datasets: 295 train & 1000 validation samples
2025-05-10 10:32:27,339 - INFO - Initializing model...
2025-05-10 10:32:27,341 - INFO - Fitting model...
2025-05-10 10:33:15,333 - INFO - Saved weights to /s/ls4/users/selibrin/spiking_researches/correlation_encoding_and_training/mnist/hpo/shifted_stdp_synapse/hpo_data/hpo_iteration_data/4339489/estimator_1_neuron_7_weights.npy
2025-05-10 10:33:15,333 - INFO - Evaluating model...
2025-05-10 10:35:33,194 - INFO - Saved validation outputs to /s/ls4/users/selibrin/spiking_researches/correlation_encoding_and_training/mnist/hpo/shifted_stdp_synapse/hpo_data/hpo_iteration_data/4339489/estimator_1_neuron_7_validation_outputs.npy
2025-05-10 10:35:33,194 - INFO - Waiting for parameters file: /s/ls4/users/selibrin/spiking_researches/correlation_encoding_and_training/mnist/hpo/shifted_stdp_synapse/hpo_data/hpo_iteration_data/4339489/params_1_7.pkl
2025-05-10 10:35:58,226 - INFO - Loaded HPO parameters
2025-05-10 10:35:58,226 - INFO - Preparing datasets...
2025-05-10 10:36:01,528 - INFO - Prepared datasets: 1180 train & 1000 validation samples
2025-05-10 10:36:01,535 - INFO - Initializing model...
2025-05-10 10:36:01,538 - INFO - Fitting model...
2025-05-10 10:39:33,873 - INFO - Saved weights to /s/ls4/users/selibrin/spiking_researches/correlation_encoding_and_training/mnist/hpo/shifted_stdp_synapse/hpo_data/hpo_iteration_data/4339489/estimator_1_neuron_7_weights.npy
2025-05-10 10:39:33,873 - INFO - Evaluating model...
2025-05-10 10:41:53,128 - INFO - Saved validation outputs to /s/ls4/users/selibrin/spiking_researches/correlation_encoding_and_training/mnist/hpo/shifted_stdp_synapse/hpo_data/hpo_iteration_data/4339489/estimator_1_neuron_7_validation_outputs.npy
2025-05-10 10:41:53,128 - INFO - Waiting for parameters file: /s/ls4/users/selibrin/spiking_researches/correlation_encoding_and_training/mnist/hpo/shifted_stdp_synapse/hpo_data/hpo_iteration_data/4339489/params_1_7.pkl
2025-05-10 10:42:33,174 - INFO - Loaded HPO parameters
2025-05-10 10:42:33,174 - INFO - Preparing datasets...
2025-05-10 10:42:36,333 - INFO - Prepared datasets: 295 train & 1000 validation samples
2025-05-10 10:42:36,334 - INFO - Initializing model...
2025-05-10 10:42:36,336 - INFO - Fitting model...
2025-05-10 10:43:21,220 - INFO - Saved weights to /s/ls4/users/selibrin/spiking_researches/correlation_encoding_and_training/mnist/hpo/shifted_stdp_synapse/hpo_data/hpo_iteration_data/4339489/estimator_1_neuron_7_weights.npy
2025-05-10 10:43:21,221 - INFO - Evaluating model...
2025-05-10 10:45:36,065 - INFO - Saved validation outputs to /s/ls4/users/selibrin/spiking_researches/correlation_encoding_and_training/mnist/hpo/shifted_stdp_synapse/hpo_data/hpo_iteration_data/4339489/estimator_1_neuron_7_validation_outputs.npy
2025-05-10 10:45:36,065 - INFO - Waiting for parameters file: /s/ls4/users/selibrin/spiking_researches/correlation_encoding_and_training/mnist/hpo/shifted_stdp_synapse/hpo_data/hpo_iteration_data/4339489/params_1_7.pkl
2025-05-10 10:46:06,103 - INFO - Loaded HPO parameters
2025-05-10 10:46:06,103 - INFO - Preparing datasets...
2025-05-10 10:46:09,513 - INFO - Prepared datasets: 295 train & 1000 validation samples
2025-05-10 10:46:09,514 - INFO - Initializing model...
2025-05-10 10:46:09,516 - INFO - Fitting model...
2025-05-10 10:46:55,388 - INFO - Saved weights to /s/ls4/users/selibrin/spiking_researches/correlation_encoding_and_training/mnist/hpo/shifted_stdp_synapse/hpo_data/hpo_iteration_data/4339489/estimator_1_neuron_7_weights.npy
2025-05-10 10:46:55,389 - INFO - Evaluating model...
2025-05-10 10:49:10,659 - INFO - Saved validation outputs to /s/ls4/users/selibrin/spiking_researches/correlation_encoding_and_training/mnist/hpo/shifted_stdp_synapse/hpo_data/hpo_iteration_data/4339489/estimator_1_neuron_7_validation_outputs.npy
2025-05-10 10:49:10,659 - INFO - Waiting for parameters file: /s/ls4/users/selibrin/spiking_researches/correlation_encoding_and_training/mnist/hpo/shifted_stdp_synapse/hpo_data/hpo_iteration_data/4339489/params_1_7.pkl
2025-05-10 10:49:40,696 - INFO - Loaded HPO parameters
2025-05-10 10:49:40,696 - INFO - Preparing datasets...
2025-05-10 10:49:44,091 - INFO - Prepared datasets: 295 train & 1000 validation samples
2025-05-10 10:49:44,092 - INFO - Initializing model...
2025-05-10 10:49:44,094 - INFO - Fitting model...
2025-05-10 10:50:43,462 - INFO - Saved weights to /s/ls4/users/selibrin/spiking_researches/correlation_encoding_and_training/mnist/hpo/shifted_stdp_synapse/hpo_data/hpo_iteration_data/4339489/estimator_1_neuron_7_weights.npy
2025-05-10 10:50:43,463 - INFO - Evaluating model...
2025-05-10 10:53:05,084 - INFO - Saved validation outputs to /s/ls4/users/selibrin/spiking_researches/correlation_encoding_and_training/mnist/hpo/shifted_stdp_synapse/hpo_data/hpo_iteration_data/4339489/estimator_1_neuron_7_validation_outputs.npy
2025-05-10 10:53:05,084 - INFO - Waiting for parameters file: /s/ls4/users/selibrin/spiking_researches/correlation_encoding_and_training/mnist/hpo/shifted_stdp_synapse/hpo_data/hpo_iteration_data/4339489/params_1_7.pkl
2025-05-10 10:53:15,099 - INFO - Loaded HPO parameters
2025-05-10 10:53:15,099 - INFO - Preparing datasets...
2025-05-10 10:53:18,272 - INFO - Prepared datasets: 295 train & 1000 validation samples
2025-05-10 10:53:18,272 - INFO - Initializing model...
2025-05-10 10:53:18,274 - INFO - Fitting model...
2025-05-10 10:54:08,605 - INFO - Saved weights to /s/ls4/users/selibrin/spiking_researches/correlation_encoding_and_training/mnist/hpo/shifted_stdp_synapse/hpo_data/hpo_iteration_data/4339489/estimator_1_neuron_7_weights.npy
2025-05-10 10:54:08,605 - INFO - Evaluating model...
2025-05-10 10:56:25,954 - INFO - Saved validation outputs to /s/ls4/users/selibrin/spiking_researches/correlation_encoding_and_training/mnist/hpo/shifted_stdp_synapse/hpo_data/hpo_iteration_data/4339489/estimator_1_neuron_7_validation_outputs.npy
2025-05-10 10:56:25,954 - INFO - Waiting for parameters file: /s/ls4/users/selibrin/spiking_researches/correlation_encoding_and_training/mnist/hpo/shifted_stdp_synapse/hpo_data/hpo_iteration_data/4339489/params_1_7.pkl
2025-05-10 10:56:45,981 - INFO - Loaded HPO parameters
2025-05-10 10:56:45,981 - INFO - Preparing datasets...
2025-05-10 10:56:49,220 - INFO - Prepared datasets: 295 train & 1000 validation samples
2025-05-10 10:56:49,220 - INFO - Initializing model...
2025-05-10 10:56:49,227 - INFO - Fitting model...
2025-05-10 10:57:36,597 - INFO - Saved weights to /s/ls4/users/selibrin/spiking_researches/correlation_encoding_and_training/mnist/hpo/shifted_stdp_synapse/hpo_data/hpo_iteration_data/4339489/estimator_1_neuron_7_weights.npy
2025-05-10 10:57:36,597 - INFO - Evaluating model...
2025-05-10 10:59:51,398 - INFO - Saved validation outputs to /s/ls4/users/selibrin/spiking_researches/correlation_encoding_and_training/mnist/hpo/shifted_stdp_synapse/hpo_data/hpo_iteration_data/4339489/estimator_1_neuron_7_validation_outputs.npy
2025-05-10 10:59:51,398 - INFO - Waiting for parameters file: /s/ls4/users/selibrin/spiking_researches/correlation_encoding_and_training/mnist/hpo/shifted_stdp_synapse/hpo_data/hpo_iteration_data/4339489/params_1_7.pkl
2025-05-10 11:00:21,435 - INFO - Loaded HPO parameters
2025-05-10 11:00:21,435 - INFO - Preparing datasets...
2025-05-10 11:00:24,536 - INFO - Prepared datasets: 1180 train & 1000 validation samples
2025-05-10 11:00:24,541 - INFO - Initializing model...
2025-05-10 11:00:24,543 - INFO - Fitting model...
2025-05-10 11:03:28,618 - INFO - Saved weights to /s/ls4/users/selibrin/spiking_researches/correlation_encoding_and_training/mnist/hpo/shifted_stdp_synapse/hpo_data/hpo_iteration_data/4339489/estimator_1_neuron_7_weights.npy
2025-05-10 11:03:28,618 - INFO - Evaluating model...
2025-05-10 11:05:42,154 - INFO - Saved validation outputs to /s/ls4/users/selibrin/spiking_researches/correlation_encoding_and_training/mnist/hpo/shifted_stdp_synapse/hpo_data/hpo_iteration_data/4339489/estimator_1_neuron_7_validation_outputs.npy
2025-05-10 11:05:42,154 - INFO - Waiting for parameters file: /s/ls4/users/selibrin/spiking_researches/correlation_encoding_and_training/mnist/hpo/shifted_stdp_synapse/hpo_data/hpo_iteration_data/4339489/params_1_7.pkl
2025-05-10 11:06:27,206 - INFO - Loaded HPO parameters
2025-05-10 11:06:27,206 - INFO - Preparing datasets...
2025-05-10 11:06:30,425 - INFO - Prepared datasets: 295 train & 1000 validation samples
2025-05-10 11:06:30,432 - INFO - Initializing model...
2025-05-10 11:06:30,434 - INFO - Fitting model...
2025-05-10 11:07:18,960 - INFO - Saved weights to /s/ls4/users/selibrin/spiking_researches/correlation_encoding_and_training/mnist/hpo/shifted_stdp_synapse/hpo_data/hpo_iteration_data/4339489/estimator_1_neuron_7_weights.npy
2025-05-10 11:07:18,960 - INFO - Evaluating model...
2025-05-10 11:09:37,444 - INFO - Saved validation outputs to /s/ls4/users/selibrin/spiking_researches/correlation_encoding_and_training/mnist/hpo/shifted_stdp_synapse/hpo_data/hpo_iteration_data/4339489/estimator_1_neuron_7_validation_outputs.npy
2025-05-10 11:09:37,444 - INFO - Waiting for parameters file: /s/ls4/users/selibrin/spiking_researches/correlation_encoding_and_training/mnist/hpo/shifted_stdp_synapse/hpo_data/hpo_iteration_data/4339489/params_1_7.pkl
2025-05-10 11:09:57,470 - INFO - Loaded HPO parameters
2025-05-10 11:09:57,470 - INFO - Preparing datasets...
2025-05-10 11:10:00,649 - INFO - Prepared datasets: 590 train & 1000 validation samples
2025-05-10 11:10:00,649 - INFO - Initializing model...
2025-05-10 11:10:00,651 - INFO - Fitting model...
2025-05-10 11:11:47,363 - INFO - Saved weights to /s/ls4/users/selibrin/spiking_researches/correlation_encoding_and_training/mnist/hpo/shifted_stdp_synapse/hpo_data/hpo_iteration_data/4339489/estimator_1_neuron_7_weights.npy
2025-05-10 11:11:47,363 - INFO - Evaluating model...
2025-05-10 11:14:08,482 - INFO - Saved validation outputs to /s/ls4/users/selibrin/spiking_researches/correlation_encoding_and_training/mnist/hpo/shifted_stdp_synapse/hpo_data/hpo_iteration_data/4339489/estimator_1_neuron_7_validation_outputs.npy
2025-05-10 11:14:08,482 - INFO - Waiting for parameters file: /s/ls4/users/selibrin/spiking_researches/correlation_encoding_and_training/mnist/hpo/shifted_stdp_synapse/hpo_data/hpo_iteration_data/4339489/params_1_7.pkl
2025-05-10 11:14:33,512 - INFO - Loaded HPO parameters
2025-05-10 11:14:33,512 - INFO - Preparing datasets...
2025-05-10 11:14:36,498 - INFO - Prepared datasets: 295 train & 1000 validation samples
2025-05-10 11:14:36,507 - INFO - Initializing model...
2025-05-10 11:14:36,509 - INFO - Fitting model...
2025-05-10 11:15:21,135 - INFO - Saved weights to /s/ls4/users/selibrin/spiking_researches/correlation_encoding_and_training/mnist/hpo/shifted_stdp_synapse/hpo_data/hpo_iteration_data/4339489/estimator_1_neuron_7_weights.npy
2025-05-10 11:15:21,135 - INFO - Evaluating model...
2025-05-10 11:17:35,874 - INFO - Saved validation outputs to /s/ls4/users/selibrin/spiking_researches/correlation_encoding_and_training/mnist/hpo/shifted_stdp_synapse/hpo_data/hpo_iteration_data/4339489/estimator_1_neuron_7_validation_outputs.npy
2025-05-10 11:17:35,874 - INFO - Waiting for parameters file: /s/ls4/users/selibrin/spiking_researches/correlation_encoding_and_training/mnist/hpo/shifted_stdp_synapse/hpo_data/hpo_iteration_data/4339489/params_1_7.pkl
2025-05-10 11:18:05,908 - INFO - Loaded HPO parameters
2025-05-10 11:18:05,909 - INFO - Preparing datasets...
2025-05-10 11:18:09,210 - INFO - Prepared datasets: 295 train & 1000 validation samples
2025-05-10 11:18:09,211 - INFO - Initializing model...
2025-05-10 11:18:09,213 - INFO - Fitting model...
2025-05-10 11:19:09,143 - INFO - Saved weights to /s/ls4/users/selibrin/spiking_researches/correlation_encoding_and_training/mnist/hpo/shifted_stdp_synapse/hpo_data/hpo_iteration_data/4339489/estimator_1_neuron_7_weights.npy
2025-05-10 11:19:09,144 - INFO - Evaluating model...
2025-05-10 11:21:33,036 - INFO - Saved validation outputs to /s/ls4/users/selibrin/spiking_researches/correlation_encoding_and_training/mnist/hpo/shifted_stdp_synapse/hpo_data/hpo_iteration_data/4339489/estimator_1_neuron_7_validation_outputs.npy
2025-05-10 11:21:33,036 - INFO - Waiting for parameters file: /s/ls4/users/selibrin/spiking_researches/correlation_encoding_and_training/mnist/hpo/shifted_stdp_synapse/hpo_data/hpo_iteration_data/4339489/params_1_7.pkl
2025-05-10 11:22:08,077 - INFO - Loaded HPO parameters
2025-05-10 11:22:08,077 - INFO - Preparing datasets...
2025-05-10 11:22:11,376 - INFO - Prepared datasets: 295 train & 1000 validation samples
2025-05-10 11:22:11,385 - INFO - Initializing model...
2025-05-10 11:22:11,389 - INFO - Fitting model...
2025-05-10 11:22:56,884 - INFO - Saved weights to /s/ls4/users/selibrin/spiking_researches/correlation_encoding_and_training/mnist/hpo/shifted_stdp_synapse/hpo_data/hpo_iteration_data/4339489/estimator_1_neuron_7_weights.npy
2025-05-10 11:22:56,884 - INFO - Evaluating model...
2025-05-10 11:25:09,844 - INFO - Saved validation outputs to /s/ls4/users/selibrin/spiking_researches/correlation_encoding_and_training/mnist/hpo/shifted_stdp_synapse/hpo_data/hpo_iteration_data/4339489/estimator_1_neuron_7_validation_outputs.npy
2025-05-10 11:25:09,844 - INFO - Waiting for parameters file: /s/ls4/users/selibrin/spiking_researches/correlation_encoding_and_training/mnist/hpo/shifted_stdp_synapse/hpo_data/hpo_iteration_data/4339489/params_1_7.pkl
2025-05-10 11:25:39,881 - INFO - Loaded HPO parameters
2025-05-10 11:25:39,881 - INFO - Preparing datasets...
2025-05-10 11:25:43,045 - INFO - Prepared datasets: 295 train & 1000 validation samples
2025-05-10 11:25:43,046 - INFO - Initializing model...
2025-05-10 11:25:43,048 - INFO - Fitting model...
2025-05-10 11:26:33,151 - INFO - Saved weights to /s/ls4/users/selibrin/spiking_researches/correlation_encoding_and_training/mnist/hpo/shifted_stdp_synapse/hpo_data/hpo_iteration_data/4339489/estimator_1_neuron_7_weights.npy
2025-05-10 11:26:33,151 - INFO - Evaluating model...
2025-05-10 11:28:51,599 - INFO - Saved validation outputs to /s/ls4/users/selibrin/spiking_researches/correlation_encoding_and_training/mnist/hpo/shifted_stdp_synapse/hpo_data/hpo_iteration_data/4339489/estimator_1_neuron_7_validation_outputs.npy
2025-05-10 11:28:51,599 - INFO - Waiting for parameters file: /s/ls4/users/selibrin/spiking_researches/correlation_encoding_and_training/mnist/hpo/shifted_stdp_synapse/hpo_data/hpo_iteration_data/4339489/params_1_7.pkl
2025-05-10 11:29:16,630 - INFO - Loaded HPO parameters
2025-05-10 11:29:16,630 - INFO - Preparing datasets...
2025-05-10 11:29:19,950 - INFO - Prepared datasets: 1180 train & 1000 validation samples
2025-05-10 11:29:19,959 - INFO - Initializing model...
2025-05-10 11:29:19,962 - INFO - Fitting model...
2025-05-10 11:32:17,799 - INFO - Saved weights to /s/ls4/users/selibrin/spiking_researches/correlation_encoding_and_training/mnist/hpo/shifted_stdp_synapse/hpo_data/hpo_iteration_data/4339489/estimator_1_neuron_7_weights.npy
2025-05-10 11:32:17,799 - INFO - Evaluating model...
2025-05-10 11:34:34,172 - INFO - Saved validation outputs to /s/ls4/users/selibrin/spiking_researches/correlation_encoding_and_training/mnist/hpo/shifted_stdp_synapse/hpo_data/hpo_iteration_data/4339489/estimator_1_neuron_7_validation_outputs.npy
2025-05-10 11:34:34,172 - INFO - Waiting for parameters file: /s/ls4/users/selibrin/spiking_researches/correlation_encoding_and_training/mnist/hpo/shifted_stdp_synapse/hpo_data/hpo_iteration_data/4339489/params_1_7.pkl
2025-05-10 11:34:49,187 - INFO - Loaded HPO parameters
2025-05-10 11:34:49,187 - INFO - Preparing datasets...
2025-05-10 11:34:52,335 - INFO - Prepared datasets: 295 train & 1000 validation samples
2025-05-10 11:34:52,335 - INFO - Initializing model...
2025-05-10 11:34:52,337 - INFO - Fitting model...
2025-05-10 11:35:37,697 - INFO - Saved weights to /s/ls4/users/selibrin/spiking_researches/correlation_encoding_and_training/mnist/hpo/shifted_stdp_synapse/hpo_data/hpo_iteration_data/4339489/estimator_1_neuron_7_weights.npy
2025-05-10 11:35:37,697 - INFO - Evaluating model...
2025-05-10 11:37:54,568 - INFO - Saved validation outputs to /s/ls4/users/selibrin/spiking_researches/correlation_encoding_and_training/mnist/hpo/shifted_stdp_synapse/hpo_data/hpo_iteration_data/4339489/estimator_1_neuron_7_validation_outputs.npy
2025-05-10 11:37:54,568 - INFO - Waiting for parameters file: /s/ls4/users/selibrin/spiking_researches/correlation_encoding_and_training/mnist/hpo/shifted_stdp_synapse/hpo_data/hpo_iteration_data/4339489/params_1_7.pkl
2025-05-10 11:38:19,599 - INFO - Loaded HPO parameters
2025-05-10 11:38:19,599 - INFO - Preparing datasets...
2025-05-10 11:38:22,804 - INFO - Prepared datasets: 590 train & 1000 validation samples
2025-05-10 11:38:22,805 - INFO - Initializing model...
2025-05-10 11:38:22,807 - INFO - Fitting model...
2025-05-10 11:39:54,793 - INFO - Saved weights to /s/ls4/users/selibrin/spiking_researches/correlation_encoding_and_training/mnist/hpo/shifted_stdp_synapse/hpo_data/hpo_iteration_data/4339489/estimator_1_neuron_7_weights.npy
2025-05-10 11:39:54,793 - INFO - Evaluating model...
2025-05-10 11:42:10,796 - INFO - Saved validation outputs to /s/ls4/users/selibrin/spiking_researches/correlation_encoding_and_training/mnist/hpo/shifted_stdp_synapse/hpo_data/hpo_iteration_data/4339489/estimator_1_neuron_7_validation_outputs.npy
2025-05-10 11:42:10,796 - INFO - Waiting for parameters file: /s/ls4/users/selibrin/spiking_researches/correlation_encoding_and_training/mnist/hpo/shifted_stdp_synapse/hpo_data/hpo_iteration_data/4339489/params_1_7.pkl
2025-05-10 11:42:25,816 - INFO - Loaded HPO parameters
2025-05-10 11:42:25,816 - INFO - Preparing datasets...
2025-05-10 11:42:28,800 - INFO - Prepared datasets: 295 train & 1000 validation samples
2025-05-10 11:42:28,800 - INFO - Initializing model...
2025-05-10 11:42:28,802 - INFO - Fitting model...
2025-05-10 11:43:16,957 - INFO - Saved weights to /s/ls4/users/selibrin/spiking_researches/correlation_encoding_and_training/mnist/hpo/shifted_stdp_synapse/hpo_data/hpo_iteration_data/4339489/estimator_1_neuron_7_weights.npy
2025-05-10 11:43:16,957 - INFO - Evaluating model...
2025-05-10 11:45:35,391 - INFO - Saved validation outputs to /s/ls4/users/selibrin/spiking_researches/correlation_encoding_and_training/mnist/hpo/shifted_stdp_synapse/hpo_data/hpo_iteration_data/4339489/estimator_1_neuron_7_validation_outputs.npy
2025-05-10 11:45:35,391 - INFO - Waiting for parameters file: /s/ls4/users/selibrin/spiking_researches/correlation_encoding_and_training/mnist/hpo/shifted_stdp_synapse/hpo_data/hpo_iteration_data/4339489/params_1_7.pkl
2025-05-10 11:45:55,413 - INFO - Loaded HPO parameters
2025-05-10 11:45:55,413 - INFO - Preparing datasets...
2025-05-10 11:45:58,879 - INFO - Prepared datasets: 295 train & 1000 validation samples
2025-05-10 11:45:58,883 - INFO - Initializing model...
2025-05-10 11:45:58,886 - INFO - Fitting model...
2025-05-10 11:46:44,314 - INFO - Saved weights to /s/ls4/users/selibrin/spiking_researches/correlation_encoding_and_training/mnist/hpo/shifted_stdp_synapse/hpo_data/hpo_iteration_data/4339489/estimator_1_neuron_7_weights.npy
2025-05-10 11:46:44,314 - INFO - Evaluating model...
2025-05-10 11:48:59,059 - INFO - Saved validation outputs to /s/ls4/users/selibrin/spiking_researches/correlation_encoding_and_training/mnist/hpo/shifted_stdp_synapse/hpo_data/hpo_iteration_data/4339489/estimator_1_neuron_7_validation_outputs.npy
2025-05-10 11:48:59,059 - INFO - Waiting for parameters file: /s/ls4/users/selibrin/spiking_researches/correlation_encoding_and_training/mnist/hpo/shifted_stdp_synapse/hpo_data/hpo_iteration_data/4339489/params_1_7.pkl
2025-05-10 11:49:34,101 - INFO - Loaded HPO parameters
2025-05-10 11:49:34,101 - INFO - Preparing datasets...
2025-05-10 11:49:37,252 - INFO - Prepared datasets: 295 train & 1000 validation samples
2025-05-10 11:49:37,253 - INFO - Initializing model...
2025-05-10 11:49:37,255 - INFO - Fitting model...
2025-05-10 11:50:21,302 - INFO - Saved weights to /s/ls4/users/selibrin/spiking_researches/correlation_encoding_and_training/mnist/hpo/shifted_stdp_synapse/hpo_data/hpo_iteration_data/4339489/estimator_1_neuron_7_weights.npy
2025-05-10 11:50:21,302 - INFO - Evaluating model...
2025-05-10 11:52:34,947 - INFO - Saved validation outputs to /s/ls4/users/selibrin/spiking_researches/correlation_encoding_and_training/mnist/hpo/shifted_stdp_synapse/hpo_data/hpo_iteration_data/4339489/estimator_1_neuron_7_validation_outputs.npy
2025-05-10 11:52:34,947 - INFO - Waiting for parameters file: /s/ls4/users/selibrin/spiking_researches/correlation_encoding_and_training/mnist/hpo/shifted_stdp_synapse/hpo_data/hpo_iteration_data/4339489/params_1_7.pkl
2025-05-10 11:53:04,983 - INFO - Loaded HPO parameters
2025-05-10 11:53:04,984 - INFO - Preparing datasets...
2025-05-10 11:53:08,190 - INFO - Prepared datasets: 295 train & 1000 validation samples
2025-05-10 11:53:08,196 - INFO - Initializing model...
2025-05-10 11:53:08,198 - INFO - Fitting model...
2025-05-10 11:53:53,710 - INFO - Saved weights to /s/ls4/users/selibrin/spiking_researches/correlation_encoding_and_training/mnist/hpo/shifted_stdp_synapse/hpo_data/hpo_iteration_data/4339489/estimator_1_neuron_7_weights.npy
2025-05-10 11:53:53,710 - INFO - Evaluating model...
2025-05-10 11:56:09,513 - INFO - Saved validation outputs to /s/ls4/users/selibrin/spiking_researches/correlation_encoding_and_training/mnist/hpo/shifted_stdp_synapse/hpo_data/hpo_iteration_data/4339489/estimator_1_neuron_7_validation_outputs.npy
2025-05-10 11:56:09,514 - INFO - Waiting for parameters file: /s/ls4/users/selibrin/spiking_researches/correlation_encoding_and_training/mnist/hpo/shifted_stdp_synapse/hpo_data/hpo_iteration_data/4339489/params_1_7.pkl
2025-05-10 11:56:39,567 - INFO - Loaded HPO parameters
2025-05-10 11:56:39,567 - INFO - Preparing datasets...
2025-05-10 11:56:42,743 - INFO - Prepared datasets: 1180 train & 1000 validation samples
2025-05-10 11:56:42,744 - INFO - Initializing model...
2025-05-10 11:56:42,746 - INFO - Fitting model...
2025-05-10 11:59:43,153 - INFO - Saved weights to /s/ls4/users/selibrin/spiking_researches/correlation_encoding_and_training/mnist/hpo/shifted_stdp_synapse/hpo_data/hpo_iteration_data/4339489/estimator_1_neuron_7_weights.npy
2025-05-10 11:59:43,153 - INFO - Evaluating model...
2025-05-10 12:01:59,096 - INFO - Saved validation outputs to /s/ls4/users/selibrin/spiking_researches/correlation_encoding_and_training/mnist/hpo/shifted_stdp_synapse/hpo_data/hpo_iteration_data/4339489/estimator_1_neuron_7_validation_outputs.npy
2025-05-10 12:01:59,096 - INFO - Waiting for parameters file: /s/ls4/users/selibrin/spiking_researches/correlation_encoding_and_training/mnist/hpo/shifted_stdp_synapse/hpo_data/hpo_iteration_data/4339489/params_1_7.pkl
2025-05-10 12:02:14,116 - INFO - Loaded HPO parameters
2025-05-10 12:02:14,116 - INFO - Preparing datasets...
2025-05-10 12:02:17,256 - INFO - Prepared datasets: 590 train & 1000 validation samples
2025-05-10 12:02:17,261 - INFO - Initializing model...
2025-05-10 12:02:17,263 - INFO - Fitting model...
2025-05-10 12:03:47,664 - INFO - Saved weights to /s/ls4/users/selibrin/spiking_researches/correlation_encoding_and_training/mnist/hpo/shifted_stdp_synapse/hpo_data/hpo_iteration_data/4339489/estimator_1_neuron_7_weights.npy
2025-05-10 12:03:47,664 - INFO - Evaluating model...
2025-05-10 12:06:03,679 - INFO - Saved validation outputs to /s/ls4/users/selibrin/spiking_researches/correlation_encoding_and_training/mnist/hpo/shifted_stdp_synapse/hpo_data/hpo_iteration_data/4339489/estimator_1_neuron_7_validation_outputs.npy
2025-05-10 12:06:03,679 - INFO - Waiting for parameters file: /s/ls4/users/selibrin/spiking_researches/correlation_encoding_and_training/mnist/hpo/shifted_stdp_synapse/hpo_data/hpo_iteration_data/4339489/params_1_7.pkl
2025-05-10 12:06:18,699 - INFO - Loaded HPO parameters
2025-05-10 12:06:18,699 - INFO - Preparing datasets...
2025-05-10 12:06:21,812 - INFO - Prepared datasets: 295 train & 1000 validation samples
2025-05-10 12:06:21,812 - INFO - Initializing model...
2025-05-10 12:06:21,814 - INFO - Fitting model...
2025-05-10 12:07:06,795 - INFO - Saved weights to /s/ls4/users/selibrin/spiking_researches/correlation_encoding_and_training/mnist/hpo/shifted_stdp_synapse/hpo_data/hpo_iteration_data/4339489/estimator_1_neuron_7_weights.npy
2025-05-10 12:07:06,795 - INFO - Evaluating model...
2025-05-10 12:09:22,986 - INFO - Saved validation outputs to /s/ls4/users/selibrin/spiking_researches/correlation_encoding_and_training/mnist/hpo/shifted_stdp_synapse/hpo_data/hpo_iteration_data/4339489/estimator_1_neuron_7_validation_outputs.npy
2025-05-10 12:09:22,986 - INFO - Waiting for parameters file: /s/ls4/users/selibrin/spiking_researches/correlation_encoding_and_training/mnist/hpo/shifted_stdp_synapse/hpo_data/hpo_iteration_data/4339489/params_1_7.pkl
2025-05-10 12:09:53,021 - INFO - Loaded HPO parameters
2025-05-10 12:09:53,021 - INFO - Preparing datasets...
2025-05-10 12:09:56,258 - INFO - Prepared datasets: 295 train & 1000 validation samples
2025-05-10 12:09:56,262 - INFO - Initializing model...
2025-05-10 12:09:56,264 - INFO - Fitting model...
2025-05-10 12:10:41,076 - INFO - Saved weights to /s/ls4/users/selibrin/spiking_researches/correlation_encoding_and_training/mnist/hpo/shifted_stdp_synapse/hpo_data/hpo_iteration_data/4339489/estimator_1_neuron_7_weights.npy
2025-05-10 12:10:41,076 - INFO - Evaluating model...
2025-05-10 12:12:56,101 - INFO - Saved validation outputs to /s/ls4/users/selibrin/spiking_researches/correlation_encoding_and_training/mnist/hpo/shifted_stdp_synapse/hpo_data/hpo_iteration_data/4339489/estimator_1_neuron_7_validation_outputs.npy
2025-05-10 12:12:56,101 - INFO - Waiting for parameters file: /s/ls4/users/selibrin/spiking_researches/correlation_encoding_and_training/mnist/hpo/shifted_stdp_synapse/hpo_data/hpo_iteration_data/4339489/params_1_7.pkl
2025-05-10 12:13:26,137 - INFO - Loaded HPO parameters
2025-05-10 12:13:26,137 - INFO - Preparing datasets...
2025-05-10 12:13:29,312 - INFO - Prepared datasets: 295 train & 1000 validation samples
2025-05-10 12:13:29,312 - INFO - Initializing model...
2025-05-10 12:13:29,314 - INFO - Fitting model...
2025-05-10 12:14:14,092 - INFO - Saved weights to /s/ls4/users/selibrin/spiking_researches/correlation_encoding_and_training/mnist/hpo/shifted_stdp_synapse/hpo_data/hpo_iteration_data/4339489/estimator_1_neuron_7_weights.npy
2025-05-10 12:14:14,092 - INFO - Evaluating model...
2025-05-10 12:16:28,758 - INFO - Saved validation outputs to /s/ls4/users/selibrin/spiking_researches/correlation_encoding_and_training/mnist/hpo/shifted_stdp_synapse/hpo_data/hpo_iteration_data/4339489/estimator_1_neuron_7_validation_outputs.npy
2025-05-10 12:16:28,759 - INFO - Waiting for parameters file: /s/ls4/users/selibrin/spiking_researches/correlation_encoding_and_training/mnist/hpo/shifted_stdp_synapse/hpo_data/hpo_iteration_data/4339489/params_1_7.pkl
2025-05-10 12:16:58,796 - INFO - Loaded HPO parameters
2025-05-10 12:16:58,796 - INFO - Preparing datasets...
2025-05-10 12:17:02,085 - INFO - Prepared datasets: 295 train & 1000 validation samples
2025-05-10 12:17:02,090 - INFO - Initializing model...
2025-05-10 12:17:02,092 - INFO - Fitting model...
2025-05-10 12:17:47,695 - INFO - Saved weights to /s/ls4/users/selibrin/spiking_researches/correlation_encoding_and_training/mnist/hpo/shifted_stdp_synapse/hpo_data/hpo_iteration_data/4339489/estimator_1_neuron_7_weights.npy
2025-05-10 12:17:47,695 - INFO - Evaluating model...
2025-05-10 12:20:03,803 - INFO - Saved validation outputs to /s/ls4/users/selibrin/spiking_researches/correlation_encoding_and_training/mnist/hpo/shifted_stdp_synapse/hpo_data/hpo_iteration_data/4339489/estimator_1_neuron_7_validation_outputs.npy
2025-05-10 12:20:03,803 - INFO - Waiting for parameters file: /s/ls4/users/selibrin/spiking_researches/correlation_encoding_and_training/mnist/hpo/shifted_stdp_synapse/hpo_data/hpo_iteration_data/4339489/params_1_7.pkl
2025-05-10 12:20:38,842 - INFO - Loaded HPO parameters
2025-05-10 12:20:38,843 - INFO - Preparing datasets...
2025-05-10 12:20:42,420 - INFO - Prepared datasets: 295 train & 1000 validation samples
2025-05-10 12:20:42,420 - INFO - Initializing model...
2025-05-10 12:20:42,422 - INFO - Fitting model...
2025-05-10 12:21:27,760 - INFO - Saved weights to /s/ls4/users/selibrin/spiking_researches/correlation_encoding_and_training/mnist/hpo/shifted_stdp_synapse/hpo_data/hpo_iteration_data/4339489/estimator_1_neuron_7_weights.npy
2025-05-10 12:21:27,760 - INFO - Evaluating model...
2025-05-10 12:23:43,717 - INFO - Saved validation outputs to /s/ls4/users/selibrin/spiking_researches/correlation_encoding_and_training/mnist/hpo/shifted_stdp_synapse/hpo_data/hpo_iteration_data/4339489/estimator_1_neuron_7_validation_outputs.npy
2025-05-10 12:23:43,717 - INFO - Waiting for parameters file: /s/ls4/users/selibrin/spiking_researches/correlation_encoding_and_training/mnist/hpo/shifted_stdp_synapse/hpo_data/hpo_iteration_data/4339489/params_1_7.pkl
2025-05-10 12:24:13,753 - INFO - Loaded HPO parameters
2025-05-10 12:24:13,753 - INFO - Preparing datasets...
2025-05-10 12:24:16,956 - INFO - Prepared datasets: 1180 train & 1000 validation samples
2025-05-10 12:24:16,961 - INFO - Initializing model...
2025-05-10 12:24:16,963 - INFO - Fitting model...
2025-05-10 12:27:17,621 - INFO - Saved weights to /s/ls4/users/selibrin/spiking_researches/correlation_encoding_and_training/mnist/hpo/shifted_stdp_synapse/hpo_data/hpo_iteration_data/4339489/estimator_1_neuron_7_weights.npy
2025-05-10 12:27:17,621 - INFO - Evaluating model...
2025-05-10 12:29:33,239 - INFO - Saved validation outputs to /s/ls4/users/selibrin/spiking_researches/correlation_encoding_and_training/mnist/hpo/shifted_stdp_synapse/hpo_data/hpo_iteration_data/4339489/estimator_1_neuron_7_validation_outputs.npy
2025-05-10 12:29:33,239 - INFO - Waiting for parameters file: /s/ls4/users/selibrin/spiking_researches/correlation_encoding_and_training/mnist/hpo/shifted_stdp_synapse/hpo_data/hpo_iteration_data/4339489/params_1_7.pkl
2025-05-10 12:29:53,263 - INFO - Loaded HPO parameters
2025-05-10 12:29:53,264 - INFO - Preparing datasets...
2025-05-10 12:29:56,384 - INFO - Prepared datasets: 590 train & 1000 validation samples
2025-05-10 12:29:56,385 - INFO - Initializing model...
2025-05-10 12:29:56,387 - INFO - Fitting model...
2025-05-10 12:31:25,319 - INFO - Saved weights to /s/ls4/users/selibrin/spiking_researches/correlation_encoding_and_training/mnist/hpo/shifted_stdp_synapse/hpo_data/hpo_iteration_data/4339489/estimator_1_neuron_7_weights.npy
2025-05-10 12:31:25,319 - INFO - Evaluating model...
2025-05-10 12:33:40,167 - INFO - Saved validation outputs to /s/ls4/users/selibrin/spiking_researches/correlation_encoding_and_training/mnist/hpo/shifted_stdp_synapse/hpo_data/hpo_iteration_data/4339489/estimator_1_neuron_7_validation_outputs.npy
2025-05-10 12:33:40,167 - INFO - Waiting for parameters file: /s/ls4/users/selibrin/spiking_researches/correlation_encoding_and_training/mnist/hpo/shifted_stdp_synapse/hpo_data/hpo_iteration_data/4339489/params_1_7.pkl
2025-05-10 12:34:25,219 - INFO - Loaded HPO parameters
2025-05-10 12:34:25,219 - INFO - Preparing datasets...
2025-05-10 12:34:28,286 - INFO - Prepared datasets: 295 train & 1000 validation samples
2025-05-10 12:34:28,290 - INFO - Initializing model...
2025-05-10 12:34:28,306 - INFO - Fitting model...
2025-05-10 12:35:21,765 - INFO - Saved weights to /s/ls4/users/selibrin/spiking_researches/correlation_encoding_and_training/mnist/hpo/shifted_stdp_synapse/hpo_data/hpo_iteration_data/4339489/estimator_1_neuron_7_weights.npy
2025-05-10 12:35:21,765 - INFO - Evaluating model...
2025-05-10 12:37:40,225 - INFO - Saved validation outputs to /s/ls4/users/selibrin/spiking_researches/correlation_encoding_and_training/mnist/hpo/shifted_stdp_synapse/hpo_data/hpo_iteration_data/4339489/estimator_1_neuron_7_validation_outputs.npy
2025-05-10 12:37:40,226 - INFO - Waiting for parameters file: /s/ls4/users/selibrin/spiking_researches/correlation_encoding_and_training/mnist/hpo/shifted_stdp_synapse/hpo_data/hpo_iteration_data/4339489/params_1_7.pkl
2025-05-10 12:38:05,259 - INFO - Loaded HPO parameters
2025-05-10 12:38:05,259 - INFO - Preparing datasets...
2025-05-10 12:38:08,423 - INFO - Prepared datasets: 295 train & 1000 validation samples
2025-05-10 12:38:08,424 - INFO - Initializing model...
2025-05-10 12:38:08,426 - INFO - Fitting model...
2025-05-10 12:38:52,601 - INFO - Saved weights to /s/ls4/users/selibrin/spiking_researches/correlation_encoding_and_training/mnist/hpo/shifted_stdp_synapse/hpo_data/hpo_iteration_data/4339489/estimator_1_neuron_7_weights.npy
2025-05-10 12:38:52,601 - INFO - Evaluating model...
2025-05-10 12:41:06,612 - INFO - Saved validation outputs to /s/ls4/users/selibrin/spiking_researches/correlation_encoding_and_training/mnist/hpo/shifted_stdp_synapse/hpo_data/hpo_iteration_data/4339489/estimator_1_neuron_7_validation_outputs.npy
2025-05-10 12:41:06,612 - INFO - Waiting for parameters file: /s/ls4/users/selibrin/spiking_researches/correlation_encoding_and_training/mnist/hpo/shifted_stdp_synapse/hpo_data/hpo_iteration_data/4339489/params_1_7.pkl
2025-05-10 12:41:41,654 - INFO - Loaded HPO parameters
2025-05-10 12:41:41,654 - INFO - Preparing datasets...
2025-05-10 12:41:44,799 - INFO - Prepared datasets: 295 train & 1000 validation samples
2025-05-10 12:41:44,804 - INFO - Initializing model...
2025-05-10 12:41:44,806 - INFO - Fitting model...
2025-05-10 12:42:30,535 - INFO - Saved weights to /s/ls4/users/selibrin/spiking_researches/correlation_encoding_and_training/mnist/hpo/shifted_stdp_synapse/hpo_data/hpo_iteration_data/4339489/estimator_1_neuron_7_weights.npy
2025-05-10 12:42:30,535 - INFO - Evaluating model...
2025-05-10 12:44:45,540 - INFO - Saved validation outputs to /s/ls4/users/selibrin/spiking_researches/correlation_encoding_and_training/mnist/hpo/shifted_stdp_synapse/hpo_data/hpo_iteration_data/4339489/estimator_1_neuron_7_validation_outputs.npy
2025-05-10 12:44:45,540 - INFO - Waiting for parameters file: /s/ls4/users/selibrin/spiking_researches/correlation_encoding_and_training/mnist/hpo/shifted_stdp_synapse/hpo_data/hpo_iteration_data/4339489/params_1_7.pkl
2025-05-10 12:45:15,577 - INFO - Loaded HPO parameters
2025-05-10 12:45:15,577 - INFO - Preparing datasets...
2025-05-10 12:45:18,765 - INFO - Prepared datasets: 295 train & 1000 validation samples
2025-05-10 12:45:18,765 - INFO - Initializing model...
2025-05-10 12:45:18,768 - INFO - Fitting model...
2025-05-10 12:46:04,605 - INFO - Saved weights to /s/ls4/users/selibrin/spiking_researches/correlation_encoding_and_training/mnist/hpo/shifted_stdp_synapse/hpo_data/hpo_iteration_data/4339489/estimator_1_neuron_7_weights.npy
2025-05-10 12:46:04,605 - INFO - Evaluating model...
2025-05-10 12:48:20,268 - INFO - Saved validation outputs to /s/ls4/users/selibrin/spiking_researches/correlation_encoding_and_training/mnist/hpo/shifted_stdp_synapse/hpo_data/hpo_iteration_data/4339489/estimator_1_neuron_7_validation_outputs.npy
2025-05-10 12:48:20,268 - INFO - Waiting for parameters file: /s/ls4/users/selibrin/spiking_researches/correlation_encoding_and_training/mnist/hpo/shifted_stdp_synapse/hpo_data/hpo_iteration_data/4339489/params_1_7.pkl
2025-05-10 12:48:55,309 - INFO - Loaded HPO parameters
2025-05-10 12:48:55,309 - INFO - Preparing datasets...
2025-05-10 12:48:58,426 - INFO - Prepared datasets: 295 train & 1000 validation samples
2025-05-10 12:48:58,434 - INFO - Initializing model...
2025-05-10 12:48:58,436 - INFO - Fitting model...
2025-05-10 12:49:58,007 - INFO - Saved weights to /s/ls4/users/selibrin/spiking_researches/correlation_encoding_and_training/mnist/hpo/shifted_stdp_synapse/hpo_data/hpo_iteration_data/4339489/estimator_1_neuron_7_weights.npy
2025-05-10 12:49:58,007 - INFO - Evaluating model...
2025-05-10 12:52:19,907 - INFO - Saved validation outputs to /s/ls4/users/selibrin/spiking_researches/correlation_encoding_and_training/mnist/hpo/shifted_stdp_synapse/hpo_data/hpo_iteration_data/4339489/estimator_1_neuron_7_validation_outputs.npy
2025-05-10 12:52:19,908 - INFO - Waiting for parameters file: /s/ls4/users/selibrin/spiking_researches/correlation_encoding_and_training/mnist/hpo/shifted_stdp_synapse/hpo_data/hpo_iteration_data/4339489/params_1_7.pkl
2025-05-10 12:52:59,955 - INFO - Loaded HPO parameters
2025-05-10 12:52:59,956 - INFO - Preparing datasets...
2025-05-10 12:53:03,248 - INFO - Prepared datasets: 1180 train & 1000 validation samples
2025-05-10 12:53:03,259 - INFO - Initializing model...
2025-05-10 12:53:03,261 - INFO - Fitting model...
2025-05-10 12:56:30,914 - INFO - Saved weights to /s/ls4/users/selibrin/spiking_researches/correlation_encoding_and_training/mnist/hpo/shifted_stdp_synapse/hpo_data/hpo_iteration_data/4339489/estimator_1_neuron_7_weights.npy
2025-05-10 12:56:30,914 - INFO - Evaluating model...
2025-05-10 12:58:55,632 - INFO - Saved validation outputs to /s/ls4/users/selibrin/spiking_researches/correlation_encoding_and_training/mnist/hpo/shifted_stdp_synapse/hpo_data/hpo_iteration_data/4339489/estimator_1_neuron_7_validation_outputs.npy
2025-05-10 12:58:55,632 - INFO - Waiting for parameters file: /s/ls4/users/selibrin/spiking_researches/correlation_encoding_and_training/mnist/hpo/shifted_stdp_synapse/hpo_data/hpo_iteration_data/4339489/params_1_7.pkl
2025-05-10 12:59:05,648 - INFO - Loaded HPO parameters
2025-05-10 12:59:05,648 - INFO - Preparing datasets...
2025-05-10 12:59:08,780 - INFO - Prepared datasets: 590 train & 1000 validation samples
2025-05-10 12:59:08,780 - INFO - Initializing model...
2025-05-10 12:59:08,819 - INFO - Fitting model...
2025-05-10 13:00:39,073 - INFO - Saved weights to /s/ls4/users/selibrin/spiking_researches/correlation_encoding_and_training/mnist/hpo/shifted_stdp_synapse/hpo_data/hpo_iteration_data/4339489/estimator_1_neuron_7_weights.npy
2025-05-10 13:00:39,073 - INFO - Evaluating model...
2025-05-10 13:02:55,502 - INFO - Saved validation outputs to /s/ls4/users/selibrin/spiking_researches/correlation_encoding_and_training/mnist/hpo/shifted_stdp_synapse/hpo_data/hpo_iteration_data/4339489/estimator_1_neuron_7_validation_outputs.npy
2025-05-10 13:02:55,502 - INFO - Waiting for parameters file: /s/ls4/users/selibrin/spiking_researches/correlation_encoding_and_training/mnist/hpo/shifted_stdp_synapse/hpo_data/hpo_iteration_data/4339489/params_1_7.pkl
2025-05-10 13:03:45,582 - INFO - Loaded HPO parameters
2025-05-10 13:03:45,582 - INFO - Preparing datasets...
2025-05-10 13:03:48,787 - INFO - Prepared datasets: 295 train & 1000 validation samples
2025-05-10 13:03:48,798 - INFO - Initializing model...
2025-05-10 13:03:48,800 - INFO - Fitting model...
2025-05-10 13:04:38,147 - INFO - Saved weights to /s/ls4/users/selibrin/spiking_researches/correlation_encoding_and_training/mnist/hpo/shifted_stdp_synapse/hpo_data/hpo_iteration_data/4339489/estimator_1_neuron_7_weights.npy
2025-05-10 13:04:38,147 - INFO - Evaluating model...
2025-05-10 13:07:02,045 - INFO - Saved validation outputs to /s/ls4/users/selibrin/spiking_researches/correlation_encoding_and_training/mnist/hpo/shifted_stdp_synapse/hpo_data/hpo_iteration_data/4339489/estimator_1_neuron_7_validation_outputs.npy
2025-05-10 13:07:02,045 - INFO - Waiting for parameters file: /s/ls4/users/selibrin/spiking_researches/correlation_encoding_and_training/mnist/hpo/shifted_stdp_synapse/hpo_data/hpo_iteration_data/4339489/params_1_7.pkl
2025-05-10 13:07:22,066 - INFO - Loaded HPO parameters
2025-05-10 13:07:22,066 - INFO - Preparing datasets...
2025-05-10 13:07:25,249 - INFO - Prepared datasets: 295 train & 1000 validation samples
2025-05-10 13:07:25,250 - INFO - Initializing model...
2025-05-10 13:07:25,252 - INFO - Fitting model...
2025-05-10 13:08:10,390 - INFO - Saved weights to /s/ls4/users/selibrin/spiking_researches/correlation_encoding_and_training/mnist/hpo/shifted_stdp_synapse/hpo_data/hpo_iteration_data/4339489/estimator_1_neuron_7_weights.npy
2025-05-10 13:08:10,390 - INFO - Evaluating model...
2025-05-10 13:10:26,810 - INFO - Saved validation outputs to /s/ls4/users/selibrin/spiking_researches/correlation_encoding_and_training/mnist/hpo/shifted_stdp_synapse/hpo_data/hpo_iteration_data/4339489/estimator_1_neuron_7_validation_outputs.npy
2025-05-10 13:10:26,810 - INFO - Waiting for parameters file: /s/ls4/users/selibrin/spiking_researches/correlation_encoding_and_training/mnist/hpo/shifted_stdp_synapse/hpo_data/hpo_iteration_data/4339489/params_1_7.pkl
2025-05-10 13:10:56,848 - INFO - Loaded HPO parameters
2025-05-10 13:10:56,848 - INFO - Preparing datasets...
2025-05-10 13:11:00,032 - INFO - Prepared datasets: 295 train & 1000 validation samples
2025-05-10 13:11:00,033 - INFO - Initializing model...
2025-05-10 13:11:00,035 - INFO - Fitting model...
2025-05-10 13:11:45,608 - INFO - Saved weights to /s/ls4/users/selibrin/spiking_researches/correlation_encoding_and_training/mnist/hpo/shifted_stdp_synapse/hpo_data/hpo_iteration_data/4339489/estimator_1_neuron_7_weights.npy
2025-05-10 13:11:45,608 - INFO - Evaluating model...
2025-05-10 13:14:03,179 - INFO - Saved validation outputs to /s/ls4/users/selibrin/spiking_researches/correlation_encoding_and_training/mnist/hpo/shifted_stdp_synapse/hpo_data/hpo_iteration_data/4339489/estimator_1_neuron_7_validation_outputs.npy
2025-05-10 13:14:03,180 - INFO - Waiting for parameters file: /s/ls4/users/selibrin/spiking_researches/correlation_encoding_and_training/mnist/hpo/shifted_stdp_synapse/hpo_data/hpo_iteration_data/4339489/params_1_7.pkl
2025-05-10 13:14:33,217 - INFO - Loaded HPO parameters
2025-05-10 13:14:33,217 - INFO - Preparing datasets...
2025-05-10 13:14:36,371 - INFO - Prepared datasets: 295 train & 1000 validation samples
2025-05-10 13:14:36,378 - INFO - Initializing model...
2025-05-10 13:14:36,380 - INFO - Fitting model...
2025-05-10 13:15:30,452 - INFO - Saved weights to /s/ls4/users/selibrin/spiking_researches/correlation_encoding_and_training/mnist/hpo/shifted_stdp_synapse/hpo_data/hpo_iteration_data/4339489/estimator_1_neuron_7_weights.npy
2025-05-10 13:15:30,452 - INFO - Evaluating model...
2025-05-10 13:17:50,800 - INFO - Saved validation outputs to /s/ls4/users/selibrin/spiking_researches/correlation_encoding_and_training/mnist/hpo/shifted_stdp_synapse/hpo_data/hpo_iteration_data/4339489/estimator_1_neuron_7_validation_outputs.npy
2025-05-10 13:17:50,800 - INFO - Waiting for parameters file: /s/ls4/users/selibrin/spiking_researches/correlation_encoding_and_training/mnist/hpo/shifted_stdp_synapse/hpo_data/hpo_iteration_data/4339489/params_1_7.pkl
2025-05-10 13:18:10,828 - INFO - Loaded HPO parameters
2025-05-10 13:18:10,828 - INFO - Preparing datasets...
2025-05-10 13:18:14,027 - INFO - Prepared datasets: 295 train & 1000 validation samples
2025-05-10 13:18:14,027 - INFO - Initializing model...
2025-05-10 13:18:14,029 - INFO - Fitting model...
2025-05-10 13:18:59,721 - INFO - Saved weights to /s/ls4/users/selibrin/spiking_researches/correlation_encoding_and_training/mnist/hpo/shifted_stdp_synapse/hpo_data/hpo_iteration_data/4339489/estimator_1_neuron_7_weights.npy
2025-05-10 13:18:59,721 - INFO - Evaluating model...
2025-05-10 13:21:16,187 - INFO - Saved validation outputs to /s/ls4/users/selibrin/spiking_researches/correlation_encoding_and_training/mnist/hpo/shifted_stdp_synapse/hpo_data/hpo_iteration_data/4339489/estimator_1_neuron_7_validation_outputs.npy
2025-05-10 13:21:16,187 - INFO - Waiting for parameters file: /s/ls4/users/selibrin/spiking_researches/correlation_encoding_and_training/mnist/hpo/shifted_stdp_synapse/hpo_data/hpo_iteration_data/4339489/params_1_7.pkl
2025-05-10 13:21:51,229 - INFO - Loaded HPO parameters
2025-05-10 13:21:51,229 - INFO - Preparing datasets...
2025-05-10 13:21:54,361 - INFO - Prepared datasets: 1180 train & 1000 validation samples
2025-05-10 13:21:54,361 - INFO - Initializing model...
2025-05-10 13:21:54,363 - INFO - Fitting model...
2025-05-10 13:24:53,265 - INFO - Saved weights to /s/ls4/users/selibrin/spiking_researches/correlation_encoding_and_training/mnist/hpo/shifted_stdp_synapse/hpo_data/hpo_iteration_data/4339489/estimator_1_neuron_7_weights.npy
2025-05-10 13:24:53,265 - INFO - Evaluating model...
2025-05-10 13:27:08,505 - INFO - Saved validation outputs to /s/ls4/users/selibrin/spiking_researches/correlation_encoding_and_training/mnist/hpo/shifted_stdp_synapse/hpo_data/hpo_iteration_data/4339489/estimator_1_neuron_7_validation_outputs.npy
2025-05-10 13:27:08,506 - INFO - Waiting for parameters file: /s/ls4/users/selibrin/spiking_researches/correlation_encoding_and_training/mnist/hpo/shifted_stdp_synapse/hpo_data/hpo_iteration_data/4339489/params_1_7.pkl
2025-05-10 13:27:23,527 - INFO - Loaded HPO parameters
2025-05-10 13:27:23,527 - INFO - Preparing datasets...
2025-05-10 13:27:26,745 - INFO - Prepared datasets: 295 train & 1000 validation samples
2025-05-10 13:27:26,764 - INFO - Initializing model...
2025-05-10 13:27:26,769 - INFO - Fitting model...
2025-05-10 13:28:13,005 - INFO - Saved weights to /s/ls4/users/selibrin/spiking_researches/correlation_encoding_and_training/mnist/hpo/shifted_stdp_synapse/hpo_data/hpo_iteration_data/4339489/estimator_1_neuron_7_weights.npy
2025-05-10 13:28:13,005 - INFO - Evaluating model...
2025-05-10 13:30:29,750 - INFO - Saved validation outputs to /s/ls4/users/selibrin/spiking_researches/correlation_encoding_and_training/mnist/hpo/shifted_stdp_synapse/hpo_data/hpo_iteration_data/4339489/estimator_1_neuron_7_validation_outputs.npy
2025-05-10 13:30:29,750 - INFO - Waiting for parameters file: /s/ls4/users/selibrin/spiking_researches/correlation_encoding_and_training/mnist/hpo/shifted_stdp_synapse/hpo_data/hpo_iteration_data/4339489/params_1_7.pkl
2025-05-10 13:30:59,787 - INFO - Loaded HPO parameters
2025-05-10 13:30:59,787 - INFO - Preparing datasets...
2025-05-10 13:31:02,909 - INFO - Prepared datasets: 590 train & 1000 validation samples
2025-05-10 13:31:02,916 - INFO - Initializing model...
2025-05-10 13:31:02,919 - INFO - Fitting model...
2025-05-10 13:33:06,159 - INFO - Saved weights to /s/ls4/users/selibrin/spiking_researches/correlation_encoding_and_training/mnist/hpo/shifted_stdp_synapse/hpo_data/hpo_iteration_data/4339489/estimator_1_neuron_7_weights.npy
2025-05-10 13:33:06,159 - INFO - Evaluating model...
2025-05-10 13:35:33,971 - INFO - Saved validation outputs to /s/ls4/users/selibrin/spiking_researches/correlation_encoding_and_training/mnist/hpo/shifted_stdp_synapse/hpo_data/hpo_iteration_data/4339489/estimator_1_neuron_7_validation_outputs.npy
2025-05-10 13:35:33,971 - INFO - Waiting for parameters file: /s/ls4/users/selibrin/spiking_researches/correlation_encoding_and_training/mnist/hpo/shifted_stdp_synapse/hpo_data/hpo_iteration_data/4339489/params_1_7.pkl
2025-05-10 13:36:09,012 - INFO - Loaded HPO parameters
2025-05-10 13:36:09,013 - INFO - Preparing datasets...
2025-05-10 13:36:12,223 - INFO - Prepared datasets: 295 train & 1000 validation samples
2025-05-10 13:36:12,224 - INFO - Initializing model...
2025-05-10 13:36:12,226 - INFO - Fitting model...
2025-05-10 13:36:57,158 - INFO - Saved weights to /s/ls4/users/selibrin/spiking_researches/correlation_encoding_and_training/mnist/hpo/shifted_stdp_synapse/hpo_data/hpo_iteration_data/4339489/estimator_1_neuron_7_weights.npy
2025-05-10 13:36:57,159 - INFO - Evaluating model...
2025-05-10 13:39:12,950 - INFO - Saved validation outputs to /s/ls4/users/selibrin/spiking_researches/correlation_encoding_and_training/mnist/hpo/shifted_stdp_synapse/hpo_data/hpo_iteration_data/4339489/estimator_1_neuron_7_validation_outputs.npy
2025-05-10 13:39:12,950 - INFO - Waiting for parameters file: /s/ls4/users/selibrin/spiking_researches/correlation_encoding_and_training/mnist/hpo/shifted_stdp_synapse/hpo_data/hpo_iteration_data/4339489/params_1_7.pkl
2025-05-10 13:39:42,987 - INFO - Loaded HPO parameters
2025-05-10 13:39:42,987 - INFO - Preparing datasets...
2025-05-10 13:39:46,158 - INFO - Prepared datasets: 295 train & 1000 validation samples
2025-05-10 13:39:46,158 - INFO - Initializing model...
2025-05-10 13:39:46,160 - INFO - Fitting model...
2025-05-10 13:40:36,594 - INFO - Saved weights to /s/ls4/users/selibrin/spiking_researches/correlation_encoding_and_training/mnist/hpo/shifted_stdp_synapse/hpo_data/hpo_iteration_data/4339489/estimator_1_neuron_7_weights.npy
2025-05-10 13:40:36,595 - INFO - Evaluating model...
2025-05-10 13:42:55,315 - INFO - Saved validation outputs to /s/ls4/users/selibrin/spiking_researches/correlation_encoding_and_training/mnist/hpo/shifted_stdp_synapse/hpo_data/hpo_iteration_data/4339489/estimator_1_neuron_7_validation_outputs.npy
2025-05-10 13:42:55,316 - INFO - Waiting for parameters file: /s/ls4/users/selibrin/spiking_researches/correlation_encoding_and_training/mnist/hpo/shifted_stdp_synapse/hpo_data/hpo_iteration_data/4339489/params_1_7.pkl
2025-05-10 13:43:20,347 - INFO - Loaded HPO parameters
2025-05-10 13:43:20,347 - INFO - Preparing datasets...
2025-05-10 13:43:23,498 - INFO - Prepared datasets: 295 train & 1000 validation samples
2025-05-10 13:43:23,498 - INFO - Initializing model...
2025-05-10 13:43:23,500 - INFO - Fitting model...
2025-05-10 13:44:08,934 - INFO - Saved weights to /s/ls4/users/selibrin/spiking_researches/correlation_encoding_and_training/mnist/hpo/shifted_stdp_synapse/hpo_data/hpo_iteration_data/4339489/estimator_1_neuron_7_weights.npy
2025-05-10 13:44:08,934 - INFO - Evaluating model...
2025-05-10 13:46:25,677 - INFO - Saved validation outputs to /s/ls4/users/selibrin/spiking_researches/correlation_encoding_and_training/mnist/hpo/shifted_stdp_synapse/hpo_data/hpo_iteration_data/4339489/estimator_1_neuron_7_validation_outputs.npy
2025-05-10 13:46:25,677 - INFO - Waiting for parameters file: /s/ls4/users/selibrin/spiking_researches/correlation_encoding_and_training/mnist/hpo/shifted_stdp_synapse/hpo_data/hpo_iteration_data/4339489/params_1_7.pkl
2025-05-10 13:46:55,715 - INFO - Loaded HPO parameters
2025-05-10 13:46:55,715 - INFO - Preparing datasets...
2025-05-10 13:46:58,857 - INFO - Prepared datasets: 295 train & 1000 validation samples
2025-05-10 13:46:58,875 - INFO - Initializing model...
2025-05-10 13:46:58,877 - INFO - Fitting model...
2025-05-10 13:47:45,841 - INFO - Saved weights to /s/ls4/users/selibrin/spiking_researches/correlation_encoding_and_training/mnist/hpo/shifted_stdp_synapse/hpo_data/hpo_iteration_data/4339489/estimator_1_neuron_7_weights.npy
2025-05-10 13:47:45,841 - INFO - Evaluating model...
2025-05-10 13:50:02,222 - INFO - Saved validation outputs to /s/ls4/users/selibrin/spiking_researches/correlation_encoding_and_training/mnist/hpo/shifted_stdp_synapse/hpo_data/hpo_iteration_data/4339489/estimator_1_neuron_7_validation_outputs.npy
2025-05-10 13:50:02,222 - INFO - Waiting for parameters file: /s/ls4/users/selibrin/spiking_researches/correlation_encoding_and_training/mnist/hpo/shifted_stdp_synapse/hpo_data/hpo_iteration_data/4339489/params_1_7.pkl
2025-05-10 13:50:32,257 - INFO - Loaded HPO parameters
2025-05-10 13:50:32,258 - INFO - Preparing datasets...
2025-05-10 13:50:35,386 - INFO - Prepared datasets: 1180 train & 1000 validation samples
2025-05-10 13:50:35,386 - INFO - Initializing model...
2025-05-10 13:50:35,388 - INFO - Fitting model...
2025-05-10 13:53:36,239 - INFO - Saved weights to /s/ls4/users/selibrin/spiking_researches/correlation_encoding_and_training/mnist/hpo/shifted_stdp_synapse/hpo_data/hpo_iteration_data/4339489/estimator_1_neuron_7_weights.npy
2025-05-10 13:53:36,239 - INFO - Evaluating model...
2025-05-10 13:55:52,384 - INFO - Saved validation outputs to /s/ls4/users/selibrin/spiking_researches/correlation_encoding_and_training/mnist/hpo/shifted_stdp_synapse/hpo_data/hpo_iteration_data/4339489/estimator_1_neuron_7_validation_outputs.npy
2025-05-10 13:55:52,385 - INFO - Waiting for parameters file: /s/ls4/users/selibrin/spiking_researches/correlation_encoding_and_training/mnist/hpo/shifted_stdp_synapse/hpo_data/hpo_iteration_data/4339489/params_1_7.pkl
2025-05-10 13:56:37,441 - INFO - Loaded HPO parameters
2025-05-10 13:56:37,441 - INFO - Preparing datasets...
2025-05-10 13:56:40,602 - INFO - Prepared datasets: 295 train & 1000 validation samples
2025-05-10 13:56:40,611 - INFO - Initializing model...
2025-05-10 13:56:40,613 - INFO - Fitting model...
2025-05-10 13:57:26,004 - INFO - Saved weights to /s/ls4/users/selibrin/spiking_researches/correlation_encoding_and_training/mnist/hpo/shifted_stdp_synapse/hpo_data/hpo_iteration_data/4339489/estimator_1_neuron_7_weights.npy
2025-05-10 13:57:26,005 - INFO - Evaluating model...
2025-05-10 13:59:42,836 - INFO - Saved validation outputs to /s/ls4/users/selibrin/spiking_researches/correlation_encoding_and_training/mnist/hpo/shifted_stdp_synapse/hpo_data/hpo_iteration_data/4339489/estimator_1_neuron_7_validation_outputs.npy
2025-05-10 13:59:42,836 - INFO - Waiting for parameters file: /s/ls4/users/selibrin/spiking_researches/correlation_encoding_and_training/mnist/hpo/shifted_stdp_synapse/hpo_data/hpo_iteration_data/4339489/params_1_7.pkl
2025-05-10 14:00:17,876 - INFO - Loaded HPO parameters
2025-05-10 14:00:17,877 - INFO - Preparing datasets...
2025-05-10 14:00:21,081 - INFO - Prepared datasets: 590 train & 1000 validation samples
2025-05-10 14:00:21,091 - INFO - Initializing model...
2025-05-10 14:00:21,093 - INFO - Fitting model...
2025-05-10 14:01:54,212 - INFO - Saved weights to /s/ls4/users/selibrin/spiking_researches/correlation_encoding_and_training/mnist/hpo/shifted_stdp_synapse/hpo_data/hpo_iteration_data/4339489/estimator_1_neuron_7_weights.npy
2025-05-10 14:01:54,212 - INFO - Evaluating model...
2025-05-10 14:04:16,145 - INFO - Saved validation outputs to /s/ls4/users/selibrin/spiking_researches/correlation_encoding_and_training/mnist/hpo/shifted_stdp_synapse/hpo_data/hpo_iteration_data/4339489/estimator_1_neuron_7_validation_outputs.npy
2025-05-10 14:04:16,146 - INFO - Waiting for parameters file: /s/ls4/users/selibrin/spiking_researches/correlation_encoding_and_training/mnist/hpo/shifted_stdp_synapse/hpo_data/hpo_iteration_data/4339489/params_1_7.pkl
2025-05-10 14:04:51,186 - INFO - Loaded HPO parameters
2025-05-10 14:04:51,186 - INFO - Preparing datasets...
2025-05-10 14:04:54,534 - INFO - Prepared datasets: 295 train & 1000 validation samples
2025-05-10 14:04:54,535 - INFO - Initializing model...
2025-05-10 14:04:54,753 - INFO - Fitting model...
2025-05-10 14:05:50,291 - INFO - Saved weights to /s/ls4/users/selibrin/spiking_researches/correlation_encoding_and_training/mnist/hpo/shifted_stdp_synapse/hpo_data/hpo_iteration_data/4339489/estimator_1_neuron_7_weights.npy
2025-05-10 14:05:50,291 - INFO - Evaluating model...
2025-05-10 14:08:15,016 - INFO - Saved validation outputs to /s/ls4/users/selibrin/spiking_researches/correlation_encoding_and_training/mnist/hpo/shifted_stdp_synapse/hpo_data/hpo_iteration_data/4339489/estimator_1_neuron_7_validation_outputs.npy
2025-05-10 14:08:15,016 - INFO - Waiting for parameters file: /s/ls4/users/selibrin/spiking_researches/correlation_encoding_and_training/mnist/hpo/shifted_stdp_synapse/hpo_data/hpo_iteration_data/4339489/params_1_7.pkl
2025-05-10 14:08:30,037 - INFO - Loaded HPO parameters
2025-05-10 14:08:30,037 - INFO - Preparing datasets...
2025-05-10 14:08:33,311 - INFO - Prepared datasets: 295 train & 1000 validation samples
2025-05-10 14:08:33,312 - INFO - Initializing model...
2025-05-10 14:08:33,314 - INFO - Fitting model...
2025-05-10 14:09:18,440 - INFO - Saved weights to /s/ls4/users/selibrin/spiking_researches/correlation_encoding_and_training/mnist/hpo/shifted_stdp_synapse/hpo_data/hpo_iteration_data/4339489/estimator_1_neuron_7_weights.npy
2025-05-10 14:09:18,441 - INFO - Evaluating model...
2025-05-10 14:11:34,579 - INFO - Saved validation outputs to /s/ls4/users/selibrin/spiking_researches/correlation_encoding_and_training/mnist/hpo/shifted_stdp_synapse/hpo_data/hpo_iteration_data/4339489/estimator_1_neuron_7_validation_outputs.npy
2025-05-10 14:11:34,579 - INFO - Waiting for parameters file: /s/ls4/users/selibrin/spiking_researches/correlation_encoding_and_training/mnist/hpo/shifted_stdp_synapse/hpo_data/hpo_iteration_data/4339489/params_1_7.pkl
2025-05-10 14:12:04,614 - INFO - Loaded HPO parameters
2025-05-10 14:12:04,614 - INFO - Preparing datasets...
2025-05-10 14:12:07,819 - INFO - Prepared datasets: 295 train & 1000 validation samples
2025-05-10 14:12:07,820 - INFO - Initializing model...
2025-05-10 14:12:07,823 - INFO - Fitting model...
2025-05-10 14:13:07,733 - INFO - Saved weights to /s/ls4/users/selibrin/spiking_researches/correlation_encoding_and_training/mnist/hpo/shifted_stdp_synapse/hpo_data/hpo_iteration_data/4339489/estimator_1_neuron_7_weights.npy
2025-05-10 14:13:07,733 - INFO - Evaluating model...
2025-05-10 14:15:30,500 - INFO - Saved validation outputs to /s/ls4/users/selibrin/spiking_researches/correlation_encoding_and_training/mnist/hpo/shifted_stdp_synapse/hpo_data/hpo_iteration_data/4339489/estimator_1_neuron_7_validation_outputs.npy
2025-05-10 14:15:30,500 - INFO - Waiting for parameters file: /s/ls4/users/selibrin/spiking_researches/correlation_encoding_and_training/mnist/hpo/shifted_stdp_synapse/hpo_data/hpo_iteration_data/4339489/params_1_7.pkl
2025-05-10 14:16:10,546 - INFO - Loaded HPO parameters
2025-05-10 14:16:10,546 - INFO - Preparing datasets...
2025-05-10 14:16:13,653 - INFO - Prepared datasets: 295 train & 1000 validation samples
2025-05-10 14:16:13,663 - INFO - Initializing model...
2025-05-10 14:16:13,669 - INFO - Fitting model...
2025-05-10 14:16:59,416 - INFO - Saved weights to /s/ls4/users/selibrin/spiking_researches/correlation_encoding_and_training/mnist/hpo/shifted_stdp_synapse/hpo_data/hpo_iteration_data/4339489/estimator_1_neuron_7_weights.npy
2025-05-10 14:16:59,416 - INFO - Evaluating model...
2025-05-10 14:19:15,016 - INFO - Saved validation outputs to /s/ls4/users/selibrin/spiking_researches/correlation_encoding_and_training/mnist/hpo/shifted_stdp_synapse/hpo_data/hpo_iteration_data/4339489/estimator_1_neuron_7_validation_outputs.npy
2025-05-10 14:19:15,017 - INFO - Waiting for parameters file: /s/ls4/users/selibrin/spiking_researches/correlation_encoding_and_training/mnist/hpo/shifted_stdp_synapse/hpo_data/hpo_iteration_data/4339489/params_1_7.pkl
2025-05-10 14:19:51,303 - INFO - Loaded HPO parameters
2025-05-10 14:19:51,303 - INFO - Preparing datasets...
2025-05-10 14:19:54,475 - INFO - Prepared datasets: 1180 train & 1000 validation samples
2025-05-10 14:19:54,476 - INFO - Initializing model...
2025-05-10 14:19:54,478 - INFO - Fitting model...
2025-05-10 14:22:51,039 - INFO - Saved weights to /s/ls4/users/selibrin/spiking_researches/correlation_encoding_and_training/mnist/hpo/shifted_stdp_synapse/hpo_data/hpo_iteration_data/4339489/estimator_1_neuron_7_weights.npy
2025-05-10 14:22:51,039 - INFO - Evaluating model...
2025-05-10 14:25:06,113 - INFO - Saved validation outputs to /s/ls4/users/selibrin/spiking_researches/correlation_encoding_and_training/mnist/hpo/shifted_stdp_synapse/hpo_data/hpo_iteration_data/4339489/estimator_1_neuron_7_validation_outputs.npy
2025-05-10 14:25:06,113 - INFO - Waiting for parameters file: /s/ls4/users/selibrin/spiking_researches/correlation_encoding_and_training/mnist/hpo/shifted_stdp_synapse/hpo_data/hpo_iteration_data/4339489/params_1_7.pkl
2025-05-10 14:25:26,139 - INFO - Loaded HPO parameters
2025-05-10 14:25:26,139 - INFO - Preparing datasets...
2025-05-10 14:25:29,278 - INFO - Prepared datasets: 295 train & 1000 validation samples
2025-05-10 14:25:29,285 - INFO - Initializing model...
2025-05-10 14:25:29,287 - INFO - Fitting model...
2025-05-10 14:26:19,344 - INFO - Saved weights to /s/ls4/users/selibrin/spiking_researches/correlation_encoding_and_training/mnist/hpo/shifted_stdp_synapse/hpo_data/hpo_iteration_data/4339489/estimator_1_neuron_7_weights.npy
2025-05-10 14:26:19,344 - INFO - Evaluating model...
2025-05-10 14:28:35,557 - INFO - Saved validation outputs to /s/ls4/users/selibrin/spiking_researches/correlation_encoding_and_training/mnist/hpo/shifted_stdp_synapse/hpo_data/hpo_iteration_data/4339489/estimator_1_neuron_7_validation_outputs.npy
2025-05-10 14:28:35,557 - INFO - Waiting for parameters file: /s/ls4/users/selibrin/spiking_researches/correlation_encoding_and_training/mnist/hpo/shifted_stdp_synapse/hpo_data/hpo_iteration_data/4339489/params_1_7.pkl
2025-05-10 14:29:00,587 - INFO - Loaded HPO parameters
2025-05-10 14:29:00,587 - INFO - Preparing datasets...
2025-05-10 14:29:03,750 - INFO - Prepared datasets: 590 train & 1000 validation samples
2025-05-10 14:29:03,759 - INFO - Initializing model...
2025-05-10 14:29:03,761 - INFO - Fitting model...
2025-05-10 14:30:35,140 - INFO - Saved weights to /s/ls4/users/selibrin/spiking_researches/correlation_encoding_and_training/mnist/hpo/shifted_stdp_synapse/hpo_data/hpo_iteration_data/4339489/estimator_1_neuron_7_weights.npy
2025-05-10 14:30:35,140 - INFO - Evaluating model...
2025-05-10 14:32:54,382 - INFO - Saved validation outputs to /s/ls4/users/selibrin/spiking_researches/correlation_encoding_and_training/mnist/hpo/shifted_stdp_synapse/hpo_data/hpo_iteration_data/4339489/estimator_1_neuron_7_validation_outputs.npy
2025-05-10 14:32:54,383 - INFO - Waiting for parameters file: /s/ls4/users/selibrin/spiking_researches/correlation_encoding_and_training/mnist/hpo/shifted_stdp_synapse/hpo_data/hpo_iteration_data/4339489/params_1_7.pkl
2025-05-10 14:33:04,398 - INFO - Loaded HPO parameters
2025-05-10 14:33:04,399 - INFO - Preparing datasets...
2025-05-10 14:33:07,390 - INFO - Prepared datasets: 295 train & 1000 validation samples
2025-05-10 14:33:07,390 - INFO - Initializing model...
2025-05-10 14:33:07,392 - INFO - Fitting model...
2025-05-10 14:33:52,113 - INFO - Saved weights to /s/ls4/users/selibrin/spiking_researches/correlation_encoding_and_training/mnist/hpo/shifted_stdp_synapse/hpo_data/hpo_iteration_data/4339489/estimator_1_neuron_7_weights.npy
2025-05-10 14:33:52,113 - INFO - Evaluating model...
2025-05-10 14:36:05,441 - INFO - Saved validation outputs to /s/ls4/users/selibrin/spiking_researches/correlation_encoding_and_training/mnist/hpo/shifted_stdp_synapse/hpo_data/hpo_iteration_data/4339489/estimator_1_neuron_7_validation_outputs.npy
2025-05-10 14:36:05,441 - INFO - Waiting for parameters file: /s/ls4/users/selibrin/spiking_researches/correlation_encoding_and_training/mnist/hpo/shifted_stdp_synapse/hpo_data/hpo_iteration_data/4339489/params_1_7.pkl
2025-05-10 14:36:45,487 - INFO - Loaded HPO parameters
2025-05-10 14:36:45,487 - INFO - Preparing datasets...
2025-05-10 14:36:48,673 - INFO - Prepared datasets: 295 train & 1000 validation samples
2025-05-10 14:36:48,683 - INFO - Initializing model...
2025-05-10 14:36:48,685 - INFO - Fitting model...
2025-05-10 14:37:36,684 - INFO - Saved weights to /s/ls4/users/selibrin/spiking_researches/correlation_encoding_and_training/mnist/hpo/shifted_stdp_synapse/hpo_data/hpo_iteration_data/4339489/estimator_1_neuron_7_weights.npy
2025-05-10 14:37:36,684 - INFO - Evaluating model...
2025-05-10 14:39:57,786 - INFO - Saved validation outputs to /s/ls4/users/selibrin/spiking_researches/correlation_encoding_and_training/mnist/hpo/shifted_stdp_synapse/hpo_data/hpo_iteration_data/4339489/estimator_1_neuron_7_validation_outputs.npy
2025-05-10 14:39:57,786 - INFO - Waiting for parameters file: /s/ls4/users/selibrin/spiking_researches/correlation_encoding_and_training/mnist/hpo/shifted_stdp_synapse/hpo_data/hpo_iteration_data/4339489/params_1_7.pkl
2025-05-10 14:40:17,834 - INFO - Loaded HPO parameters
2025-05-10 14:40:17,834 - INFO - Preparing datasets...
2025-05-10 14:40:21,447 - INFO - Prepared datasets: 295 train & 1000 validation samples
2025-05-10 14:40:21,448 - INFO - Initializing model...
2025-05-10 14:40:21,451 - INFO - Fitting model...
2025-05-10 14:41:07,214 - INFO - Saved weights to /s/ls4/users/selibrin/spiking_researches/correlation_encoding_and_training/mnist/hpo/shifted_stdp_synapse/hpo_data/hpo_iteration_data/4339489/estimator_1_neuron_7_weights.npy
2025-05-10 14:41:07,214 - INFO - Evaluating model...
2025-05-10 14:43:25,078 - INFO - Saved validation outputs to /s/ls4/users/selibrin/spiking_researches/correlation_encoding_and_training/mnist/hpo/shifted_stdp_synapse/hpo_data/hpo_iteration_data/4339489/estimator_1_neuron_7_validation_outputs.npy
2025-05-10 14:43:25,078 - INFO - Waiting for parameters file: /s/ls4/users/selibrin/spiking_researches/correlation_encoding_and_training/mnist/hpo/shifted_stdp_synapse/hpo_data/hpo_iteration_data/4339489/params_1_7.pkl
2025-05-10 14:43:55,174 - INFO - Loaded HPO parameters
2025-05-10 14:43:55,174 - INFO - Preparing datasets...
2025-05-10 14:43:58,420 - INFO - Prepared datasets: 295 train & 1000 validation samples
2025-05-10 14:43:58,429 - INFO - Initializing model...
2025-05-10 14:43:58,431 - INFO - Fitting model...
2025-05-10 14:44:46,115 - INFO - Saved weights to /s/ls4/users/selibrin/spiking_researches/correlation_encoding_and_training/mnist/hpo/shifted_stdp_synapse/hpo_data/hpo_iteration_data/4339489/estimator_1_neuron_7_weights.npy
2025-05-10 14:44:46,115 - INFO - Evaluating model...
2025-05-10 14:47:07,771 - INFO - Saved validation outputs to /s/ls4/users/selibrin/spiking_researches/correlation_encoding_and_training/mnist/hpo/shifted_stdp_synapse/hpo_data/hpo_iteration_data/4339489/estimator_1_neuron_7_validation_outputs.npy
2025-05-10 14:47:07,771 - INFO - Waiting for parameters file: /s/ls4/users/selibrin/spiking_researches/correlation_encoding_and_training/mnist/hpo/shifted_stdp_synapse/hpo_data/hpo_iteration_data/4339489/params_1_7.pkl
2025-05-10 14:47:32,802 - INFO - Loaded HPO parameters
2025-05-10 14:47:32,802 - INFO - Preparing datasets...
2025-05-10 14:47:36,556 - INFO - Prepared datasets: 1180 train & 1000 validation samples
2025-05-10 14:47:36,557 - INFO - Initializing model...
2025-05-10 14:47:36,560 - INFO - Fitting model...
2025-05-10 14:51:11,100 - INFO - Saved weights to /s/ls4/users/selibrin/spiking_researches/correlation_encoding_and_training/mnist/hpo/shifted_stdp_synapse/hpo_data/hpo_iteration_data/4339489/estimator_1_neuron_7_weights.npy
2025-05-10 14:51:11,100 - INFO - Evaluating model...
2025-05-10 14:53:30,845 - INFO - Saved validation outputs to /s/ls4/users/selibrin/spiking_researches/correlation_encoding_and_training/mnist/hpo/shifted_stdp_synapse/hpo_data/hpo_iteration_data/4339489/estimator_1_neuron_7_validation_outputs.npy
2025-05-10 14:53:30,845 - INFO - Waiting for parameters file: /s/ls4/users/selibrin/spiking_researches/correlation_encoding_and_training/mnist/hpo/shifted_stdp_synapse/hpo_data/hpo_iteration_data/4339489/params_1_7.pkl
2025-05-10 14:54:10,917 - INFO - Loaded HPO parameters
2025-05-10 14:54:10,917 - INFO - Preparing datasets...
2025-05-10 14:54:14,119 - INFO - Prepared datasets: 295 train & 1000 validation samples
2025-05-10 14:54:14,119 - INFO - Initializing model...
2025-05-10 14:54:14,121 - INFO - Fitting model...
2025-05-10 14:54:59,263 - INFO - Saved weights to /s/ls4/users/selibrin/spiking_researches/correlation_encoding_and_training/mnist/hpo/shifted_stdp_synapse/hpo_data/hpo_iteration_data/4339489/estimator_1_neuron_7_weights.npy
2025-05-10 14:54:59,263 - INFO - Evaluating model...
2025-05-10 14:57:15,339 - INFO - Saved validation outputs to /s/ls4/users/selibrin/spiking_researches/correlation_encoding_and_training/mnist/hpo/shifted_stdp_synapse/hpo_data/hpo_iteration_data/4339489/estimator_1_neuron_7_validation_outputs.npy
2025-05-10 14:57:15,340 - INFO - Waiting for parameters file: /s/ls4/users/selibrin/spiking_researches/correlation_encoding_and_training/mnist/hpo/shifted_stdp_synapse/hpo_data/hpo_iteration_data/4339489/params_1_7.pkl
2025-05-10 14:57:45,394 - INFO - Loaded HPO parameters
2025-05-10 14:57:45,395 - INFO - Preparing datasets...
2025-05-10 14:57:48,560 - INFO - Prepared datasets: 590 train & 1000 validation samples
2025-05-10 14:57:48,568 - INFO - Initializing model...
2025-05-10 14:57:48,570 - INFO - Fitting model...
2025-05-10 14:59:19,552 - INFO - Saved weights to /s/ls4/users/selibrin/spiking_researches/correlation_encoding_and_training/mnist/hpo/shifted_stdp_synapse/hpo_data/hpo_iteration_data/4339489/estimator_1_neuron_7_weights.npy
2025-05-10 14:59:19,552 - INFO - Evaluating model...
2025-05-10 15:01:36,851 - INFO - Saved validation outputs to /s/ls4/users/selibrin/spiking_researches/correlation_encoding_and_training/mnist/hpo/shifted_stdp_synapse/hpo_data/hpo_iteration_data/4339489/estimator_1_neuron_7_validation_outputs.npy
2025-05-10 15:01:36,851 - INFO - Waiting for parameters file: /s/ls4/users/selibrin/spiking_researches/correlation_encoding_and_training/mnist/hpo/shifted_stdp_synapse/hpo_data/hpo_iteration_data/4339489/params_1_7.pkl
2025-05-10 15:01:51,873 - INFO - Loaded HPO parameters
2025-05-10 15:01:51,873 - INFO - Preparing datasets...
2025-05-10 15:01:55,093 - INFO - Prepared datasets: 295 train & 1000 validation samples
2025-05-10 15:01:55,093 - INFO - Initializing model...
2025-05-10 15:01:55,095 - INFO - Fitting model...
2025-05-10 15:02:41,281 - INFO - Saved weights to /s/ls4/users/selibrin/spiking_researches/correlation_encoding_and_training/mnist/hpo/shifted_stdp_synapse/hpo_data/hpo_iteration_data/4339489/estimator_1_neuron_7_weights.npy
2025-05-10 15:02:41,282 - INFO - Evaluating model...
2025-05-10 15:04:59,751 - INFO - Saved validation outputs to /s/ls4/users/selibrin/spiking_researches/correlation_encoding_and_training/mnist/hpo/shifted_stdp_synapse/hpo_data/hpo_iteration_data/4339489/estimator_1_neuron_7_validation_outputs.npy
2025-05-10 15:04:59,751 - INFO - Waiting for parameters file: /s/ls4/users/selibrin/spiking_researches/correlation_encoding_and_training/mnist/hpo/shifted_stdp_synapse/hpo_data/hpo_iteration_data/4339489/params_1_7.pkl
2025-05-10 15:05:29,788 - INFO - Loaded HPO parameters
2025-05-10 15:05:29,788 - INFO - Preparing datasets...
2025-05-10 15:05:33,062 - INFO - Prepared datasets: 295 train & 1000 validation samples
2025-05-10 15:05:33,070 - INFO - Initializing model...
2025-05-10 15:05:33,072 - INFO - Fitting model...
2025-05-10 15:06:33,113 - INFO - Saved weights to /s/ls4/users/selibrin/spiking_researches/correlation_encoding_and_training/mnist/hpo/shifted_stdp_synapse/hpo_data/hpo_iteration_data/4339489/estimator_1_neuron_7_weights.npy
2025-05-10 15:06:33,113 - INFO - Evaluating model...
2025-05-10 15:08:55,683 - INFO - Saved validation outputs to /s/ls4/users/selibrin/spiking_researches/correlation_encoding_and_training/mnist/hpo/shifted_stdp_synapse/hpo_data/hpo_iteration_data/4339489/estimator_1_neuron_7_validation_outputs.npy
2025-05-10 15:08:55,683 - INFO - Waiting for parameters file: /s/ls4/users/selibrin/spiking_researches/correlation_encoding_and_training/mnist/hpo/shifted_stdp_synapse/hpo_data/hpo_iteration_data/4339489/params_1_7.pkl
2025-05-10 15:09:35,730 - INFO - Loaded HPO parameters
2025-05-10 15:09:35,730 - INFO - Preparing datasets...
2025-05-10 15:09:38,916 - INFO - Prepared datasets: 295 train & 1000 validation samples
2025-05-10 15:09:38,922 - INFO - Initializing model...
2025-05-10 15:09:38,923 - INFO - Fitting model...
2025-05-10 15:10:24,692 - INFO - Saved weights to /s/ls4/users/selibrin/spiking_researches/correlation_encoding_and_training/mnist/hpo/shifted_stdp_synapse/hpo_data/hpo_iteration_data/4339489/estimator_1_neuron_7_weights.npy
2025-05-10 15:10:24,692 - INFO - Evaluating model...
2025-05-10 15:12:42,111 - INFO - Saved validation outputs to /s/ls4/users/selibrin/spiking_researches/correlation_encoding_and_training/mnist/hpo/shifted_stdp_synapse/hpo_data/hpo_iteration_data/4339489/estimator_1_neuron_7_validation_outputs.npy
2025-05-10 15:12:42,112 - INFO - Waiting for parameters file: /s/ls4/users/selibrin/spiking_researches/correlation_encoding_and_training/mnist/hpo/shifted_stdp_synapse/hpo_data/hpo_iteration_data/4339489/params_1_7.pkl
2025-05-10 15:13:12,173 - INFO - Loaded HPO parameters
2025-05-10 15:13:12,173 - INFO - Preparing datasets...
2025-05-10 15:13:15,345 - INFO - Prepared datasets: 295 train & 1000 validation samples
2025-05-10 15:13:15,346 - INFO - Initializing model...
2025-05-10 15:13:15,348 - INFO - Fitting model...
