2025-05-09 20:02:41,370 - INFO - Initialized Neuron trainer
2025-05-09 20:02:41,371 - INFO - Waiting for parameters file: /s/ls4/users/selibrin/spiking_researches/correlation_encoding_and_training/mnist/hpo/shifted_stdp_synapse/hpo_data/hpo_iteration_data/4339489/params_1_8.pkl
2025-05-09 20:02:41,373 - INFO - Loaded HPO parameters
2025-05-09 20:02:41,373 - INFO - Preparing datasets...
2025-05-09 20:02:45,649 - INFO - Prepared datasets: 1150 train & 1000 validation samples
2025-05-09 20:02:45,649 - INFO - Initializing model...
2025-05-09 20:02:45,652 - INFO - Fitting model...
2025-05-09 20:07:29,416 - INFO - Saved weights to /s/ls4/users/selibrin/spiking_researches/correlation_encoding_and_training/mnist/hpo/shifted_stdp_synapse/hpo_data/hpo_iteration_data/4339489/estimator_1_neuron_8_weights.npy
2025-05-09 20:07:29,417 - INFO - Evaluating model...
2025-05-09 20:10:42,163 - INFO - Saved validation outputs to /s/ls4/users/selibrin/spiking_researches/correlation_encoding_and_training/mnist/hpo/shifted_stdp_synapse/hpo_data/hpo_iteration_data/4339489/estimator_1_neuron_8_validation_outputs.npy
2025-05-09 20:10:42,164 - INFO - Waiting for parameters file: /s/ls4/users/selibrin/spiking_researches/correlation_encoding_and_training/mnist/hpo/shifted_stdp_synapse/hpo_data/hpo_iteration_data/4339489/params_1_8.pkl
2025-05-09 20:11:42,231 - INFO - Loaded HPO parameters
2025-05-09 20:11:42,231 - INFO - Preparing datasets...
2025-05-09 20:11:46,974 - INFO - Prepared datasets: 287 train & 1000 validation samples
2025-05-09 20:11:46,975 - INFO - Initializing model...
2025-05-09 20:11:46,977 - INFO - Fitting model...
2025-05-09 20:12:54,628 - INFO - Saved weights to /s/ls4/users/selibrin/spiking_researches/correlation_encoding_and_training/mnist/hpo/shifted_stdp_synapse/hpo_data/hpo_iteration_data/4339489/estimator_1_neuron_8_weights.npy
2025-05-09 20:12:54,628 - INFO - Evaluating model...
2025-05-09 20:16:16,352 - INFO - Saved validation outputs to /s/ls4/users/selibrin/spiking_researches/correlation_encoding_and_training/mnist/hpo/shifted_stdp_synapse/hpo_data/hpo_iteration_data/4339489/estimator_1_neuron_8_validation_outputs.npy
2025-05-09 20:16:16,352 - INFO - Waiting for parameters file: /s/ls4/users/selibrin/spiking_researches/correlation_encoding_and_training/mnist/hpo/shifted_stdp_synapse/hpo_data/hpo_iteration_data/4339489/params_1_8.pkl
2025-05-09 20:16:46,542 - INFO - Loaded HPO parameters
2025-05-09 20:16:46,542 - INFO - Preparing datasets...
2025-05-09 20:16:50,688 - INFO - Prepared datasets: 1150 train & 1000 validation samples
2025-05-09 20:16:50,688 - INFO - Initializing model...
2025-05-09 20:16:50,691 - INFO - Fitting model...
2025-05-09 20:22:12,483 - INFO - Saved weights to /s/ls4/users/selibrin/spiking_researches/correlation_encoding_and_training/mnist/hpo/shifted_stdp_synapse/hpo_data/hpo_iteration_data/4339489/estimator_1_neuron_8_weights.npy
2025-05-09 20:22:12,484 - INFO - Evaluating model...
2025-05-09 20:25:48,033 - INFO - Saved validation outputs to /s/ls4/users/selibrin/spiking_researches/correlation_encoding_and_training/mnist/hpo/shifted_stdp_synapse/hpo_data/hpo_iteration_data/4339489/estimator_1_neuron_8_validation_outputs.npy
2025-05-09 20:25:48,033 - INFO - Waiting for parameters file: /s/ls4/users/selibrin/spiking_researches/correlation_encoding_and_training/mnist/hpo/shifted_stdp_synapse/hpo_data/hpo_iteration_data/4339489/params_1_8.pkl
2025-05-09 20:26:23,072 - INFO - Loaded HPO parameters
2025-05-09 20:26:23,073 - INFO - Preparing datasets...
2025-05-09 20:26:26,918 - INFO - Prepared datasets: 1150 train & 1000 validation samples
2025-05-09 20:26:26,918 - INFO - Initializing model...
2025-05-09 20:26:26,921 - INFO - Fitting model...
2025-05-09 20:30:36,026 - INFO - Saved weights to /s/ls4/users/selibrin/spiking_researches/correlation_encoding_and_training/mnist/hpo/shifted_stdp_synapse/hpo_data/hpo_iteration_data/4339489/estimator_1_neuron_8_weights.npy
2025-05-09 20:30:36,026 - INFO - Evaluating model...
2025-05-09 20:33:52,509 - INFO - Saved validation outputs to /s/ls4/users/selibrin/spiking_researches/correlation_encoding_and_training/mnist/hpo/shifted_stdp_synapse/hpo_data/hpo_iteration_data/4339489/estimator_1_neuron_8_validation_outputs.npy
2025-05-09 20:33:52,509 - INFO - Waiting for parameters file: /s/ls4/users/selibrin/spiking_researches/correlation_encoding_and_training/mnist/hpo/shifted_stdp_synapse/hpo_data/hpo_iteration_data/4339489/params_1_8.pkl
2025-05-09 20:34:27,547 - INFO - Loaded HPO parameters
2025-05-09 20:34:27,547 - INFO - Preparing datasets...
2025-05-09 20:34:32,017 - INFO - Prepared datasets: 287 train & 1000 validation samples
2025-05-09 20:34:32,017 - INFO - Initializing model...
2025-05-09 20:34:32,020 - INFO - Fitting model...
2025-05-09 20:35:43,813 - INFO - Saved weights to /s/ls4/users/selibrin/spiking_researches/correlation_encoding_and_training/mnist/hpo/shifted_stdp_synapse/hpo_data/hpo_iteration_data/4339489/estimator_1_neuron_8_weights.npy
2025-05-09 20:35:43,814 - INFO - Evaluating model...
2025-05-09 20:39:06,817 - INFO - Saved validation outputs to /s/ls4/users/selibrin/spiking_researches/correlation_encoding_and_training/mnist/hpo/shifted_stdp_synapse/hpo_data/hpo_iteration_data/4339489/estimator_1_neuron_8_validation_outputs.npy
2025-05-09 20:39:06,817 - INFO - Waiting for parameters file: /s/ls4/users/selibrin/spiking_researches/correlation_encoding_and_training/mnist/hpo/shifted_stdp_synapse/hpo_data/hpo_iteration_data/4339489/params_1_8.pkl
2025-05-09 20:39:32,540 - INFO - Loaded HPO parameters
2025-05-09 20:39:32,540 - INFO - Preparing datasets...
2025-05-09 20:39:37,528 - INFO - Prepared datasets: 1150 train & 1000 validation samples
2025-05-09 20:39:37,529 - INFO - Initializing model...
2025-05-09 20:39:37,532 - INFO - Fitting model...
2025-05-09 20:45:02,752 - INFO - Saved weights to /s/ls4/users/selibrin/spiking_researches/correlation_encoding_and_training/mnist/hpo/shifted_stdp_synapse/hpo_data/hpo_iteration_data/4339489/estimator_1_neuron_8_weights.npy
2025-05-09 20:45:02,752 - INFO - Evaluating model...
2025-05-09 20:48:20,357 - INFO - Saved validation outputs to /s/ls4/users/selibrin/spiking_researches/correlation_encoding_and_training/mnist/hpo/shifted_stdp_synapse/hpo_data/hpo_iteration_data/4339489/estimator_1_neuron_8_validation_outputs.npy
2025-05-09 20:48:20,357 - INFO - Waiting for parameters file: /s/ls4/users/selibrin/spiking_researches/correlation_encoding_and_training/mnist/hpo/shifted_stdp_synapse/hpo_data/hpo_iteration_data/4339489/params_1_8.pkl
2025-05-09 20:48:40,382 - INFO - Loaded HPO parameters
2025-05-09 20:48:40,382 - INFO - Preparing datasets...
2025-05-09 20:48:45,117 - INFO - Prepared datasets: 287 train & 1000 validation samples
2025-05-09 20:48:45,117 - INFO - Initializing model...
2025-05-09 20:48:45,119 - INFO - Fitting model...
2025-05-09 20:49:31,503 - INFO - Saved weights to /s/ls4/users/selibrin/spiking_researches/correlation_encoding_and_training/mnist/hpo/shifted_stdp_synapse/hpo_data/hpo_iteration_data/4339489/estimator_1_neuron_8_weights.npy
2025-05-09 20:49:31,503 - INFO - Evaluating model...
2025-05-09 20:52:23,620 - INFO - Saved validation outputs to /s/ls4/users/selibrin/spiking_researches/correlation_encoding_and_training/mnist/hpo/shifted_stdp_synapse/hpo_data/hpo_iteration_data/4339489/estimator_1_neuron_8_validation_outputs.npy
2025-05-09 20:52:23,621 - INFO - Waiting for parameters file: /s/ls4/users/selibrin/spiking_researches/correlation_encoding_and_training/mnist/hpo/shifted_stdp_synapse/hpo_data/hpo_iteration_data/4339489/params_1_8.pkl
2025-05-09 20:53:48,713 - INFO - Loaded HPO parameters
2025-05-09 20:53:48,714 - INFO - Preparing datasets...
2025-05-09 20:53:52,978 - INFO - Prepared datasets: 575 train & 1000 validation samples
2025-05-09 20:53:52,978 - INFO - Initializing model...
2025-05-09 20:53:52,981 - INFO - Fitting model...
2025-05-09 20:55:57,591 - INFO - Saved weights to /s/ls4/users/selibrin/spiking_researches/correlation_encoding_and_training/mnist/hpo/shifted_stdp_synapse/hpo_data/hpo_iteration_data/4339489/estimator_1_neuron_8_weights.npy
2025-05-09 20:55:57,591 - INFO - Evaluating model...
2025-05-09 20:58:58,015 - INFO - Saved validation outputs to /s/ls4/users/selibrin/spiking_researches/correlation_encoding_and_training/mnist/hpo/shifted_stdp_synapse/hpo_data/hpo_iteration_data/4339489/estimator_1_neuron_8_validation_outputs.npy
2025-05-09 20:58:58,015 - INFO - Waiting for parameters file: /s/ls4/users/selibrin/spiking_researches/correlation_encoding_and_training/mnist/hpo/shifted_stdp_synapse/hpo_data/hpo_iteration_data/4339489/params_1_8.pkl
2025-05-09 21:00:23,108 - INFO - Loaded HPO parameters
2025-05-09 21:00:23,108 - INFO - Preparing datasets...
2025-05-09 21:00:27,608 - INFO - Prepared datasets: 575 train & 1000 validation samples
2025-05-09 21:00:27,608 - INFO - Initializing model...
2025-05-09 21:00:27,611 - INFO - Fitting model...
2025-05-09 21:03:08,789 - INFO - Saved weights to /s/ls4/users/selibrin/spiking_researches/correlation_encoding_and_training/mnist/hpo/shifted_stdp_synapse/hpo_data/hpo_iteration_data/4339489/estimator_1_neuron_8_weights.npy
2025-05-09 21:03:08,790 - INFO - Evaluating model...
2025-05-09 21:06:19,119 - INFO - Saved validation outputs to /s/ls4/users/selibrin/spiking_researches/correlation_encoding_and_training/mnist/hpo/shifted_stdp_synapse/hpo_data/hpo_iteration_data/4339489/estimator_1_neuron_8_validation_outputs.npy
2025-05-09 21:06:19,120 - INFO - Waiting for parameters file: /s/ls4/users/selibrin/spiking_researches/correlation_encoding_and_training/mnist/hpo/shifted_stdp_synapse/hpo_data/hpo_iteration_data/4339489/params_1_8.pkl
2025-05-09 21:06:54,162 - INFO - Loaded HPO parameters
2025-05-09 21:06:54,162 - INFO - Preparing datasets...
2025-05-09 21:06:57,348 - INFO - Prepared datasets: 575 train & 1000 validation samples
2025-05-09 21:06:57,348 - INFO - Initializing model...
2025-05-09 21:06:57,350 - INFO - Fitting model...
2025-05-09 21:08:39,689 - INFO - Saved weights to /s/ls4/users/selibrin/spiking_researches/correlation_encoding_and_training/mnist/hpo/shifted_stdp_synapse/hpo_data/hpo_iteration_data/4339489/estimator_1_neuron_8_weights.npy
2025-05-09 21:08:39,689 - INFO - Evaluating model...
2025-05-09 21:10:55,915 - INFO - Saved validation outputs to /s/ls4/users/selibrin/spiking_researches/correlation_encoding_and_training/mnist/hpo/shifted_stdp_synapse/hpo_data/hpo_iteration_data/4339489/estimator_1_neuron_8_validation_outputs.npy
2025-05-09 21:10:55,915 - INFO - Waiting for parameters file: /s/ls4/users/selibrin/spiking_researches/correlation_encoding_and_training/mnist/hpo/shifted_stdp_synapse/hpo_data/hpo_iteration_data/4339489/params_1_8.pkl
2025-05-09 21:12:00,988 - INFO - Loaded HPO parameters
2025-05-09 21:12:00,988 - INFO - Preparing datasets...
2025-05-09 21:12:04,961 - INFO - Prepared datasets: 575 train & 1000 validation samples
2025-05-09 21:12:04,961 - INFO - Initializing model...
2025-05-09 21:12:04,963 - INFO - Fitting model...
2025-05-09 21:14:16,740 - INFO - Saved weights to /s/ls4/users/selibrin/spiking_researches/correlation_encoding_and_training/mnist/hpo/shifted_stdp_synapse/hpo_data/hpo_iteration_data/4339489/estimator_1_neuron_8_weights.npy
2025-05-09 21:14:16,741 - INFO - Evaluating model...
2025-05-09 21:17:13,141 - INFO - Saved validation outputs to /s/ls4/users/selibrin/spiking_researches/correlation_encoding_and_training/mnist/hpo/shifted_stdp_synapse/hpo_data/hpo_iteration_data/4339489/estimator_1_neuron_8_validation_outputs.npy
2025-05-09 21:17:13,141 - INFO - Waiting for parameters file: /s/ls4/users/selibrin/spiking_researches/correlation_encoding_and_training/mnist/hpo/shifted_stdp_synapse/hpo_data/hpo_iteration_data/4339489/params_1_8.pkl
2025-05-09 21:17:33,166 - INFO - Loaded HPO parameters
2025-05-09 21:17:33,166 - INFO - Preparing datasets...
2025-05-09 21:17:36,568 - INFO - Prepared datasets: 1150 train & 1000 validation samples
2025-05-09 21:17:36,569 - INFO - Initializing model...
2025-05-09 21:17:36,571 - INFO - Fitting model...
2025-05-09 21:20:54,481 - INFO - Saved weights to /s/ls4/users/selibrin/spiking_researches/correlation_encoding_and_training/mnist/hpo/shifted_stdp_synapse/hpo_data/hpo_iteration_data/4339489/estimator_1_neuron_8_weights.npy
2025-05-09 21:20:54,481 - INFO - Evaluating model...
2025-05-09 21:23:18,370 - INFO - Saved validation outputs to /s/ls4/users/selibrin/spiking_researches/correlation_encoding_and_training/mnist/hpo/shifted_stdp_synapse/hpo_data/hpo_iteration_data/4339489/estimator_1_neuron_8_validation_outputs.npy
2025-05-09 21:23:18,370 - INFO - Waiting for parameters file: /s/ls4/users/selibrin/spiking_researches/correlation_encoding_and_training/mnist/hpo/shifted_stdp_synapse/hpo_data/hpo_iteration_data/4339489/params_1_8.pkl
2025-05-09 21:24:38,458 - INFO - Loaded HPO parameters
2025-05-09 21:24:38,458 - INFO - Preparing datasets...
2025-05-09 21:24:41,859 - INFO - Prepared datasets: 287 train & 1000 validation samples
2025-05-09 21:24:41,860 - INFO - Initializing model...
2025-05-09 21:24:41,863 - INFO - Fitting model...
2025-05-09 21:25:33,534 - INFO - Saved weights to /s/ls4/users/selibrin/spiking_researches/correlation_encoding_and_training/mnist/hpo/shifted_stdp_synapse/hpo_data/hpo_iteration_data/4339489/estimator_1_neuron_8_weights.npy
2025-05-09 21:25:33,534 - INFO - Evaluating model...
2025-05-09 21:28:24,989 - INFO - Saved validation outputs to /s/ls4/users/selibrin/spiking_researches/correlation_encoding_and_training/mnist/hpo/shifted_stdp_synapse/hpo_data/hpo_iteration_data/4339489/estimator_1_neuron_8_validation_outputs.npy
2025-05-09 21:28:24,989 - INFO - Waiting for parameters file: /s/ls4/users/selibrin/spiking_researches/correlation_encoding_and_training/mnist/hpo/shifted_stdp_synapse/hpo_data/hpo_iteration_data/4339489/params_1_8.pkl
2025-05-09 21:29:10,057 - INFO - Loaded HPO parameters
2025-05-09 21:29:10,057 - INFO - Preparing datasets...
2025-05-09 21:29:14,086 - INFO - Prepared datasets: 1150 train & 1000 validation samples
2025-05-09 21:29:14,086 - INFO - Initializing model...
2025-05-09 21:29:14,089 - INFO - Fitting model...
2025-05-09 21:33:58,711 - INFO - Saved weights to /s/ls4/users/selibrin/spiking_researches/correlation_encoding_and_training/mnist/hpo/shifted_stdp_synapse/hpo_data/hpo_iteration_data/4339489/estimator_1_neuron_8_weights.npy
2025-05-09 21:33:58,712 - INFO - Evaluating model...
2025-05-09 21:36:39,051 - INFO - Saved validation outputs to /s/ls4/users/selibrin/spiking_researches/correlation_encoding_and_training/mnist/hpo/shifted_stdp_synapse/hpo_data/hpo_iteration_data/4339489/estimator_1_neuron_8_validation_outputs.npy
2025-05-09 21:36:39,052 - INFO - Waiting for parameters file: /s/ls4/users/selibrin/spiking_researches/correlation_encoding_and_training/mnist/hpo/shifted_stdp_synapse/hpo_data/hpo_iteration_data/4339489/params_1_8.pkl
2025-05-09 21:37:14,093 - INFO - Loaded HPO parameters
2025-05-09 21:37:14,093 - INFO - Preparing datasets...
2025-05-09 21:37:18,444 - INFO - Prepared datasets: 287 train & 1000 validation samples
2025-05-09 21:37:18,444 - INFO - Initializing model...
2025-05-09 21:37:18,447 - INFO - Fitting model...
2025-05-09 21:38:18,822 - INFO - Saved weights to /s/ls4/users/selibrin/spiking_researches/correlation_encoding_and_training/mnist/hpo/shifted_stdp_synapse/hpo_data/hpo_iteration_data/4339489/estimator_1_neuron_8_weights.npy
2025-05-09 21:38:18,822 - INFO - Evaluating model...
2025-05-09 21:40:50,661 - INFO - Saved validation outputs to /s/ls4/users/selibrin/spiking_researches/correlation_encoding_and_training/mnist/hpo/shifted_stdp_synapse/hpo_data/hpo_iteration_data/4339489/estimator_1_neuron_8_validation_outputs.npy
2025-05-09 21:40:50,661 - INFO - Waiting for parameters file: /s/ls4/users/selibrin/spiking_researches/correlation_encoding_and_training/mnist/hpo/shifted_stdp_synapse/hpo_data/hpo_iteration_data/4339489/params_1_8.pkl
2025-05-09 21:41:45,723 - INFO - Loaded HPO parameters
2025-05-09 21:41:45,723 - INFO - Preparing datasets...
2025-05-09 21:41:49,056 - INFO - Prepared datasets: 287 train & 1000 validation samples
2025-05-09 21:41:49,057 - INFO - Initializing model...
2025-05-09 21:41:49,059 - INFO - Fitting model...
2025-05-09 21:42:37,100 - INFO - Saved weights to /s/ls4/users/selibrin/spiking_researches/correlation_encoding_and_training/mnist/hpo/shifted_stdp_synapse/hpo_data/hpo_iteration_data/4339489/estimator_1_neuron_8_weights.npy
2025-05-09 21:42:37,100 - INFO - Evaluating model...
2025-05-09 21:45:20,361 - INFO - Saved validation outputs to /s/ls4/users/selibrin/spiking_researches/correlation_encoding_and_training/mnist/hpo/shifted_stdp_synapse/hpo_data/hpo_iteration_data/4339489/estimator_1_neuron_8_validation_outputs.npy
2025-05-09 21:45:20,361 - INFO - Waiting for parameters file: /s/ls4/users/selibrin/spiking_researches/correlation_encoding_and_training/mnist/hpo/shifted_stdp_synapse/hpo_data/hpo_iteration_data/4339489/params_1_8.pkl
2025-05-09 21:45:50,398 - INFO - Loaded HPO parameters
2025-05-09 21:45:50,398 - INFO - Preparing datasets...
2025-05-09 21:45:54,406 - INFO - Prepared datasets: 1150 train & 1000 validation samples
2025-05-09 21:45:54,406 - INFO - Initializing model...
2025-05-09 21:45:54,409 - INFO - Fitting model...
2025-05-09 21:49:20,614 - INFO - Saved weights to /s/ls4/users/selibrin/spiking_researches/correlation_encoding_and_training/mnist/hpo/shifted_stdp_synapse/hpo_data/hpo_iteration_data/4339489/estimator_1_neuron_8_weights.npy
2025-05-09 21:49:20,614 - INFO - Evaluating model...
2025-05-09 21:52:22,133 - INFO - Saved validation outputs to /s/ls4/users/selibrin/spiking_researches/correlation_encoding_and_training/mnist/hpo/shifted_stdp_synapse/hpo_data/hpo_iteration_data/4339489/estimator_1_neuron_8_validation_outputs.npy
2025-05-09 21:52:22,133 - INFO - Waiting for parameters file: /s/ls4/users/selibrin/spiking_researches/correlation_encoding_and_training/mnist/hpo/shifted_stdp_synapse/hpo_data/hpo_iteration_data/4339489/params_1_8.pkl
2025-05-09 21:52:52,171 - INFO - Loaded HPO parameters
2025-05-09 21:52:52,171 - INFO - Preparing datasets...
2025-05-09 21:52:55,436 - INFO - Prepared datasets: 575 train & 1000 validation samples
2025-05-09 21:52:55,436 - INFO - Initializing model...
2025-05-09 21:52:55,438 - INFO - Fitting model...
2025-05-09 21:54:58,368 - INFO - Saved weights to /s/ls4/users/selibrin/spiking_researches/correlation_encoding_and_training/mnist/hpo/shifted_stdp_synapse/hpo_data/hpo_iteration_data/4339489/estimator_1_neuron_8_weights.npy
2025-05-09 21:54:58,369 - INFO - Evaluating model...
2025-05-09 21:57:20,186 - INFO - Saved validation outputs to /s/ls4/users/selibrin/spiking_researches/correlation_encoding_and_training/mnist/hpo/shifted_stdp_synapse/hpo_data/hpo_iteration_data/4339489/estimator_1_neuron_8_validation_outputs.npy
2025-05-09 21:57:20,186 - INFO - Waiting for parameters file: /s/ls4/users/selibrin/spiking_researches/correlation_encoding_and_training/mnist/hpo/shifted_stdp_synapse/hpo_data/hpo_iteration_data/4339489/params_1_8.pkl
2025-05-09 21:58:25,260 - INFO - Loaded HPO parameters
2025-05-09 21:58:25,260 - INFO - Preparing datasets...
2025-05-09 21:58:28,518 - INFO - Prepared datasets: 575 train & 1000 validation samples
2025-05-09 21:58:28,519 - INFO - Initializing model...
2025-05-09 21:58:28,521 - INFO - Fitting model...
2025-05-09 22:00:03,743 - INFO - Saved weights to /s/ls4/users/selibrin/spiking_researches/correlation_encoding_and_training/mnist/hpo/shifted_stdp_synapse/hpo_data/hpo_iteration_data/4339489/estimator_1_neuron_8_weights.npy
2025-05-09 22:00:03,743 - INFO - Evaluating model...
2025-05-09 22:02:21,981 - INFO - Saved validation outputs to /s/ls4/users/selibrin/spiking_researches/correlation_encoding_and_training/mnist/hpo/shifted_stdp_synapse/hpo_data/hpo_iteration_data/4339489/estimator_1_neuron_8_validation_outputs.npy
2025-05-09 22:02:21,981 - INFO - Waiting for parameters file: /s/ls4/users/selibrin/spiking_researches/correlation_encoding_and_training/mnist/hpo/shifted_stdp_synapse/hpo_data/hpo_iteration_data/4339489/params_1_8.pkl
2025-05-09 22:03:32,059 - INFO - Loaded HPO parameters
2025-05-09 22:03:32,060 - INFO - Preparing datasets...
2025-05-09 22:03:37,105 - INFO - Prepared datasets: 287 train & 1000 validation samples
2025-05-09 22:03:37,105 - INFO - Initializing model...
2025-05-09 22:03:37,109 - INFO - Fitting model...
2025-05-09 22:04:29,299 - INFO - Saved weights to /s/ls4/users/selibrin/spiking_researches/correlation_encoding_and_training/mnist/hpo/shifted_stdp_synapse/hpo_data/hpo_iteration_data/4339489/estimator_1_neuron_8_weights.npy
2025-05-09 22:04:29,299 - INFO - Evaluating model...
2025-05-09 22:07:08,335 - INFO - Saved validation outputs to /s/ls4/users/selibrin/spiking_researches/correlation_encoding_and_training/mnist/hpo/shifted_stdp_synapse/hpo_data/hpo_iteration_data/4339489/estimator_1_neuron_8_validation_outputs.npy
2025-05-09 22:07:08,336 - INFO - Waiting for parameters file: /s/ls4/users/selibrin/spiking_researches/correlation_encoding_and_training/mnist/hpo/shifted_stdp_synapse/hpo_data/hpo_iteration_data/4339489/params_1_8.pkl
2025-05-09 22:08:03,399 - INFO - Loaded HPO parameters
2025-05-09 22:08:03,399 - INFO - Preparing datasets...
2025-05-09 22:08:08,220 - INFO - Prepared datasets: 575 train & 1000 validation samples
2025-05-09 22:08:08,221 - INFO - Initializing model...
2025-05-09 22:08:08,224 - INFO - Fitting model...
2025-05-09 22:10:38,830 - INFO - Saved weights to /s/ls4/users/selibrin/spiking_researches/correlation_encoding_and_training/mnist/hpo/shifted_stdp_synapse/hpo_data/hpo_iteration_data/4339489/estimator_1_neuron_8_weights.npy
2025-05-09 22:10:38,830 - INFO - Evaluating model...
2025-05-09 22:13:20,736 - INFO - Saved validation outputs to /s/ls4/users/selibrin/spiking_researches/correlation_encoding_and_training/mnist/hpo/shifted_stdp_synapse/hpo_data/hpo_iteration_data/4339489/estimator_1_neuron_8_validation_outputs.npy
2025-05-09 22:13:20,737 - INFO - Waiting for parameters file: /s/ls4/users/selibrin/spiking_researches/correlation_encoding_and_training/mnist/hpo/shifted_stdp_synapse/hpo_data/hpo_iteration_data/4339489/params_1_8.pkl
2025-05-09 22:13:35,757 - INFO - Loaded HPO parameters
2025-05-09 22:13:35,757 - INFO - Preparing datasets...
2025-05-09 22:13:38,935 - INFO - Prepared datasets: 1150 train & 1000 validation samples
2025-05-09 22:13:38,935 - INFO - Initializing model...
2025-05-09 22:13:38,937 - INFO - Fitting model...
2025-05-09 22:17:06,682 - INFO - Saved weights to /s/ls4/users/selibrin/spiking_researches/correlation_encoding_and_training/mnist/hpo/shifted_stdp_synapse/hpo_data/hpo_iteration_data/4339489/estimator_1_neuron_8_weights.npy
2025-05-09 22:17:06,682 - INFO - Evaluating model...
2025-05-09 22:19:42,515 - INFO - Saved validation outputs to /s/ls4/users/selibrin/spiking_researches/correlation_encoding_and_training/mnist/hpo/shifted_stdp_synapse/hpo_data/hpo_iteration_data/4339489/estimator_1_neuron_8_validation_outputs.npy
2025-05-09 22:19:42,515 - INFO - Waiting for parameters file: /s/ls4/users/selibrin/spiking_researches/correlation_encoding_and_training/mnist/hpo/shifted_stdp_synapse/hpo_data/hpo_iteration_data/4339489/params_1_8.pkl
2025-05-09 22:21:42,645 - INFO - Loaded HPO parameters
2025-05-09 22:21:42,646 - INFO - Preparing datasets...
2025-05-09 22:21:45,989 - INFO - Prepared datasets: 287 train & 1000 validation samples
2025-05-09 22:21:45,990 - INFO - Initializing model...
2025-05-09 22:21:45,992 - INFO - Fitting model...
2025-05-09 22:22:33,139 - INFO - Saved weights to /s/ls4/users/selibrin/spiking_researches/correlation_encoding_and_training/mnist/hpo/shifted_stdp_synapse/hpo_data/hpo_iteration_data/4339489/estimator_1_neuron_8_weights.npy
2025-05-09 22:22:33,139 - INFO - Evaluating model...
2025-05-09 22:25:37,192 - INFO - Saved validation outputs to /s/ls4/users/selibrin/spiking_researches/correlation_encoding_and_training/mnist/hpo/shifted_stdp_synapse/hpo_data/hpo_iteration_data/4339489/estimator_1_neuron_8_validation_outputs.npy
2025-05-09 22:25:37,192 - INFO - Waiting for parameters file: /s/ls4/users/selibrin/spiking_researches/correlation_encoding_and_training/mnist/hpo/shifted_stdp_synapse/hpo_data/hpo_iteration_data/4339489/params_1_8.pkl
2025-05-09 22:26:12,235 - INFO - Loaded HPO parameters
2025-05-09 22:26:12,235 - INFO - Preparing datasets...
2025-05-09 22:26:15,553 - INFO - Prepared datasets: 575 train & 1000 validation samples
2025-05-09 22:26:15,554 - INFO - Initializing model...
2025-05-09 22:26:15,557 - INFO - Fitting model...
2025-05-09 22:28:01,476 - INFO - Saved weights to /s/ls4/users/selibrin/spiking_researches/correlation_encoding_and_training/mnist/hpo/shifted_stdp_synapse/hpo_data/hpo_iteration_data/4339489/estimator_1_neuron_8_weights.npy
2025-05-09 22:28:01,476 - INFO - Evaluating model...
2025-05-09 22:30:35,294 - INFO - Saved validation outputs to /s/ls4/users/selibrin/spiking_researches/correlation_encoding_and_training/mnist/hpo/shifted_stdp_synapse/hpo_data/hpo_iteration_data/4339489/estimator_1_neuron_8_validation_outputs.npy
2025-05-09 22:30:35,294 - INFO - Waiting for parameters file: /s/ls4/users/selibrin/spiking_researches/correlation_encoding_and_training/mnist/hpo/shifted_stdp_synapse/hpo_data/hpo_iteration_data/4339489/params_1_8.pkl
2025-05-09 22:31:15,333 - INFO - Loaded HPO parameters
2025-05-09 22:31:15,334 - INFO - Preparing datasets...
2025-05-09 22:31:18,657 - INFO - Prepared datasets: 1150 train & 1000 validation samples
2025-05-09 22:31:18,657 - INFO - Initializing model...
2025-05-09 22:31:18,659 - INFO - Fitting model...
2025-05-09 22:35:24,826 - INFO - Saved weights to /s/ls4/users/selibrin/spiking_researches/correlation_encoding_and_training/mnist/hpo/shifted_stdp_synapse/hpo_data/hpo_iteration_data/4339489/estimator_1_neuron_8_weights.npy
2025-05-09 22:35:24,826 - INFO - Evaluating model...
2025-05-09 22:38:07,628 - INFO - Saved validation outputs to /s/ls4/users/selibrin/spiking_researches/correlation_encoding_and_training/mnist/hpo/shifted_stdp_synapse/hpo_data/hpo_iteration_data/4339489/estimator_1_neuron_8_validation_outputs.npy
2025-05-09 22:38:07,628 - INFO - Waiting for parameters file: /s/ls4/users/selibrin/spiking_researches/correlation_encoding_and_training/mnist/hpo/shifted_stdp_synapse/hpo_data/hpo_iteration_data/4339489/params_1_8.pkl
2025-05-09 22:38:52,680 - INFO - Loaded HPO parameters
2025-05-09 22:38:52,680 - INFO - Preparing datasets...
2025-05-09 22:38:57,697 - INFO - Prepared datasets: 287 train & 1000 validation samples
2025-05-09 22:38:57,697 - INFO - Initializing model...
2025-05-09 22:38:57,700 - INFO - Fitting model...
2025-05-09 22:39:46,493 - INFO - Saved weights to /s/ls4/users/selibrin/spiking_researches/correlation_encoding_and_training/mnist/hpo/shifted_stdp_synapse/hpo_data/hpo_iteration_data/4339489/estimator_1_neuron_8_weights.npy
2025-05-09 22:39:46,493 - INFO - Evaluating model...
2025-05-09 22:42:34,394 - INFO - Saved validation outputs to /s/ls4/users/selibrin/spiking_researches/correlation_encoding_and_training/mnist/hpo/shifted_stdp_synapse/hpo_data/hpo_iteration_data/4339489/estimator_1_neuron_8_validation_outputs.npy
2025-05-09 22:42:34,394 - INFO - Waiting for parameters file: /s/ls4/users/selibrin/spiking_researches/correlation_encoding_and_training/mnist/hpo/shifted_stdp_synapse/hpo_data/hpo_iteration_data/4339489/params_1_8.pkl
2025-05-09 22:42:54,425 - INFO - Loaded HPO parameters
2025-05-09 22:42:54,426 - INFO - Preparing datasets...
2025-05-09 22:42:57,699 - INFO - Prepared datasets: 575 train & 1000 validation samples
2025-05-09 22:42:57,699 - INFO - Initializing model...
2025-05-09 22:42:57,701 - INFO - Fitting model...
2025-05-09 22:44:47,971 - INFO - Saved weights to /s/ls4/users/selibrin/spiking_researches/correlation_encoding_and_training/mnist/hpo/shifted_stdp_synapse/hpo_data/hpo_iteration_data/4339489/estimator_1_neuron_8_weights.npy
2025-05-09 22:44:47,971 - INFO - Evaluating model...
2025-05-09 22:47:33,580 - INFO - Saved validation outputs to /s/ls4/users/selibrin/spiking_researches/correlation_encoding_and_training/mnist/hpo/shifted_stdp_synapse/hpo_data/hpo_iteration_data/4339489/estimator_1_neuron_8_validation_outputs.npy
2025-05-09 22:47:33,580 - INFO - Waiting for parameters file: /s/ls4/users/selibrin/spiking_researches/correlation_encoding_and_training/mnist/hpo/shifted_stdp_synapse/hpo_data/hpo_iteration_data/4339489/params_1_8.pkl
2025-05-09 22:48:28,658 - INFO - Loaded HPO parameters
2025-05-09 22:48:28,658 - INFO - Preparing datasets...
2025-05-09 22:48:33,047 - INFO - Prepared datasets: 575 train & 1000 validation samples
2025-05-09 22:48:33,047 - INFO - Initializing model...
2025-05-09 22:48:33,050 - INFO - Fitting model...
2025-05-09 22:50:30,785 - INFO - Saved weights to /s/ls4/users/selibrin/spiking_researches/correlation_encoding_and_training/mnist/hpo/shifted_stdp_synapse/hpo_data/hpo_iteration_data/4339489/estimator_1_neuron_8_weights.npy
2025-05-09 22:50:30,785 - INFO - Evaluating model...
2025-05-09 22:53:09,215 - INFO - Saved validation outputs to /s/ls4/users/selibrin/spiking_researches/correlation_encoding_and_training/mnist/hpo/shifted_stdp_synapse/hpo_data/hpo_iteration_data/4339489/estimator_1_neuron_8_validation_outputs.npy
2025-05-09 22:53:09,215 - INFO - Waiting for parameters file: /s/ls4/users/selibrin/spiking_researches/correlation_encoding_and_training/mnist/hpo/shifted_stdp_synapse/hpo_data/hpo_iteration_data/4339489/params_1_8.pkl
2025-05-09 22:53:59,299 - INFO - Loaded HPO parameters
2025-05-09 22:53:59,299 - INFO - Preparing datasets...
2025-05-09 22:54:02,506 - INFO - Prepared datasets: 287 train & 1000 validation samples
2025-05-09 22:54:02,506 - INFO - Initializing model...
2025-05-09 22:54:02,509 - INFO - Fitting model...
2025-05-09 22:54:53,106 - INFO - Saved weights to /s/ls4/users/selibrin/spiking_researches/correlation_encoding_and_training/mnist/hpo/shifted_stdp_synapse/hpo_data/hpo_iteration_data/4339489/estimator_1_neuron_8_weights.npy
2025-05-09 22:54:53,106 - INFO - Evaluating model...
2025-05-09 22:57:18,835 - INFO - Saved validation outputs to /s/ls4/users/selibrin/spiking_researches/correlation_encoding_and_training/mnist/hpo/shifted_stdp_synapse/hpo_data/hpo_iteration_data/4339489/estimator_1_neuron_8_validation_outputs.npy
2025-05-09 22:57:18,836 - INFO - Waiting for parameters file: /s/ls4/users/selibrin/spiking_researches/correlation_encoding_and_training/mnist/hpo/shifted_stdp_synapse/hpo_data/hpo_iteration_data/4339489/params_1_8.pkl
2025-05-09 22:58:03,889 - INFO - Loaded HPO parameters
2025-05-09 22:58:03,889 - INFO - Preparing datasets...
2025-05-09 22:58:07,311 - INFO - Prepared datasets: 1150 train & 1000 validation samples
2025-05-09 22:58:07,311 - INFO - Initializing model...
2025-05-09 22:58:07,313 - INFO - Fitting model...
2025-05-09 23:01:39,403 - INFO - Saved weights to /s/ls4/users/selibrin/spiking_researches/correlation_encoding_and_training/mnist/hpo/shifted_stdp_synapse/hpo_data/hpo_iteration_data/4339489/estimator_1_neuron_8_weights.npy
2025-05-09 23:01:39,403 - INFO - Evaluating model...
2025-05-09 23:04:05,169 - INFO - Saved validation outputs to /s/ls4/users/selibrin/spiking_researches/correlation_encoding_and_training/mnist/hpo/shifted_stdp_synapse/hpo_data/hpo_iteration_data/4339489/estimator_1_neuron_8_validation_outputs.npy
2025-05-09 23:04:05,169 - INFO - Waiting for parameters file: /s/ls4/users/selibrin/spiking_researches/correlation_encoding_and_training/mnist/hpo/shifted_stdp_synapse/hpo_data/hpo_iteration_data/4339489/params_1_8.pkl
2025-05-09 23:05:10,243 - INFO - Loaded HPO parameters
2025-05-09 23:05:10,243 - INFO - Preparing datasets...
2025-05-09 23:05:15,377 - INFO - Prepared datasets: 1150 train & 1000 validation samples
2025-05-09 23:05:15,377 - INFO - Initializing model...
2025-05-09 23:05:15,380 - INFO - Fitting model...
2025-05-09 23:08:46,733 - INFO - Saved weights to /s/ls4/users/selibrin/spiking_researches/correlation_encoding_and_training/mnist/hpo/shifted_stdp_synapse/hpo_data/hpo_iteration_data/4339489/estimator_1_neuron_8_weights.npy
2025-05-09 23:08:46,733 - INFO - Evaluating model...
2025-05-09 23:11:12,285 - INFO - Saved validation outputs to /s/ls4/users/selibrin/spiking_researches/correlation_encoding_and_training/mnist/hpo/shifted_stdp_synapse/hpo_data/hpo_iteration_data/4339489/estimator_1_neuron_8_validation_outputs.npy
2025-05-09 23:11:12,285 - INFO - Waiting for parameters file: /s/ls4/users/selibrin/spiking_researches/correlation_encoding_and_training/mnist/hpo/shifted_stdp_synapse/hpo_data/hpo_iteration_data/4339489/params_1_8.pkl
2025-05-09 23:11:42,321 - INFO - Loaded HPO parameters
2025-05-09 23:11:42,321 - INFO - Preparing datasets...
2025-05-09 23:11:45,617 - INFO - Prepared datasets: 287 train & 1000 validation samples
2025-05-09 23:11:45,617 - INFO - Initializing model...
2025-05-09 23:11:45,619 - INFO - Fitting model...
2025-05-09 23:12:32,918 - INFO - Saved weights to /s/ls4/users/selibrin/spiking_researches/correlation_encoding_and_training/mnist/hpo/shifted_stdp_synapse/hpo_data/hpo_iteration_data/4339489/estimator_1_neuron_8_weights.npy
2025-05-09 23:12:32,918 - INFO - Evaluating model...
2025-05-09 23:15:16,478 - INFO - Saved validation outputs to /s/ls4/users/selibrin/spiking_researches/correlation_encoding_and_training/mnist/hpo/shifted_stdp_synapse/hpo_data/hpo_iteration_data/4339489/estimator_1_neuron_8_validation_outputs.npy
2025-05-09 23:15:16,479 - INFO - Waiting for parameters file: /s/ls4/users/selibrin/spiking_researches/correlation_encoding_and_training/mnist/hpo/shifted_stdp_synapse/hpo_data/hpo_iteration_data/4339489/params_1_8.pkl
2025-05-09 23:15:46,515 - INFO - Loaded HPO parameters
2025-05-09 23:15:46,515 - INFO - Preparing datasets...
2025-05-09 23:15:49,799 - INFO - Prepared datasets: 1150 train & 1000 validation samples
2025-05-09 23:15:49,799 - INFO - Initializing model...
2025-05-09 23:15:49,802 - INFO - Fitting model...
2025-05-09 23:20:22,773 - INFO - Saved weights to /s/ls4/users/selibrin/spiking_researches/correlation_encoding_and_training/mnist/hpo/shifted_stdp_synapse/hpo_data/hpo_iteration_data/4339489/estimator_1_neuron_8_weights.npy
2025-05-09 23:20:22,774 - INFO - Evaluating model...
2025-05-09 23:23:27,539 - INFO - Saved validation outputs to /s/ls4/users/selibrin/spiking_researches/correlation_encoding_and_training/mnist/hpo/shifted_stdp_synapse/hpo_data/hpo_iteration_data/4339489/estimator_1_neuron_8_validation_outputs.npy
2025-05-09 23:23:27,539 - INFO - Waiting for parameters file: /s/ls4/users/selibrin/spiking_researches/correlation_encoding_and_training/mnist/hpo/shifted_stdp_synapse/hpo_data/hpo_iteration_data/4339489/params_1_8.pkl
2025-05-09 23:23:52,570 - INFO - Loaded HPO parameters
2025-05-09 23:23:52,570 - INFO - Preparing datasets...
2025-05-09 23:23:55,999 - INFO - Prepared datasets: 1150 train & 1000 validation samples
2025-05-09 23:23:55,999 - INFO - Initializing model...
2025-05-09 23:23:56,001 - INFO - Fitting model...
2025-05-09 23:27:15,421 - INFO - Saved weights to /s/ls4/users/selibrin/spiking_researches/correlation_encoding_and_training/mnist/hpo/shifted_stdp_synapse/hpo_data/hpo_iteration_data/4339489/estimator_1_neuron_8_weights.npy
2025-05-09 23:27:15,421 - INFO - Evaluating model...
2025-05-09 23:30:00,979 - INFO - Saved validation outputs to /s/ls4/users/selibrin/spiking_researches/correlation_encoding_and_training/mnist/hpo/shifted_stdp_synapse/hpo_data/hpo_iteration_data/4339489/estimator_1_neuron_8_validation_outputs.npy
2025-05-09 23:30:00,979 - INFO - Waiting for parameters file: /s/ls4/users/selibrin/spiking_researches/correlation_encoding_and_training/mnist/hpo/shifted_stdp_synapse/hpo_data/hpo_iteration_data/4339489/params_1_8.pkl
2025-05-09 23:30:56,042 - INFO - Loaded HPO parameters
2025-05-09 23:30:56,042 - INFO - Preparing datasets...
2025-05-09 23:30:59,343 - INFO - Prepared datasets: 287 train & 1000 validation samples
2025-05-09 23:30:59,343 - INFO - Initializing model...
2025-05-09 23:30:59,347 - INFO - Fitting model...
2025-05-09 23:31:49,210 - INFO - Saved weights to /s/ls4/users/selibrin/spiking_researches/correlation_encoding_and_training/mnist/hpo/shifted_stdp_synapse/hpo_data/hpo_iteration_data/4339489/estimator_1_neuron_8_weights.npy
2025-05-09 23:31:49,210 - INFO - Evaluating model...
2025-05-09 23:34:35,504 - INFO - Saved validation outputs to /s/ls4/users/selibrin/spiking_researches/correlation_encoding_and_training/mnist/hpo/shifted_stdp_synapse/hpo_data/hpo_iteration_data/4339489/estimator_1_neuron_8_validation_outputs.npy
2025-05-09 23:34:35,504 - INFO - Waiting for parameters file: /s/ls4/users/selibrin/spiking_researches/correlation_encoding_and_training/mnist/hpo/shifted_stdp_synapse/hpo_data/hpo_iteration_data/4339489/params_1_8.pkl
2025-05-09 23:35:35,573 - INFO - Loaded HPO parameters
2025-05-09 23:35:35,573 - INFO - Preparing datasets...
2025-05-09 23:35:38,987 - INFO - Prepared datasets: 1150 train & 1000 validation samples
2025-05-09 23:35:38,987 - INFO - Initializing model...
2025-05-09 23:35:38,989 - INFO - Fitting model...
2025-05-09 23:40:49,202 - INFO - Saved weights to /s/ls4/users/selibrin/spiking_researches/correlation_encoding_and_training/mnist/hpo/shifted_stdp_synapse/hpo_data/hpo_iteration_data/4339489/estimator_1_neuron_8_weights.npy
2025-05-09 23:40:49,203 - INFO - Evaluating model...
2025-05-09 23:43:20,530 - INFO - Saved validation outputs to /s/ls4/users/selibrin/spiking_researches/correlation_encoding_and_training/mnist/hpo/shifted_stdp_synapse/hpo_data/hpo_iteration_data/4339489/estimator_1_neuron_8_validation_outputs.npy
2025-05-09 23:43:20,530 - INFO - Waiting for parameters file: /s/ls4/users/selibrin/spiking_researches/correlation_encoding_and_training/mnist/hpo/shifted_stdp_synapse/hpo_data/hpo_iteration_data/4339489/params_1_8.pkl
2025-05-09 23:43:40,556 - INFO - Loaded HPO parameters
2025-05-09 23:43:40,557 - INFO - Preparing datasets...
2025-05-09 23:43:43,838 - INFO - Prepared datasets: 287 train & 1000 validation samples
2025-05-09 23:43:43,838 - INFO - Initializing model...
2025-05-09 23:43:43,840 - INFO - Fitting model...
2025-05-09 23:44:28,895 - INFO - Saved weights to /s/ls4/users/selibrin/spiking_researches/correlation_encoding_and_training/mnist/hpo/shifted_stdp_synapse/hpo_data/hpo_iteration_data/4339489/estimator_1_neuron_8_weights.npy
2025-05-09 23:44:28,895 - INFO - Evaluating model...
2025-05-09 23:46:52,057 - INFO - Saved validation outputs to /s/ls4/users/selibrin/spiking_researches/correlation_encoding_and_training/mnist/hpo/shifted_stdp_synapse/hpo_data/hpo_iteration_data/4339489/estimator_1_neuron_8_validation_outputs.npy
2025-05-09 23:46:52,057 - INFO - Waiting for parameters file: /s/ls4/users/selibrin/spiking_researches/correlation_encoding_and_training/mnist/hpo/shifted_stdp_synapse/hpo_data/hpo_iteration_data/4339489/params_1_8.pkl
2025-05-09 23:48:17,152 - INFO - Loaded HPO parameters
2025-05-09 23:48:17,153 - INFO - Preparing datasets...
2025-05-09 23:48:21,502 - INFO - Prepared datasets: 575 train & 1000 validation samples
2025-05-09 23:48:21,502 - INFO - Initializing model...
2025-05-09 23:48:21,504 - INFO - Fitting model...
2025-05-09 23:50:14,850 - INFO - Saved weights to /s/ls4/users/selibrin/spiking_researches/correlation_encoding_and_training/mnist/hpo/shifted_stdp_synapse/hpo_data/hpo_iteration_data/4339489/estimator_1_neuron_8_weights.npy
2025-05-09 23:50:14,850 - INFO - Evaluating model...
2025-05-09 23:52:37,240 - INFO - Saved validation outputs to /s/ls4/users/selibrin/spiking_researches/correlation_encoding_and_training/mnist/hpo/shifted_stdp_synapse/hpo_data/hpo_iteration_data/4339489/estimator_1_neuron_8_validation_outputs.npy
2025-05-09 23:52:37,240 - INFO - Waiting for parameters file: /s/ls4/users/selibrin/spiking_researches/correlation_encoding_and_training/mnist/hpo/shifted_stdp_synapse/hpo_data/hpo_iteration_data/4339489/params_1_8.pkl
2025-05-09 23:53:22,291 - INFO - Loaded HPO parameters
2025-05-09 23:53:22,292 - INFO - Preparing datasets...
2025-05-09 23:53:26,180 - INFO - Prepared datasets: 575 train & 1000 validation samples
2025-05-09 23:53:26,180 - INFO - Initializing model...
2025-05-09 23:53:26,184 - INFO - Fitting model...
2025-05-09 23:55:15,982 - INFO - Saved weights to /s/ls4/users/selibrin/spiking_researches/correlation_encoding_and_training/mnist/hpo/shifted_stdp_synapse/hpo_data/hpo_iteration_data/4339489/estimator_1_neuron_8_weights.npy
2025-05-09 23:55:15,982 - INFO - Evaluating model...
2025-05-09 23:57:46,419 - INFO - Saved validation outputs to /s/ls4/users/selibrin/spiking_researches/correlation_encoding_and_training/mnist/hpo/shifted_stdp_synapse/hpo_data/hpo_iteration_data/4339489/estimator_1_neuron_8_validation_outputs.npy
2025-05-09 23:57:46,419 - INFO - Waiting for parameters file: /s/ls4/users/selibrin/spiking_researches/correlation_encoding_and_training/mnist/hpo/shifted_stdp_synapse/hpo_data/hpo_iteration_data/4339489/params_1_8.pkl
2025-05-09 23:58:26,465 - INFO - Loaded HPO parameters
2025-05-09 23:58:26,465 - INFO - Preparing datasets...
2025-05-09 23:58:29,701 - INFO - Prepared datasets: 1150 train & 1000 validation samples
2025-05-09 23:58:29,701 - INFO - Initializing model...
2025-05-09 23:58:29,704 - INFO - Fitting model...
2025-05-10 00:02:36,586 - INFO - Saved weights to /s/ls4/users/selibrin/spiking_researches/correlation_encoding_and_training/mnist/hpo/shifted_stdp_synapse/hpo_data/hpo_iteration_data/4339489/estimator_1_neuron_8_weights.npy
2025-05-10 00:02:36,586 - INFO - Evaluating model...
2025-05-10 00:05:19,325 - INFO - Saved validation outputs to /s/ls4/users/selibrin/spiking_researches/correlation_encoding_and_training/mnist/hpo/shifted_stdp_synapse/hpo_data/hpo_iteration_data/4339489/estimator_1_neuron_8_validation_outputs.npy
2025-05-10 00:05:19,325 - INFO - Waiting for parameters file: /s/ls4/users/selibrin/spiking_researches/correlation_encoding_and_training/mnist/hpo/shifted_stdp_synapse/hpo_data/hpo_iteration_data/4339489/params_1_8.pkl
2025-05-10 00:05:34,345 - INFO - Loaded HPO parameters
2025-05-10 00:05:34,345 - INFO - Preparing datasets...
2025-05-10 00:05:37,682 - INFO - Prepared datasets: 1150 train & 1000 validation samples
2025-05-10 00:05:37,682 - INFO - Initializing model...
2025-05-10 00:05:37,685 - INFO - Fitting model...
2025-05-10 00:09:33,037 - INFO - Saved weights to /s/ls4/users/selibrin/spiking_researches/correlation_encoding_and_training/mnist/hpo/shifted_stdp_synapse/hpo_data/hpo_iteration_data/4339489/estimator_1_neuron_8_weights.npy
2025-05-10 00:09:33,037 - INFO - Evaluating model...
2025-05-10 00:12:13,475 - INFO - Saved validation outputs to /s/ls4/users/selibrin/spiking_researches/correlation_encoding_and_training/mnist/hpo/shifted_stdp_synapse/hpo_data/hpo_iteration_data/4339489/estimator_1_neuron_8_validation_outputs.npy
2025-05-10 00:12:13,476 - INFO - Waiting for parameters file: /s/ls4/users/selibrin/spiking_researches/correlation_encoding_and_training/mnist/hpo/shifted_stdp_synapse/hpo_data/hpo_iteration_data/4339489/params_1_8.pkl
2025-05-10 00:12:43,516 - INFO - Loaded HPO parameters
2025-05-10 00:12:43,516 - INFO - Preparing datasets...
2025-05-10 00:12:47,496 - INFO - Prepared datasets: 287 train & 1000 validation samples
2025-05-10 00:12:47,497 - INFO - Initializing model...
2025-05-10 00:12:47,499 - INFO - Fitting model...
2025-05-10 00:13:34,563 - INFO - Saved weights to /s/ls4/users/selibrin/spiking_researches/correlation_encoding_and_training/mnist/hpo/shifted_stdp_synapse/hpo_data/hpo_iteration_data/4339489/estimator_1_neuron_8_weights.npy
2025-05-10 00:13:34,564 - INFO - Evaluating model...
2025-05-10 00:16:45,916 - INFO - Saved validation outputs to /s/ls4/users/selibrin/spiking_researches/correlation_encoding_and_training/mnist/hpo/shifted_stdp_synapse/hpo_data/hpo_iteration_data/4339489/estimator_1_neuron_8_validation_outputs.npy
2025-05-10 00:16:45,916 - INFO - Waiting for parameters file: /s/ls4/users/selibrin/spiking_researches/correlation_encoding_and_training/mnist/hpo/shifted_stdp_synapse/hpo_data/hpo_iteration_data/4339489/params_1_8.pkl
2025-05-10 00:17:15,949 - INFO - Loaded HPO parameters
2025-05-10 00:17:15,949 - INFO - Preparing datasets...
2025-05-10 00:17:19,876 - INFO - Prepared datasets: 287 train & 1000 validation samples
2025-05-10 00:17:19,876 - INFO - Initializing model...
2025-05-10 00:17:19,879 - INFO - Fitting model...
2025-05-10 00:18:14,533 - INFO - Saved weights to /s/ls4/users/selibrin/spiking_researches/correlation_encoding_and_training/mnist/hpo/shifted_stdp_synapse/hpo_data/hpo_iteration_data/4339489/estimator_1_neuron_8_weights.npy
2025-05-10 00:18:14,533 - INFO - Evaluating model...
2025-05-10 00:21:16,790 - INFO - Saved validation outputs to /s/ls4/users/selibrin/spiking_researches/correlation_encoding_and_training/mnist/hpo/shifted_stdp_synapse/hpo_data/hpo_iteration_data/4339489/estimator_1_neuron_8_validation_outputs.npy
2025-05-10 00:21:16,790 - INFO - Waiting for parameters file: /s/ls4/users/selibrin/spiking_researches/correlation_encoding_and_training/mnist/hpo/shifted_stdp_synapse/hpo_data/hpo_iteration_data/4339489/params_1_8.pkl
2025-05-10 00:21:51,833 - INFO - Loaded HPO parameters
2025-05-10 00:21:51,833 - INFO - Preparing datasets...
2025-05-10 00:21:55,169 - INFO - Prepared datasets: 575 train & 1000 validation samples
2025-05-10 00:21:55,169 - INFO - Initializing model...
2025-05-10 00:21:55,172 - INFO - Fitting model...
2025-05-10 00:23:33,468 - INFO - Saved weights to /s/ls4/users/selibrin/spiking_researches/correlation_encoding_and_training/mnist/hpo/shifted_stdp_synapse/hpo_data/hpo_iteration_data/4339489/estimator_1_neuron_8_weights.npy
2025-05-10 00:23:33,468 - INFO - Evaluating model...
2025-05-10 00:26:12,640 - INFO - Saved validation outputs to /s/ls4/users/selibrin/spiking_researches/correlation_encoding_and_training/mnist/hpo/shifted_stdp_synapse/hpo_data/hpo_iteration_data/4339489/estimator_1_neuron_8_validation_outputs.npy
2025-05-10 00:26:12,640 - INFO - Waiting for parameters file: /s/ls4/users/selibrin/spiking_researches/correlation_encoding_and_training/mnist/hpo/shifted_stdp_synapse/hpo_data/hpo_iteration_data/4339489/params_1_8.pkl
2025-05-10 00:27:02,695 - INFO - Loaded HPO parameters
2025-05-10 00:27:02,696 - INFO - Preparing datasets...
2025-05-10 00:27:07,827 - INFO - Prepared datasets: 575 train & 1000 validation samples
2025-05-10 00:27:07,828 - INFO - Initializing model...
2025-05-10 00:27:07,831 - INFO - Fitting model...
2025-05-10 00:29:01,730 - INFO - Saved weights to /s/ls4/users/selibrin/spiking_researches/correlation_encoding_and_training/mnist/hpo/shifted_stdp_synapse/hpo_data/hpo_iteration_data/4339489/estimator_1_neuron_8_weights.npy
2025-05-10 00:29:01,730 - INFO - Evaluating model...
2025-05-10 00:31:57,714 - INFO - Saved validation outputs to /s/ls4/users/selibrin/spiking_researches/correlation_encoding_and_training/mnist/hpo/shifted_stdp_synapse/hpo_data/hpo_iteration_data/4339489/estimator_1_neuron_8_validation_outputs.npy
2025-05-10 00:31:57,714 - INFO - Waiting for parameters file: /s/ls4/users/selibrin/spiking_researches/correlation_encoding_and_training/mnist/hpo/shifted_stdp_synapse/hpo_data/hpo_iteration_data/4339489/params_1_8.pkl
2025-05-10 00:32:08,590 - INFO - Loaded HPO parameters
2025-05-10 00:32:08,590 - INFO - Preparing datasets...
2025-05-10 00:32:12,984 - INFO - Prepared datasets: 575 train & 1000 validation samples
2025-05-10 00:32:12,984 - INFO - Initializing model...
2025-05-10 00:32:12,987 - INFO - Fitting model...
2025-05-10 00:34:07,168 - INFO - Saved weights to /s/ls4/users/selibrin/spiking_researches/correlation_encoding_and_training/mnist/hpo/shifted_stdp_synapse/hpo_data/hpo_iteration_data/4339489/estimator_1_neuron_8_weights.npy
2025-05-10 00:34:07,168 - INFO - Evaluating model...
2025-05-10 00:36:52,000 - INFO - Saved validation outputs to /s/ls4/users/selibrin/spiking_researches/correlation_encoding_and_training/mnist/hpo/shifted_stdp_synapse/hpo_data/hpo_iteration_data/4339489/estimator_1_neuron_8_validation_outputs.npy
2025-05-10 00:36:52,000 - INFO - Waiting for parameters file: /s/ls4/users/selibrin/spiking_researches/correlation_encoding_and_training/mnist/hpo/shifted_stdp_synapse/hpo_data/hpo_iteration_data/4339489/params_1_8.pkl
2025-05-10 00:37:12,025 - INFO - Loaded HPO parameters
2025-05-10 00:37:12,026 - INFO - Preparing datasets...
2025-05-10 00:37:15,513 - INFO - Prepared datasets: 575 train & 1000 validation samples
2025-05-10 00:37:15,513 - INFO - Initializing model...
2025-05-10 00:37:15,557 - INFO - Fitting model...
2025-05-10 00:38:59,857 - INFO - Saved weights to /s/ls4/users/selibrin/spiking_researches/correlation_encoding_and_training/mnist/hpo/shifted_stdp_synapse/hpo_data/hpo_iteration_data/4339489/estimator_1_neuron_8_weights.npy
2025-05-10 00:38:59,857 - INFO - Evaluating model...
2025-05-10 00:41:39,178 - INFO - Saved validation outputs to /s/ls4/users/selibrin/spiking_researches/correlation_encoding_and_training/mnist/hpo/shifted_stdp_synapse/hpo_data/hpo_iteration_data/4339489/estimator_1_neuron_8_validation_outputs.npy
2025-05-10 00:41:39,178 - INFO - Waiting for parameters file: /s/ls4/users/selibrin/spiking_researches/correlation_encoding_and_training/mnist/hpo/shifted_stdp_synapse/hpo_data/hpo_iteration_data/4339489/params_1_8.pkl
2025-05-10 00:42:19,225 - INFO - Loaded HPO parameters
2025-05-10 00:42:19,225 - INFO - Preparing datasets...
2025-05-10 00:42:22,730 - INFO - Prepared datasets: 575 train & 1000 validation samples
2025-05-10 00:42:22,730 - INFO - Initializing model...
2025-05-10 00:42:22,732 - INFO - Fitting model...
2025-05-10 00:43:53,458 - INFO - Saved weights to /s/ls4/users/selibrin/spiking_researches/correlation_encoding_and_training/mnist/hpo/shifted_stdp_synapse/hpo_data/hpo_iteration_data/4339489/estimator_1_neuron_8_weights.npy
2025-05-10 00:43:53,459 - INFO - Evaluating model...
2025-05-10 00:46:42,973 - INFO - Saved validation outputs to /s/ls4/users/selibrin/spiking_researches/correlation_encoding_and_training/mnist/hpo/shifted_stdp_synapse/hpo_data/hpo_iteration_data/4339489/estimator_1_neuron_8_validation_outputs.npy
2025-05-10 00:46:42,973 - INFO - Waiting for parameters file: /s/ls4/users/selibrin/spiking_researches/correlation_encoding_and_training/mnist/hpo/shifted_stdp_synapse/hpo_data/hpo_iteration_data/4339489/params_1_8.pkl
2025-05-10 00:47:28,043 - INFO - Loaded HPO parameters
2025-05-10 00:47:28,043 - INFO - Preparing datasets...
2025-05-10 00:47:31,508 - INFO - Prepared datasets: 575 train & 1000 validation samples
2025-05-10 00:47:31,509 - INFO - Initializing model...
2025-05-10 00:47:31,511 - INFO - Fitting model...
2025-05-10 00:49:13,535 - INFO - Saved weights to /s/ls4/users/selibrin/spiking_researches/correlation_encoding_and_training/mnist/hpo/shifted_stdp_synapse/hpo_data/hpo_iteration_data/4339489/estimator_1_neuron_8_weights.npy
2025-05-10 00:49:13,535 - INFO - Evaluating model...
2025-05-10 00:51:53,708 - INFO - Saved validation outputs to /s/ls4/users/selibrin/spiking_researches/correlation_encoding_and_training/mnist/hpo/shifted_stdp_synapse/hpo_data/hpo_iteration_data/4339489/estimator_1_neuron_8_validation_outputs.npy
2025-05-10 00:51:53,708 - INFO - Waiting for parameters file: /s/ls4/users/selibrin/spiking_researches/correlation_encoding_and_training/mnist/hpo/shifted_stdp_synapse/hpo_data/hpo_iteration_data/4339489/params_1_8.pkl
2025-05-10 00:52:33,754 - INFO - Loaded HPO parameters
2025-05-10 00:52:33,754 - INFO - Preparing datasets...
2025-05-10 00:52:37,011 - INFO - Prepared datasets: 575 train & 1000 validation samples
2025-05-10 00:52:37,011 - INFO - Initializing model...
2025-05-10 00:52:37,013 - INFO - Fitting model...
2025-05-10 00:54:25,041 - INFO - Saved weights to /s/ls4/users/selibrin/spiking_researches/correlation_encoding_and_training/mnist/hpo/shifted_stdp_synapse/hpo_data/hpo_iteration_data/4339489/estimator_1_neuron_8_weights.npy
2025-05-10 00:54:25,041 - INFO - Evaluating model...
2025-05-10 00:56:51,907 - INFO - Saved validation outputs to /s/ls4/users/selibrin/spiking_researches/correlation_encoding_and_training/mnist/hpo/shifted_stdp_synapse/hpo_data/hpo_iteration_data/4339489/estimator_1_neuron_8_validation_outputs.npy
2025-05-10 00:56:51,907 - INFO - Waiting for parameters file: /s/ls4/users/selibrin/spiking_researches/correlation_encoding_and_training/mnist/hpo/shifted_stdp_synapse/hpo_data/hpo_iteration_data/4339489/params_1_8.pkl
2025-05-10 00:57:36,961 - INFO - Loaded HPO parameters
2025-05-10 00:57:36,962 - INFO - Preparing datasets...
2025-05-10 00:57:40,155 - INFO - Prepared datasets: 575 train & 1000 validation samples
2025-05-10 00:57:40,155 - INFO - Initializing model...
2025-05-10 00:57:40,157 - INFO - Fitting model...
2025-05-10 00:59:50,194 - INFO - Saved weights to /s/ls4/users/selibrin/spiking_researches/correlation_encoding_and_training/mnist/hpo/shifted_stdp_synapse/hpo_data/hpo_iteration_data/4339489/estimator_1_neuron_8_weights.npy
2025-05-10 00:59:50,194 - INFO - Evaluating model...
2025-05-10 01:02:33,674 - INFO - Saved validation outputs to /s/ls4/users/selibrin/spiking_researches/correlation_encoding_and_training/mnist/hpo/shifted_stdp_synapse/hpo_data/hpo_iteration_data/4339489/estimator_1_neuron_8_validation_outputs.npy
2025-05-10 01:02:33,674 - INFO - Waiting for parameters file: /s/ls4/users/selibrin/spiking_researches/correlation_encoding_and_training/mnist/hpo/shifted_stdp_synapse/hpo_data/hpo_iteration_data/4339489/params_1_8.pkl
2025-05-10 01:02:43,687 - INFO - Loaded HPO parameters
2025-05-10 01:02:43,688 - INFO - Preparing datasets...
2025-05-10 01:02:46,994 - INFO - Prepared datasets: 575 train & 1000 validation samples
2025-05-10 01:02:46,995 - INFO - Initializing model...
2025-05-10 01:02:46,997 - INFO - Fitting model...
2025-05-10 01:04:15,873 - INFO - Saved weights to /s/ls4/users/selibrin/spiking_researches/correlation_encoding_and_training/mnist/hpo/shifted_stdp_synapse/hpo_data/hpo_iteration_data/4339489/estimator_1_neuron_8_weights.npy
2025-05-10 01:04:15,873 - INFO - Evaluating model...
2025-05-10 01:06:33,996 - INFO - Saved validation outputs to /s/ls4/users/selibrin/spiking_researches/correlation_encoding_and_training/mnist/hpo/shifted_stdp_synapse/hpo_data/hpo_iteration_data/4339489/estimator_1_neuron_8_validation_outputs.npy
2025-05-10 01:06:33,996 - INFO - Waiting for parameters file: /s/ls4/users/selibrin/spiking_researches/correlation_encoding_and_training/mnist/hpo/shifted_stdp_synapse/hpo_data/hpo_iteration_data/4339489/params_1_8.pkl
2025-05-10 01:07:54,085 - INFO - Loaded HPO parameters
2025-05-10 01:07:54,086 - INFO - Preparing datasets...
2025-05-10 01:07:57,463 - INFO - Prepared datasets: 575 train & 1000 validation samples
2025-05-10 01:07:57,464 - INFO - Initializing model...
2025-05-10 01:07:57,466 - INFO - Fitting model...
2025-05-10 01:09:58,806 - INFO - Saved weights to /s/ls4/users/selibrin/spiking_researches/correlation_encoding_and_training/mnist/hpo/shifted_stdp_synapse/hpo_data/hpo_iteration_data/4339489/estimator_1_neuron_8_weights.npy
2025-05-10 01:09:58,807 - INFO - Evaluating model...
2025-05-10 01:12:23,052 - INFO - Saved validation outputs to /s/ls4/users/selibrin/spiking_researches/correlation_encoding_and_training/mnist/hpo/shifted_stdp_synapse/hpo_data/hpo_iteration_data/4339489/estimator_1_neuron_8_validation_outputs.npy
2025-05-10 01:12:23,052 - INFO - Waiting for parameters file: /s/ls4/users/selibrin/spiking_researches/correlation_encoding_and_training/mnist/hpo/shifted_stdp_synapse/hpo_data/hpo_iteration_data/4339489/params_1_8.pkl
2025-05-10 01:13:28,142 - INFO - Loaded HPO parameters
2025-05-10 01:13:28,142 - INFO - Preparing datasets...
2025-05-10 01:13:31,494 - INFO - Prepared datasets: 575 train & 1000 validation samples
2025-05-10 01:13:31,495 - INFO - Initializing model...
2025-05-10 01:13:31,497 - INFO - Fitting model...
2025-05-10 01:15:01,971 - INFO - Saved weights to /s/ls4/users/selibrin/spiking_researches/correlation_encoding_and_training/mnist/hpo/shifted_stdp_synapse/hpo_data/hpo_iteration_data/4339489/estimator_1_neuron_8_weights.npy
2025-05-10 01:15:01,971 - INFO - Evaluating model...
2025-05-10 01:17:22,178 - INFO - Saved validation outputs to /s/ls4/users/selibrin/spiking_researches/correlation_encoding_and_training/mnist/hpo/shifted_stdp_synapse/hpo_data/hpo_iteration_data/4339489/estimator_1_neuron_8_validation_outputs.npy
2025-05-10 01:17:22,178 - INFO - Waiting for parameters file: /s/ls4/users/selibrin/spiking_researches/correlation_encoding_and_training/mnist/hpo/shifted_stdp_synapse/hpo_data/hpo_iteration_data/4339489/params_1_8.pkl
2025-05-10 01:18:37,264 - INFO - Loaded HPO parameters
2025-05-10 01:18:37,264 - INFO - Preparing datasets...
2025-05-10 01:18:40,436 - INFO - Prepared datasets: 575 train & 1000 validation samples
2025-05-10 01:18:40,436 - INFO - Initializing model...
2025-05-10 01:18:40,438 - INFO - Fitting model...
2025-05-10 01:20:40,025 - INFO - Saved weights to /s/ls4/users/selibrin/spiking_researches/correlation_encoding_and_training/mnist/hpo/shifted_stdp_synapse/hpo_data/hpo_iteration_data/4339489/estimator_1_neuron_8_weights.npy
2025-05-10 01:20:40,026 - INFO - Evaluating model...
2025-05-10 01:23:45,767 - INFO - Saved validation outputs to /s/ls4/users/selibrin/spiking_researches/correlation_encoding_and_training/mnist/hpo/shifted_stdp_synapse/hpo_data/hpo_iteration_data/4339489/estimator_1_neuron_8_validation_outputs.npy
2025-05-10 01:23:45,768 - INFO - Waiting for parameters file: /s/ls4/users/selibrin/spiking_researches/correlation_encoding_and_training/mnist/hpo/shifted_stdp_synapse/hpo_data/hpo_iteration_data/4339489/params_1_8.pkl
2025-05-10 01:24:10,799 - INFO - Loaded HPO parameters
2025-05-10 01:24:10,799 - INFO - Preparing datasets...
2025-05-10 01:24:15,971 - INFO - Prepared datasets: 575 train & 1000 validation samples
2025-05-10 01:24:15,971 - INFO - Initializing model...
2025-05-10 01:24:15,975 - INFO - Fitting model...
2025-05-10 01:26:31,701 - INFO - Saved weights to /s/ls4/users/selibrin/spiking_researches/correlation_encoding_and_training/mnist/hpo/shifted_stdp_synapse/hpo_data/hpo_iteration_data/4339489/estimator_1_neuron_8_weights.npy
2025-05-10 01:26:31,701 - INFO - Evaluating model...
2025-05-10 01:29:15,454 - INFO - Saved validation outputs to /s/ls4/users/selibrin/spiking_researches/correlation_encoding_and_training/mnist/hpo/shifted_stdp_synapse/hpo_data/hpo_iteration_data/4339489/estimator_1_neuron_8_validation_outputs.npy
2025-05-10 01:29:15,454 - INFO - Waiting for parameters file: /s/ls4/users/selibrin/spiking_researches/correlation_encoding_and_training/mnist/hpo/shifted_stdp_synapse/hpo_data/hpo_iteration_data/4339489/params_1_8.pkl
2025-05-10 01:29:50,495 - INFO - Loaded HPO parameters
2025-05-10 01:29:50,495 - INFO - Preparing datasets...
2025-05-10 01:29:54,084 - INFO - Prepared datasets: 575 train & 1000 validation samples
2025-05-10 01:29:54,084 - INFO - Initializing model...
2025-05-10 01:29:54,086 - INFO - Fitting model...
2025-05-10 01:31:26,725 - INFO - Saved weights to /s/ls4/users/selibrin/spiking_researches/correlation_encoding_and_training/mnist/hpo/shifted_stdp_synapse/hpo_data/hpo_iteration_data/4339489/estimator_1_neuron_8_weights.npy
2025-05-10 01:31:26,725 - INFO - Evaluating model...
2025-05-10 01:34:12,361 - INFO - Saved validation outputs to /s/ls4/users/selibrin/spiking_researches/correlation_encoding_and_training/mnist/hpo/shifted_stdp_synapse/hpo_data/hpo_iteration_data/4339489/estimator_1_neuron_8_validation_outputs.npy
2025-05-10 01:34:12,362 - INFO - Waiting for parameters file: /s/ls4/users/selibrin/spiking_researches/correlation_encoding_and_training/mnist/hpo/shifted_stdp_synapse/hpo_data/hpo_iteration_data/4339489/params_1_8.pkl
2025-05-10 01:35:22,441 - INFO - Loaded HPO parameters
2025-05-10 01:35:22,442 - INFO - Preparing datasets...
2025-05-10 01:35:25,748 - INFO - Prepared datasets: 575 train & 1000 validation samples
2025-05-10 01:35:25,748 - INFO - Initializing model...
2025-05-10 01:35:25,750 - INFO - Fitting model...
2025-05-10 01:37:09,446 - INFO - Saved weights to /s/ls4/users/selibrin/spiking_researches/correlation_encoding_and_training/mnist/hpo/shifted_stdp_synapse/hpo_data/hpo_iteration_data/4339489/estimator_1_neuron_8_weights.npy
2025-05-10 01:37:09,447 - INFO - Evaluating model...
2025-05-10 01:39:35,414 - INFO - Saved validation outputs to /s/ls4/users/selibrin/spiking_researches/correlation_encoding_and_training/mnist/hpo/shifted_stdp_synapse/hpo_data/hpo_iteration_data/4339489/estimator_1_neuron_8_validation_outputs.npy
2025-05-10 01:39:35,414 - INFO - Waiting for parameters file: /s/ls4/users/selibrin/spiking_researches/correlation_encoding_and_training/mnist/hpo/shifted_stdp_synapse/hpo_data/hpo_iteration_data/4339489/params_1_8.pkl
2025-05-10 01:40:30,477 - INFO - Loaded HPO parameters
2025-05-10 01:40:30,477 - INFO - Preparing datasets...
2025-05-10 01:40:33,743 - INFO - Prepared datasets: 575 train & 1000 validation samples
2025-05-10 01:40:33,743 - INFO - Initializing model...
2025-05-10 01:40:33,745 - INFO - Fitting model...
2025-05-10 01:42:12,647 - INFO - Saved weights to /s/ls4/users/selibrin/spiking_researches/correlation_encoding_and_training/mnist/hpo/shifted_stdp_synapse/hpo_data/hpo_iteration_data/4339489/estimator_1_neuron_8_weights.npy
2025-05-10 01:42:12,647 - INFO - Evaluating model...
2025-05-10 01:44:58,995 - INFO - Saved validation outputs to /s/ls4/users/selibrin/spiking_researches/correlation_encoding_and_training/mnist/hpo/shifted_stdp_synapse/hpo_data/hpo_iteration_data/4339489/estimator_1_neuron_8_validation_outputs.npy
2025-05-10 01:44:58,995 - INFO - Waiting for parameters file: /s/ls4/users/selibrin/spiking_researches/correlation_encoding_and_training/mnist/hpo/shifted_stdp_synapse/hpo_data/hpo_iteration_data/4339489/params_1_8.pkl
2025-05-10 01:45:39,043 - INFO - Loaded HPO parameters
2025-05-10 01:45:39,044 - INFO - Preparing datasets...
2025-05-10 01:45:42,372 - INFO - Prepared datasets: 575 train & 1000 validation samples
2025-05-10 01:45:42,372 - INFO - Initializing model...
2025-05-10 01:45:42,376 - INFO - Fitting model...
2025-05-10 01:47:44,963 - INFO - Saved weights to /s/ls4/users/selibrin/spiking_researches/correlation_encoding_and_training/mnist/hpo/shifted_stdp_synapse/hpo_data/hpo_iteration_data/4339489/estimator_1_neuron_8_weights.npy
2025-05-10 01:47:44,963 - INFO - Evaluating model...
2025-05-10 01:50:13,366 - INFO - Saved validation outputs to /s/ls4/users/selibrin/spiking_researches/correlation_encoding_and_training/mnist/hpo/shifted_stdp_synapse/hpo_data/hpo_iteration_data/4339489/estimator_1_neuron_8_validation_outputs.npy
2025-05-10 01:50:13,366 - INFO - Waiting for parameters file: /s/ls4/users/selibrin/spiking_researches/correlation_encoding_and_training/mnist/hpo/shifted_stdp_synapse/hpo_data/hpo_iteration_data/4339489/params_1_8.pkl
2025-05-10 01:51:43,468 - INFO - Loaded HPO parameters
2025-05-10 01:51:43,468 - INFO - Preparing datasets...
2025-05-10 01:51:47,052 - INFO - Prepared datasets: 575 train & 1000 validation samples
2025-05-10 01:51:47,052 - INFO - Initializing model...
2025-05-10 01:51:47,054 - INFO - Fitting model...
2025-05-10 01:53:26,006 - INFO - Saved weights to /s/ls4/users/selibrin/spiking_researches/correlation_encoding_and_training/mnist/hpo/shifted_stdp_synapse/hpo_data/hpo_iteration_data/4339489/estimator_1_neuron_8_weights.npy
2025-05-10 01:53:26,006 - INFO - Evaluating model...
2025-05-10 01:56:12,621 - INFO - Saved validation outputs to /s/ls4/users/selibrin/spiking_researches/correlation_encoding_and_training/mnist/hpo/shifted_stdp_synapse/hpo_data/hpo_iteration_data/4339489/estimator_1_neuron_8_validation_outputs.npy
2025-05-10 01:56:12,621 - INFO - Waiting for parameters file: /s/ls4/users/selibrin/spiking_researches/correlation_encoding_and_training/mnist/hpo/shifted_stdp_synapse/hpo_data/hpo_iteration_data/4339489/params_1_8.pkl
2025-05-10 01:56:47,663 - INFO - Loaded HPO parameters
2025-05-10 01:56:47,663 - INFO - Preparing datasets...
2025-05-10 01:56:51,078 - INFO - Prepared datasets: 575 train & 1000 validation samples
2025-05-10 01:56:51,078 - INFO - Initializing model...
2025-05-10 01:56:51,082 - INFO - Fitting model...
2025-05-10 01:58:29,759 - INFO - Saved weights to /s/ls4/users/selibrin/spiking_researches/correlation_encoding_and_training/mnist/hpo/shifted_stdp_synapse/hpo_data/hpo_iteration_data/4339489/estimator_1_neuron_8_weights.npy
2025-05-10 01:58:29,760 - INFO - Evaluating model...
2025-05-10 02:00:51,158 - INFO - Saved validation outputs to /s/ls4/users/selibrin/spiking_researches/correlation_encoding_and_training/mnist/hpo/shifted_stdp_synapse/hpo_data/hpo_iteration_data/4339489/estimator_1_neuron_8_validation_outputs.npy
2025-05-10 02:00:51,158 - INFO - Waiting for parameters file: /s/ls4/users/selibrin/spiking_researches/correlation_encoding_and_training/mnist/hpo/shifted_stdp_synapse/hpo_data/hpo_iteration_data/4339489/params_1_8.pkl
2025-05-10 02:02:26,266 - INFO - Loaded HPO parameters
2025-05-10 02:02:26,266 - INFO - Preparing datasets...
2025-05-10 02:02:29,974 - INFO - Prepared datasets: 575 train & 1000 validation samples
2025-05-10 02:02:29,974 - INFO - Initializing model...
2025-05-10 02:02:29,976 - INFO - Fitting model...
2025-05-10 02:04:06,071 - INFO - Saved weights to /s/ls4/users/selibrin/spiking_researches/correlation_encoding_and_training/mnist/hpo/shifted_stdp_synapse/hpo_data/hpo_iteration_data/4339489/estimator_1_neuron_8_weights.npy
2025-05-10 02:04:06,071 - INFO - Evaluating model...
2025-05-10 02:06:42,266 - INFO - Saved validation outputs to /s/ls4/users/selibrin/spiking_researches/correlation_encoding_and_training/mnist/hpo/shifted_stdp_synapse/hpo_data/hpo_iteration_data/4339489/estimator_1_neuron_8_validation_outputs.npy
2025-05-10 02:06:42,266 - INFO - Waiting for parameters file: /s/ls4/users/selibrin/spiking_researches/correlation_encoding_and_training/mnist/hpo/shifted_stdp_synapse/hpo_data/hpo_iteration_data/4339489/params_1_8.pkl
2025-05-10 02:07:32,324 - INFO - Loaded HPO parameters
2025-05-10 02:07:32,325 - INFO - Preparing datasets...
2025-05-10 02:07:35,725 - INFO - Prepared datasets: 575 train & 1000 validation samples
2025-05-10 02:07:35,725 - INFO - Initializing model...
2025-05-10 02:07:35,727 - INFO - Fitting model...
2025-05-10 02:09:49,668 - INFO - Saved weights to /s/ls4/users/selibrin/spiking_researches/correlation_encoding_and_training/mnist/hpo/shifted_stdp_synapse/hpo_data/hpo_iteration_data/4339489/estimator_1_neuron_8_weights.npy
2025-05-10 02:09:49,668 - INFO - Evaluating model...
2025-05-10 02:12:30,706 - INFO - Saved validation outputs to /s/ls4/users/selibrin/spiking_researches/correlation_encoding_and_training/mnist/hpo/shifted_stdp_synapse/hpo_data/hpo_iteration_data/4339489/estimator_1_neuron_8_validation_outputs.npy
2025-05-10 02:12:30,706 - INFO - Waiting for parameters file: /s/ls4/users/selibrin/spiking_researches/correlation_encoding_and_training/mnist/hpo/shifted_stdp_synapse/hpo_data/hpo_iteration_data/4339489/params_1_8.pkl
2025-05-10 02:13:10,805 - INFO - Loaded HPO parameters
2025-05-10 02:13:10,805 - INFO - Preparing datasets...
2025-05-10 02:13:14,662 - INFO - Prepared datasets: 575 train & 1000 validation samples
2025-05-10 02:13:14,662 - INFO - Initializing model...
2025-05-10 02:13:14,664 - INFO - Fitting model...
2025-05-10 02:14:57,417 - INFO - Saved weights to /s/ls4/users/selibrin/spiking_researches/correlation_encoding_and_training/mnist/hpo/shifted_stdp_synapse/hpo_data/hpo_iteration_data/4339489/estimator_1_neuron_8_weights.npy
2025-05-10 02:14:57,417 - INFO - Evaluating model...
2025-05-10 02:17:18,469 - INFO - Saved validation outputs to /s/ls4/users/selibrin/spiking_researches/correlation_encoding_and_training/mnist/hpo/shifted_stdp_synapse/hpo_data/hpo_iteration_data/4339489/estimator_1_neuron_8_validation_outputs.npy
2025-05-10 02:17:18,469 - INFO - Waiting for parameters file: /s/ls4/users/selibrin/spiking_researches/correlation_encoding_and_training/mnist/hpo/shifted_stdp_synapse/hpo_data/hpo_iteration_data/4339489/params_1_8.pkl
2025-05-10 02:18:13,533 - INFO - Loaded HPO parameters
2025-05-10 02:18:13,533 - INFO - Preparing datasets...
2025-05-10 02:18:16,734 - INFO - Prepared datasets: 575 train & 1000 validation samples
2025-05-10 02:18:16,734 - INFO - Initializing model...
2025-05-10 02:18:16,736 - INFO - Fitting model...
2025-05-10 02:19:50,433 - INFO - Saved weights to /s/ls4/users/selibrin/spiking_researches/correlation_encoding_and_training/mnist/hpo/shifted_stdp_synapse/hpo_data/hpo_iteration_data/4339489/estimator_1_neuron_8_weights.npy
2025-05-10 02:19:50,433 - INFO - Evaluating model...
2025-05-10 02:22:30,735 - INFO - Saved validation outputs to /s/ls4/users/selibrin/spiking_researches/correlation_encoding_and_training/mnist/hpo/shifted_stdp_synapse/hpo_data/hpo_iteration_data/4339489/estimator_1_neuron_8_validation_outputs.npy
2025-05-10 02:22:30,736 - INFO - Waiting for parameters file: /s/ls4/users/selibrin/spiking_researches/correlation_encoding_and_training/mnist/hpo/shifted_stdp_synapse/hpo_data/hpo_iteration_data/4339489/params_1_8.pkl
2025-05-10 02:23:20,793 - INFO - Loaded HPO parameters
2025-05-10 02:23:20,794 - INFO - Preparing datasets...
2025-05-10 02:23:24,222 - INFO - Prepared datasets: 575 train & 1000 validation samples
2025-05-10 02:23:24,223 - INFO - Initializing model...
2025-05-10 02:23:24,225 - INFO - Fitting model...
2025-05-10 02:24:59,896 - INFO - Saved weights to /s/ls4/users/selibrin/spiking_researches/correlation_encoding_and_training/mnist/hpo/shifted_stdp_synapse/hpo_data/hpo_iteration_data/4339489/estimator_1_neuron_8_weights.npy
2025-05-10 02:24:59,896 - INFO - Evaluating model...
2025-05-10 02:27:44,679 - INFO - Saved validation outputs to /s/ls4/users/selibrin/spiking_researches/correlation_encoding_and_training/mnist/hpo/shifted_stdp_synapse/hpo_data/hpo_iteration_data/4339489/estimator_1_neuron_8_validation_outputs.npy
2025-05-10 02:27:44,679 - INFO - Waiting for parameters file: /s/ls4/users/selibrin/spiking_researches/correlation_encoding_and_training/mnist/hpo/shifted_stdp_synapse/hpo_data/hpo_iteration_data/4339489/params_1_8.pkl
2025-05-10 02:28:29,730 - INFO - Loaded HPO parameters
2025-05-10 02:28:29,730 - INFO - Preparing datasets...
2025-05-10 02:28:34,444 - INFO - Prepared datasets: 575 train & 1000 validation samples
2025-05-10 02:28:34,444 - INFO - Initializing model...
2025-05-10 02:28:34,447 - INFO - Fitting model...
2025-05-10 02:30:07,767 - INFO - Saved weights to /s/ls4/users/selibrin/spiking_researches/correlation_encoding_and_training/mnist/hpo/shifted_stdp_synapse/hpo_data/hpo_iteration_data/4339489/estimator_1_neuron_8_weights.npy
2025-05-10 02:30:07,767 - INFO - Evaluating model...
2025-05-10 02:32:41,790 - INFO - Saved validation outputs to /s/ls4/users/selibrin/spiking_researches/correlation_encoding_and_training/mnist/hpo/shifted_stdp_synapse/hpo_data/hpo_iteration_data/4339489/estimator_1_neuron_8_validation_outputs.npy
2025-05-10 02:32:41,791 - INFO - Waiting for parameters file: /s/ls4/users/selibrin/spiking_researches/correlation_encoding_and_training/mnist/hpo/shifted_stdp_synapse/hpo_data/hpo_iteration_data/4339489/params_1_8.pkl
2025-05-10 02:33:36,857 - INFO - Loaded HPO parameters
2025-05-10 02:33:36,857 - INFO - Preparing datasets...
2025-05-10 02:33:41,714 - INFO - Prepared datasets: 575 train & 1000 validation samples
2025-05-10 02:33:41,714 - INFO - Initializing model...
2025-05-10 02:33:41,717 - INFO - Fitting model...
2025-05-10 02:35:11,342 - INFO - Saved weights to /s/ls4/users/selibrin/spiking_researches/correlation_encoding_and_training/mnist/hpo/shifted_stdp_synapse/hpo_data/hpo_iteration_data/4339489/estimator_1_neuron_8_weights.npy
2025-05-10 02:35:11,343 - INFO - Evaluating model...
2025-05-10 02:37:32,702 - INFO - Saved validation outputs to /s/ls4/users/selibrin/spiking_researches/correlation_encoding_and_training/mnist/hpo/shifted_stdp_synapse/hpo_data/hpo_iteration_data/4339489/estimator_1_neuron_8_validation_outputs.npy
2025-05-10 02:37:32,702 - INFO - Waiting for parameters file: /s/ls4/users/selibrin/spiking_researches/correlation_encoding_and_training/mnist/hpo/shifted_stdp_synapse/hpo_data/hpo_iteration_data/4339489/params_1_8.pkl
2025-05-10 02:38:42,783 - INFO - Loaded HPO parameters
2025-05-10 02:38:42,783 - INFO - Preparing datasets...
2025-05-10 02:38:46,290 - INFO - Prepared datasets: 575 train & 1000 validation samples
2025-05-10 02:38:46,290 - INFO - Initializing model...
2025-05-10 02:38:46,292 - INFO - Fitting model...
2025-05-10 02:40:46,281 - INFO - Saved weights to /s/ls4/users/selibrin/spiking_researches/correlation_encoding_and_training/mnist/hpo/shifted_stdp_synapse/hpo_data/hpo_iteration_data/4339489/estimator_1_neuron_8_weights.npy
2025-05-10 02:40:46,282 - INFO - Evaluating model...
2025-05-10 02:43:23,735 - INFO - Saved validation outputs to /s/ls4/users/selibrin/spiking_researches/correlation_encoding_and_training/mnist/hpo/shifted_stdp_synapse/hpo_data/hpo_iteration_data/4339489/estimator_1_neuron_8_validation_outputs.npy
2025-05-10 02:43:23,735 - INFO - Waiting for parameters file: /s/ls4/users/selibrin/spiking_researches/correlation_encoding_and_training/mnist/hpo/shifted_stdp_synapse/hpo_data/hpo_iteration_data/4339489/params_1_8.pkl
2025-05-10 02:43:48,767 - INFO - Loaded HPO parameters
2025-05-10 02:43:48,767 - INFO - Preparing datasets...
2025-05-10 02:43:53,198 - INFO - Prepared datasets: 575 train & 1000 validation samples
2025-05-10 02:43:53,199 - INFO - Initializing model...
2025-05-10 02:43:53,203 - INFO - Fitting model...
2025-05-10 02:45:27,762 - INFO - Saved weights to /s/ls4/users/selibrin/spiking_researches/correlation_encoding_and_training/mnist/hpo/shifted_stdp_synapse/hpo_data/hpo_iteration_data/4339489/estimator_1_neuron_8_weights.npy
2025-05-10 02:45:27,762 - INFO - Evaluating model...
2025-05-10 02:48:08,110 - INFO - Saved validation outputs to /s/ls4/users/selibrin/spiking_researches/correlation_encoding_and_training/mnist/hpo/shifted_stdp_synapse/hpo_data/hpo_iteration_data/4339489/estimator_1_neuron_8_validation_outputs.npy
2025-05-10 02:48:08,110 - INFO - Waiting for parameters file: /s/ls4/users/selibrin/spiking_researches/correlation_encoding_and_training/mnist/hpo/shifted_stdp_synapse/hpo_data/hpo_iteration_data/4339489/params_1_8.pkl
2025-05-10 02:48:53,161 - INFO - Loaded HPO parameters
2025-05-10 02:48:53,161 - INFO - Preparing datasets...
2025-05-10 02:48:57,792 - INFO - Prepared datasets: 575 train & 1000 validation samples
2025-05-10 02:48:57,792 - INFO - Initializing model...
2025-05-10 02:48:57,794 - INFO - Fitting model...
2025-05-10 02:50:39,228 - INFO - Saved weights to /s/ls4/users/selibrin/spiking_researches/correlation_encoding_and_training/mnist/hpo/shifted_stdp_synapse/hpo_data/hpo_iteration_data/4339489/estimator_1_neuron_8_weights.npy
2025-05-10 02:50:39,228 - INFO - Evaluating model...
2025-05-10 02:53:11,530 - INFO - Saved validation outputs to /s/ls4/users/selibrin/spiking_researches/correlation_encoding_and_training/mnist/hpo/shifted_stdp_synapse/hpo_data/hpo_iteration_data/4339489/estimator_1_neuron_8_validation_outputs.npy
2025-05-10 02:53:11,530 - INFO - Waiting for parameters file: /s/ls4/users/selibrin/spiking_researches/correlation_encoding_and_training/mnist/hpo/shifted_stdp_synapse/hpo_data/hpo_iteration_data/4339489/params_1_8.pkl
2025-05-10 02:53:56,581 - INFO - Loaded HPO parameters
2025-05-10 02:53:56,582 - INFO - Preparing datasets...
2025-05-10 02:54:00,010 - INFO - Prepared datasets: 575 train & 1000 validation samples
2025-05-10 02:54:00,011 - INFO - Initializing model...
2025-05-10 02:54:00,014 - INFO - Fitting model...
2025-05-10 02:56:39,545 - INFO - Saved weights to /s/ls4/users/selibrin/spiking_researches/correlation_encoding_and_training/mnist/hpo/shifted_stdp_synapse/hpo_data/hpo_iteration_data/4339489/estimator_1_neuron_8_weights.npy
2025-05-10 02:56:39,545 - INFO - Evaluating model...
2025-05-10 02:59:11,157 - INFO - Saved validation outputs to /s/ls4/users/selibrin/spiking_researches/correlation_encoding_and_training/mnist/hpo/shifted_stdp_synapse/hpo_data/hpo_iteration_data/4339489/estimator_1_neuron_8_validation_outputs.npy
2025-05-10 02:59:11,157 - INFO - Waiting for parameters file: /s/ls4/users/selibrin/spiking_researches/correlation_encoding_and_training/mnist/hpo/shifted_stdp_synapse/hpo_data/hpo_iteration_data/4339489/params_1_8.pkl
2025-05-10 02:59:26,196 - INFO - Loaded HPO parameters
2025-05-10 02:59:26,196 - INFO - Preparing datasets...
2025-05-10 02:59:29,315 - INFO - Prepared datasets: 575 train & 1000 validation samples
2025-05-10 02:59:29,315 - INFO - Initializing model...
2025-05-10 02:59:29,317 - INFO - Fitting model...
2025-05-10 03:01:23,058 - INFO - Saved weights to /s/ls4/users/selibrin/spiking_researches/correlation_encoding_and_training/mnist/hpo/shifted_stdp_synapse/hpo_data/hpo_iteration_data/4339489/estimator_1_neuron_8_weights.npy
2025-05-10 03:01:23,058 - INFO - Evaluating model...
2025-05-10 03:03:51,042 - INFO - Saved validation outputs to /s/ls4/users/selibrin/spiking_researches/correlation_encoding_and_training/mnist/hpo/shifted_stdp_synapse/hpo_data/hpo_iteration_data/4339489/estimator_1_neuron_8_validation_outputs.npy
2025-05-10 03:03:51,042 - INFO - Waiting for parameters file: /s/ls4/users/selibrin/spiking_researches/correlation_encoding_and_training/mnist/hpo/shifted_stdp_synapse/hpo_data/hpo_iteration_data/4339489/params_1_8.pkl
2025-05-10 03:04:31,089 - INFO - Loaded HPO parameters
2025-05-10 03:04:31,089 - INFO - Preparing datasets...
2025-05-10 03:04:34,493 - INFO - Prepared datasets: 287 train & 1000 validation samples
2025-05-10 03:04:34,517 - INFO - Initializing model...
2025-05-10 03:04:34,519 - INFO - Fitting model...
2025-05-10 03:05:30,727 - INFO - Saved weights to /s/ls4/users/selibrin/spiking_researches/correlation_encoding_and_training/mnist/hpo/shifted_stdp_synapse/hpo_data/hpo_iteration_data/4339489/estimator_1_neuron_8_weights.npy
2025-05-10 03:05:30,727 - INFO - Evaluating model...
2025-05-10 03:08:04,879 - INFO - Saved validation outputs to /s/ls4/users/selibrin/spiking_researches/correlation_encoding_and_training/mnist/hpo/shifted_stdp_synapse/hpo_data/hpo_iteration_data/4339489/estimator_1_neuron_8_validation_outputs.npy
2025-05-10 03:08:04,879 - INFO - Waiting for parameters file: /s/ls4/users/selibrin/spiking_researches/correlation_encoding_and_training/mnist/hpo/shifted_stdp_synapse/hpo_data/hpo_iteration_data/4339489/params_1_8.pkl
2025-05-10 03:08:34,914 - INFO - Loaded HPO parameters
2025-05-10 03:08:34,914 - INFO - Preparing datasets...
2025-05-10 03:08:38,460 - INFO - Prepared datasets: 1150 train & 1000 validation samples
2025-05-10 03:08:38,460 - INFO - Initializing model...
2025-05-10 03:08:38,463 - INFO - Fitting model...
2025-05-10 03:12:01,151 - INFO - Saved weights to /s/ls4/users/selibrin/spiking_researches/correlation_encoding_and_training/mnist/hpo/shifted_stdp_synapse/hpo_data/hpo_iteration_data/4339489/estimator_1_neuron_8_weights.npy
2025-05-10 03:12:01,151 - INFO - Evaluating model...
2025-05-10 03:14:20,899 - INFO - Saved validation outputs to /s/ls4/users/selibrin/spiking_researches/correlation_encoding_and_training/mnist/hpo/shifted_stdp_synapse/hpo_data/hpo_iteration_data/4339489/estimator_1_neuron_8_validation_outputs.npy
2025-05-10 03:14:20,899 - INFO - Waiting for parameters file: /s/ls4/users/selibrin/spiking_researches/correlation_encoding_and_training/mnist/hpo/shifted_stdp_synapse/hpo_data/hpo_iteration_data/4339489/params_1_8.pkl
2025-05-10 03:15:36,006 - INFO - Loaded HPO parameters
2025-05-10 03:15:36,006 - INFO - Preparing datasets...
2025-05-10 03:15:39,200 - INFO - Prepared datasets: 575 train & 1000 validation samples
2025-05-10 03:15:39,200 - INFO - Initializing model...
2025-05-10 03:15:39,204 - INFO - Fitting model...
2025-05-10 03:17:07,403 - INFO - Saved weights to /s/ls4/users/selibrin/spiking_researches/correlation_encoding_and_training/mnist/hpo/shifted_stdp_synapse/hpo_data/hpo_iteration_data/4339489/estimator_1_neuron_8_weights.npy
2025-05-10 03:17:07,404 - INFO - Evaluating model...
2025-05-10 03:19:29,349 - INFO - Saved validation outputs to /s/ls4/users/selibrin/spiking_researches/correlation_encoding_and_training/mnist/hpo/shifted_stdp_synapse/hpo_data/hpo_iteration_data/4339489/estimator_1_neuron_8_validation_outputs.npy
2025-05-10 03:19:29,350 - INFO - Waiting for parameters file: /s/ls4/users/selibrin/spiking_researches/correlation_encoding_and_training/mnist/hpo/shifted_stdp_synapse/hpo_data/hpo_iteration_data/4339489/params_1_8.pkl
2025-05-10 03:20:39,429 - INFO - Loaded HPO parameters
2025-05-10 03:20:39,429 - INFO - Preparing datasets...
2025-05-10 03:20:42,589 - INFO - Prepared datasets: 575 train & 1000 validation samples
2025-05-10 03:20:42,590 - INFO - Initializing model...
2025-05-10 03:20:42,592 - INFO - Fitting model...
2025-05-10 03:22:10,680 - INFO - Saved weights to /s/ls4/users/selibrin/spiking_researches/correlation_encoding_and_training/mnist/hpo/shifted_stdp_synapse/hpo_data/hpo_iteration_data/4339489/estimator_1_neuron_8_weights.npy
2025-05-10 03:22:10,680 - INFO - Evaluating model...
2025-05-10 03:24:25,897 - INFO - Saved validation outputs to /s/ls4/users/selibrin/spiking_researches/correlation_encoding_and_training/mnist/hpo/shifted_stdp_synapse/hpo_data/hpo_iteration_data/4339489/estimator_1_neuron_8_validation_outputs.npy
2025-05-10 03:24:25,897 - INFO - Waiting for parameters file: /s/ls4/users/selibrin/spiking_researches/correlation_encoding_and_training/mnist/hpo/shifted_stdp_synapse/hpo_data/hpo_iteration_data/4339489/params_1_8.pkl
2025-05-10 03:25:45,984 - INFO - Loaded HPO parameters
2025-05-10 03:25:45,984 - INFO - Preparing datasets...
2025-05-10 03:25:51,024 - INFO - Prepared datasets: 287 train & 1000 validation samples
2025-05-10 03:25:51,025 - INFO - Initializing model...
2025-05-10 03:25:51,028 - INFO - Fitting model...
2025-05-10 03:26:58,887 - INFO - Saved weights to /s/ls4/users/selibrin/spiking_researches/correlation_encoding_and_training/mnist/hpo/shifted_stdp_synapse/hpo_data/hpo_iteration_data/4339489/estimator_1_neuron_8_weights.npy
2025-05-10 03:26:58,887 - INFO - Evaluating model...
2025-05-10 03:29:23,827 - INFO - Saved validation outputs to /s/ls4/users/selibrin/spiking_researches/correlation_encoding_and_training/mnist/hpo/shifted_stdp_synapse/hpo_data/hpo_iteration_data/4339489/estimator_1_neuron_8_validation_outputs.npy
2025-05-10 03:29:23,828 - INFO - Waiting for parameters file: /s/ls4/users/selibrin/spiking_researches/correlation_encoding_and_training/mnist/hpo/shifted_stdp_synapse/hpo_data/hpo_iteration_data/4339489/params_1_8.pkl
2025-05-10 03:30:18,891 - INFO - Loaded HPO parameters
2025-05-10 03:30:18,891 - INFO - Preparing datasets...
2025-05-10 03:30:22,504 - INFO - Prepared datasets: 1150 train & 1000 validation samples
2025-05-10 03:30:22,504 - INFO - Initializing model...
2025-05-10 03:30:22,507 - INFO - Fitting model...
2025-05-10 03:33:50,104 - INFO - Saved weights to /s/ls4/users/selibrin/spiking_researches/correlation_encoding_and_training/mnist/hpo/shifted_stdp_synapse/hpo_data/hpo_iteration_data/4339489/estimator_1_neuron_8_weights.npy
2025-05-10 03:33:50,104 - INFO - Evaluating model...
2025-05-10 03:36:16,014 - INFO - Saved validation outputs to /s/ls4/users/selibrin/spiking_researches/correlation_encoding_and_training/mnist/hpo/shifted_stdp_synapse/hpo_data/hpo_iteration_data/4339489/estimator_1_neuron_8_validation_outputs.npy
2025-05-10 03:36:16,014 - INFO - Waiting for parameters file: /s/ls4/users/selibrin/spiking_researches/correlation_encoding_and_training/mnist/hpo/shifted_stdp_synapse/hpo_data/hpo_iteration_data/4339489/params_1_8.pkl
2025-05-10 03:37:21,088 - INFO - Loaded HPO parameters
2025-05-10 03:37:21,088 - INFO - Preparing datasets...
2025-05-10 03:37:25,416 - INFO - Prepared datasets: 575 train & 1000 validation samples
2025-05-10 03:37:25,416 - INFO - Initializing model...
2025-05-10 03:37:25,419 - INFO - Fitting model...
2025-05-10 03:39:22,382 - INFO - Saved weights to /s/ls4/users/selibrin/spiking_researches/correlation_encoding_and_training/mnist/hpo/shifted_stdp_synapse/hpo_data/hpo_iteration_data/4339489/estimator_1_neuron_8_weights.npy
2025-05-10 03:39:22,383 - INFO - Evaluating model...
2025-05-10 03:41:39,809 - INFO - Saved validation outputs to /s/ls4/users/selibrin/spiking_researches/correlation_encoding_and_training/mnist/hpo/shifted_stdp_synapse/hpo_data/hpo_iteration_data/4339489/estimator_1_neuron_8_validation_outputs.npy
2025-05-10 03:41:39,809 - INFO - Waiting for parameters file: /s/ls4/users/selibrin/spiking_researches/correlation_encoding_and_training/mnist/hpo/shifted_stdp_synapse/hpo_data/hpo_iteration_data/4339489/params_1_8.pkl
2025-05-10 03:41:54,828 - INFO - Loaded HPO parameters
2025-05-10 03:41:54,828 - INFO - Preparing datasets...
2025-05-10 03:41:58,108 - INFO - Prepared datasets: 575 train & 1000 validation samples
2025-05-10 03:41:58,108 - INFO - Initializing model...
2025-05-10 03:41:58,110 - INFO - Fitting model...
2025-05-10 03:43:26,011 - INFO - Saved weights to /s/ls4/users/selibrin/spiking_researches/correlation_encoding_and_training/mnist/hpo/shifted_stdp_synapse/hpo_data/hpo_iteration_data/4339489/estimator_1_neuron_8_weights.npy
2025-05-10 03:43:26,011 - INFO - Evaluating model...
2025-05-10 03:45:46,149 - INFO - Saved validation outputs to /s/ls4/users/selibrin/spiking_researches/correlation_encoding_and_training/mnist/hpo/shifted_stdp_synapse/hpo_data/hpo_iteration_data/4339489/estimator_1_neuron_8_validation_outputs.npy
2025-05-10 03:45:46,149 - INFO - Waiting for parameters file: /s/ls4/users/selibrin/spiking_researches/correlation_encoding_and_training/mnist/hpo/shifted_stdp_synapse/hpo_data/hpo_iteration_data/4339489/params_1_8.pkl
2025-05-10 03:46:01,169 - INFO - Loaded HPO parameters
2025-05-10 03:46:01,169 - INFO - Preparing datasets...
2025-05-10 03:46:04,283 - INFO - Prepared datasets: 575 train & 1000 validation samples
2025-05-10 03:46:04,284 - INFO - Initializing model...
2025-05-10 03:46:04,287 - INFO - Fitting model...
2025-05-10 03:48:03,406 - INFO - Saved weights to /s/ls4/users/selibrin/spiking_researches/correlation_encoding_and_training/mnist/hpo/shifted_stdp_synapse/hpo_data/hpo_iteration_data/4339489/estimator_1_neuron_8_weights.npy
2025-05-10 03:48:03,407 - INFO - Evaluating model...
2025-05-10 03:50:28,500 - INFO - Saved validation outputs to /s/ls4/users/selibrin/spiking_researches/correlation_encoding_and_training/mnist/hpo/shifted_stdp_synapse/hpo_data/hpo_iteration_data/4339489/estimator_1_neuron_8_validation_outputs.npy
2025-05-10 03:50:28,500 - INFO - Waiting for parameters file: /s/ls4/users/selibrin/spiking_researches/correlation_encoding_and_training/mnist/hpo/shifted_stdp_synapse/hpo_data/hpo_iteration_data/4339489/params_1_8.pkl
2025-05-10 03:51:03,542 - INFO - Loaded HPO parameters
2025-05-10 03:51:03,542 - INFO - Preparing datasets...
2025-05-10 03:51:06,792 - INFO - Prepared datasets: 287 train & 1000 validation samples
2025-05-10 03:51:06,793 - INFO - Initializing model...
2025-05-10 03:51:06,795 - INFO - Fitting model...
2025-05-10 03:51:50,923 - INFO - Saved weights to /s/ls4/users/selibrin/spiking_researches/correlation_encoding_and_training/mnist/hpo/shifted_stdp_synapse/hpo_data/hpo_iteration_data/4339489/estimator_1_neuron_8_weights.npy
2025-05-10 03:51:50,923 - INFO - Evaluating model...
2025-05-10 03:54:09,103 - INFO - Saved validation outputs to /s/ls4/users/selibrin/spiking_researches/correlation_encoding_and_training/mnist/hpo/shifted_stdp_synapse/hpo_data/hpo_iteration_data/4339489/estimator_1_neuron_8_validation_outputs.npy
2025-05-10 03:54:09,104 - INFO - Waiting for parameters file: /s/ls4/users/selibrin/spiking_researches/correlation_encoding_and_training/mnist/hpo/shifted_stdp_synapse/hpo_data/hpo_iteration_data/4339489/params_1_8.pkl
2025-05-10 03:54:34,135 - INFO - Loaded HPO parameters
2025-05-10 03:54:34,136 - INFO - Preparing datasets...
2025-05-10 03:54:37,281 - INFO - Prepared datasets: 287 train & 1000 validation samples
2025-05-10 03:54:37,281 - INFO - Initializing model...
2025-05-10 03:54:37,284 - INFO - Fitting model...
2025-05-10 03:55:24,346 - INFO - Saved weights to /s/ls4/users/selibrin/spiking_researches/correlation_encoding_and_training/mnist/hpo/shifted_stdp_synapse/hpo_data/hpo_iteration_data/4339489/estimator_1_neuron_8_weights.npy
2025-05-10 03:55:24,346 - INFO - Evaluating model...
2025-05-10 03:57:42,141 - INFO - Saved validation outputs to /s/ls4/users/selibrin/spiking_researches/correlation_encoding_and_training/mnist/hpo/shifted_stdp_synapse/hpo_data/hpo_iteration_data/4339489/estimator_1_neuron_8_validation_outputs.npy
2025-05-10 03:57:42,141 - INFO - Waiting for parameters file: /s/ls4/users/selibrin/spiking_researches/correlation_encoding_and_training/mnist/hpo/shifted_stdp_synapse/hpo_data/hpo_iteration_data/4339489/params_1_8.pkl
2025-05-10 03:58:07,194 - INFO - Loaded HPO parameters
2025-05-10 03:58:07,194 - INFO - Preparing datasets...
2025-05-10 03:58:10,408 - INFO - Prepared datasets: 287 train & 1000 validation samples
2025-05-10 03:58:10,409 - INFO - Initializing model...
2025-05-10 03:58:10,411 - INFO - Fitting model...
2025-05-10 03:58:56,962 - INFO - Saved weights to /s/ls4/users/selibrin/spiking_researches/correlation_encoding_and_training/mnist/hpo/shifted_stdp_synapse/hpo_data/hpo_iteration_data/4339489/estimator_1_neuron_8_weights.npy
2025-05-10 03:58:56,962 - INFO - Evaluating model...
2025-05-10 04:01:15,849 - INFO - Saved validation outputs to /s/ls4/users/selibrin/spiking_researches/correlation_encoding_and_training/mnist/hpo/shifted_stdp_synapse/hpo_data/hpo_iteration_data/4339489/estimator_1_neuron_8_validation_outputs.npy
2025-05-10 04:01:15,850 - INFO - Waiting for parameters file: /s/ls4/users/selibrin/spiking_researches/correlation_encoding_and_training/mnist/hpo/shifted_stdp_synapse/hpo_data/hpo_iteration_data/4339489/params_1_8.pkl
2025-05-10 04:01:40,880 - INFO - Loaded HPO parameters
2025-05-10 04:01:40,880 - INFO - Preparing datasets...
2025-05-10 04:01:44,117 - INFO - Prepared datasets: 287 train & 1000 validation samples
2025-05-10 04:01:44,117 - INFO - Initializing model...
2025-05-10 04:01:44,119 - INFO - Fitting model...
2025-05-10 04:02:27,899 - INFO - Saved weights to /s/ls4/users/selibrin/spiking_researches/correlation_encoding_and_training/mnist/hpo/shifted_stdp_synapse/hpo_data/hpo_iteration_data/4339489/estimator_1_neuron_8_weights.npy
2025-05-10 04:02:27,899 - INFO - Evaluating model...
2025-05-10 04:04:46,249 - INFO - Saved validation outputs to /s/ls4/users/selibrin/spiking_researches/correlation_encoding_and_training/mnist/hpo/shifted_stdp_synapse/hpo_data/hpo_iteration_data/4339489/estimator_1_neuron_8_validation_outputs.npy
2025-05-10 04:04:46,250 - INFO - Waiting for parameters file: /s/ls4/users/selibrin/spiking_researches/correlation_encoding_and_training/mnist/hpo/shifted_stdp_synapse/hpo_data/hpo_iteration_data/4339489/params_1_8.pkl
2025-05-10 04:05:16,286 - INFO - Loaded HPO parameters
2025-05-10 04:05:16,287 - INFO - Preparing datasets...
2025-05-10 04:05:19,520 - INFO - Prepared datasets: 287 train & 1000 validation samples
2025-05-10 04:05:19,521 - INFO - Initializing model...
2025-05-10 04:05:19,523 - INFO - Fitting model...
2025-05-10 04:06:03,294 - INFO - Saved weights to /s/ls4/users/selibrin/spiking_researches/correlation_encoding_and_training/mnist/hpo/shifted_stdp_synapse/hpo_data/hpo_iteration_data/4339489/estimator_1_neuron_8_weights.npy
2025-05-10 04:06:03,294 - INFO - Evaluating model...
2025-05-10 04:08:23,241 - INFO - Saved validation outputs to /s/ls4/users/selibrin/spiking_researches/correlation_encoding_and_training/mnist/hpo/shifted_stdp_synapse/hpo_data/hpo_iteration_data/4339489/estimator_1_neuron_8_validation_outputs.npy
2025-05-10 04:08:23,241 - INFO - Waiting for parameters file: /s/ls4/users/selibrin/spiking_researches/correlation_encoding_and_training/mnist/hpo/shifted_stdp_synapse/hpo_data/hpo_iteration_data/4339489/params_1_8.pkl
2025-05-10 04:08:48,275 - INFO - Loaded HPO parameters
2025-05-10 04:08:48,275 - INFO - Preparing datasets...
2025-05-10 04:08:51,500 - INFO - Prepared datasets: 287 train & 1000 validation samples
2025-05-10 04:08:51,500 - INFO - Initializing model...
2025-05-10 04:08:51,502 - INFO - Fitting model...
2025-05-10 04:09:36,623 - INFO - Saved weights to /s/ls4/users/selibrin/spiking_researches/correlation_encoding_and_training/mnist/hpo/shifted_stdp_synapse/hpo_data/hpo_iteration_data/4339489/estimator_1_neuron_8_weights.npy
2025-05-10 04:09:36,623 - INFO - Evaluating model...
2025-05-10 04:11:55,405 - INFO - Saved validation outputs to /s/ls4/users/selibrin/spiking_researches/correlation_encoding_and_training/mnist/hpo/shifted_stdp_synapse/hpo_data/hpo_iteration_data/4339489/estimator_1_neuron_8_validation_outputs.npy
2025-05-10 04:11:55,405 - INFO - Waiting for parameters file: /s/ls4/users/selibrin/spiking_researches/correlation_encoding_and_training/mnist/hpo/shifted_stdp_synapse/hpo_data/hpo_iteration_data/4339489/params_1_8.pkl
2025-05-10 04:12:20,437 - INFO - Loaded HPO parameters
2025-05-10 04:12:20,437 - INFO - Preparing datasets...
2025-05-10 04:12:23,592 - INFO - Prepared datasets: 287 train & 1000 validation samples
2025-05-10 04:12:23,592 - INFO - Initializing model...
2025-05-10 04:12:23,594 - INFO - Fitting model...
2025-05-10 04:13:08,263 - INFO - Saved weights to /s/ls4/users/selibrin/spiking_researches/correlation_encoding_and_training/mnist/hpo/shifted_stdp_synapse/hpo_data/hpo_iteration_data/4339489/estimator_1_neuron_8_weights.npy
2025-05-10 04:13:08,264 - INFO - Evaluating model...
2025-05-10 04:15:26,354 - INFO - Saved validation outputs to /s/ls4/users/selibrin/spiking_researches/correlation_encoding_and_training/mnist/hpo/shifted_stdp_synapse/hpo_data/hpo_iteration_data/4339489/estimator_1_neuron_8_validation_outputs.npy
2025-05-10 04:15:26,355 - INFO - Waiting for parameters file: /s/ls4/users/selibrin/spiking_researches/correlation_encoding_and_training/mnist/hpo/shifted_stdp_synapse/hpo_data/hpo_iteration_data/4339489/params_1_8.pkl
2025-05-10 04:15:56,391 - INFO - Loaded HPO parameters
2025-05-10 04:15:56,416 - INFO - Preparing datasets...
2025-05-10 04:15:59,624 - INFO - Prepared datasets: 287 train & 1000 validation samples
2025-05-10 04:15:59,625 - INFO - Initializing model...
2025-05-10 04:15:59,627 - INFO - Fitting model...
2025-05-10 04:16:52,764 - INFO - Saved weights to /s/ls4/users/selibrin/spiking_researches/correlation_encoding_and_training/mnist/hpo/shifted_stdp_synapse/hpo_data/hpo_iteration_data/4339489/estimator_1_neuron_8_weights.npy
2025-05-10 04:16:52,764 - INFO - Evaluating model...
2025-05-10 04:19:12,893 - INFO - Saved validation outputs to /s/ls4/users/selibrin/spiking_researches/correlation_encoding_and_training/mnist/hpo/shifted_stdp_synapse/hpo_data/hpo_iteration_data/4339489/estimator_1_neuron_8_validation_outputs.npy
2025-05-10 04:19:12,893 - INFO - Waiting for parameters file: /s/ls4/users/selibrin/spiking_researches/correlation_encoding_and_training/mnist/hpo/shifted_stdp_synapse/hpo_data/hpo_iteration_data/4339489/params_1_8.pkl
2025-05-10 04:19:27,912 - INFO - Loaded HPO parameters
2025-05-10 04:19:27,912 - INFO - Preparing datasets...
2025-05-10 04:19:31,121 - INFO - Prepared datasets: 287 train & 1000 validation samples
2025-05-10 04:19:31,121 - INFO - Initializing model...
2025-05-10 04:19:31,124 - INFO - Fitting model...
2025-05-10 04:20:16,466 - INFO - Saved weights to /s/ls4/users/selibrin/spiking_researches/correlation_encoding_and_training/mnist/hpo/shifted_stdp_synapse/hpo_data/hpo_iteration_data/4339489/estimator_1_neuron_8_weights.npy
2025-05-10 04:20:16,467 - INFO - Evaluating model...
2025-05-10 04:22:33,802 - INFO - Saved validation outputs to /s/ls4/users/selibrin/spiking_researches/correlation_encoding_and_training/mnist/hpo/shifted_stdp_synapse/hpo_data/hpo_iteration_data/4339489/estimator_1_neuron_8_validation_outputs.npy
2025-05-10 04:22:33,802 - INFO - Waiting for parameters file: /s/ls4/users/selibrin/spiking_researches/correlation_encoding_and_training/mnist/hpo/shifted_stdp_synapse/hpo_data/hpo_iteration_data/4339489/params_1_8.pkl
2025-05-10 04:23:03,839 - INFO - Loaded HPO parameters
2025-05-10 04:23:03,839 - INFO - Preparing datasets...
2025-05-10 04:23:07,109 - INFO - Prepared datasets: 287 train & 1000 validation samples
2025-05-10 04:23:07,109 - INFO - Initializing model...
2025-05-10 04:23:07,112 - INFO - Fitting model...
2025-05-10 04:23:51,471 - INFO - Saved weights to /s/ls4/users/selibrin/spiking_researches/correlation_encoding_and_training/mnist/hpo/shifted_stdp_synapse/hpo_data/hpo_iteration_data/4339489/estimator_1_neuron_8_weights.npy
2025-05-10 04:23:51,471 - INFO - Evaluating model...
2025-05-10 04:26:11,022 - INFO - Saved validation outputs to /s/ls4/users/selibrin/spiking_researches/correlation_encoding_and_training/mnist/hpo/shifted_stdp_synapse/hpo_data/hpo_iteration_data/4339489/estimator_1_neuron_8_validation_outputs.npy
2025-05-10 04:26:11,022 - INFO - Waiting for parameters file: /s/ls4/users/selibrin/spiking_researches/correlation_encoding_and_training/mnist/hpo/shifted_stdp_synapse/hpo_data/hpo_iteration_data/4339489/params_1_8.pkl
2025-05-10 04:26:36,054 - INFO - Loaded HPO parameters
2025-05-10 04:26:36,054 - INFO - Preparing datasets...
2025-05-10 04:26:39,283 - INFO - Prepared datasets: 1150 train & 1000 validation samples
2025-05-10 04:26:39,284 - INFO - Initializing model...
2025-05-10 04:26:39,286 - INFO - Fitting model...
2025-05-10 04:30:41,322 - INFO - Saved weights to /s/ls4/users/selibrin/spiking_researches/correlation_encoding_and_training/mnist/hpo/shifted_stdp_synapse/hpo_data/hpo_iteration_data/4339489/estimator_1_neuron_8_weights.npy
2025-05-10 04:30:41,322 - INFO - Evaluating model...
2025-05-10 04:33:06,893 - INFO - Saved validation outputs to /s/ls4/users/selibrin/spiking_researches/correlation_encoding_and_training/mnist/hpo/shifted_stdp_synapse/hpo_data/hpo_iteration_data/4339489/estimator_1_neuron_8_validation_outputs.npy
2025-05-10 04:33:06,893 - INFO - Waiting for parameters file: /s/ls4/users/selibrin/spiking_researches/correlation_encoding_and_training/mnist/hpo/shifted_stdp_synapse/hpo_data/hpo_iteration_data/4339489/params_1_8.pkl
2025-05-10 04:33:36,930 - INFO - Loaded HPO parameters
2025-05-10 04:33:36,930 - INFO - Preparing datasets...
2025-05-10 04:33:40,294 - INFO - Prepared datasets: 287 train & 1000 validation samples
2025-05-10 04:33:40,295 - INFO - Initializing model...
2025-05-10 04:33:40,298 - INFO - Fitting model...
2025-05-10 04:34:24,289 - INFO - Saved weights to /s/ls4/users/selibrin/spiking_researches/correlation_encoding_and_training/mnist/hpo/shifted_stdp_synapse/hpo_data/hpo_iteration_data/4339489/estimator_1_neuron_8_weights.npy
2025-05-10 04:34:24,289 - INFO - Evaluating model...
2025-05-10 04:36:42,359 - INFO - Saved validation outputs to /s/ls4/users/selibrin/spiking_researches/correlation_encoding_and_training/mnist/hpo/shifted_stdp_synapse/hpo_data/hpo_iteration_data/4339489/estimator_1_neuron_8_validation_outputs.npy
2025-05-10 04:36:42,359 - INFO - Waiting for parameters file: /s/ls4/users/selibrin/spiking_researches/correlation_encoding_and_training/mnist/hpo/shifted_stdp_synapse/hpo_data/hpo_iteration_data/4339489/params_1_8.pkl
2025-05-10 04:37:12,395 - INFO - Loaded HPO parameters
2025-05-10 04:37:12,395 - INFO - Preparing datasets...
2025-05-10 04:37:15,602 - INFO - Prepared datasets: 287 train & 1000 validation samples
2025-05-10 04:37:15,603 - INFO - Initializing model...
2025-05-10 04:37:15,605 - INFO - Fitting model...
2025-05-10 04:38:03,169 - INFO - Saved weights to /s/ls4/users/selibrin/spiking_researches/correlation_encoding_and_training/mnist/hpo/shifted_stdp_synapse/hpo_data/hpo_iteration_data/4339489/estimator_1_neuron_8_weights.npy
2025-05-10 04:38:03,169 - INFO - Evaluating model...
2025-05-10 04:40:21,739 - INFO - Saved validation outputs to /s/ls4/users/selibrin/spiking_researches/correlation_encoding_and_training/mnist/hpo/shifted_stdp_synapse/hpo_data/hpo_iteration_data/4339489/estimator_1_neuron_8_validation_outputs.npy
2025-05-10 04:40:21,739 - INFO - Waiting for parameters file: /s/ls4/users/selibrin/spiking_researches/correlation_encoding_and_training/mnist/hpo/shifted_stdp_synapse/hpo_data/hpo_iteration_data/4339489/params_1_8.pkl
2025-05-10 04:40:46,769 - INFO - Loaded HPO parameters
2025-05-10 04:40:46,769 - INFO - Preparing datasets...
2025-05-10 04:40:50,024 - INFO - Prepared datasets: 1150 train & 1000 validation samples
2025-05-10 04:40:50,024 - INFO - Initializing model...
2025-05-10 04:40:50,027 - INFO - Fitting model...
2025-05-10 04:44:14,306 - INFO - Saved weights to /s/ls4/users/selibrin/spiking_researches/correlation_encoding_and_training/mnist/hpo/shifted_stdp_synapse/hpo_data/hpo_iteration_data/4339489/estimator_1_neuron_8_weights.npy
2025-05-10 04:44:14,306 - INFO - Evaluating model...
2025-05-10 04:46:36,532 - INFO - Saved validation outputs to /s/ls4/users/selibrin/spiking_researches/correlation_encoding_and_training/mnist/hpo/shifted_stdp_synapse/hpo_data/hpo_iteration_data/4339489/estimator_1_neuron_8_validation_outputs.npy
2025-05-10 04:46:36,532 - INFO - Waiting for parameters file: /s/ls4/users/selibrin/spiking_researches/correlation_encoding_and_training/mnist/hpo/shifted_stdp_synapse/hpo_data/hpo_iteration_data/4339489/params_1_8.pkl
2025-05-10 04:46:46,547 - INFO - Loaded HPO parameters
2025-05-10 04:46:46,547 - INFO - Preparing datasets...
2025-05-10 04:46:50,051 - INFO - Prepared datasets: 287 train & 1000 validation samples
2025-05-10 04:46:50,051 - INFO - Initializing model...
2025-05-10 04:46:50,054 - INFO - Fitting model...
2025-05-10 04:47:37,340 - INFO - Saved weights to /s/ls4/users/selibrin/spiking_researches/correlation_encoding_and_training/mnist/hpo/shifted_stdp_synapse/hpo_data/hpo_iteration_data/4339489/estimator_1_neuron_8_weights.npy
2025-05-10 04:47:37,340 - INFO - Evaluating model...
2025-05-10 04:49:58,490 - INFO - Saved validation outputs to /s/ls4/users/selibrin/spiking_researches/correlation_encoding_and_training/mnist/hpo/shifted_stdp_synapse/hpo_data/hpo_iteration_data/4339489/estimator_1_neuron_8_validation_outputs.npy
2025-05-10 04:49:58,491 - INFO - Waiting for parameters file: /s/ls4/users/selibrin/spiking_researches/correlation_encoding_and_training/mnist/hpo/shifted_stdp_synapse/hpo_data/hpo_iteration_data/4339489/params_1_8.pkl
2025-05-10 04:50:23,521 - INFO - Loaded HPO parameters
2025-05-10 04:50:23,521 - INFO - Preparing datasets...
2025-05-10 04:50:26,775 - INFO - Prepared datasets: 1150 train & 1000 validation samples
2025-05-10 04:50:26,776 - INFO - Initializing model...
2025-05-10 04:50:26,778 - INFO - Fitting model...
2025-05-10 04:53:23,429 - INFO - Saved weights to /s/ls4/users/selibrin/spiking_researches/correlation_encoding_and_training/mnist/hpo/shifted_stdp_synapse/hpo_data/hpo_iteration_data/4339489/estimator_1_neuron_8_weights.npy
2025-05-10 04:53:23,429 - INFO - Evaluating model...
2025-05-10 04:55:42,054 - INFO - Saved validation outputs to /s/ls4/users/selibrin/spiking_researches/correlation_encoding_and_training/mnist/hpo/shifted_stdp_synapse/hpo_data/hpo_iteration_data/4339489/estimator_1_neuron_8_validation_outputs.npy
2025-05-10 04:55:42,054 - INFO - Waiting for parameters file: /s/ls4/users/selibrin/spiking_researches/correlation_encoding_and_training/mnist/hpo/shifted_stdp_synapse/hpo_data/hpo_iteration_data/4339489/params_1_8.pkl
2025-05-10 04:55:57,074 - INFO - Loaded HPO parameters
2025-05-10 04:55:57,074 - INFO - Preparing datasets...
2025-05-10 04:56:00,458 - INFO - Prepared datasets: 287 train & 1000 validation samples
2025-05-10 04:56:00,459 - INFO - Initializing model...
2025-05-10 04:56:00,461 - INFO - Fitting model...
2025-05-10 04:56:45,290 - INFO - Saved weights to /s/ls4/users/selibrin/spiking_researches/correlation_encoding_and_training/mnist/hpo/shifted_stdp_synapse/hpo_data/hpo_iteration_data/4339489/estimator_1_neuron_8_weights.npy
2025-05-10 04:56:45,291 - INFO - Evaluating model...
2025-05-10 04:59:03,712 - INFO - Saved validation outputs to /s/ls4/users/selibrin/spiking_researches/correlation_encoding_and_training/mnist/hpo/shifted_stdp_synapse/hpo_data/hpo_iteration_data/4339489/estimator_1_neuron_8_validation_outputs.npy
2025-05-10 04:59:03,712 - INFO - Waiting for parameters file: /s/ls4/users/selibrin/spiking_researches/correlation_encoding_and_training/mnist/hpo/shifted_stdp_synapse/hpo_data/hpo_iteration_data/4339489/params_1_8.pkl
2025-05-10 04:59:28,742 - INFO - Loaded HPO parameters
2025-05-10 04:59:28,743 - INFO - Preparing datasets...
2025-05-10 04:59:31,929 - INFO - Prepared datasets: 287 train & 1000 validation samples
2025-05-10 04:59:31,929 - INFO - Initializing model...
2025-05-10 04:59:31,932 - INFO - Fitting model...
2025-05-10 05:00:16,890 - INFO - Saved weights to /s/ls4/users/selibrin/spiking_researches/correlation_encoding_and_training/mnist/hpo/shifted_stdp_synapse/hpo_data/hpo_iteration_data/4339489/estimator_1_neuron_8_weights.npy
2025-05-10 05:00:16,890 - INFO - Evaluating model...
2025-05-10 05:02:35,611 - INFO - Saved validation outputs to /s/ls4/users/selibrin/spiking_researches/correlation_encoding_and_training/mnist/hpo/shifted_stdp_synapse/hpo_data/hpo_iteration_data/4339489/estimator_1_neuron_8_validation_outputs.npy
2025-05-10 05:02:35,611 - INFO - Waiting for parameters file: /s/ls4/users/selibrin/spiking_researches/correlation_encoding_and_training/mnist/hpo/shifted_stdp_synapse/hpo_data/hpo_iteration_data/4339489/params_1_8.pkl
2025-05-10 05:03:00,675 - INFO - Loaded HPO parameters
2025-05-10 05:03:00,675 - INFO - Preparing datasets...
2025-05-10 05:03:03,960 - INFO - Prepared datasets: 287 train & 1000 validation samples
2025-05-10 05:03:03,960 - INFO - Initializing model...
2025-05-10 05:03:03,963 - INFO - Fitting model...
2025-05-10 05:03:49,770 - INFO - Saved weights to /s/ls4/users/selibrin/spiking_researches/correlation_encoding_and_training/mnist/hpo/shifted_stdp_synapse/hpo_data/hpo_iteration_data/4339489/estimator_1_neuron_8_weights.npy
2025-05-10 05:03:49,770 - INFO - Evaluating model...
2025-05-10 05:06:07,585 - INFO - Saved validation outputs to /s/ls4/users/selibrin/spiking_researches/correlation_encoding_and_training/mnist/hpo/shifted_stdp_synapse/hpo_data/hpo_iteration_data/4339489/estimator_1_neuron_8_validation_outputs.npy
2025-05-10 05:06:07,585 - INFO - Waiting for parameters file: /s/ls4/users/selibrin/spiking_researches/correlation_encoding_and_training/mnist/hpo/shifted_stdp_synapse/hpo_data/hpo_iteration_data/4339489/params_1_8.pkl
2025-05-10 05:06:37,621 - INFO - Loaded HPO parameters
2025-05-10 05:06:37,621 - INFO - Preparing datasets...
2025-05-10 05:06:40,899 - INFO - Prepared datasets: 287 train & 1000 validation samples
2025-05-10 05:06:40,899 - INFO - Initializing model...
2025-05-10 05:06:40,901 - INFO - Fitting model...
2025-05-10 05:07:26,554 - INFO - Saved weights to /s/ls4/users/selibrin/spiking_researches/correlation_encoding_and_training/mnist/hpo/shifted_stdp_synapse/hpo_data/hpo_iteration_data/4339489/estimator_1_neuron_8_weights.npy
2025-05-10 05:07:26,554 - INFO - Evaluating model...
2025-05-10 05:09:44,928 - INFO - Saved validation outputs to /s/ls4/users/selibrin/spiking_researches/correlation_encoding_and_training/mnist/hpo/shifted_stdp_synapse/hpo_data/hpo_iteration_data/4339489/estimator_1_neuron_8_validation_outputs.npy
2025-05-10 05:09:44,928 - INFO - Waiting for parameters file: /s/ls4/users/selibrin/spiking_researches/correlation_encoding_and_training/mnist/hpo/shifted_stdp_synapse/hpo_data/hpo_iteration_data/4339489/params_1_8.pkl
2025-05-10 05:10:09,959 - INFO - Loaded HPO parameters
2025-05-10 05:10:09,959 - INFO - Preparing datasets...
2025-05-10 05:10:13,368 - INFO - Prepared datasets: 287 train & 1000 validation samples
2025-05-10 05:10:13,369 - INFO - Initializing model...
2025-05-10 05:10:13,372 - INFO - Fitting model...
2025-05-10 05:10:58,059 - INFO - Saved weights to /s/ls4/users/selibrin/spiking_researches/correlation_encoding_and_training/mnist/hpo/shifted_stdp_synapse/hpo_data/hpo_iteration_data/4339489/estimator_1_neuron_8_weights.npy
2025-05-10 05:10:58,060 - INFO - Evaluating model...
2025-05-10 05:13:12,750 - INFO - Saved validation outputs to /s/ls4/users/selibrin/spiking_researches/correlation_encoding_and_training/mnist/hpo/shifted_stdp_synapse/hpo_data/hpo_iteration_data/4339489/estimator_1_neuron_8_validation_outputs.npy
2025-05-10 05:13:12,750 - INFO - Waiting for parameters file: /s/ls4/users/selibrin/spiking_researches/correlation_encoding_and_training/mnist/hpo/shifted_stdp_synapse/hpo_data/hpo_iteration_data/4339489/params_1_8.pkl
2025-05-10 05:13:42,786 - INFO - Loaded HPO parameters
2025-05-10 05:13:42,786 - INFO - Preparing datasets...
2025-05-10 05:13:46,025 - INFO - Prepared datasets: 287 train & 1000 validation samples
2025-05-10 05:13:46,026 - INFO - Initializing model...
2025-05-10 05:13:46,028 - INFO - Fitting model...
2025-05-10 05:14:30,451 - INFO - Saved weights to /s/ls4/users/selibrin/spiking_researches/correlation_encoding_and_training/mnist/hpo/shifted_stdp_synapse/hpo_data/hpo_iteration_data/4339489/estimator_1_neuron_8_weights.npy
2025-05-10 05:14:30,451 - INFO - Evaluating model...
2025-05-10 05:16:42,689 - INFO - Saved validation outputs to /s/ls4/users/selibrin/spiking_researches/correlation_encoding_and_training/mnist/hpo/shifted_stdp_synapse/hpo_data/hpo_iteration_data/4339489/estimator_1_neuron_8_validation_outputs.npy
2025-05-10 05:16:42,689 - INFO - Waiting for parameters file: /s/ls4/users/selibrin/spiking_researches/correlation_encoding_and_training/mnist/hpo/shifted_stdp_synapse/hpo_data/hpo_iteration_data/4339489/params_1_8.pkl
2025-05-10 05:17:17,730 - INFO - Loaded HPO parameters
2025-05-10 05:17:17,730 - INFO - Preparing datasets...
2025-05-10 05:17:21,097 - INFO - Prepared datasets: 287 train & 1000 validation samples
2025-05-10 05:17:21,098 - INFO - Initializing model...
2025-05-10 05:17:21,100 - INFO - Fitting model...
2025-05-10 05:18:05,691 - INFO - Saved weights to /s/ls4/users/selibrin/spiking_researches/correlation_encoding_and_training/mnist/hpo/shifted_stdp_synapse/hpo_data/hpo_iteration_data/4339489/estimator_1_neuron_8_weights.npy
2025-05-10 05:18:05,691 - INFO - Evaluating model...
2025-05-10 05:20:18,364 - INFO - Saved validation outputs to /s/ls4/users/selibrin/spiking_researches/correlation_encoding_and_training/mnist/hpo/shifted_stdp_synapse/hpo_data/hpo_iteration_data/4339489/estimator_1_neuron_8_validation_outputs.npy
2025-05-10 05:20:18,364 - INFO - Waiting for parameters file: /s/ls4/users/selibrin/spiking_researches/correlation_encoding_and_training/mnist/hpo/shifted_stdp_synapse/hpo_data/hpo_iteration_data/4339489/params_1_8.pkl
2025-05-10 05:20:48,400 - INFO - Loaded HPO parameters
2025-05-10 05:20:48,400 - INFO - Preparing datasets...
2025-05-10 05:20:51,546 - INFO - Prepared datasets: 287 train & 1000 validation samples
2025-05-10 05:20:51,546 - INFO - Initializing model...
2025-05-10 05:20:51,548 - INFO - Fitting model...
2025-05-10 05:21:35,630 - INFO - Saved weights to /s/ls4/users/selibrin/spiking_researches/correlation_encoding_and_training/mnist/hpo/shifted_stdp_synapse/hpo_data/hpo_iteration_data/4339489/estimator_1_neuron_8_weights.npy
2025-05-10 05:21:35,630 - INFO - Evaluating model...
2025-05-10 05:23:48,049 - INFO - Saved validation outputs to /s/ls4/users/selibrin/spiking_researches/correlation_encoding_and_training/mnist/hpo/shifted_stdp_synapse/hpo_data/hpo_iteration_data/4339489/estimator_1_neuron_8_validation_outputs.npy
2025-05-10 05:23:48,050 - INFO - Waiting for parameters file: /s/ls4/users/selibrin/spiking_researches/correlation_encoding_and_training/mnist/hpo/shifted_stdp_synapse/hpo_data/hpo_iteration_data/4339489/params_1_8.pkl
2025-05-10 05:24:23,091 - INFO - Loaded HPO parameters
2025-05-10 05:24:23,091 - INFO - Preparing datasets...
2025-05-10 05:24:26,235 - INFO - Prepared datasets: 287 train & 1000 validation samples
2025-05-10 05:24:26,235 - INFO - Initializing model...
2025-05-10 05:24:26,237 - INFO - Fitting model...
2025-05-10 05:25:10,344 - INFO - Saved weights to /s/ls4/users/selibrin/spiking_researches/correlation_encoding_and_training/mnist/hpo/shifted_stdp_synapse/hpo_data/hpo_iteration_data/4339489/estimator_1_neuron_8_weights.npy
2025-05-10 05:25:10,344 - INFO - Evaluating model...
2025-05-10 05:27:24,815 - INFO - Saved validation outputs to /s/ls4/users/selibrin/spiking_researches/correlation_encoding_and_training/mnist/hpo/shifted_stdp_synapse/hpo_data/hpo_iteration_data/4339489/estimator_1_neuron_8_validation_outputs.npy
2025-05-10 05:27:24,816 - INFO - Waiting for parameters file: /s/ls4/users/selibrin/spiking_researches/correlation_encoding_and_training/mnist/hpo/shifted_stdp_synapse/hpo_data/hpo_iteration_data/4339489/params_1_8.pkl
2025-05-10 05:27:54,854 - INFO - Loaded HPO parameters
2025-05-10 05:27:54,854 - INFO - Preparing datasets...
2025-05-10 05:27:58,066 - INFO - Prepared datasets: 287 train & 1000 validation samples
2025-05-10 05:27:58,066 - INFO - Initializing model...
2025-05-10 05:27:58,068 - INFO - Fitting model...
2025-05-10 05:28:41,878 - INFO - Saved weights to /s/ls4/users/selibrin/spiking_researches/correlation_encoding_and_training/mnist/hpo/shifted_stdp_synapse/hpo_data/hpo_iteration_data/4339489/estimator_1_neuron_8_weights.npy
2025-05-10 05:28:41,878 - INFO - Evaluating model...
2025-05-10 05:30:54,796 - INFO - Saved validation outputs to /s/ls4/users/selibrin/spiking_researches/correlation_encoding_and_training/mnist/hpo/shifted_stdp_synapse/hpo_data/hpo_iteration_data/4339489/estimator_1_neuron_8_validation_outputs.npy
2025-05-10 05:30:54,796 - INFO - Waiting for parameters file: /s/ls4/users/selibrin/spiking_researches/correlation_encoding_and_training/mnist/hpo/shifted_stdp_synapse/hpo_data/hpo_iteration_data/4339489/params_1_8.pkl
2025-05-10 05:31:29,837 - INFO - Loaded HPO parameters
2025-05-10 05:31:29,838 - INFO - Preparing datasets...
2025-05-10 05:31:33,230 - INFO - Prepared datasets: 287 train & 1000 validation samples
2025-05-10 05:31:33,230 - INFO - Initializing model...
2025-05-10 05:31:33,233 - INFO - Fitting model...
2025-05-10 05:32:17,077 - INFO - Saved weights to /s/ls4/users/selibrin/spiking_researches/correlation_encoding_and_training/mnist/hpo/shifted_stdp_synapse/hpo_data/hpo_iteration_data/4339489/estimator_1_neuron_8_weights.npy
2025-05-10 05:32:17,077 - INFO - Evaluating model...
2025-05-10 05:34:30,396 - INFO - Saved validation outputs to /s/ls4/users/selibrin/spiking_researches/correlation_encoding_and_training/mnist/hpo/shifted_stdp_synapse/hpo_data/hpo_iteration_data/4339489/estimator_1_neuron_8_validation_outputs.npy
2025-05-10 05:34:30,397 - INFO - Waiting for parameters file: /s/ls4/users/selibrin/spiking_researches/correlation_encoding_and_training/mnist/hpo/shifted_stdp_synapse/hpo_data/hpo_iteration_data/4339489/params_1_8.pkl
2025-05-10 05:35:00,433 - INFO - Loaded HPO parameters
2025-05-10 05:35:00,433 - INFO - Preparing datasets...
2025-05-10 05:35:03,496 - INFO - Prepared datasets: 287 train & 1000 validation samples
2025-05-10 05:35:03,501 - INFO - Initializing model...
2025-05-10 05:35:03,503 - INFO - Fitting model...
2025-05-10 05:35:46,792 - INFO - Saved weights to /s/ls4/users/selibrin/spiking_researches/correlation_encoding_and_training/mnist/hpo/shifted_stdp_synapse/hpo_data/hpo_iteration_data/4339489/estimator_1_neuron_8_weights.npy
2025-05-10 05:35:46,792 - INFO - Evaluating model...
2025-05-10 05:37:58,833 - INFO - Saved validation outputs to /s/ls4/users/selibrin/spiking_researches/correlation_encoding_and_training/mnist/hpo/shifted_stdp_synapse/hpo_data/hpo_iteration_data/4339489/estimator_1_neuron_8_validation_outputs.npy
2025-05-10 05:37:58,833 - INFO - Waiting for parameters file: /s/ls4/users/selibrin/spiking_researches/correlation_encoding_and_training/mnist/hpo/shifted_stdp_synapse/hpo_data/hpo_iteration_data/4339489/params_1_8.pkl
2025-05-10 05:38:33,875 - INFO - Loaded HPO parameters
2025-05-10 05:38:33,875 - INFO - Preparing datasets...
2025-05-10 05:38:37,062 - INFO - Prepared datasets: 287 train & 1000 validation samples
2025-05-10 05:38:37,062 - INFO - Initializing model...
2025-05-10 05:38:37,064 - INFO - Fitting model...
2025-05-10 05:39:21,267 - INFO - Saved weights to /s/ls4/users/selibrin/spiking_researches/correlation_encoding_and_training/mnist/hpo/shifted_stdp_synapse/hpo_data/hpo_iteration_data/4339489/estimator_1_neuron_8_weights.npy
2025-05-10 05:39:21,267 - INFO - Evaluating model...
2025-05-10 05:41:33,952 - INFO - Saved validation outputs to /s/ls4/users/selibrin/spiking_researches/correlation_encoding_and_training/mnist/hpo/shifted_stdp_synapse/hpo_data/hpo_iteration_data/4339489/estimator_1_neuron_8_validation_outputs.npy
2025-05-10 05:41:33,953 - INFO - Waiting for parameters file: /s/ls4/users/selibrin/spiking_researches/correlation_encoding_and_training/mnist/hpo/shifted_stdp_synapse/hpo_data/hpo_iteration_data/4339489/params_1_8.pkl
2025-05-10 05:42:08,994 - INFO - Loaded HPO parameters
2025-05-10 05:42:08,994 - INFO - Preparing datasets...
2025-05-10 05:42:12,142 - INFO - Prepared datasets: 287 train & 1000 validation samples
2025-05-10 05:42:12,147 - INFO - Initializing model...
2025-05-10 05:42:12,149 - INFO - Fitting model...
2025-05-10 05:42:57,069 - INFO - Saved weights to /s/ls4/users/selibrin/spiking_researches/correlation_encoding_and_training/mnist/hpo/shifted_stdp_synapse/hpo_data/hpo_iteration_data/4339489/estimator_1_neuron_8_weights.npy
2025-05-10 05:42:57,069 - INFO - Evaluating model...
2025-05-10 05:45:10,774 - INFO - Saved validation outputs to /s/ls4/users/selibrin/spiking_researches/correlation_encoding_and_training/mnist/hpo/shifted_stdp_synapse/hpo_data/hpo_iteration_data/4339489/estimator_1_neuron_8_validation_outputs.npy
2025-05-10 05:45:10,774 - INFO - Waiting for parameters file: /s/ls4/users/selibrin/spiking_researches/correlation_encoding_and_training/mnist/hpo/shifted_stdp_synapse/hpo_data/hpo_iteration_data/4339489/params_1_8.pkl
2025-05-10 05:45:40,811 - INFO - Loaded HPO parameters
2025-05-10 05:45:40,812 - INFO - Preparing datasets...
2025-05-10 05:45:44,418 - INFO - Prepared datasets: 287 train & 1000 validation samples
2025-05-10 05:45:44,418 - INFO - Initializing model...
2025-05-10 05:45:44,421 - INFO - Fitting model...
2025-05-10 05:46:28,810 - INFO - Saved weights to /s/ls4/users/selibrin/spiking_researches/correlation_encoding_and_training/mnist/hpo/shifted_stdp_synapse/hpo_data/hpo_iteration_data/4339489/estimator_1_neuron_8_weights.npy
2025-05-10 05:46:28,810 - INFO - Evaluating model...
2025-05-10 05:48:44,589 - INFO - Saved validation outputs to /s/ls4/users/selibrin/spiking_researches/correlation_encoding_and_training/mnist/hpo/shifted_stdp_synapse/hpo_data/hpo_iteration_data/4339489/estimator_1_neuron_8_validation_outputs.npy
2025-05-10 05:48:44,589 - INFO - Waiting for parameters file: /s/ls4/users/selibrin/spiking_researches/correlation_encoding_and_training/mnist/hpo/shifted_stdp_synapse/hpo_data/hpo_iteration_data/4339489/params_1_8.pkl
2025-05-10 05:49:14,627 - INFO - Loaded HPO parameters
2025-05-10 05:49:14,628 - INFO - Preparing datasets...
2025-05-10 05:49:17,790 - INFO - Prepared datasets: 287 train & 1000 validation samples
2025-05-10 05:49:17,790 - INFO - Initializing model...
2025-05-10 05:49:17,792 - INFO - Fitting model...
2025-05-10 05:50:01,761 - INFO - Saved weights to /s/ls4/users/selibrin/spiking_researches/correlation_encoding_and_training/mnist/hpo/shifted_stdp_synapse/hpo_data/hpo_iteration_data/4339489/estimator_1_neuron_8_weights.npy
2025-05-10 05:50:01,761 - INFO - Evaluating model...
2025-05-10 05:52:13,804 - INFO - Saved validation outputs to /s/ls4/users/selibrin/spiking_researches/correlation_encoding_and_training/mnist/hpo/shifted_stdp_synapse/hpo_data/hpo_iteration_data/4339489/estimator_1_neuron_8_validation_outputs.npy
2025-05-10 05:52:13,804 - INFO - Waiting for parameters file: /s/ls4/users/selibrin/spiking_researches/correlation_encoding_and_training/mnist/hpo/shifted_stdp_synapse/hpo_data/hpo_iteration_data/4339489/params_1_8.pkl
2025-05-10 05:52:48,845 - INFO - Loaded HPO parameters
2025-05-10 05:52:48,845 - INFO - Preparing datasets...
2025-05-10 05:52:51,943 - INFO - Prepared datasets: 287 train & 1000 validation samples
2025-05-10 05:52:51,948 - INFO - Initializing model...
2025-05-10 05:52:51,950 - INFO - Fitting model...
2025-05-10 05:53:36,585 - INFO - Saved weights to /s/ls4/users/selibrin/spiking_researches/correlation_encoding_and_training/mnist/hpo/shifted_stdp_synapse/hpo_data/hpo_iteration_data/4339489/estimator_1_neuron_8_weights.npy
2025-05-10 05:53:36,586 - INFO - Evaluating model...
2025-05-10 05:55:50,661 - INFO - Saved validation outputs to /s/ls4/users/selibrin/spiking_researches/correlation_encoding_and_training/mnist/hpo/shifted_stdp_synapse/hpo_data/hpo_iteration_data/4339489/estimator_1_neuron_8_validation_outputs.npy
2025-05-10 05:55:50,661 - INFO - Waiting for parameters file: /s/ls4/users/selibrin/spiking_researches/correlation_encoding_and_training/mnist/hpo/shifted_stdp_synapse/hpo_data/hpo_iteration_data/4339489/params_1_8.pkl
2025-05-10 05:56:20,699 - INFO - Loaded HPO parameters
2025-05-10 05:56:20,699 - INFO - Preparing datasets...
2025-05-10 05:56:24,197 - INFO - Prepared datasets: 287 train & 1000 validation samples
2025-05-10 05:56:24,198 - INFO - Initializing model...
2025-05-10 05:56:24,201 - INFO - Fitting model...
2025-05-10 05:57:08,114 - INFO - Saved weights to /s/ls4/users/selibrin/spiking_researches/correlation_encoding_and_training/mnist/hpo/shifted_stdp_synapse/hpo_data/hpo_iteration_data/4339489/estimator_1_neuron_8_weights.npy
2025-05-10 05:57:08,114 - INFO - Evaluating model...
2025-05-10 05:59:24,323 - INFO - Saved validation outputs to /s/ls4/users/selibrin/spiking_researches/correlation_encoding_and_training/mnist/hpo/shifted_stdp_synapse/hpo_data/hpo_iteration_data/4339489/estimator_1_neuron_8_validation_outputs.npy
2025-05-10 05:59:24,324 - INFO - Waiting for parameters file: /s/ls4/users/selibrin/spiking_researches/correlation_encoding_and_training/mnist/hpo/shifted_stdp_synapse/hpo_data/hpo_iteration_data/4339489/params_1_8.pkl
2025-05-10 05:59:54,361 - INFO - Loaded HPO parameters
2025-05-10 05:59:54,361 - INFO - Preparing datasets...
2025-05-10 05:59:57,638 - INFO - Prepared datasets: 287 train & 1000 validation samples
2025-05-10 05:59:57,642 - INFO - Initializing model...
2025-05-10 05:59:57,644 - INFO - Fitting model...
2025-05-10 06:00:42,979 - INFO - Saved weights to /s/ls4/users/selibrin/spiking_researches/correlation_encoding_and_training/mnist/hpo/shifted_stdp_synapse/hpo_data/hpo_iteration_data/4339489/estimator_1_neuron_8_weights.npy
2025-05-10 06:00:42,979 - INFO - Evaluating model...
2025-05-10 06:02:58,268 - INFO - Saved validation outputs to /s/ls4/users/selibrin/spiking_researches/correlation_encoding_and_training/mnist/hpo/shifted_stdp_synapse/hpo_data/hpo_iteration_data/4339489/estimator_1_neuron_8_validation_outputs.npy
2025-05-10 06:02:58,268 - INFO - Waiting for parameters file: /s/ls4/users/selibrin/spiking_researches/correlation_encoding_and_training/mnist/hpo/shifted_stdp_synapse/hpo_data/hpo_iteration_data/4339489/params_1_8.pkl
2025-05-10 06:03:28,304 - INFO - Loaded HPO parameters
2025-05-10 06:03:28,304 - INFO - Preparing datasets...
2025-05-10 06:03:31,698 - INFO - Prepared datasets: 287 train & 1000 validation samples
2025-05-10 06:03:31,699 - INFO - Initializing model...
2025-05-10 06:03:31,701 - INFO - Fitting model...
2025-05-10 06:04:17,080 - INFO - Saved weights to /s/ls4/users/selibrin/spiking_researches/correlation_encoding_and_training/mnist/hpo/shifted_stdp_synapse/hpo_data/hpo_iteration_data/4339489/estimator_1_neuron_8_weights.npy
2025-05-10 06:04:17,080 - INFO - Evaluating model...
2025-05-10 06:06:33,473 - INFO - Saved validation outputs to /s/ls4/users/selibrin/spiking_researches/correlation_encoding_and_training/mnist/hpo/shifted_stdp_synapse/hpo_data/hpo_iteration_data/4339489/estimator_1_neuron_8_validation_outputs.npy
2025-05-10 06:06:33,473 - INFO - Waiting for parameters file: /s/ls4/users/selibrin/spiking_researches/correlation_encoding_and_training/mnist/hpo/shifted_stdp_synapse/hpo_data/hpo_iteration_data/4339489/params_1_8.pkl
2025-05-10 06:07:03,509 - INFO - Loaded HPO parameters
2025-05-10 06:07:03,509 - INFO - Preparing datasets...
2025-05-10 06:07:06,651 - INFO - Prepared datasets: 287 train & 1000 validation samples
2025-05-10 06:07:06,656 - INFO - Initializing model...
2025-05-10 06:07:06,659 - INFO - Fitting model...
2025-05-10 06:07:59,656 - INFO - Saved weights to /s/ls4/users/selibrin/spiking_researches/correlation_encoding_and_training/mnist/hpo/shifted_stdp_synapse/hpo_data/hpo_iteration_data/4339489/estimator_1_neuron_8_weights.npy
2025-05-10 06:07:59,656 - INFO - Evaluating model...
2025-05-10 06:10:17,158 - INFO - Saved validation outputs to /s/ls4/users/selibrin/spiking_researches/correlation_encoding_and_training/mnist/hpo/shifted_stdp_synapse/hpo_data/hpo_iteration_data/4339489/estimator_1_neuron_8_validation_outputs.npy
2025-05-10 06:10:17,158 - INFO - Waiting for parameters file: /s/ls4/users/selibrin/spiking_researches/correlation_encoding_and_training/mnist/hpo/shifted_stdp_synapse/hpo_data/hpo_iteration_data/4339489/params_1_8.pkl
2025-05-10 06:10:37,184 - INFO - Loaded HPO parameters
2025-05-10 06:10:37,184 - INFO - Preparing datasets...
2025-05-10 06:10:40,366 - INFO - Prepared datasets: 287 train & 1000 validation samples
2025-05-10 06:10:40,366 - INFO - Initializing model...
2025-05-10 06:10:40,369 - INFO - Fitting model...
2025-05-10 06:11:24,450 - INFO - Saved weights to /s/ls4/users/selibrin/spiking_researches/correlation_encoding_and_training/mnist/hpo/shifted_stdp_synapse/hpo_data/hpo_iteration_data/4339489/estimator_1_neuron_8_weights.npy
2025-05-10 06:11:24,451 - INFO - Evaluating model...
2025-05-10 06:13:36,987 - INFO - Saved validation outputs to /s/ls4/users/selibrin/spiking_researches/correlation_encoding_and_training/mnist/hpo/shifted_stdp_synapse/hpo_data/hpo_iteration_data/4339489/estimator_1_neuron_8_validation_outputs.npy
2025-05-10 06:13:36,987 - INFO - Waiting for parameters file: /s/ls4/users/selibrin/spiking_researches/correlation_encoding_and_training/mnist/hpo/shifted_stdp_synapse/hpo_data/hpo_iteration_data/4339489/params_1_8.pkl
2025-05-10 06:14:07,025 - INFO - Loaded HPO parameters
2025-05-10 06:14:07,025 - INFO - Preparing datasets...
2025-05-10 06:14:10,178 - INFO - Prepared datasets: 1150 train & 1000 validation samples
2025-05-10 06:14:10,183 - INFO - Initializing model...
2025-05-10 06:14:10,185 - INFO - Fitting model...
2025-05-10 06:17:14,527 - INFO - Saved weights to /s/ls4/users/selibrin/spiking_researches/correlation_encoding_and_training/mnist/hpo/shifted_stdp_synapse/hpo_data/hpo_iteration_data/4339489/estimator_1_neuron_8_weights.npy
2025-05-10 06:17:14,527 - INFO - Evaluating model...
2025-05-10 06:19:30,010 - INFO - Saved validation outputs to /s/ls4/users/selibrin/spiking_researches/correlation_encoding_and_training/mnist/hpo/shifted_stdp_synapse/hpo_data/hpo_iteration_data/4339489/estimator_1_neuron_8_validation_outputs.npy
2025-05-10 06:19:30,010 - INFO - Waiting for parameters file: /s/ls4/users/selibrin/spiking_researches/correlation_encoding_and_training/mnist/hpo/shifted_stdp_synapse/hpo_data/hpo_iteration_data/4339489/params_1_8.pkl
2025-05-10 06:19:45,030 - INFO - Loaded HPO parameters
2025-05-10 06:19:45,030 - INFO - Preparing datasets...
2025-05-10 06:19:48,413 - INFO - Prepared datasets: 287 train & 1000 validation samples
2025-05-10 06:19:48,413 - INFO - Initializing model...
2025-05-10 06:19:48,416 - INFO - Fitting model...
2025-05-10 06:20:38,767 - INFO - Saved weights to /s/ls4/users/selibrin/spiking_researches/correlation_encoding_and_training/mnist/hpo/shifted_stdp_synapse/hpo_data/hpo_iteration_data/4339489/estimator_1_neuron_8_weights.npy
2025-05-10 06:20:38,768 - INFO - Evaluating model...
2025-05-10 06:22:56,414 - INFO - Saved validation outputs to /s/ls4/users/selibrin/spiking_researches/correlation_encoding_and_training/mnist/hpo/shifted_stdp_synapse/hpo_data/hpo_iteration_data/4339489/estimator_1_neuron_8_validation_outputs.npy
2025-05-10 06:22:56,414 - INFO - Waiting for parameters file: /s/ls4/users/selibrin/spiking_researches/correlation_encoding_and_training/mnist/hpo/shifted_stdp_synapse/hpo_data/hpo_iteration_data/4339489/params_1_8.pkl
2025-05-10 06:23:16,439 - INFO - Loaded HPO parameters
2025-05-10 06:23:16,439 - INFO - Preparing datasets...
2025-05-10 06:23:19,623 - INFO - Prepared datasets: 287 train & 1000 validation samples
2025-05-10 06:23:19,628 - INFO - Initializing model...
2025-05-10 06:23:19,630 - INFO - Fitting model...
2025-05-10 06:24:19,660 - INFO - Saved weights to /s/ls4/users/selibrin/spiking_researches/correlation_encoding_and_training/mnist/hpo/shifted_stdp_synapse/hpo_data/hpo_iteration_data/4339489/estimator_1_neuron_8_weights.npy
2025-05-10 06:24:19,660 - INFO - Evaluating model...
2025-05-10 06:26:39,020 - INFO - Saved validation outputs to /s/ls4/users/selibrin/spiking_researches/correlation_encoding_and_training/mnist/hpo/shifted_stdp_synapse/hpo_data/hpo_iteration_data/4339489/estimator_1_neuron_8_validation_outputs.npy
2025-05-10 06:26:39,020 - INFO - Waiting for parameters file: /s/ls4/users/selibrin/spiking_researches/correlation_encoding_and_training/mnist/hpo/shifted_stdp_synapse/hpo_data/hpo_iteration_data/4339489/params_1_8.pkl
2025-05-10 06:26:49,036 - INFO - Loaded HPO parameters
2025-05-10 06:26:49,036 - INFO - Preparing datasets...
2025-05-10 06:26:52,218 - INFO - Prepared datasets: 287 train & 1000 validation samples
2025-05-10 06:26:52,218 - INFO - Initializing model...
2025-05-10 06:26:52,220 - INFO - Fitting model...
2025-05-10 06:27:36,494 - INFO - Saved weights to /s/ls4/users/selibrin/spiking_researches/correlation_encoding_and_training/mnist/hpo/shifted_stdp_synapse/hpo_data/hpo_iteration_data/4339489/estimator_1_neuron_8_weights.npy
2025-05-10 06:27:36,494 - INFO - Evaluating model...
2025-05-10 06:29:48,372 - INFO - Saved validation outputs to /s/ls4/users/selibrin/spiking_researches/correlation_encoding_and_training/mnist/hpo/shifted_stdp_synapse/hpo_data/hpo_iteration_data/4339489/estimator_1_neuron_8_validation_outputs.npy
2025-05-10 06:29:48,372 - INFO - Waiting for parameters file: /s/ls4/users/selibrin/spiking_researches/correlation_encoding_and_training/mnist/hpo/shifted_stdp_synapse/hpo_data/hpo_iteration_data/4339489/params_1_8.pkl
2025-05-10 06:30:23,414 - INFO - Loaded HPO parameters
2025-05-10 06:30:23,414 - INFO - Preparing datasets...
2025-05-10 06:30:26,601 - INFO - Prepared datasets: 287 train & 1000 validation samples
2025-05-10 06:30:26,606 - INFO - Initializing model...
2025-05-10 06:30:26,608 - INFO - Fitting model...
2025-05-10 06:31:14,111 - INFO - Saved weights to /s/ls4/users/selibrin/spiking_researches/correlation_encoding_and_training/mnist/hpo/shifted_stdp_synapse/hpo_data/hpo_iteration_data/4339489/estimator_1_neuron_8_weights.npy
2025-05-10 06:31:14,112 - INFO - Evaluating model...
2025-05-10 06:33:29,808 - INFO - Saved validation outputs to /s/ls4/users/selibrin/spiking_researches/correlation_encoding_and_training/mnist/hpo/shifted_stdp_synapse/hpo_data/hpo_iteration_data/4339489/estimator_1_neuron_8_validation_outputs.npy
2025-05-10 06:33:29,808 - INFO - Waiting for parameters file: /s/ls4/users/selibrin/spiking_researches/correlation_encoding_and_training/mnist/hpo/shifted_stdp_synapse/hpo_data/hpo_iteration_data/4339489/params_1_8.pkl
2025-05-10 06:33:54,839 - INFO - Loaded HPO parameters
2025-05-10 06:33:54,839 - INFO - Preparing datasets...
2025-05-10 06:33:58,040 - INFO - Prepared datasets: 1150 train & 1000 validation samples
2025-05-10 06:33:58,040 - INFO - Initializing model...
2025-05-10 06:33:58,042 - INFO - Fitting model...
2025-05-10 06:37:01,208 - INFO - Saved weights to /s/ls4/users/selibrin/spiking_researches/correlation_encoding_and_training/mnist/hpo/shifted_stdp_synapse/hpo_data/hpo_iteration_data/4339489/estimator_1_neuron_8_weights.npy
2025-05-10 06:37:01,208 - INFO - Evaluating model...
2025-05-10 06:39:13,936 - INFO - Saved validation outputs to /s/ls4/users/selibrin/spiking_researches/correlation_encoding_and_training/mnist/hpo/shifted_stdp_synapse/hpo_data/hpo_iteration_data/4339489/estimator_1_neuron_8_validation_outputs.npy
2025-05-10 06:39:13,936 - INFO - Waiting for parameters file: /s/ls4/users/selibrin/spiking_researches/correlation_encoding_and_training/mnist/hpo/shifted_stdp_synapse/hpo_data/hpo_iteration_data/4339489/params_1_8.pkl
2025-05-10 06:39:59,019 - INFO - Loaded HPO parameters
2025-05-10 06:39:59,020 - INFO - Preparing datasets...
2025-05-10 06:40:02,342 - INFO - Prepared datasets: 287 train & 1000 validation samples
2025-05-10 06:40:02,348 - INFO - Initializing model...
2025-05-10 06:40:02,351 - INFO - Fitting model...
2025-05-10 06:40:47,313 - INFO - Saved weights to /s/ls4/users/selibrin/spiking_researches/correlation_encoding_and_training/mnist/hpo/shifted_stdp_synapse/hpo_data/hpo_iteration_data/4339489/estimator_1_neuron_8_weights.npy
2025-05-10 06:40:47,313 - INFO - Evaluating model...
2025-05-10 06:43:03,774 - INFO - Saved validation outputs to /s/ls4/users/selibrin/spiking_researches/correlation_encoding_and_training/mnist/hpo/shifted_stdp_synapse/hpo_data/hpo_iteration_data/4339489/estimator_1_neuron_8_validation_outputs.npy
2025-05-10 06:43:03,774 - INFO - Waiting for parameters file: /s/ls4/users/selibrin/spiking_researches/correlation_encoding_and_training/mnist/hpo/shifted_stdp_synapse/hpo_data/hpo_iteration_data/4339489/params_1_8.pkl
2025-05-10 06:43:33,806 - INFO - Loaded HPO parameters
2025-05-10 06:43:33,807 - INFO - Preparing datasets...
2025-05-10 06:43:37,149 - INFO - Prepared datasets: 287 train & 1000 validation samples
2025-05-10 06:43:37,149 - INFO - Initializing model...
2025-05-10 06:43:37,153 - INFO - Fitting model...
2025-05-10 06:44:29,908 - INFO - Saved weights to /s/ls4/users/selibrin/spiking_researches/correlation_encoding_and_training/mnist/hpo/shifted_stdp_synapse/hpo_data/hpo_iteration_data/4339489/estimator_1_neuron_8_weights.npy
2025-05-10 06:44:29,908 - INFO - Evaluating model...
2025-05-10 06:46:46,312 - INFO - Saved validation outputs to /s/ls4/users/selibrin/spiking_researches/correlation_encoding_and_training/mnist/hpo/shifted_stdp_synapse/hpo_data/hpo_iteration_data/4339489/estimator_1_neuron_8_validation_outputs.npy
2025-05-10 06:46:46,313 - INFO - Waiting for parameters file: /s/ls4/users/selibrin/spiking_researches/correlation_encoding_and_training/mnist/hpo/shifted_stdp_synapse/hpo_data/hpo_iteration_data/4339489/params_1_8.pkl
2025-05-10 06:47:06,338 - INFO - Loaded HPO parameters
2025-05-10 06:47:06,338 - INFO - Preparing datasets...
2025-05-10 06:47:09,523 - INFO - Prepared datasets: 287 train & 1000 validation samples
2025-05-10 06:47:09,528 - INFO - Initializing model...
2025-05-10 06:47:09,531 - INFO - Fitting model...
2025-05-10 06:47:53,214 - INFO - Saved weights to /s/ls4/users/selibrin/spiking_researches/correlation_encoding_and_training/mnist/hpo/shifted_stdp_synapse/hpo_data/hpo_iteration_data/4339489/estimator_1_neuron_8_weights.npy
2025-05-10 06:47:53,214 - INFO - Evaluating model...
2025-05-10 06:50:04,985 - INFO - Saved validation outputs to /s/ls4/users/selibrin/spiking_researches/correlation_encoding_and_training/mnist/hpo/shifted_stdp_synapse/hpo_data/hpo_iteration_data/4339489/estimator_1_neuron_8_validation_outputs.npy
2025-05-10 06:50:04,985 - INFO - Waiting for parameters file: /s/ls4/users/selibrin/spiking_researches/correlation_encoding_and_training/mnist/hpo/shifted_stdp_synapse/hpo_data/hpo_iteration_data/4339489/params_1_8.pkl
2025-05-10 06:50:40,027 - INFO - Loaded HPO parameters
2025-05-10 06:50:40,027 - INFO - Preparing datasets...
2025-05-10 06:50:43,302 - INFO - Prepared datasets: 1150 train & 1000 validation samples
2025-05-10 06:50:43,303 - INFO - Initializing model...
2025-05-10 06:50:43,306 - INFO - Fitting model...
2025-05-10 06:53:44,328 - INFO - Saved weights to /s/ls4/users/selibrin/spiking_researches/correlation_encoding_and_training/mnist/hpo/shifted_stdp_synapse/hpo_data/hpo_iteration_data/4339489/estimator_1_neuron_8_weights.npy
2025-05-10 06:53:44,328 - INFO - Evaluating model...
2025-05-10 06:55:57,807 - INFO - Saved validation outputs to /s/ls4/users/selibrin/spiking_researches/correlation_encoding_and_training/mnist/hpo/shifted_stdp_synapse/hpo_data/hpo_iteration_data/4339489/estimator_1_neuron_8_validation_outputs.npy
2025-05-10 06:55:57,807 - INFO - Waiting for parameters file: /s/ls4/users/selibrin/spiking_researches/correlation_encoding_and_training/mnist/hpo/shifted_stdp_synapse/hpo_data/hpo_iteration_data/4339489/params_1_8.pkl
2025-05-10 06:56:12,827 - INFO - Loaded HPO parameters
2025-05-10 06:56:12,827 - INFO - Preparing datasets...
2025-05-10 06:56:16,107 - INFO - Prepared datasets: 287 train & 1000 validation samples
2025-05-10 06:56:16,113 - INFO - Initializing model...
2025-05-10 06:56:16,116 - INFO - Fitting model...
2025-05-10 06:57:00,727 - INFO - Saved weights to /s/ls4/users/selibrin/spiking_researches/correlation_encoding_and_training/mnist/hpo/shifted_stdp_synapse/hpo_data/hpo_iteration_data/4339489/estimator_1_neuron_8_weights.npy
2025-05-10 06:57:00,727 - INFO - Evaluating model...
2025-05-10 06:59:15,301 - INFO - Saved validation outputs to /s/ls4/users/selibrin/spiking_researches/correlation_encoding_and_training/mnist/hpo/shifted_stdp_synapse/hpo_data/hpo_iteration_data/4339489/estimator_1_neuron_8_validation_outputs.npy
2025-05-10 06:59:15,301 - INFO - Waiting for parameters file: /s/ls4/users/selibrin/spiking_researches/correlation_encoding_and_training/mnist/hpo/shifted_stdp_synapse/hpo_data/hpo_iteration_data/4339489/params_1_8.pkl
2025-05-10 06:59:45,338 - INFO - Loaded HPO parameters
2025-05-10 06:59:45,338 - INFO - Preparing datasets...
2025-05-10 06:59:48,695 - INFO - Prepared datasets: 287 train & 1000 validation samples
2025-05-10 06:59:48,695 - INFO - Initializing model...
2025-05-10 06:59:48,698 - INFO - Fitting model...
2025-05-10 07:00:47,776 - INFO - Saved weights to /s/ls4/users/selibrin/spiking_researches/correlation_encoding_and_training/mnist/hpo/shifted_stdp_synapse/hpo_data/hpo_iteration_data/4339489/estimator_1_neuron_8_weights.npy
2025-05-10 07:00:47,776 - INFO - Evaluating model...
2025-05-10 07:03:07,715 - INFO - Saved validation outputs to /s/ls4/users/selibrin/spiking_researches/correlation_encoding_and_training/mnist/hpo/shifted_stdp_synapse/hpo_data/hpo_iteration_data/4339489/estimator_1_neuron_8_validation_outputs.npy
2025-05-10 07:03:07,716 - INFO - Waiting for parameters file: /s/ls4/users/selibrin/spiking_researches/correlation_encoding_and_training/mnist/hpo/shifted_stdp_synapse/hpo_data/hpo_iteration_data/4339489/params_1_8.pkl
2025-05-10 07:03:17,751 - INFO - Loaded HPO parameters
2025-05-10 07:03:17,751 - INFO - Preparing datasets...
2025-05-10 07:03:21,334 - INFO - Prepared datasets: 287 train & 1000 validation samples
2025-05-10 07:03:21,340 - INFO - Initializing model...
2025-05-10 07:03:21,343 - INFO - Fitting model...
2025-05-10 07:04:10,782 - INFO - Saved weights to /s/ls4/users/selibrin/spiking_researches/correlation_encoding_and_training/mnist/hpo/shifted_stdp_synapse/hpo_data/hpo_iteration_data/4339489/estimator_1_neuron_8_weights.npy
2025-05-10 07:04:10,782 - INFO - Evaluating model...
2025-05-10 07:06:26,388 - INFO - Saved validation outputs to /s/ls4/users/selibrin/spiking_researches/correlation_encoding_and_training/mnist/hpo/shifted_stdp_synapse/hpo_data/hpo_iteration_data/4339489/estimator_1_neuron_8_validation_outputs.npy
2025-05-10 07:06:26,388 - INFO - Waiting for parameters file: /s/ls4/users/selibrin/spiking_researches/correlation_encoding_and_training/mnist/hpo/shifted_stdp_synapse/hpo_data/hpo_iteration_data/4339489/params_1_8.pkl
2025-05-10 07:06:51,433 - INFO - Loaded HPO parameters
2025-05-10 07:06:51,433 - INFO - Preparing datasets...
2025-05-10 07:06:54,753 - INFO - Prepared datasets: 287 train & 1000 validation samples
2025-05-10 07:06:54,753 - INFO - Initializing model...
2025-05-10 07:06:54,755 - INFO - Fitting model...
2025-05-10 07:07:39,171 - INFO - Saved weights to /s/ls4/users/selibrin/spiking_researches/correlation_encoding_and_training/mnist/hpo/shifted_stdp_synapse/hpo_data/hpo_iteration_data/4339489/estimator_1_neuron_8_weights.npy
2025-05-10 07:07:39,171 - INFO - Evaluating model...
2025-05-10 07:09:50,279 - INFO - Saved validation outputs to /s/ls4/users/selibrin/spiking_researches/correlation_encoding_and_training/mnist/hpo/shifted_stdp_synapse/hpo_data/hpo_iteration_data/4339489/estimator_1_neuron_8_validation_outputs.npy
2025-05-10 07:09:50,279 - INFO - Waiting for parameters file: /s/ls4/users/selibrin/spiking_researches/correlation_encoding_and_training/mnist/hpo/shifted_stdp_synapse/hpo_data/hpo_iteration_data/4339489/params_1_8.pkl
2025-05-10 07:10:25,320 - INFO - Loaded HPO parameters
2025-05-10 07:10:25,320 - INFO - Preparing datasets...
2025-05-10 07:10:28,570 - INFO - Prepared datasets: 1150 train & 1000 validation samples
2025-05-10 07:10:28,575 - INFO - Initializing model...
2025-05-10 07:10:28,577 - INFO - Fitting model...
2025-05-10 07:13:36,779 - INFO - Saved weights to /s/ls4/users/selibrin/spiking_researches/correlation_encoding_and_training/mnist/hpo/shifted_stdp_synapse/hpo_data/hpo_iteration_data/4339489/estimator_1_neuron_8_weights.npy
2025-05-10 07:13:36,779 - INFO - Evaluating model...
2025-05-10 07:15:51,049 - INFO - Saved validation outputs to /s/ls4/users/selibrin/spiking_researches/correlation_encoding_and_training/mnist/hpo/shifted_stdp_synapse/hpo_data/hpo_iteration_data/4339489/estimator_1_neuron_8_validation_outputs.npy
2025-05-10 07:15:51,050 - INFO - Waiting for parameters file: /s/ls4/users/selibrin/spiking_researches/correlation_encoding_and_training/mnist/hpo/shifted_stdp_synapse/hpo_data/hpo_iteration_data/4339489/params_1_8.pkl
2025-05-10 07:16:31,096 - INFO - Loaded HPO parameters
2025-05-10 07:16:31,096 - INFO - Preparing datasets...
2025-05-10 07:16:34,286 - INFO - Prepared datasets: 287 train & 1000 validation samples
2025-05-10 07:16:34,287 - INFO - Initializing model...
2025-05-10 07:16:34,289 - INFO - Fitting model...
2025-05-10 07:17:20,033 - INFO - Saved weights to /s/ls4/users/selibrin/spiking_researches/correlation_encoding_and_training/mnist/hpo/shifted_stdp_synapse/hpo_data/hpo_iteration_data/4339489/estimator_1_neuron_8_weights.npy
2025-05-10 07:17:20,033 - INFO - Evaluating model...
2025-05-10 07:19:30,735 - INFO - Saved validation outputs to /s/ls4/users/selibrin/spiking_researches/correlation_encoding_and_training/mnist/hpo/shifted_stdp_synapse/hpo_data/hpo_iteration_data/4339489/estimator_1_neuron_8_validation_outputs.npy
2025-05-10 07:19:30,735 - INFO - Waiting for parameters file: /s/ls4/users/selibrin/spiking_researches/correlation_encoding_and_training/mnist/hpo/shifted_stdp_synapse/hpo_data/hpo_iteration_data/4339489/params_1_8.pkl
2025-05-10 07:20:05,777 - INFO - Loaded HPO parameters
2025-05-10 07:20:05,777 - INFO - Preparing datasets...
2025-05-10 07:20:09,038 - INFO - Prepared datasets: 287 train & 1000 validation samples
2025-05-10 07:20:09,044 - INFO - Initializing model...
2025-05-10 07:20:09,046 - INFO - Fitting model...
2025-05-10 07:20:53,048 - INFO - Saved weights to /s/ls4/users/selibrin/spiking_researches/correlation_encoding_and_training/mnist/hpo/shifted_stdp_synapse/hpo_data/hpo_iteration_data/4339489/estimator_1_neuron_8_weights.npy
2025-05-10 07:20:53,049 - INFO - Evaluating model...
2025-05-10 07:23:03,465 - INFO - Saved validation outputs to /s/ls4/users/selibrin/spiking_researches/correlation_encoding_and_training/mnist/hpo/shifted_stdp_synapse/hpo_data/hpo_iteration_data/4339489/estimator_1_neuron_8_validation_outputs.npy
2025-05-10 07:23:03,466 - INFO - Waiting for parameters file: /s/ls4/users/selibrin/spiking_researches/correlation_encoding_and_training/mnist/hpo/shifted_stdp_synapse/hpo_data/hpo_iteration_data/4339489/params_1_8.pkl
2025-05-10 07:23:38,507 - INFO - Loaded HPO parameters
2025-05-10 07:23:38,507 - INFO - Preparing datasets...
2025-05-10 07:23:41,727 - INFO - Prepared datasets: 287 train & 1000 validation samples
2025-05-10 07:23:41,727 - INFO - Initializing model...
2025-05-10 07:23:41,729 - INFO - Fitting model...
2025-05-10 07:24:25,990 - INFO - Saved weights to /s/ls4/users/selibrin/spiking_researches/correlation_encoding_and_training/mnist/hpo/shifted_stdp_synapse/hpo_data/hpo_iteration_data/4339489/estimator_1_neuron_8_weights.npy
2025-05-10 07:24:25,991 - INFO - Evaluating model...
2025-05-10 07:26:39,357 - INFO - Saved validation outputs to /s/ls4/users/selibrin/spiking_researches/correlation_encoding_and_training/mnist/hpo/shifted_stdp_synapse/hpo_data/hpo_iteration_data/4339489/estimator_1_neuron_8_validation_outputs.npy
2025-05-10 07:26:39,358 - INFO - Waiting for parameters file: /s/ls4/users/selibrin/spiking_researches/correlation_encoding_and_training/mnist/hpo/shifted_stdp_synapse/hpo_data/hpo_iteration_data/4339489/params_1_8.pkl
2025-05-10 07:27:09,395 - INFO - Loaded HPO parameters
2025-05-10 07:27:09,395 - INFO - Preparing datasets...
2025-05-10 07:27:12,581 - INFO - Prepared datasets: 287 train & 1000 validation samples
2025-05-10 07:27:12,586 - INFO - Initializing model...
2025-05-10 07:27:12,589 - INFO - Fitting model...
2025-05-10 07:28:05,722 - INFO - Saved weights to /s/ls4/users/selibrin/spiking_researches/correlation_encoding_and_training/mnist/hpo/shifted_stdp_synapse/hpo_data/hpo_iteration_data/4339489/estimator_1_neuron_8_weights.npy
2025-05-10 07:28:05,722 - INFO - Evaluating model...
2025-05-10 07:30:22,032 - INFO - Saved validation outputs to /s/ls4/users/selibrin/spiking_researches/correlation_encoding_and_training/mnist/hpo/shifted_stdp_synapse/hpo_data/hpo_iteration_data/4339489/estimator_1_neuron_8_validation_outputs.npy
2025-05-10 07:30:22,033 - INFO - Waiting for parameters file: /s/ls4/users/selibrin/spiking_researches/correlation_encoding_and_training/mnist/hpo/shifted_stdp_synapse/hpo_data/hpo_iteration_data/4339489/params_1_8.pkl
2025-05-10 07:30:42,059 - INFO - Loaded HPO parameters
2025-05-10 07:30:42,059 - INFO - Preparing datasets...
2025-05-10 07:30:45,249 - INFO - Prepared datasets: 1150 train & 1000 validation samples
2025-05-10 07:30:45,249 - INFO - Initializing model...
2025-05-10 07:30:45,252 - INFO - Fitting model...
2025-05-10 07:33:41,316 - INFO - Saved weights to /s/ls4/users/selibrin/spiking_researches/correlation_encoding_and_training/mnist/hpo/shifted_stdp_synapse/hpo_data/hpo_iteration_data/4339489/estimator_1_neuron_8_weights.npy
2025-05-10 07:33:41,316 - INFO - Evaluating model...
2025-05-10 07:35:54,391 - INFO - Saved validation outputs to /s/ls4/users/selibrin/spiking_researches/correlation_encoding_and_training/mnist/hpo/shifted_stdp_synapse/hpo_data/hpo_iteration_data/4339489/estimator_1_neuron_8_validation_outputs.npy
2025-05-10 07:35:54,391 - INFO - Waiting for parameters file: /s/ls4/users/selibrin/spiking_researches/correlation_encoding_and_training/mnist/hpo/shifted_stdp_synapse/hpo_data/hpo_iteration_data/4339489/params_1_8.pkl
2025-05-10 07:36:19,421 - INFO - Loaded HPO parameters
2025-05-10 07:36:19,421 - INFO - Preparing datasets...
2025-05-10 07:36:22,777 - INFO - Prepared datasets: 287 train & 1000 validation samples
2025-05-10 07:36:22,782 - INFO - Initializing model...
2025-05-10 07:36:22,785 - INFO - Fitting model...
2025-05-10 07:37:09,174 - INFO - Saved weights to /s/ls4/users/selibrin/spiking_researches/correlation_encoding_and_training/mnist/hpo/shifted_stdp_synapse/hpo_data/hpo_iteration_data/4339489/estimator_1_neuron_8_weights.npy
2025-05-10 07:37:09,174 - INFO - Evaluating model...
2025-05-10 07:39:26,935 - INFO - Saved validation outputs to /s/ls4/users/selibrin/spiking_researches/correlation_encoding_and_training/mnist/hpo/shifted_stdp_synapse/hpo_data/hpo_iteration_data/4339489/estimator_1_neuron_8_validation_outputs.npy
2025-05-10 07:39:26,935 - INFO - Waiting for parameters file: /s/ls4/users/selibrin/spiking_researches/correlation_encoding_and_training/mnist/hpo/shifted_stdp_synapse/hpo_data/hpo_iteration_data/4339489/params_1_8.pkl
2025-05-10 07:39:51,966 - INFO - Loaded HPO parameters
2025-05-10 07:39:51,966 - INFO - Preparing datasets...
2025-05-10 07:39:55,218 - INFO - Prepared datasets: 287 train & 1000 validation samples
2025-05-10 07:39:55,219 - INFO - Initializing model...
2025-05-10 07:39:55,221 - INFO - Fitting model...
2025-05-10 07:40:39,527 - INFO - Saved weights to /s/ls4/users/selibrin/spiking_researches/correlation_encoding_and_training/mnist/hpo/shifted_stdp_synapse/hpo_data/hpo_iteration_data/4339489/estimator_1_neuron_8_weights.npy
2025-05-10 07:40:39,527 - INFO - Evaluating model...
2025-05-10 07:42:54,212 - INFO - Saved validation outputs to /s/ls4/users/selibrin/spiking_researches/correlation_encoding_and_training/mnist/hpo/shifted_stdp_synapse/hpo_data/hpo_iteration_data/4339489/estimator_1_neuron_8_validation_outputs.npy
2025-05-10 07:42:54,212 - INFO - Waiting for parameters file: /s/ls4/users/selibrin/spiking_researches/correlation_encoding_and_training/mnist/hpo/shifted_stdp_synapse/hpo_data/hpo_iteration_data/4339489/params_1_8.pkl
2025-05-10 07:43:24,249 - INFO - Loaded HPO parameters
2025-05-10 07:43:24,249 - INFO - Preparing datasets...
2025-05-10 07:43:27,674 - INFO - Prepared datasets: 287 train & 1000 validation samples
2025-05-10 07:43:27,680 - INFO - Initializing model...
2025-05-10 07:43:27,683 - INFO - Fitting model...
2025-05-10 07:44:13,037 - INFO - Saved weights to /s/ls4/users/selibrin/spiking_researches/correlation_encoding_and_training/mnist/hpo/shifted_stdp_synapse/hpo_data/hpo_iteration_data/4339489/estimator_1_neuron_8_weights.npy
2025-05-10 07:44:13,037 - INFO - Evaluating model...
2025-05-10 07:46:29,448 - INFO - Saved validation outputs to /s/ls4/users/selibrin/spiking_researches/correlation_encoding_and_training/mnist/hpo/shifted_stdp_synapse/hpo_data/hpo_iteration_data/4339489/estimator_1_neuron_8_validation_outputs.npy
2025-05-10 07:46:29,448 - INFO - Waiting for parameters file: /s/ls4/users/selibrin/spiking_researches/correlation_encoding_and_training/mnist/hpo/shifted_stdp_synapse/hpo_data/hpo_iteration_data/4339489/params_1_8.pkl
2025-05-10 07:46:59,484 - INFO - Loaded HPO parameters
2025-05-10 07:46:59,484 - INFO - Preparing datasets...
2025-05-10 07:47:02,776 - INFO - Prepared datasets: 287 train & 1000 validation samples
2025-05-10 07:47:02,777 - INFO - Initializing model...
2025-05-10 07:47:02,780 - INFO - Fitting model...
2025-05-10 07:48:02,406 - INFO - Saved weights to /s/ls4/users/selibrin/spiking_researches/correlation_encoding_and_training/mnist/hpo/shifted_stdp_synapse/hpo_data/hpo_iteration_data/4339489/estimator_1_neuron_8_weights.npy
2025-05-10 07:48:02,407 - INFO - Evaluating model...
2025-05-10 07:50:22,928 - INFO - Saved validation outputs to /s/ls4/users/selibrin/spiking_researches/correlation_encoding_and_training/mnist/hpo/shifted_stdp_synapse/hpo_data/hpo_iteration_data/4339489/estimator_1_neuron_8_validation_outputs.npy
2025-05-10 07:50:22,928 - INFO - Waiting for parameters file: /s/ls4/users/selibrin/spiking_researches/correlation_encoding_and_training/mnist/hpo/shifted_stdp_synapse/hpo_data/hpo_iteration_data/4339489/params_1_8.pkl
2025-05-10 07:50:32,943 - INFO - Loaded HPO parameters
2025-05-10 07:50:32,943 - INFO - Preparing datasets...
2025-05-10 07:50:36,315 - INFO - Prepared datasets: 287 train & 1000 validation samples
2025-05-10 07:50:36,320 - INFO - Initializing model...
2025-05-10 07:50:36,323 - INFO - Fitting model...
2025-05-10 07:51:20,570 - INFO - Saved weights to /s/ls4/users/selibrin/spiking_researches/correlation_encoding_and_training/mnist/hpo/shifted_stdp_synapse/hpo_data/hpo_iteration_data/4339489/estimator_1_neuron_8_weights.npy
2025-05-10 07:51:20,570 - INFO - Evaluating model...
2025-05-10 07:53:34,809 - INFO - Saved validation outputs to /s/ls4/users/selibrin/spiking_researches/correlation_encoding_and_training/mnist/hpo/shifted_stdp_synapse/hpo_data/hpo_iteration_data/4339489/estimator_1_neuron_8_validation_outputs.npy
2025-05-10 07:53:34,810 - INFO - Waiting for parameters file: /s/ls4/users/selibrin/spiking_researches/correlation_encoding_and_training/mnist/hpo/shifted_stdp_synapse/hpo_data/hpo_iteration_data/4339489/params_1_8.pkl
2025-05-10 07:54:04,847 - INFO - Loaded HPO parameters
2025-05-10 07:54:04,848 - INFO - Preparing datasets...
2025-05-10 07:54:08,496 - INFO - Prepared datasets: 287 train & 1000 validation samples
2025-05-10 07:54:08,497 - INFO - Initializing model...
2025-05-10 07:54:08,500 - INFO - Fitting model...
2025-05-10 07:54:54,281 - INFO - Saved weights to /s/ls4/users/selibrin/spiking_researches/correlation_encoding_and_training/mnist/hpo/shifted_stdp_synapse/hpo_data/hpo_iteration_data/4339489/estimator_1_neuron_8_weights.npy
2025-05-10 07:54:54,281 - INFO - Evaluating model...
2025-05-10 07:57:12,120 - INFO - Saved validation outputs to /s/ls4/users/selibrin/spiking_researches/correlation_encoding_and_training/mnist/hpo/shifted_stdp_synapse/hpo_data/hpo_iteration_data/4339489/estimator_1_neuron_8_validation_outputs.npy
2025-05-10 07:57:12,120 - INFO - Waiting for parameters file: /s/ls4/users/selibrin/spiking_researches/correlation_encoding_and_training/mnist/hpo/shifted_stdp_synapse/hpo_data/hpo_iteration_data/4339489/params_1_8.pkl
2025-05-10 07:57:37,153 - INFO - Loaded HPO parameters
2025-05-10 07:57:37,153 - INFO - Preparing datasets...
2025-05-10 07:57:40,386 - INFO - Prepared datasets: 287 train & 1000 validation samples
2025-05-10 07:57:40,391 - INFO - Initializing model...
2025-05-10 07:57:40,394 - INFO - Fitting model...
2025-05-10 07:58:25,057 - INFO - Saved weights to /s/ls4/users/selibrin/spiking_researches/correlation_encoding_and_training/mnist/hpo/shifted_stdp_synapse/hpo_data/hpo_iteration_data/4339489/estimator_1_neuron_8_weights.npy
2025-05-10 07:58:25,057 - INFO - Evaluating model...
2025-05-10 08:00:37,872 - INFO - Saved validation outputs to /s/ls4/users/selibrin/spiking_researches/correlation_encoding_and_training/mnist/hpo/shifted_stdp_synapse/hpo_data/hpo_iteration_data/4339489/estimator_1_neuron_8_validation_outputs.npy
2025-05-10 08:00:37,872 - INFO - Waiting for parameters file: /s/ls4/users/selibrin/spiking_researches/correlation_encoding_and_training/mnist/hpo/shifted_stdp_synapse/hpo_data/hpo_iteration_data/4339489/params_1_8.pkl
2025-05-10 08:01:12,912 - INFO - Loaded HPO parameters
2025-05-10 08:01:12,913 - INFO - Preparing datasets...
2025-05-10 08:01:16,258 - INFO - Prepared datasets: 287 train & 1000 validation samples
2025-05-10 08:01:16,258 - INFO - Initializing model...
2025-05-10 08:01:16,261 - INFO - Fitting model...
2025-05-10 08:02:01,204 - INFO - Saved weights to /s/ls4/users/selibrin/spiking_researches/correlation_encoding_and_training/mnist/hpo/shifted_stdp_synapse/hpo_data/hpo_iteration_data/4339489/estimator_1_neuron_8_weights.npy
2025-05-10 08:02:01,204 - INFO - Evaluating model...
2025-05-10 08:04:14,379 - INFO - Saved validation outputs to /s/ls4/users/selibrin/spiking_researches/correlation_encoding_and_training/mnist/hpo/shifted_stdp_synapse/hpo_data/hpo_iteration_data/4339489/estimator_1_neuron_8_validation_outputs.npy
2025-05-10 08:04:14,379 - INFO - Waiting for parameters file: /s/ls4/users/selibrin/spiking_researches/correlation_encoding_and_training/mnist/hpo/shifted_stdp_synapse/hpo_data/hpo_iteration_data/4339489/params_1_8.pkl
2025-05-10 08:04:44,416 - INFO - Loaded HPO parameters
2025-05-10 08:04:44,416 - INFO - Preparing datasets...
2025-05-10 08:04:47,685 - INFO - Prepared datasets: 287 train & 1000 validation samples
2025-05-10 08:04:47,690 - INFO - Initializing model...
2025-05-10 08:04:47,692 - INFO - Fitting model...
2025-05-10 08:05:33,140 - INFO - Saved weights to /s/ls4/users/selibrin/spiking_researches/correlation_encoding_and_training/mnist/hpo/shifted_stdp_synapse/hpo_data/hpo_iteration_data/4339489/estimator_1_neuron_8_weights.npy
2025-05-10 08:05:33,141 - INFO - Evaluating model...
2025-05-10 08:07:48,683 - INFO - Saved validation outputs to /s/ls4/users/selibrin/spiking_researches/correlation_encoding_and_training/mnist/hpo/shifted_stdp_synapse/hpo_data/hpo_iteration_data/4339489/estimator_1_neuron_8_validation_outputs.npy
2025-05-10 08:07:48,683 - INFO - Waiting for parameters file: /s/ls4/users/selibrin/spiking_researches/correlation_encoding_and_training/mnist/hpo/shifted_stdp_synapse/hpo_data/hpo_iteration_data/4339489/params_1_8.pkl
2025-05-10 08:08:18,720 - INFO - Loaded HPO parameters
2025-05-10 08:08:18,720 - INFO - Preparing datasets...
2025-05-10 08:08:22,278 - INFO - Prepared datasets: 287 train & 1000 validation samples
2025-05-10 08:08:22,278 - INFO - Initializing model...
2025-05-10 08:08:22,281 - INFO - Fitting model...
2025-05-10 08:09:08,156 - INFO - Saved weights to /s/ls4/users/selibrin/spiking_researches/correlation_encoding_and_training/mnist/hpo/shifted_stdp_synapse/hpo_data/hpo_iteration_data/4339489/estimator_1_neuron_8_weights.npy
2025-05-10 08:09:08,156 - INFO - Evaluating model...
2025-05-10 08:11:24,239 - INFO - Saved validation outputs to /s/ls4/users/selibrin/spiking_researches/correlation_encoding_and_training/mnist/hpo/shifted_stdp_synapse/hpo_data/hpo_iteration_data/4339489/estimator_1_neuron_8_validation_outputs.npy
2025-05-10 08:11:24,239 - INFO - Waiting for parameters file: /s/ls4/users/selibrin/spiking_researches/correlation_encoding_and_training/mnist/hpo/shifted_stdp_synapse/hpo_data/hpo_iteration_data/4339489/params_1_8.pkl
2025-05-10 08:11:49,269 - INFO - Loaded HPO parameters
2025-05-10 08:11:49,270 - INFO - Preparing datasets...
2025-05-10 08:11:52,567 - INFO - Prepared datasets: 287 train & 1000 validation samples
2025-05-10 08:11:52,576 - INFO - Initializing model...
2025-05-10 08:11:52,579 - INFO - Fitting model...
2025-05-10 08:12:42,739 - INFO - Saved weights to /s/ls4/users/selibrin/spiking_researches/correlation_encoding_and_training/mnist/hpo/shifted_stdp_synapse/hpo_data/hpo_iteration_data/4339489/estimator_1_neuron_8_weights.npy
2025-05-10 08:12:42,739 - INFO - Evaluating model...
2025-05-10 08:14:59,726 - INFO - Saved validation outputs to /s/ls4/users/selibrin/spiking_researches/correlation_encoding_and_training/mnist/hpo/shifted_stdp_synapse/hpo_data/hpo_iteration_data/4339489/estimator_1_neuron_8_validation_outputs.npy
2025-05-10 08:14:59,726 - INFO - Waiting for parameters file: /s/ls4/users/selibrin/spiking_researches/correlation_encoding_and_training/mnist/hpo/shifted_stdp_synapse/hpo_data/hpo_iteration_data/4339489/params_1_8.pkl
2025-05-10 08:15:24,756 - INFO - Loaded HPO parameters
2025-05-10 08:15:24,756 - INFO - Preparing datasets...
2025-05-10 08:15:27,959 - INFO - Prepared datasets: 287 train & 1000 validation samples
2025-05-10 08:15:27,959 - INFO - Initializing model...
2025-05-10 08:15:27,961 - INFO - Fitting model...
2025-05-10 08:16:12,955 - INFO - Saved weights to /s/ls4/users/selibrin/spiking_researches/correlation_encoding_and_training/mnist/hpo/shifted_stdp_synapse/hpo_data/hpo_iteration_data/4339489/estimator_1_neuron_8_weights.npy
2025-05-10 08:16:12,955 - INFO - Evaluating model...
2025-05-10 08:18:26,655 - INFO - Saved validation outputs to /s/ls4/users/selibrin/spiking_researches/correlation_encoding_and_training/mnist/hpo/shifted_stdp_synapse/hpo_data/hpo_iteration_data/4339489/estimator_1_neuron_8_validation_outputs.npy
2025-05-10 08:18:26,656 - INFO - Waiting for parameters file: /s/ls4/users/selibrin/spiking_researches/correlation_encoding_and_training/mnist/hpo/shifted_stdp_synapse/hpo_data/hpo_iteration_data/4339489/params_1_8.pkl
2025-05-10 08:18:56,692 - INFO - Loaded HPO parameters
2025-05-10 08:18:56,692 - INFO - Preparing datasets...
2025-05-10 08:18:59,815 - INFO - Prepared datasets: 287 train & 1000 validation samples
2025-05-10 08:18:59,823 - INFO - Initializing model...
2025-05-10 08:18:59,825 - INFO - Fitting model...
2025-05-10 08:19:47,772 - INFO - Saved weights to /s/ls4/users/selibrin/spiking_researches/correlation_encoding_and_training/mnist/hpo/shifted_stdp_synapse/hpo_data/hpo_iteration_data/4339489/estimator_1_neuron_8_weights.npy
2025-05-10 08:19:47,772 - INFO - Evaluating model...
2025-05-10 08:22:04,399 - INFO - Saved validation outputs to /s/ls4/users/selibrin/spiking_researches/correlation_encoding_and_training/mnist/hpo/shifted_stdp_synapse/hpo_data/hpo_iteration_data/4339489/estimator_1_neuron_8_validation_outputs.npy
2025-05-10 08:22:04,399 - INFO - Waiting for parameters file: /s/ls4/users/selibrin/spiking_researches/correlation_encoding_and_training/mnist/hpo/shifted_stdp_synapse/hpo_data/hpo_iteration_data/4339489/params_1_8.pkl
2025-05-10 08:22:29,429 - INFO - Loaded HPO parameters
2025-05-10 08:22:29,430 - INFO - Preparing datasets...
2025-05-10 08:22:33,034 - INFO - Prepared datasets: 287 train & 1000 validation samples
2025-05-10 08:22:33,034 - INFO - Initializing model...
2025-05-10 08:22:33,037 - INFO - Fitting model...
2025-05-10 08:23:18,247 - INFO - Saved weights to /s/ls4/users/selibrin/spiking_researches/correlation_encoding_and_training/mnist/hpo/shifted_stdp_synapse/hpo_data/hpo_iteration_data/4339489/estimator_1_neuron_8_weights.npy
2025-05-10 08:23:18,247 - INFO - Evaluating model...
2025-05-10 08:25:32,872 - INFO - Saved validation outputs to /s/ls4/users/selibrin/spiking_researches/correlation_encoding_and_training/mnist/hpo/shifted_stdp_synapse/hpo_data/hpo_iteration_data/4339489/estimator_1_neuron_8_validation_outputs.npy
2025-05-10 08:25:32,873 - INFO - Waiting for parameters file: /s/ls4/users/selibrin/spiking_researches/correlation_encoding_and_training/mnist/hpo/shifted_stdp_synapse/hpo_data/hpo_iteration_data/4339489/params_1_8.pkl
2025-05-10 08:26:02,909 - INFO - Loaded HPO parameters
2025-05-10 08:26:02,909 - INFO - Preparing datasets...
2025-05-10 08:26:06,108 - INFO - Prepared datasets: 287 train & 1000 validation samples
2025-05-10 08:26:06,118 - INFO - Initializing model...
2025-05-10 08:26:06,120 - INFO - Fitting model...
2025-05-10 08:26:52,898 - INFO - Saved weights to /s/ls4/users/selibrin/spiking_researches/correlation_encoding_and_training/mnist/hpo/shifted_stdp_synapse/hpo_data/hpo_iteration_data/4339489/estimator_1_neuron_8_weights.npy
2025-05-10 08:26:52,898 - INFO - Evaluating model...
2025-05-10 08:29:09,245 - INFO - Saved validation outputs to /s/ls4/users/selibrin/spiking_researches/correlation_encoding_and_training/mnist/hpo/shifted_stdp_synapse/hpo_data/hpo_iteration_data/4339489/estimator_1_neuron_8_validation_outputs.npy
2025-05-10 08:29:09,245 - INFO - Waiting for parameters file: /s/ls4/users/selibrin/spiking_researches/correlation_encoding_and_training/mnist/hpo/shifted_stdp_synapse/hpo_data/hpo_iteration_data/4339489/params_1_8.pkl
2025-05-10 08:29:39,282 - INFO - Loaded HPO parameters
2025-05-10 08:29:39,282 - INFO - Preparing datasets...
2025-05-10 08:29:42,580 - INFO - Prepared datasets: 287 train & 1000 validation samples
2025-05-10 08:29:42,581 - INFO - Initializing model...
2025-05-10 08:29:42,583 - INFO - Fitting model...
2025-05-10 08:30:27,485 - INFO - Saved weights to /s/ls4/users/selibrin/spiking_researches/correlation_encoding_and_training/mnist/hpo/shifted_stdp_synapse/hpo_data/hpo_iteration_data/4339489/estimator_1_neuron_8_weights.npy
2025-05-10 08:30:27,485 - INFO - Evaluating model...
2025-05-10 08:32:39,092 - INFO - Saved validation outputs to /s/ls4/users/selibrin/spiking_researches/correlation_encoding_and_training/mnist/hpo/shifted_stdp_synapse/hpo_data/hpo_iteration_data/4339489/estimator_1_neuron_8_validation_outputs.npy
2025-05-10 08:32:39,093 - INFO - Waiting for parameters file: /s/ls4/users/selibrin/spiking_researches/correlation_encoding_and_training/mnist/hpo/shifted_stdp_synapse/hpo_data/hpo_iteration_data/4339489/params_1_8.pkl
2025-05-10 08:33:09,130 - INFO - Loaded HPO parameters
2025-05-10 08:33:09,130 - INFO - Preparing datasets...
2025-05-10 08:33:12,308 - INFO - Prepared datasets: 287 train & 1000 validation samples
2025-05-10 08:33:12,315 - INFO - Initializing model...
2025-05-10 08:33:12,356 - INFO - Fitting model...
2025-05-10 08:33:57,976 - INFO - Saved weights to /s/ls4/users/selibrin/spiking_researches/correlation_encoding_and_training/mnist/hpo/shifted_stdp_synapse/hpo_data/hpo_iteration_data/4339489/estimator_1_neuron_8_weights.npy
2025-05-10 08:33:57,977 - INFO - Evaluating model...
2025-05-10 08:36:15,240 - INFO - Saved validation outputs to /s/ls4/users/selibrin/spiking_researches/correlation_encoding_and_training/mnist/hpo/shifted_stdp_synapse/hpo_data/hpo_iteration_data/4339489/estimator_1_neuron_8_validation_outputs.npy
2025-05-10 08:36:15,240 - INFO - Waiting for parameters file: /s/ls4/users/selibrin/spiking_researches/correlation_encoding_and_training/mnist/hpo/shifted_stdp_synapse/hpo_data/hpo_iteration_data/4339489/params_1_8.pkl
2025-05-10 08:36:45,275 - INFO - Loaded HPO parameters
2025-05-10 08:36:45,275 - INFO - Preparing datasets...
2025-05-10 08:36:48,686 - INFO - Prepared datasets: 1150 train & 1000 validation samples
2025-05-10 08:36:48,686 - INFO - Initializing model...
2025-05-10 08:36:48,689 - INFO - Fitting model...
2025-05-10 08:40:25,171 - INFO - Saved weights to /s/ls4/users/selibrin/spiking_researches/correlation_encoding_and_training/mnist/hpo/shifted_stdp_synapse/hpo_data/hpo_iteration_data/4339489/estimator_1_neuron_8_weights.npy
2025-05-10 08:40:25,171 - INFO - Evaluating model...
2025-05-10 08:42:45,576 - INFO - Saved validation outputs to /s/ls4/users/selibrin/spiking_researches/correlation_encoding_and_training/mnist/hpo/shifted_stdp_synapse/hpo_data/hpo_iteration_data/4339489/estimator_1_neuron_8_validation_outputs.npy
2025-05-10 08:42:45,576 - INFO - Waiting for parameters file: /s/ls4/users/selibrin/spiking_researches/correlation_encoding_and_training/mnist/hpo/shifted_stdp_synapse/hpo_data/hpo_iteration_data/4339489/params_1_8.pkl
2025-05-10 08:43:20,617 - INFO - Loaded HPO parameters
2025-05-10 08:43:20,617 - INFO - Preparing datasets...
2025-05-10 08:43:23,841 - INFO - Prepared datasets: 287 train & 1000 validation samples
2025-05-10 08:43:23,849 - INFO - Initializing model...
2025-05-10 08:43:23,851 - INFO - Fitting model...
2025-05-10 08:44:07,683 - INFO - Saved weights to /s/ls4/users/selibrin/spiking_researches/correlation_encoding_and_training/mnist/hpo/shifted_stdp_synapse/hpo_data/hpo_iteration_data/4339489/estimator_1_neuron_8_weights.npy
2025-05-10 08:44:07,683 - INFO - Evaluating model...
2025-05-10 08:46:21,317 - INFO - Saved validation outputs to /s/ls4/users/selibrin/spiking_researches/correlation_encoding_and_training/mnist/hpo/shifted_stdp_synapse/hpo_data/hpo_iteration_data/4339489/estimator_1_neuron_8_validation_outputs.npy
2025-05-10 08:46:21,318 - INFO - Waiting for parameters file: /s/ls4/users/selibrin/spiking_researches/correlation_encoding_and_training/mnist/hpo/shifted_stdp_synapse/hpo_data/hpo_iteration_data/4339489/params_1_8.pkl
2025-05-10 08:46:51,354 - INFO - Loaded HPO parameters
2025-05-10 08:46:51,354 - INFO - Preparing datasets...
2025-05-10 08:46:54,573 - INFO - Prepared datasets: 287 train & 1000 validation samples
2025-05-10 08:46:54,573 - INFO - Initializing model...
2025-05-10 08:46:54,575 - INFO - Fitting model...
2025-05-10 08:47:39,367 - INFO - Saved weights to /s/ls4/users/selibrin/spiking_researches/correlation_encoding_and_training/mnist/hpo/shifted_stdp_synapse/hpo_data/hpo_iteration_data/4339489/estimator_1_neuron_8_weights.npy
2025-05-10 08:47:39,367 - INFO - Evaluating model...
2025-05-10 08:49:52,566 - INFO - Saved validation outputs to /s/ls4/users/selibrin/spiking_researches/correlation_encoding_and_training/mnist/hpo/shifted_stdp_synapse/hpo_data/hpo_iteration_data/4339489/estimator_1_neuron_8_validation_outputs.npy
2025-05-10 08:49:52,566 - INFO - Waiting for parameters file: /s/ls4/users/selibrin/spiking_researches/correlation_encoding_and_training/mnist/hpo/shifted_stdp_synapse/hpo_data/hpo_iteration_data/4339489/params_1_8.pkl
2025-05-10 08:50:27,606 - INFO - Loaded HPO parameters
2025-05-10 08:50:27,607 - INFO - Preparing datasets...
2025-05-10 08:50:30,798 - INFO - Prepared datasets: 287 train & 1000 validation samples
2025-05-10 08:50:30,805 - INFO - Initializing model...
2025-05-10 08:50:30,807 - INFO - Fitting model...
2025-05-10 08:51:15,171 - INFO - Saved weights to /s/ls4/users/selibrin/spiking_researches/correlation_encoding_and_training/mnist/hpo/shifted_stdp_synapse/hpo_data/hpo_iteration_data/4339489/estimator_1_neuron_8_weights.npy
2025-05-10 08:51:15,171 - INFO - Evaluating model...
2025-05-10 08:53:29,929 - INFO - Saved validation outputs to /s/ls4/users/selibrin/spiking_researches/correlation_encoding_and_training/mnist/hpo/shifted_stdp_synapse/hpo_data/hpo_iteration_data/4339489/estimator_1_neuron_8_validation_outputs.npy
2025-05-10 08:53:29,929 - INFO - Waiting for parameters file: /s/ls4/users/selibrin/spiking_researches/correlation_encoding_and_training/mnist/hpo/shifted_stdp_synapse/hpo_data/hpo_iteration_data/4339489/params_1_8.pkl
2025-05-10 08:53:59,965 - INFO - Loaded HPO parameters
2025-05-10 08:53:59,966 - INFO - Preparing datasets...
2025-05-10 08:54:03,416 - INFO - Prepared datasets: 287 train & 1000 validation samples
2025-05-10 08:54:03,417 - INFO - Initializing model...
2025-05-10 08:54:03,419 - INFO - Fitting model...
2025-05-10 08:55:03,162 - INFO - Saved weights to /s/ls4/users/selibrin/spiking_researches/correlation_encoding_and_training/mnist/hpo/shifted_stdp_synapse/hpo_data/hpo_iteration_data/4339489/estimator_1_neuron_8_weights.npy
2025-05-10 08:55:03,162 - INFO - Evaluating model...
2025-05-10 08:57:23,017 - INFO - Saved validation outputs to /s/ls4/users/selibrin/spiking_researches/correlation_encoding_and_training/mnist/hpo/shifted_stdp_synapse/hpo_data/hpo_iteration_data/4339489/estimator_1_neuron_8_validation_outputs.npy
2025-05-10 08:57:23,017 - INFO - Waiting for parameters file: /s/ls4/users/selibrin/spiking_researches/correlation_encoding_and_training/mnist/hpo/shifted_stdp_synapse/hpo_data/hpo_iteration_data/4339489/params_1_8.pkl
2025-05-10 08:57:33,031 - INFO - Loaded HPO parameters
2025-05-10 08:57:33,031 - INFO - Preparing datasets...
2025-05-10 08:57:36,210 - INFO - Prepared datasets: 287 train & 1000 validation samples
2025-05-10 08:57:36,218 - INFO - Initializing model...
2025-05-10 08:57:36,220 - INFO - Fitting model...
2025-05-10 08:58:25,756 - INFO - Saved weights to /s/ls4/users/selibrin/spiking_researches/correlation_encoding_and_training/mnist/hpo/shifted_stdp_synapse/hpo_data/hpo_iteration_data/4339489/estimator_1_neuron_8_weights.npy
2025-05-10 08:58:25,756 - INFO - Evaluating model...
2025-05-10 09:00:42,352 - INFO - Saved validation outputs to /s/ls4/users/selibrin/spiking_researches/correlation_encoding_and_training/mnist/hpo/shifted_stdp_synapse/hpo_data/hpo_iteration_data/4339489/estimator_1_neuron_8_validation_outputs.npy
2025-05-10 09:00:42,352 - INFO - Waiting for parameters file: /s/ls4/users/selibrin/spiking_researches/correlation_encoding_and_training/mnist/hpo/shifted_stdp_synapse/hpo_data/hpo_iteration_data/4339489/params_1_8.pkl
2025-05-10 09:01:07,385 - INFO - Loaded HPO parameters
2025-05-10 09:01:07,386 - INFO - Preparing datasets...
2025-05-10 09:01:10,733 - INFO - Prepared datasets: 1150 train & 1000 validation samples
2025-05-10 09:01:10,733 - INFO - Initializing model...
2025-05-10 09:01:10,736 - INFO - Fitting model...
2025-05-10 09:04:08,934 - INFO - Saved weights to /s/ls4/users/selibrin/spiking_researches/correlation_encoding_and_training/mnist/hpo/shifted_stdp_synapse/hpo_data/hpo_iteration_data/4339489/estimator_1_neuron_8_weights.npy
2025-05-10 09:04:08,934 - INFO - Evaluating model...
2025-05-10 09:06:24,415 - INFO - Saved validation outputs to /s/ls4/users/selibrin/spiking_researches/correlation_encoding_and_training/mnist/hpo/shifted_stdp_synapse/hpo_data/hpo_iteration_data/4339489/estimator_1_neuron_8_validation_outputs.npy
2025-05-10 09:06:24,415 - INFO - Waiting for parameters file: /s/ls4/users/selibrin/spiking_researches/correlation_encoding_and_training/mnist/hpo/shifted_stdp_synapse/hpo_data/hpo_iteration_data/4339489/params_1_8.pkl
2025-05-10 09:06:39,436 - INFO - Loaded HPO parameters
2025-05-10 09:06:39,436 - INFO - Preparing datasets...
2025-05-10 09:06:42,756 - INFO - Prepared datasets: 287 train & 1000 validation samples
2025-05-10 09:06:42,761 - INFO - Initializing model...
2025-05-10 09:06:42,764 - INFO - Fitting model...
2025-05-10 09:07:30,317 - INFO - Saved weights to /s/ls4/users/selibrin/spiking_researches/correlation_encoding_and_training/mnist/hpo/shifted_stdp_synapse/hpo_data/hpo_iteration_data/4339489/estimator_1_neuron_8_weights.npy
2025-05-10 09:07:30,317 - INFO - Evaluating model...
2025-05-10 09:09:46,304 - INFO - Saved validation outputs to /s/ls4/users/selibrin/spiking_researches/correlation_encoding_and_training/mnist/hpo/shifted_stdp_synapse/hpo_data/hpo_iteration_data/4339489/estimator_1_neuron_8_validation_outputs.npy
2025-05-10 09:09:46,305 - INFO - Waiting for parameters file: /s/ls4/users/selibrin/spiking_researches/correlation_encoding_and_training/mnist/hpo/shifted_stdp_synapse/hpo_data/hpo_iteration_data/4339489/params_1_8.pkl
2025-05-10 09:10:11,336 - INFO - Loaded HPO parameters
2025-05-10 09:10:11,336 - INFO - Preparing datasets...
2025-05-10 09:10:15,105 - INFO - Prepared datasets: 287 train & 1000 validation samples
2025-05-10 09:10:15,105 - INFO - Initializing model...
2025-05-10 09:10:15,108 - INFO - Fitting model...
2025-05-10 09:10:59,500 - INFO - Saved weights to /s/ls4/users/selibrin/spiking_researches/correlation_encoding_and_training/mnist/hpo/shifted_stdp_synapse/hpo_data/hpo_iteration_data/4339489/estimator_1_neuron_8_weights.npy
2025-05-10 09:10:59,500 - INFO - Evaluating model...
2025-05-10 09:13:13,158 - INFO - Saved validation outputs to /s/ls4/users/selibrin/spiking_researches/correlation_encoding_and_training/mnist/hpo/shifted_stdp_synapse/hpo_data/hpo_iteration_data/4339489/estimator_1_neuron_8_validation_outputs.npy
2025-05-10 09:13:13,158 - INFO - Waiting for parameters file: /s/ls4/users/selibrin/spiking_researches/correlation_encoding_and_training/mnist/hpo/shifted_stdp_synapse/hpo_data/hpo_iteration_data/4339489/params_1_8.pkl
2025-05-10 09:13:43,194 - INFO - Loaded HPO parameters
2025-05-10 09:13:43,194 - INFO - Preparing datasets...
2025-05-10 09:13:46,397 - INFO - Prepared datasets: 287 train & 1000 validation samples
2025-05-10 09:13:46,406 - INFO - Initializing model...
2025-05-10 09:13:46,408 - INFO - Fitting model...
2025-05-10 09:14:33,159 - INFO - Saved weights to /s/ls4/users/selibrin/spiking_researches/correlation_encoding_and_training/mnist/hpo/shifted_stdp_synapse/hpo_data/hpo_iteration_data/4339489/estimator_1_neuron_8_weights.npy
2025-05-10 09:14:33,159 - INFO - Evaluating model...
2025-05-10 09:16:50,579 - INFO - Saved validation outputs to /s/ls4/users/selibrin/spiking_researches/correlation_encoding_and_training/mnist/hpo/shifted_stdp_synapse/hpo_data/hpo_iteration_data/4339489/estimator_1_neuron_8_validation_outputs.npy
2025-05-10 09:16:50,580 - INFO - Waiting for parameters file: /s/ls4/users/selibrin/spiking_researches/correlation_encoding_and_training/mnist/hpo/shifted_stdp_synapse/hpo_data/hpo_iteration_data/4339489/params_1_8.pkl
2025-05-10 09:17:20,615 - INFO - Loaded HPO parameters
2025-05-10 09:17:20,615 - INFO - Preparing datasets...
2025-05-10 09:17:23,912 - INFO - Prepared datasets: 287 train & 1000 validation samples
2025-05-10 09:17:23,912 - INFO - Initializing model...
2025-05-10 09:17:23,914 - INFO - Fitting model...
2025-05-10 09:18:09,126 - INFO - Saved weights to /s/ls4/users/selibrin/spiking_researches/correlation_encoding_and_training/mnist/hpo/shifted_stdp_synapse/hpo_data/hpo_iteration_data/4339489/estimator_1_neuron_8_weights.npy
2025-05-10 09:18:09,126 - INFO - Evaluating model...
2025-05-10 09:20:24,699 - INFO - Saved validation outputs to /s/ls4/users/selibrin/spiking_researches/correlation_encoding_and_training/mnist/hpo/shifted_stdp_synapse/hpo_data/hpo_iteration_data/4339489/estimator_1_neuron_8_validation_outputs.npy
2025-05-10 09:20:24,699 - INFO - Waiting for parameters file: /s/ls4/users/selibrin/spiking_researches/correlation_encoding_and_training/mnist/hpo/shifted_stdp_synapse/hpo_data/hpo_iteration_data/4339489/params_1_8.pkl
2025-05-10 09:20:49,729 - INFO - Loaded HPO parameters
2025-05-10 09:20:49,729 - INFO - Preparing datasets...
2025-05-10 09:20:52,941 - INFO - Prepared datasets: 1150 train & 1000 validation samples
2025-05-10 09:20:52,949 - INFO - Initializing model...
2025-05-10 09:20:52,952 - INFO - Fitting model...
2025-05-10 09:23:50,704 - INFO - Saved weights to /s/ls4/users/selibrin/spiking_researches/correlation_encoding_and_training/mnist/hpo/shifted_stdp_synapse/hpo_data/hpo_iteration_data/4339489/estimator_1_neuron_8_weights.npy
2025-05-10 09:23:50,704 - INFO - Evaluating model...
2025-05-10 09:26:04,676 - INFO - Saved validation outputs to /s/ls4/users/selibrin/spiking_researches/correlation_encoding_and_training/mnist/hpo/shifted_stdp_synapse/hpo_data/hpo_iteration_data/4339489/estimator_1_neuron_8_validation_outputs.npy
2025-05-10 09:26:04,677 - INFO - Waiting for parameters file: /s/ls4/users/selibrin/spiking_researches/correlation_encoding_and_training/mnist/hpo/shifted_stdp_synapse/hpo_data/hpo_iteration_data/4339489/params_1_8.pkl
2025-05-10 09:26:24,702 - INFO - Loaded HPO parameters
2025-05-10 09:26:24,702 - INFO - Preparing datasets...
2025-05-10 09:26:28,110 - INFO - Prepared datasets: 287 train & 1000 validation samples
2025-05-10 09:26:28,110 - INFO - Initializing model...
2025-05-10 09:26:28,113 - INFO - Fitting model...
2025-05-10 09:27:21,918 - INFO - Saved weights to /s/ls4/users/selibrin/spiking_researches/correlation_encoding_and_training/mnist/hpo/shifted_stdp_synapse/hpo_data/hpo_iteration_data/4339489/estimator_1_neuron_8_weights.npy
2025-05-10 09:27:21,918 - INFO - Evaluating model...
2025-05-10 09:29:43,034 - INFO - Saved validation outputs to /s/ls4/users/selibrin/spiking_researches/correlation_encoding_and_training/mnist/hpo/shifted_stdp_synapse/hpo_data/hpo_iteration_data/4339489/estimator_1_neuron_8_validation_outputs.npy
2025-05-10 09:29:43,034 - INFO - Waiting for parameters file: /s/ls4/users/selibrin/spiking_researches/correlation_encoding_and_training/mnist/hpo/shifted_stdp_synapse/hpo_data/hpo_iteration_data/4339489/params_1_8.pkl
2025-05-10 09:29:58,054 - INFO - Loaded HPO parameters
2025-05-10 09:29:58,055 - INFO - Preparing datasets...
2025-05-10 09:30:01,333 - INFO - Prepared datasets: 287 train & 1000 validation samples
2025-05-10 09:30:01,340 - INFO - Initializing model...
2025-05-10 09:30:01,342 - INFO - Fitting model...
2025-05-10 09:30:45,547 - INFO - Saved weights to /s/ls4/users/selibrin/spiking_researches/correlation_encoding_and_training/mnist/hpo/shifted_stdp_synapse/hpo_data/hpo_iteration_data/4339489/estimator_1_neuron_8_weights.npy
2025-05-10 09:30:45,547 - INFO - Evaluating model...
2025-05-10 09:32:59,292 - INFO - Saved validation outputs to /s/ls4/users/selibrin/spiking_researches/correlation_encoding_and_training/mnist/hpo/shifted_stdp_synapse/hpo_data/hpo_iteration_data/4339489/estimator_1_neuron_8_validation_outputs.npy
2025-05-10 09:32:59,292 - INFO - Waiting for parameters file: /s/ls4/users/selibrin/spiking_researches/correlation_encoding_and_training/mnist/hpo/shifted_stdp_synapse/hpo_data/hpo_iteration_data/4339489/params_1_8.pkl
2025-05-10 09:33:29,329 - INFO - Loaded HPO parameters
2025-05-10 09:33:29,329 - INFO - Preparing datasets...
2025-05-10 09:33:32,538 - INFO - Prepared datasets: 287 train & 1000 validation samples
2025-05-10 09:33:32,539 - INFO - Initializing model...
2025-05-10 09:33:32,541 - INFO - Fitting model...
2025-05-10 09:34:17,932 - INFO - Saved weights to /s/ls4/users/selibrin/spiking_researches/correlation_encoding_and_training/mnist/hpo/shifted_stdp_synapse/hpo_data/hpo_iteration_data/4339489/estimator_1_neuron_8_weights.npy
2025-05-10 09:34:17,932 - INFO - Evaluating model...
2025-05-10 09:36:32,562 - INFO - Saved validation outputs to /s/ls4/users/selibrin/spiking_researches/correlation_encoding_and_training/mnist/hpo/shifted_stdp_synapse/hpo_data/hpo_iteration_data/4339489/estimator_1_neuron_8_validation_outputs.npy
2025-05-10 09:36:32,562 - INFO - Waiting for parameters file: /s/ls4/users/selibrin/spiking_researches/correlation_encoding_and_training/mnist/hpo/shifted_stdp_synapse/hpo_data/hpo_iteration_data/4339489/params_1_8.pkl
2025-05-10 09:37:07,602 - INFO - Loaded HPO parameters
2025-05-10 09:37:07,603 - INFO - Preparing datasets...
2025-05-10 09:37:10,764 - INFO - Prepared datasets: 287 train & 1000 validation samples
2025-05-10 09:37:10,772 - INFO - Initializing model...
2025-05-10 09:37:10,774 - INFO - Fitting model...
2025-05-10 09:37:57,666 - INFO - Saved weights to /s/ls4/users/selibrin/spiking_researches/correlation_encoding_and_training/mnist/hpo/shifted_stdp_synapse/hpo_data/hpo_iteration_data/4339489/estimator_1_neuron_8_weights.npy
2025-05-10 09:37:57,666 - INFO - Evaluating model...
2025-05-10 09:40:19,534 - INFO - Saved validation outputs to /s/ls4/users/selibrin/spiking_researches/correlation_encoding_and_training/mnist/hpo/shifted_stdp_synapse/hpo_data/hpo_iteration_data/4339489/estimator_1_neuron_8_validation_outputs.npy
2025-05-10 09:40:19,535 - INFO - Waiting for parameters file: /s/ls4/users/selibrin/spiking_researches/correlation_encoding_and_training/mnist/hpo/shifted_stdp_synapse/hpo_data/hpo_iteration_data/4339489/params_1_8.pkl
2025-05-10 09:40:39,561 - INFO - Loaded HPO parameters
2025-05-10 09:40:39,561 - INFO - Preparing datasets...
2025-05-10 09:40:42,995 - INFO - Prepared datasets: 287 train & 1000 validation samples
2025-05-10 09:40:42,995 - INFO - Initializing model...
2025-05-10 09:40:42,999 - INFO - Fitting model...
2025-05-10 09:41:43,056 - INFO - Saved weights to /s/ls4/users/selibrin/spiking_researches/correlation_encoding_and_training/mnist/hpo/shifted_stdp_synapse/hpo_data/hpo_iteration_data/4339489/estimator_1_neuron_8_weights.npy
2025-05-10 09:41:43,056 - INFO - Evaluating model...
2025-05-10 09:44:04,152 - INFO - Saved validation outputs to /s/ls4/users/selibrin/spiking_researches/correlation_encoding_and_training/mnist/hpo/shifted_stdp_synapse/hpo_data/hpo_iteration_data/4339489/estimator_1_neuron_8_validation_outputs.npy
2025-05-10 09:44:04,152 - INFO - Waiting for parameters file: /s/ls4/users/selibrin/spiking_researches/correlation_encoding_and_training/mnist/hpo/shifted_stdp_synapse/hpo_data/hpo_iteration_data/4339489/params_1_8.pkl
2025-05-10 09:44:44,197 - INFO - Loaded HPO parameters
2025-05-10 09:44:44,197 - INFO - Preparing datasets...
2025-05-10 09:44:47,554 - INFO - Prepared datasets: 1150 train & 1000 validation samples
2025-05-10 09:44:47,564 - INFO - Initializing model...
2025-05-10 09:44:47,567 - INFO - Fitting model...
2025-05-10 09:48:14,007 - INFO - Saved weights to /s/ls4/users/selibrin/spiking_researches/correlation_encoding_and_training/mnist/hpo/shifted_stdp_synapse/hpo_data/hpo_iteration_data/4339489/estimator_1_neuron_8_weights.npy
2025-05-10 09:48:14,007 - INFO - Evaluating model...
2025-05-10 09:50:37,284 - INFO - Saved validation outputs to /s/ls4/users/selibrin/spiking_researches/correlation_encoding_and_training/mnist/hpo/shifted_stdp_synapse/hpo_data/hpo_iteration_data/4339489/estimator_1_neuron_8_validation_outputs.npy
2025-05-10 09:50:37,284 - INFO - Waiting for parameters file: /s/ls4/users/selibrin/spiking_researches/correlation_encoding_and_training/mnist/hpo/shifted_stdp_synapse/hpo_data/hpo_iteration_data/4339489/params_1_8.pkl
2025-05-10 09:50:47,298 - INFO - Loaded HPO parameters
2025-05-10 09:50:47,299 - INFO - Preparing datasets...
2025-05-10 09:50:50,560 - INFO - Prepared datasets: 287 train & 1000 validation samples
2025-05-10 09:50:50,560 - INFO - Initializing model...
2025-05-10 09:50:50,562 - INFO - Fitting model...
2025-05-10 09:51:34,951 - INFO - Saved weights to /s/ls4/users/selibrin/spiking_researches/correlation_encoding_and_training/mnist/hpo/shifted_stdp_synapse/hpo_data/hpo_iteration_data/4339489/estimator_1_neuron_8_weights.npy
2025-05-10 09:51:34,951 - INFO - Evaluating model...
2025-05-10 09:53:47,435 - INFO - Saved validation outputs to /s/ls4/users/selibrin/spiking_researches/correlation_encoding_and_training/mnist/hpo/shifted_stdp_synapse/hpo_data/hpo_iteration_data/4339489/estimator_1_neuron_8_validation_outputs.npy
2025-05-10 09:53:47,435 - INFO - Waiting for parameters file: /s/ls4/users/selibrin/spiking_researches/correlation_encoding_and_training/mnist/hpo/shifted_stdp_synapse/hpo_data/hpo_iteration_data/4339489/params_1_8.pkl
2025-05-10 09:54:17,472 - INFO - Loaded HPO parameters
2025-05-10 09:54:17,472 - INFO - Preparing datasets...
2025-05-10 09:54:20,797 - INFO - Prepared datasets: 287 train & 1000 validation samples
2025-05-10 09:54:20,798 - INFO - Initializing model...
2025-05-10 09:54:20,800 - INFO - Fitting model...
2025-05-10 09:55:11,433 - INFO - Saved weights to /s/ls4/users/selibrin/spiking_researches/correlation_encoding_and_training/mnist/hpo/shifted_stdp_synapse/hpo_data/hpo_iteration_data/4339489/estimator_1_neuron_8_weights.npy
2025-05-10 09:55:11,433 - INFO - Evaluating model...
2025-05-10 09:57:38,414 - INFO - Saved validation outputs to /s/ls4/users/selibrin/spiking_researches/correlation_encoding_and_training/mnist/hpo/shifted_stdp_synapse/hpo_data/hpo_iteration_data/4339489/estimator_1_neuron_8_validation_outputs.npy
2025-05-10 09:57:38,414 - INFO - Waiting for parameters file: /s/ls4/users/selibrin/spiking_researches/correlation_encoding_and_training/mnist/hpo/shifted_stdp_synapse/hpo_data/hpo_iteration_data/4339489/params_1_8.pkl
2025-05-10 09:57:53,433 - INFO - Loaded HPO parameters
2025-05-10 09:57:53,434 - INFO - Preparing datasets...
2025-05-10 09:57:57,237 - INFO - Prepared datasets: 287 train & 1000 validation samples
2025-05-10 09:57:57,237 - INFO - Initializing model...
2025-05-10 09:57:57,240 - INFO - Fitting model...
2025-05-10 09:58:45,573 - INFO - Saved weights to /s/ls4/users/selibrin/spiking_researches/correlation_encoding_and_training/mnist/hpo/shifted_stdp_synapse/hpo_data/hpo_iteration_data/4339489/estimator_1_neuron_8_weights.npy
2025-05-10 09:58:45,573 - INFO - Evaluating model...
2025-05-10 10:01:02,852 - INFO - Saved validation outputs to /s/ls4/users/selibrin/spiking_researches/correlation_encoding_and_training/mnist/hpo/shifted_stdp_synapse/hpo_data/hpo_iteration_data/4339489/estimator_1_neuron_8_validation_outputs.npy
2025-05-10 10:01:02,852 - INFO - Waiting for parameters file: /s/ls4/users/selibrin/spiking_researches/correlation_encoding_and_training/mnist/hpo/shifted_stdp_synapse/hpo_data/hpo_iteration_data/4339489/params_1_8.pkl
2025-05-10 10:01:27,882 - INFO - Loaded HPO parameters
2025-05-10 10:01:27,882 - INFO - Preparing datasets...
2025-05-10 10:01:31,211 - INFO - Prepared datasets: 287 train & 1000 validation samples
2025-05-10 10:01:31,221 - INFO - Initializing model...
2025-05-10 10:01:31,224 - INFO - Fitting model...
2025-05-10 10:02:19,706 - INFO - Saved weights to /s/ls4/users/selibrin/spiking_researches/correlation_encoding_and_training/mnist/hpo/shifted_stdp_synapse/hpo_data/hpo_iteration_data/4339489/estimator_1_neuron_8_weights.npy
2025-05-10 10:02:19,706 - INFO - Evaluating model...
2025-05-10 10:04:41,648 - INFO - Saved validation outputs to /s/ls4/users/selibrin/spiking_researches/correlation_encoding_and_training/mnist/hpo/shifted_stdp_synapse/hpo_data/hpo_iteration_data/4339489/estimator_1_neuron_8_validation_outputs.npy
2025-05-10 10:04:41,648 - INFO - Waiting for parameters file: /s/ls4/users/selibrin/spiking_researches/correlation_encoding_and_training/mnist/hpo/shifted_stdp_synapse/hpo_data/hpo_iteration_data/4339489/params_1_8.pkl
2025-05-10 10:05:01,672 - INFO - Loaded HPO parameters
2025-05-10 10:05:01,673 - INFO - Preparing datasets...
2025-05-10 10:05:05,044 - INFO - Prepared datasets: 287 train & 1000 validation samples
2025-05-10 10:05:05,044 - INFO - Initializing model...
2025-05-10 10:05:05,047 - INFO - Fitting model...
2025-05-10 10:05:53,405 - INFO - Saved weights to /s/ls4/users/selibrin/spiking_researches/correlation_encoding_and_training/mnist/hpo/shifted_stdp_synapse/hpo_data/hpo_iteration_data/4339489/estimator_1_neuron_8_weights.npy
2025-05-10 10:05:53,405 - INFO - Evaluating model...
2025-05-10 10:08:12,487 - INFO - Saved validation outputs to /s/ls4/users/selibrin/spiking_researches/correlation_encoding_and_training/mnist/hpo/shifted_stdp_synapse/hpo_data/hpo_iteration_data/4339489/estimator_1_neuron_8_validation_outputs.npy
2025-05-10 10:08:12,487 - INFO - Waiting for parameters file: /s/ls4/users/selibrin/spiking_researches/correlation_encoding_and_training/mnist/hpo/shifted_stdp_synapse/hpo_data/hpo_iteration_data/4339489/params_1_8.pkl
2025-05-10 10:08:32,514 - INFO - Loaded HPO parameters
2025-05-10 10:08:32,514 - INFO - Preparing datasets...
2025-05-10 10:08:35,705 - INFO - Prepared datasets: 1150 train & 1000 validation samples
2025-05-10 10:08:35,715 - INFO - Initializing model...
2025-05-10 10:08:35,717 - INFO - Fitting model...
2025-05-10 10:11:54,928 - INFO - Saved weights to /s/ls4/users/selibrin/spiking_researches/correlation_encoding_and_training/mnist/hpo/shifted_stdp_synapse/hpo_data/hpo_iteration_data/4339489/estimator_1_neuron_8_weights.npy
2025-05-10 10:11:54,928 - INFO - Evaluating model...
2025-05-10 10:14:19,317 - INFO - Saved validation outputs to /s/ls4/users/selibrin/spiking_researches/correlation_encoding_and_training/mnist/hpo/shifted_stdp_synapse/hpo_data/hpo_iteration_data/4339489/estimator_1_neuron_8_validation_outputs.npy
2025-05-10 10:14:19,317 - INFO - Waiting for parameters file: /s/ls4/users/selibrin/spiking_researches/correlation_encoding_and_training/mnist/hpo/shifted_stdp_synapse/hpo_data/hpo_iteration_data/4339489/params_1_8.pkl
2025-05-10 10:14:39,342 - INFO - Loaded HPO parameters
2025-05-10 10:14:39,343 - INFO - Preparing datasets...
2025-05-10 10:14:42,763 - INFO - Prepared datasets: 287 train & 1000 validation samples
2025-05-10 10:14:42,763 - INFO - Initializing model...
2025-05-10 10:14:42,766 - INFO - Fitting model...
2025-05-10 10:15:31,477 - INFO - Saved weights to /s/ls4/users/selibrin/spiking_researches/correlation_encoding_and_training/mnist/hpo/shifted_stdp_synapse/hpo_data/hpo_iteration_data/4339489/estimator_1_neuron_8_weights.npy
2025-05-10 10:15:31,477 - INFO - Evaluating model...
2025-05-10 10:17:49,015 - INFO - Saved validation outputs to /s/ls4/users/selibrin/spiking_researches/correlation_encoding_and_training/mnist/hpo/shifted_stdp_synapse/hpo_data/hpo_iteration_data/4339489/estimator_1_neuron_8_validation_outputs.npy
2025-05-10 10:17:49,015 - INFO - Waiting for parameters file: /s/ls4/users/selibrin/spiking_researches/correlation_encoding_and_training/mnist/hpo/shifted_stdp_synapse/hpo_data/hpo_iteration_data/4339489/params_1_8.pkl
2025-05-10 10:18:09,043 - INFO - Loaded HPO parameters
2025-05-10 10:18:09,044 - INFO - Preparing datasets...
2025-05-10 10:18:12,225 - INFO - Prepared datasets: 287 train & 1000 validation samples
2025-05-10 10:18:12,235 - INFO - Initializing model...
2025-05-10 10:18:12,250 - INFO - Fitting model...
2025-05-10 10:19:02,261 - INFO - Saved weights to /s/ls4/users/selibrin/spiking_researches/correlation_encoding_and_training/mnist/hpo/shifted_stdp_synapse/hpo_data/hpo_iteration_data/4339489/estimator_1_neuron_8_weights.npy
2025-05-10 10:19:02,261 - INFO - Evaluating model...
2025-05-10 10:21:24,199 - INFO - Saved validation outputs to /s/ls4/users/selibrin/spiking_researches/correlation_encoding_and_training/mnist/hpo/shifted_stdp_synapse/hpo_data/hpo_iteration_data/4339489/estimator_1_neuron_8_validation_outputs.npy
2025-05-10 10:21:24,199 - INFO - Waiting for parameters file: /s/ls4/users/selibrin/spiking_researches/correlation_encoding_and_training/mnist/hpo/shifted_stdp_synapse/hpo_data/hpo_iteration_data/4339489/params_1_8.pkl
2025-05-10 10:21:44,224 - INFO - Loaded HPO parameters
2025-05-10 10:21:44,224 - INFO - Preparing datasets...
2025-05-10 10:21:47,561 - INFO - Prepared datasets: 287 train & 1000 validation samples
2025-05-10 10:21:47,561 - INFO - Initializing model...
2025-05-10 10:21:47,564 - INFO - Fitting model...
2025-05-10 10:22:35,795 - INFO - Saved weights to /s/ls4/users/selibrin/spiking_researches/correlation_encoding_and_training/mnist/hpo/shifted_stdp_synapse/hpo_data/hpo_iteration_data/4339489/estimator_1_neuron_8_weights.npy
2025-05-10 10:22:35,796 - INFO - Evaluating model...
2025-05-10 10:24:54,355 - INFO - Saved validation outputs to /s/ls4/users/selibrin/spiking_researches/correlation_encoding_and_training/mnist/hpo/shifted_stdp_synapse/hpo_data/hpo_iteration_data/4339489/estimator_1_neuron_8_validation_outputs.npy
2025-05-10 10:24:54,355 - INFO - Waiting for parameters file: /s/ls4/users/selibrin/spiking_researches/correlation_encoding_and_training/mnist/hpo/shifted_stdp_synapse/hpo_data/hpo_iteration_data/4339489/params_1_8.pkl
2025-05-10 10:25:19,386 - INFO - Loaded HPO parameters
2025-05-10 10:25:19,386 - INFO - Preparing datasets...
2025-05-10 10:25:22,593 - INFO - Prepared datasets: 287 train & 1000 validation samples
2025-05-10 10:25:22,602 - INFO - Initializing model...
2025-05-10 10:25:22,604 - INFO - Fitting model...
2025-05-10 10:26:12,061 - INFO - Saved weights to /s/ls4/users/selibrin/spiking_researches/correlation_encoding_and_training/mnist/hpo/shifted_stdp_synapse/hpo_data/hpo_iteration_data/4339489/estimator_1_neuron_8_weights.npy
2025-05-10 10:26:12,061 - INFO - Evaluating model...
2025-05-10 10:28:34,505 - INFO - Saved validation outputs to /s/ls4/users/selibrin/spiking_researches/correlation_encoding_and_training/mnist/hpo/shifted_stdp_synapse/hpo_data/hpo_iteration_data/4339489/estimator_1_neuron_8_validation_outputs.npy
2025-05-10 10:28:34,505 - INFO - Waiting for parameters file: /s/ls4/users/selibrin/spiking_researches/correlation_encoding_and_training/mnist/hpo/shifted_stdp_synapse/hpo_data/hpo_iteration_data/4339489/params_1_8.pkl
2025-05-10 10:28:54,530 - INFO - Loaded HPO parameters
2025-05-10 10:28:54,530 - INFO - Preparing datasets...
2025-05-10 10:28:57,737 - INFO - Prepared datasets: 287 train & 1000 validation samples
2025-05-10 10:28:57,737 - INFO - Initializing model...
2025-05-10 10:28:57,739 - INFO - Fitting model...
2025-05-10 10:29:45,787 - INFO - Saved weights to /s/ls4/users/selibrin/spiking_researches/correlation_encoding_and_training/mnist/hpo/shifted_stdp_synapse/hpo_data/hpo_iteration_data/4339489/estimator_1_neuron_8_weights.npy
2025-05-10 10:29:45,787 - INFO - Evaluating model...
2025-05-10 10:32:03,291 - INFO - Saved validation outputs to /s/ls4/users/selibrin/spiking_researches/correlation_encoding_and_training/mnist/hpo/shifted_stdp_synapse/hpo_data/hpo_iteration_data/4339489/estimator_1_neuron_8_validation_outputs.npy
2025-05-10 10:32:03,292 - INFO - Waiting for parameters file: /s/ls4/users/selibrin/spiking_researches/correlation_encoding_and_training/mnist/hpo/shifted_stdp_synapse/hpo_data/hpo_iteration_data/4339489/params_1_8.pkl
2025-05-10 10:32:28,322 - INFO - Loaded HPO parameters
2025-05-10 10:32:28,322 - INFO - Preparing datasets...
2025-05-10 10:32:31,685 - INFO - Prepared datasets: 287 train & 1000 validation samples
2025-05-10 10:32:31,685 - INFO - Initializing model...
2025-05-10 10:32:31,688 - INFO - Fitting model...
2025-05-10 10:33:19,103 - INFO - Saved weights to /s/ls4/users/selibrin/spiking_researches/correlation_encoding_and_training/mnist/hpo/shifted_stdp_synapse/hpo_data/hpo_iteration_data/4339489/estimator_1_neuron_8_weights.npy
2025-05-10 10:33:19,103 - INFO - Evaluating model...
2025-05-10 10:35:34,480 - INFO - Saved validation outputs to /s/ls4/users/selibrin/spiking_researches/correlation_encoding_and_training/mnist/hpo/shifted_stdp_synapse/hpo_data/hpo_iteration_data/4339489/estimator_1_neuron_8_validation_outputs.npy
2025-05-10 10:35:34,480 - INFO - Waiting for parameters file: /s/ls4/users/selibrin/spiking_researches/correlation_encoding_and_training/mnist/hpo/shifted_stdp_synapse/hpo_data/hpo_iteration_data/4339489/params_1_8.pkl
2025-05-10 10:35:59,511 - INFO - Loaded HPO parameters
2025-05-10 10:35:59,511 - INFO - Preparing datasets...
2025-05-10 10:36:02,677 - INFO - Prepared datasets: 1150 train & 1000 validation samples
2025-05-10 10:36:02,686 - INFO - Initializing model...
2025-05-10 10:36:02,688 - INFO - Fitting model...
2025-05-10 10:39:33,387 - INFO - Saved weights to /s/ls4/users/selibrin/spiking_researches/correlation_encoding_and_training/mnist/hpo/shifted_stdp_synapse/hpo_data/hpo_iteration_data/4339489/estimator_1_neuron_8_weights.npy
2025-05-10 10:39:33,387 - INFO - Evaluating model...
2025-05-10 10:41:51,218 - INFO - Saved validation outputs to /s/ls4/users/selibrin/spiking_researches/correlation_encoding_and_training/mnist/hpo/shifted_stdp_synapse/hpo_data/hpo_iteration_data/4339489/estimator_1_neuron_8_validation_outputs.npy
2025-05-10 10:41:51,218 - INFO - Waiting for parameters file: /s/ls4/users/selibrin/spiking_researches/correlation_encoding_and_training/mnist/hpo/shifted_stdp_synapse/hpo_data/hpo_iteration_data/4339489/params_1_8.pkl
2025-05-10 10:42:31,265 - INFO - Loaded HPO parameters
2025-05-10 10:42:31,265 - INFO - Preparing datasets...
2025-05-10 10:42:34,559 - INFO - Prepared datasets: 287 train & 1000 validation samples
2025-05-10 10:42:34,559 - INFO - Initializing model...
2025-05-10 10:42:34,561 - INFO - Fitting model...
2025-05-10 10:43:18,926 - INFO - Saved weights to /s/ls4/users/selibrin/spiking_researches/correlation_encoding_and_training/mnist/hpo/shifted_stdp_synapse/hpo_data/hpo_iteration_data/4339489/estimator_1_neuron_8_weights.npy
2025-05-10 10:43:18,926 - INFO - Evaluating model...
2025-05-10 10:45:33,417 - INFO - Saved validation outputs to /s/ls4/users/selibrin/spiking_researches/correlation_encoding_and_training/mnist/hpo/shifted_stdp_synapse/hpo_data/hpo_iteration_data/4339489/estimator_1_neuron_8_validation_outputs.npy
2025-05-10 10:45:33,417 - INFO - Waiting for parameters file: /s/ls4/users/selibrin/spiking_researches/correlation_encoding_and_training/mnist/hpo/shifted_stdp_synapse/hpo_data/hpo_iteration_data/4339489/params_1_8.pkl
2025-05-10 10:46:08,459 - INFO - Loaded HPO parameters
2025-05-10 10:46:08,459 - INFO - Preparing datasets...
2025-05-10 10:46:11,684 - INFO - Prepared datasets: 287 train & 1000 validation samples
2025-05-10 10:46:11,695 - INFO - Initializing model...
2025-05-10 10:46:11,698 - INFO - Fitting model...
2025-05-10 10:46:56,857 - INFO - Saved weights to /s/ls4/users/selibrin/spiking_researches/correlation_encoding_and_training/mnist/hpo/shifted_stdp_synapse/hpo_data/hpo_iteration_data/4339489/estimator_1_neuron_8_weights.npy
2025-05-10 10:46:56,857 - INFO - Evaluating model...
2025-05-10 10:49:11,215 - INFO - Saved validation outputs to /s/ls4/users/selibrin/spiking_researches/correlation_encoding_and_training/mnist/hpo/shifted_stdp_synapse/hpo_data/hpo_iteration_data/4339489/estimator_1_neuron_8_validation_outputs.npy
2025-05-10 10:49:11,215 - INFO - Waiting for parameters file: /s/ls4/users/selibrin/spiking_researches/correlation_encoding_and_training/mnist/hpo/shifted_stdp_synapse/hpo_data/hpo_iteration_data/4339489/params_1_8.pkl
2025-05-10 10:49:41,251 - INFO - Loaded HPO parameters
2025-05-10 10:49:41,251 - INFO - Preparing datasets...
2025-05-10 10:49:44,423 - INFO - Prepared datasets: 287 train & 1000 validation samples
2025-05-10 10:49:44,424 - INFO - Initializing model...
2025-05-10 10:49:44,426 - INFO - Fitting model...
2025-05-10 10:50:43,738 - INFO - Saved weights to /s/ls4/users/selibrin/spiking_researches/correlation_encoding_and_training/mnist/hpo/shifted_stdp_synapse/hpo_data/hpo_iteration_data/4339489/estimator_1_neuron_8_weights.npy
2025-05-10 10:50:43,738 - INFO - Evaluating model...
2025-05-10 10:53:04,210 - INFO - Saved validation outputs to /s/ls4/users/selibrin/spiking_researches/correlation_encoding_and_training/mnist/hpo/shifted_stdp_synapse/hpo_data/hpo_iteration_data/4339489/estimator_1_neuron_8_validation_outputs.npy
2025-05-10 10:53:04,210 - INFO - Waiting for parameters file: /s/ls4/users/selibrin/spiking_researches/correlation_encoding_and_training/mnist/hpo/shifted_stdp_synapse/hpo_data/hpo_iteration_data/4339489/params_1_8.pkl
2025-05-10 10:53:14,225 - INFO - Loaded HPO parameters
2025-05-10 10:53:14,225 - INFO - Preparing datasets...
2025-05-10 10:53:17,420 - INFO - Prepared datasets: 287 train & 1000 validation samples
2025-05-10 10:53:17,421 - INFO - Initializing model...
2025-05-10 10:53:17,423 - INFO - Fitting model...
2025-05-10 10:54:07,169 - INFO - Saved weights to /s/ls4/users/selibrin/spiking_researches/correlation_encoding_and_training/mnist/hpo/shifted_stdp_synapse/hpo_data/hpo_iteration_data/4339489/estimator_1_neuron_8_weights.npy
2025-05-10 10:54:07,169 - INFO - Evaluating model...
2025-05-10 10:56:23,762 - INFO - Saved validation outputs to /s/ls4/users/selibrin/spiking_researches/correlation_encoding_and_training/mnist/hpo/shifted_stdp_synapse/hpo_data/hpo_iteration_data/4339489/estimator_1_neuron_8_validation_outputs.npy
2025-05-10 10:56:23,763 - INFO - Waiting for parameters file: /s/ls4/users/selibrin/spiking_researches/correlation_encoding_and_training/mnist/hpo/shifted_stdp_synapse/hpo_data/hpo_iteration_data/4339489/params_1_8.pkl
2025-05-10 10:56:48,793 - INFO - Loaded HPO parameters
2025-05-10 10:56:48,793 - INFO - Preparing datasets...
2025-05-10 10:56:51,994 - INFO - Prepared datasets: 287 train & 1000 validation samples
2025-05-10 10:56:52,002 - INFO - Initializing model...
2025-05-10 10:56:52,004 - INFO - Fitting model...
2025-05-10 10:57:39,400 - INFO - Saved weights to /s/ls4/users/selibrin/spiking_researches/correlation_encoding_and_training/mnist/hpo/shifted_stdp_synapse/hpo_data/hpo_iteration_data/4339489/estimator_1_neuron_8_weights.npy
2025-05-10 10:57:39,400 - INFO - Evaluating model...
2025-05-10 10:59:54,409 - INFO - Saved validation outputs to /s/ls4/users/selibrin/spiking_researches/correlation_encoding_and_training/mnist/hpo/shifted_stdp_synapse/hpo_data/hpo_iteration_data/4339489/estimator_1_neuron_8_validation_outputs.npy
2025-05-10 10:59:54,409 - INFO - Waiting for parameters file: /s/ls4/users/selibrin/spiking_researches/correlation_encoding_and_training/mnist/hpo/shifted_stdp_synapse/hpo_data/hpo_iteration_data/4339489/params_1_8.pkl
2025-05-10 11:00:19,440 - INFO - Loaded HPO parameters
2025-05-10 11:00:19,441 - INFO - Preparing datasets...
2025-05-10 11:00:22,591 - INFO - Prepared datasets: 1150 train & 1000 validation samples
2025-05-10 11:00:22,591 - INFO - Initializing model...
2025-05-10 11:00:22,593 - INFO - Fitting model...
2025-05-10 11:03:28,368 - INFO - Saved weights to /s/ls4/users/selibrin/spiking_researches/correlation_encoding_and_training/mnist/hpo/shifted_stdp_synapse/hpo_data/hpo_iteration_data/4339489/estimator_1_neuron_8_weights.npy
2025-05-10 11:03:28,368 - INFO - Evaluating model...
2025-05-10 11:05:42,417 - INFO - Saved validation outputs to /s/ls4/users/selibrin/spiking_researches/correlation_encoding_and_training/mnist/hpo/shifted_stdp_synapse/hpo_data/hpo_iteration_data/4339489/estimator_1_neuron_8_validation_outputs.npy
2025-05-10 11:05:42,418 - INFO - Waiting for parameters file: /s/ls4/users/selibrin/spiking_researches/correlation_encoding_and_training/mnist/hpo/shifted_stdp_synapse/hpo_data/hpo_iteration_data/4339489/params_1_8.pkl
2025-05-10 11:06:27,472 - INFO - Loaded HPO parameters
2025-05-10 11:06:27,473 - INFO - Preparing datasets...
2025-05-10 11:06:30,732 - INFO - Prepared datasets: 287 train & 1000 validation samples
2025-05-10 11:06:30,738 - INFO - Initializing model...
2025-05-10 11:06:30,741 - INFO - Fitting model...
2025-05-10 11:07:18,341 - INFO - Saved weights to /s/ls4/users/selibrin/spiking_researches/correlation_encoding_and_training/mnist/hpo/shifted_stdp_synapse/hpo_data/hpo_iteration_data/4339489/estimator_1_neuron_8_weights.npy
2025-05-10 11:07:18,341 - INFO - Evaluating model...
2025-05-10 11:09:35,779 - INFO - Saved validation outputs to /s/ls4/users/selibrin/spiking_researches/correlation_encoding_and_training/mnist/hpo/shifted_stdp_synapse/hpo_data/hpo_iteration_data/4339489/estimator_1_neuron_8_validation_outputs.npy
2025-05-10 11:09:35,779 - INFO - Waiting for parameters file: /s/ls4/users/selibrin/spiking_researches/correlation_encoding_and_training/mnist/hpo/shifted_stdp_synapse/hpo_data/hpo_iteration_data/4339489/params_1_8.pkl
2025-05-10 11:10:00,809 - INFO - Loaded HPO parameters
2025-05-10 11:10:00,809 - INFO - Preparing datasets...
2025-05-10 11:10:03,950 - INFO - Prepared datasets: 575 train & 1000 validation samples
2025-05-10 11:10:03,951 - INFO - Initializing model...
2025-05-10 11:10:03,953 - INFO - Fitting model...
2025-05-10 11:11:48,917 - INFO - Saved weights to /s/ls4/users/selibrin/spiking_researches/correlation_encoding_and_training/mnist/hpo/shifted_stdp_synapse/hpo_data/hpo_iteration_data/4339489/estimator_1_neuron_8_weights.npy
2025-05-10 11:11:48,917 - INFO - Evaluating model...
2025-05-10 11:14:06,659 - INFO - Saved validation outputs to /s/ls4/users/selibrin/spiking_researches/correlation_encoding_and_training/mnist/hpo/shifted_stdp_synapse/hpo_data/hpo_iteration_data/4339489/estimator_1_neuron_8_validation_outputs.npy
2025-05-10 11:14:06,660 - INFO - Waiting for parameters file: /s/ls4/users/selibrin/spiking_researches/correlation_encoding_and_training/mnist/hpo/shifted_stdp_synapse/hpo_data/hpo_iteration_data/4339489/params_1_8.pkl
2025-05-10 11:14:31,690 - INFO - Loaded HPO parameters
2025-05-10 11:14:31,690 - INFO - Preparing datasets...
2025-05-10 11:14:34,915 - INFO - Prepared datasets: 287 train & 1000 validation samples
2025-05-10 11:14:34,920 - INFO - Initializing model...
2025-05-10 11:14:34,922 - INFO - Fitting model...
2025-05-10 11:15:19,155 - INFO - Saved weights to /s/ls4/users/selibrin/spiking_researches/correlation_encoding_and_training/mnist/hpo/shifted_stdp_synapse/hpo_data/hpo_iteration_data/4339489/estimator_1_neuron_8_weights.npy
2025-05-10 11:15:19,155 - INFO - Evaluating model...
2025-05-10 11:17:33,699 - INFO - Saved validation outputs to /s/ls4/users/selibrin/spiking_researches/correlation_encoding_and_training/mnist/hpo/shifted_stdp_synapse/hpo_data/hpo_iteration_data/4339489/estimator_1_neuron_8_validation_outputs.npy
2025-05-10 11:17:33,699 - INFO - Waiting for parameters file: /s/ls4/users/selibrin/spiking_researches/correlation_encoding_and_training/mnist/hpo/shifted_stdp_synapse/hpo_data/hpo_iteration_data/4339489/params_1_8.pkl
2025-05-10 11:18:03,738 - INFO - Loaded HPO parameters
2025-05-10 11:18:03,739 - INFO - Preparing datasets...
2025-05-10 11:18:07,065 - INFO - Prepared datasets: 287 train & 1000 validation samples
2025-05-10 11:18:07,066 - INFO - Initializing model...
2025-05-10 11:18:07,068 - INFO - Fitting model...
2025-05-10 11:19:06,709 - INFO - Saved weights to /s/ls4/users/selibrin/spiking_researches/correlation_encoding_and_training/mnist/hpo/shifted_stdp_synapse/hpo_data/hpo_iteration_data/4339489/estimator_1_neuron_8_weights.npy
2025-05-10 11:19:06,709 - INFO - Evaluating model...
2025-05-10 11:21:28,497 - INFO - Saved validation outputs to /s/ls4/users/selibrin/spiking_researches/correlation_encoding_and_training/mnist/hpo/shifted_stdp_synapse/hpo_data/hpo_iteration_data/4339489/estimator_1_neuron_8_validation_outputs.npy
2025-05-10 11:21:28,497 - INFO - Waiting for parameters file: /s/ls4/users/selibrin/spiking_researches/correlation_encoding_and_training/mnist/hpo/shifted_stdp_synapse/hpo_data/hpo_iteration_data/4339489/params_1_8.pkl
2025-05-10 11:22:08,544 - INFO - Loaded HPO parameters
2025-05-10 11:22:08,544 - INFO - Preparing datasets...
2025-05-10 11:22:11,570 - INFO - Prepared datasets: 287 train & 1000 validation samples
2025-05-10 11:22:11,575 - INFO - Initializing model...
2025-05-10 11:22:11,577 - INFO - Fitting model...
2025-05-10 11:22:57,336 - INFO - Saved weights to /s/ls4/users/selibrin/spiking_researches/correlation_encoding_and_training/mnist/hpo/shifted_stdp_synapse/hpo_data/hpo_iteration_data/4339489/estimator_1_neuron_8_weights.npy
2025-05-10 11:22:57,336 - INFO - Evaluating model...
2025-05-10 11:25:14,410 - INFO - Saved validation outputs to /s/ls4/users/selibrin/spiking_researches/correlation_encoding_and_training/mnist/hpo/shifted_stdp_synapse/hpo_data/hpo_iteration_data/4339489/estimator_1_neuron_8_validation_outputs.npy
2025-05-10 11:25:14,410 - INFO - Waiting for parameters file: /s/ls4/users/selibrin/spiking_researches/correlation_encoding_and_training/mnist/hpo/shifted_stdp_synapse/hpo_data/hpo_iteration_data/4339489/params_1_8.pkl
2025-05-10 11:25:39,444 - INFO - Loaded HPO parameters
2025-05-10 11:25:39,444 - INFO - Preparing datasets...
2025-05-10 11:25:42,525 - INFO - Prepared datasets: 287 train & 1000 validation samples
2025-05-10 11:25:42,526 - INFO - Initializing model...
2025-05-10 11:25:42,552 - INFO - Fitting model...
2025-05-10 11:26:32,597 - INFO - Saved weights to /s/ls4/users/selibrin/spiking_researches/correlation_encoding_and_training/mnist/hpo/shifted_stdp_synapse/hpo_data/hpo_iteration_data/4339489/estimator_1_neuron_8_weights.npy
2025-05-10 11:26:32,598 - INFO - Evaluating model...
2025-05-10 11:28:50,344 - INFO - Saved validation outputs to /s/ls4/users/selibrin/spiking_researches/correlation_encoding_and_training/mnist/hpo/shifted_stdp_synapse/hpo_data/hpo_iteration_data/4339489/estimator_1_neuron_8_validation_outputs.npy
2025-05-10 11:28:50,344 - INFO - Waiting for parameters file: /s/ls4/users/selibrin/spiking_researches/correlation_encoding_and_training/mnist/hpo/shifted_stdp_synapse/hpo_data/hpo_iteration_data/4339489/params_1_8.pkl
2025-05-10 11:29:15,375 - INFO - Loaded HPO parameters
2025-05-10 11:29:15,375 - INFO - Preparing datasets...
2025-05-10 11:29:18,515 - INFO - Prepared datasets: 1150 train & 1000 validation samples
2025-05-10 11:29:18,520 - INFO - Initializing model...
2025-05-10 11:29:18,522 - INFO - Fitting model...
2025-05-10 11:32:16,172 - INFO - Saved weights to /s/ls4/users/selibrin/spiking_researches/correlation_encoding_and_training/mnist/hpo/shifted_stdp_synapse/hpo_data/hpo_iteration_data/4339489/estimator_1_neuron_8_weights.npy
2025-05-10 11:32:16,172 - INFO - Evaluating model...
2025-05-10 11:34:32,160 - INFO - Saved validation outputs to /s/ls4/users/selibrin/spiking_researches/correlation_encoding_and_training/mnist/hpo/shifted_stdp_synapse/hpo_data/hpo_iteration_data/4339489/estimator_1_neuron_8_validation_outputs.npy
2025-05-10 11:34:32,161 - INFO - Waiting for parameters file: /s/ls4/users/selibrin/spiking_researches/correlation_encoding_and_training/mnist/hpo/shifted_stdp_synapse/hpo_data/hpo_iteration_data/4339489/params_1_8.pkl
2025-05-10 11:34:47,181 - INFO - Loaded HPO parameters
2025-05-10 11:34:47,181 - INFO - Preparing datasets...
2025-05-10 11:34:50,475 - INFO - Prepared datasets: 287 train & 1000 validation samples
2025-05-10 11:34:50,475 - INFO - Initializing model...
2025-05-10 11:34:50,477 - INFO - Fitting model...
2025-05-10 11:35:36,269 - INFO - Saved weights to /s/ls4/users/selibrin/spiking_researches/correlation_encoding_and_training/mnist/hpo/shifted_stdp_synapse/hpo_data/hpo_iteration_data/4339489/estimator_1_neuron_8_weights.npy
2025-05-10 11:35:36,269 - INFO - Evaluating model...
2025-05-10 11:37:54,402 - INFO - Saved validation outputs to /s/ls4/users/selibrin/spiking_researches/correlation_encoding_and_training/mnist/hpo/shifted_stdp_synapse/hpo_data/hpo_iteration_data/4339489/estimator_1_neuron_8_validation_outputs.npy
2025-05-10 11:37:54,402 - INFO - Waiting for parameters file: /s/ls4/users/selibrin/spiking_researches/correlation_encoding_and_training/mnist/hpo/shifted_stdp_synapse/hpo_data/hpo_iteration_data/4339489/params_1_8.pkl
2025-05-10 11:38:19,434 - INFO - Loaded HPO parameters
2025-05-10 11:38:19,434 - INFO - Preparing datasets...
2025-05-10 11:38:22,742 - INFO - Prepared datasets: 575 train & 1000 validation samples
2025-05-10 11:38:22,747 - INFO - Initializing model...
2025-05-10 11:38:22,749 - INFO - Fitting model...
2025-05-10 11:39:58,050 - INFO - Saved weights to /s/ls4/users/selibrin/spiking_researches/correlation_encoding_and_training/mnist/hpo/shifted_stdp_synapse/hpo_data/hpo_iteration_data/4339489/estimator_1_neuron_8_weights.npy
2025-05-10 11:39:58,050 - INFO - Evaluating model...
2025-05-10 11:42:17,693 - INFO - Saved validation outputs to /s/ls4/users/selibrin/spiking_researches/correlation_encoding_and_training/mnist/hpo/shifted_stdp_synapse/hpo_data/hpo_iteration_data/4339489/estimator_1_neuron_8_validation_outputs.npy
2025-05-10 11:42:17,693 - INFO - Waiting for parameters file: /s/ls4/users/selibrin/spiking_researches/correlation_encoding_and_training/mnist/hpo/shifted_stdp_synapse/hpo_data/hpo_iteration_data/4339489/params_1_8.pkl
2025-05-10 11:42:22,723 - INFO - Loaded HPO parameters
2025-05-10 11:42:22,723 - INFO - Preparing datasets...
2025-05-10 11:42:26,007 - INFO - Prepared datasets: 287 train & 1000 validation samples
2025-05-10 11:42:26,007 - INFO - Initializing model...
2025-05-10 11:42:26,010 - INFO - Fitting model...
2025-05-10 11:43:15,032 - INFO - Saved weights to /s/ls4/users/selibrin/spiking_researches/correlation_encoding_and_training/mnist/hpo/shifted_stdp_synapse/hpo_data/hpo_iteration_data/4339489/estimator_1_neuron_8_weights.npy
2025-05-10 11:43:15,033 - INFO - Evaluating model...
2025-05-10 11:45:36,313 - INFO - Saved validation outputs to /s/ls4/users/selibrin/spiking_researches/correlation_encoding_and_training/mnist/hpo/shifted_stdp_synapse/hpo_data/hpo_iteration_data/4339489/estimator_1_neuron_8_validation_outputs.npy
2025-05-10 11:45:36,313 - INFO - Waiting for parameters file: /s/ls4/users/selibrin/spiking_researches/correlation_encoding_and_training/mnist/hpo/shifted_stdp_synapse/hpo_data/hpo_iteration_data/4339489/params_1_8.pkl
2025-05-10 11:45:56,340 - INFO - Loaded HPO parameters
2025-05-10 11:45:56,340 - INFO - Preparing datasets...
2025-05-10 11:45:59,625 - INFO - Prepared datasets: 287 train & 1000 validation samples
2025-05-10 11:45:59,637 - INFO - Initializing model...
2025-05-10 11:45:59,639 - INFO - Fitting model...
2025-05-10 11:46:45,591 - INFO - Saved weights to /s/ls4/users/selibrin/spiking_researches/correlation_encoding_and_training/mnist/hpo/shifted_stdp_synapse/hpo_data/hpo_iteration_data/4339489/estimator_1_neuron_8_weights.npy
2025-05-10 11:46:45,591 - INFO - Evaluating model...
2025-05-10 11:49:04,952 - INFO - Saved validation outputs to /s/ls4/users/selibrin/spiking_researches/correlation_encoding_and_training/mnist/hpo/shifted_stdp_synapse/hpo_data/hpo_iteration_data/4339489/estimator_1_neuron_8_validation_outputs.npy
2025-05-10 11:49:04,952 - INFO - Waiting for parameters file: /s/ls4/users/selibrin/spiking_researches/correlation_encoding_and_training/mnist/hpo/shifted_stdp_synapse/hpo_data/hpo_iteration_data/4339489/params_1_8.pkl
2025-05-10 11:49:30,012 - INFO - Loaded HPO parameters
2025-05-10 11:49:30,012 - INFO - Preparing datasets...
2025-05-10 11:49:33,562 - INFO - Prepared datasets: 287 train & 1000 validation samples
2025-05-10 11:49:33,562 - INFO - Initializing model...
2025-05-10 11:49:33,565 - INFO - Fitting model...
2025-05-10 11:50:18,116 - INFO - Saved weights to /s/ls4/users/selibrin/spiking_researches/correlation_encoding_and_training/mnist/hpo/shifted_stdp_synapse/hpo_data/hpo_iteration_data/4339489/estimator_1_neuron_8_weights.npy
2025-05-10 11:50:18,116 - INFO - Evaluating model...
2025-05-10 11:52:32,664 - INFO - Saved validation outputs to /s/ls4/users/selibrin/spiking_researches/correlation_encoding_and_training/mnist/hpo/shifted_stdp_synapse/hpo_data/hpo_iteration_data/4339489/estimator_1_neuron_8_validation_outputs.npy
2025-05-10 11:52:32,664 - INFO - Waiting for parameters file: /s/ls4/users/selibrin/spiking_researches/correlation_encoding_and_training/mnist/hpo/shifted_stdp_synapse/hpo_data/hpo_iteration_data/4339489/params_1_8.pkl
2025-05-10 11:53:07,706 - INFO - Loaded HPO parameters
2025-05-10 11:53:07,706 - INFO - Preparing datasets...
2025-05-10 11:53:11,055 - INFO - Prepared datasets: 287 train & 1000 validation samples
2025-05-10 11:53:11,056 - INFO - Initializing model...
2025-05-10 11:53:11,058 - INFO - Fitting model...
2025-05-10 11:53:56,390 - INFO - Saved weights to /s/ls4/users/selibrin/spiking_researches/correlation_encoding_and_training/mnist/hpo/shifted_stdp_synapse/hpo_data/hpo_iteration_data/4339489/estimator_1_neuron_8_weights.npy
2025-05-10 11:53:56,391 - INFO - Evaluating model...
2025-05-10 11:56:13,262 - INFO - Saved validation outputs to /s/ls4/users/selibrin/spiking_researches/correlation_encoding_and_training/mnist/hpo/shifted_stdp_synapse/hpo_data/hpo_iteration_data/4339489/estimator_1_neuron_8_validation_outputs.npy
2025-05-10 11:56:13,262 - INFO - Waiting for parameters file: /s/ls4/users/selibrin/spiking_researches/correlation_encoding_and_training/mnist/hpo/shifted_stdp_synapse/hpo_data/hpo_iteration_data/4339489/params_1_8.pkl
2025-05-10 11:56:38,297 - INFO - Loaded HPO parameters
2025-05-10 11:56:38,297 - INFO - Preparing datasets...
2025-05-10 11:56:41,648 - INFO - Prepared datasets: 1150 train & 1000 validation samples
2025-05-10 11:56:41,653 - INFO - Initializing model...
2025-05-10 11:56:41,656 - INFO - Fitting model...
2025-05-10 11:59:40,754 - INFO - Saved weights to /s/ls4/users/selibrin/spiking_researches/correlation_encoding_and_training/mnist/hpo/shifted_stdp_synapse/hpo_data/hpo_iteration_data/4339489/estimator_1_neuron_8_weights.npy
2025-05-10 11:59:40,754 - INFO - Evaluating model...
2025-05-10 12:01:57,984 - INFO - Saved validation outputs to /s/ls4/users/selibrin/spiking_researches/correlation_encoding_and_training/mnist/hpo/shifted_stdp_synapse/hpo_data/hpo_iteration_data/4339489/estimator_1_neuron_8_validation_outputs.npy
2025-05-10 12:01:57,984 - INFO - Waiting for parameters file: /s/ls4/users/selibrin/spiking_researches/correlation_encoding_and_training/mnist/hpo/shifted_stdp_synapse/hpo_data/hpo_iteration_data/4339489/params_1_8.pkl
2025-05-10 12:02:13,005 - INFO - Loaded HPO parameters
2025-05-10 12:02:13,005 - INFO - Preparing datasets...
2025-05-10 12:02:16,258 - INFO - Prepared datasets: 575 train & 1000 validation samples
2025-05-10 12:02:16,258 - INFO - Initializing model...
2025-05-10 12:02:16,260 - INFO - Fitting model...
2025-05-10 12:03:46,659 - INFO - Saved weights to /s/ls4/users/selibrin/spiking_researches/correlation_encoding_and_training/mnist/hpo/shifted_stdp_synapse/hpo_data/hpo_iteration_data/4339489/estimator_1_neuron_8_weights.npy
2025-05-10 12:03:46,659 - INFO - Evaluating model...
2025-05-10 12:06:03,109 - INFO - Saved validation outputs to /s/ls4/users/selibrin/spiking_researches/correlation_encoding_and_training/mnist/hpo/shifted_stdp_synapse/hpo_data/hpo_iteration_data/4339489/estimator_1_neuron_8_validation_outputs.npy
2025-05-10 12:06:03,109 - INFO - Waiting for parameters file: /s/ls4/users/selibrin/spiking_researches/correlation_encoding_and_training/mnist/hpo/shifted_stdp_synapse/hpo_data/hpo_iteration_data/4339489/params_1_8.pkl
2025-05-10 12:06:18,123 - INFO - Loaded HPO parameters
2025-05-10 12:06:18,123 - INFO - Preparing datasets...
2025-05-10 12:06:21,496 - INFO - Prepared datasets: 287 train & 1000 validation samples
2025-05-10 12:06:21,501 - INFO - Initializing model...
2025-05-10 12:06:21,503 - INFO - Fitting model...
2025-05-10 12:07:06,793 - INFO - Saved weights to /s/ls4/users/selibrin/spiking_researches/correlation_encoding_and_training/mnist/hpo/shifted_stdp_synapse/hpo_data/hpo_iteration_data/4339489/estimator_1_neuron_8_weights.npy
2025-05-10 12:07:06,793 - INFO - Evaluating model...
2025-05-10 12:09:23,277 - INFO - Saved validation outputs to /s/ls4/users/selibrin/spiking_researches/correlation_encoding_and_training/mnist/hpo/shifted_stdp_synapse/hpo_data/hpo_iteration_data/4339489/estimator_1_neuron_8_validation_outputs.npy
2025-05-10 12:09:23,277 - INFO - Waiting for parameters file: /s/ls4/users/selibrin/spiking_researches/correlation_encoding_and_training/mnist/hpo/shifted_stdp_synapse/hpo_data/hpo_iteration_data/4339489/params_1_8.pkl
2025-05-10 12:09:53,313 - INFO - Loaded HPO parameters
2025-05-10 12:09:53,313 - INFO - Preparing datasets...
2025-05-10 12:09:56,620 - INFO - Prepared datasets: 287 train & 1000 validation samples
2025-05-10 12:09:56,620 - INFO - Initializing model...
2025-05-10 12:09:56,622 - INFO - Fitting model...
2025-05-10 12:10:42,060 - INFO - Saved weights to /s/ls4/users/selibrin/spiking_researches/correlation_encoding_and_training/mnist/hpo/shifted_stdp_synapse/hpo_data/hpo_iteration_data/4339489/estimator_1_neuron_8_weights.npy
2025-05-10 12:10:42,060 - INFO - Evaluating model...
2025-05-10 12:12:59,068 - INFO - Saved validation outputs to /s/ls4/users/selibrin/spiking_researches/correlation_encoding_and_training/mnist/hpo/shifted_stdp_synapse/hpo_data/hpo_iteration_data/4339489/estimator_1_neuron_8_validation_outputs.npy
2025-05-10 12:12:59,068 - INFO - Waiting for parameters file: /s/ls4/users/selibrin/spiking_researches/correlation_encoding_and_training/mnist/hpo/shifted_stdp_synapse/hpo_data/hpo_iteration_data/4339489/params_1_8.pkl
2025-05-10 12:13:24,099 - INFO - Loaded HPO parameters
2025-05-10 12:13:24,099 - INFO - Preparing datasets...
2025-05-10 12:13:27,263 - INFO - Prepared datasets: 287 train & 1000 validation samples
2025-05-10 12:13:27,268 - INFO - Initializing model...
2025-05-10 12:13:27,270 - INFO - Fitting model...
2025-05-10 12:14:12,691 - INFO - Saved weights to /s/ls4/users/selibrin/spiking_researches/correlation_encoding_and_training/mnist/hpo/shifted_stdp_synapse/hpo_data/hpo_iteration_data/4339489/estimator_1_neuron_8_weights.npy
2025-05-10 12:14:12,691 - INFO - Evaluating model...
2025-05-10 12:16:29,042 - INFO - Saved validation outputs to /s/ls4/users/selibrin/spiking_researches/correlation_encoding_and_training/mnist/hpo/shifted_stdp_synapse/hpo_data/hpo_iteration_data/4339489/estimator_1_neuron_8_validation_outputs.npy
2025-05-10 12:16:29,042 - INFO - Waiting for parameters file: /s/ls4/users/selibrin/spiking_researches/correlation_encoding_and_training/mnist/hpo/shifted_stdp_synapse/hpo_data/hpo_iteration_data/4339489/params_1_8.pkl
2025-05-10 12:16:59,079 - INFO - Loaded HPO parameters
2025-05-10 12:16:59,079 - INFO - Preparing datasets...
2025-05-10 12:17:02,291 - INFO - Prepared datasets: 287 train & 1000 validation samples
2025-05-10 12:17:02,291 - INFO - Initializing model...
2025-05-10 12:17:02,293 - INFO - Fitting model...
2025-05-10 12:17:47,652 - INFO - Saved weights to /s/ls4/users/selibrin/spiking_researches/correlation_encoding_and_training/mnist/hpo/shifted_stdp_synapse/hpo_data/hpo_iteration_data/4339489/estimator_1_neuron_8_weights.npy
2025-05-10 12:17:47,652 - INFO - Evaluating model...
2025-05-10 12:20:04,577 - INFO - Saved validation outputs to /s/ls4/users/selibrin/spiking_researches/correlation_encoding_and_training/mnist/hpo/shifted_stdp_synapse/hpo_data/hpo_iteration_data/4339489/estimator_1_neuron_8_validation_outputs.npy
2025-05-10 12:20:04,578 - INFO - Waiting for parameters file: /s/ls4/users/selibrin/spiking_researches/correlation_encoding_and_training/mnist/hpo/shifted_stdp_synapse/hpo_data/hpo_iteration_data/4339489/params_1_8.pkl
2025-05-10 12:20:39,619 - INFO - Loaded HPO parameters
2025-05-10 12:20:39,619 - INFO - Preparing datasets...
2025-05-10 12:20:42,824 - INFO - Prepared datasets: 287 train & 1000 validation samples
2025-05-10 12:20:42,830 - INFO - Initializing model...
2025-05-10 12:20:42,832 - INFO - Fitting model...
2025-05-10 12:21:28,316 - INFO - Saved weights to /s/ls4/users/selibrin/spiking_researches/correlation_encoding_and_training/mnist/hpo/shifted_stdp_synapse/hpo_data/hpo_iteration_data/4339489/estimator_1_neuron_8_weights.npy
2025-05-10 12:21:28,317 - INFO - Evaluating model...
2025-05-10 12:23:45,499 - INFO - Saved validation outputs to /s/ls4/users/selibrin/spiking_researches/correlation_encoding_and_training/mnist/hpo/shifted_stdp_synapse/hpo_data/hpo_iteration_data/4339489/estimator_1_neuron_8_validation_outputs.npy
2025-05-10 12:23:45,500 - INFO - Waiting for parameters file: /s/ls4/users/selibrin/spiking_researches/correlation_encoding_and_training/mnist/hpo/shifted_stdp_synapse/hpo_data/hpo_iteration_data/4339489/params_1_8.pkl
2025-05-10 12:24:15,537 - INFO - Loaded HPO parameters
2025-05-10 12:24:15,537 - INFO - Preparing datasets...
2025-05-10 12:24:18,791 - INFO - Prepared datasets: 1150 train & 1000 validation samples
2025-05-10 12:24:18,792 - INFO - Initializing model...
2025-05-10 12:24:18,794 - INFO - Fitting model...
2025-05-10 12:27:18,640 - INFO - Saved weights to /s/ls4/users/selibrin/spiking_researches/correlation_encoding_and_training/mnist/hpo/shifted_stdp_synapse/hpo_data/hpo_iteration_data/4339489/estimator_1_neuron_8_weights.npy
2025-05-10 12:27:18,640 - INFO - Evaluating model...
2025-05-10 12:29:35,130 - INFO - Saved validation outputs to /s/ls4/users/selibrin/spiking_researches/correlation_encoding_and_training/mnist/hpo/shifted_stdp_synapse/hpo_data/hpo_iteration_data/4339489/estimator_1_neuron_8_validation_outputs.npy
2025-05-10 12:29:35,131 - INFO - Waiting for parameters file: /s/ls4/users/selibrin/spiking_researches/correlation_encoding_and_training/mnist/hpo/shifted_stdp_synapse/hpo_data/hpo_iteration_data/4339489/params_1_8.pkl
2025-05-10 12:29:50,151 - INFO - Loaded HPO parameters
2025-05-10 12:29:50,152 - INFO - Preparing datasets...
2025-05-10 12:29:53,502 - INFO - Prepared datasets: 575 train & 1000 validation samples
2025-05-10 12:29:53,507 - INFO - Initializing model...
2025-05-10 12:29:53,510 - INFO - Fitting model...
2025-05-10 12:31:23,630 - INFO - Saved weights to /s/ls4/users/selibrin/spiking_researches/correlation_encoding_and_training/mnist/hpo/shifted_stdp_synapse/hpo_data/hpo_iteration_data/4339489/estimator_1_neuron_8_weights.npy
2025-05-10 12:31:23,630 - INFO - Evaluating model...
2025-05-10 12:33:39,024 - INFO - Saved validation outputs to /s/ls4/users/selibrin/spiking_researches/correlation_encoding_and_training/mnist/hpo/shifted_stdp_synapse/hpo_data/hpo_iteration_data/4339489/estimator_1_neuron_8_validation_outputs.npy
2025-05-10 12:33:39,024 - INFO - Waiting for parameters file: /s/ls4/users/selibrin/spiking_researches/correlation_encoding_and_training/mnist/hpo/shifted_stdp_synapse/hpo_data/hpo_iteration_data/4339489/params_1_8.pkl
2025-05-10 12:34:29,083 - INFO - Loaded HPO parameters
2025-05-10 12:34:29,083 - INFO - Preparing datasets...
2025-05-10 12:34:32,333 - INFO - Prepared datasets: 287 train & 1000 validation samples
2025-05-10 12:34:32,333 - INFO - Initializing model...
2025-05-10 12:34:32,335 - INFO - Fitting model...
2025-05-10 12:35:25,788 - INFO - Saved weights to /s/ls4/users/selibrin/spiking_researches/correlation_encoding_and_training/mnist/hpo/shifted_stdp_synapse/hpo_data/hpo_iteration_data/4339489/estimator_1_neuron_8_weights.npy
2025-05-10 12:35:25,789 - INFO - Evaluating model...
2025-05-10 12:37:46,641 - INFO - Saved validation outputs to /s/ls4/users/selibrin/spiking_researches/correlation_encoding_and_training/mnist/hpo/shifted_stdp_synapse/hpo_data/hpo_iteration_data/4339489/estimator_1_neuron_8_validation_outputs.npy
2025-05-10 12:37:46,641 - INFO - Waiting for parameters file: /s/ls4/users/selibrin/spiking_researches/correlation_encoding_and_training/mnist/hpo/shifted_stdp_synapse/hpo_data/hpo_iteration_data/4339489/params_1_8.pkl
2025-05-10 12:38:06,669 - INFO - Loaded HPO parameters
2025-05-10 12:38:06,669 - INFO - Preparing datasets...
2025-05-10 12:38:09,969 - INFO - Prepared datasets: 287 train & 1000 validation samples
2025-05-10 12:38:09,974 - INFO - Initializing model...
2025-05-10 12:38:09,976 - INFO - Fitting model...
2025-05-10 12:38:54,412 - INFO - Saved weights to /s/ls4/users/selibrin/spiking_researches/correlation_encoding_and_training/mnist/hpo/shifted_stdp_synapse/hpo_data/hpo_iteration_data/4339489/estimator_1_neuron_8_weights.npy
2025-05-10 12:38:54,413 - INFO - Evaluating model...
2025-05-10 12:41:10,661 - INFO - Saved validation outputs to /s/ls4/users/selibrin/spiking_researches/correlation_encoding_and_training/mnist/hpo/shifted_stdp_synapse/hpo_data/hpo_iteration_data/4339489/estimator_1_neuron_8_validation_outputs.npy
2025-05-10 12:41:10,661 - INFO - Waiting for parameters file: /s/ls4/users/selibrin/spiking_researches/correlation_encoding_and_training/mnist/hpo/shifted_stdp_synapse/hpo_data/hpo_iteration_data/4339489/params_1_8.pkl
2025-05-10 12:41:40,717 - INFO - Loaded HPO parameters
2025-05-10 12:41:40,717 - INFO - Preparing datasets...
2025-05-10 12:41:43,760 - INFO - Prepared datasets: 287 train & 1000 validation samples
2025-05-10 12:41:43,760 - INFO - Initializing model...
2025-05-10 12:41:43,762 - INFO - Fitting model...
2025-05-10 12:42:29,669 - INFO - Saved weights to /s/ls4/users/selibrin/spiking_researches/correlation_encoding_and_training/mnist/hpo/shifted_stdp_synapse/hpo_data/hpo_iteration_data/4339489/estimator_1_neuron_8_weights.npy
2025-05-10 12:42:29,669 - INFO - Evaluating model...
2025-05-10 12:44:48,431 - INFO - Saved validation outputs to /s/ls4/users/selibrin/spiking_researches/correlation_encoding_and_training/mnist/hpo/shifted_stdp_synapse/hpo_data/hpo_iteration_data/4339489/estimator_1_neuron_8_validation_outputs.npy
2025-05-10 12:44:48,431 - INFO - Waiting for parameters file: /s/ls4/users/selibrin/spiking_researches/correlation_encoding_and_training/mnist/hpo/shifted_stdp_synapse/hpo_data/hpo_iteration_data/4339489/params_1_8.pkl
2025-05-10 12:45:18,467 - INFO - Loaded HPO parameters
2025-05-10 12:45:18,467 - INFO - Preparing datasets...
2025-05-10 12:45:21,712 - INFO - Prepared datasets: 287 train & 1000 validation samples
2025-05-10 12:45:21,717 - INFO - Initializing model...
2025-05-10 12:45:21,720 - INFO - Fitting model...
2025-05-10 12:46:06,919 - INFO - Saved weights to /s/ls4/users/selibrin/spiking_researches/correlation_encoding_and_training/mnist/hpo/shifted_stdp_synapse/hpo_data/hpo_iteration_data/4339489/estimator_1_neuron_8_weights.npy
2025-05-10 12:46:06,920 - INFO - Evaluating model...
2025-05-10 12:48:23,382 - INFO - Saved validation outputs to /s/ls4/users/selibrin/spiking_researches/correlation_encoding_and_training/mnist/hpo/shifted_stdp_synapse/hpo_data/hpo_iteration_data/4339489/estimator_1_neuron_8_validation_outputs.npy
2025-05-10 12:48:23,382 - INFO - Waiting for parameters file: /s/ls4/users/selibrin/spiking_researches/correlation_encoding_and_training/mnist/hpo/shifted_stdp_synapse/hpo_data/hpo_iteration_data/4339489/params_1_8.pkl
2025-05-10 12:48:53,419 - INFO - Loaded HPO parameters
2025-05-10 12:48:53,419 - INFO - Preparing datasets...
2025-05-10 12:48:56,778 - INFO - Prepared datasets: 287 train & 1000 validation samples
2025-05-10 12:48:56,778 - INFO - Initializing model...
2025-05-10 12:48:56,781 - INFO - Fitting model...
2025-05-10 12:49:57,461 - INFO - Saved weights to /s/ls4/users/selibrin/spiking_researches/correlation_encoding_and_training/mnist/hpo/shifted_stdp_synapse/hpo_data/hpo_iteration_data/4339489/estimator_1_neuron_8_weights.npy
2025-05-10 12:49:57,461 - INFO - Evaluating model...
2025-05-10 12:52:22,700 - INFO - Saved validation outputs to /s/ls4/users/selibrin/spiking_researches/correlation_encoding_and_training/mnist/hpo/shifted_stdp_synapse/hpo_data/hpo_iteration_data/4339489/estimator_1_neuron_8_validation_outputs.npy
2025-05-10 12:52:22,701 - INFO - Waiting for parameters file: /s/ls4/users/selibrin/spiking_researches/correlation_encoding_and_training/mnist/hpo/shifted_stdp_synapse/hpo_data/hpo_iteration_data/4339489/params_1_8.pkl
2025-05-10 12:53:02,747 - INFO - Loaded HPO parameters
2025-05-10 12:53:02,747 - INFO - Preparing datasets...
2025-05-10 12:53:06,036 - INFO - Prepared datasets: 1150 train & 1000 validation samples
2025-05-10 12:53:06,043 - INFO - Initializing model...
2025-05-10 12:53:06,045 - INFO - Fitting model...
2025-05-10 12:56:30,158 - INFO - Saved weights to /s/ls4/users/selibrin/spiking_researches/correlation_encoding_and_training/mnist/hpo/shifted_stdp_synapse/hpo_data/hpo_iteration_data/4339489/estimator_1_neuron_8_weights.npy
2025-05-10 12:56:30,158 - INFO - Evaluating model...
2025-05-10 12:58:52,530 - INFO - Saved validation outputs to /s/ls4/users/selibrin/spiking_researches/correlation_encoding_and_training/mnist/hpo/shifted_stdp_synapse/hpo_data/hpo_iteration_data/4339489/estimator_1_neuron_8_validation_outputs.npy
2025-05-10 12:58:52,530 - INFO - Waiting for parameters file: /s/ls4/users/selibrin/spiking_researches/correlation_encoding_and_training/mnist/hpo/shifted_stdp_synapse/hpo_data/hpo_iteration_data/4339489/params_1_8.pkl
2025-05-10 12:59:07,550 - INFO - Loaded HPO parameters
2025-05-10 12:59:07,550 - INFO - Preparing datasets...
2025-05-10 12:59:10,772 - INFO - Prepared datasets: 575 train & 1000 validation samples
2025-05-10 12:59:10,772 - INFO - Initializing model...
2025-05-10 12:59:10,774 - INFO - Fitting model...
2025-05-10 13:00:41,274 - INFO - Saved weights to /s/ls4/users/selibrin/spiking_researches/correlation_encoding_and_training/mnist/hpo/shifted_stdp_synapse/hpo_data/hpo_iteration_data/4339489/estimator_1_neuron_8_weights.npy
2025-05-10 13:00:41,275 - INFO - Evaluating model...
2025-05-10 13:02:57,896 - INFO - Saved validation outputs to /s/ls4/users/selibrin/spiking_researches/correlation_encoding_and_training/mnist/hpo/shifted_stdp_synapse/hpo_data/hpo_iteration_data/4339489/estimator_1_neuron_8_validation_outputs.npy
2025-05-10 13:02:57,896 - INFO - Waiting for parameters file: /s/ls4/users/selibrin/spiking_researches/correlation_encoding_and_training/mnist/hpo/shifted_stdp_synapse/hpo_data/hpo_iteration_data/4339489/params_1_8.pkl
2025-05-10 13:03:42,948 - INFO - Loaded HPO parameters
2025-05-10 13:03:42,949 - INFO - Preparing datasets...
2025-05-10 13:03:45,996 - INFO - Prepared datasets: 287 train & 1000 validation samples
2025-05-10 13:03:46,000 - INFO - Initializing model...
2025-05-10 13:03:46,002 - INFO - Fitting model...
2025-05-10 13:04:32,757 - INFO - Saved weights to /s/ls4/users/selibrin/spiking_researches/correlation_encoding_and_training/mnist/hpo/shifted_stdp_synapse/hpo_data/hpo_iteration_data/4339489/estimator_1_neuron_8_weights.npy
2025-05-10 13:04:32,757 - INFO - Evaluating model...
2025-05-10 13:06:50,044 - INFO - Saved validation outputs to /s/ls4/users/selibrin/spiking_researches/correlation_encoding_and_training/mnist/hpo/shifted_stdp_synapse/hpo_data/hpo_iteration_data/4339489/estimator_1_neuron_8_validation_outputs.npy
2025-05-10 13:06:50,044 - INFO - Waiting for parameters file: /s/ls4/users/selibrin/spiking_researches/correlation_encoding_and_training/mnist/hpo/shifted_stdp_synapse/hpo_data/hpo_iteration_data/4339489/params_1_8.pkl
2025-05-10 13:07:20,083 - INFO - Loaded HPO parameters
2025-05-10 13:07:20,083 - INFO - Preparing datasets...
2025-05-10 13:07:23,291 - INFO - Prepared datasets: 287 train & 1000 validation samples
2025-05-10 13:07:23,291 - INFO - Initializing model...
2025-05-10 13:07:23,293 - INFO - Fitting model...
2025-05-10 13:08:09,499 - INFO - Saved weights to /s/ls4/users/selibrin/spiking_researches/correlation_encoding_and_training/mnist/hpo/shifted_stdp_synapse/hpo_data/hpo_iteration_data/4339489/estimator_1_neuron_8_weights.npy
2025-05-10 13:08:09,499 - INFO - Evaluating model...
2025-05-10 13:10:29,871 - INFO - Saved validation outputs to /s/ls4/users/selibrin/spiking_researches/correlation_encoding_and_training/mnist/hpo/shifted_stdp_synapse/hpo_data/hpo_iteration_data/4339489/estimator_1_neuron_8_validation_outputs.npy
2025-05-10 13:10:29,871 - INFO - Waiting for parameters file: /s/ls4/users/selibrin/spiking_researches/correlation_encoding_and_training/mnist/hpo/shifted_stdp_synapse/hpo_data/hpo_iteration_data/4339489/params_1_8.pkl
2025-05-10 13:10:59,929 - INFO - Loaded HPO parameters
2025-05-10 13:10:59,929 - INFO - Preparing datasets...
2025-05-10 13:11:03,156 - INFO - Prepared datasets: 287 train & 1000 validation samples
2025-05-10 13:11:03,165 - INFO - Initializing model...
2025-05-10 13:11:03,167 - INFO - Fitting model...
2025-05-10 13:11:47,555 - INFO - Saved weights to /s/ls4/users/selibrin/spiking_researches/correlation_encoding_and_training/mnist/hpo/shifted_stdp_synapse/hpo_data/hpo_iteration_data/4339489/estimator_1_neuron_8_weights.npy
2025-05-10 13:11:47,555 - INFO - Evaluating model...
2025-05-10 13:14:01,771 - INFO - Saved validation outputs to /s/ls4/users/selibrin/spiking_researches/correlation_encoding_and_training/mnist/hpo/shifted_stdp_synapse/hpo_data/hpo_iteration_data/4339489/estimator_1_neuron_8_validation_outputs.npy
2025-05-10 13:14:01,771 - INFO - Waiting for parameters file: /s/ls4/users/selibrin/spiking_researches/correlation_encoding_and_training/mnist/hpo/shifted_stdp_synapse/hpo_data/hpo_iteration_data/4339489/params_1_8.pkl
2025-05-10 13:14:36,810 - INFO - Loaded HPO parameters
2025-05-10 13:14:36,810 - INFO - Preparing datasets...
2025-05-10 13:14:40,015 - INFO - Prepared datasets: 287 train & 1000 validation samples
2025-05-10 13:14:40,015 - INFO - Initializing model...
2025-05-10 13:14:40,017 - INFO - Fitting model...
2025-05-10 13:15:32,854 - INFO - Saved weights to /s/ls4/users/selibrin/spiking_researches/correlation_encoding_and_training/mnist/hpo/shifted_stdp_synapse/hpo_data/hpo_iteration_data/4339489/estimator_1_neuron_8_weights.npy
2025-05-10 13:15:32,855 - INFO - Evaluating model...
2025-05-10 13:17:51,111 - INFO - Saved validation outputs to /s/ls4/users/selibrin/spiking_researches/correlation_encoding_and_training/mnist/hpo/shifted_stdp_synapse/hpo_data/hpo_iteration_data/4339489/estimator_1_neuron_8_validation_outputs.npy
2025-05-10 13:17:51,112 - INFO - Waiting for parameters file: /s/ls4/users/selibrin/spiking_researches/correlation_encoding_and_training/mnist/hpo/shifted_stdp_synapse/hpo_data/hpo_iteration_data/4339489/params_1_8.pkl
2025-05-10 13:18:11,138 - INFO - Loaded HPO parameters
2025-05-10 13:18:11,138 - INFO - Preparing datasets...
2025-05-10 13:18:14,343 - INFO - Prepared datasets: 287 train & 1000 validation samples
2025-05-10 13:18:14,343 - INFO - Initializing model...
2025-05-10 13:18:14,345 - INFO - Fitting model...
2025-05-10 13:18:58,740 - INFO - Saved weights to /s/ls4/users/selibrin/spiking_researches/correlation_encoding_and_training/mnist/hpo/shifted_stdp_synapse/hpo_data/hpo_iteration_data/4339489/estimator_1_neuron_8_weights.npy
2025-05-10 13:18:58,740 - INFO - Evaluating model...
2025-05-10 13:21:13,747 - INFO - Saved validation outputs to /s/ls4/users/selibrin/spiking_researches/correlation_encoding_and_training/mnist/hpo/shifted_stdp_synapse/hpo_data/hpo_iteration_data/4339489/estimator_1_neuron_8_validation_outputs.npy
2025-05-10 13:21:13,748 - INFO - Waiting for parameters file: /s/ls4/users/selibrin/spiking_researches/correlation_encoding_and_training/mnist/hpo/shifted_stdp_synapse/hpo_data/hpo_iteration_data/4339489/params_1_8.pkl
2025-05-10 13:21:48,790 - INFO - Loaded HPO parameters
2025-05-10 13:21:48,790 - INFO - Preparing datasets...
2025-05-10 13:21:51,947 - INFO - Prepared datasets: 1150 train & 1000 validation samples
2025-05-10 13:21:51,964 - INFO - Initializing model...
2025-05-10 13:21:51,966 - INFO - Fitting model...
2025-05-10 13:24:50,876 - INFO - Saved weights to /s/ls4/users/selibrin/spiking_researches/correlation_encoding_and_training/mnist/hpo/shifted_stdp_synapse/hpo_data/hpo_iteration_data/4339489/estimator_1_neuron_8_weights.npy
2025-05-10 13:24:50,876 - INFO - Evaluating model...
2025-05-10 13:27:06,670 - INFO - Saved validation outputs to /s/ls4/users/selibrin/spiking_researches/correlation_encoding_and_training/mnist/hpo/shifted_stdp_synapse/hpo_data/hpo_iteration_data/4339489/estimator_1_neuron_8_validation_outputs.npy
2025-05-10 13:27:06,670 - INFO - Waiting for parameters file: /s/ls4/users/selibrin/spiking_researches/correlation_encoding_and_training/mnist/hpo/shifted_stdp_synapse/hpo_data/hpo_iteration_data/4339489/params_1_8.pkl
2025-05-10 13:27:26,696 - INFO - Loaded HPO parameters
2025-05-10 13:27:26,696 - INFO - Preparing datasets...
2025-05-10 13:27:29,941 - INFO - Prepared datasets: 287 train & 1000 validation samples
2025-05-10 13:27:29,942 - INFO - Initializing model...
2025-05-10 13:27:29,944 - INFO - Fitting model...
2025-05-10 13:28:15,600 - INFO - Saved weights to /s/ls4/users/selibrin/spiking_researches/correlation_encoding_and_training/mnist/hpo/shifted_stdp_synapse/hpo_data/hpo_iteration_data/4339489/estimator_1_neuron_8_weights.npy
2025-05-10 13:28:15,600 - INFO - Evaluating model...
2025-05-10 13:30:31,225 - INFO - Saved validation outputs to /s/ls4/users/selibrin/spiking_researches/correlation_encoding_and_training/mnist/hpo/shifted_stdp_synapse/hpo_data/hpo_iteration_data/4339489/estimator_1_neuron_8_validation_outputs.npy
2025-05-10 13:30:31,225 - INFO - Waiting for parameters file: /s/ls4/users/selibrin/spiking_researches/correlation_encoding_and_training/mnist/hpo/shifted_stdp_synapse/hpo_data/hpo_iteration_data/4339489/params_1_8.pkl
2025-05-10 13:31:01,262 - INFO - Loaded HPO parameters
2025-05-10 13:31:01,262 - INFO - Preparing datasets...
2025-05-10 13:31:04,588 - INFO - Prepared datasets: 575 train & 1000 validation samples
2025-05-10 13:31:04,597 - INFO - Initializing model...
2025-05-10 13:31:04,601 - INFO - Fitting model...
2025-05-10 13:33:05,609 - INFO - Saved weights to /s/ls4/users/selibrin/spiking_researches/correlation_encoding_and_training/mnist/hpo/shifted_stdp_synapse/hpo_data/hpo_iteration_data/4339489/estimator_1_neuron_8_weights.npy
2025-05-10 13:33:05,609 - INFO - Evaluating model...
2025-05-10 13:35:29,685 - INFO - Saved validation outputs to /s/ls4/users/selibrin/spiking_researches/correlation_encoding_and_training/mnist/hpo/shifted_stdp_synapse/hpo_data/hpo_iteration_data/4339489/estimator_1_neuron_8_validation_outputs.npy
2025-05-10 13:35:29,685 - INFO - Waiting for parameters file: /s/ls4/users/selibrin/spiking_researches/correlation_encoding_and_training/mnist/hpo/shifted_stdp_synapse/hpo_data/hpo_iteration_data/4339489/params_1_8.pkl
2025-05-10 13:36:09,732 - INFO - Loaded HPO parameters
2025-05-10 13:36:09,733 - INFO - Preparing datasets...
2025-05-10 13:36:13,074 - INFO - Prepared datasets: 287 train & 1000 validation samples
2025-05-10 13:36:13,082 - INFO - Initializing model...
2025-05-10 13:36:13,084 - INFO - Fitting model...
2025-05-10 13:37:00,364 - INFO - Saved weights to /s/ls4/users/selibrin/spiking_researches/correlation_encoding_and_training/mnist/hpo/shifted_stdp_synapse/hpo_data/hpo_iteration_data/4339489/estimator_1_neuron_8_weights.npy
2025-05-10 13:37:00,364 - INFO - Evaluating model...
2025-05-10 13:39:24,187 - INFO - Saved validation outputs to /s/ls4/users/selibrin/spiking_researches/correlation_encoding_and_training/mnist/hpo/shifted_stdp_synapse/hpo_data/hpo_iteration_data/4339489/estimator_1_neuron_8_validation_outputs.npy
2025-05-10 13:39:24,188 - INFO - Waiting for parameters file: /s/ls4/users/selibrin/spiking_researches/correlation_encoding_and_training/mnist/hpo/shifted_stdp_synapse/hpo_data/hpo_iteration_data/4339489/params_1_8.pkl
2025-05-10 13:39:44,263 - INFO - Loaded HPO parameters
2025-05-10 13:39:44,263 - INFO - Preparing datasets...
2025-05-10 13:39:47,728 - INFO - Prepared datasets: 287 train & 1000 validation samples
2025-05-10 13:39:47,729 - INFO - Initializing model...
2025-05-10 13:39:47,731 - INFO - Fitting model...
2025-05-10 13:40:37,968 - INFO - Saved weights to /s/ls4/users/selibrin/spiking_researches/correlation_encoding_and_training/mnist/hpo/shifted_stdp_synapse/hpo_data/hpo_iteration_data/4339489/estimator_1_neuron_8_weights.npy
2025-05-10 13:40:37,968 - INFO - Evaluating model...
2025-05-10 13:42:57,932 - INFO - Saved validation outputs to /s/ls4/users/selibrin/spiking_researches/correlation_encoding_and_training/mnist/hpo/shifted_stdp_synapse/hpo_data/hpo_iteration_data/4339489/estimator_1_neuron_8_validation_outputs.npy
2025-05-10 13:42:57,932 - INFO - Waiting for parameters file: /s/ls4/users/selibrin/spiking_researches/correlation_encoding_and_training/mnist/hpo/shifted_stdp_synapse/hpo_data/hpo_iteration_data/4339489/params_1_8.pkl
2025-05-10 13:43:22,982 - INFO - Loaded HPO parameters
2025-05-10 13:43:22,982 - INFO - Preparing datasets...
2025-05-10 13:43:26,135 - INFO - Prepared datasets: 287 train & 1000 validation samples
2025-05-10 13:43:26,144 - INFO - Initializing model...
2025-05-10 13:43:26,146 - INFO - Fitting model...
2025-05-10 13:44:13,263 - INFO - Saved weights to /s/ls4/users/selibrin/spiking_researches/correlation_encoding_and_training/mnist/hpo/shifted_stdp_synapse/hpo_data/hpo_iteration_data/4339489/estimator_1_neuron_8_weights.npy
2025-05-10 13:44:13,263 - INFO - Evaluating model...
2025-05-10 13:46:36,568 - INFO - Saved validation outputs to /s/ls4/users/selibrin/spiking_researches/correlation_encoding_and_training/mnist/hpo/shifted_stdp_synapse/hpo_data/hpo_iteration_data/4339489/estimator_1_neuron_8_validation_outputs.npy
2025-05-10 13:46:36,569 - INFO - Waiting for parameters file: /s/ls4/users/selibrin/spiking_researches/correlation_encoding_and_training/mnist/hpo/shifted_stdp_synapse/hpo_data/hpo_iteration_data/4339489/params_1_8.pkl
2025-05-10 13:46:56,595 - INFO - Loaded HPO parameters
2025-05-10 13:46:56,597 - INFO - Preparing datasets...
2025-05-10 13:47:00,013 - INFO - Prepared datasets: 287 train & 1000 validation samples
2025-05-10 13:47:00,014 - INFO - Initializing model...
2025-05-10 13:47:00,017 - INFO - Fitting model...
2025-05-10 13:47:46,929 - INFO - Saved weights to /s/ls4/users/selibrin/spiking_researches/correlation_encoding_and_training/mnist/hpo/shifted_stdp_synapse/hpo_data/hpo_iteration_data/4339489/estimator_1_neuron_8_weights.npy
2025-05-10 13:47:46,929 - INFO - Evaluating model...
2025-05-10 13:50:04,233 - INFO - Saved validation outputs to /s/ls4/users/selibrin/spiking_researches/correlation_encoding_and_training/mnist/hpo/shifted_stdp_synapse/hpo_data/hpo_iteration_data/4339489/estimator_1_neuron_8_validation_outputs.npy
2025-05-10 13:50:04,234 - INFO - Waiting for parameters file: /s/ls4/users/selibrin/spiking_researches/correlation_encoding_and_training/mnist/hpo/shifted_stdp_synapse/hpo_data/hpo_iteration_data/4339489/params_1_8.pkl
2025-05-10 13:50:34,270 - INFO - Loaded HPO parameters
2025-05-10 13:50:34,270 - INFO - Preparing datasets...
2025-05-10 13:50:37,480 - INFO - Prepared datasets: 1150 train & 1000 validation samples
2025-05-10 13:50:37,489 - INFO - Initializing model...
2025-05-10 13:50:37,491 - INFO - Fitting model...
2025-05-10 13:53:45,272 - INFO - Saved weights to /s/ls4/users/selibrin/spiking_researches/correlation_encoding_and_training/mnist/hpo/shifted_stdp_synapse/hpo_data/hpo_iteration_data/4339489/estimator_1_neuron_8_weights.npy
2025-05-10 13:53:45,272 - INFO - Evaluating model...
2025-05-10 13:56:08,162 - INFO - Saved validation outputs to /s/ls4/users/selibrin/spiking_researches/correlation_encoding_and_training/mnist/hpo/shifted_stdp_synapse/hpo_data/hpo_iteration_data/4339489/estimator_1_neuron_8_validation_outputs.npy
2025-05-10 13:56:08,163 - INFO - Waiting for parameters file: /s/ls4/users/selibrin/spiking_researches/correlation_encoding_and_training/mnist/hpo/shifted_stdp_synapse/hpo_data/hpo_iteration_data/4339489/params_1_8.pkl
2025-05-10 13:56:38,198 - INFO - Loaded HPO parameters
2025-05-10 13:56:38,198 - INFO - Preparing datasets...
2025-05-10 13:56:41,677 - INFO - Prepared datasets: 287 train & 1000 validation samples
2025-05-10 13:56:41,677 - INFO - Initializing model...
2025-05-10 13:56:41,680 - INFO - Fitting model...
2025-05-10 13:57:27,307 - INFO - Saved weights to /s/ls4/users/selibrin/spiking_researches/correlation_encoding_and_training/mnist/hpo/shifted_stdp_synapse/hpo_data/hpo_iteration_data/4339489/estimator_1_neuron_8_weights.npy
2025-05-10 13:57:27,307 - INFO - Evaluating model...
2025-05-10 13:59:45,076 - INFO - Saved validation outputs to /s/ls4/users/selibrin/spiking_researches/correlation_encoding_and_training/mnist/hpo/shifted_stdp_synapse/hpo_data/hpo_iteration_data/4339489/estimator_1_neuron_8_validation_outputs.npy
2025-05-10 13:59:45,077 - INFO - Waiting for parameters file: /s/ls4/users/selibrin/spiking_researches/correlation_encoding_and_training/mnist/hpo/shifted_stdp_synapse/hpo_data/hpo_iteration_data/4339489/params_1_8.pkl
2025-05-10 14:00:15,114 - INFO - Loaded HPO parameters
2025-05-10 14:00:15,114 - INFO - Preparing datasets...
2025-05-10 14:00:18,528 - INFO - Prepared datasets: 575 train & 1000 validation samples
2025-05-10 14:00:18,528 - INFO - Initializing model...
2025-05-10 14:00:18,531 - INFO - Fitting model...
2025-05-10 14:01:47,968 - INFO - Saved weights to /s/ls4/users/selibrin/spiking_researches/correlation_encoding_and_training/mnist/hpo/shifted_stdp_synapse/hpo_data/hpo_iteration_data/4339489/estimator_1_neuron_8_weights.npy
2025-05-10 14:01:47,968 - INFO - Evaluating model...
2025-05-10 14:04:04,372 - INFO - Saved validation outputs to /s/ls4/users/selibrin/spiking_researches/correlation_encoding_and_training/mnist/hpo/shifted_stdp_synapse/hpo_data/hpo_iteration_data/4339489/estimator_1_neuron_8_validation_outputs.npy
2025-05-10 14:04:04,372 - INFO - Waiting for parameters file: /s/ls4/users/selibrin/spiking_researches/correlation_encoding_and_training/mnist/hpo/shifted_stdp_synapse/hpo_data/hpo_iteration_data/4339489/params_1_8.pkl
2025-05-10 14:04:54,582 - INFO - Loaded HPO parameters
2025-05-10 14:04:54,583 - INFO - Preparing datasets...
2025-05-10 14:04:57,730 - INFO - Prepared datasets: 287 train & 1000 validation samples
2025-05-10 14:04:57,731 - INFO - Initializing model...
2025-05-10 14:04:57,733 - INFO - Fitting model...
2025-05-10 14:05:51,341 - INFO - Saved weights to /s/ls4/users/selibrin/spiking_researches/correlation_encoding_and_training/mnist/hpo/shifted_stdp_synapse/hpo_data/hpo_iteration_data/4339489/estimator_1_neuron_8_weights.npy
2025-05-10 14:05:51,341 - INFO - Evaluating model...
2025-05-10 14:08:10,735 - INFO - Saved validation outputs to /s/ls4/users/selibrin/spiking_researches/correlation_encoding_and_training/mnist/hpo/shifted_stdp_synapse/hpo_data/hpo_iteration_data/4339489/estimator_1_neuron_8_validation_outputs.npy
2025-05-10 14:08:10,735 - INFO - Waiting for parameters file: /s/ls4/users/selibrin/spiking_researches/correlation_encoding_and_training/mnist/hpo/shifted_stdp_synapse/hpo_data/hpo_iteration_data/4339489/params_1_8.pkl
2025-05-10 14:08:30,761 - INFO - Loaded HPO parameters
2025-05-10 14:08:30,761 - INFO - Preparing datasets...
2025-05-10 14:08:33,983 - INFO - Prepared datasets: 287 train & 1000 validation samples
2025-05-10 14:08:33,989 - INFO - Initializing model...
2025-05-10 14:08:33,991 - INFO - Fitting model...
2025-05-10 14:09:19,519 - INFO - Saved weights to /s/ls4/users/selibrin/spiking_researches/correlation_encoding_and_training/mnist/hpo/shifted_stdp_synapse/hpo_data/hpo_iteration_data/4339489/estimator_1_neuron_8_weights.npy
2025-05-10 14:09:19,519 - INFO - Evaluating model...
2025-05-10 14:11:35,680 - INFO - Saved validation outputs to /s/ls4/users/selibrin/spiking_researches/correlation_encoding_and_training/mnist/hpo/shifted_stdp_synapse/hpo_data/hpo_iteration_data/4339489/estimator_1_neuron_8_validation_outputs.npy
2025-05-10 14:11:35,680 - INFO - Waiting for parameters file: /s/ls4/users/selibrin/spiking_researches/correlation_encoding_and_training/mnist/hpo/shifted_stdp_synapse/hpo_data/hpo_iteration_data/4339489/params_1_8.pkl
2025-05-10 14:12:05,717 - INFO - Loaded HPO parameters
2025-05-10 14:12:05,717 - INFO - Preparing datasets...
2025-05-10 14:12:09,069 - INFO - Prepared datasets: 287 train & 1000 validation samples
2025-05-10 14:12:09,080 - INFO - Initializing model...
2025-05-10 14:12:09,084 - INFO - Fitting model...
2025-05-10 14:13:08,988 - INFO - Saved weights to /s/ls4/users/selibrin/spiking_researches/correlation_encoding_and_training/mnist/hpo/shifted_stdp_synapse/hpo_data/hpo_iteration_data/4339489/estimator_1_neuron_8_weights.npy
2025-05-10 14:13:08,988 - INFO - Evaluating model...
2025-05-10 14:15:31,953 - INFO - Saved validation outputs to /s/ls4/users/selibrin/spiking_researches/correlation_encoding_and_training/mnist/hpo/shifted_stdp_synapse/hpo_data/hpo_iteration_data/4339489/estimator_1_neuron_8_validation_outputs.npy
2025-05-10 14:15:31,953 - INFO - Waiting for parameters file: /s/ls4/users/selibrin/spiking_researches/correlation_encoding_and_training/mnist/hpo/shifted_stdp_synapse/hpo_data/hpo_iteration_data/4339489/params_1_8.pkl
2025-05-10 14:16:12,021 - INFO - Loaded HPO parameters
2025-05-10 14:16:12,021 - INFO - Preparing datasets...
2025-05-10 14:16:15,461 - INFO - Prepared datasets: 287 train & 1000 validation samples
2025-05-10 14:16:15,470 - INFO - Initializing model...
2025-05-10 14:16:15,472 - INFO - Fitting model...
2025-05-10 14:17:02,905 - INFO - Saved weights to /s/ls4/users/selibrin/spiking_researches/correlation_encoding_and_training/mnist/hpo/shifted_stdp_synapse/hpo_data/hpo_iteration_data/4339489/estimator_1_neuron_8_weights.npy
2025-05-10 14:17:02,905 - INFO - Evaluating model...
2025-05-10 14:19:24,362 - INFO - Saved validation outputs to /s/ls4/users/selibrin/spiking_researches/correlation_encoding_and_training/mnist/hpo/shifted_stdp_synapse/hpo_data/hpo_iteration_data/4339489/estimator_1_neuron_8_validation_outputs.npy
2025-05-10 14:19:24,362 - INFO - Waiting for parameters file: /s/ls4/users/selibrin/spiking_researches/correlation_encoding_and_training/mnist/hpo/shifted_stdp_synapse/hpo_data/hpo_iteration_data/4339489/params_1_8.pkl
2025-05-10 14:19:49,391 - INFO - Loaded HPO parameters
2025-05-10 14:19:49,391 - INFO - Preparing datasets...
2025-05-10 14:19:52,610 - INFO - Prepared datasets: 1150 train & 1000 validation samples
2025-05-10 14:19:52,611 - INFO - Initializing model...
2025-05-10 14:19:52,612 - INFO - Fitting model...
2025-05-10 14:22:50,719 - INFO - Saved weights to /s/ls4/users/selibrin/spiking_researches/correlation_encoding_and_training/mnist/hpo/shifted_stdp_synapse/hpo_data/hpo_iteration_data/4339489/estimator_1_neuron_8_weights.npy
2025-05-10 14:22:50,719 - INFO - Evaluating model...
2025-05-10 14:25:04,829 - INFO - Saved validation outputs to /s/ls4/users/selibrin/spiking_researches/correlation_encoding_and_training/mnist/hpo/shifted_stdp_synapse/hpo_data/hpo_iteration_data/4339489/estimator_1_neuron_8_validation_outputs.npy
2025-05-10 14:25:04,829 - INFO - Waiting for parameters file: /s/ls4/users/selibrin/spiking_researches/correlation_encoding_and_training/mnist/hpo/shifted_stdp_synapse/hpo_data/hpo_iteration_data/4339489/params_1_8.pkl
2025-05-10 14:25:24,854 - INFO - Loaded HPO parameters
2025-05-10 14:25:24,854 - INFO - Preparing datasets...
2025-05-10 14:25:28,230 - INFO - Prepared datasets: 287 train & 1000 validation samples
2025-05-10 14:25:28,241 - INFO - Initializing model...
2025-05-10 14:25:28,244 - INFO - Fitting model...
2025-05-10 14:26:20,936 - INFO - Saved weights to /s/ls4/users/selibrin/spiking_researches/correlation_encoding_and_training/mnist/hpo/shifted_stdp_synapse/hpo_data/hpo_iteration_data/4339489/estimator_1_neuron_8_weights.npy
2025-05-10 14:26:20,937 - INFO - Evaluating model...
2025-05-10 14:28:46,276 - INFO - Saved validation outputs to /s/ls4/users/selibrin/spiking_researches/correlation_encoding_and_training/mnist/hpo/shifted_stdp_synapse/hpo_data/hpo_iteration_data/4339489/estimator_1_neuron_8_validation_outputs.npy
2025-05-10 14:28:46,276 - INFO - Waiting for parameters file: /s/ls4/users/selibrin/spiking_researches/correlation_encoding_and_training/mnist/hpo/shifted_stdp_synapse/hpo_data/hpo_iteration_data/4339489/params_1_8.pkl
2025-05-10 14:29:01,296 - INFO - Loaded HPO parameters
2025-05-10 14:29:01,296 - INFO - Preparing datasets...
2025-05-10 14:29:04,601 - INFO - Prepared datasets: 575 train & 1000 validation samples
2025-05-10 14:29:04,602 - INFO - Initializing model...
2025-05-10 14:29:04,604 - INFO - Fitting model...
2025-05-10 14:30:33,905 - INFO - Saved weights to /s/ls4/users/selibrin/spiking_researches/correlation_encoding_and_training/mnist/hpo/shifted_stdp_synapse/hpo_data/hpo_iteration_data/4339489/estimator_1_neuron_8_weights.npy
2025-05-10 14:30:33,905 - INFO - Evaluating model...
2025-05-10 14:32:51,422 - INFO - Saved validation outputs to /s/ls4/users/selibrin/spiking_researches/correlation_encoding_and_training/mnist/hpo/shifted_stdp_synapse/hpo_data/hpo_iteration_data/4339489/estimator_1_neuron_8_validation_outputs.npy
2025-05-10 14:32:51,422 - INFO - Waiting for parameters file: /s/ls4/users/selibrin/spiking_researches/correlation_encoding_and_training/mnist/hpo/shifted_stdp_synapse/hpo_data/hpo_iteration_data/4339489/params_1_8.pkl
2025-05-10 14:33:06,442 - INFO - Loaded HPO parameters
2025-05-10 14:33:06,443 - INFO - Preparing datasets...
2025-05-10 14:33:09,850 - INFO - Prepared datasets: 287 train & 1000 validation samples
2025-05-10 14:33:09,850 - INFO - Initializing model...
2025-05-10 14:33:09,853 - INFO - Fitting model...
2025-05-10 14:33:55,345 - INFO - Saved weights to /s/ls4/users/selibrin/spiking_researches/correlation_encoding_and_training/mnist/hpo/shifted_stdp_synapse/hpo_data/hpo_iteration_data/4339489/estimator_1_neuron_8_weights.npy
2025-05-10 14:33:55,345 - INFO - Evaluating model...
2025-05-10 14:36:11,416 - INFO - Saved validation outputs to /s/ls4/users/selibrin/spiking_researches/correlation_encoding_and_training/mnist/hpo/shifted_stdp_synapse/hpo_data/hpo_iteration_data/4339489/estimator_1_neuron_8_validation_outputs.npy
2025-05-10 14:36:11,416 - INFO - Waiting for parameters file: /s/ls4/users/selibrin/spiking_researches/correlation_encoding_and_training/mnist/hpo/shifted_stdp_synapse/hpo_data/hpo_iteration_data/4339489/params_1_8.pkl
2025-05-10 14:36:41,452 - INFO - Loaded HPO parameters
2025-05-10 14:36:41,452 - INFO - Preparing datasets...
2025-05-10 14:36:45,238 - INFO - Prepared datasets: 287 train & 1000 validation samples
2025-05-10 14:36:45,239 - INFO - Initializing model...
2025-05-10 14:36:45,242 - INFO - Fitting model...
2025-05-10 14:37:32,933 - INFO - Saved weights to /s/ls4/users/selibrin/spiking_researches/correlation_encoding_and_training/mnist/hpo/shifted_stdp_synapse/hpo_data/hpo_iteration_data/4339489/estimator_1_neuron_8_weights.npy
2025-05-10 14:37:32,934 - INFO - Evaluating model...
2025-05-10 14:39:50,904 - INFO - Saved validation outputs to /s/ls4/users/selibrin/spiking_researches/correlation_encoding_and_training/mnist/hpo/shifted_stdp_synapse/hpo_data/hpo_iteration_data/4339489/estimator_1_neuron_8_validation_outputs.npy
2025-05-10 14:39:50,905 - INFO - Waiting for parameters file: /s/ls4/users/selibrin/spiking_researches/correlation_encoding_and_training/mnist/hpo/shifted_stdp_synapse/hpo_data/hpo_iteration_data/4339489/params_1_8.pkl
2025-05-10 14:40:20,941 - INFO - Loaded HPO parameters
2025-05-10 14:40:20,941 - INFO - Preparing datasets...
2025-05-10 14:40:24,075 - INFO - Prepared datasets: 287 train & 1000 validation samples
2025-05-10 14:40:24,094 - INFO - Initializing model...
2025-05-10 14:40:24,096 - INFO - Fitting model...
2025-05-10 14:41:08,798 - INFO - Saved weights to /s/ls4/users/selibrin/spiking_researches/correlation_encoding_and_training/mnist/hpo/shifted_stdp_synapse/hpo_data/hpo_iteration_data/4339489/estimator_1_neuron_8_weights.npy
2025-05-10 14:41:08,798 - INFO - Evaluating model...
2025-05-10 14:43:24,908 - INFO - Saved validation outputs to /s/ls4/users/selibrin/spiking_researches/correlation_encoding_and_training/mnist/hpo/shifted_stdp_synapse/hpo_data/hpo_iteration_data/4339489/estimator_1_neuron_8_validation_outputs.npy
2025-05-10 14:43:24,909 - INFO - Waiting for parameters file: /s/ls4/users/selibrin/spiking_researches/correlation_encoding_and_training/mnist/hpo/shifted_stdp_synapse/hpo_data/hpo_iteration_data/4339489/params_1_8.pkl
2025-05-10 14:43:54,944 - INFO - Loaded HPO parameters
2025-05-10 14:43:54,944 - INFO - Preparing datasets...
2025-05-10 14:43:58,157 - INFO - Prepared datasets: 287 train & 1000 validation samples
2025-05-10 14:43:58,157 - INFO - Initializing model...
2025-05-10 14:43:58,159 - INFO - Fitting model...
2025-05-10 14:44:42,723 - INFO - Saved weights to /s/ls4/users/selibrin/spiking_researches/correlation_encoding_and_training/mnist/hpo/shifted_stdp_synapse/hpo_data/hpo_iteration_data/4339489/estimator_1_neuron_8_weights.npy
2025-05-10 14:44:42,723 - INFO - Evaluating model...
2025-05-10 14:46:57,508 - INFO - Saved validation outputs to /s/ls4/users/selibrin/spiking_researches/correlation_encoding_and_training/mnist/hpo/shifted_stdp_synapse/hpo_data/hpo_iteration_data/4339489/estimator_1_neuron_8_validation_outputs.npy
2025-05-10 14:46:57,509 - INFO - Waiting for parameters file: /s/ls4/users/selibrin/spiking_researches/correlation_encoding_and_training/mnist/hpo/shifted_stdp_synapse/hpo_data/hpo_iteration_data/4339489/params_1_8.pkl
2025-05-10 14:47:32,550 - INFO - Loaded HPO parameters
2025-05-10 14:47:32,550 - INFO - Preparing datasets...
2025-05-10 14:47:35,792 - INFO - Prepared datasets: 1150 train & 1000 validation samples
2025-05-10 14:47:35,802 - INFO - Initializing model...
2025-05-10 14:47:35,804 - INFO - Fitting model...
2025-05-10 14:51:07,886 - INFO - Saved weights to /s/ls4/users/selibrin/spiking_researches/correlation_encoding_and_training/mnist/hpo/shifted_stdp_synapse/hpo_data/hpo_iteration_data/4339489/estimator_1_neuron_8_weights.npy
2025-05-10 14:51:07,886 - INFO - Evaluating model...
2025-05-10 14:53:24,947 - INFO - Saved validation outputs to /s/ls4/users/selibrin/spiking_researches/correlation_encoding_and_training/mnist/hpo/shifted_stdp_synapse/hpo_data/hpo_iteration_data/4339489/estimator_1_neuron_8_validation_outputs.npy
2025-05-10 14:53:24,947 - INFO - Waiting for parameters file: /s/ls4/users/selibrin/spiking_researches/correlation_encoding_and_training/mnist/hpo/shifted_stdp_synapse/hpo_data/hpo_iteration_data/4339489/params_1_8.pkl
2025-05-10 14:54:09,999 - INFO - Loaded HPO parameters
2025-05-10 14:54:09,999 - INFO - Preparing datasets...
2025-05-10 14:54:13,280 - INFO - Prepared datasets: 287 train & 1000 validation samples
2025-05-10 14:54:13,280 - INFO - Initializing model...
2025-05-10 14:54:13,282 - INFO - Fitting model...
2025-05-10 14:54:57,856 - INFO - Saved weights to /s/ls4/users/selibrin/spiking_researches/correlation_encoding_and_training/mnist/hpo/shifted_stdp_synapse/hpo_data/hpo_iteration_data/4339489/estimator_1_neuron_8_weights.npy
2025-05-10 14:54:57,857 - INFO - Evaluating model...
2025-05-10 14:57:14,597 - INFO - Saved validation outputs to /s/ls4/users/selibrin/spiking_researches/correlation_encoding_and_training/mnist/hpo/shifted_stdp_synapse/hpo_data/hpo_iteration_data/4339489/estimator_1_neuron_8_validation_outputs.npy
2025-05-10 14:57:14,597 - INFO - Waiting for parameters file: /s/ls4/users/selibrin/spiking_researches/correlation_encoding_and_training/mnist/hpo/shifted_stdp_synapse/hpo_data/hpo_iteration_data/4339489/params_1_8.pkl
2025-05-10 14:57:44,634 - INFO - Loaded HPO parameters
2025-05-10 14:57:44,634 - INFO - Preparing datasets...
2025-05-10 14:57:48,016 - INFO - Prepared datasets: 575 train & 1000 validation samples
2025-05-10 14:57:48,023 - INFO - Initializing model...
2025-05-10 14:57:48,025 - INFO - Fitting model...
2025-05-10 14:59:19,410 - INFO - Saved weights to /s/ls4/users/selibrin/spiking_researches/correlation_encoding_and_training/mnist/hpo/shifted_stdp_synapse/hpo_data/hpo_iteration_data/4339489/estimator_1_neuron_8_weights.npy
2025-05-10 14:59:19,411 - INFO - Evaluating model...
2025-05-10 15:01:38,201 - INFO - Saved validation outputs to /s/ls4/users/selibrin/spiking_researches/correlation_encoding_and_training/mnist/hpo/shifted_stdp_synapse/hpo_data/hpo_iteration_data/4339489/estimator_1_neuron_8_validation_outputs.npy
2025-05-10 15:01:38,201 - INFO - Waiting for parameters file: /s/ls4/users/selibrin/spiking_researches/correlation_encoding_and_training/mnist/hpo/shifted_stdp_synapse/hpo_data/hpo_iteration_data/4339489/params_1_8.pkl
2025-05-10 15:01:53,219 - INFO - Loaded HPO parameters
2025-05-10 15:01:53,219 - INFO - Preparing datasets...
2025-05-10 15:01:56,828 - INFO - Prepared datasets: 287 train & 1000 validation samples
2025-05-10 15:01:56,837 - INFO - Initializing model...
2025-05-10 15:01:56,840 - INFO - Fitting model...
2025-05-10 15:02:44,485 - INFO - Saved weights to /s/ls4/users/selibrin/spiking_researches/correlation_encoding_and_training/mnist/hpo/shifted_stdp_synapse/hpo_data/hpo_iteration_data/4339489/estimator_1_neuron_8_weights.npy
2025-05-10 15:02:44,485 - INFO - Evaluating model...
2025-05-10 15:05:07,464 - INFO - Saved validation outputs to /s/ls4/users/selibrin/spiking_researches/correlation_encoding_and_training/mnist/hpo/shifted_stdp_synapse/hpo_data/hpo_iteration_data/4339489/estimator_1_neuron_8_validation_outputs.npy
2025-05-10 15:05:07,464 - INFO - Waiting for parameters file: /s/ls4/users/selibrin/spiking_researches/correlation_encoding_and_training/mnist/hpo/shifted_stdp_synapse/hpo_data/hpo_iteration_data/4339489/params_1_8.pkl
2025-05-10 15:05:27,491 - INFO - Loaded HPO parameters
2025-05-10 15:05:27,491 - INFO - Preparing datasets...
2025-05-10 15:05:30,810 - INFO - Prepared datasets: 287 train & 1000 validation samples
2025-05-10 15:05:30,810 - INFO - Initializing model...
2025-05-10 15:05:30,813 - INFO - Fitting model...
2025-05-10 15:06:30,779 - INFO - Saved weights to /s/ls4/users/selibrin/spiking_researches/correlation_encoding_and_training/mnist/hpo/shifted_stdp_synapse/hpo_data/hpo_iteration_data/4339489/estimator_1_neuron_8_weights.npy
2025-05-10 15:06:30,779 - INFO - Evaluating model...
2025-05-10 15:08:53,230 - INFO - Saved validation outputs to /s/ls4/users/selibrin/spiking_researches/correlation_encoding_and_training/mnist/hpo/shifted_stdp_synapse/hpo_data/hpo_iteration_data/4339489/estimator_1_neuron_8_validation_outputs.npy
2025-05-10 15:08:53,231 - INFO - Waiting for parameters file: /s/ls4/users/selibrin/spiking_researches/correlation_encoding_and_training/mnist/hpo/shifted_stdp_synapse/hpo_data/hpo_iteration_data/4339489/params_1_8.pkl
2025-05-10 15:09:33,297 - INFO - Loaded HPO parameters
2025-05-10 15:09:33,298 - INFO - Preparing datasets...
2025-05-10 15:09:36,618 - INFO - Prepared datasets: 287 train & 1000 validation samples
2025-05-10 15:09:36,618 - INFO - Initializing model...
2025-05-10 15:09:36,621 - INFO - Fitting model...
2025-05-10 15:10:21,633 - INFO - Saved weights to /s/ls4/users/selibrin/spiking_researches/correlation_encoding_and_training/mnist/hpo/shifted_stdp_synapse/hpo_data/hpo_iteration_data/4339489/estimator_1_neuron_8_weights.npy
2025-05-10 15:10:21,634 - INFO - Evaluating model...
2025-05-10 15:12:36,320 - INFO - Saved validation outputs to /s/ls4/users/selibrin/spiking_researches/correlation_encoding_and_training/mnist/hpo/shifted_stdp_synapse/hpo_data/hpo_iteration_data/4339489/estimator_1_neuron_8_validation_outputs.npy
2025-05-10 15:12:36,320 - INFO - Waiting for parameters file: /s/ls4/users/selibrin/spiking_researches/correlation_encoding_and_training/mnist/hpo/shifted_stdp_synapse/hpo_data/hpo_iteration_data/4339489/params_1_8.pkl
2025-05-10 15:13:11,361 - INFO - Loaded HPO parameters
2025-05-10 15:13:11,361 - INFO - Preparing datasets...
2025-05-10 15:13:14,475 - INFO - Prepared datasets: 287 train & 1000 validation samples
2025-05-10 15:13:14,475 - INFO - Initializing model...
2025-05-10 15:13:14,478 - INFO - Fitting model...
